# Dual color encoding: per-vertex RGB for Rerun, face MTL colors for legacy RViz.
mtllib sim_gene01_l_foot.mtl
# Rhino

g sim_gene01_l_foot
v -76.315475463867188 20.234504699707031 -12.211709022521973 0.0980392157 0.0980392157 0.0980392157
v -75.631095886230469 -20.042884826660156 -12.42616081237793 0.0980392157 0.0980392157 0.0980392157
v -62.35333251953125 -41.431934356689453 -11.885173797607422 0.0980392157 0.0980392157 0.0980392157
v -11.96992015838623 -43.632480621337891 -11.975616455078125 0.0980392157 0.0980392157 0.0980392157
v 32.940181732177734 -39.311534881591797 -14.658365249633789 0.0980392157 0.0980392157 0.0980392157
v 48.390750885009766 -20.260356903076172 -12.208818435668945 0.0980392157 0.0980392157 0.0980392157
v -10.589973449707031 43.421730041503906 -12.151643753051758 0.0980392157 0.0980392157 0.0980392157
v 56.03656005859375 32.231460571289062 -14.851317405700684 0.0980392157 0.0980392157 0.0980392157
v 33.184528350830078 39.503021240234375 -14.692948341369629 0.0980392157 0.0980392157 0.0980392157
v 111.11382293701172 -12.125958442687988 -12.976249694824219 0.0980392157 0.0980392157 0.0980392157
v 45.376937866210938 -4.1027359962463379 -10.8319091796875 0.0980392157 0.0980392157 0.0980392157
v 111.50172424316406 22.057458877563477 -14.913704872131348 0.0980392157 0.0980392157 0.0980392157
v 37.184352874755859 20.171178817749023 -11.767571449279785 0.0980392157 0.0980392157 0.0980392157
v 5.5848374366760254 13.380947113037109 -10.388893127441406 0.0980392157 0.0980392157 0.0980392157
v 65.785469055175781 -52.246089935302734 -21.548709869384766 0.0980392157 0.0980392157 0.0980392157
v 104.0672607421875 -51.619915008544922 -23.757280349731445 0.0980392157 0.0980392157 0.0980392157
v 77.109855651855469 -32.421539306640625 -16.254133224487305 0.0980392157 0.0980392157 0.0980392157
v 68.943466186523438 52.925880432128906 -22.178268432617188 0.0980392157 0.0980392157 0.0980392157
v 121.23658752441406 -27.573930740356445 -16.57905387878418 0.0980392157 0.0980392157 0.0980392157
v 176.72195434570312 -27.594783782958984 -16.208442687988281 0.0980392157 0.0980392157 0.0980392157
v 183.72882080078125 8.693058967590332 -12.803238868713379 0.0980392157 0.0980392157 0.0980392157
v 177.42092895507812 25.865755081176758 -15.81364631652832 0.0980392157 0.0980392157 0.0980392157
v 151.6878662109375 45.375038146972656 -22.532262802124023 0.0980392157 0.0980392157 0.0980392157
v 117.3963623046875 2.9160141944885254 -12.326842308044434 0.0980392157 0.0980392157 0.0980392157
v 183.21302795410156 -10.788507461547852 -13.119950294494629 0.0980392157 0.0980392157 0.0980392157
v -17.345512390136719 -19.784225463867188 -10.695694923400879 0.0980392157 0.0980392157 0.0980392157
v 149.13755798339844 -45.893810272216797 -22.660144805908203 0.0980392157 0.0980392157 0.0980392157
v 109.40338134765625 50.794307708740234 -23.629795074462891 0.0980392157 0.0980392157 0.0980392157
v 111.2049560546875 12.950547218322754 -13.191654205322266 0.0980392157 0.0980392157 0.0980392157
v -60.547664642333984 42.060028076171875 -11.77245044708252 0.0980392157 0.0980392157 0.0980392157
v 51.001720428466797 48.102809906005859 -12.521971702575684 0.0980392157 0.0980392157 0.0980392157
v 61.971820831298828 50.605930328369141 -21.067958831787109 0.0980392157 0.0980392157 0.0980392157
v 39.856559753417969 42.155185699462891 -15.025223731994629 0.0980392157 0.0980392157 0.0980392157
v 6.610809326171875 42.991786956787109 -11.877820014953613 0.0980392157 0.0980392157 0.0980392157
v 15.108538627624512 46.762657165527344 -7.5039339065551758 0.0980392157 0.0980392157 0.0980392157
v 27.379323959350586 40.797298431396484 -13.025664329528809 0.0980392157 0.0980392157 0.0980392157
v 171.12437438964844 31.607450485229492 -11.321367263793945 0.0980392157 0.0980392157 0.0980392157
v 170.29653930664062 32.870590209960938 -13.923981666564941 0.0980392157 0.0980392157 0.0980392157
v 178.2569580078125 22.417680740356445 -9.4662294387817383 0.0980392157 0.0980392157 0.0980392157
v 166.86921691894531 28.816612243652344 -16.074398040771484 0.0980392157 0.0980392157 0.0980392157
v 164.23509216308594 28.758743286132812 -17.577655792236328 0.0980392157 0.0980392157 0.0980392157
v 160.72792053222656 23.458337783813477 -19.701053619384766 0.0980392157 0.0980392157 0.0980392157
v 156.50679016113281 40.827129364013672 -21.827695846557617 0.0980392157 0.0980392157 0.0980392157
v 178.2569580078125 22.417680740356445 -9.4662294387817383 0.0980392157 0.0980392157 0.0980392157
v 170.29653930664062 32.870590209960938 -13.923981666564941 0.0980392157 0.0980392157 0.0980392157
v 178.2569580078125 22.417680740356445 -9.4662294387817383 0.0980392157 0.0980392157 0.0980392157
v 178.29495239257812 -22.367603302001953 -9.4372930526733398 0.0980392157 0.0980392157 0.0980392157
v 176.61123657226562 22.999387741088867 -6.4173660278320312 0.0980392157 0.0980392157 0.0980392157
v 173.56179809570312 30.8934326171875 -5.4182806015014648 0.0980392157 0.0980392157 0.0980392157
v 162.70623779296875 38.722282409667969 -9.8311185836791992 0.0980392157 0.0980392157 0.0980392157
v 171.12437438964844 31.607450485229492 -11.321367263793945 0.0980392157 0.0980392157 0.0980392157
v 178.2569580078125 22.417680740356445 -9.4662294387817383 0.0980392157 0.0980392157 0.0980392157
v 162.3558349609375 38.329292297363281 -17.554553985595703 0.0980392157 0.0980392157 0.0980392157
v 156.50679016113281 40.827129364013672 -21.827695846557617 0.0980392157 0.0980392157 0.0980392157
v 170.29653930664062 32.870590209960938 -13.923981666564941 0.0980392157 0.0980392157 0.0980392157
v 159.9619140625 24.103477478027344 -22.506547927856445 0.0980392157 0.0980392157 0.0980392157
v 160.72792053222656 23.458337783813477 -19.701053619384766 0.0980392157 0.0980392157 0.0980392157
v 155.03315734863281 29.827192306518555 -22.013134002685547 0.0980392157 0.0980392157 0.0980392157
v 172.75173950195312 19.382467269897461 -12.697644233703613 0.0980392157 0.0980392157 0.0980392157
v 178.2569580078125 22.417680740356445 -9.4662294387817383 0.0980392157 0.0980392157 0.0980392157
v 160.72792053222656 23.458337783813477 -19.701053619384766 0.0980392157 0.0980392157 0.0980392157
v 165.92381286621094 8.2507095336914062 -16.632734298706055 0.0980392157 0.0980392157 0.0980392157
v 165.96464538574219 -8.2684612274169922 -16.6064453125 0.0980392157 0.0980392157 0.0980392157
v 172.72418212890625 -10.696497917175293 -12.699861526489258 0.0980392157 0.0980392157 0.0980392157
v 174.62908935546875 14.877462387084961 -11.591267585754395 0.0980392157 0.0980392157 0.0980392157
v 172.72402954101562 10.696374893188477 -12.701323509216309 0.0980392157 0.0980392157 0.0980392157
v 178.29495239257812 -22.367603302001953 -9.4372930526733398 0.0980392157 0.0980392157 0.0980392157
v 178.2569580078125 22.417680740356445 -9.4662294387817383 0.0980392157 0.0980392157 0.0980392157
v 174.62908935546875 -14.877475738525391 -11.591355323791504 0.0980392157 0.0980392157 0.0980392157
v 163.98989868164062 -22.0772705078125 -17.789722442626953 0.0980392157 0.0980392157 0.0980392157
v 172.75149536132812 -19.382373809814453 -12.686338424682617 0.0980392157 0.0980392157 0.0980392157
v 166.86921691894531 28.816612243652344 -16.074398040771484 0.0980392157 0.0980392157 0.0980392157
v 165.77560424804688 27.373830795288086 -19.013671875 0.0980392157 0.0980392157 0.0980392157
v 164.23509216308594 28.758743286132812 -17.577655792236328 0.0980392157 0.0980392157 0.0980392157
v 165.77560424804688 27.373830795288086 -19.013671875 0.0980392157 0.0980392157 0.0980392157
v 166.86921691894531 28.816612243652344 -16.074398040771484 0.0980392157 0.0980392157 0.0980392157
v 168.50093078613281 28.421749114990234 -17.438737869262695 0.0980392157 0.0980392157 0.0980392157
v 178.84446716308594 23.141590118408203 -1.6925867795944214 0.0980392157 0.0980392157 0.0980392157
v 176.61123657226562 22.999387741088867 -6.4173660278320312 0.0980392157 0.0980392157 0.0980392157
v 173.05621337890625 22.964422225952148 -5.1647119522094727 0.0980392157 0.0980392157 0.0980392157
v 178.2569580078125 22.417680740356445 -9.4662294387817383 0.0980392157 0.0980392157 0.0980392157
v 149.78153991699219 42.385913848876953 -22.157173156738281 0.0980392157 0.0980392157 0.0980392157
v 142.66987609863281 47.385887145996094 -14.276501655578613 0.0980392157 0.0980392157 0.0980392157
v 140.93118286132812 45.091060638427734 -22.186279296875 0.0980392157 0.0980392157 0.0980392157
v 159.83792114257812 38.9808349609375 -15.546859741210938 0.0980392157 0.0980392157 0.0980392157
v 153.51071166992188 43.264888763427734 -13.011124610900879 0.0980392157 0.0980392157 0.0980392157
v 162.70623779296875 38.722282409667969 -9.8311185836791992 0.0980392157 0.0980392157 0.0980392157
v 159.83792114257812 38.9808349609375 -15.546859741210938 0.0980392157 0.0980392157 0.0980392157
v 149.78153991699219 42.385913848876953 -22.157173156738281 0.0980392157 0.0980392157 0.0980392157
v 156.50679016113281 40.827129364013672 -21.827695846557617 0.0980392157 0.0980392157 0.0980392157
v 162.3558349609375 38.329292297363281 -17.554553985595703 0.0980392157 0.0980392157 0.0980392157
v 170.29653930664062 32.870590209960938 -13.923981666564941 0.0980392157 0.0980392157 0.0980392157
v 159.83792114257812 38.9808349609375 -15.546859741210938 0.0980392157 0.0980392157 0.0980392157
v 85.847999572753906 50.115684509277344 -22.177522659301758 0.0980392157 0.0980392157 0.0980392157
v 85.10943603515625 37.000789642333984 -22.174388885498047 0.0980392157 0.0980392157 0.0980392157
v 124.57319641113281 47.312599182128906 -22.187698364257812 0.0980392157 0.0980392157 0.0980392157
v 156.50679016113281 40.827129364013672 -21.827695846557617 0.0980392157 0.0980392157 0.0980392157
v 148.89559936523438 36.810993194580078 -22.18940544128418 0.0980392157 0.0980392157 0.0980392157
v 155.03315734863281 29.827192306518555 -22.013134002685547 0.0980392157 0.0980392157 0.0980392157
v 149.78153991699219 42.385913848876953 -22.157173156738281 0.0980392157 0.0980392157 0.0980392157
v 140.93118286132812 45.091060638427734 -22.186279296875 0.0980392157 0.0980392157 0.0980392157
v 148.89559936523438 36.810993194580078 -22.18940544128418 0.0980392157 0.0980392157 0.0980392157
v 148.96672058105469 36.911960601806641 -24.686857223510742 0.0980392157 0.0980392157 0.0980392157
v 154.93862915039062 29.907766342163086 -24.523038864135742 0.0980392157 0.0980392157 0.0980392157
v 159.9619140625 24.103477478027344 -22.506547927856445 0.0980392157 0.0980392157 0.0980392157
v 154.93862915039062 29.907766342163086 -24.523038864135742 0.0980392157 0.0980392157 0.0980392157
v 159.42051696777344 39.458160400390625 -22.958972930908203 0.0980392157 0.0980392157 0.0980392157
v 159.9619140625 24.103477478027344 -22.506547927856445 0.0980392157 0.0980392157 0.0980392157
v 178.21977233886719 26.329555511474609 -11.826141357421875 0.0980392157 0.0980392157 0.0980392157
v 172.40589904785156 19.603549957275391 -15.185131072998047 0.0980392157 0.0980392157 0.0980392157
v 174.79263305664062 14.895920753479004 -13.804080963134766 0.0980392157 0.0980392157 0.0980392157
v 172.30728149414062 10.430485725402832 -15.242849349975586 0.0980392157 0.0980392157 0.0980392157
v 172.3092041015625 -10.431785583496094 -15.233853340148926 0.0980392157 0.0980392157 0.0980392157
v 166.02896118164062 8.0857248306274414 -18.866054534912109 0.0980392157 0.0980392157 0.0980392157
v 165.93196105957031 -8.0167522430419922 -18.921947479248047 0.0980392157 0.0980392157 0.0980392157
v 172.40591430664062 -19.603504180908203 -15.185169219970703 0.0980392157 0.0980392157 0.0980392157
v 180.17277526855469 -23.468042373657227 -10.698939323425293 0.0980392157 0.0980392157 0.0980392157
v 160.35194396972656 -23.872865676879883 -22.32640266418457 0.0980392157 0.0980392157 0.0980392157
v 174.79263305664062 -14.895912170410156 -13.804522514343262 0.0980392157 0.0980392157 0.0980392157
v 182.93948364257812 17.417158126831055 -9.1036415100097656 0.0980392157 0.0980392157 0.0980392157
v 185.20266723632812 1.6848431825637817 -7.7983574867248535 0.0980392157 0.0980392157 0.0980392157
v 183.84394836425781 -14.015487670898438 -8.5722589492797852 0.0980392157 0.0980392157 0.0980392157
v 159.9619140625 24.103477478027344 -22.506547927856445 0.0980392157 0.0980392157 0.0980392157
v 166.27891540527344 30.643098831176758 -18.727264404296875 0.0980392157 0.0980392157 0.0980392157
v 165.77560424804688 27.373830795288086 -19.013671875 0.0980392157 0.0980392157 0.0980392157
v 159.42051696777344 39.458160400390625 -22.958972930908203 0.0980392157 0.0980392157 0.0980392157
v 178.21977233886719 26.329555511474609 -11.826141357421875 0.0980392157 0.0980392157 0.0980392157
v 172.38197326660156 32.258800506591797 -15.17220401763916 0.0980392157 0.0980392157 0.0980392157
v 168.50093078613281 28.421749114990234 -17.438737869262695 0.0980392157 0.0980392157 0.0980392157
v 165.92381286621094 8.2507095336914062 -16.632734298706055 0.0980392157 0.0980392157 0.0980392157
v 166.02896118164062 8.0857248306274414 -18.866054534912109 0.0980392157 0.0980392157 0.0980392157
v 165.93196105957031 -8.0167522430419922 -18.921947479248047 0.0980392157 0.0980392157 0.0980392157
v 172.40589904785156 19.603549957275391 -15.185131072998047 0.0980392157 0.0980392157 0.0980392157
v 160.72792053222656 23.458337783813477 -19.701053619384766 0.0980392157 0.0980392157 0.0980392157
v 159.9619140625 24.103477478027344 -22.506547927856445 0.0980392157 0.0980392157 0.0980392157
v 172.75173950195312 19.382467269897461 -12.697644233703613 0.0980392157 0.0980392157 0.0980392157
v 174.79263305664062 14.895920753479004 -13.804080963134766 0.0980392157 0.0980392157 0.0980392157
v 172.72402954101562 10.696374893188477 -12.701323509216309 0.0980392157 0.0980392157 0.0980392157
v 174.62908935546875 14.877462387084961 -11.591267585754395 0.0980392157 0.0980392157 0.0980392157
v 165.92381286621094 8.2507095336914062 -16.632734298706055 0.0980392157 0.0980392157 0.0980392157
v 172.30728149414062 10.430485725402832 -15.242849349975586 0.0980392157 0.0980392157 0.0980392157
v 166.02896118164062 8.0857248306274414 -18.866054534912109 0.0980392157 0.0980392157 0.0980392157
v 173.05621337890625 22.964422225952148 -5.1647119522094727 0.0980392157 0.0980392157 0.0980392157
v 176.61123657226562 22.999387741088867 -6.4173660278320312 0.0980392157 0.0980392157 0.0980392157
v 176.60426330566406 -22.999351501464844 -6.4104294776916504 0.0980392157 0.0980392157 0.0980392157
v 178.84446716308594 23.141590118408203 -1.6925867795944214 0.0980392157 0.0980392157 0.0980392157
v 173.05621337890625 22.964422225952148 -5.1647119522094727 0.0980392157 0.0980392157 0.0980392157
v 173.17581176757812 -23.002120971679688 -4.9892992973327637 0.0980392157 0.0980392157 0.0980392157
v 181.11361694335938 17.668821334838867 -0.34132674336433411 0.0980392157 0.0980392157 0.0980392157
v 182.91209411621094 -11.762491226196289 0.75057858228683472 0.0980392157 0.0980392157 0.0980392157
v 183.32003784179688 6.0575838088989258 0.91519707441329956 0.0980392157 0.0980392157 0.0980392157
v 178.89376831054688 -23.021203994750977 -1.8209820985794067 0.0980392157 0.0980392157 0.0980392157
v 154.41329956054688 34.969097137451172 4.7389116287231445 0.0980392157 0.0980392157 0.0980392157
v 141.45930480957031 42.535823822021484 -0.78948652744293213 0.0980392157 0.0980392157 0.0980392157
v 153.96713256835938 40.662261962890625 -5.1739387512207031 0.0980392157 0.0980392157 0.0980392157
v 161.95155334472656 36.56640625 -3.025017261505127 0.0980392157 0.0980392157 0.0980392157
v 170.77598571777344 29.551340103149414 0.18299597501754761 0.0980392157 0.0980392157 0.0980392157
v 163.81163024902344 29.326944351196289 5.4620327949523926 0.0980392157 0.0980392157 0.0980392157
v 175.34841918945312 21.809551239013672 2.7321112155914307 0.0980392157 0.0980392157 0.0980392157
v 173.56742858886719 7.749112606048584 7.269536018371582 0.0980392157 0.0980392157 0.0980392157
v 171.53953552246094 19.476478576660156 6.2126221656799316 0.0980392157 0.0980392157 0.0980392157
v 179.90809631347656 12.481083869934082 2.9678375720977783 0.0980392157 0.0980392157 0.0980392157
v 180.66868591308594 1.0097910165786743 3.8004796504974365 0.0980392157 0.0980392157 0.0980392157
v 142.66987609863281 47.385887145996094 -14.276501655578613 0.0980392157 0.0980392157 0.0980392157
v 153.51071166992188 43.264888763427734 -13.011124610900879 0.0980392157 0.0980392157 0.0980392157
v 162.70623779296875 38.722282409667969 -9.8311185836791992 0.0980392157 0.0980392157 0.0980392157
v 173.56179809570312 30.8934326171875 -5.4182806015014648 0.0980392157 0.0980392157 0.0980392157
v 178.84446716308594 23.141590118408203 -1.6925867795944214 0.0980392157 0.0980392157 0.0980392157
v 183.32003784179688 6.0575838088989258 0.91519707441329956 0.0980392157 0.0980392157 0.0980392157
v 181.11361694335938 17.668821334838867 -0.34132674336433411 0.0980392157 0.0980392157 0.0980392157
v 171.53953552246094 19.476478576660156 6.2126221656799316 0.0980392157 0.0980392157 0.0980392157
v 173.56742858886719 7.749112606048584 7.269536018371582 0.0980392157 0.0980392157 0.0980392157
v 154.12229919433594 9.385411262512207 11.678937911987305 0.0980392157 0.0980392157 0.0980392157
v 145.29507446289062 22.649848937988281 11.845657348632812 0.0980392157 0.0980392157 0.0980392157
v 155.2689208984375 26.52806282043457 8.0544261932373047 0.0980392157 0.0980392157 0.0980392157
v 150.92839050292969 18.143577575683594 11.243082046508789 0.0980392157 0.0980392157 0.0980392157
v 145.66632080078125 14.147659301757812 13.585661888122559 0.0980392157 0.0980392157 0.0980392157
v 147.53488159179688 15.311613082885742 10.22809886932373 0.0980392157 0.0980392157 0.0980392157
v 147.17269897460938 4.7729134559631348 13.847801208496094 0.0980392157 0.0980392157 0.0980392157
v 151.89288330078125 14.77345085144043 10.306220054626465 0.0980392157 0.0980392157 0.0980392157
v 149.56329345703125 0.213393434882164 10.641280174255371 0.0980392157 0.0980392157 0.0980392157
v 123.54088592529297 2.4906251430511475 21.516618728637695 0.0980392157 0.0980392157 0.0980392157
v 91.4969482421875 -0.11707604676485062 32.786674499511719 0.0980392157 0.0980392157 0.0980392157
v 128.00599670410156 11.40035343170166 19.468551635742188 0.0980392157 0.0980392157 0.0980392157
v 90.920631408691406 15.110043525695801 32.149013519287109 0.0980392157 0.0980392157 0.0980392157
v 145.66632080078125 14.147659301757812 13.585661888122559 0.0980392157 0.0980392157 0.0980392157
v 147.17269897460938 4.7729134559631348 13.847801208496094 0.0980392157 0.0980392157 0.0980392157
v 147.35418701171875 -3.8012256622314453 13.788289070129395 0.0980392157 0.0980392157 0.0980392157
v 131.65538024902344 20.565608978271484 16.567722320556641 0.0980392157 0.0980392157 0.0980392157
v 55.0169677734375 49.881092071533203 -5.6692008972167969 0.0980392157 0.0980392157 0.0980392157
v 57.755329132080078 51.823947906494141 -2.7841460704803467 0.0980392157 0.0980392157 0.0980392157
v 59.254375457763672 43.914211273193359 -1.1977677345275879 0.0980392157 0.0980392157 0.0980392157
v 69.363868713378906 46.445568084716797 9.4572601318359375 0.0980392157 0.0980392157 0.0980392157
v 61.461116790771484 40.828090667724609 1.1281243562698364 0.0980392157 0.0980392157 0.0980392157
v 61.461116790771484 -40.827972412109375 1.1281243562698364 0.0980392157 0.0980392157 0.0980392157
v 66.822113037109375 -47.738025665283203 6.7787418365478516 0.0980392157 0.0980392157 0.0980392157
v 79.311790466308594 39.923923492431641 19.9456787109375 0.0980392157 0.0980392157 0.0980392157
v 78.748443603515625 -40.412136077880859 19.352560043334961 0.0980392157 0.0980392157 0.0980392157
v 55.016944885253906 -49.884296417236328 -5.6692543029785156 0.0980392157 0.0980392157 0.0980392157
v 54.953907012939453 -43.914211273193359 -5.7305207252502441 0.0980392157 0.0980392157 0.0980392157
v 59.254470825195312 -43.914211273193359 -1.1976485252380371 0.0980392157 0.0980392157 0.0980392157
v 80.066184997558594 36.65673828125 20.737621307373047 0.0980392157 0.0980392157 0.0980392157
v 80.071060180664062 -36.641685485839844 20.742568969726562 0.0980392157 0.0980392157 0.0980392157
v 85.4945068359375 -33.147411346435547 26.459352493286133 0.0980392157 0.0980392157 0.0980392157
v 82.575508117675781 -33.724063873291016 23.380853652954102 0.0980392157 0.0980392157 0.0980392157
v 85.849838256835938 32.980075836181641 26.832283020019531 0.0980392157 0.0980392157 0.0980392157
v 82.692245483398438 33.729450225830078 23.505941390991211 0.0980392157 0.0980392157 0.0980392157
v 89.209701538085938 24.761785507202148 30.375707626342773 0.0980392157 0.0980392157 0.0980392157
v 88.081489562988281 -28.217559814453125 29.185544967651367 0.0980392157 0.0980392157 0.0980392157
v 90.920631408691406 15.110043525695801 32.149013519287109 0.0980392157 0.0980392157 0.0980392157
v 91.4969482421875 -0.11707604676485062 32.786674499511719 0.0980392157 0.0980392157 0.0980392157
v 90.285400390625 -19.564437866210938 31.496652603149414 0.0980392157 0.0980392157 0.0980392157
v 91.147758483886719 -10.890704154968262 32.418292999267578 0.0980392157 0.0980392157 0.0980392157
v 59.647487640380859 40.828418731689453 2.848851203918457 0.0980392157 0.0980392157 0.0980392157
v 61.461116790771484 40.828090667724609 1.1281243562698364 0.0980392157 0.0980392157 0.0980392157
v 61.461116790771484 -40.827972412109375 1.1281243562698364 0.0980392157 0.0980392157 0.0980392157
v 52.443103790283203 43.914211273193359 -4.7448906898498535 0.0980392157 0.0980392157 0.0980392157
v 57.440437316894531 43.914211273193359 0.5226016640663147 0.0980392157 0.0980392157 0.0980392157
v 55.291633605957031 51.509212493896484 -1.7244572639465332 0.0980392157 0.0980392157 0.0980392157
v 65.043548583984375 47.084815979003906 8.5360202789306641 0.0980392157 0.0980392157 0.0980392157
v 59.647487640380859 40.828418731689453 2.848851203918457 0.0980392157 0.0980392157 0.0980392157
v 59.647487640380859 -40.828426361083984 2.848851203918457 0.0980392157 0.0980392157 0.0980392157
v 75.33709716796875 38.802547454833984 19.386007308959961 0.0980392157 0.0980392157 0.0980392157
v 73.318687438964844 42.291542053222656 17.789663314819336 0.0980392157 0.0980392157 0.0980392157
v 52.443103790283203 -43.914211273193359 -4.7448906898498535 0.0980392157 0.0980392157 0.0980392157
v 52.426528930664062 -49.707073211669922 -4.5370659828186035 0.0980392157 0.0980392157 0.0980392157
v 55.059730529785156 -51.604629516601562 -1.9852440357208252 0.0980392157 0.0980392157 0.0980392157
v 65.189750671386719 -46.988243103027344 8.6900882720947266 0.0980392157 0.0980392157 0.0980392157
v 57.44061279296875 -43.914211273193359 0.52278047800064087 0.0980392157 0.0980392157 0.0980392157
v 74.128166198730469 -41.836444854736328 18.231479644775391 0.0980392157 0.0980392157 0.0980392157
v 77.619102478027344 -35.763500213623047 21.790826797485352 0.0980392157 0.0980392157 0.0980392157
v 79.494758605957031 34.666343688964844 23.767803192138672 0.0980392157 0.0980392157 0.0980392157
v 86.434852600097656 25.931848526000977 31.096920013427734 0.0980392157 0.0980392157 0.0980392157
v 88.202262878417969 15.967494010925293 32.945476531982422 0.0980392157 0.0980392157 0.0980392157
v 88.943923950195312 -1.336472749710083 33.727069854736328 0.0980392157 0.0980392157 0.0980392157
v 82.475311279296875 34.055332183837891 26.797843933105469 0.0980392157 0.0980392157 0.0980392157
v 88.073341369628906 -17.058931350708008 32.810184478759766 0.0980392157 0.0980392157 0.0980392157
v 86.375099182128906 -26.173248291015625 31.002925872802734 0.0980392157 0.0980392157 0.0980392157
v 82.264663696289062 -34.052791595458984 26.903030395507812 0.0980392157 0.0980392157 0.0980392157
v 83.95330810546875 10.133157730102539 35.201019287109375 0.0980392157 0.0980392157 0.0980392157
v 88.943923950195312 -1.336472749710083 33.727069854736328 0.0980392157 0.0980392157 0.0980392157
v 83.907966613769531 -7.0784134864807129 35.479560852050781 0.0980392157 0.0980392157 0.0980392157
v 88.202262878417969 15.967494010925293 32.945476531982422 0.0980392157 0.0980392157 0.0980392157
v 80.303520202636719 8.0097856521606445 38.168384552001953 0.0980392157 0.0980392157 0.0980392157
v 80.303520202636719 8.0097856521606445 38.168384552001953 0.0980392157 0.0980392157 0.0980392157
v 73.916526794433594 -8.6511945724487305 44.853935241699219 0.0980392157 0.0980392157 0.0980392157
v 73.894630432128906 10.3717041015625 44.64508056640625 0.0980392157 0.0980392157 0.0980392157
v 72.513938903808594 22.889638900756836 43.362903594970703 0.0980392157 0.0980392157 0.0980392157
v 81.341995239257812 18.784034729003906 35.394508361816406 0.0980392157 0.0980392157 0.0980392157
v 73.916526794433594 -8.6511945724487305 44.853935241699219 0.0980392157 0.0980392157 0.0980392157
v 71.260246276855469 -7.862879753112793 45.151134490966797 0.0980392157 0.0980392157 0.0980392157
v 71.227561950683594 6.8489871025085449 45.162166595458984 0.0980392157 0.0980392157 0.0980392157
v 73.894630432128906 10.3717041015625 44.64508056640625 0.0980392157 0.0980392157 0.0980392157
v 70.019912719726562 21.985517501831055 43.909877777099609 0.0980392157 0.0980392157 0.0980392157
v 72.513938903808594 22.889638900756836 43.362903594970703 0.0980392157 0.0980392157 0.0980392157
v 70.019912719726562 21.985517501831055 43.909877777099609 0.0980392157 0.0980392157 0.0980392157
v 69.569671630859375 9.4254560470581055 46.891109466552734 0.0980392157 0.0980392157 0.0980392157
v 67.281082153320312 25.724300384521484 45.023933410644531 0.0980392157 0.0980392157 0.0980392157
v 71.227561950683594 6.8489871025085449 45.162166595458984 0.0980392157 0.0980392157 0.0980392157
v 67.281082153320312 25.724300384521484 45.023933410644531 0.0980392157 0.0980392157 0.0980392157
v 69.569671630859375 9.4254560470581055 46.891109466552734 0.0980392157 0.0980392157 0.0980392157
v 69.704231262207031 20.144834518432617 46.720436096191406 0.0980392157 0.0980392157 0.0980392157
v 71.309524536132812 1.7364550828933716 47.891910552978516 0.0980392157 0.0980392157 0.0980392157
v 69.766098022460938 -5.8777680397033691 47.077358245849609 0.0980392157 0.0980392157 0.0980392157
v 71.309524536132812 1.7364550828933716 47.891910552978516 0.0980392157 0.0980392157 0.0980392157
v 75.258209228515625 -1.9497507810592651 47.179901123046875 0.0980392157 0.0980392157 0.0980392157
v 75.026084899902344 14.066468238830566 46.652610778808594 0.0980392157 0.0980392157 0.0980392157
v 69.704231262207031 20.144834518432617 46.720436096191406 0.0980392157 0.0980392157 0.0980392157
v 75.026084899902344 14.066468238830566 46.652610778808594 0.0980392157 0.0980392157 0.0980392157
v 75.258209228515625 -1.9497507810592651 47.179901123046875 0.0980392157 0.0980392157 0.0980392157
v 82.098442077636719 4.3035955429077148 39.976356506347656 0.0980392157 0.0980392157 0.0980392157
v 85.479530334472656 16.881214141845703 36.388626098632812 0.0980392157 0.0980392157 0.0980392157
v 81.052490234375 18.515314102172852 39.356510162353516 0.0980392157 0.0980392157 0.0980392157
v 85.445610046386719 5.2687830924987793 37.547454833984375 0.0980392157 0.0980392157 0.0980392157
v 133.44627380371094 23.273408889770508 17.943756103515625 0.0980392157 0.0980392157 0.0980392157
v 110.86905670166016 22.716180801391602 25.81361198425293 0.0980392157 0.0980392157 0.0980392157
v 132.42471313476562 14.323333740234375 20.257883071899414 0.0980392157 0.0980392157 0.0980392157
v 85.445610046386719 5.2687830924987793 37.547454833984375 0.0980392157 0.0980392157 0.0980392157
v 128.72895812988281 4.3579916954040527 22.332359313964844 0.0980392157 0.0980392157 0.0980392157
v 150.51263427734375 -0.043656282126903534 15.618599891662598 0.0980392157 0.0980392157 0.0980392157
v 128.77304077148438 -8.7746353149414062 22.098339080810547 0.0980392157 0.0980392157 0.0980392157
v 149.92738342285156 10.766042709350586 15.267532348632812 0.0980392157 0.0980392157 0.0980392157
v 147.22549438476562 17.457866668701172 15.117932319641113 0.0980392157 0.0980392157 0.0980392157
v 149.41532897949219 11.620752334594727 12.832552909851074 0.0980392157 0.0980392157 0.0980392157
v 149.92738342285156 10.766042709350586 15.267532348632812 0.0980392157 0.0980392157 0.0980392157
v 150.13893127441406 1.0957497358322144 13.308016777038574 0.0980392157 0.0980392157 0.0980392157
v 151.77775573730469 3.0984952449798584 12.914426803588867 0.0980392157 0.0980392157 0.0980392157
v 149.41532897949219 11.620752334594727 12.832552909851074 0.0980392157 0.0980392157 0.0980392157
v 150.13893127441406 1.0957497358322144 13.308016777038574 0.0980392157 0.0980392157 0.0980392157
v 150.77265930175781 -13.944541931152344 12.440767288208008 0.0980392157 0.0980392157 0.0980392157
v 150.564453125 14.184033393859863 12.404240608215332 0.0980392157 0.0980392157 0.0980392157
v 151.85769653320312 12.323891639709473 14.616043090820312 0.0980392157 0.0980392157 0.0980392157
v 150.564453125 14.184033393859863 12.404240608215332 0.0980392157 0.0980392157 0.0980392157
v 151.77775573730469 3.0984952449798584 12.914426803588867 0.0980392157 0.0980392157 0.0980392157
v 161.59158325195312 20.838014602661133 10.735289573669434 0.0980392157 0.0980392157 0.0980392157
v 151.85769653320312 12.323891639709473 14.616043090820312 0.0980392157 0.0980392157 0.0980392157
v 165.12919616699219 10.415395736694336 11.436452865600586 0.0980392157 0.0980392157 0.0980392157
v 164.74888610839844 30.504396438598633 7.3912382125854492 0.0980392157 0.0980392157 0.0980392157
v 147.24273681640625 19.931058883666992 14.646492958068848 0.0980392157 0.0980392157 0.0980392157
v 152.57818603515625 -0.082047045230865479 14.98866081237793 0.0980392157 0.0980392157 0.0980392157
v 164.41580200195312 -7.768460750579834 11.839696884155273 0.0980392157 0.0980392157 0.0980392157
v 174.36480712890625 -3.8506970405578613 9.8456783294677734 0.0980392157 0.0980392157 0.0980392157
v 174.01333618164062 9.5319881439208984 9.6831140518188477 0.0980392157 0.0980392157 0.0980392157
v 170.30061340332031 23.538314819335938 8.4730520248413086 0.0980392157 0.0980392157 0.0980392157
v 148.56098937988281 28.597690582275391 11.571928977966309 0.0980392157 0.0980392157 0.0980392157
v 124.03766632080078 28.506937026977539 19.001838684082031 0.0980392157 0.0980392157 0.0980392157
v 170.30061340332031 23.538314819335938 8.4730520248413086 0.0980392157 0.0980392157 0.0980392157
v 177.87985229492188 23.619272232055664 3.2125508785247803 0.0980392157 0.0980392157 0.0980392157
v 171.69839477539062 32.065658569335938 0.82622170448303223 0.0980392157 0.0980392157 0.0980392157
v 179.08367919921875 14.465527534484863 6.3790249824523926 0.0980392157 0.0980392157 0.0980392157
v 160.93011474609375 40.778263092041016 -4.7303109169006348 0.0980392157 0.0980392157 0.0980392157
v 157.36311340332031 39.821849822998047 0.65756291151046753 0.0980392157 0.0980392157 0.0980392157
v 139.47624206542969 46.018455505371094 -1.1402429342269897 0.0980392157 0.0980392157 0.0980392157
v 136.15150451660156 42.331794738769531 6.7247886657714844 0.0980392157 0.0980392157 0.0980392157
v 153.80036926269531 36.714462280273438 6.8565993309020996 0.0980392157 0.0980392157 0.0980392157
v 164.74888610839844 30.504396438598633 7.3912382125854492 0.0980392157 0.0980392157 0.0980392157
v 143.76956176757812 48.021774291992188 -9.0703449249267578 0.0980392157 0.0980392157 0.0980392157
v 181.97467041015625 0.87620782852172852 6.0580997467041016 0.0980392157 0.0980392157 0.0980392157
v 186.13456726074219 3.1783988475799561 1.4355194568634033 0.0980392157 0.0980392157 0.0980392157
v 185.29461669921875 12.876623153686523 1.0087326765060425 0.0980392157 0.0980392157 0.0980392157
v 182.35334777832031 22.965681076049805 -1.2365089654922485 0.0980392157 0.0980392157 0.0980392157
v 160.44923400878906 42.942886352539062 -11.441577911376953 0.0980392157 0.0980392157 0.0980392157
v 150.6766357421875 47.265193939208984 -14.433435440063477 0.0980392157 0.0980392157 0.0980392157
v 171.07318115234375 36.183273315429688 -6.7676420211791992 0.0980392157 0.0980392157 0.0980392157
v 176.24754333496094 31.529211044311523 -4.7155632972717285 0.0980392157 0.0980392157 0.0980392157
v 166.91236877441406 37.671974182128906 -13.68428897857666 0.0980392157 0.0980392157 0.0980392157
v 160.44923400878906 42.942886352539062 -11.441577911376953 0.0980392157 0.0980392157 0.0980392157
v 171.07318115234375 36.183273315429688 -6.7676420211791992 0.0980392157 0.0980392157 0.0980392157
v 178.21977233886719 26.329555511474609 -11.826141357421875 0.0980392157 0.0980392157 0.0980392157
v 172.38197326660156 32.258800506591797 -15.17220401763916 0.0980392157 0.0980392157 0.0980392157
v 176.24754333496094 31.529211044311523 -4.7155632972717285 0.0980392157 0.0980392157 0.0980392157
v 182.35334777832031 22.965681076049805 -1.2365089654922485 0.0980392157 0.0980392157 0.0980392157
v 185.29461669921875 12.876623153686523 1.0087326765060425 0.0980392157 0.0980392157 0.0980392157
v 182.93948364257812 17.417158126831055 -9.1036415100097656 0.0980392157 0.0980392157 0.0980392157
v 101.11679840087891 51.829025268554688 -18.373701095581055 0.0980392157 0.0980392157 0.0980392157
v 113.45587921142578 52.869007110595703 -14.75823974609375 0.0980392157 0.0980392157 0.0980392157
v 86.381401062011719 55.095287322998047 -13.422629356384277 0.0980392157 0.0980392157 0.0980392157
v 130.49667358398438 50.201984405517578 -14.925416946411133 0.0980392157 0.0980392157 0.0980392157
v 124.57319641113281 47.312599182128906 -22.187698364257812 0.0980392157 0.0980392157 0.0980392157
v 140.93118286132812 45.091060638427734 -22.186279296875 0.0980392157 0.0980392157 0.0980392157
v 101.11679840087891 51.829025268554688 -18.373701095581055 0.0980392157 0.0980392157 0.0980392157
v 85.847999572753906 50.115684509277344 -22.177522659301758 0.0980392157 0.0980392157 0.0980392157
v 124.57319641113281 47.312599182128906 -22.187698364257812 0.0980392157 0.0980392157 0.0980392157
v 85.10943603515625 37.000789642333984 -22.174388885498047 0.0980392157 0.0980392157 0.0980392157
v 85.847999572753906 50.115684509277344 -22.177522659301758 0.0980392157 0.0980392157 0.0980392157
v 78.240242004394531 51.147098541259766 -20.775033950805664 0.0980392157 0.0980392157 0.0980392157
v 70.631027221679688 51.397487640380859 -17.058916091918945 0.0980392157 0.0980392157 0.0980392157
v 69.422172546386719 36.998123168945312 -16.051237106323242 0.0980392157 0.0980392157 0.0980392157
v 76.719528198242188 36.996212005615234 -20.238405227661133 0.0980392157 0.0980392157 0.0980392157
v 148.89559936523438 36.810993194580078 -22.18940544128418 0.0980392157 0.0980392157 0.0980392157
v 85.10943603515625 37.000789642333984 -22.174388885498047 0.0980392157 0.0980392157 0.0980392157
v 148.96672058105469 36.911960601806641 -24.686857223510742 0.0980392157 0.0980392157 0.0980392157
v 144.40234375 45.881824493408203 -24.69676399230957 0.0980392157 0.0980392157 0.0980392157
v 148.96672058105469 36.911960601806641 -24.686857223510742 0.0980392157 0.0980392157 0.0980392157
v 131.8360595703125 47.935844421386719 -24.68547248840332 0.0980392157 0.0980392157 0.0980392157
v 86.340179443359375 51.393226623535156 -24.686820983886719 0.0980392157 0.0980392157 0.0980392157
v 154.42158508300781 41.840915679931641 -24.63526725769043 0.0980392157 0.0980392157 0.0980392157
v 154.93862915039062 29.907766342163086 -24.523038864135742 0.0980392157 0.0980392157 0.0980392157
v 154.42158508300781 41.840915679931641 -24.63526725769043 0.0980392157 0.0980392157 0.0980392157
v 144.40234375 45.881824493408203 -24.69676399230957 0.0980392157 0.0980392157 0.0980392157
v 150.6766357421875 47.265193939208984 -14.433435440063477 0.0980392157 0.0980392157 0.0980392157
v 138.80973815917969 51.082614898681641 -15.105899810791016 0.0980392157 0.0980392157 0.0980392157
v 159.42051696777344 39.458160400390625 -22.958972930908203 0.0980392157 0.0980392157 0.0980392157
v 119.84149169921875 46.114894866943359 0.14532022178173065 0.0980392157 0.0980392157 0.0980392157
v 122.88174438476562 42.886386871337891 5.3338589668273926 0.0980392157 0.0980392157 0.0980392157
v 105.44701385498047 49.378620147705078 -3.0964162349700928 0.0980392157 0.0980392157 0.0980392157
v 127.62900543212891 48.524028778076172 -8.0466594696044922 0.0980392157 0.0980392157 0.0980392157
v 142.66987609863281 47.385887145996094 -14.276501655578613 0.0980392157 0.0980392157 0.0980392157
v 141.45930480957031 42.535823822021484 -0.78948652744293213 0.0980392157 0.0980392157 0.0980392157
v 113.45587921142578 52.869007110595703 -14.75823974609375 0.0980392157 0.0980392157 0.0980392157
v 130.49667358398438 50.201984405517578 -14.925416946411133 0.0980392157 0.0980392157 0.0980392157
v 142.82475280761719 38.471649169921875 5.1162929534912109 0.0980392157 0.0980392157 0.0980392157
v 113.17383575439453 39.550525665283203 10.735698699951172 0.0980392157 0.0980392157 0.0980392157
v 95.466758728027344 35.865737915039062 20.056571960449219 0.0980392157 0.0980392157 0.0980392157
v 93.99200439453125 41.5931396484375 12.909013748168945 0.0980392157 0.0980392157 0.0980392157
v 131.05462646484375 35.644355773925781 9.4807052612304688 0.0980392157 0.0980392157 0.0980392157
v 122.88174438476562 42.886386871337891 5.3338589668273926 0.0980392157 0.0980392157 0.0980392157
v 125.08660888671875 29.365758895874023 15.279253959655762 0.0980392157 0.0980392157 0.0980392157
v 144.30960083007812 29.426219940185547 9.6330013275146484 0.0980392157 0.0980392157 0.0980392157
v 99.008079528808594 45.829273223876953 5.8309307098388672 0.0980392157 0.0980392157 0.0980392157
v 85.680747985839844 37.835636138916016 20.918525695800781 0.0980392157 0.0980392157 0.0980392157
v 79.311790466308594 39.923923492431641 19.9456787109375 0.0980392157 0.0980392157 0.0980392157
v 109.50458526611328 32.994228363037109 17.952600479125977 0.0980392157 0.0980392157 0.0980392157
v 163.81163024902344 29.326944351196289 5.4620327949523926 0.0980392157 0.0980392157 0.0980392157
v 155.2689208984375 26.52806282043457 8.0544261932373047 0.0980392157 0.0980392157 0.0980392157
v 154.41329956054688 34.969097137451172 4.7389116287231445 0.0980392157 0.0980392157 0.0980392157
v 142.82475280761719 38.471649169921875 5.1162929534912109 0.0980392157 0.0980392157 0.0980392157
v 145.29507446289062 22.649848937988281 11.845657348632812 0.0980392157 0.0980392157 0.0980392157
v 150.92839050292969 18.143577575683594 11.243082046508789 0.0980392157 0.0980392157 0.0980392157
v 151.89288330078125 14.77345085144043 10.306220054626465 0.0980392157 0.0980392157 0.0980392157
v 145.09617614746094 20.43266487121582 10.293087959289551 0.0980392157 0.0980392157 0.0980392157
v 131.65538024902344 20.565608978271484 16.567722320556641 0.0980392157 0.0980392157 0.0980392157
v 112.47378540039062 21.422029495239258 22.918825149536133 0.0980392157 0.0980392157 0.0980392157
v 106.21763610839844 27.800790786743164 22.629928588867188 0.0980392157 0.0980392157 0.0980392157
v 85.849838256835938 32.980075836181641 26.832283020019531 0.0980392157 0.0980392157 0.0980392157
v 89.209701538085938 24.761785507202148 30.375707626342773 0.0980392157 0.0980392157 0.0980392157
v 90.920631408691406 15.110043525695801 32.149013519287109 0.0980392157 0.0980392157 0.0980392157
v 59.254375457763672 43.914211273193359 -1.1977677345275879 0.0980392157 0.0980392157 0.0980392157
v 61.461116790771484 40.828090667724609 1.1281243562698364 0.0980392157 0.0980392157 0.0980392157
v 59.647487640380859 40.828418731689453 2.848851203918457 0.0980392157 0.0980392157 0.0980392157
v 57.440437316894531 43.914211273193359 0.5226016640663147 0.0980392157 0.0980392157 0.0980392157
v 52.443103790283203 43.914211273193359 -4.7448906898498535 0.0980392157 0.0980392157 0.0980392157
v 54.953907012939453 43.914211273193359 -5.7305207252502441 0.0980392157 0.0980392157 0.0980392157
v 59.254375457763672 43.914211273193359 -1.1977677345275879 0.0980392157 0.0980392157 0.0980392157
v 48.760658264160156 33.624973297119141 -3.5698838233947754 0.0980392157 0.0980392157 0.0980392157
v 60.275238037109375 37.004539489746094 -8.0825939178466797 0.0980392157 0.0980392157 0.0980392157
v 52.443103790283203 43.914211273193359 -4.7448906898498535 0.0980392157 0.0980392157 0.0980392157
v 55.0169677734375 49.881092071533203 -5.6692008972167969 0.0980392157 0.0980392157 0.0980392157
v 54.953907012939453 43.914211273193359 -5.7305207252502441 0.0980392157 0.0980392157 0.0980392157
v 99.008079528808594 45.829273223876953 5.8309307098388672 0.0980392157 0.0980392157 0.0980392157
v 80.456649780273438 46.772636413574219 7.048161506652832 0.0980392157 0.0980392157 0.0980392157
v 105.44701385498047 49.378620147705078 -3.0964162349700928 0.0980392157 0.0980392157 0.0980392157
v 74.635818481445312 54.254497528076172 -10.211191177368164 0.0980392157 0.0980392157 0.0980392157
v 69.363868713378906 46.445568084716797 9.4572601318359375 0.0980392157 0.0980392157 0.0980392157
v 57.755329132080078 51.823947906494141 -2.7841460704803467 0.0980392157 0.0980392157 0.0980392157
v 86.368087768554688 34.232990264892578 21.311244964599609 0.0980392157 0.0980392157 0.0980392157
v 80.066184997558594 36.65673828125 20.737621307373047 0.0980392157 0.0980392157 0.0980392157
v 85.680747985839844 37.835636138916016 20.918525695800781 0.0980392157 0.0980392157 0.0980392157
v 82.692245483398438 33.729450225830078 23.505941390991211 0.0980392157 0.0980392157 0.0980392157
v 106.21763610839844 27.800790786743164 22.629928588867188 0.0980392157 0.0980392157 0.0980392157
v 85.849838256835938 32.980075836181641 26.832283020019531 0.0980392157 0.0980392157 0.0980392157
v 82.692245483398438 33.729450225830078 23.505941390991211 0.0980392157 0.0980392157 0.0980392157
v 79.311790466308594 39.923923492431641 19.9456787109375 0.0980392157 0.0980392157 0.0980392157
v 48.760658264160156 33.624973297119141 -3.5698838233947754 0.0980392157 0.0980392157 0.0980392157
v 44.8529052734375 48.793338775634766 -3.208892822265625 0.0980392157 0.0980392157 0.0980392157
v 39.513992309570312 29.994194030761719 -3.1893777847290039 0.0980392157 0.0980392157 0.0980392157
v 52.443103790283203 43.914211273193359 -4.7448906898498535 0.0980392157 0.0980392157 0.0980392157
v 52.414108276367188 49.72418212890625 -4.5102567672729492 0.0980392157 0.0980392157 0.0980392157
v 38.558113098144531 50.517276763916016 1.8346917629241943 0.0980392157 0.0980392157 0.0980392157
v 29.835548400878906 47.241710662841797 -3.1894516944885254 0.0980392157 0.0980392157 0.0980392157
v 44.8529052734375 48.793338775634766 -3.208892822265625 0.0980392157 0.0980392157 0.0980392157
v 52.414108276367188 49.72418212890625 -4.5102567672729492 0.0980392157 0.0980392157 0.0980392157
v 55.291633605957031 51.509212493896484 -1.7244572639465332 0.0980392157 0.0980392157 0.0980392157
v 65.374786376953125 41.275382995605469 16.121673583984375 0.0980392157 0.0980392157 0.0980392157
v 42.47332763671875 46.624134063720703 7.1947345733642578 0.0980392157 0.0980392157 0.0980392157
v 49.04193115234375 47.933135986328125 8.1189460754394531 0.0980392157 0.0980392157 0.0980392157
v 41.213649749755859 45.195720672607422 9.139491081237793 0.0980392157 0.0980392157 0.0980392157
v 58.755962371826172 42.902801513671875 19.457023620605469 0.0980392157 0.0980392157 0.0980392157
v 44.274127960205078 44.640602111816406 11.93498420715332 0.0980392157 0.0980392157 0.0980392157
v 62.672657012939453 40.891212463378906 18.004825592041016 0.0980392157 0.0980392157 0.0980392157
v 44.958950042724609 45.871963500976562 14.305956840515137 0.0980392157 0.0980392157 0.0980392157
v 75.33709716796875 38.802547454833984 19.386007308959961 0.0980392157 0.0980392157 0.0980392157
v 79.494758605957031 34.666343688964844 23.767803192138672 0.0980392157 0.0980392157 0.0980392157
v 69.497329711914062 39.342857360839844 24.017860412597656 0.0980392157 0.0980392157 0.0980392157
v 79.494758605957031 34.666343688964844 23.767803192138672 0.0980392157 0.0980392157 0.0980392157
v 69.497329711914062 39.342857360839844 24.017860412597656 0.0980392157 0.0980392157 0.0980392157
v 62.672657012939453 40.891212463378906 18.004825592041016 0.0980392157 0.0980392157 0.0980392157
v 82.475311279296875 34.055332183837891 26.797843933105469 0.0980392157 0.0980392157 0.0980392157
v 86.434852600097656 25.931848526000977 31.096920013427734 0.0980392157 0.0980392157 0.0980392157
v 77.342842102050781 29.646461486816406 32.637252807617188 0.0980392157 0.0980392157 0.0980392157
v 86.434852600097656 25.931848526000977 31.096920013427734 0.0980392157 0.0980392157 0.0980392157
v 81.341995239257812 18.784034729003906 35.394508361816406 0.0980392157 0.0980392157 0.0980392157
v 79.882560729980469 25.005990982055664 34.178146362304688 0.0980392157 0.0980392157 0.0980392157
v 77.342842102050781 29.646461486816406 32.637252807617188 0.0980392157 0.0980392157 0.0980392157
v 79.882560729980469 25.005990982055664 34.178146362304688 0.0980392157 0.0980392157 0.0980392157
v 72.513938903808594 22.889638900756836 43.362903594970703 0.0980392157 0.0980392157 0.0980392157
v 77.342842102050781 29.646461486816406 32.637252807617188 0.0980392157 0.0980392157 0.0980392157
v 81.341995239257812 18.784034729003906 35.394508361816406 0.0980392157 0.0980392157 0.0980392157
v 63.069004058837891 35.588687896728516 35.555992126464844 0.0980392157 0.0980392157 0.0980392157
v 71.592231750488281 35.127475738525391 29.877517700195312 0.0980392157 0.0980392157 0.0980392157
v 68.803993225097656 30.642938613891602 40.188236236572266 0.0980392157 0.0980392157 0.0980392157
v 63.069004058837891 35.588687896728516 35.555992126464844 0.0980392157 0.0980392157 0.0980392157
v 68.803993225097656 30.642938613891602 40.188236236572266 0.0980392157 0.0980392157 0.0980392157
v 61.327423095703125 33.98016357421875 36.515434265136719 0.0980392157 0.0980392157 0.0980392157
v 66.652481079101562 29.110767364501953 40.827091217041016 0.0980392157 0.0980392157 0.0980392157
v 70.019912719726562 21.985517501831055 43.909877777099609 0.0980392157 0.0980392157 0.0980392157
v 59.777996063232422 39.616950988769531 34.826969146728516 0.0980392157 0.0980392157 0.0980392157
v 61.977531433105469 32.408767700195312 40.544639587402344 0.0980392157 0.0980392157 0.0980392157
v 68.085647583007812 33.991073608398438 40.722530364990234 0.0980392157 0.0980392157 0.0980392157
v 67.281082153320312 25.724300384521484 45.023933410644531 0.0980392157 0.0980392157 0.0980392157
v 75.026084899902344 14.066468238830566 46.652610778808594 0.0980392157 0.0980392157 0.0980392157
v 73.422340393066406 23.517314910888672 45.434696197509766 0.0980392157 0.0980392157 0.0980392157
v 69.704231262207031 20.144834518432617 46.720436096191406 0.0980392157 0.0980392157 0.0980392157
v 73.422340393066406 23.517314910888672 45.434696197509766 0.0980392157 0.0980392157 0.0980392157
v 81.052490234375 18.515314102172852 39.356510162353516 0.0980392157 0.0980392157 0.0980392157
v 79.573699951171875 28.521877288818359 36.075668334960938 0.0980392157 0.0980392157 0.0980392157
v 83.533714294433594 23.396430969238281 35.846824645996094 0.0980392157 0.0980392157 0.0980392157
v 81.052490234375 18.515314102172852 39.356510162353516 0.0980392157 0.0980392157 0.0980392157
v 85.479530334472656 16.881214141845703 36.388626098632812 0.0980392157 0.0980392157 0.0980392157
v 83.490371704101562 29.744840621948242 32.947853088378906 0.0980392157 0.0980392157 0.0980392157
v 111.33970642089844 30.1937255859375 22.568502426147461 0.0980392157 0.0980392157 0.0980392157
v 85.792839050292969 36.769542694091797 26.528017044067383 0.0980392157 0.0980392157 0.0980392157
v 110.86905670166016 22.716180801391602 25.81361198425293 0.0980392157 0.0980392157 0.0980392157
v 83.533714294433594 23.396430969238281 35.846824645996094 0.0980392157 0.0980392157 0.0980392157
v 85.479530334472656 16.881214141845703 36.388626098632812 0.0980392157 0.0980392157 0.0980392157
v 149.41532897949219 11.620752334594727 12.832552909851074 0.0980392157 0.0980392157 0.0980392157
v 146.1209716796875 17.564111709594727 13.079474449157715 0.0980392157 0.0980392157 0.0980392157
v 147.22549438476562 17.457866668701172 15.117932319641113 0.0980392157 0.0980392157 0.0980392157
v 149.92738342285156 10.766042709350586 15.267532348632812 0.0980392157 0.0980392157 0.0980392157
v 146.20674133300781 18.72291374206543 12.482720375061035 0.0980392157 0.0980392157 0.0980392157
v 150.564453125 14.184033393859863 12.404240608215332 0.0980392157 0.0980392157 0.0980392157
v 147.24273681640625 19.931058883666992 14.646492958068848 0.0980392157 0.0980392157 0.0980392157
v 141.92118835449219 34.144737243652344 10.773553848266602 0.0980392157 0.0980392157 0.0980392157
v 121.31899261474609 39.512096405029297 12.034560203552246 0.0980392157 0.0980392157 0.0980392157
v 119.971435546875 35.122097015380859 16.309099197387695 0.0980392157 0.0980392157 0.0980392157
v 114.57110595703125 46.267551422119141 6.7262024879455566 0.0980392157 0.0980392157 0.0980392157
v 96.471366882324219 48.323787689208984 6.881500244140625 0.0980392157 0.0980392157 0.0980392157
v 109.39543151855469 43.300582885742188 11.092494010925293 0.0980392157 0.0980392157 0.0980392157
v 148.56098937988281 28.597690582275391 11.571928977966309 0.0980392157 0.0980392157 0.0980392157
v 164.74888610839844 30.504396438598633 7.3912382125854492 0.0980392157 0.0980392157 0.0980392157
v 153.80036926269531 36.714462280273438 6.8565993309020996 0.0980392157 0.0980392157 0.0980392157
v 124.03766632080078 28.506937026977539 19.001838684082031 0.0980392157 0.0980392157 0.0980392157
v 106.8038330078125 52.26678466796875 -3.8566782474517822 0.0980392157 0.0980392157 0.0980392157
v 120.27982330322266 48.340045928955078 1.2032498121261597 0.0980392157 0.0980392157 0.0980392157
v 118.37870025634766 54.912509918212891 -15.043608665466309 0.0980392157 0.0980392157 0.0980392157
v 139.47624206542969 46.018455505371094 -1.1402429342269897 0.0980392157 0.0980392157 0.0980392157
v 128.10513305664062 50.763278961181641 -7.0268111228942871 0.0980392157 0.0980392157 0.0980392157
v 136.15150451660156 42.331794738769531 6.7247886657714844 0.0980392157 0.0980392157 0.0980392157
v 102.07493591308594 56.744609832763672 -14.567259788513184 0.0980392157 0.0980392157 0.0980392157
v 138.80973815917969 51.082614898681641 -15.105899810791016 0.0980392157 0.0980392157 0.0980392157
v 96.471366882324219 48.323787689208984 6.881500244140625 0.0980392157 0.0980392157 0.0980392157
v 114.57110595703125 46.267551422119141 6.7262024879455566 0.0980392157 0.0980392157 0.0980392157
v 150.6766357421875 47.265193939208984 -14.433435440063477 0.0980392157 0.0980392157 0.0980392157
v 143.76956176757812 48.021774291992188 -9.0703449249267578 0.0980392157 0.0980392157 0.0980392157
v 166.91236877441406 37.671974182128906 -13.68428897857666 0.0980392157 0.0980392157 0.0980392157
v 159.42051696777344 39.458160400390625 -22.958972930908203 0.0980392157 0.0980392157 0.0980392157
v 160.44923400878906 42.942886352539062 -11.441577911376953 0.0980392157 0.0980392157 0.0980392157
v 74.635818481445312 54.254497528076172 -10.211191177368164 0.0980392157 0.0980392157 0.0980392157
v 70.631027221679688 51.397487640380859 -17.058916091918945 0.0980392157 0.0980392157 0.0980392157
v 78.240242004394531 51.147098541259766 -20.775033950805664 0.0980392157 0.0980392157 0.0980392157
v 85.847999572753906 50.115684509277344 -22.177522659301758 0.0980392157 0.0980392157 0.0980392157
v 101.11679840087891 51.829025268554688 -18.373701095581055 0.0980392157 0.0980392157 0.0980392157
v 78.240242004394531 51.147098541259766 -20.775033950805664 0.0980392157 0.0980392157 0.0980392157
v 70.631027221679688 51.397487640380859 -17.058916091918945 0.0980392157 0.0980392157 0.0980392157
v 61.582386016845703 50.727622985839844 -9.026301383972168 0.0980392157 0.0980392157 0.0980392157
v 69.422172546386719 36.998123168945312 -16.051237106323242 0.0980392157 0.0980392157 0.0980392157
v 76.719528198242188 36.996212005615234 -20.238405227661133 0.0980392157 0.0980392157 0.0980392157
v 69.422172546386719 36.998123168945312 -16.051237106323242 0.0980392157 0.0980392157 0.0980392157
v 73.547355651855469 37.000011444091797 -21.448627471923828 0.0980392157 0.0980392157 0.0980392157
v 80.433135986328125 37.002471923828125 -23.948972702026367 0.0980392157 0.0980392157 0.0980392157
v 85.10943603515625 37.000789642333984 -22.174388885498047 0.0980392157 0.0980392157 0.0980392157
v 87.692375183105469 37.000011444091797 -24.688262939453125 0.0980392157 0.0980392157 0.0980392157
v 130.04249572753906 50.097671508789062 -21.061927795410156 0.0980392157 0.0980392157 0.0980392157
v 128.16401672363281 48.719722747802734 -24.312141418457031 0.0980392157 0.0980392157 0.0980392157
v 94.677085876464844 53.811363220214844 -20.696264266967773 0.0980392157 0.0980392157 0.0980392157
v 125.08660888671875 29.365758895874023 15.279253959655762 0.0980392157 0.0980392157 0.0980392157
v 145.29507446289062 22.649848937988281 11.845657348632812 0.0980392157 0.0980392157 0.0980392157
v 145.09617614746094 20.43266487121582 10.293087959289551 0.0980392157 0.0980392157 0.0980392157
v 133.49430847167969 21.273963928222656 13.162683486938477 0.0980392157 0.0980392157 0.0980392157
v 147.53488159179688 15.311613082885742 10.22809886932373 0.0980392157 0.0980392157 0.0980392157
v 131.65538024902344 20.565608978271484 16.567722320556641 0.0980392157 0.0980392157 0.0980392157
v 109.50458526611328 32.994228363037109 17.952600479125977 0.0980392157 0.0980392157 0.0980392157
v 85.680747985839844 37.835636138916016 20.918525695800781 0.0980392157 0.0980392157 0.0980392157
v 95.466758728027344 35.865737915039062 20.056571960449219 0.0980392157 0.0980392157 0.0980392157
v 107.24897003173828 31.609855651855469 17.910512924194336 0.0980392157 0.0980392157 0.0980392157
v 106.99504852294922 29.363080978393555 18.415224075317383 0.0980392157 0.0980392157 0.0980392157
v 86.368087768554688 34.232990264892578 21.311244964599609 0.0980392157 0.0980392157 0.0980392157
v 107.51497650146484 27.882862091064453 19.991888046264648 0.0980392157 0.0980392157 0.0980392157
v 82.692245483398438 33.729450225830078 23.505941390991211 0.0980392157 0.0980392157 0.0980392157
v 106.21763610839844 27.800790786743164 22.629928588867188 0.0980392157 0.0980392157 0.0980392157
v 133.49430847167969 21.273963928222656 13.162683486938477 0.0980392157 0.0980392157 0.0980392157
v 145.09617614746094 20.43266487121582 10.293087959289551 0.0980392157 0.0980392157 0.0980392157
v 125.08660888671875 29.365758895874023 15.279253959655762 0.0980392157 0.0980392157 0.0980392157
v 131.65538024902344 20.565608978271484 16.567722320556641 0.0980392157 0.0980392157 0.0980392157
v 39.513992309570312 29.994194030761719 -3.1893777847290039 0.0980392157 0.0980392157 0.0980392157
v 39.6534423828125 29.999013900756836 -5.6862788200378418 0.0980392157 0.0980392157 0.0980392157
v 48.760658264160156 33.624973297119141 -3.5698838233947754 0.0980392157 0.0980392157 0.0980392157
v 60.275238037109375 37.004539489746094 -8.0825939178466797 0.0980392157 0.0980392157 0.0980392157
v 60.100742340087891 37.317424774169922 -10.863347053527832 0.0980392157 0.0980392157 0.0980392157
v 68.265708923339844 37.047641754150391 -18.294239044189453 0.0980392157 0.0980392157 0.0980392157
v 60.275238037109375 37.004539489746094 -8.0825939178466797 0.0980392157 0.0980392157 0.0980392157
v 61.582386016845703 50.727622985839844 -9.026301383972168 0.0980392157 0.0980392157 0.0980392157
v 55.0169677734375 49.881092071533203 -5.6692008972167969 0.0980392157 0.0980392157 0.0980392157
v 61.582386016845703 50.727622985839844 -9.026301383972168 0.0980392157 0.0980392157 0.0980392157
v 74.635818481445312 54.254497528076172 -10.211191177368164 0.0980392157 0.0980392157 0.0980392157
v 57.755329132080078 51.823947906494141 -2.7841460704803467 0.0980392157 0.0980392157 0.0980392157
v -54.098014831542969 41.997001647949219 15.609134674072266 0.0980392157 0.0980392157 0.0980392157
v -60.905338287353516 39.961555480957031 11.663567543029785 0.0980392157 0.0980392157 0.0980392157
v -51.400379180908203 42.132553100585938 -5.948206901550293 0.0980392157 0.0980392157 0.0980392157
v -41.720706939697266 43.690853118896484 -3.1884341239929199 0.0980392157 0.0980392157 0.0980392157
v -24.819379806518555 46.036655426025391 2.4813170433044434 0.0980392157 0.0980392157 0.0980392157
v -35.511192321777344 45.206192016601562 11.993171691894531 0.0980392157 0.0980392157 0.0980392157
v 38.558113098144531 50.517276763916016 1.8346917629241943 0.0980392157 0.0980392157 0.0980392157
v 18.298183441162109 49.372711181640625 4.6541352272033691 0.0980392157 0.0980392157 0.0980392157
v 8.8983640670776367 47.40606689453125 -0.79054892063140869 0.0980392157 0.0980392157 0.0980392157
v -25.380577087402344 45.037277221679688 -3.1877429485321045 0.0980392157 0.0980392157 0.0980392157
v 29.835548400878906 47.241710662841797 -3.1894516944885254 0.0980392157 0.0980392157 0.0980392157
v -9.2834386825561523 47.584262847900391 8.3419198989868164 0.0980392157 0.0980392157 0.0980392157
v 39.513992309570312 29.994194030761719 -3.1893777847290039 0.0980392157 0.0980392157 0.0980392157
v -25.380577087402344 45.037277221679688 -3.1877429485321045 0.0980392157 0.0980392157 0.0980392157
v -41.720706939697266 43.690853118896484 -3.1884341239929199 0.0980392157 0.0980392157 0.0980392157
v 29.835548400878906 47.241710662841797 -3.1894516944885254 0.0980392157 0.0980392157 0.0980392157
v 44.8529052734375 48.793338775634766 -3.208892822265625 0.0980392157 0.0980392157 0.0980392157
v 38.558113098144531 50.517276763916016 1.8346917629241943 0.0980392157 0.0980392157 0.0980392157
v 35.126056671142578 48.713497161865234 6.7302160263061523 0.0980392157 0.0980392157 0.0980392157
v 18.298183441162109 49.372711181640625 4.6541352272033691 0.0980392157 0.0980392157 0.0980392157
v 44.274127960205078 44.640602111816406 11.93498420715332 0.0980392157 0.0980392157 0.0980392157
v 29.093046188354492 44.632480621337891 11.664120674133301 0.0980392157 0.0980392157 0.0980392157
v 41.213649749755859 45.195720672607422 9.139491081237793 0.0980392157 0.0980392157 0.0980392157
v 30.450860977172852 45.827884674072266 14.163735389709473 0.0980392157 0.0980392157 0.0980392157
v 44.958950042724609 45.871963500976562 14.305956840515137 0.0980392157 0.0980392157 0.0980392157
v 67.281082153320312 25.724300384521484 45.023933410644531 0.0980392157 0.0980392157 0.0980392157
v 61.977531433105469 32.408767700195312 40.544639587402344 0.0980392157 0.0980392157 0.0980392157
v 66.652481079101562 29.110767364501953 40.827091217041016 0.0980392157 0.0980392157 0.0980392157
v 61.327423095703125 33.98016357421875 36.515434265136719 0.0980392157 0.0980392157 0.0980392157
v 52.350391387939453 40.554439544677734 28.285867691040039 0.0980392157 0.0980392157 0.0980392157
v 63.069004058837891 35.588687896728516 35.555992126464844 0.0980392157 0.0980392157 0.0980392157
v 49.189743041992188 39.063270568847656 28.410041809082031 0.0980392157 0.0980392157 0.0980392157
v 37.328407287597656 41.454380035400391 22.135509490966797 0.0980392157 0.0980392157 0.0980392157
v 50.393016815185547 38.233325958251953 32.521591186523438 0.0980392157 0.0980392157 0.0980392157
v 61.977531433105469 32.408767700195312 40.544639587402344 0.0980392157 0.0980392157 0.0980392157
v 59.777996063232422 39.616950988769531 34.826969146728516 0.0980392157 0.0980392157 0.0980392157
v 34.404064178466797 43.079257965087891 23.131002426147461 0.0980392157 0.0980392157 0.0980392157
v 83.490371704101562 29.744840621948242 32.947853088378906 0.0980392157 0.0980392157 0.0980392157
v 85.792839050292969 36.769542694091797 26.528017044067383 0.0980392157 0.0980392157 0.0980392157
v 76.002723693847656 34.264671325683594 32.633041381835938 0.0980392157 0.0980392157 0.0980392157
v 69.511428833007812 38.538787841796875 30.169239044189453 0.0980392157 0.0980392157 0.0980392157
v 85.792839050292969 36.769542694091797 26.528017044067383 0.0980392157 0.0980392157 0.0980392157
v 79.573699951171875 28.521877288818359 36.075668334960938 0.0980392157 0.0980392157 0.0980392157
v 71.378974914550781 29.320507049560547 43.61676025390625 0.0980392157 0.0980392157 0.0980392157
v 68.085647583007812 33.991073608398438 40.722530364990234 0.0980392157 0.0980392157 0.0980392157
v 68.085647583007812 33.991073608398438 40.722530364990234 0.0980392157 0.0980392157 0.0980392157
v 59.641536712646484 42.780887603759766 26.081283569335938 0.0980392157 0.0980392157 0.0980392157
v 71.902252197265625 42.269271850585938 23.248699188232422 0.0980392157 0.0980392157 0.0980392157
v 60.511043548583984 46.030544281005859 18.399696350097656 0.0980392157 0.0980392157 0.0980392157
v 45.253780364990234 44.833225250244141 25.25096321105957 0.0980392157 0.0980392157 0.0980392157
v 46.995540618896484 48.675464630126953 13.134686470031738 0.0980392157 0.0980392157 0.0980392157
v 133.44627380371094 23.273408889770508 17.943756103515625 0.0980392157 0.0980392157 0.0980392157
v 126.05657958984375 24.995754241943359 17.365903854370117 0.0980392157 0.0980392157 0.0980392157
v 111.33970642089844 30.1937255859375 22.568502426147461 0.0980392157 0.0980392157 0.0980392157
v 105.32833862304688 30.5870361328125 21.55274772644043 0.0980392157 0.0980392157 0.0980392157
v 81.370407104492188 36.692173004150391 24.952716827392578 0.0980392157 0.0980392157 0.0980392157
v 133.44627380371094 23.273408889770508 17.943756103515625 0.0980392157 0.0980392157 0.0980392157
v 147.22549438476562 17.457866668701172 15.117932319641113 0.0980392157 0.0980392157 0.0980392157
v 146.1209716796875 17.564111709594727 13.079474449157715 0.0980392157 0.0980392157 0.0980392157
v 126.05657958984375 24.995754241943359 17.365903854370117 0.0980392157 0.0980392157 0.0980392157
v 111.42723846435547 30.561550140380859 19.612312316894531 0.0980392157 0.0980392157 0.0980392157
v 126.05657958984375 24.995754241943359 17.365903854370117 0.0980392157 0.0980392157 0.0980392157
v 146.20674133300781 18.72291374206543 12.482720375061035 0.0980392157 0.0980392157 0.0980392157
v 146.1209716796875 17.564111709594727 13.079474449157715 0.0980392157 0.0980392157 0.0980392157
v 135.48011779785156 23.88081169128418 14.932465553283691 0.0980392157 0.0980392157 0.0980392157
v 124.03766632080078 28.506937026977539 19.001838684082031 0.0980392157 0.0980392157 0.0980392157
v 135.48011779785156 23.88081169128418 14.932465553283691 0.0980392157 0.0980392157 0.0980392157
v 147.24273681640625 19.931058883666992 14.646492958068848 0.0980392157 0.0980392157 0.0980392157
v 81.90167236328125 48.801643371582031 8.4158306121826172 0.0980392157 0.0980392157 0.0980392157
v 61.046012878417969 49.805995941162109 8.9403924942016602 0.0980392157 0.0980392157 0.0980392157
v 73.735794067382812 47.375209808349609 12.183772087097168 0.0980392157 0.0980392157 0.0980392157
v 77.489189147949219 41.258426666259766 23.13676643371582 0.0980392157 0.0980392157 0.0980392157
v 114.57110595703125 46.267551422119141 6.7262024879455566 0.0980392157 0.0980392157 0.0980392157
v 109.39543151855469 43.300582885742188 11.092494010925293 0.0980392157 0.0980392157 0.0980392157
v 136.15150451660156 42.331794738769531 6.7247886657714844 0.0980392157 0.0980392157 0.0980392157
v 75.001823425292969 56.952301025390625 -10.243796348571777 0.0980392157 0.0980392157 0.0980392157
v 59.938968658447266 54.840320587158203 -3.9305393695831299 0.0980392157 0.0980392157 0.0980392157
v 61.046012878417969 49.805995941162109 8.9403924942016602 0.0980392157 0.0980392157 0.0980392157
v 106.8038330078125 52.26678466796875 -3.8566782474517822 0.0980392157 0.0980392157 0.0980392157
v 102.07493591308594 56.744609832763672 -14.567259788513184 0.0980392157 0.0980392157 0.0980392157
v 87.515373229980469 57.68231201171875 -13.495675086975098 0.0980392157 0.0980392157 0.0980392157
v 96.471366882324219 48.323787689208984 6.881500244140625 0.0980392157 0.0980392157 0.0980392157
v 105.80336761474609 53.234283447265625 -20.280101776123047 0.0980392157 0.0980392157 0.0980392157
v 90.856758117675781 54.330074310302734 -19.886568069458008 0.0980392157 0.0980392157 0.0980392157
v 102.07493591308594 56.744609832763672 -14.567259788513184 0.0980392157 0.0980392157 0.0980392157
v 138.80973815917969 51.082614898681641 -15.105899810791016 0.0980392157 0.0980392157 0.0980392157
v 131.91679382324219 50.242206573486328 -20.502773284912109 0.0980392157 0.0980392157 0.0980392157
v 118.37870025634766 54.912509918212891 -15.043608665466309 0.0980392157 0.0980392157 0.0980392157
v 62.274452209472656 49.654869079589844 -12.923850059509277 0.0980392157 0.0980392157 0.0980392157
v 67.867568969726562 50.431838989257812 -18.008174896240234 0.0980392157 0.0980392157 0.0980392157
v 68.265708923339844 37.047641754150391 -18.294239044189453 0.0980392157 0.0980392157 0.0980392157
v 71.602287292480469 52.308582305908203 -23.195516586303711 0.0980392157 0.0980392157 0.0980392157
v 86.340179443359375 51.393226623535156 -24.686820983886719 0.0980392157 0.0980392157 0.0980392157
v 81.279045104980469 48.683132171630859 -24.066532135009766 0.0980392157 0.0980392157 0.0980392157
v 80.433135986328125 37.002471923828125 -23.948972702026367 0.0980392157 0.0980392157 0.0980392157
v 87.692375183105469 37.000011444091797 -24.688262939453125 0.0980392157 0.0980392157 0.0980392157
v 73.547355651855469 37.000011444091797 -21.448627471923828 0.0980392157 0.0980392157 0.0980392157
v 74.066246032714844 50.209598541259766 -21.843324661254883 0.0980392157 0.0980392157 0.0980392157
v 68.265708923339844 37.047641754150391 -18.294239044189453 0.0980392157 0.0980392157 0.0980392157
v 87.515373229980469 57.68231201171875 -13.495675086975098 0.0980392157 0.0980392157 0.0980392157
v 71.602287292480469 52.308582305908203 -23.195516586303711 0.0980392157 0.0980392157 0.0980392157
v 75.001823425292969 56.952301025390625 -10.243796348571777 0.0980392157 0.0980392157 0.0980392157
v 61.971820831298828 50.605930328369141 -21.067958831787109 0.0980392157 0.0980392157 0.0980392157
v 63.400741577148438 52.515422821044922 -14.153524398803711 0.0980392157 0.0980392157 0.0980392157
v 59.938968658447266 54.840320587158203 -3.9305393695831299 0.0980392157 0.0980392157 0.0980392157
v 90.856758117675781 54.330074310302734 -19.886568069458008 0.0980392157 0.0980392157 0.0980392157
v 87.124282836914062 51.551860809326172 -24.155418395996094 0.0980392157 0.0980392157 0.0980392157
v 71.602287292480469 52.308582305908203 -23.195516586303711 0.0980392157 0.0980392157 0.0980392157
v -37.604545593261719 30.001825332641602 -3.187342643737793 0.0980392157 0.0980392157 0.0980392157
v -41.720706939697266 43.690853118896484 -3.1884341239929199 0.0980392157 0.0980392157 0.0980392157
v -41.582649230957031 32.562408447265625 -3.2009890079498291 0.0980392157 0.0980392157 0.0980392157
v 39.513992309570312 29.994194030761719 -3.1893777847290039 0.0980392157 0.0980392157 0.0980392157
v 39.513992309570312 29.994194030761719 -3.1893777847290039 0.0980392157 0.0980392157 0.0980392157
v -37.604545593261719 30.001825332641602 -3.187342643737793 0.0980392157 0.0980392157 0.0980392157
v 39.6534423828125 29.999013900756836 -5.6862788200378418 0.0980392157 0.0980392157 0.0980392157
v 39.6534423828125 29.999013900756836 -5.6862788200378418 0.0980392157 0.0980392157 0.0980392157
v -38.059906005859375 30.004268646240234 -5.6882648468017578 0.0980392157 0.0980392157 0.0980392157
v -41.539745330810547 32.951030731201172 -5.6834921836853027 0.0980392157 0.0980392157 0.0980392157
v 45.472919464111328 42.973636627197266 -5.6948990821838379 0.0980392157 0.0980392157 0.0980392157
v -41.735733032226562 42.993324279785156 -5.6903409957885742 0.0980392157 0.0980392157 0.0980392157
v 47.065944671630859 32.875709533691406 -5.8396053314208984 0.0980392157 0.0980392157 0.0980392157
v 51.256214141845703 48.186355590820312 -6.8638520240783691 0.0980392157 0.0980392157 0.0980392157
v 45.472919464111328 42.973636627197266 -5.6948990821838379 0.0980392157 0.0980392157 0.0980392157
v 45.500053405761719 47.397686004638672 -5.7561488151550293 0.0980392157 0.0980392157 0.0980392157
v 60.100742340087891 37.317424774169922 -10.863347053527832 0.0980392157 0.0980392157 0.0980392157
v 47.065944671630859 32.875709533691406 -5.8396053314208984 0.0980392157 0.0980392157 0.0980392157
v 51.274467468261719 35.764331817626953 -6.9797139167785645 0.0980392157 0.0980392157 0.0980392157
v 60.223960876464844 49.373569488525391 -11.062429428100586 0.0980392157 0.0980392157 0.0980392157
v 60.100742340087891 37.317424774169922 -10.863347053527832 0.0980392157 0.0980392157 0.0980392157
v 53.274433135986328 48.370269775390625 -7.7559456825256348 0.0980392157 0.0980392157 0.0980392157
v 62.274440765380859 40.185699462890625 -12.924505233764648 0.0980392157 0.0980392157 0.0980392157
v 62.274452209472656 49.654869079589844 -12.923850059509277 0.0980392157 0.0980392157 0.0980392157
v 68.265708923339844 37.047641754150391 -18.294239044189453 0.0980392157 0.0980392157 0.0980392157
v -53.833839416503906 41.71368408203125 -10.26861572265625 0.0980392157 0.0980392157 0.0980392157
v -41.735733032226562 42.993324279785156 -5.6903409957885742 0.0980392157 0.0980392157 0.0980392157
v -41.720706939697266 43.690853118896484 -3.1884341239929199 0.0980392157 0.0980392157 0.0980392157
v -41.539745330810547 32.951030731201172 -5.6834921836853027 0.0980392157 0.0980392157 0.0980392157
v -41.582649230957031 32.562408447265625 -3.2009890079498291 0.0980392157 0.0980392157 0.0980392157
v -41.735733032226562 42.993324279785156 -5.6903409957885742 0.0980392157 0.0980392157 0.0980392157
v -72.416114807128906 30.941078186035156 20.257928848266602 0.0980392157 0.0980392157 0.0980392157
v -71.644493103027344 33.804183959960938 8.2690839767456055 0.0980392157 0.0980392157 0.0980392157
v -67.248985290527344 37.113468170166016 9.8389930725097656 0.0980392157 0.0980392157 0.0980392157
v -62.426483154296875 38.058334350585938 21.255283355712891 0.0980392157 0.0980392157 0.0980392157
v -60.905338287353516 39.961555480957031 11.663567543029785 0.0980392157 0.0980392157 0.0980392157
v -59.159999847412109 39.910926818847656 -6.0673575401306152 0.0980392157 0.0980392157 0.0980392157
v -75.919197082519531 28.295921325683594 15.712429046630859 0.0980392157 0.0980392157 0.0980392157
v -2.0751609802246094 43.962059020996094 12.15480899810791 0.0980392157 0.0980392157 0.0980392157
v -43.430564880371094 40.639766693115234 18.352991104125977 0.0980392157 0.0980392157 0.0980392157
v -5.2635388374328613 46.543125152587891 11.471686363220215 0.0980392157 0.0980392157 0.0980392157
v -30.388004302978516 40.555194854736328 17.688211441040039 0.0980392157 0.0980392157 0.0980392157
v -2.0834972858428955 42.778629302978516 14.702016830444336 0.0980392157 0.0980392157 0.0980392157
v -27.827449798583984 41.668636322021484 21.905471801757812 0.0980392157 0.0980392157 0.0980392157
v -28.335325241088867 40.422416687011719 19.84211540222168 0.0980392157 0.0980392157 0.0980392157
v -1.3067206144332886 43.952621459960938 18.568901062011719 0.0980392157 0.0980392157 0.0980392157
v -52.826999664306641 40.098892211914062 20.61811637878418 0.0980392157 0.0980392157 0.0980392157
v -33.75537109375 43.764080047607422 16.061906814575195 0.0980392157 0.0980392157 0.0980392157
v -49.98077392578125 37.952526092529297 21.012794494628906 0.0980392157 0.0980392157 0.0980392157
v 42.47332763671875 46.624134063720703 7.1947345733642578 0.0980392157 0.0980392157 0.0980392157
v 35.126056671142578 48.713497161865234 6.7302160263061523 0.0980392157 0.0980392157 0.0980392157
v 29.093046188354492 44.632480621337891 11.664120674133301 0.0980392157 0.0980392157 0.0980392157
v 41.213649749755859 45.195720672607422 9.139491081237793 0.0980392157 0.0980392157 0.0980392157
v -52.826999664306641 40.098892211914062 20.61811637878418 0.0980392157 0.0980392157 0.0980392157
v -57.453880310058594 36.371990203857422 27.822065353393555 0.0980392157 0.0980392157 0.0980392157
v -62.426483154296875 38.058334350585938 21.255283355712891 0.0980392157 0.0980392157 0.0980392157
v 38.805950164794922 43.846710205078125 20.597366333007812 0.0980392157 0.0980392157 0.0980392157
v 27.546792984008789 44.720802307128906 17.077236175537109 0.0980392157 0.0980392157 0.0980392157
v 30.450860977172852 45.827884674072266 14.163735389709473 0.0980392157 0.0980392157 0.0980392157
v -1.3067206144332886 43.952621459960938 18.568901062011719 0.0980392157 0.0980392157 0.0980392157
v 52.350391387939453 40.554439544677734 28.285867691040039 0.0980392157 0.0980392157 0.0980392157
v 57.454006195068359 41.219406127929688 24.312957763671875 0.0980392157 0.0980392157 0.0980392157
v 63.069004058837891 35.588687896728516 35.555992126464844 0.0980392157 0.0980392157 0.0980392157
v 58.755962371826172 42.902801513671875 19.457023620605469 0.0980392157 0.0980392157 0.0980392157
v 57.454006195068359 41.219406127929688 24.312957763671875 0.0980392157 0.0980392157 0.0980392157
v 44.958950042724609 45.871963500976562 14.305956840515137 0.0980392157 0.0980392157 0.0980392157
v 52.350391387939453 40.554439544677734 28.285867691040039 0.0980392157 0.0980392157 0.0980392157
v 38.805950164794922 43.846710205078125 20.597366333007812 0.0980392157 0.0980392157 0.0980392157
v 69.497329711914062 39.342857360839844 24.017860412597656 0.0980392157 0.0980392157 0.0980392157
v 71.592231750488281 35.127475738525391 29.877517700195312 0.0980392157 0.0980392157 0.0980392157
v 57.454006195068359 41.219406127929688 24.312957763671875 0.0980392157 0.0980392157 0.0980392157
v 63.069004058837891 35.588687896728516 35.555992126464844 0.0980392157 0.0980392157 0.0980392157
v 50.393016815185547 38.233325958251953 32.521591186523438 0.0980392157 0.0980392157 0.0980392157
v 61.327423095703125 33.98016357421875 36.515434265136719 0.0980392157 0.0980392157 0.0980392157
v 61.977531433105469 32.408767700195312 40.544639587402344 0.0980392157 0.0980392157 0.0980392157
v 25.315725326538086 42.171478271484375 18.920980453491211 0.0980392157 0.0980392157 0.0980392157
v 27.546792984008789 44.720802307128906 17.077236175537109 0.0980392157 0.0980392157 0.0980392157
v 37.328407287597656 41.454380035400391 22.135509490966797 0.0980392157 0.0980392157 0.0980392157
v 28.763721466064453 46.970634460449219 18.514060974121094 0.0980392157 0.0980392157 0.0980392157
v 22.557498931884766 43.133010864257812 21.252468109130859 0.0980392157 0.0980392157 0.0980392157
v 34.404064178466797 43.079257965087891 23.131002426147461 0.0980392157 0.0980392157 0.0980392157
v 45.253780364990234 44.833225250244141 25.25096321105957 0.0980392157 0.0980392157 0.0980392157
v 59.641536712646484 42.780887603759766 26.081283569335938 0.0980392157 0.0980392157 0.0980392157
v 60.511043548583984 46.030544281005859 18.399696350097656 0.0980392157 0.0980392157 0.0980392157
v 45.253780364990234 44.833225250244141 25.25096321105957 0.0980392157 0.0980392157 0.0980392157
v 69.511428833007812 38.538787841796875 30.169239044189453 0.0980392157 0.0980392157 0.0980392157
v 71.902252197265625 42.269271850585938 23.248699188232422 0.0980392157 0.0980392157 0.0980392157
v 59.641536712646484 42.780887603759766 26.081283569335938 0.0980392157 0.0980392157 0.0980392157
v 81.370407104492188 36.692173004150391 24.952716827392578 0.0980392157 0.0980392157 0.0980392157
v 85.792839050292969 36.769542694091797 26.528017044067383 0.0980392157 0.0980392157 0.0980392157
v 111.33970642089844 30.1937255859375 22.568502426147461 0.0980392157 0.0980392157 0.0980392157
v 71.902252197265625 42.269271850585938 23.248699188232422 0.0980392157 0.0980392157 0.0980392157
v 111.42723846435547 30.561550140380859 19.612312316894531 0.0980392157 0.0980392157 0.0980392157
v 82.073150634765625 37.348575592041016 23.659658432006836 0.0980392157 0.0980392157 0.0980392157
v 105.32833862304688 30.5870361328125 21.55274772644043 0.0980392157 0.0980392157 0.0980392157
v 100.36843109130859 34.799903869628906 23.113866806030273 0.0980392157 0.0980392157 0.0980392157
v 111.42723846435547 30.561550140380859 19.612312316894531 0.0980392157 0.0980392157 0.0980392157
v 124.03766632080078 28.506937026977539 19.001838684082031 0.0980392157 0.0980392157 0.0980392157
v 82.073150634765625 37.348575592041016 23.659658432006836 0.0980392157 0.0980392157 0.0980392157
v 135.48011779785156 23.88081169128418 14.932465553283691 0.0980392157 0.0980392157 0.0980392157
v 82.073150634765625 37.348575592041016 23.659658432006836 0.0980392157 0.0980392157 0.0980392157
v 86.173934936523438 38.063526153564453 24.589153289794922 0.0980392157 0.0980392157 0.0980392157
v 77.489189147949219 41.258426666259766 23.13676643371582 0.0980392157 0.0980392157 0.0980392157
v 62.274452209472656 49.654869079589844 -12.923850059509277 0.0980392157 0.0980392157 0.0980392157
v 62.277809143066406 48.219627380371094 -20.778524398803711 0.0980392157 0.0980392157 0.0980392157
v 67.867568969726562 50.431838989257812 -18.008174896240234 0.0980392157 0.0980392157 0.0980392157
v 67.867568969726562 50.431838989257812 -18.008174896240234 0.0980392157 0.0980392157 0.0980392157
v 62.277809143066406 48.219627380371094 -20.778524398803711 0.0980392157 0.0980392157 0.0980392157
v 70.5201416015625 49.355731964111328 -22.969980239868164 0.0980392157 0.0980392157 0.0980392157
v 81.279045104980469 48.683132171630859 -24.066532135009766 0.0980392157 0.0980392157 0.0980392157
v 74.066246032714844 50.209598541259766 -21.843324661254883 0.0980392157 0.0980392157 0.0980392157
v 53.238918304443359 44.442378997802734 -17.641830444335938 0.0980392157 0.0980392157 0.0980392157
v 60.273941040039062 47.522594451904297 -19.203323364257812 0.0980392157 0.0980392157 0.0980392157
v 71.602287292480469 52.308582305908203 -23.195516586303711 0.0980392157 0.0980392157 0.0980392157
v 70.5201416015625 49.355731964111328 -22.969980239868164 0.0980392157 0.0980392157 0.0980392157
v 62.277809143066406 48.219627380371094 -20.778524398803711 0.0980392157 0.0980392157 0.0980392157
v 63.400741577148438 52.515422821044922 -14.153524398803711 0.0980392157 0.0980392157 0.0980392157
v 61.971820831298828 50.605930328369141 -21.067958831787109 0.0980392157 0.0980392157 0.0980392157
v 51.001720428466797 48.102809906005859 -12.521971702575684 0.0980392157 0.0980392157 0.0980392157
v 53.238918304443359 44.442378997802734 -17.641830444335938 0.0980392157 0.0980392157 0.0980392157
v 61.971820831298828 50.605930328369141 -21.067958831787109 0.0980392157 0.0980392157 0.0980392157
v 62.277809143066406 48.219627380371094 -20.778524398803711 0.0980392157 0.0980392157 0.0980392157
v -38.059906005859375 30.004268646240234 -5.6882648468017578 0.0980392157 0.0980392157 0.0980392157
v -37.604545593261719 30.001825332641602 -3.187342643737793 0.0980392157 0.0980392157 0.0980392157
v -41.582649230957031 32.562408447265625 -3.2009890079498291 0.0980392157 0.0980392157 0.0980392157
v -41.539745330810547 32.951030731201172 -5.6834921836853027 0.0980392157 0.0980392157 0.0980392157
v 45.472919464111328 42.973636627197266 -5.6948990821838379 0.0980392157 0.0980392157 0.0980392157
v 37.693916320800781 42.970687866210938 -9.0043544769287109 0.0980392157 0.0980392157 0.0980392157
v 45.482521057128906 42.998638153076172 -12.787080764770508 0.0980392157 0.0980392157 0.0980392157
v -39.495475769042969 42.974765777587891 -7.9879817962646484 0.0980392157 0.0980392157 0.0980392157
v -29.215572357177734 42.416477203369141 -9.506525993347168 0.0980392157 0.0980392157 0.0980392157
v 23.767862319946289 42.970661163330078 -7.9070863723754883 0.0980392157 0.0980392157 0.0980392157
v -41.735733032226562 42.993324279785156 -5.6903409957885742 0.0980392157 0.0980392157 0.0980392157
v 51.274467468261719 35.764331817626953 -6.9797139167785645 0.0980392157 0.0980392157 0.0980392157
v 51.267593383789062 43.908935546875 -16.013849258422852 0.0980392157 0.0980392157 0.0980392157
v 53.274433135986328 36.4613037109375 -7.7559456825256348 0.0980392157 0.0980392157 0.0980392157
v 45.472919464111328 42.973636627197266 -5.6948990821838379 0.0980392157 0.0980392157 0.0980392157
v 45.482521057128906 42.998638153076172 -12.787080764770508 0.0980392157 0.0980392157 0.0980392157
v 45.500053405761719 47.397686004638672 -5.7561488151550293 0.0980392157 0.0980392157 0.0980392157
v 45.482521057128906 42.998638153076172 -12.787080764770508 0.0980392157 0.0980392157 0.0980392157
v 51.267593383789062 43.908935546875 -16.013849258422852 0.0980392157 0.0980392157 0.0980392157
v 51.256214141845703 48.186355590820312 -6.8638520240783691 0.0980392157 0.0980392157 0.0980392157
v 45.500053405761719 47.397686004638672 -5.7561488151550293 0.0980392157 0.0980392157 0.0980392157
v 51.274467468261719 35.764331817626953 -6.9797139167785645 0.0980392157 0.0980392157 0.0980392157
v 51.256214141845703 48.186355590820312 -6.8638520240783691 0.0980392157 0.0980392157 0.0980392157
v 51.267593383789062 43.908935546875 -16.013849258422852 0.0980392157 0.0980392157 0.0980392157
v 53.274433135986328 48.370269775390625 -7.7559456825256348 0.0980392157 0.0980392157 0.0980392157
v 53.238918304443359 44.442378997802734 -17.641830444335938 0.0980392157 0.0980392157 0.0980392157
v 60.223960876464844 49.373569488525391 -11.062429428100586 0.0980392157 0.0980392157 0.0980392157
v 53.274433135986328 36.4613037109375 -7.7559456825256348 0.0980392157 0.0980392157 0.0980392157
v 53.238918304443359 44.442378997802734 -17.641830444335938 0.0980392157 0.0980392157 0.0980392157
v 53.274433135986328 48.370269775390625 -7.7559456825256348 0.0980392157 0.0980392157 0.0980392157
v 62.274440765380859 40.185699462890625 -12.924505233764648 0.0980392157 0.0980392157 0.0980392157
v 62.277809143066406 48.219627380371094 -20.778524398803711 0.0980392157 0.0980392157 0.0980392157
v 62.274452209472656 49.654869079589844 -12.923850059509277 0.0980392157 0.0980392157 0.0980392157
v 60.100742340087891 37.317424774169922 -10.863347053527832 0.0980392157 0.0980392157 0.0980392157
v 60.223960876464844 49.373569488525391 -11.062429428100586 0.0980392157 0.0980392157 0.0980392157
v 60.273941040039062 47.522594451904297 -19.203323364257812 0.0980392157 0.0980392157 0.0980392157
v 62.277809143066406 48.219627380371094 -20.778524398803711 0.0980392157 0.0980392157 0.0980392157
v 62.274440765380859 40.185699462890625 -12.924505233764648 0.0980392157 0.0980392157 0.0980392157
v 60.273941040039062 47.522594451904297 -19.203323364257812 0.0980392157 0.0980392157 0.0980392157
v -63.391399383544922 37.650283813476562 -11.345084190368652 0.0980392157 0.0980392157 0.0980392157
v -70.14630126953125 30.336624145507812 -12.223182678222656 0.0980392157 0.0980392157 0.0980392157
v -70.191749572753906 34.211677551269531 -12.464065551757812 0.0980392157 0.0980392157 0.0980392157
v -53.833839416503906 41.71368408203125 -10.26861572265625 0.0980392157 0.0980392157 0.0980392157
v -58.873813629150391 42.741794586181641 -11.244192123413086 0.0980392157 0.0980392157 0.0980392157
v -43.585422515869141 44.430076599121094 -10.780592918395996 0.0980392157 0.0980392157 0.0980392157
v -29.215572357177734 42.416477203369141 -9.506525993347168 0.0980392157 0.0980392157 0.0980392157
v 14.750107765197754 40.813625335693359 -10.378704071044922 0.0980392157 0.0980392157 0.0980392157
v 23.767862319946289 42.970661163330078 -7.9070863723754883 0.0980392157 0.0980392157 0.0980392157
v -53.833839416503906 41.71368408203125 -10.26861572265625 0.0980392157 0.0980392157 0.0980392157
v -51.400379180908203 42.132553100585938 -5.948206901550293 0.0980392157 0.0980392157 0.0980392157
v -54.468013763427734 40.565353393554688 -8.5777587890625 0.0980392157 0.0980392157 0.0980392157
v -39.495475769042969 42.974765777587891 -7.9879817962646484 0.0980392157 0.0980392157 0.0980392157
v -41.735733032226562 42.993324279785156 -5.6903409957885742 0.0980392157 0.0980392157 0.0980392157
v -53.833839416503906 41.71368408203125 -10.26861572265625 0.0980392157 0.0980392157 0.0980392157
v -77.769500732421875 26.434349060058594 6.7947006225585938 0.0980392157 0.0980392157 0.0980392157
v -74.001434326171875 30.629064559936523 2.6185154914855957 0.0980392157 0.0980392157 0.0980392157
v -71.644493103027344 33.804183959960938 8.2690839767456055 0.0980392157 0.0980392157 0.0980392157
v -67.399208068847656 35.389804840087891 -6.0664091110229492 0.0980392157 0.0980392157 0.0980392157
v -67.399208068847656 35.389804840087891 -6.0664091110229492 0.0980392157 0.0980392157 0.0980392157
v -67.248985290527344 37.113468170166016 9.8389930725097656 0.0980392157 0.0980392157 0.0980392157
v -75.919197082519531 28.295921325683594 15.712429046630859 0.0980392157 0.0980392157 0.0980392157
v -82.664329528808594 17.768877029418945 19.701608657836914 0.0980392157 0.0980392157 0.0980392157
v -65.158065795898438 30.205062866210938 34.576725006103516 0.0980392157 0.0980392157 0.0980392157
v -77.993385314941406 18.098873138427734 36.814060211181641 0.0980392157 0.0980392157 0.0980392157
v -72.337982177734375 27.916152954101562 28.645200729370117 0.0980392157 0.0980392157 0.0980392157
v -80.134231567382812 19.843854904174805 29.033349990844727 0.0980392157 0.0980392157 0.0980392157
v -72.416114807128906 30.941078186035156 20.257928848266602 0.0980392157 0.0980392157 0.0980392157
v -77.769500732421875 26.434349060058594 6.7947006225585938 0.0980392157 0.0980392157 0.0980392157
v -84.872238159179688 11.339646339416504 11.545259475708008 0.0980392157 0.0980392157 0.0980392157
v -79.71966552734375 20.920017242431641 2.7293686866760254 0.0980392157 0.0980392157 0.0980392157
v -73.894203186035156 26.984100341796875 -6.0608119964599609 0.0980392157 0.0980392157 0.0980392157
v -74.001434326171875 30.629064559936523 2.6185154914855957 0.0980392157 0.0980392157 0.0980392157
v -82.664329528808594 17.768877029418945 19.701608657836914 0.0980392157 0.0980392157 0.0980392157
v -79.031044006347656 8.451420783996582 -6.0610446929931641 0.0980392157 0.0980392157 0.0980392157
v -73.894203186035156 26.984100341796875 -6.0608119964599609 0.0980392157 0.0980392157 0.0980392157
v -77.784278869628906 16.576059341430664 -5.2287697792053223 0.0980392157 0.0980392157 0.0980392157
v -78.967643737792969 -10.256166458129883 -6.0743889808654785 0.0980392157 0.0980392157 0.0980392157
v -74.8736572265625 -25.461347579956055 -6.068626880645752 0.0980392157 0.0980392157 0.0980392157
v -67.399208068847656 35.389804840087891 -6.0664091110229492 0.0980392157 0.0980392157 0.0980392157
v -67.3516845703125 -35.425018310546875 -6.066502571105957 0.0980392157 0.0980392157 0.0980392157
v -59.159999847412109 39.910926818847656 -6.0673575401306152 0.0980392157 0.0980392157 0.0980392157
v -51.400379180908203 42.132553100585938 -5.948206901550293 0.0980392157 0.0980392157 0.0980392157
v -54.561805725097656 38.943714141845703 -6.0679426193237305 0.0980392157 0.0980392157 0.0980392157
v -51.674995422363281 -42.056224822998047 -6.0331439971923828 0.0980392157 0.0980392157 0.0980392157
v -54.565376281738281 -38.700641632080078 -6.068483829498291 0.0980392157 0.0980392157 0.0980392157
v -59.1185302734375 -39.926170349121094 -6.0673503875732422 0.0980392157 0.0980392157 0.0980392157
v -47.382400512695312 38.646148681640625 25.953994750976562 0.0980392157 0.0980392157 0.0980392157
v -51.328083038330078 35.443992614746094 27.20001220703125 0.0980392157 0.0980392157 0.0980392157
v -46.846599578857422 37.619705200195312 22.570629119873047 0.0980392157 0.0980392157 0.0980392157
v -55.988689422607422 28.696218490600586 38.620922088623047 0.0980392157 0.0980392157 0.0980392157
v -52.867439270019531 30.010902404785156 38.788894653320312 0.0980392157 0.0980392157 0.0980392157
v -50.530368804931641 36.458774566650391 30.559511184692383 0.0980392157 0.0980392157 0.0980392157
v -43.430564880371094 40.639766693115234 18.352991104125977 0.0980392157 0.0980392157 0.0980392157
v -49.98077392578125 37.952526092529297 21.012794494628906 0.0980392157 0.0980392157 0.0980392157
v -52.826999664306641 40.098892211914062 20.61811637878418 0.0980392157 0.0980392157 0.0980392157
v -54.087043762207031 35.230220794677734 25.619428634643555 0.0980392157 0.0980392157 0.0980392157
v -55.988689422607422 28.696218490600586 38.620922088623047 0.0980392157 0.0980392157 0.0980392157
v -58.579334259033203 30.239675521850586 38.998245239257812 0.0980392157 0.0980392157 0.0980392157
v -55.358646392822266 19.910612106323242 47.777175903320312 0.0980392157 0.0980392157 0.0980392157
v -52.867439270019531 30.010902404785156 38.788894653320312 0.0980392157 0.0980392157 0.0980392157
v -52.649330139160156 23.192625045776367 46.944835662841797 0.0980392157 0.0980392157 0.0980392157
v -67.675796508789062 21.524599075317383 43.130481719970703 0.0980392157 0.0980392157 0.0980392157
v -58.579334259033203 30.239675521850586 38.998245239257812 0.0980392157 0.0980392157 0.0980392157
v -58.531333923339844 23.282360076904297 46.782360076904297 0.0980392157 0.0980392157 0.0980392157
v -62.426483154296875 38.058334350585938 21.255283355712891 0.0980392157 0.0980392157 0.0980392157
v -57.453880310058594 36.371990203857422 27.822065353393555 0.0980392157 0.0980392157 0.0980392157
v -65.158065795898438 30.205062866210938 34.576725006103516 0.0980392157 0.0980392157 0.0980392157
v 30.450860977172852 45.827884674072266 14.163735389709473 0.0980392157 0.0980392157 0.0980392157
v 44.958950042724609 45.871963500976562 14.305956840515137 0.0980392157 0.0980392157 0.0980392157
v 38.805950164794922 43.846710205078125 20.597366333007812 0.0980392157 0.0980392157 0.0980392157
v -27.827449798583984 41.668636322021484 21.905471801757812 0.0980392157 0.0980392157 0.0980392157
v -1.3067206144332886 43.952621459960938 18.568901062011719 0.0980392157 0.0980392157 0.0980392157
v -36.388202667236328 39.429950714111328 26.225481033325195 0.0980392157 0.0980392157 0.0980392157
v -47.382400512695312 38.646148681640625 25.953994750976562 0.0980392157 0.0980392157 0.0980392157
v -47.382400512695312 38.646148681640625 25.953994750976562 0.0980392157 0.0980392157 0.0980392157
v -36.388202667236328 39.429950714111328 26.225481033325195 0.0980392157 0.0980392157 0.0980392157
v -44.823112487792969 36.627738952636719 32.049766540527344 0.0980392157 0.0980392157 0.0980392157
v -47.559555053710938 31.333847045898438 42.309257507324219 0.0980392157 0.0980392157 0.0980392157
v -51.6373291015625 31.101902008056641 41.600700378417969 0.0980392157 0.0980392157 0.0980392157
v 35.779811859130859 41.214744567871094 24.276798248291016 0.0980392157 0.0980392157 0.0980392157
v 24.557744979858398 41.740806579589844 21.663089752197266 0.0980392157 0.0980392157 0.0980392157
v 25.315725326538086 42.171478271484375 18.920980453491211 0.0980392157 0.0980392157 0.0980392157
v 25.315725326538086 42.171478271484375 18.920980453491211 0.0980392157 0.0980392157 0.0980392157
v 0.44906887412071228 40.918785095214844 21.062158584594727 0.0980392157 0.0980392157 0.0980392157
v -1.3067206144332886 43.952621459960938 18.568901062011719 0.0980392157 0.0980392157 0.0980392157
v -36.388202667236328 39.429950714111328 26.225481033325195 0.0980392157 0.0980392157 0.0980392157
v 35.779811859130859 41.214744567871094 24.276798248291016 0.0980392157 0.0980392157 0.0980392157
v 34.404064178466797 43.079257965087891 23.131002426147461 0.0980392157 0.0980392157 0.0980392157
v 24.557744979858398 41.740806579589844 21.663089752197266 0.0980392157 0.0980392157 0.0980392157
v 50.393016815185547 38.233325958251953 32.521591186523438 0.0980392157 0.0980392157 0.0980392157
v 24.557744979858398 41.740806579589844 21.663089752197266 0.0980392157 0.0980392157 0.0980392157
v 34.404064178466797 43.079257965087891 23.131002426147461 0.0980392157 0.0980392157 0.0980392157
v 22.557498931884766 43.133010864257812 21.252468109130859 0.0980392157 0.0980392157 0.0980392157
v 22.557498931884766 43.133010864257812 21.252468109130859 0.0980392157 0.0980392157 0.0980392157
v 28.763721466064453 46.970634460449219 18.514060974121094 0.0980392157 0.0980392157 0.0980392157
v 1.0934292078018188 45.622322082519531 20.544075012207031 0.0980392157 0.0980392157 0.0980392157
v -21.600919723510742 43.486164093017578 24.466690063476562 0.0980392157 0.0980392157 0.0980392157
v -11.991897583007812 40.421737670898438 25.698549270629883 0.0980392157 0.0980392157 0.0980392157
v -35.840564727783203 36.552173614501953 31.471059799194336 0.0980392157 0.0980392157 0.0980392157
v 45.253780364990234 44.833225250244141 25.25096321105957 0.0980392157 0.0980392157 0.0980392157
v 46.995540618896484 48.675464630126953 13.134686470031738 0.0980392157 0.0980392157 0.0980392157
v 28.763721466064453 46.970634460449219 18.514060974121094 0.0980392157 0.0980392157 0.0980392157
v 60.511043548583984 46.030544281005859 18.399696350097656 0.0980392157 0.0980392157 0.0980392157
v 71.902252197265625 42.269271850585938 23.248699188232422 0.0980392157 0.0980392157 0.0980392157
v 61.975559234619141 43.742671966552734 18.072910308837891 0.0980392157 0.0980392157 0.0980392157
v 46.995540618896484 48.675464630126953 13.134686470031738 0.0980392157 0.0980392157 0.0980392157
v 43.843257904052734 47.110588073730469 11.582799911499023 0.0980392157 0.0980392157 0.0980392157
v -22.852640151977539 45.622657775878906 19.521490097045898 0.0980392157 0.0980392157 0.0980392157
v 1.0934292078018188 45.622322082519531 20.544075012207031 0.0980392157 0.0980392157 0.0980392157
v 35.159870147705078 49.393093109130859 12.148553848266602 0.0980392157 0.0980392157 0.0980392157
v 49.961048126220703 47.091938018798828 11.439211845397949 0.0980392157 0.0980392157 0.0980392157
v 64.484458923339844 43.524127960205078 17.353046417236328 0.0980392157 0.0980392157 0.0980392157
v 48.237346649169922 49.416114807128906 11.314725875854492 0.0980392157 0.0980392157 0.0980392157
v 43.284873962402344 53.353675842285156 1.3516908884048462 0.0980392157 0.0980392157 0.0980392157
v 48.237346649169922 49.416114807128906 11.314725875854492 0.0980392157 0.0980392157 0.0980392157
v 61.046012878417969 49.805995941162109 8.9403924942016602 0.0980392157 0.0980392157 0.0980392157
v 43.943767547607422 50.556163787841797 -4.9878802299499512 0.0980392157 0.0980392157 0.0980392157
v 39.228446960449219 45.803218841552734 -10.119625091552734 0.0980392157 0.0980392157 0.0980392157
v 23.626779556274414 50.359901428222656 -2.2706153392791748 0.0980392157 0.0980392157 0.0980392157
v -4.1770648956298828 48.265720367431641 -4.0178594589233398 0.0980392157 0.0980392157 0.0980392157
v 15.108538627624512 46.762657165527344 -7.5039339065551758 0.0980392157 0.0980392157 0.0980392157
v 43.284873962402344 53.353675842285156 1.3516908884048462 0.0980392157 0.0980392157 0.0980392157
v 51.001720428466797 48.102809906005859 -12.521971702575684 0.0980392157 0.0980392157 0.0980392157
v 39.856559753417969 42.155185699462891 -15.025223731994629 0.0980392157 0.0980392157 0.0980392157
v 61.971820831298828 50.605930328369141 -21.067958831787109 0.0980392157 0.0980392157 0.0980392157
v 53.238918304443359 44.442378997802734 -17.641830444335938 0.0980392157 0.0980392157 0.0980392157
v 23.767862319946289 42.970661163330078 -7.9070863723754883 0.0980392157 0.0980392157 0.0980392157
v 14.750107765197754 40.813625335693359 -10.378704071044922 0.0980392157 0.0980392157 0.0980392157
v 33.228919982910156 38.800930023193359 -12.004086494445801 0.0980392157 0.0980392157 0.0980392157
v 53.238918304443359 44.442378997802734 -17.641830444335938 0.0980392157 0.0980392157 0.0980392157
v 45.482521057128906 42.998638153076172 -12.787080764770508 0.0980392157 0.0980392157 0.0980392157
v 51.267593383789062 43.908935546875 -16.013849258422852 0.0980392157 0.0980392157 0.0980392157
v -66.285621643066406 38.628440856933594 -11.855534553527832 0.0980392157 0.0980392157 0.0980392157
v -75.068916320800781 33.082241058349609 1.8702614307403564 0.0980392157 0.0980392157 0.0980392157
v -68.014984130859375 38.556365966796875 -1.4507514238357544 0.0980392157 0.0980392157 0.0980392157
v -66.285621643066406 38.628440856933594 -11.855534553527832 0.0980392157 0.0980392157 0.0980392157
v -63.391399383544922 37.650283813476562 -11.345084190368652 0.0980392157 0.0980392157 0.0980392157
v -70.191749572753906 34.211677551269531 -12.464065551757812 0.0980392157 0.0980392157 0.0980392157
v -19.689926147460938 44.195640563964844 -11.117420196533203 0.0980392157 0.0980392157 0.0980392157
v 14.750107765197754 40.813625335693359 -10.378704071044922 0.0980392157 0.0980392157 0.0980392157
v -29.215572357177734 42.416477203369141 -9.506525993347168 0.0980392157 0.0980392157 0.0980392157
v 6.610809326171875 42.991786956787109 -11.877820014953613 0.0980392157 0.0980392157 0.0980392157
v -43.585422515869141 44.430076599121094 -10.780592918395996 0.0980392157 0.0980392157 0.0980392157
v -58.399551391601562 -3.2336220741271973 55.237686157226562 0.0980392157 0.0980392157 0.0980392157
v -75.138687133789062 -1.2585597038269043 47.425945281982422 0.0980392157 0.0980392157 0.0980392157
v -58.484634399414062 6.8217792510986328 54.692520141601562 0.0980392157 0.0980392157 0.0980392157
v -67.675796508789062 21.524599075317383 43.130481719970703 0.0980392157 0.0980392157 0.0980392157
v -58.531333923339844 23.282360076904297 46.782360076904297 0.0980392157 0.0980392157 0.0980392157
v -58.316398620605469 14.993167877197266 52.179409027099609 0.0980392157 0.0980392157 0.0980392157
v -75.760368347167969 9.8909397125244141 45.135169982910156 0.0980392157 0.0980392157 0.0980392157
v -77.993385314941406 18.098873138427734 36.814060211181641 0.0980392157 0.0980392157 0.0980392157
v -82.19671630859375 11.068625450134277 2.3385035991668701 0.0980392157 0.0980392157 0.0980392157
v -79.71966552734375 20.920017242431641 2.7293686866760254 0.0980392157 0.0980392157 0.0980392157
v -84.872238159179688 11.339646339416504 11.545259475708008 0.0980392157 0.0980392157 0.0980392157
v -77.784278869628906 16.576059341430664 -5.2287697792053223 0.0980392157 0.0980392157 0.0980392157
v -79.906822204589844 0.84554284811019897 -3.4319450855255127 0.0980392157 0.0980392157 0.0980392157
v -73.894203186035156 26.984100341796875 -6.0608119964599609 0.0980392157 0.0980392157 0.0980392157
v -54.468013763427734 40.565353393554688 -8.5777587890625 0.0980392157 0.0980392157 0.0980392157
v -54.561805725097656 38.943714141845703 -6.0679426193237305 0.0980392157 0.0980392157 0.0980392157
v -54.520137786865234 -40.93072509765625 -8.5676851272583008 0.0980392157 0.0980392157 0.0980392157
v -79.906822204589844 0.84554284811019897 -3.4319450855255127 0.0980392157 0.0980392157 0.0980392157
v -78.967643737792969 -10.256166458129883 -6.0743889808654785 0.0980392157 0.0980392157 0.0980392157
v -79.031044006347656 8.451420783996582 -6.0610446929931641 0.0980392157 0.0980392157 0.0980392157
v -77.784278869628906 16.576059341430664 -5.2287697792053223 0.0980392157 0.0980392157 0.0980392157
v -54.785694122314453 -0.03762441873550415 54.225040435791016 0.0980392157 0.0980392157 0.0980392157
v -55.226524353027344 11.170685768127441 52.144027709960938 0.0980392157 0.0980392157 0.0980392157
v -52.059059143066406 2.2757472991943359 56.155452728271484 0.0980392157 0.0980392157 0.0980392157
v -52.649330139160156 23.192625045776367 46.944835662841797 0.0980392157 0.0980392157 0.0980392157
v -51.550666809082031 21.280317306518555 51.514678955078125 0.0980392157 0.0980392157 0.0980392157
v -52.385578155517578 15.482834815979004 52.335494995117188 0.0980392157 0.0980392157 0.0980392157
v -58.531333923339844 23.282360076904297 46.782360076904297 0.0980392157 0.0980392157 0.0980392157
v -58.316398620605469 14.993167877197266 52.179409027099609 0.0980392157 0.0980392157 0.0980392157
v -55.988689422607422 28.696218490600586 38.620922088623047 0.0980392157 0.0980392157 0.0980392157
v -55.358646392822266 19.910612106323242 47.777175903320312 0.0980392157 0.0980392157 0.0980392157
v -58.484634399414062 6.8217792510986328 54.692520141601562 0.0980392157 0.0980392157 0.0980392157
v -58.399551391601562 -3.2336220741271973 55.237686157226562 0.0980392157 0.0980392157 0.0980392157
v -51.6373291015625 31.101902008056641 41.600700378417969 0.0980392157 0.0980392157 0.0980392157
v -51.419990539550781 0.63814032077789307 58.354976654052734 0.0980392157 0.0980392157 0.0980392157
v -51.509140014648438 12.346172332763672 56.055397033691406 0.0980392157 0.0980392157 0.0980392157
v -36.090213775634766 36.798526763916016 28.282730102539062 0.0980392157 0.0980392157 0.0980392157
v -42.257511138916016 34.202709197998047 33.726383209228516 0.0980392157 0.0980392157 0.0980392157
v -44.823112487792969 36.627738952636719 32.049766540527344 0.0980392157 0.0980392157 0.0980392157
v -47.559555053710938 31.333847045898438 42.309257507324219 0.0980392157 0.0980392157 0.0980392157
v -44.399768829345703 30.919876098632812 40.485149383544922 0.0980392157 0.0980392157 0.0980392157
v 25.315725326538086 42.171478271484375 18.920980453491211 0.0980392157 0.0980392157 0.0980392157
v 24.557744979858398 41.740806579589844 21.663089752197266 0.0980392157 0.0980392157 0.0980392157
v -5.380159854888916 40.14666748046875 24.444345474243164 0.0980392157 0.0980392157 0.0980392157
v 0.44906887412071228 40.918785095214844 21.062158584594727 0.0980392157 0.0980392157 0.0980392157
v -5.380159854888916 40.14666748046875 24.444345474243164 0.0980392157 0.0980392157 0.0980392157
v -35.840564727783203 36.552173614501953 31.471059799194336 0.0980392157 0.0980392157 0.0980392157
v -36.090213775634766 36.798526763916016 28.282730102539062 0.0980392157 0.0980392157 0.0980392157
v 22.557498931884766 43.133010864257812 21.252468109130859 0.0980392157 0.0980392157 0.0980392157
v -11.991897583007812 40.421737670898438 25.698549270629883 0.0980392157 0.0980392157 0.0980392157
v -5.380159854888916 40.14666748046875 24.444345474243164 0.0980392157 0.0980392157 0.0980392157
v 24.557744979858398 41.740806579589844 21.663089752197266 0.0980392157 0.0980392157 0.0980392157
v -5.380159854888916 40.14666748046875 24.444345474243164 0.0980392157 0.0980392157 0.0980392157
v -11.991897583007812 40.421737670898438 25.698549270629883 0.0980392157 0.0980392157 0.0980392157
v -35.840564727783203 36.552173614501953 31.471059799194336 0.0980392157 0.0980392157 0.0980392157
v -39.299922943115234 40.940692901611328 28.772199630737305 0.0980392157 0.0980392157 0.0980392157
v -43.858486175537109 39.159500122070312 32.662471771240234 0.0980392157 0.0980392157 0.0980392157
v -40.612953186035156 34.436412811279297 36.370967864990234 0.0980392157 0.0980392157 0.0980392157
v 46.995540618896484 48.675464630126953 13.134686470031738 0.0980392157 0.0980392157 0.0980392157
v 43.843257904052734 47.110588073730469 11.582799911499023 0.0980392157 0.0980392157 0.0980392157
v 35.159870147705078 49.393093109130859 12.148553848266602 0.0980392157 0.0980392157 0.0980392157
v 30.855991363525391 47.196773529052734 11.627473831176758 0.0980392157 0.0980392157 0.0980392157
v 49.961048126220703 47.091938018798828 11.439211845397949 0.0980392157 0.0980392157 0.0980392157
v 40.122848510742188 47.853740692138672 9.2877693176269531 0.0980392157 0.0980392157 0.0980392157
v 64.484458923339844 43.524127960205078 17.353046417236328 0.0980392157 0.0980392157 0.0980392157
v 61.975559234619141 43.742671966552734 18.072910308837891 0.0980392157 0.0980392157 0.0980392157
v 43.843257904052734 47.110588073730469 11.582799911499023 0.0980392157 0.0980392157 0.0980392157
v 81.370407104492188 36.692173004150391 24.952716827392578 0.0980392157 0.0980392157 0.0980392157
v 82.073150634765625 37.348575592041016 23.659658432006836 0.0980392157 0.0980392157 0.0980392157
v -43.858486175537109 39.159500122070312 32.662471771240234 0.0980392157 0.0980392157 0.0980392157
v -39.299922943115234 40.940692901611328 28.772199630737305 0.0980392157 0.0980392157 0.0980392157
v -46.093124389648438 42.310993194580078 23.855829238891602 0.0980392157 0.0980392157 0.0980392157
v -51.970680236816406 40.214805603027344 27.254709243774414 0.0980392157 0.0980392157 0.0980392157
v -53.964431762695312 37.213794708251953 34.063156127929688 0.0980392157 0.0980392157 0.0980392157
v -47.65887451171875 33.602310180664062 43.630790710449219 0.0980392157 0.0980392157 0.0980392157
v 2.7169363498687744 45.824592590332031 14.847002983093262 0.0980392157 0.0980392157 0.0980392157
v -22.852640151977539 45.622657775878906 19.521490097045898 0.0980392157 0.0980392157 0.0980392157
v 35.159870147705078 49.393093109130859 12.148553848266602 0.0980392157 0.0980392157 0.0980392157
v -27.051536560058594 43.246852874755859 19.448469161987305 0.0980392157 0.0980392157 0.0980392157
v -22.852640151977539 45.622657775878906 19.521490097045898 0.0980392157 0.0980392157 0.0980392157
v 2.7169363498687744 45.824592590332031 14.847002983093262 0.0980392157 0.0980392157 0.0980392157
v 30.855991363525391 47.196773529052734 11.627473831176758 0.0980392157 0.0980392157 0.0980392157
v 35.159870147705078 49.393093109130859 12.148553848266602 0.0980392157 0.0980392157 0.0980392157
v -45.747669219970703 40.40069580078125 22.921140670776367 0.0980392157 0.0980392157 0.0980392157
v 34.444664001464844 50.136310577392578 10.208412170410156 0.0980392157 0.0980392157 0.0980392157
v 40.122848510742188 47.853740692138672 9.2877693176269531 0.0980392157 0.0980392157 0.0980392157
v 48.237346649169922 49.416114807128906 11.314725875854492 0.0980392157 0.0980392157 0.0980392157
v 49.961048126220703 47.091938018798828 11.439211845397949 0.0980392157 0.0980392157 0.0980392157
v -8.9393424987792969 47.557609558105469 15.513546943664551 0.0980392157 0.0980392157 0.0980392157
v -26.652400970458984 48.625682830810547 11.356905937194824 0.0980392157 0.0980392157 0.0980392157
v -31.694822311401367 45.407024383544922 19.093183517456055 0.0980392157 0.0980392157 0.0980392157
v 8.8924140930175781 51.346111297607422 6.3116416931152344 0.0980392157 0.0980392157 0.0980392157
v -47.781185150146484 45.776687622070312 14.662138938903809 0.0980392157 0.0980392157 0.0980392157
v -50.881038665771484 42.062427520751953 23.247573852539062 0.0980392157 0.0980392157 0.0980392157
v 23.626779556274414 50.359901428222656 -2.2706153392791748 0.0980392157 0.0980392157 0.0980392157
v -4.1770648956298828 48.265720367431641 -4.0178594589233398 0.0980392157 0.0980392157 0.0980392157
v 13.179104804992676 51.121585845947266 2.1008157730102539 0.0980392157 0.0980392157 0.0980392157
v -48.789196014404297 45.528121948242188 2.9924802780151367 0.0980392157 0.0980392157 0.0980392157
v -47.781185150146484 45.776687622070312 14.662138938903809 0.0980392157 0.0980392157 0.0980392157
v -26.652400970458984 48.625682830810547 11.356905937194824 0.0980392157 0.0980392157 0.0980392157
v 8.8924140930175781 51.346111297607422 6.3116416931152344 0.0980392157 0.0980392157 0.0980392157
v -27.969690322875977 48.28704833984375 2.5646381378173828 0.0980392157 0.0980392157 0.0980392157
v 43.284873962402344 53.353675842285156 1.3516908884048462 0.0980392157 0.0980392157 0.0980392157
v 6.610809326171875 42.991786956787109 -11.877820014953613 0.0980392157 0.0980392157 0.0980392157
v 27.379323959350586 40.797298431396484 -13.025664329528809 0.0980392157 0.0980392157 0.0980392157
v 14.750107765197754 40.813625335693359 -10.378704071044922 0.0980392157 0.0980392157 0.0980392157
v 27.379323959350586 40.797298431396484 -13.025664329528809 0.0980392157 0.0980392157 0.0980392157
v 39.856559753417969 42.155185699462891 -15.025223731994629 0.0980392157 0.0980392157 0.0980392157
v 33.228919982910156 38.800930023193359 -12.004086494445801 0.0980392157 0.0980392157 0.0980392157
v -90.509963989257812 29.999748229980469 -19.128259658813477 0.0980392157 0.0980392157 0.0980392157
v -89.173202514648438 29.999401092529297 -15.300131797790527 0.0980392157 0.0980392157 0.0980392157
v -87.52838134765625 29.999248504638672 -18.098670959472656 0.0980392157 0.0980392157 0.0980392157
v -87.034103393554688 29.997444152832031 -17.025747299194336 0.0980392157 0.0980392157 0.0980392157
v -77.364036560058594 29.890771865844727 -23.895925521850586 0.0980392157 0.0980392157 0.0980392157
v -76.835525512695312 29.667682647705078 -21.950380325317383 0.0980392157 0.0980392157 0.0980392157
v -77.557975769042969 29.940464019775391 -10.23101806640625 0.0980392157 0.0980392157 0.0980392157
v -75.068092346191406 30.015081405639648 -5.5297555923461914 0.0980392157 0.0980392157 0.0980392157
v -75.497123718261719 29.999401092529297 -12.046913146972656 0.0980392157 0.0980392157 0.0980392157
v -72.687057495117188 29.999387741088867 -12.210906982421875 0.0980392157 0.0980392157 0.0980392157
v -70.14630126953125 30.336624145507812 -12.223182678222656 0.0980392157 0.0980392157 0.0980392157
v -53.833839416503906 41.71368408203125 -10.26861572265625 0.0980392157 0.0980392157 0.0980392157
v -64.609786987304688 37.709056854248047 -8.5664396286010742 0.0980392157 0.0980392157 0.0980392157
v -63.391399383544922 37.650283813476562 -11.345084190368652 0.0980392157 0.0980392157 0.0980392157
v -54.468013763427734 40.565353393554688 -8.5777587890625 0.0980392157 0.0980392157 0.0980392157
v -75.054824829101562 27.410211563110352 -8.5814113616943359 0.0980392157 0.0980392157 0.0980392157
v -72.051925659179688 27.748069763183594 -8.5668535232543945 0.0980392157 0.0980392157 0.0980392157
v -78.813362121582031 17.669149398803711 -8.5643835067749023 0.0980392157 0.0980392157 0.0980392157
v -80.605751037597656 -4.0239558219909668 -8.5687894821166992 0.0980392157 0.0980392157 0.0980392157
v -80.385154724121094 7.2173323631286621 -8.5681524276733398 0.0980392157 0.0980392157 0.0980392157
v -64.609786987304688 37.709056854248047 -8.5664396286010742 0.0980392157 0.0980392157 0.0980392157
v -72.084648132324219 -27.733671188354492 -8.5671586990356445 0.0980392157 0.0980392157 0.0980392157
v -78.843406677246094 -18.027732849121094 -8.5661811828613281 0.0980392157 0.0980392157 0.0980392157
v -75.012519836425781 -27.440725326538086 -8.5773601531982422 0.0980392157 0.0980392157 0.0980392157
v -54.468013763427734 40.565353393554688 -8.5777587890625 0.0980392157 0.0980392157 0.0980392157
v -54.520137786865234 -40.93072509765625 -8.5676851272583008 0.0980392157 0.0980392157 0.0980392157
v -65.044662475585938 -37.291324615478516 -8.5699462890625 0.0980392157 0.0980392157 0.0980392157
v -85.667396545410156 -0.42754912376403809 8.6627979278564453 0.0980392157 0.0980392157 0.0980392157
v -75.760368347167969 9.8909397125244141 45.135169982910156 0.0980392157 0.0980392157 0.0980392157
v -75.138687133789062 -1.2585597038269043 47.425945281982422 0.0980392157 0.0980392157 0.0980392157
v -82.664329528808594 17.768877029418945 19.701608657836914 0.0980392157 0.0980392157 0.0980392157
v -77.993385314941406 18.098873138427734 36.814060211181641 0.0980392157 0.0980392157 0.0980392157
v -80.134231567382812 19.843854904174805 29.033349990844727 0.0980392157 0.0980392157 0.0980392157
v -84.872238159179688 11.339646339416504 11.545259475708008 0.0980392157 0.0980392157 0.0980392157
v -80.605751037597656 -4.0239558219909668 -8.5687894821166992 0.0980392157 0.0980392157 0.0980392157
v -83.250846862792969 -5.1446809768676758 -15.435794830322266 0.0980392157 0.0980392157 0.0980392157
v -80.385154724121094 7.2173323631286621 -8.5681524276733398 0.0980392157 0.0980392157 0.0980392157
v -79.825241088867188 21.641651153564453 -13.94140625 0.0980392157 0.0980392157 0.0980392157
v -78.813362121582031 17.669149398803711 -8.5643835067749023 0.0980392157 0.0980392157 0.0980392157
v -82.926094055175781 9.7545194625854492 -15.297897338867188 0.0980392157 0.0980392157 0.0980392157
v -75.054824829101562 27.410211563110352 -8.5814113616943359 0.0980392157 0.0980392157 0.0980392157
v -75.497123718261719 -29.999401092529297 -12.046913146972656 0.0980392157 0.0980392157 0.0980392157
v -80.419319152832031 -20.370494842529297 -14.187047958374023 0.0980392157 0.0980392157 0.0980392157
v -76.287673950195312 -27.513856887817383 -11.97702693939209 0.0980392157 0.0980392157 0.0980392157
v -75.497123718261719 29.999401092529297 -12.046913146972656 0.0980392157 0.0980392157 0.0980392157
v -76.296340942382812 27.517688751220703 -11.983819961547852 0.0980392157 0.0980392157 0.0980392157
v -79.825241088867188 21.641651153564453 -13.94140625 0.0980392157 0.0980392157 0.0980392157
v -87.034103393554688 29.997444152832031 -17.025747299194336 0.0980392157 0.0980392157 0.0980392157
v -86.892333984375 -29.999320983886719 -16.964956283569336 0.0980392157 0.0980392157 0.0980392157
v -83.250846862792969 -5.1446809768676758 -15.435794830322266 0.0980392157 0.0980392157 0.0980392157
v -82.926094055175781 9.7545194625854492 -15.297897338867188 0.0980392157 0.0980392157 0.0980392157
v -87.550285339355469 -29.999475479125977 -18.143520355224609 0.0980392157 0.0980392157 0.0980392157
v -87.52838134765625 29.999248504638672 -18.098670959472656 0.0980392157 0.0980392157 0.0980392157
v -87.034103393554688 29.997444152832031 -17.025747299194336 0.0980392157 0.0980392157 0.0980392157
v -76.835525512695312 29.667682647705078 -21.950380325317383 0.0980392157 0.0980392157 0.0980392157
v -87.52838134765625 29.999248504638672 -18.098670959472656 0.0980392157 0.0980392157 0.0980392157
v -87.550285339355469 -29.999475479125977 -18.143520355224609 0.0980392157 0.0980392157 0.0980392157
v -74.544601440429688 25.807302474975586 -22.187973022460938 0.0980392157 0.0980392157 0.0980392157
v -76.688430786132812 -29.667667388916016 -21.984621047973633 0.0980392157 0.0980392157 0.0980392157
v -74.548721313476562 -25.822513580322266 -22.194612503051758 0.0980392157 0.0980392157 0.0980392157
v -76.835525512695312 29.667682647705078 -21.950380325317383 0.0980392157 0.0980392157 0.0980392157
v -87.550285339355469 -29.999475479125977 -18.143520355224609 0.0980392157 0.0980392157 0.0980392157
v -74.545005798339844 -26.021543502807617 -24.195898056030273 0.0980392157 0.0980392157 0.0980392157
v -74.549392700195312 26.030052185058594 -24.187225341796875 0.0980392157 0.0980392157 0.0980392157
v -74.544601440429688 25.807302474975586 -22.187973022460938 0.0980392157 0.0980392157 0.0980392157
v -74.549392700195312 26.030052185058594 -24.187225341796875 0.0980392157 0.0980392157 0.0980392157
v -74.545005798339844 -26.021543502807617 -24.195898056030273 0.0980392157 0.0980392157 0.0980392157
v -77.212776184082031 -29.849016189575195 -23.949710845947266 0.0980392157 0.0980392157 0.0980392157
v -77.364036560058594 29.890771865844727 -23.895925521850586 0.0980392157 0.0980392157 0.0980392157
v -90.544731140136719 -29.997987747192383 -19.137701034545898 0.0980392157 0.0980392157 0.0980392157
v -77.364036560058594 29.890771865844727 -23.895925521850586 0.0980392157 0.0980392157 0.0980392157
v -77.212776184082031 -29.849016189575195 -23.949710845947266 0.0980392157 0.0980392157 0.0980392157
v -90.544731140136719 -29.997987747192383 -19.137701034545898 0.0980392157 0.0980392157 0.0980392157
v -89.173202514648438 -29.999401092529297 -15.300131797790527 0.0980392157 0.0980392157 0.0980392157
v -89.173202514648438 29.999401092529297 -15.300131797790527 0.0980392157 0.0980392157 0.0980392157
v -89.173202514648438 -29.999401092529297 -15.300131797790527 0.0980392157 0.0980392157 0.0980392157
v -84.538009643554688 -11.489652633666992 -13.273795127868652 0.0980392157 0.0980392157 0.0980392157
v -85.338363647460938 3.1261637210845947 -13.621481895446777 0.0980392157 0.0980392157 0.0980392157
v -82.221786499023438 -20.549007415771484 -12.236721992492676 0.0980392157 0.0980392157 0.0980392157
v -82.824150085449219 18.733758926391602 -12.505194664001465 0.0980392157 0.0980392157 0.0980392157
v -89.173202514648438 29.999401092529297 -15.300131797790527 0.0980392157 0.0980392157 0.0980392157
v -77.557975769042969 29.940464019775391 -10.23101806640625 0.0980392157 0.0980392157 0.0980392157
v -77.450836181640625 -29.978933334350586 -10.182582855224609 0.0980392157 0.0980392157 0.0980392157
v -81.031219482421875 13.042207717895508 -4.913299560546875 0.0980392157 0.0980392157 0.0980392157
v -85.338363647460938 3.1261637210845947 -13.621481895446777 0.0980392157 0.0980392157 0.0980392157
v -82.002548217773438 -4.0810027122497559 -4.956538200378418 0.0980392157 0.0980392157 0.0980392157
v -78.430709838867188 23.527425765991211 -5.187164306640625 0.0980392157 0.0980392157 0.0980392157
v -82.824150085449219 18.733758926391602 -12.505194664001465 0.0980392157 0.0980392157 0.0980392157
v -77.557975769042969 29.940464019775391 -10.23101806640625 0.0980392157 0.0980392157 0.0980392157
v -81.031219482421875 13.042207717895508 -4.913299560546875 0.0980392157 0.0980392157 0.0980392157
v -85.502822875976562 8.7621288299560547 2.8945298194885254 0.0980392157 0.0980392157 0.0980392157
v -83.019020080566406 19.860183715820312 2.7848374843597412 0.0980392157 0.0980392157 0.0980392157
v -82.002548217773438 -4.0810027122497559 -4.956538200378418 0.0980392157 0.0980392157 0.0980392157
v -78.430709838867188 23.527425765991211 -5.187164306640625 0.0980392157 0.0980392157 0.0980392157
v -77.307586669921875 3.7004151344299316 48.952529907226562 0.0980392157 0.0980392157 0.0980392157
v -78.245628356933594 12.872738838195801 45.024219512939453 0.0980392157 0.0980392157 0.0980392157
v -82.710563659667969 20.961029052734375 29.07341194152832 0.0980392157 0.0980392157 0.0980392157
v -79.991249084472656 18.542118072509766 38.509086608886719 0.0980392157 0.0980392157 0.0980392157
v -88.206153869628906 3.0097935199737549 8.8435487747192383 0.0980392157 0.0980392157 0.0980392157
v -85.48980712890625 17.760517120361328 18.768571853637695 0.0980392157 0.0980392157 0.0980392157
v -87.145484924316406 11.848414421081543 11.067080497741699 0.0980392157 0.0980392157 0.0980392157
v -67.475120544433594 10.969845771789551 52.117603302001953 0.0980392157 0.0980392157 0.0980392157
v -66.039146423339844 18.552148818969727 49.466121673583984 0.0980392157 0.0980392157 0.0980392157
v -78.245628356933594 12.872738838195801 45.024219512939453 0.0980392157 0.0980392157 0.0980392157
v -56.817146301269531 8.1235561370849609 57.790069580078125 0.0980392157 0.0980392157 0.0980392157
v -56.921634674072266 15.584294319152832 55.377880096435547 0.0980392157 0.0980392157 0.0980392157
v -57.042182922363281 22.983114242553711 51.154777526855469 0.0980392157 0.0980392157 0.0980392157
v -64.77362060546875 27.98603630065918 42.479263305664062 0.0980392157 0.0980392157 0.0980392157
v -77.307586669921875 3.7004151344299316 48.952529907226562 0.0980392157 0.0980392157 0.0980392157
v -56.037220001220703 24.00098991394043 47.73199462890625 0.0980392157 0.0980392157 0.0980392157
v -57.042182922363281 22.983114242553711 51.154777526855469 0.0980392157 0.0980392157 0.0980392157
v -55.689548492431641 11.643511772155762 55.039688110351562 0.0980392157 0.0980392157 0.0980392157
v -56.921634674072266 15.584294319152832 55.377880096435547 0.0980392157 0.0980392157 0.0980392157
v -56.817146301269531 8.1235561370849609 57.790069580078125 0.0980392157 0.0980392157 0.0980392157
v -56.882484436035156 -1.0506124496459961 58.811798095703125 0.0980392157 0.0980392157 0.0980392157
v -54.290317535400391 16.335229873657227 53.632045745849609 0.0980392157 0.0980392157 0.0980392157
v -56.037220001220703 24.00098991394043 47.73199462890625 0.0980392157 0.0980392157 0.0980392157
v -55.689548492431641 11.643511772155762 55.039688110351562 0.0980392157 0.0980392157 0.0980392157
v -55.652309417724609 -5.0903725624084473 56.431781768798828 0.0980392157 0.0980392157 0.0980392157
v -54.204349517822266 -8.6651935577392578 56.561798095703125 0.0980392157 0.0980392157 0.0980392157
v -54.138721466064453 5.6889619827270508 57.045520782470703 0.0980392157 0.0980392157 0.0980392157
v -54.138721466064453 5.6889619827270508 57.045520782470703 0.0980392157 0.0980392157 0.0980392157
v -54.797264099121094 0.92281532287597656 59.830768585205078 0.0980392157 0.0980392157 0.0980392157
v -54.926296234130859 14.846389770507812 56.659290313720703 0.0980392157 0.0980392157 0.0980392157
v -54.290317535400391 16.335229873657227 53.632045745849609 0.0980392157 0.0980392157 0.0980392157
v -54.646129608154297 29.821138381958008 42.859188079833984 0.0980392157 0.0980392157 0.0980392157
v -55.003509521484375 22.984432220458984 52.068649291992188 0.0980392157 0.0980392157 0.0980392157
v -54.797264099121094 0.92281532287597656 59.830768585205078 0.0980392157 0.0980392157 0.0980392157
v -48.677825927734375 0.4123498797416687 62.120555877685547 0.0980392157 0.0980392157 0.0980392157
v -48.578163146972656 10.152701377868652 60.721126556396484 0.0980392157 0.0980392157 0.0980392157
v -48.382652282714844 25.292316436767578 53.038867950439453 0.0980392157 0.0980392157 0.0980392157
v -55.003509521484375 22.984432220458984 52.068649291992188 0.0980392157 0.0980392157 0.0980392157
v -54.926296234130859 14.846389770507812 56.659290313720703 0.0980392157 0.0980392157 0.0980392157
v -54.945869445800781 31.400135040283203 43.909774780273438 0.0980392157 0.0980392157 0.0980392157
v -48.382652282714844 25.292316436767578 53.038867950439453 0.0980392157 0.0980392157 0.0980392157
v -48.901451110839844 17.052694320678711 58.091598510742188 0.0980392157 0.0980392157 0.0980392157
v -43.630558013916016 21.9110107421875 53.248973846435547 0.0980392157 0.0980392157 0.0980392157
v -44.005649566650391 -5.9564123153686523 60.705318450927734 0.0980392157 0.0980392157 0.0980392157
v -44.041610717773438 10.530036926269531 58.896434783935547 0.0980392157 0.0980392157 0.0980392157
v -44.387332916259766 5.6452951431274414 61.147754669189453 0.0980392157 0.0980392157 0.0980392157
v -44.041610717773438 10.530036926269531 58.896434783935547 0.0980392157 0.0980392157 0.0980392157
v -45.808662414550781 14.219549179077148 56.199752807617188 0.0980392157 0.0980392157 0.0980392157
v -43.630558013916016 21.9110107421875 53.248973846435547 0.0980392157 0.0980392157 0.0980392157
v -45.577365875244141 24.090805053710938 49.554889678955078 0.0980392157 0.0980392157 0.0980392157
v -45.739566802978516 5.7657079696655273 58.765617370605469 0.0980392157 0.0980392157 0.0980392157
v -44.005649566650391 -5.9564123153686523 60.705318450927734 0.0980392157 0.0980392157 0.0980392157
v -48.487907409667969 -2.4210424423217773 59.561618804931641 0.0980392157 0.0980392157 0.0980392157
v -48.408943176269531 9.0824613571166992 58.344493865966797 0.0980392157 0.0980392157 0.0980392157
v -45.739566802978516 5.7657079696655273 58.765617370605469 0.0980392157 0.0980392157 0.0980392157
v -45.577365875244141 24.090805053710938 49.554889678955078 0.0980392157 0.0980392157 0.0980392157
v -48.515098571777344 18.229913711547852 54.696632385253906 0.0980392157 0.0980392157 0.0980392157
v -48.253246307373047 25.690032958984375 48.97784423828125 0.0980392157 0.0980392157 0.0980392157
v -45.808662414550781 14.219549179077148 56.199752807617188 0.0980392157 0.0980392157 0.0980392157
v -51.419990539550781 0.63814032077789307 58.354976654052734 0.0980392157 0.0980392157 0.0980392157
v -48.408943176269531 9.0824613571166992 58.344493865966797 0.0980392157 0.0980392157 0.0980392157
v -48.487907409667969 -2.4210424423217773 59.561618804931641 0.0980392157 0.0980392157 0.0980392157
v -51.509140014648438 12.346172332763672 56.055397033691406 0.0980392157 0.0980392157 0.0980392157
v -35.840564727783203 36.552173614501953 31.471059799194336 0.0980392157 0.0980392157 0.0980392157
v -42.257511138916016 34.202709197998047 33.726383209228516 0.0980392157 0.0980392157 0.0980392157
v -36.090213775634766 36.798526763916016 28.282730102539062 0.0980392157 0.0980392157 0.0980392157
v -43.858486175537109 39.159500122070312 32.662471771240234 0.0980392157 0.0980392157 0.0980392157
v -47.65887451171875 33.602310180664062 43.630790710449219 0.0980392157 0.0980392157 0.0980392157
v -40.612953186035156 34.436412811279297 36.370967864990234 0.0980392157 0.0980392157 0.0980392157
v -48.382652282714844 25.292316436767578 53.038867950439453 0.0980392157 0.0980392157 0.0980392157
v -42.950962066650391 27.777290344238281 47.490886688232422 0.0980392157 0.0980392157 0.0980392157
v -54.945869445800781 31.400135040283203 43.909774780273438 0.0980392157 0.0980392157 0.0980392157
v -48.382652282714844 25.292316436767578 53.038867950439453 0.0980392157 0.0980392157 0.0980392157
v -47.65887451171875 33.602310180664062 43.630790710449219 0.0980392157 0.0980392157 0.0980392157
v -53.964431762695312 37.213794708251953 34.063156127929688 0.0980392157 0.0980392157 0.0980392157
v -46.093124389648438 42.310993194580078 23.855829238891602 0.0980392157 0.0980392157 0.0980392157
v -45.747669219970703 40.40069580078125 22.921140670776367 0.0980392157 0.0980392157 0.0980392157
v -52.183609008789062 38.377956390380859 26.398487091064453 0.0980392157 0.0980392157 0.0980392157
v -53.964431762695312 37.213794708251953 34.063156127929688 0.0980392157 0.0980392157 0.0980392157
v -51.970680236816406 40.214805603027344 27.254709243774414 0.0980392157 0.0980392157 0.0980392157
v 2.7169363498687744 45.824592590332031 14.847002983093262 0.0980392157 0.0980392157 0.0980392157
v 3.2076916694641113 46.224334716796875 13.131147384643555 0.0980392157 0.0980392157 0.0980392157
v -26.918716430664062 43.631851196289062 17.628637313842773 0.0980392157 0.0980392157 0.0980392157
v -27.051536560058594 43.246852874755859 19.448469161987305 0.0980392157 0.0980392157 0.0980392157
v -45.747669219970703 40.40069580078125 22.921140670776367 0.0980392157 0.0980392157 0.0980392157
v 40.122848510742188 47.853740692138672 9.2877693176269531 0.0980392157 0.0980392157 0.0980392157
v 30.855991363525391 47.196773529052734 11.627473831176758 0.0980392157 0.0980392157 0.0980392157
v 34.444664001464844 50.136310577392578 10.208412170410156 0.0980392157 0.0980392157 0.0980392157
v -8.9393424987792969 47.557609558105469 15.513546943664551 0.0980392157 0.0980392157 0.0980392157
v 3.2076916694641113 46.224334716796875 13.131147384643555 0.0980392157 0.0980392157 0.0980392157
v -26.918716430664062 43.631851196289062 17.628637313842773 0.0980392157 0.0980392157 0.0980392157
v -31.694822311401367 45.407024383544922 19.093183517456055 0.0980392157 0.0980392157 0.0980392157
v -49.575359344482422 40.1986083984375 22.137002944946289 0.0980392157 0.0980392157 0.0980392157
v 40.122848510742188 47.853740692138672 9.2877693176269531 0.0980392157 0.0980392157 0.0980392157
v -74.280830383300781 30.508840560913086 26.635183334350586 0.0980392157 0.0980392157 0.0980392157
v -70.586296081542969 36.361946105957031 18.591896057128906 0.0980392157 0.0980392157 0.0980392157
v -77.35308837890625 30.449823379516602 16.239124298095703 0.0980392157 0.0980392157 0.0980392157
v -71.813911437988281 30.188087463378906 32.490570068359375 0.0980392157 0.0980392157 0.0980392157
v -73.63037109375 35.291618347167969 7.8727383613586426 0.0980392157 0.0980392157 0.0980392157
v -63.806133270263672 34.752891540527344 33.302169799804688 0.0980392157 0.0980392157 0.0980392157
v -62.743656158447266 39.907699584960938 23.061607360839844 0.0980392157 0.0980392157 0.0980392157
v -59.276710510253906 43.188392639160156 16.916948318481445 0.0980392157 0.0980392157 0.0980392157
v -67.167877197265625 39.993770599365234 8.5824375152587891 0.0980392157 0.0980392157 0.0980392157
v -67.167877197265625 39.993770599365234 8.5824375152587891 0.0980392157 0.0980392157 0.0980392157
v -59.753566741943359 42.442935943603516 -2.1119232177734375 0.0980392157 0.0980392157 0.0980392157
v -68.014984130859375 38.556365966796875 -1.4507514238357544 0.0980392157 0.0980392157 0.0980392157
v -58.873813629150391 42.741794586181641 -11.244192123413086 0.0980392157 0.0980392157 0.0980392157
v -48.789196014404297 45.528121948242188 2.9924802780151367 0.0980392157 0.0980392157 0.0980392157
v -79.811973571777344 27.879079818725586 8.9726037979125977 0.0980392157 0.0980392157 0.0980392157
v -79.37774658203125 27.039142608642578 1.8982524871826172 0.0980392157 0.0980392157 0.0980392157
v -83.019020080566406 19.860183715820312 2.7848374843597412 0.0980392157 0.0980392157 0.0980392157
v -78.430709838867188 23.527425765991211 -5.187164306640625 0.0980392157 0.0980392157 0.0980392157
v -75.068092346191406 30.015081405639648 -5.5297555923461914 0.0980392157 0.0980392157 0.0980392157
v -85.48980712890625 17.760517120361328 18.768571853637695 0.0980392157 0.0980392157 0.0980392157
v -75.068092346191406 30.015081405639648 -5.5297555923461914 0.0980392157 0.0980392157 0.0980392157
v -77.557975769042969 29.940464019775391 -10.23101806640625 0.0980392157 0.0980392157 0.0980392157
v -78.430709838867188 23.527425765991211 -5.187164306640625 0.0980392157 0.0980392157 0.0980392157
v -76.296340942382812 27.517688751220703 -11.983819961547852 0.0980392157 0.0980392157 0.0980392157
v -75.497123718261719 29.999401092529297 -12.046913146972656 0.0980392157 0.0980392157 0.0980392157
v -70.428543090820312 27.525054931640625 -12.369187355041504 0.0980392157 0.0980392157 0.0980392157
v -74.549392700195312 26.030052185058594 -24.187225341796875 0.0980392157 0.0980392157 0.0980392157
v -77.364036560058594 29.890771865844727 -23.895925521850586 0.0980392157 0.0980392157 0.0980392157
v -76.835525512695312 29.667682647705078 -21.950380325317383 0.0980392157 0.0980392157 0.0980392157
v -70.14630126953125 30.336624145507812 -12.223182678222656 0.0980392157 0.0980392157 0.0980392157
v -72.051925659179688 27.748069763183594 -8.5668535232543945 0.0980392157 0.0980392157 0.0980392157
v -70.428543090820312 27.525054931640625 -12.369187355041504 0.0980392157 0.0980392157 0.0980392157
v -74.107460021972656 21.236263275146484 41.930953979492188 0.0980392157 0.0980392157 0.0980392157
v -71.813911437988281 30.188087463378906 32.490570068359375 0.0980392157 0.0980392157 0.0980392157
v -79.991249084472656 18.542118072509766 38.509086608886719 0.0980392157 0.0980392157 0.0980392157
v -82.710563659667969 20.961029052734375 29.07341194152832 0.0980392157 0.0980392157 0.0980392157
v -64.77362060546875 27.98603630065918 42.479263305664062 0.0980392157 0.0980392157 0.0980392157
v -56.953926086425781 30.365692138671875 44.071758270263672 0.0980392157 0.0980392157 0.0980392157
v -56.551727294921875 35.368881225585938 36.656894683837891 0.0980392157 0.0980392157 0.0980392157
v -56.953926086425781 30.365692138671875 44.071758270263672 0.0980392157 0.0980392157 0.0980392157
v -56.037220001220703 24.00098991394043 47.73199462890625 0.0980392157 0.0980392157 0.0980392157
v -55.824996948242188 31.342449188232422 38.954753875732422 0.0980392157 0.0980392157 0.0980392157
v -54.410858154296875 37.374576568603516 27.47503662109375 0.0980392157 0.0980392157 0.0980392157
v -56.551727294921875 35.368881225585938 36.656894683837891 0.0980392157 0.0980392157 0.0980392157
v -54.646129608154297 29.821138381958008 42.859188079833984 0.0980392157 0.0980392157 0.0980392157
v -55.824996948242188 31.342449188232422 38.954753875732422 0.0980392157 0.0980392157 0.0980392157
v -56.037220001220703 24.00098991394043 47.73199462890625 0.0980392157 0.0980392157 0.0980392157
v -54.646129608154297 29.821138381958008 42.859188079833984 0.0980392157 0.0980392157 0.0980392157
v -55.003509521484375 22.984432220458984 52.068649291992188 0.0980392157 0.0980392157 0.0980392157
v -54.945869445800781 31.400135040283203 43.909774780273438 0.0980392157 0.0980392157 0.0980392157
v -44.399768829345703 30.919876098632812 40.485149383544922 0.0980392157 0.0980392157 0.0980392157
v -40.612953186035156 34.436412811279297 36.370967864990234 0.0980392157 0.0980392157 0.0980392157
v -42.950962066650391 27.777290344238281 47.490886688232422 0.0980392157 0.0980392157 0.0980392157
v -45.577365875244141 24.090805053710938 49.554889678955078 0.0980392157 0.0980392157 0.0980392157
v -52.183609008789062 38.377956390380859 26.398487091064453 0.0980392157 0.0980392157 0.0980392157
v -49.575359344482422 40.1986083984375 22.137002944946289 0.0980392157 0.0980392157 0.0980392157
v -54.410858154296875 37.374576568603516 27.47503662109375 0.0980392157 0.0980392157 0.0980392157
v -54.410858154296875 37.374576568603516 27.47503662109375 0.0980392157 0.0980392157 0.0980392157
v -50.881038665771484 42.062427520751953 23.247573852539062 0.0980392157 0.0980392157 0.0980392157
v -54.781085968017578 39.437095642089844 28.131406784057617 0.0980392157 0.0980392157 0.0980392157
v -56.551727294921875 35.368881225585938 36.656894683837891 0.0980392157 0.0980392157 0.0980392157
v -49.575359344482422 40.1986083984375 22.137002944946289 0.0980392157 0.0980392157 0.0980392157
v -82.710563659667969 20.961029052734375 29.07341194152832 0.0980392157 0.0980392157 0.0980392157
v -77.35308837890625 30.449823379516602 16.239124298095703 0.0980392157 0.0980392157 0.0980392157
v -79.811973571777344 27.879079818725586 8.9726037979125977 0.0980392157 0.0980392157 0.0980392157
v -82.710563659667969 20.961029052734375 29.07341194152832 0.0980392157 0.0980392157 0.0980392157
v -79.811973571777344 27.879079818725586 8.9726037979125977 0.0980392157 0.0980392157 0.0980392157
v -85.48980712890625 17.760517120361328 18.768571853637695 0.0980392157 0.0980392157 0.0980392157
v -76.296340942382812 27.517688751220703 -11.983819961547852 0.0980392157 0.0980392157 0.0980392157
v -70.428543090820312 27.525054931640625 -12.369187355041504 0.0980392157 0.0980392157 0.0980392157
v -72.051925659179688 27.748069763183594 -8.5668535232543945 0.0980392157 0.0980392157 0.0980392157
v -75.054824829101562 27.410211563110352 -8.5814113616943359 0.0980392157 0.0980392157 0.0980392157
v 15.108538627624512 46.762657165527344 -7.5039339065551758 0.0980392157 0.0980392157 0.0980392157
v -19.689926147460938 44.195640563964844 -11.117420196533203 0.0980392157 0.0980392157 0.0980392157
v -4.1770648956298828 48.265720367431641 -4.0178594589233398 0.0980392157 0.0980392157 0.0980392157
v -58.873813629150391 42.741794586181641 -11.244192123413086 0.0980392157 0.0980392157 0.0980392157
v -38.755352020263672 46.317298889160156 -5.418787956237793 0.0980392157 0.0980392157 0.0980392157
v -43.585422515869141 44.430076599121094 -10.780592918395996 0.0980392157 0.0980392157 0.0980392157
v 6.610809326171875 42.991786956787109 -11.877820014953613 0.0980392157 0.0980392157 0.0980392157
v 40.4033203125 -45.313472747802734 -11.346328735351562 0.0980392157 0.0980392157 0.0980392157
v 33.923698425292969 -44.706512451171875 -10.421062469482422 0.0980392157 0.0980392157 0.0980392157
v 34.893756866455078 -41.172439575195312 -14.11998176574707 0.0980392157 0.0980392157 0.0980392157
v 18.525844573974609 -45.801761627197266 -8.640446662902832 0.0980392157 0.0980392157 0.0980392157
v 25.59324836730957 -40.967899322509766 -12.82354736328125 0.0980392157 0.0980392157 0.0980392157
v 25.59324836730957 -40.967899322509766 -12.82354736328125 0.0980392157 0.0980392157 0.0980392157
v 18.525844573974609 -45.801761627197266 -8.640446662902832 0.0980392157 0.0980392157 0.0980392157
v 3.0523505210876465 -43.228950500488281 -11.803286552429199 0.0980392157 0.0980392157 0.0980392157
v 170.13433837890625 -32.329933166503906 -14.099808692932129 0.0980392157 0.0980392157 0.0980392157
v 163.98989868164062 -22.0772705078125 -17.789722442626953 0.0980392157 0.0980392157 0.0980392157
v 156.40815734863281 -40.642562866210938 -21.864463806152344 0.0980392157 0.0980392157 0.0980392157
v 157.02067565917969 -27.283935546875 -21.608972549438477 0.0980392157 0.0980392157 0.0980392157
v 178.29495239257812 -22.367603302001953 -9.4372930526733398 0.0980392157 0.0980392157 0.0980392157
v 174.17732238769531 -30.277048110961914 -4.8798050880432129 0.0980392157 0.0980392157 0.0980392157
v 170.13433837890625 -32.329933166503906 -14.099808692932129 0.0980392157 0.0980392157 0.0980392157
v 165.59788513183594 -36.955490112304688 -7.9987378120422363 0.0980392157 0.0980392157 0.0980392157
v 160.13304138183594 -38.741508483886719 -15.429862022399902 0.0980392157 0.0980392157 0.0980392157
v 170.13433837890625 -32.329933166503906 -14.099808692932129 0.0980392157 0.0980392157 0.0980392157
v 156.40815734863281 -40.642562866210938 -21.864463806152344 0.0980392157 0.0980392157 0.0980392157
v 161.16850280761719 -38.925102233886719 -18.163148880004883 0.0980392157 0.0980392157 0.0980392157
v 160.35194396972656 -23.872865676879883 -22.32640266418457 0.0980392157 0.0980392157 0.0980392157
v 154.96743774414062 -29.868148803710938 -24.521240234375 0.0980392157 0.0980392157 0.0980392157
v 157.02067565917969 -27.283935546875 -21.608972549438477 0.0980392157 0.0980392157 0.0980392157
v 178.89376831054688 -23.021203994750977 -1.8209820985794067 0.0980392157 0.0980392157 0.0980392157
v 173.17581176757812 -23.002120971679688 -4.9892992973327637 0.0980392157 0.0980392157 0.0980392157
v 176.60426330566406 -22.999351501464844 -6.4104294776916504 0.0980392157 0.0980392157 0.0980392157
v 178.29495239257812 -22.367603302001953 -9.4372930526733398 0.0980392157 0.0980392157 0.0980392157
v 149.63955688476562 -42.516120910644531 -22.073963165283203 0.0980392157 0.0980392157 0.0980392157
v 138.43894958496094 -48.507045745849609 -14.911358833312988 0.0980392157 0.0980392157 0.0980392157
v 152.97969055175781 -43.59344482421875 -13.251931190490723 0.0980392157 0.0980392157 0.0980392157
v 139.1641845703125 -45.428604125976562 -22.187908172607422 0.0980392157 0.0980392157 0.0980392157
v 85.543067932128906 -49.983768463134766 -22.167745590209961 0.0980392157 0.0980392157 0.0980392157
v 107.76723480224609 -48.929641723632812 -22.18083381652832 0.0980392157 0.0980392157 0.0980392157
v 85.100692749023438 -37.001167297363281 -22.173027038574219 0.0980392157 0.0980392157 0.0980392157
v 139.1641845703125 -45.428604125976562 -22.187908172607422 0.0980392157 0.0980392157 0.0980392157
v 148.99411010742188 -36.891292572021484 -22.19384765625 0.0980392157 0.0980392157 0.0980392157
v 149.63955688476562 -42.516120910644531 -22.073963165283203 0.0980392157 0.0980392157 0.0980392157
v 156.40815734863281 -40.642562866210938 -21.864463806152344 0.0980392157 0.0980392157 0.0980392157
v 157.02067565917969 -27.283935546875 -21.608972549438477 0.0980392157 0.0980392157 0.0980392157
v 149.0145263671875 -36.829151153564453 -24.684255599975586 0.0980392157 0.0980392157 0.0980392157
v 148.99411010742188 -36.891292572021484 -22.19384765625 0.0980392157 0.0980392157 0.0980392157
v 154.96743774414062 -29.868148803710938 -24.521240234375 0.0980392157 0.0980392157 0.0980392157
v 160.35194396972656 -23.872865676879883 -22.32640266418457 0.0980392157 0.0980392157 0.0980392157
v 156.5513916015625 -41.093299865722656 -24.396663665771484 0.0980392157 0.0980392157 0.0980392157
v 154.96743774414062 -29.868148803710938 -24.521240234375 0.0980392157 0.0980392157 0.0980392157
v 172.55271911621094 -32.150173187255859 -15.015785217285156 0.0980392157 0.0980392157 0.0980392157
v 156.5513916015625 -41.093299865722656 -24.396663665771484 0.0980392157 0.0980392157 0.0980392157
v 160.35194396972656 -23.872865676879883 -22.32640266418457 0.0980392157 0.0980392157 0.0980392157
v 180.17277526855469 -23.468042373657227 -10.698939323425293 0.0980392157 0.0980392157 0.0980392157
v 172.40591430664062 -19.603504180908203 -15.185169219970703 0.0980392157 0.0980392157 0.0980392157
v 160.35194396972656 -23.872865676879883 -22.32640266418457 0.0980392157 0.0980392157 0.0980392157
v 163.98989868164062 -22.0772705078125 -17.789722442626953 0.0980392157 0.0980392157 0.0980392157
v 172.75149536132812 -19.382373809814453 -12.686338424682617 0.0980392157 0.0980392157 0.0980392157
v 174.79263305664062 -14.895912170410156 -13.804522514343262 0.0980392157 0.0980392157 0.0980392157
v 174.62908935546875 -14.877475738525391 -11.591355323791504 0.0980392157 0.0980392157 0.0980392157
v 172.72418212890625 -10.696497917175293 -12.699861526489258 0.0980392157 0.0980392157 0.0980392157
v 165.96464538574219 -8.2684612274169922 -16.6064453125 0.0980392157 0.0980392157 0.0980392157
v 165.93196105957031 -8.0167522430419922 -18.921947479248047 0.0980392157 0.0980392157 0.0980392157
v 172.3092041015625 -10.431785583496094 -15.233853340148926 0.0980392157 0.0980392157 0.0980392157
v 140.57858276367188 -45.622482299804688 -7.3815288543701172 0.0980392157 0.0980392157 0.0980392157
v 139.07316589355469 -42.682815551757812 -0.1646699458360672 0.0980392157 0.0980392157 0.0980392157
v 154.73121643066406 -37.960315704345703 0.10500526428222656 0.0980392157 0.0980392157 0.0980392157
v 176.15283203125 -22.931266784667969 1.6579951047897339 0.0980392157 0.0980392157 0.0980392157
v 169.64437866210938 -23.06559944152832 5.8563590049743652 0.0980392157 0.0980392157 0.0980392157
v 172.69418334960938 -15.801870346069336 6.6853890419006348 0.0980392157 0.0980392157 0.0980392157
v 182.91209411621094 -11.762491226196289 0.75057858228683472 0.0980392157 0.0980392157 0.0980392157
v 174.5418701171875 -6.981785774230957 7.0428733825683594 0.0980392157 0.0980392157 0.0980392157
v 155.55172729492188 -40.669746398925781 -6.6482796669006348 0.0980392157 0.0980392157 0.0980392157
v 165.59788513183594 -36.955490112304688 -7.9987378120422363 0.0980392157 0.0980392157 0.0980392157
v 165.74774169921875 -31.3885498046875 2.0980095863342285 0.0980392157 0.0980392157 0.0980392157
v 174.17732238769531 -30.277048110961914 -4.8798050880432129 0.0980392157 0.0980392157 0.0980392157
v 161.23457336425781 -30.661455154418945 5.502469539642334 0.0980392157 0.0980392157 0.0980392157
v 152.97969055175781 -43.59344482421875 -13.251931190490723 0.0980392157 0.0980392157 0.0980392157
v 178.89376831054688 -23.021203994750977 -1.8209820985794067 0.0980392157 0.0980392157 0.0980392157
v 180.66868591308594 1.0097910165786743 3.8004796504974365 0.0980392157 0.0980392157 0.0980392157
v 183.32003784179688 6.0575838088989258 0.91519707441329956 0.0980392157 0.0980392157 0.0980392157
v 163.16551208496094 -10.423528671264648 9.3285531997680664 0.0980392157 0.0980392157 0.0980392157
v 173.56742858886719 7.749112606048584 7.269536018371582 0.0980392157 0.0980392157 0.0980392157
v 174.5418701171875 -6.981785774230957 7.0428733825683594 0.0980392157 0.0980392157 0.0980392157
v 172.69418334960938 -15.801870346069336 6.6853890419006348 0.0980392157 0.0980392157 0.0980392157
v 169.64437866210938 -23.06559944152832 5.8563590049743652 0.0980392157 0.0980392157 0.0980392157
v 145.60025024414062 -22.352621078491211 11.777446746826172 0.0980392157 0.0980392157 0.0980392157
v 152.23011779785156 -16.839956283569336 11.189188003540039 0.0980392157 0.0980392157 0.0980392157
v 152.11123657226562 -28.183977127075195 8.2478466033935547 0.0980392157 0.0980392157 0.0980392157
v 133.91746520996094 -26.800565719604492 13.767426490783691 0.0980392157 0.0980392157 0.0980392157
v 161.23457336425781 -30.661455154418945 5.502469539642334 0.0980392157 0.0980392157 0.0980392157
v 148.07595825195312 -11.570279121398926 10.783564567565918 0.0980392157 0.0980392157 0.0980392157
v 147.17269897460938 4.7729134559631348 13.847801208496094 0.0980392157 0.0980392157 0.0980392157
v 149.56329345703125 0.213393434882164 10.641280174255371 0.0980392157 0.0980392157 0.0980392157
v 151.303466796875 -13.765435218811035 9.9805583953857422 0.0980392157 0.0980392157 0.0980392157
v 154.28868103027344 -5.5396814346313477 11.802131652832031 0.0980392157 0.0980392157 0.0980392157
v 152.23011779785156 -16.839956283569336 11.189188003540039 0.0980392157 0.0980392157 0.0980392157
v 127.96244812011719 -21.792905807495117 17.372682571411133 0.0980392157 0.0980392157 0.0980392157
v 90.285400390625 -19.564437866210938 31.496652603149414 0.0980392157 0.0980392157 0.0980392157
v 126.21372222900391 -11.269162178039551 20.121673583984375 0.0980392157 0.0980392157 0.0980392157
v 91.147758483886719 -10.890704154968262 32.418292999267578 0.0980392157 0.0980392157 0.0980392157
v 123.54088592529297 2.4906251430511475 21.516618728637695 0.0980392157 0.0980392157 0.0980392157
v 147.35418701171875 -3.8012256622314453 13.788289070129395 0.0980392157 0.0980392157 0.0980392157
v 145.47453308105469 -14.504775047302246 13.534547805786133 0.0980392157 0.0980392157 0.0980392157
v 83.907966613769531 -7.0784134864807129 35.479560852050781 0.0980392157 0.0980392157 0.0980392157
v 88.073341369628906 -17.058931350708008 32.810184478759766 0.0980392157 0.0980392157 0.0980392157
v 81.4364013671875 -18.803857803344727 35.295867919921875 0.0980392157 0.0980392157 0.0980392157
v 80.238113403320312 -10.75507926940918 37.893161773681641 0.0980392157 0.0980392157 0.0980392157
v 80.303520202636719 8.0097856521606445 38.168384552001953 0.0980392157 0.0980392157 0.0980392157
v 73.916526794433594 -8.6511945724487305 44.853935241699219 0.0980392157 0.0980392157 0.0980392157
v 80.238113403320312 -10.75507926940918 37.893161773681641 0.0980392157 0.0980392157 0.0980392157
v 81.4364013671875 -18.803857803344727 35.295867919921875 0.0980392157 0.0980392157 0.0980392157
v 69.525634765625 -23.897792816162109 43.553413391113281 0.0980392157 0.0980392157 0.0980392157
v 71.260246276855469 -7.862879753112793 45.151134490966797 0.0980392157 0.0980392157 0.0980392157
v 73.916526794433594 -8.6511945724487305 44.853935241699219 0.0980392157 0.0980392157 0.0980392157
v 72.341545104980469 -23.285728454589844 43.250282287597656 0.0980392157 0.0980392157 0.0980392157
v 68.419158935546875 -22.587125778198242 45.595844268798828 0.0980392157 0.0980392157 0.0980392157
v 69.766098022460938 -5.8777680397033691 47.077358245849609 0.0980392157 0.0980392157 0.0980392157
v 71.260246276855469 -7.862879753112793 45.151134490966797 0.0980392157 0.0980392157 0.0980392157
v 68.419158935546875 -22.587125778198242 45.595844268798828 0.0980392157 0.0980392157 0.0980392157
v 69.843643188476562 -21.136951446533203 46.636829376220703 0.0980392157 0.0980392157 0.0980392157
v 69.766098022460938 -5.8777680397033691 47.077358245849609 0.0980392157 0.0980392157 0.0980392157
v 71.309524536132812 1.7364550828933716 47.891910552978516 0.0980392157 0.0980392157 0.0980392157
v 74.68695068359375 -15.359487533569336 46.682369232177734 0.0980392157 0.0980392157 0.0980392157
v 75.258209228515625 -1.9497507810592651 47.179901123046875 0.0980392157 0.0980392157 0.0980392157
v 71.309524536132812 1.7364550828933716 47.891910552978516 0.0980392157 0.0980392157 0.0980392157
v 75.258209228515625 -1.9497507810592651 47.179901123046875 0.0980392157 0.0980392157 0.0980392157
v 74.68695068359375 -15.359487533569336 46.682369232177734 0.0980392157 0.0980392157 0.0980392157
v 83.92681884765625 -10.322737693786621 37.783718109130859 0.0980392157 0.0980392157 0.0980392157
v 83.41436767578125 -19.362937927246094 36.848686218261719 0.0980392157 0.0980392157 0.0980392157
v 82.098442077636719 4.3035955429077148 39.976356506347656 0.0980392157 0.0980392157 0.0980392157
v 83.92681884765625 -10.322737693786621 37.783718109130859 0.0980392157 0.0980392157 0.0980392157
v 85.445610046386719 5.2687830924987793 37.547454833984375 0.0980392157 0.0980392157 0.0980392157
v 123.66534423828125 -16.758525848388672 22.737234115600586 0.0980392157 0.0980392157 0.0980392157
v 128.77304077148438 -8.7746353149414062 22.098339080810547 0.0980392157 0.0980392157 0.0980392157
v 83.92681884765625 -10.322737693786621 37.783718109130859 0.0980392157 0.0980392157 0.0980392157
v 132.37071228027344 -23.633779525756836 18.192697525024414 0.0980392157 0.0980392157 0.0980392157
v 115.95183563232422 -22.121980667114258 24.22114372253418 0.0980392157 0.0980392157 0.0980392157
v 85.445610046386719 5.2687830924987793 37.547454833984375 0.0980392157 0.0980392157 0.0980392157
v 83.41436767578125 -19.362937927246094 36.848686218261719 0.0980392157 0.0980392157 0.0980392157
v 149.73330688476562 -12.728182792663574 15.175591468811035 0.0980392157 0.0980392157 0.0980392157
v 145.64494323730469 -18.311117172241211 15.431466102600098 0.0980392157 0.0980392157 0.0980392157
v 149.73330688476562 -12.728182792663574 15.175591468811035 0.0980392157 0.0980392157 0.0980392157
v 149.05513000488281 -13.685798645019531 12.929912567138672 0.0980392157 0.0980392157 0.0980392157
v 150.13893127441406 1.0957497358322144 13.308016777038574 0.0980392157 0.0980392157 0.0980392157
v 150.51263427734375 -0.043656282126903534 15.618599891662598 0.0980392157 0.0980392157 0.0980392157
v 150.77265930175781 -13.944541931152344 12.440767288208008 0.0980392157 0.0980392157 0.0980392157
v 150.13893127441406 1.0957497358322144 13.308016777038574 0.0980392157 0.0980392157 0.0980392157
v 149.05513000488281 -13.685798645019531 12.929912567138672 0.0980392157 0.0980392157 0.0980392157
v 151.77775573730469 3.0984952449798584 12.914426803588867 0.0980392157 0.0980392157 0.0980392157
v 150.77265930175781 -13.944541931152344 12.440767288208008 0.0980392157 0.0980392157 0.0980392157
v 152.57818603515625 -0.082047045230865479 14.98866081237793 0.0980392157 0.0980392157 0.0980392157
v 160.12373352050781 -22.131546020507812 10.850321769714355 0.0980392157 0.0980392157 0.0980392157
v 164.41580200195312 -7.768460750579834 11.839696884155273 0.0980392157 0.0980392157 0.0980392157
v 151.82890319824219 -12.526491165161133 14.591701507568359 0.0980392157 0.0980392157 0.0980392157
v 147.34295654296875 -19.870424270629883 14.634571075439453 0.0980392157 0.0980392157 0.0980392157
v 172.83941650390625 -16.426336288452148 9.1927690505981445 0.0980392157 0.0980392157 0.0980392157
v 174.36480712890625 -3.8506970405578613 9.8456783294677734 0.0980392157 0.0980392157 0.0980392157
v 122.65737915039062 -28.93635368347168 19.25446891784668 0.0980392157 0.0980392157 0.0980392157
v 145.21163940429688 -28.714565277099609 12.455443382263184 0.0980392157 0.0980392157 0.0980392157
v 162.76951599121094 -31.391159057617188 7.3991870880126953 0.0980392157 0.0980392157 0.0980392157
v 168.22857666015625 -25.646064758300781 8.2700328826904297 0.0980392157 0.0980392157 0.0980392157
v 154.52520751953125 -40.131320953369141 1.6150124073028564 0.0980392157 0.0980392157 0.0980392157
v 138.74749755859375 -41.595127105712891 6.7263994216918945 0.0980392157 0.0980392157 0.0980392157
v 138.4368896484375 -47.545276641845703 -3.6949868202209473 0.0980392157 0.0980392157 0.0980392157
v 152.49690246582031 -44.457649230957031 -6.3991289138793945 0.0980392157 0.0980392157 0.0980392157
v 162.83006286621094 -39.558082580566406 -4.2168011665344238 0.0980392157 0.0980392157 0.0980392157
v 166.98080444335938 -34.944328308105469 0.95214337110519409 0.0980392157 0.0980392157 0.0980392157
v 153.9354248046875 -36.509918212890625 7.0070314407348633 0.0980392157 0.0980392157 0.0980392157
v 162.76951599121094 -31.391159057617188 7.3991870880126953 0.0980392157 0.0980392157 0.0980392157
v 172.61830139160156 -29.762821197509766 2.6324739456176758 0.0980392157 0.0980392157 0.0980392157
v 162.11384582519531 -41.940315246582031 -10.604107856750488 0.0980392157 0.0980392157 0.0980392157
v 170.08995056152344 -37.078052520751953 -7.8578639030456543 0.0980392157 0.0980392157 0.0980392157
v 168.22857666015625 -25.646064758300781 8.2700328826904297 0.0980392157 0.0980392157 0.0980392157
v 176.32102966308594 -31.561744689941406 -4.6843791007995605 0.0980392157 0.0980392157 0.0980392157
v 172.83941650390625 -16.426336288452148 9.1927690505981445 0.0980392157 0.0980392157 0.0980392157
v 178.36187744140625 -21.00556755065918 4.5615439414978027 0.0980392157 0.0980392157 0.0980392157
v 181.06402587890625 -10.420779228210449 5.8816118240356445 0.0980392157 0.0980392157 0.0980392157
v 181.97467041015625 0.87620782852172852 6.0580997467041016 0.0980392157 0.0980392157 0.0980392157
v 174.36480712890625 -3.8506970405578613 9.8456783294677734 0.0980392157 0.0980392157 0.0980392157
v 184.18537902832031 -18.022222518920898 -0.22896650433540344 0.0980392157 0.0980392157 0.0980392157
v 186.13456726074219 3.1783988475799561 1.4355194568634033 0.0980392157 0.0980392157 0.0980392157
v 185.95947265625 -6.6625103950500488 1.2083330154418945 0.0980392157 0.0980392157 0.0980392157
v 149.52168273925781 -47.726890563964844 -14.712035179138184 0.0980392157 0.0980392157 0.0980392157
v 180.291748046875 -26.204885482788086 -2.1331391334533691 0.0980392157 0.0980392157 0.0980392157
v 162.11384582519531 -41.940315246582031 -10.604107856750488 0.0980392157 0.0980392157 0.0980392157
v 156.5513916015625 -41.093299865722656 -24.396663665771484 0.0980392157 0.0980392157 0.0980392157
v 170.08995056152344 -37.078052520751953 -7.8578639030456543 0.0980392157 0.0980392157 0.0980392157
v 180.291748046875 -26.204885482788086 -2.1331391334533691 0.0980392157 0.0980392157 0.0980392157
v 176.32102966308594 -31.561744689941406 -4.6843791007995605 0.0980392157 0.0980392157 0.0980392157
v 180.17277526855469 -23.468042373657227 -10.698939323425293 0.0980392157 0.0980392157 0.0980392157
v 107.76723480224609 -48.929641723632812 -22.18083381652832 0.0980392157 0.0980392157 0.0980392157
v 78.055999755859375 -51.223827362060547 -20.736698150634766 0.0980392157 0.0980392157 0.0980392157
v 101.57251739501953 -54.135162353515625 -14.426828384399414 0.0980392157 0.0980392157 0.0980392157
v 139.1641845703125 -45.428604125976562 -22.187908172607422 0.0980392157 0.0980392157 0.0980392157
v 119.77838897705078 -52.031017303466797 -14.831256866455078 0.0980392157 0.0980392157 0.0980392157
v 138.43894958496094 -48.507045745849609 -14.911358833312988 0.0980392157 0.0980392157 0.0980392157
v 85.100692749023438 -37.001167297363281 -22.173027038574219 0.0980392157 0.0980392157 0.0980392157
v 76.577804565429688 -36.994335174560547 -20.182994842529297 0.0980392157 0.0980392157 0.0980392157
v 85.543067932128906 -49.983768463134766 -22.167745590209961 0.0980392157 0.0980392157 0.0980392157
v 69.423187255859375 -36.9981689453125 -16.051872253417969 0.0980392157 0.0980392157 0.0980392157
v 70.398727416992188 -51.363212585449219 -16.873973846435547 0.0980392157 0.0980392157 0.0980392157
v 148.99411010742188 -36.891292572021484 -22.19384765625 0.0980392157 0.0980392157 0.0980392157
v 149.0145263671875 -36.829151153564453 -24.684255599975586 0.0980392157 0.0980392157 0.0980392157
v 87.692375183105469 -37.000003814697266 -24.688262939453125 0.0980392157 0.0980392157 0.0980392157
v 86.332466125488281 -51.393733978271484 -24.682636260986328 0.0980392157 0.0980392157 0.0980392157
v 87.692375183105469 -37.000003814697266 -24.688262939453125 0.0980392157 0.0980392157 0.0980392157
v 131.83270263671875 -47.932315826416016 -24.687019348144531 0.0980392157 0.0980392157 0.0980392157
v 149.0145263671875 -36.829151153564453 -24.684255599975586 0.0980392157 0.0980392157 0.0980392157
v 143.55511474609375 -46.039493560791016 -24.695716857910156 0.0980392157 0.0980392157 0.0980392157
v 154.96743774414062 -29.868148803710938 -24.521240234375 0.0980392157 0.0980392157 0.0980392157
v 156.5513916015625 -41.093299865722656 -24.396663665771484 0.0980392157 0.0980392157 0.0980392157
v 131.93836975097656 -50.220989227294922 -20.496049880981445 0.0980392157 0.0980392157 0.0980392157
v 143.55511474609375 -46.039493560791016 -24.695716857910156 0.0980392157 0.0980392157 0.0980392157
v 140.61679077148438 -50.553478240966797 -15.017331123352051 0.0980392157 0.0980392157 0.0980392157
v 149.52168273925781 -47.726890563964844 -14.712035179138184 0.0980392157 0.0980392157 0.0980392157
v 176.32102966308594 -31.561744689941406 -4.6843791007995605 0.0980392157 0.0980392157 0.0980392157
v 172.55271911621094 -32.150173187255859 -15.015785217285156 0.0980392157 0.0980392157 0.0980392157
v 180.17277526855469 -23.468042373657227 -10.698939323425293 0.0980392157 0.0980392157 0.0980392157
v 170.08995056152344 -37.078052520751953 -7.8578639030456543 0.0980392157 0.0980392157 0.0980392157
v 156.5513916015625 -41.093299865722656 -24.396663665771484 0.0980392157 0.0980392157 0.0980392157
v 101.57251739501953 -54.135162353515625 -14.426828384399414 0.0980392157 0.0980392157 0.0980392157
v 101.79204559326172 -50.706695556640625 -5.4006695747375488 0.0980392157 0.0980392157 0.0980392157
v 119.77838897705078 -52.031017303466797 -14.831256866455078 0.0980392157 0.0980392157 0.0980392157
v 124.2725830078125 -47.220500946044922 -3.4280445575714111 0.0980392157 0.0980392157 0.0980392157
v 139.07316589355469 -42.682815551757812 -0.1646699458360672 0.0980392157 0.0980392157 0.0980392157
v 140.57858276367188 -45.622482299804688 -7.3815288543701172 0.0980392157 0.0980392157 0.0980392157
v 81.399185180664062 -46.245365142822266 7.8521885871887207 0.0980392157 0.0980392157 0.0980392157
v 103.60514068603516 -45.6707763671875 5.2208166122436523 0.0980392157 0.0980392157 0.0980392157
v 152.11123657226562 -28.183977127075195 8.2478466033935547 0.0980392157 0.0980392157 0.0980392157
v 136.03611755371094 -34.786453247070312 8.7574195861816406 0.0980392157 0.0980392157 0.0980392157
v 133.91746520996094 -26.800565719604492 13.767426490783691 0.0980392157 0.0980392157 0.0980392157
v 149.73052978515625 -36.403038024902344 4.9732670783996582 0.0980392157 0.0980392157 0.0980392157
v 103.60514068603516 -45.6707763671875 5.2208166122436523 0.0980392157 0.0980392157 0.0980392157
v 109.97219085693359 -40.801872253417969 9.9611177444458008 0.0980392157 0.0980392157 0.0980392157
v 116.23868560791016 -43.822093963623047 5.445185661315918 0.0980392157 0.0980392157 0.0980392157
v 85.695640563964844 -37.82781982421875 20.941930770874023 0.0980392157 0.0980392157 0.0980392157
v 94.342323303222656 -41.648647308349609 12.750826835632324 0.0980392157 0.0980392157 0.0980392157
v 78.748443603515625 -40.412136077880859 19.352560043334961 0.0980392157 0.0980392157 0.0980392157
v 119.75136566162109 -37.250785827636719 11.163142204284668 0.0980392157 0.0980392157 0.0980392157
v 95.637039184570312 -35.829513549804688 20.04461669921875 0.0980392157 0.0980392157 0.0980392157
v 113.93293762207031 -32.010139465332031 17.250829696655273 0.0980392157 0.0980392157 0.0980392157
v 133.86093139648438 -40.824756622314453 5.0781583786010742 0.0980392157 0.0980392157 0.0980392157
v 161.23457336425781 -30.661455154418945 5.502469539642334 0.0980392157 0.0980392157 0.0980392157
v 148.07595825195312 -11.570279121398926 10.783564567565918 0.0980392157 0.0980392157 0.0980392157
v 151.303466796875 -13.765435218811035 9.9805583953857422 0.0980392157 0.0980392157 0.0980392157
v 145.04875183105469 -17.369913101196289 10.460781097412109 0.0980392157 0.0980392157 0.0980392157
v 145.47453308105469 -14.504775047302246 13.534547805786133 0.0980392157 0.0980392157 0.0980392157
v 145.39390563964844 -20.315999984741211 10.253290176391602 0.0980392157 0.0980392157 0.0980392157
v 152.23011779785156 -16.839956283569336 11.189188003540039 0.0980392157 0.0980392157 0.0980392157
v 145.60025024414062 -22.352621078491211 11.777446746826172 0.0980392157 0.0980392157 0.0980392157
v 147.35418701171875 -3.8012256622314453 13.788289070129395 0.0980392157 0.0980392157 0.0980392157
v 88.081489562988281 -28.217559814453125 29.185544967651367 0.0980392157 0.0980392157 0.0980392157
v 110.35594940185547 -26.860103607177734 21.653163909912109 0.0980392157 0.0980392157 0.0980392157
v 85.4945068359375 -33.147411346435547 26.459352493286133 0.0980392157 0.0980392157 0.0980392157
v 127.96244812011719 -21.792905807495117 17.372682571411133 0.0980392157 0.0980392157 0.0980392157
v 90.285400390625 -19.564437866210938 31.496652603149414 0.0980392157 0.0980392157 0.0980392157
v 59.254470825195312 -43.914211273193359 -1.1976485252380371 0.0980392157 0.0980392157 0.0980392157
v 57.44061279296875 -43.914211273193359 0.52278047800064087 0.0980392157 0.0980392157 0.0980392157
v 59.647487640380859 -40.828426361083984 2.848851203918457 0.0980392157 0.0980392157 0.0980392157
v 59.254470825195312 -43.914211273193359 -1.1976485252380371 0.0980392157 0.0980392157 0.0980392157
v 54.953907012939453 -43.914211273193359 -5.7305207252502441 0.0980392157 0.0980392157 0.0980392157
v 57.44061279296875 -43.914211273193359 0.52278047800064087 0.0980392157 0.0980392157 0.0980392157
v 52.443103790283203 -43.914211273193359 -4.7448906898498535 0.0980392157 0.0980392157 0.0980392157
v 54.953907012939453 -43.914211273193359 -5.7305207252502441 0.0980392157 0.0980392157 0.0980392157
v 60.271350860595703 -37.004035949707031 -8.0789604187011719 0.0980392157 0.0980392157 0.0980392157
v 52.443103790283203 -43.914211273193359 -4.7448906898498535 0.0980392157 0.0980392157 0.0980392157
v 55.016944885253906 -49.884296417236328 -5.6692543029785156 0.0980392157 0.0980392157 0.0980392157
v 76.086357116699219 -54.474437713623047 -10.768292427062988 0.0980392157 0.0980392157 0.0980392157
v 61.496196746826172 -50.616561889648438 -8.9703598022460938 0.0980392157 0.0980392157 0.0980392157
v 57.633316040039062 -51.872684478759766 -2.9066300392150879 0.0980392157 0.0980392157 0.0980392157
v 66.822113037109375 -47.738025665283203 6.7787418365478516 0.0980392157 0.0980392157 0.0980392157
v 78.748443603515625 -40.412136077880859 19.352560043334961 0.0980392157 0.0980392157 0.0980392157
v 81.399185180664062 -46.245365142822266 7.8521885871887207 0.0980392157 0.0980392157 0.0980392157
v 103.60514068603516 -45.6707763671875 5.2208166122436523 0.0980392157 0.0980392157 0.0980392157
v 94.342323303222656 -41.648647308349609 12.750826835632324 0.0980392157 0.0980392157 0.0980392157
v 82.575508117675781 -33.724063873291016 23.380853652954102 0.0980392157 0.0980392157 0.0980392157
v 90.366477966308594 -33.356136322021484 21.019998550415039 0.0980392157 0.0980392157 0.0980392157
v 80.071060180664062 -36.641685485839844 20.742568969726562 0.0980392157 0.0980392157 0.0980392157
v 85.695640563964844 -37.82781982421875 20.941930770874023 0.0980392157 0.0980392157 0.0980392157
v 78.748443603515625 -40.412136077880859 19.352560043334961 0.0980392157 0.0980392157 0.0980392157
v 48.699001312255859 -33.604991912841797 -3.551051139831543 0.0980392157 0.0980392157 0.0980392157
v 39.526374816894531 -29.99462890625 -3.1896615028381348 0.0980392157 0.0980392157 0.0980392157
v 45.2236328125 -48.880069732666016 -3.2209372520446777 0.0980392157 0.0980392157 0.0980392157
v 52.426528930664062 -49.707073211669922 -4.5370659828186035 0.0980392157 0.0980392157 0.0980392157
v 52.443103790283203 -43.914211273193359 -4.7448906898498535 0.0980392157 0.0980392157 0.0980392157
v 29.499429702758789 -48.707157135009766 -0.31034374237060547 0.0980392157 0.0980392157 0.0980392157
v 45.093132019042969 -50.878894805908203 0.80416935682296753 0.0980392157 0.0980392157 0.0980392157
v 45.2236328125 -48.880069732666016 -3.2209372520446777 0.0980392157 0.0980392157 0.0980392157
v 52.426528930664062 -49.707073211669922 -4.5370659828186035 0.0980392157 0.0980392157 0.0980392157
v 55.059730529785156 -51.604629516601562 -1.9852440357208252 0.0980392157 0.0980392157 0.0980392157
v 45.093132019042969 -50.878894805908203 0.80416935682296753 0.0980392157 0.0980392157 0.0980392157
v 38.120063781738281 -48.764183044433594 6.674593448638916 0.0980392157 0.0980392157 0.0980392157
v 51.458469390869141 -47.529655456542969 9.0364494323730469 0.0980392157 0.0980392157 0.0980392157
v 65.189750671386719 -46.988243103027344 8.6900882720947266 0.0980392157 0.0980392157 0.0980392157
v 55.059730529785156 -51.604629516601562 -1.9852440357208252 0.0980392157 0.0980392157 0.0980392157
v 74.128166198730469 -41.836444854736328 18.231479644775391 0.0980392157 0.0980392157 0.0980392157
v 51.458469390869141 -47.529655456542969 9.0364494323730469 0.0980392157 0.0980392157 0.0980392157
v 67.039932250976562 -40.939682006835938 16.698741912841797 0.0980392157 0.0980392157 0.0980392157
v 45.580165863037109 -45.609909057617188 8.2412738800048828 0.0980392157 0.0980392157 0.0980392157
v 64.739028930664062 -40.297565460205078 18.733001708984375 0.0980392157 0.0980392157 0.0980392157
v 47.849269866943359 -43.918403625488281 11.916244506835938 0.0980392157 0.0980392157 0.0980392157
v 53.915958404541016 -44.118289947509766 17.516927719116211 0.0980392157 0.0980392157 0.0980392157
v 82.264663696289062 -34.052791595458984 26.903030395507812 0.0980392157 0.0980392157 0.0980392157
v 77.619102478027344 -35.763500213623047 21.790826797485352 0.0980392157 0.0980392157 0.0980392157
v 67.039932250976562 -40.939682006835938 16.698741912841797 0.0980392157 0.0980392157 0.0980392157
v 64.739028930664062 -40.297565460205078 18.733001708984375 0.0980392157 0.0980392157 0.0980392157
v 67.046051025390625 -40.506668090820312 23.042938232421875 0.0980392157 0.0980392157 0.0980392157
v 71.72186279296875 -34.913265228271484 30.1192626953125 0.0980392157 0.0980392157 0.0980392157
v 82.264663696289062 -34.052791595458984 26.903030395507812 0.0980392157 0.0980392157 0.0980392157
v 81.4364013671875 -18.803857803344727 35.295867919921875 0.0980392157 0.0980392157 0.0980392157
v 88.073341369628906 -17.058931350708008 32.810184478759766 0.0980392157 0.0980392157 0.0980392157
v 86.375099182128906 -26.173248291015625 31.002925872802734 0.0980392157 0.0980392157 0.0980392157
v 79.9913330078125 -24.957056045532227 34.115684509277344 0.0980392157 0.0980392157 0.0980392157
v 77.529655456542969 -29.580192565917969 32.561618804931641 0.0980392157 0.0980392157 0.0980392157
v 72.341545104980469 -23.285728454589844 43.250282287597656 0.0980392157 0.0980392157 0.0980392157
v 63.074886322021484 -35.586032867431641 35.559009552001953 0.0980392157 0.0980392157 0.0980392157
v 68.872566223144531 -30.689434051513672 40.049896240234375 0.0980392157 0.0980392157 0.0980392157
v 71.72186279296875 -34.913265228271484 30.1192626953125 0.0980392157 0.0980392157 0.0980392157
v 69.525634765625 -23.897792816162109 43.553413391113281 0.0980392157 0.0980392157 0.0980392157
v 68.872566223144531 -30.689434051513672 40.049896240234375 0.0980392157 0.0980392157 0.0980392157
v 64.212532043457031 -31.845470428466797 38.794239044189453 0.0980392157 0.0980392157 0.0980392157
v 72.341545104980469 -23.285728454589844 43.250282287597656 0.0980392157 0.0980392157 0.0980392157
v 69.843643188476562 -21.136951446533203 46.636829376220703 0.0980392157 0.0980392157 0.0980392157
v 68.419158935546875 -22.587125778198242 45.595844268798828 0.0980392157 0.0980392157 0.0980392157
v 66.197425842285156 -30.108020782470703 43.145740509033203 0.0980392157 0.0980392157 0.0980392157
v 69.843643188476562 -21.136951446533203 46.636829376220703 0.0980392157 0.0980392157 0.0980392157
v 71.407112121582031 -29.302207946777344 43.617412567138672 0.0980392157 0.0980392157 0.0980392157
v 73.733169555664062 -23.266738891601562 45.269466400146484 0.0980392157 0.0980392157 0.0980392157
v 66.197425842285156 -30.108020782470703 43.145740509033203 0.0980392157 0.0980392157 0.0980392157
v 81.873855590820312 -24.925682067871094 35.987560272216797 0.0980392157 0.0980392157 0.0980392157
v 83.41436767578125 -19.362937927246094 36.848686218261719 0.0980392157 0.0980392157 0.0980392157
v 73.733169555664062 -23.266738891601562 45.269466400146484 0.0980392157 0.0980392157 0.0980392157
v 81.873855590820312 -24.925682067871094 35.987560272216797 0.0980392157 0.0980392157 0.0980392157
v 71.407112121582031 -29.302207946777344 43.617412567138672 0.0980392157 0.0980392157 0.0980392157
v 79.6781005859375 -29.790454864501953 34.624702453613281 0.0980392157 0.0980392157 0.0980392157
v 96.97955322265625 -28.137796401977539 28.901147842407227 0.0980392157 0.0980392157 0.0980392157
v 85.906517028808594 -36.935234069824219 26.486551284790039 0.0980392157 0.0980392157 0.0980392157
v 112.61483001708984 -29.863801956176758 22.335056304931641 0.0980392157 0.0980392157 0.0980392157
v 79.6781005859375 -29.790454864501953 34.624702453613281 0.0980392157 0.0980392157 0.0980392157
v 115.95183563232422 -22.121980667114258 24.22114372253418 0.0980392157 0.0980392157 0.0980392157
v 132.37071228027344 -23.633779525756836 18.192697525024414 0.0980392157 0.0980392157 0.0980392157
v 73.04022216796875 -41.875637054443359 23.670825958251953 0.0980392157 0.0980392157 0.0980392157
v 75.1639404296875 -35.184238433837891 32.178798675537109 0.0980392157 0.0980392157 0.0980392157
v 64.041557312011719 -41.345054626464844 27.662750244140625 0.0980392157 0.0980392157 0.0980392157
v 81.873855590820312 -24.925682067871094 35.987560272216797 0.0980392157 0.0980392157 0.0980392157
v 83.41436767578125 -19.362937927246094 36.848686218261719 0.0980392157 0.0980392157 0.0980392157
v 145.64494323730469 -18.311117172241211 15.431466102600098 0.0980392157 0.0980392157 0.0980392157
v 144.66876220703125 -18.285594940185547 13.284021377563477 0.0980392157 0.0980392157 0.0980392157
v 149.05513000488281 -13.685798645019531 12.929912567138672 0.0980392157 0.0980392157 0.0980392157
v 145.67886352539062 -19.312278747558594 12.736529350280762 0.0980392157 0.0980392157 0.0980392157
v 150.77265930175781 -13.944541931152344 12.440767288208008 0.0980392157 0.0980392157 0.0980392157
v 144.66876220703125 -18.285594940185547 13.284021377563477 0.0980392157 0.0980392157 0.0980392157
v 150.77265930175781 -13.944541931152344 12.440767288208008 0.0980392157 0.0980392157 0.0980392157
v 145.67886352539062 -19.312278747558594 12.736529350280762 0.0980392157 0.0980392157 0.0980392157
v 147.34295654296875 -19.870424270629883 14.634571075439453 0.0980392157 0.0980392157 0.0980392157
v 151.82890319824219 -12.526491165161133 14.591701507568359 0.0980392157 0.0980392157 0.0980392157
v 102.80863189697266 -40.346652984619141 16.389055252075195 0.0980392157 0.0980392157 0.0980392157
v 85.488327026367188 -38.329868316650391 24.565120697021484 0.0980392157 0.0980392157 0.0980392157
v 90.757720947265625 -44.462215423583984 13.987378120422363 0.0980392157 0.0980392157 0.0980392157
v 111.15631103515625 -44.279281616210938 9.641575813293457 0.0980392157 0.0980392157 0.0980392157
v 127.03109741210938 -37.501056671142578 12.472094535827637 0.0980392157 0.0980392157 0.0980392157
v 138.74749755859375 -41.595127105712891 6.7263994216918945 0.0980392157 0.0980392157 0.0980392157
v 143.99327087402344 -34.247348785400391 10.151814460754395 0.0980392157 0.0980392157 0.0980392157
v 116.69617462158203 -46.025703430175781 6.6746354103088379 0.0980392157 0.0980392157 0.0980392157
v 93.064865112304688 -48.544399261474609 7.1340065002441406 0.0980392157 0.0980392157 0.0980392157
v 153.9354248046875 -36.509918212890625 7.0070314407348633 0.0980392157 0.0980392157 0.0980392157
v 145.21163940429688 -28.714565277099609 12.455443382263184 0.0980392157 0.0980392157 0.0980392157
v 122.65737915039062 -28.93635368347168 19.25446891784668 0.0980392157 0.0980392157 0.0980392157
v 123.61537933349609 -49.9188232421875 -3.126502513885498 0.0980392157 0.0980392157 0.0980392157
v 116.69617462158203 -46.025703430175781 6.6746354103088379 0.0980392157 0.0980392157 0.0980392157
v 106.53025817871094 -52.333766937255859 -3.9446060657501221 0.0980392157 0.0980392157 0.0980392157
v 96.589569091796875 -57.229393005371094 -14.40044116973877 0.0980392157 0.0980392157 0.0980392157
v 121.62975311279297 -54.500514984130859 -15.147982597351074 0.0980392157 0.0980392157 0.0980392157
v 93.064865112304688 -48.544399261474609 7.1340065002441406 0.0980392157 0.0980392157 0.0980392157
v 138.4368896484375 -47.545276641845703 -3.6949868202209473 0.0980392157 0.0980392157 0.0980392157
v 140.61679077148438 -50.553478240966797 -15.017331123352051 0.0980392157 0.0980392157 0.0980392157
v 152.49690246582031 -44.457649230957031 -6.3991289138793945 0.0980392157 0.0980392157 0.0980392157
v 149.52168273925781 -47.726890563964844 -14.712035179138184 0.0980392157 0.0980392157 0.0980392157
v 138.74749755859375 -41.595127105712891 6.7263994216918945 0.0980392157 0.0980392157 0.0980392157
v 121.62975311279297 -54.500514984130859 -15.147982597351074 0.0980392157 0.0980392157 0.0980392157
v 131.93836975097656 -50.220989227294922 -20.496049880981445 0.0980392157 0.0980392157 0.0980392157
v 140.61679077148438 -50.553478240966797 -15.017331123352051 0.0980392157 0.0980392157 0.0980392157
v 162.11384582519531 -41.940315246582031 -10.604107856750488 0.0980392157 0.0980392157 0.0980392157
v 149.52168273925781 -47.726890563964844 -14.712035179138184 0.0980392157 0.0980392157 0.0980392157
v 156.5513916015625 -41.093299865722656 -24.396663665771484 0.0980392157 0.0980392157 0.0980392157
v 76.086357116699219 -54.474437713623047 -10.768292427062988 0.0980392157 0.0980392157 0.0980392157
v 78.055999755859375 -51.223827362060547 -20.736698150634766 0.0980392157 0.0980392157 0.0980392157
v 70.398727416992188 -51.363212585449219 -16.873973846435547 0.0980392157 0.0980392157 0.0980392157
v 101.57251739501953 -54.135162353515625 -14.426828384399414 0.0980392157 0.0980392157 0.0980392157
v 86.222213745117188 -54.946914672851562 -13.318648338317871 0.0980392157 0.0980392157 0.0980392157
v 60.271350860595703 -37.004035949707031 -8.0789604187011719 0.0980392157 0.0980392157 0.0980392157
v 61.496196746826172 -50.616561889648438 -8.9703598022460938 0.0980392157 0.0980392157 0.0980392157
v 69.423187255859375 -36.9981689453125 -16.051872253417969 0.0980392157 0.0980392157 0.0980392157
v 68.262191772460938 -37.047084808349609 -18.292198181152344 0.0980392157 0.0980392157 0.0980392157
v 69.423187255859375 -36.9981689453125 -16.051872253417969 0.0980392157 0.0980392157 0.0980392157
v 73.547355651855469 -37.000003814697266 -21.448627471923828 0.0980392157 0.0980392157 0.0980392157
v 85.100692749023438 -37.001167297363281 -22.173027038574219 0.0980392157 0.0980392157 0.0980392157
v 87.692375183105469 -37.000003814697266 -24.688262939453125 0.0980392157 0.0980392157 0.0980392157
v 80.433219909667969 -37.002414703369141 -23.948925018310547 0.0980392157 0.0980392157 0.0980392157
v 76.577804565429688 -36.994335174560547 -20.182994842529297 0.0980392157 0.0980392157 0.0980392157
v 130.04249572753906 -50.09765625 -21.061927795410156 0.0980392157 0.0980392157 0.0980392157
v 94.677108764648438 -53.811363220214844 -20.696269989013672 0.0980392157 0.0980392157 0.0980392157
v 128.16401672363281 -48.719722747802734 -24.312114715576172 0.0980392157 0.0980392157 0.0980392157
v 133.91746520996094 -26.800565719604492 13.767426490783691 0.0980392157 0.0980392157 0.0980392157
v 145.39390563964844 -20.315999984741211 10.253290176391602 0.0980392157 0.0980392157 0.0980392157
v 145.60025024414062 -22.352621078491211 11.777446746826172 0.0980392157 0.0980392157 0.0980392157
v 127.96244812011719 -21.792905807495117 17.372682571411133 0.0980392157 0.0980392157 0.0980392157
v 145.47453308105469 -14.504775047302246 13.534547805786133 0.0980392157 0.0980392157 0.0980392157
v 131.15554809570312 -21.372470855712891 14.456788063049316 0.0980392157 0.0980392157 0.0980392157
v 113.93293762207031 -32.010139465332031 17.250829696655273 0.0980392157 0.0980392157 0.0980392157
v 95.637039184570312 -35.829513549804688 20.04461669921875 0.0980392157 0.0980392157 0.0980392157
v 85.695640563964844 -37.82781982421875 20.941930770874023 0.0980392157 0.0980392157 0.0980392157
v 107.11941528320312 -27.907114028930664 19.987747192382812 0.0980392157 0.0980392157 0.0980392157
v 90.366477966308594 -33.356136322021484 21.019998550415039 0.0980392157 0.0980392157 0.0980392157
v 82.575508117675781 -33.724063873291016 23.380853652954102 0.0980392157 0.0980392157 0.0980392157
v 110.35594940185547 -26.860103607177734 21.653163909912109 0.0980392157 0.0980392157 0.0980392157
v 85.4945068359375 -33.147411346435547 26.459352493286133 0.0980392157 0.0980392157 0.0980392157
v 133.91746520996094 -26.800565719604492 13.767426490783691 0.0980392157 0.0980392157 0.0980392157
v 145.39390563964844 -20.315999984741211 10.253290176391602 0.0980392157 0.0980392157 0.0980392157
v 127.96244812011719 -21.792905807495117 17.372682571411133 0.0980392157 0.0980392157 0.0980392157
v 122.15494537353516 -25.89729118347168 15.12109375 0.0980392157 0.0980392157 0.0980392157
v 131.15554809570312 -21.372470855712891 14.456788063049316 0.0980392157 0.0980392157 0.0980392157
v 47.098678588867188 -32.891872406005859 -5.8473739624023438 0.0980392157 0.0980392157 0.0980392157
v 39.651660919189453 -29.99896240234375 -5.6863875389099121 0.0980392157 0.0980392157 0.0980392157
v 48.699001312255859 -33.604991912841797 -3.551051139831543 0.0980392157 0.0980392157 0.0980392157
v 48.699001312255859 -33.604991912841797 -3.551051139831543 0.0980392157 0.0980392157 0.0980392157
v 60.110553741455078 -37.315391540527344 -10.887389183044434 0.0980392157 0.0980392157 0.0980392157
v 60.271350860595703 -37.004035949707031 -8.0789604187011719 0.0980392157 0.0980392157 0.0980392157
v 68.262191772460938 -37.047084808349609 -18.292198181152344 0.0980392157 0.0980392157 0.0980392157
v 60.110553741455078 -37.315391540527344 -10.887389183044434 0.0980392157 0.0980392157 0.0980392157
v 55.016944885253906 -49.884296417236328 -5.6692543029785156 0.0980392157 0.0980392157 0.0980392157
v 61.496196746826172 -50.616561889648438 -8.9703598022460938 0.0980392157 0.0980392157 0.0980392157
v 60.271350860595703 -37.004035949707031 -8.0789604187011719 0.0980392157 0.0980392157 0.0980392157
v -54.109115600585938 -41.99530029296875 15.537876129150391 0.0980392157 0.0980392157 0.0980392157
v -51.674995422363281 -42.056224822998047 -6.0331439971923828 0.0980392157 0.0980392157 0.0980392157
v -64.129707336425781 -38.807094573974609 8.2535429000854492 0.0980392157 0.0980392157 0.0980392157
v -35.632877349853516 -45.194721221923828 11.992036819458008 0.0980392157 0.0980392157 0.0980392157
v -24.851692199707031 -46.030738830566406 2.4534263610839844 0.0980392157 0.0980392157 0.0980392157
v -9.4420356750488281 -47.572738647460938 8.3462104797363281 0.0980392157 0.0980392157 0.0980392157
v 20.413330078125 -49.509212493896484 4.2833895683288574 0.0980392157 0.0980392157 0.0980392157
v -25.599599838256836 -45.024166107177734 -3.1878783702850342 0.0980392157 0.0980392157 0.0980392157
v -41.722805023193359 -43.685066223144531 -3.1884276866912842 0.0980392157 0.0980392157 0.0980392157
v 31.445501327514648 -47.319362640380859 -3.1886425018310547 0.0980392157 0.0980392157 0.0980392157
v 29.499429702758789 -48.707157135009766 -0.31034374237060547 0.0980392157 0.0980392157 0.0980392157
v 45.093132019042969 -50.878894805908203 0.80416935682296753 0.0980392157 0.0980392157 0.0980392157
v 31.445501327514648 -47.319362640380859 -3.1886425018310547 0.0980392157 0.0980392157 0.0980392157
v 39.526374816894531 -29.99462890625 -3.1896615028381348 0.0980392157 0.0980392157 0.0980392157
v -25.599599838256836 -45.024166107177734 -3.1878783702850342 0.0980392157 0.0980392157 0.0980392157
v -41.722805023193359 -43.685066223144531 -3.1884276866912842 0.0980392157 0.0980392157 0.0980392157
v 45.2236328125 -48.880069732666016 -3.2209372520446777 0.0980392157 0.0980392157 0.0980392157
v -9.4420356750488281 -47.572738647460938 8.3462104797363281 0.0980392157 0.0980392157 0.0980392157
v -35.632877349853516 -45.194721221923828 11.992036819458008 0.0980392157 0.0980392157 0.0980392157
v -3.4918482303619385 -46.643512725830078 11.297545433044434 0.0980392157 0.0980392157 0.0980392157
v 20.413330078125 -49.509212493896484 4.2833895683288574 0.0980392157 0.0980392157 0.0980392157
v -34.021579742431641 -43.731491088867188 16.084623336791992 0.0980392157 0.0980392157 0.0980392157
v -51.419017791748047 -40.562862396240234 20.084720611572266 0.0980392157 0.0980392157 0.0980392157
v 38.120063781738281 -48.764183044433594 6.674593448638916 0.0980392157 0.0980392157 0.0980392157
v 43.188762664794922 -45.848148345947266 13.960654258728027 0.0980392157 0.0980392157 0.0980392157
v 47.849269866943359 -43.918403625488281 11.916244506835938 0.0980392157 0.0980392157 0.0980392157
v 35.009952545166016 -44.874191284179688 11.387129783630371 0.0980392157 0.0980392157 0.0980392157
v 27.841337203979492 -46.277877807617188 8.1446847915649414 0.0980392157 0.0980392157 0.0980392157
v 45.580165863037109 -45.609909057617188 8.2412738800048828 0.0980392157 0.0980392157 0.0980392157
v 38.120063781738281 -48.764183044433594 6.674593448638916 0.0980392157 0.0980392157 0.0980392157
v 51.458469390869141 -47.529655456542969 9.0364494323730469 0.0980392157 0.0980392157 0.0980392157
v 82.264663696289062 -34.052791595458984 26.903030395507812 0.0980392157 0.0980392157 0.0980392157
v 71.72186279296875 -34.913265228271484 30.1192626953125 0.0980392157 0.0980392157 0.0980392157
v 77.529655456542969 -29.580192565917969 32.561618804931641 0.0980392157 0.0980392157 0.0980392157
v 54.510726928710938 -37.282707214355469 31.755477905273438 0.0980392157 0.0980392157 0.0980392157
v 63.074886322021484 -35.586032867431641 35.559009552001953 0.0980392157 0.0980392157 0.0980392157
v 52.296001434326172 -40.613037109375 28.158090591430664 0.0980392157 0.0980392157 0.0980392157
v 68.419158935546875 -22.587125778198242 45.595844268798828 0.0980392157 0.0980392157 0.0980392157
v 62.413143157958984 -32.275428771972656 40.792697906494141 0.0980392157 0.0980392157 0.0980392157
v 66.197425842285156 -30.108020782470703 43.145740509033203 0.0980392157 0.0980392157 0.0980392157
v 62.413143157958984 -32.275428771972656 40.792697906494141 0.0980392157 0.0980392157 0.0980392157
v 52.719219207763672 -40.612983703613281 31.921411514282227 0.0980392157 0.0980392157 0.0980392157
v 66.441680908203125 -35.556182861328125 39.431934356689453 0.0980392157 0.0980392157 0.0980392157
v 79.6781005859375 -29.790454864501953 34.624702453613281 0.0980392157 0.0980392157 0.0980392157
v 75.1639404296875 -35.184238433837891 32.178798675537109 0.0980392157 0.0980392157 0.0980392157
v 85.906517028808594 -36.935234069824219 26.486551284790039 0.0980392157 0.0980392157 0.0980392157
v 64.041557312011719 -41.345054626464844 27.662750244140625 0.0980392157 0.0980392157 0.0980392157
v 60.202247619628906 -46.113552093505859 18.293327331542969 0.0980392157 0.0980392157 0.0980392157
v 73.04022216796875 -41.875637054443359 23.670825958251953 0.0980392157 0.0980392157 0.0980392157
v 47.787765502929688 -44.389232635498047 25.899911880493164 0.0980392157 0.0980392157 0.0980392157
v 45.142780303955078 -49.008220672607422 12.528728485107422 0.0980392157 0.0980392157 0.0980392157
v 132.37071228027344 -23.633779525756836 18.192697525024414 0.0980392157 0.0980392157 0.0980392157
v 112.61483001708984 -29.863801956176758 22.335056304931641 0.0980392157 0.0980392157 0.0980392157
v 129.17491149902344 -23.981874465942383 16.8333740234375 0.0980392157 0.0980392157 0.0980392157
v 106.87061309814453 -30.298826217651367 21.464927673339844 0.0980392157 0.0980392157 0.0980392157
v 81.183547973632812 -36.524986267089844 24.873954772949219 0.0980392157 0.0980392157 0.0980392157
v 144.66876220703125 -18.285594940185547 13.284021377563477 0.0980392157 0.0980392157 0.0980392157
v 145.64494323730469 -18.311117172241211 15.431466102600098 0.0980392157 0.0980392157 0.0980392157
v 132.37071228027344 -23.633779525756836 18.192697525024414 0.0980392157 0.0980392157 0.0980392157
v 129.17491149902344 -23.981874465942383 16.8333740234375 0.0980392157 0.0980392157 0.0980392157
v 129.17491149902344 -23.981874465942383 16.8333740234375 0.0980392157 0.0980392157 0.0980392157
v 145.67886352539062 -19.312278747558594 12.736529350280762 0.0980392157 0.0980392157 0.0980392157
v 144.66876220703125 -18.285594940185547 13.284021377563477 0.0980392157 0.0980392157 0.0980392157
v 133.99258422851562 -24.46809196472168 15.261032104492188 0.0980392157 0.0980392157 0.0980392157
v 108.30259704589844 -31.192832946777344 20.152076721191406 0.0980392157 0.0980392157 0.0980392157
v 147.34295654296875 -19.870424270629883 14.634571075439453 0.0980392157 0.0980392157 0.0980392157
v 145.67886352539062 -19.312278747558594 12.736529350280762 0.0980392157 0.0980392157 0.0980392157
v 133.99258422851562 -24.46809196472168 15.261032104492188 0.0980392157 0.0980392157 0.0980392157
v 67.042106628417969 -45.076618194580078 19.019681930541992 0.0980392157 0.0980392157 0.0980392157
v 70.2464599609375 -48.575572967529297 10.693046569824219 0.0980392157 0.0980392157 0.0980392157
v 77.079345703125 -41.386127471923828 22.978183746337891 0.0980392157 0.0980392157 0.0980392157
v 116.69617462158203 -46.025703430175781 6.6746354103088379 0.0980392157 0.0980392157 0.0980392157
v 138.74749755859375 -41.595127105712891 6.7263994216918945 0.0980392157 0.0980392157 0.0980392157
v 111.15631103515625 -44.279281616210938 9.641575813293457 0.0980392157 0.0980392157 0.0980392157
v 70.2464599609375 -48.575572967529297 10.693046569824219 0.0980392157 0.0980392157 0.0980392157
v 48.000411987304688 -49.450531005859375 11.259081840515137 0.0980392157 0.0980392157 0.0980392157
v 62.250957489013672 -55.121994018554688 -4.7226753234863281 0.0980392157 0.0980392157 0.0980392157
v 74.918067932128906 -56.999080657958984 -10.332411766052246 0.0980392157 0.0980392157 0.0980392157
v 85.634170532226562 -57.628547668457031 -13.019443511962891 0.0980392157 0.0980392157 0.0980392157
v 106.53025817871094 -52.333766937255859 -3.9446060657501221 0.0980392157 0.0980392157 0.0980392157
v 96.589569091796875 -57.229393005371094 -14.40044116973877 0.0980392157 0.0980392157 0.0980392157
v 105.97803497314453 -53.220710754394531 -20.283748626708984 0.0980392157 0.0980392157 0.0980392157
v 121.62975311279297 -54.500514984130859 -15.147982597351074 0.0980392157 0.0980392157 0.0980392157
v 96.589569091796875 -57.229393005371094 -14.40044116973877 0.0980392157 0.0980392157 0.0980392157
v 131.93836975097656 -50.220989227294922 -20.496049880981445 0.0980392157 0.0980392157 0.0980392157
v 86.332466125488281 -51.393733978271484 -24.682636260986328 0.0980392157 0.0980392157 0.0980392157
v 81.285125732421875 -48.681362152099609 -24.06794548034668 0.0980392157 0.0980392157 0.0980392157
v 87.692375183105469 -37.000003814697266 -24.688262939453125 0.0980392157 0.0980392157 0.0980392157
v 73.948066711425781 -52.349628448486328 -23.451183319091797 0.0980392157 0.0980392157 0.0980392157
v 74.067886352539062 -50.209018707275391 -21.844188690185547 0.0980392157 0.0980392157 0.0980392157
v 73.547355651855469 -37.000003814697266 -21.448627471923828 0.0980392157 0.0980392157 0.0980392157
v 67.867012023925781 -50.431659698486328 -18.007692337036133 0.0980392157 0.0980392157 0.0980392157
v 68.262191772460938 -37.047084808349609 -18.292198181152344 0.0980392157 0.0980392157 0.0980392157
v 73.948066711425781 -52.349628448486328 -23.451183319091797 0.0980392157 0.0980392157 0.0980392157
v 90.86883544921875 -54.328487396240234 -19.886810302734375 0.0980392157 0.0980392157 0.0980392157
v 85.634170532226562 -57.628547668457031 -13.019443511962891 0.0980392157 0.0980392157 0.0980392157
v 62.250957489013672 -55.121994018554688 -4.7226753234863281 0.0980392157 0.0980392157 0.0980392157
v 53.070209503173828 -50.292503356933594 -9.3625612258911133 0.0980392157 0.0980392157 0.0980392157
v 60.422634124755859 -51.042484283447266 -15.799568176269531 0.0980392157 0.0980392157 0.0980392157
v 90.86883544921875 -54.328487396240234 -19.886810302734375 0.0980392157 0.0980392157 0.0980392157
v 73.948066711425781 -52.349628448486328 -23.451183319091797 0.0980392157 0.0980392157 0.0980392157
v 87.089019775390625 -51.529567718505859 -24.198904037475586 0.0980392157 0.0980392157 0.0980392157
v 64.2247314453125 -51.316036224365234 -21.623214721679688 0.0980392157 0.0980392157 0.0980392157
v 74.918067932128906 -56.999080657958984 -10.332411766052246 0.0980392157 0.0980392157 0.0980392157
v 60.422634124755859 -51.042484283447266 -15.799568176269531 0.0980392157 0.0980392157 0.0980392157
v -41.722805023193359 -43.685066223144531 -3.1884276866912842 0.0980392157 0.0980392157 0.0980392157
v 39.526374816894531 -29.99462890625 -3.1896615028381348 0.0980392157 0.0980392157 0.0980392157
v -41.574722290039062 -32.732589721679688 -3.1973927021026611 0.0980392157 0.0980392157 0.0980392157
v -37.622226715087891 -30.001798629760742 -3.1883254051208496 0.0980392157 0.0980392157 0.0980392157
v -38.523582458496094 -30.011722564697266 -5.6886639595031738 0.0980392157 0.0980392157 0.0980392157
v -37.622226715087891 -30.001798629760742 -3.1883254051208496 0.0980392157 0.0980392157 0.0980392157
v 39.651660919189453 -29.99896240234375 -5.6863875389099121 0.0980392157 0.0980392157 0.0980392157
v 45.476474761962891 -42.973674774169922 -5.6944093704223633 0.0980392157 0.0980392157 0.0980392157
v -41.744956970214844 -42.992763519287109 -5.6902151107788086 0.0980392157 0.0980392157 0.0980392157
v -41.684989929199219 -33.528484344482422 -5.6888446807861328 0.0980392157 0.0980392157 0.0980392157
v -38.523582458496094 -30.011722564697266 -5.6886639595031738 0.0980392157 0.0980392157 0.0980392157
v 39.651660919189453 -29.99896240234375 -5.6863875389099121 0.0980392157 0.0980392157 0.0980392157
v 51.244327545166016 -48.181522369384766 -6.8615260124206543 0.0980392157 0.0980392157 0.0980392157
v 45.500053405761719 -47.397689819335938 -5.7561488151550293 0.0980392157 0.0980392157 0.0980392157
v 45.476474761962891 -42.973674774169922 -5.6944093704223633 0.0980392157 0.0980392157 0.0980392157
v 47.098678588867188 -32.891872406005859 -5.8473739624023438 0.0980392157 0.0980392157 0.0980392157
v 51.274467468261719 -35.764324188232422 -6.9797139167785645 0.0980392157 0.0980392157 0.0980392157
v 60.110553741455078 -37.315391540527344 -10.887389183044434 0.0980392157 0.0980392157 0.0980392157
v 60.110553741455078 -37.315391540527344 -10.887389183044434 0.0980392157 0.0980392157 0.0980392157
v 53.276191711425781 -48.385974884033203 -7.7199316024780273 0.0980392157 0.0980392157 0.0980392157
v 53.274433135986328 -36.461318969726562 -7.7559456825256348 0.0980392157 0.0980392157 0.0980392157
v 62.274440765380859 -40.185699462890625 -12.924505233764648 0.0980392157 0.0980392157 0.0980392157
v 60.110553741455078 -37.315391540527344 -10.887389183044434 0.0980392157 0.0980392157 0.0980392157
v 68.262191772460938 -37.047084808349609 -18.292198181152344 0.0980392157 0.0980392157 0.0980392157
v 62.274452209472656 -49.654880523681641 -12.923850059509277 0.0980392157 0.0980392157 0.0980392157
v 53.276191711425781 -48.385974884033203 -7.7199316024780273 0.0980392157 0.0980392157 0.0980392157
v 60.239841461181641 -49.398941040039062 -11.077339172363281 0.0980392157 0.0980392157 0.0980392157
v -53.836986541748047 -41.833057403564453 -10.28781795501709 0.0980392157 0.0980392157 0.0980392157
v -41.722805023193359 -43.685066223144531 -3.1884276866912842 0.0980392157 0.0980392157 0.0980392157
v -41.744956970214844 -42.992763519287109 -5.6902151107788086 0.0980392157 0.0980392157 0.0980392157
v -41.684989929199219 -33.528484344482422 -5.6888446807861328 0.0980392157 0.0980392157 0.0980392157
v -41.744956970214844 -42.992763519287109 -5.6902151107788086 0.0980392157 0.0980392157 0.0980392157
v -41.574722290039062 -32.732589721679688 -3.1973927021026611 0.0980392157 0.0980392157 0.0980392157
v -72.004417419433594 -33.558834075927734 8.1090364456176758 0.0980392157 0.0980392157 0.0980392157
v -75.875205993652344 -27.974269866943359 17.581760406494141 0.0980392157 0.0980392157 0.0980392157
v -72.293510437011719 -30.416877746582031 22.229970932006836 0.0980392157 0.0980392157 0.0980392157
v -70.855697631835938 -28.848823547363281 29.614587783813477 0.0980392157 0.0980392157 0.0980392157
v -62.853782653808594 -34.649578094482422 28.353179931640625 0.0980392157 0.0980392157 0.0980392157
v -54.109115600585938 -41.99530029296875 15.537876129150391 0.0980392157 0.0980392157 0.0980392157
v -64.129707336425781 -38.807094573974609 8.2535429000854492 0.0980392157 0.0980392157 0.0980392157
v -60.959907531738281 -39.074470520019531 19.389484405517578 0.0980392157 0.0980392157 0.0980392157
v -66.188163757324219 -36.549648284912109 17.778190612792969 0.0980392157 0.0980392157 0.0980392157
v -2.796978235244751 -42.748012542724609 15.414280891418457 0.0980392157 0.0980392157 0.0980392157
v -22.52476692199707 -41.529258728027344 16.29084587097168 0.0980392157 0.0980392157 0.0980392157
v -29.204137802124023 -40.356597900390625 20.032695770263672 0.0980392157 0.0980392157 0.0980392157
v -19.779434204101562 -43.133731842041016 14.419370651245117 0.0980392157 0.0980392157 0.0980392157
v -49.571235656738281 -38.938758850097656 20.03546142578125 0.0980392157 0.0980392157 0.0980392157
v -47.341251373291016 -37.297275543212891 22.481636047363281 0.0980392157 0.0980392157 0.0980392157
v -23.487586975097656 -42.029853820800781 21.154817581176758 0.0980392157 0.0980392157 0.0980392157
v -46.432052612304688 -38.934600830078125 25.647951126098633 0.0980392157 0.0980392157 0.0980392157
v -3.4918482303619385 -46.643512725830078 11.297545433044434 0.0980392157 0.0980392157 0.0980392157
v 27.841337203979492 -46.277877807617188 8.1446847915649414 0.0980392157 0.0980392157 0.0980392157
v 38.120063781738281 -48.764183044433594 6.674593448638916 0.0980392157 0.0980392157 0.0980392157
v 45.580165863037109 -45.609909057617188 8.2412738800048828 0.0980392157 0.0980392157 0.0980392157
v 35.009952545166016 -44.874191284179688 11.387129783630371 0.0980392157 0.0980392157 0.0980392157
v 1.3310815095901489 -44.237194061279297 18.155466079711914 0.0980392157 0.0980392157 0.0980392157
v -57.568641662597656 -36.225254058837891 28.244958877563477 0.0980392157 0.0980392157 0.0980392157
v -55.067050933837891 -36.614048004150391 24.305570602416992 0.0980392157 0.0980392157 0.0980392157
v -51.419017791748047 -40.562862396240234 20.084720611572266 0.0980392157 0.0980392157 0.0980392157
v -51.419017791748047 -40.562862396240234 20.084720611572266 0.0980392157 0.0980392157 0.0980392157
v -54.109115600585938 -41.99530029296875 15.537876129150391 0.0980392157 0.0980392157 0.0980392157
v -60.959907531738281 -39.074470520019531 19.389484405517578 0.0980392157 0.0980392157 0.0980392157
v -57.568641662597656 -36.225254058837891 28.244958877563477 0.0980392157 0.0980392157 0.0980392157
v -62.853782653808594 -34.649578094482422 28.353179931640625 0.0980392157 0.0980392157 0.0980392157
v 26.952301025390625 -44.749565124511719 16.999271392822266 0.0980392157 0.0980392157 0.0980392157
v 31.314651489257812 -45.881969451904297 14.112669944763184 0.0980392157 0.0980392157 0.0980392157
v 1.3310815095901489 -44.237194061279297 18.155466079711914 0.0980392157 0.0980392157 0.0980392157
v 52.296001434326172 -40.613037109375 28.158090591430664 0.0980392157 0.0980392157 0.0980392157
v 63.074886322021484 -35.586032867431641 35.559009552001953 0.0980392157 0.0980392157 0.0980392157
v 57.592037200927734 -41.189609527587891 24.324071884155273 0.0980392157 0.0980392157 0.0980392157
v 67.046051025390625 -40.506668090820312 23.042938232421875 0.0980392157 0.0980392157 0.0980392157
v 53.915958404541016 -44.118289947509766 17.516927719116211 0.0980392157 0.0980392157 0.0980392157
v 57.592037200927734 -41.189609527587891 24.324071884155273 0.0980392157 0.0980392157 0.0980392157
v 52.296001434326172 -40.613037109375 28.158090591430664 0.0980392157 0.0980392157 0.0980392157
v 39.201419830322266 -43.794181823730469 20.758783340454102 0.0980392157 0.0980392157 0.0980392157
v 71.72186279296875 -34.913265228271484 30.1192626953125 0.0980392157 0.0980392157 0.0980392157
v 57.592037200927734 -41.189609527587891 24.324071884155273 0.0980392157 0.0980392157 0.0980392157
v 63.074886322021484 -35.586032867431641 35.559009552001953 0.0980392157 0.0980392157 0.0980392157
v 27.431690216064453 -42.220287322998047 18.976730346679688 0.0980392157 0.0980392157 0.0980392157
v 40.688518524169922 -41.005077362060547 23.716268539428711 0.0980392157 0.0980392157 0.0980392157
v 39.201419830322266 -43.794181823730469 20.758783340454102 0.0980392157 0.0980392157 0.0980392157
v 50.125526428222656 -38.198902130126953 31.924081802368164 0.0980392157 0.0980392157 0.0980392157
v 34.273361206054688 -41.562690734863281 23.920675277709961 0.0980392157 0.0980392157 0.0980392157
v 52.719219207763672 -40.612983703613281 31.921411514282227 0.0980392157 0.0980392157 0.0980392157
v 62.413143157958984 -32.275428771972656 40.792697906494141 0.0980392157 0.0980392157 0.0980392157
v 34.273361206054688 -41.562690734863281 23.920675277709961 0.0980392157 0.0980392157 0.0980392157
v 22.722023010253906 -43.067733764648438 21.270366668701172 0.0980392157 0.0980392157 0.0980392157
v 34.911754608154297 -46.438800811767578 20.436532974243164 0.0980392157 0.0980392157 0.0980392157
v 52.719219207763672 -40.612983703613281 31.921411514282227 0.0980392157 0.0980392157 0.0980392157
v 34.911754608154297 -46.438800811767578 20.436532974243164 0.0980392157 0.0980392157 0.0980392157
v 47.787765502929688 -44.389232635498047 25.899911880493164 0.0980392157 0.0980392157 0.0980392157
v 66.441680908203125 -35.556182861328125 39.431934356689453 0.0980392157 0.0980392157 0.0980392157
v 57.527805328369141 -41.16876220703125 31.84276008605957 0.0980392157 0.0980392157 0.0980392157
v 64.041557312011719 -41.345054626464844 27.662750244140625 0.0980392157 0.0980392157 0.0980392157
v 47.787765502929688 -44.389232635498047 25.899911880493164 0.0980392157 0.0980392157 0.0980392157
v 60.202247619628906 -46.113552093505859 18.293327331542969 0.0980392157 0.0980392157 0.0980392157
v 81.183547973632812 -36.524986267089844 24.873954772949219 0.0980392157 0.0980392157 0.0980392157
v 112.61483001708984 -29.863801956176758 22.335056304931641 0.0980392157 0.0980392157 0.0980392157
v 85.906517028808594 -36.935234069824219 26.486551284790039 0.0980392157 0.0980392157 0.0980392157
v 81.183547973632812 -36.524986267089844 24.873954772949219 0.0980392157 0.0980392157 0.0980392157
v 82.208000183105469 -37.378135681152344 23.683010101318359 0.0980392157 0.0980392157 0.0980392157
v 108.30259704589844 -31.192832946777344 20.152076721191406 0.0980392157 0.0980392157 0.0980392157
v 106.87061309814453 -30.298826217651367 21.464927673339844 0.0980392157 0.0980392157 0.0980392157
v 145.67886352539062 -19.312278747558594 12.736529350280762 0.0980392157 0.0980392157 0.0980392157
v 129.17491149902344 -23.981874465942383 16.8333740234375 0.0980392157 0.0980392157 0.0980392157
v 122.65737915039062 -28.93635368347168 19.25446891784668 0.0980392157 0.0980392157 0.0980392157
v 108.30259704589844 -31.192832946777344 20.152076721191406 0.0980392157 0.0980392157 0.0980392157
v 102.15403747558594 -34.393321990966797 22.821361541748047 0.0980392157 0.0980392157 0.0980392157
v 82.208000183105469 -37.378135681152344 23.683010101318359 0.0980392157 0.0980392157 0.0980392157
v 85.488327026367188 -38.329868316650391 24.565120697021484 0.0980392157 0.0980392157 0.0980392157
v 133.99258422851562 -24.46809196472168 15.261032104492188 0.0980392157 0.0980392157 0.0980392157
v 82.208000183105469 -37.378135681152344 23.683010101318359 0.0980392157 0.0980392157 0.0980392157
v 77.079345703125 -41.386127471923828 22.978183746337891 0.0980392157 0.0980392157 0.0980392157
v 85.488327026367188 -38.329868316650391 24.565120697021484 0.0980392157 0.0980392157 0.0980392157
v 62.274452209472656 -49.654880523681641 -12.923850059509277 0.0980392157 0.0980392157 0.0980392157
v 67.867012023925781 -50.431659698486328 -18.007692337036133 0.0980392157 0.0980392157 0.0980392157
v 62.279178619384766 -48.211135864257812 -20.798200607299805 0.0980392157 0.0980392157 0.0980392157
v 70.571464538574219 -49.359104156494141 -22.973081588745117 0.0980392157 0.0980392157 0.0980392157
v 74.067886352539062 -50.209018707275391 -21.844188690185547 0.0980392157 0.0980392157 0.0980392157
v 81.285125732421875 -48.681362152099609 -24.06794548034668 0.0980392157 0.0980392157 0.0980392157
v 53.237575531005859 -44.460048675537109 -17.6353759765625 0.0980392157 0.0980392157 0.0980392157
v 60.272319793701172 -47.468193054199219 -19.144123077392578 0.0980392157 0.0980392157 0.0980392157
v 62.279178619384766 -48.211135864257812 -20.798200607299805 0.0980392157 0.0980392157 0.0980392157
v 62.279178619384766 -48.211135864257812 -20.798200607299805 0.0980392157 0.0980392157 0.0980392157
v 70.571464538574219 -49.359104156494141 -22.973081588745117 0.0980392157 0.0980392157 0.0980392157
v 64.2247314453125 -51.316036224365234 -21.623214721679688 0.0980392157 0.0980392157 0.0980392157
v 44.374179840087891 -43.779720306396484 -16.121067047119141 0.0980392157 0.0980392157 0.0980392157
v 64.2247314453125 -51.316036224365234 -21.623214721679688 0.0980392157 0.0980392157 0.0980392157
v 60.422634124755859 -51.042484283447266 -15.799568176269531 0.0980392157 0.0980392157 0.0980392157
v 53.237575531005859 -44.460048675537109 -17.6353759765625 0.0980392157 0.0980392157 0.0980392157
v 64.2247314453125 -51.316036224365234 -21.623214721679688 0.0980392157 0.0980392157 0.0980392157
v 44.374179840087891 -43.779720306396484 -16.121067047119141 0.0980392157 0.0980392157 0.0980392157
v 62.279178619384766 -48.211135864257812 -20.798200607299805 0.0980392157 0.0980392157 0.0980392157
v -41.574722290039062 -32.732589721679688 -3.1973927021026611 0.0980392157 0.0980392157 0.0980392157
v -38.523582458496094 -30.011722564697266 -5.6886639595031738 0.0980392157 0.0980392157 0.0980392157
v -41.684989929199219 -33.528484344482422 -5.6888446807861328 0.0980392157 0.0980392157 0.0980392157
v 26.56074333190918 -42.984020233154297 -7.9892282485961914 0.0980392157 0.0980392157 0.0980392157
v 45.476474761962891 -42.973674774169922 -5.6944093704223633 0.0980392157 0.0980392157 0.0980392157
v 38.1651611328125 -42.969146728515625 -9.1323938369750977 0.0980392157 0.0980392157 0.0980392157
v 45.484775543212891 -43.000679016113281 -12.794331550598145 0.0980392157 0.0980392157 0.0980392157
v -38.80718994140625 -42.971416473388672 -8.1569623947143555 0.0980392157 0.0980392157 0.0980392157
v -41.744956970214844 -42.992763519287109 -5.6902151107788086 0.0980392157 0.0980392157 0.0980392157
v 53.237575531005859 -44.460048675537109 -17.6353759765625 0.0980392157 0.0980392157 0.0980392157
v 51.275604248046875 -43.956783294677734 -16.050556182861328 0.0980392157 0.0980392157 0.0980392157
v 53.274433135986328 -36.461318969726562 -7.7559456825256348 0.0980392157 0.0980392157 0.0980392157
v 45.476474761962891 -42.973674774169922 -5.6944093704223633 0.0980392157 0.0980392157 0.0980392157
v 45.500053405761719 -47.397689819335938 -5.7561488151550293 0.0980392157 0.0980392157 0.0980392157
v 45.484775543212891 -43.000679016113281 -12.794331550598145 0.0980392157 0.0980392157 0.0980392157
v 51.244327545166016 -48.181522369384766 -6.8615260124206543 0.0980392157 0.0980392157 0.0980392157
v 51.275604248046875 -43.956783294677734 -16.050556182861328 0.0980392157 0.0980392157 0.0980392157
v 45.484775543212891 -43.000679016113281 -12.794331550598145 0.0980392157 0.0980392157 0.0980392157
v 45.500053405761719 -47.397689819335938 -5.7561488151550293 0.0980392157 0.0980392157 0.0980392157
v 51.275604248046875 -43.956783294677734 -16.050556182861328 0.0980392157 0.0980392157 0.0980392157
v 51.244327545166016 -48.181522369384766 -6.8615260124206543 0.0980392157 0.0980392157 0.0980392157
v 51.274467468261719 -35.764324188232422 -6.9797139167785645 0.0980392157 0.0980392157 0.0980392157
v 53.237575531005859 -44.460048675537109 -17.6353759765625 0.0980392157 0.0980392157 0.0980392157
v 53.276191711425781 -48.385974884033203 -7.7199316024780273 0.0980392157 0.0980392157 0.0980392157
v 60.239841461181641 -49.398941040039062 -11.077339172363281 0.0980392157 0.0980392157 0.0980392157
v 53.274433135986328 -36.461318969726562 -7.7559456825256348 0.0980392157 0.0980392157 0.0980392157
v 53.276191711425781 -48.385974884033203 -7.7199316024780273 0.0980392157 0.0980392157 0.0980392157
v 53.237575531005859 -44.460048675537109 -17.6353759765625 0.0980392157 0.0980392157 0.0980392157
v 62.274440765380859 -40.185699462890625 -12.924505233764648 0.0980392157 0.0980392157 0.0980392157
v 62.274452209472656 -49.654880523681641 -12.923850059509277 0.0980392157 0.0980392157 0.0980392157
v 62.279178619384766 -48.211135864257812 -20.798200607299805 0.0980392157 0.0980392157 0.0980392157
v 60.239841461181641 -49.398941040039062 -11.077339172363281 0.0980392157 0.0980392157 0.0980392157
v 60.110553741455078 -37.315391540527344 -10.887389183044434 0.0980392157 0.0980392157 0.0980392157
v 60.272319793701172 -47.468193054199219 -19.144123077392578 0.0980392157 0.0980392157 0.0980392157
v 62.279178619384766 -48.211135864257812 -20.798200607299805 0.0980392157 0.0980392157 0.0980392157
v 60.272319793701172 -47.468193054199219 -19.144123077392578 0.0980392157 0.0980392157 0.0980392157
v 62.274440765380859 -40.185699462890625 -12.924505233764648 0.0980392157 0.0980392157 0.0980392157
v -38.80718994140625 -42.971416473388672 -8.1569623947143555 0.0980392157 0.0980392157 0.0980392157
v 26.56074333190918 -42.984020233154297 -7.9892282485961914 0.0980392157 0.0980392157 0.0980392157
v -34.252666473388672 -42.355480194091797 -9.5925540924072266 0.0980392157 0.0980392157 0.0980392157
v 10.982664108276367 -41.038585662841797 -10.217421531677246 0.0980392157 0.0980392157 0.0980392157
v -53.836986541748047 -41.833057403564453 -10.28781795501709 0.0980392157 0.0980392157 0.0980392157
v -54.520137786865234 -40.93072509765625 -8.5676851272583008 0.0980392157 0.0980392157 0.0980392157
v -51.674995422363281 -42.056224822998047 -6.0331439971923828 0.0980392157 0.0980392157 0.0980392157
v -38.80718994140625 -42.971416473388672 -8.1569623947143555 0.0980392157 0.0980392157 0.0980392157
v -53.836986541748047 -41.833057403564453 -10.28781795501709 0.0980392157 0.0980392157 0.0980392157
v -41.744956970214844 -42.992763519287109 -5.6902151107788086 0.0980392157 0.0980392157 0.0980392157
v -72.004417419433594 -33.558834075927734 8.1090364456176758 0.0980392157 0.0980392157 0.0980392157
v -67.3516845703125 -35.425018310546875 -6.066502571105957 0.0980392157 0.0980392157 0.0980392157
v -73.931053161621094 -30.00575065612793 0.22752222418785095 0.0980392157 0.0980392157 0.0980392157
v -67.3516845703125 -35.425018310546875 -6.066502571105957 0.0980392157 0.0980392157 0.0980392157
v -64.129707336425781 -38.807094573974609 8.2535429000854492 0.0980392157 0.0980392157 0.0980392157
v -72.293510437011719 -30.416877746582031 22.229970932006836 0.0980392157 0.0980392157 0.0980392157
v -75.875205993652344 -27.974269866943359 17.581760406494141 0.0980392157 0.0980392157 0.0980392157
v -80.095481872558594 -19.825826644897461 29.152885437011719 0.0980392157 0.0980392157 0.0980392157
v -70.855697631835938 -28.848823547363281 29.614587783813477 0.0980392157 0.0980392157 0.0980392157
v -77.578857421875 -17.409124374389648 38.387866973876953 0.0980392157 0.0980392157 0.0980392157
v -62.853782653808594 -34.649578094482422 28.353179931640625 0.0980392157 0.0980392157 0.0980392157
v -65.6385498046875 -29.265005111694336 35.338085174560547 0.0980392157 0.0980392157 0.0980392157
v -79.430900573730469 -20.49177360534668 0.78527933359146118 0.0980392157 0.0980392157 0.0980392157
v -77.925567626953125 -26.345375061035156 7.5657415390014648 0.0980392157 0.0980392157 0.0980392157
v -73.931053161621094 -30.00575065612793 0.22752222418785095 0.0980392157 0.0980392157 0.0980392157
v -82.576164245605469 -17.966184616088867 20.028854370117188 0.0980392157 0.0980392157 0.0980392157
v -84.809906005859375 -11.5531005859375 11.777875900268555 0.0980392157 0.0980392157 0.0980392157
v -53.221920013427734 -31.557838439941406 34.239620208740234 0.0980392157 0.0980392157 0.0980392157
v -50.034053802490234 -37.234401702880859 28.893106460571289 0.0980392157 0.0980392157 0.0980392157
v -52.04132080078125 -35.175502777099609 26.287553787231445 0.0980392157 0.0980392157 0.0980392157
v -49.571235656738281 -38.938758850097656 20.03546142578125 0.0980392157 0.0980392157 0.0980392157
v -55.067050933837891 -36.614048004150391 24.305570602416992 0.0980392157 0.0980392157 0.0980392157
v -47.341251373291016 -37.297275543212891 22.481636047363281 0.0980392157 0.0980392157 0.0980392157
v -46.432052612304688 -38.934600830078125 25.647951126098633 0.0980392157 0.0980392157 0.0980392157
v -56.687652587890625 -27.433757781982422 40.656684875488281 0.0980392157 0.0980392157 0.0980392157
v -58.576396942138672 -30.25471305847168 38.974662780761719 0.0980392157 0.0980392157 0.0980392157
v -58.604747772216797 -21.346504211425781 48.514019012451172 0.0980392157 0.0980392157 0.0980392157
v -53.221920013427734 -31.557838439941406 34.239620208740234 0.0980392157 0.0980392157 0.0980392157
v -53.053295135498047 -27.687587738037109 41.241619110107422 0.0980392157 0.0980392157 0.0980392157
v -51.362098693847656 -33.270839691162109 37.508235931396484 0.0980392157 0.0980392157 0.0980392157
v -57.568641662597656 -36.225254058837891 28.244958877563477 0.0980392157 0.0980392157 0.0980392157
v -50.034053802490234 -37.234401702880859 28.893106460571289 0.0980392157 0.0980392157 0.0980392157
v -52.591278076171875 -23.305641174316406 46.941638946533203 0.0980392157 0.0980392157 0.0980392157
v -56.038833618164062 -19.883865356445312 47.634380340576172 0.0980392157 0.0980392157 0.0980392157
v -65.085121154785156 -24.406608581542969 41.863121032714844 0.0980392157 0.0980392157 0.0980392157
v -58.604747772216797 -21.346504211425781 48.514019012451172 0.0980392157 0.0980392157 0.0980392157
v -58.576396942138672 -30.25471305847168 38.974662780761719 0.0980392157 0.0980392157 0.0980392157
v -65.6385498046875 -29.265005111694336 35.338085174560547 0.0980392157 0.0980392157 0.0980392157
v -57.568641662597656 -36.225254058837891 28.244958877563477 0.0980392157 0.0980392157 0.0980392157
v -23.487586975097656 -42.029853820800781 21.154817581176758 0.0980392157 0.0980392157 0.0980392157
v -22.178030014038086 -41.432315826416016 22.934162139892578 0.0980392157 0.0980392157 0.0980392157
v 1.3310815095901489 -44.237194061279297 18.155466079711914 0.0980392157 0.0980392157 0.0980392157
v -50.034053802490234 -37.234401702880859 28.893106460571289 0.0980392157 0.0980392157 0.0980392157
v -43.377830505371094 -37.796726226806641 29.459922790527344 0.0980392157 0.0980392157 0.0980392157
v -46.432052612304688 -38.934600830078125 25.647951126098633 0.0980392157 0.0980392157 0.0980392157
v -51.362098693847656 -33.270839691162109 37.508235931396484 0.0980392157 0.0980392157 0.0980392157
v -47.256034851074219 -32.359893798828125 40.593769073486328 0.0980392157 0.0980392157 0.0980392157
v 50.125526428222656 -38.198902130126953 31.924081802368164 0.0980392157 0.0980392157 0.0980392157
v 40.688518524169922 -41.005077362060547 23.716268539428711 0.0980392157 0.0980392157 0.0980392157
v 34.273361206054688 -41.562690734863281 23.920675277709961 0.0980392157 0.0980392157 0.0980392157
v 27.431690216064453 -42.220287322998047 18.976730346679688 0.0980392157 0.0980392157 0.0980392157
v 26.952301025390625 -44.749565124511719 16.999271392822266 0.0980392157 0.0980392157 0.0980392157
v 1.3310815095901489 -44.237194061279297 18.155466079711914 0.0980392157 0.0980392157 0.0980392157
v 1.6815509796142578 -41.016841888427734 20.857128143310547 0.0980392157 0.0980392157 0.0980392157
v -21.382444381713867 -38.746845245361328 24.961437225341797 0.0980392157 0.0980392157 0.0980392157
v -39.474151611328125 -35.918281555175781 29.855939865112305 0.0980392157 0.0980392157 0.0980392157
v -22.178030014038086 -41.432315826416016 22.934162139892578 0.0980392157 0.0980392157 0.0980392157
v 24.58903694152832 -41.732318878173828 21.664567947387695 0.0980392157 0.0980392157 0.0980392157
v 22.722023010253906 -43.067733764648438 21.270366668701172 0.0980392157 0.0980392157 0.0980392157
v 34.273361206054688 -41.562690734863281 23.920675277709961 0.0980392157 0.0980392157 0.0980392157
v 22.722023010253906 -43.067733764648438 21.270366668701172 0.0980392157 0.0980392157 0.0980392157
v -2.9040279388427734 -45.342655181884766 21.046037673950195 0.0980392157 0.0980392157 0.0980392157
v 24.771434783935547 -46.754665374755859 18.570051193237305 0.0980392157 0.0980392157 0.0980392157
v -10.540749549865723 -40.572517395019531 25.452144622802734 0.0980392157 0.0980392157 0.0980392157
v 45.142780303955078 -49.008220672607422 12.528728485107422 0.0980392157 0.0980392157 0.0980392157
v 47.787765502929688 -44.389232635498047 25.899911880493164 0.0980392157 0.0980392157 0.0980392157
v 34.911754608154297 -46.438800811767578 20.436532974243164 0.0980392157 0.0980392157 0.0980392157
v 73.04022216796875 -41.875637054443359 23.670825958251953 0.0980392157 0.0980392157 0.0980392157
v 61.9095458984375 -43.790229797363281 18.047183990478516 0.0980392157 0.0980392157 0.0980392157
v 81.183547973632812 -36.524986267089844 24.873954772949219 0.0980392157 0.0980392157 0.0980392157
v 60.202247619628906 -46.113552093505859 18.293327331542969 0.0980392157 0.0980392157 0.0980392157
v 45.142780303955078 -49.008220672607422 12.528728485107422 0.0980392157 0.0980392157 0.0980392157
v 43.403068542480469 -47.181407928466797 11.447092056274414 0.0980392157 0.0980392157 0.0980392157
v 61.9095458984375 -43.790229797363281 18.047183990478516 0.0980392157 0.0980392157 0.0980392157
v 82.208000183105469 -37.378135681152344 23.683010101318359 0.0980392157 0.0980392157 0.0980392157
v 81.183547973632812 -36.524986267089844 24.873954772949219 0.0980392157 0.0980392157 0.0980392157
v 31.925010681152344 -49.222621917724609 12.47209358215332 0.0980392157 0.0980392157 0.0980392157
v 34.911754608154297 -46.438800811767578 20.436532974243164 0.0980392157 0.0980392157 0.0980392157
v 24.771434783935547 -46.754665374755859 18.570051193237305 0.0980392157 0.0980392157 0.0980392157
v -38.317417144775391 -41.303054809570312 28.18467903137207 0.0980392157 0.0980392157 0.0980392157
v -29.849201202392578 -44.769233703613281 20.783512115478516 0.0980392157 0.0980392157 0.0980392157
v -2.9040279388427734 -45.342655181884766 21.046037673950195 0.0980392157 0.0980392157 0.0980392157
v -47.407127380371094 -42.023059844970703 24.298629760742188 0.0980392157 0.0980392157 0.0980392157
v 31.925010681152344 -49.222621917724609 12.47209358215332 0.0980392157 0.0980392157 0.0980392157
v 24.771434783935547 -46.754665374755859 18.570051193237305 0.0980392157 0.0980392157 0.0980392157
v -2.1385259628295898 -47.285434722900391 16.565784454345703 0.0980392157 0.0980392157 0.0980392157
v 77.079345703125 -41.386127471923828 22.978183746337891 0.0980392157 0.0980392157 0.0980392157
v 64.459686279296875 -43.609405517578125 17.34326171875 0.0980392157 0.0980392157 0.0980392157
v 67.042106628417969 -45.076618194580078 19.019681930541992 0.0980392157 0.0980392157 0.0980392157
v 48.000411987304688 -49.450531005859375 11.259081840515137 0.0980392157 0.0980392157 0.0980392157
v 44.263904571533203 -47.632862091064453 9.6829471588134766 0.0980392157 0.0980392157 0.0980392157
v 62.250957489013672 -55.121994018554688 -4.7226753234863281 0.0980392157 0.0980392157 0.0980392157
v 48.000411987304688 -49.450531005859375 11.259081840515137 0.0980392157 0.0980392157 0.0980392157
v 43.460594177246094 -53.378776550292969 1.2147117853164673 0.0980392157 0.0980392157 0.0980392157
v 60.239841461181641 -49.398941040039062 -11.077339172363281 0.0980392157 0.0980392157 0.0980392157
v 60.272319793701172 -47.468193054199219 -19.144123077392578 0.0980392157 0.0980392157 0.0980392157
v 53.237575531005859 -44.460048675537109 -17.6353759765625 0.0980392157 0.0980392157 0.0980392157
v 43.255535125732422 -50.785892486572266 -4.3834075927734375 0.0980392157 0.0980392157 0.0980392157
v 29.6864013671875 -49.208240509033203 -4.7477383613586426 0.0980392157 0.0980392157 0.0980392157
v 40.4033203125 -45.313472747802734 -11.346328735351562 0.0980392157 0.0980392157 0.0980392157
v 62.250957489013672 -55.121994018554688 -4.7226753234863281 0.0980392157 0.0980392157 0.0980392157
v 43.460594177246094 -53.378776550292969 1.2147117853164673 0.0980392157 0.0980392157 0.0980392157
v 53.070209503173828 -50.292503356933594 -9.3625612258911133 0.0980392157 0.0980392157 0.0980392157
v 2.4905059337615967 -47.032108306884766 -6.8434262275695801 0.0980392157 0.0980392157 0.0980392157
v 18.525844573974609 -45.801761627197266 -8.640446662902832 0.0980392157 0.0980392157 0.0980392157
v 33.923698425292969 -44.706512451171875 -10.421062469482422 0.0980392157 0.0980392157 0.0980392157
v 13.21674633026123 -50.025245666503906 -1.3552702665328979 0.0980392157 0.0980392157 0.0980392157
v 26.56074333190918 -42.984020233154297 -7.9892282485961914 0.0980392157 0.0980392157 0.0980392157
v 27.497123718261719 -39.212043762207031 -11.067888259887695 0.0980392157 0.0980392157 0.0980392157
v 10.982664108276367 -41.038585662841797 -10.217421531677246 0.0980392157 0.0980392157 0.0980392157
v 38.1651611328125 -42.969146728515625 -9.1323938369750977 0.0980392157 0.0980392157 0.0980392157
v 35.665798187255859 -39.280815124511719 -12.688424110412598 0.0980392157 0.0980392157 0.0980392157
v 45.484775543212891 -43.000679016113281 -12.794331550598145 0.0980392157 0.0980392157 0.0980392157
v 53.237575531005859 -44.460048675537109 -17.6353759765625 0.0980392157 0.0980392157 0.0980392157
v 51.275604248046875 -43.956783294677734 -16.050556182861328 0.0980392157 0.0980392157 0.0980392157
v -65.758453369140625 -38.832851409912109 -11.859110832214355 0.0980392157 0.0980392157 0.0980392157
v -75.111831665039062 -34.032436370849609 5.026151180267334 0.0980392157 0.0980392157 0.0980392157
v -70.167739868164062 -34.226169586181641 -12.451967239379883 0.0980392157 0.0980392157 0.0980392157
v -72.73638916015625 -29.998966217041016 -12.182421684265137 0.0980392157 0.0980392157 0.0980392157
v -75.116500854492188 -30.007049560546875 -5.4063892364501953 0.0980392157 0.0980392157 0.0980392157
v -70.167739868164062 -34.226169586181641 -12.451967239379883 0.0980392157 0.0980392157 0.0980392157
v -63.376659393310547 -37.663810729980469 -11.392252922058105 0.0980392157 0.0980392157 0.0980392157
v -65.758453369140625 -38.832851409912109 -11.859110832214355 0.0980392157 0.0980392157 0.0980392157
v -53.836986541748047 -41.833057403564453 -10.28781795501709 0.0980392157 0.0980392157 0.0980392157
v -57.121261596679688 -43.140834808349609 -10.987771034240723 0.0980392157 0.0980392157 0.0980392157
v -34.252666473388672 -42.355480194091797 -9.5925540924072266 0.0980392157 0.0980392157 0.0980392157
v 10.982664108276367 -41.038585662841797 -10.217421531677246 0.0980392157 0.0980392157 0.0980392157
v -37.987033843994141 -44.603439331054688 -10.649477958679199 0.0980392157 0.0980392157 0.0980392157
v 3.0523505210876465 -43.228950500488281 -11.803286552429199 0.0980392157 0.0980392157 0.0980392157
v -70.080810546875 -17.015834808349609 44.549457550048828 0.0980392157 0.0980392157 0.0980392157
v -66.9329833984375 -11.106593132019043 49.433830261230469 0.0980392157 0.0980392157 0.0980392157
v -58.604747772216797 -21.346504211425781 48.514019012451172 0.0980392157 0.0980392157 0.0980392157
v -75.889595031738281 -10.23332691192627 44.653919219970703 0.0980392157 0.0980392157 0.0980392157
v -75.138687133789062 -1.2585597038269043 47.425945281982422 0.0980392157 0.0980392157 0.0980392157
v -58.399551391601562 -3.2336220741271973 55.237686157226562 0.0980392157 0.0980392157 0.0980392157
v -65.085121154785156 -24.406608581542969 41.863121032714844 0.0980392157 0.0980392157 0.0980392157
v -85.667396545410156 -0.42754912376403809 8.6627979278564453 0.0980392157 0.0980392157 0.0980392157
v -84.809906005859375 -11.5531005859375 11.777875900268555 0.0980392157 0.0980392157 0.0980392157
v -83.241500854492188 -8.1693220138549805 3.9980461597442627 0.0980392157 0.0980392157 0.0980392157
v -79.906822204589844 0.84554284811019897 -3.4319450855255127 0.0980392157 0.0980392157 0.0980392157
v -76.911087036132812 -21.354616165161133 -3.9296998977661133 0.0980392157 0.0980392157 0.0980392157
v -79.344184875488281 -8.8999929428100586 -3.8132920265197754 0.0980392157 0.0980392157 0.0980392157
v -79.430900573730469 -20.49177360534668 0.78527933359146118 0.0980392157 0.0980392157 0.0980392157
v -79.906822204589844 0.84554284811019897 -3.4319450855255127 0.0980392157 0.0980392157 0.0980392157
v -79.344184875488281 -8.8999929428100586 -3.8132920265197754 0.0980392157 0.0980392157 0.0980392157
v -78.967643737792969 -10.256166458129883 -6.0743889808654785 0.0980392157 0.0980392157 0.0980392157
v -76.911087036132812 -21.354616165161133 -3.9296998977661133 0.0980392157 0.0980392157 0.0980392157
v -74.8736572265625 -25.461347579956055 -6.068626880645752 0.0980392157 0.0980392157 0.0980392157
v -73.931053161621094 -30.00575065612793 0.22752222418785095 0.0980392157 0.0980392157 0.0980392157
v -74.8736572265625 -25.461347579956055 -6.068626880645752 0.0980392157 0.0980392157 0.0980392157
v -76.911087036132812 -21.354616165161133 -3.9296998977661133 0.0980392157 0.0980392157 0.0980392157
v -55.49371337890625 -11.905074119567871 52.043781280517578 0.0980392157 0.0980392157 0.0980392157
v -58.295097351074219 -11.345778465270996 53.486396789550781 0.0980392157 0.0980392157 0.0980392157
v -54.785694122314453 -0.03762441873550415 54.225040435791016 0.0980392157 0.0980392157 0.0980392157
v -52.543769836425781 -12.790752410888672 53.465103149414062 0.0980392157 0.0980392157 0.0980392157
v -52.591278076171875 -23.305641174316406 46.941638946533203 0.0980392157 0.0980392157 0.0980392157
v -51.685626983642578 -26.715747833251953 47.0447998046875 0.0980392157 0.0980392157 0.0980392157
v -58.604747772216797 -21.346504211425781 48.514019012451172 0.0980392157 0.0980392157 0.0980392157
v -56.038833618164062 -19.883865356445312 47.634380340576172 0.0980392157 0.0980392157 0.0980392157
v -56.687652587890625 -27.433757781982422 40.656684875488281 0.0980392157 0.0980392157 0.0980392157
v -51.562355041503906 -13.584860801696777 55.793869018554688 0.0980392157 0.0980392157 0.0980392157
v -51.362098693847656 -33.270839691162109 37.508235931396484 0.0980392157 0.0980392157 0.0980392157
v -51.685626983642578 -26.715747833251953 47.0447998046875 0.0980392157 0.0980392157 0.0980392157
v -47.256034851074219 -32.359893798828125 40.593769073486328 0.0980392157 0.0980392157 0.0980392157
v -43.377830505371094 -37.796726226806641 29.459922790527344 0.0980392157 0.0980392157 0.0980392157
v -44.026409149169922 -31.771886825561523 39.008281707763672 0.0980392157 0.0980392157 0.0980392157
v -39.474151611328125 -35.918281555175781 29.855939865112305 0.0980392157 0.0980392157 0.0980392157
v 27.431690216064453 -42.220287322998047 18.976730346679688 0.0980392157 0.0980392157 0.0980392157
v -5.4114346504211426 -40.112136840820312 24.456254959106445 0.0980392157 0.0980392157 0.0980392157
v 24.58903694152832 -41.732318878173828 21.664567947387695 0.0980392157 0.0980392157 0.0980392157
v 1.6815509796142578 -41.016841888427734 20.857128143310547 0.0980392157 0.0980392157 0.0980392157
v -39.474151611328125 -35.918281555175781 29.855939865112305 0.0980392157 0.0980392157 0.0980392157
v -35.780742645263672 -36.474132537841797 31.423418045043945 0.0980392157 0.0980392157 0.0980392157
v -21.382444381713867 -38.746845245361328 24.961437225341797 0.0980392157 0.0980392157 0.0980392157
v 22.722023010253906 -43.067733764648438 21.270366668701172 0.0980392157 0.0980392157 0.0980392157
v -5.4114346504211426 -40.112136840820312 24.456254959106445 0.0980392157 0.0980392157 0.0980392157
v -10.540749549865723 -40.572517395019531 25.452144622802734 0.0980392157 0.0980392157 0.0980392157
v 24.58903694152832 -41.732318878173828 21.664567947387695 0.0980392157 0.0980392157 0.0980392157
v -5.4114346504211426 -40.112136840820312 24.456254959106445 0.0980392157 0.0980392157 0.0980392157
v -35.780742645263672 -36.474132537841797 31.423418045043945 0.0980392157 0.0980392157 0.0980392157
v -10.540749549865723 -40.572517395019531 25.452144622802734 0.0980392157 0.0980392157 0.0980392157
v -40.649806976318359 -34.314098358154297 36.352779388427734 0.0980392157 0.0980392157 0.0980392157
v -43.827365875244141 -39.234001159667969 32.484092712402344 0.0980392157 0.0980392157 0.0980392157
v -38.317417144775391 -41.303054809570312 28.18467903137207 0.0980392157 0.0980392157 0.0980392157
v 45.142780303955078 -49.008220672607422 12.528728485107422 0.0980392157 0.0980392157 0.0980392157
v 31.925010681152344 -49.222621917724609 12.47209358215332 0.0980392157 0.0980392157 0.0980392157
v 43.403068542480469 -47.181407928466797 11.447092056274414 0.0980392157 0.0980392157 0.0980392157
v 30.918113708496094 -47.260578155517578 11.70991325378418 0.0980392157 0.0980392157 0.0980392157
v 61.9095458984375 -43.790229797363281 18.047183990478516 0.0980392157 0.0980392157 0.0980392157
v 43.403068542480469 -47.181407928466797 11.447092056274414 0.0980392157 0.0980392157 0.0980392157
v 44.263904571533203 -47.632862091064453 9.6829471588134766 0.0980392157 0.0980392157 0.0980392157
v 64.459686279296875 -43.609405517578125 17.34326171875 0.0980392157 0.0980392157 0.0980392157
v -38.317417144775391 -41.303054809570312 28.18467903137207 0.0980392157 0.0980392157 0.0980392157
v -43.827365875244141 -39.234001159667969 32.484092712402344 0.0980392157 0.0980392157 0.0980392157
v -47.407127380371094 -42.023059844970703 24.298629760742188 0.0980392157 0.0980392157 0.0980392157
v -53.079952239990234 -39.706264495849609 28.797937393188477 0.0980392157 0.0980392157 0.0980392157
v -47.891555786132812 -32.934471130371094 44.834621429443359 0.0980392157 0.0980392157 0.0980392157
v -2.1385259628295898 -47.285434722900391 16.565784454345703 0.0980392157 0.0980392157 0.0980392157
v 1.6075918674468994 -45.496383666992188 14.863686561584473 0.0980392157 0.0980392157 0.0980392157
v 31.925010681152344 -49.222621917724609 12.47209358215332 0.0980392157 0.0980392157 0.0980392157
v 30.918113708496094 -47.260578155517578 11.70991325378418 0.0980392157 0.0980392157 0.0980392157
v -26.335805892944336 -43.301925659179688 19.22166633605957 0.0980392157 0.0980392157 0.0980392157
v -47.407127380371094 -42.023059844970703 24.298629760742188 0.0980392157 0.0980392157 0.0980392157
v -47.966270446777344 -40.103458404541016 23.537557601928711 0.0980392157 0.0980392157 0.0980392157
v -29.849201202392578 -44.769233703613281 20.783512115478516 0.0980392157 0.0980392157 0.0980392157
v 35.313983917236328 -50.165393829345703 10.138857841491699 0.0980392157 0.0980392157 0.0980392157
v 48.000411987304688 -49.450531005859375 11.259081840515137 0.0980392157 0.0980392157 0.0980392157
v 44.263904571533203 -47.632862091064453 9.6829471588134766 0.0980392157 0.0980392157 0.0980392157
v 32.225288391113281 -48.013671875 9.8255815505981445 0.0980392157 0.0980392157 0.0980392157
v -31.117082595825195 -45.490154266357422 18.982759475708008 0.0980392157 0.0980392157 0.0980392157
v -49.514205932617188 -42.432212829589844 22.750480651855469 0.0980392157 0.0980392157 0.0980392157
v -47.217010498046875 -45.892086029052734 14.49836540222168 0.0980392157 0.0980392157 0.0980392157
v -57.121261596679688 -43.140834808349609 -10.987771034240723 0.0980392157 0.0980392157 0.0980392157
v -49.688877105712891 -45.298511505126953 2.0325441360473633 0.0980392157 0.0980392157 0.0980392157
v -62.836658477783203 -41.933036804199219 10.429220199584961 0.0980392157 0.0980392157 0.0980392157
v 21.870149612426758 -52.195060729980469 4.4267845153808594 0.0980392157 0.0980392157 0.0980392157
v -31.548286437988281 -47.939243316650391 1.8645637035369873 0.0980392157 0.0980392157 0.0980392157
v -37.388916015625 -46.590385437011719 -4.2950615882873535 0.0980392157 0.0980392157 0.0980392157
v 13.21674633026123 -50.025245666503906 -1.3552702665328979 0.0980392157 0.0980392157 0.0980392157
v -25.068319320678711 -48.759193420410156 11.15910816192627 0.0980392157 0.0980392157 0.0980392157
v -47.217010498046875 -45.892086029052734 14.49836540222168 0.0980392157 0.0980392157 0.0980392157
v -37.987033843994141 -44.603439331054688 -10.649477958679199 0.0980392157 0.0980392157 0.0980392157
v 2.4905059337615967 -47.032108306884766 -6.8434262275695801 0.0980392157 0.0980392157 0.0980392157
v -37.987033843994141 -44.603439331054688 -10.649477958679199 0.0980392157 0.0980392157 0.0980392157
v 43.460594177246094 -53.378776550292969 1.2147117853164673 0.0980392157 0.0980392157 0.0980392157
v 27.497123718261719 -39.212043762207031 -11.067888259887695 0.0980392157 0.0980392157 0.0980392157
v 25.59324836730957 -40.967899322509766 -12.82354736328125 0.0980392157 0.0980392157 0.0980392157
v 10.982664108276367 -41.038585662841797 -10.217421531677246 0.0980392157 0.0980392157 0.0980392157
v 35.665798187255859 -39.280815124511719 -12.688424110412598 0.0980392157 0.0980392157 0.0980392157
v 34.893756866455078 -41.172439575195312 -14.11998176574707 0.0980392157 0.0980392157 0.0980392157
v -87.550285339355469 -29.999475479125977 -18.143520355224609 0.0980392157 0.0980392157 0.0980392157
v -86.892333984375 -29.999320983886719 -16.964956283569336 0.0980392157 0.0980392157 0.0980392157
v -89.173202514648438 -29.999401092529297 -15.300131797790527 0.0980392157 0.0980392157 0.0980392157
v -90.544731140136719 -29.997987747192383 -19.137701034545898 0.0980392157 0.0980392157 0.0980392157
v -77.450836181640625 -29.978933334350586 -10.182582855224609 0.0980392157 0.0980392157 0.0980392157
v -77.212776184082031 -29.849016189575195 -23.949710845947266 0.0980392157 0.0980392157 0.0980392157
v -76.688430786132812 -29.667667388916016 -21.984621047973633 0.0980392157 0.0980392157 0.0980392157
v -75.497123718261719 -29.999401092529297 -12.046913146972656 0.0980392157 0.0980392157 0.0980392157
v -72.73638916015625 -29.998966217041016 -12.182421684265137 0.0980392157 0.0980392157 0.0980392157
v -75.116500854492188 -30.007049560546875 -5.4063892364501953 0.0980392157 0.0980392157 0.0980392157
v -71.316238403320312 -28.283098220825195 -12.120023727416992 0.0980392157 0.0980392157 0.0980392157
v -72.73638916015625 -29.998966217041016 -12.182421684265137 0.0980392157 0.0980392157 0.0980392157
v -71.316238403320312 -28.283098220825195 -12.120023727416992 0.0980392157 0.0980392157 0.0980392157
v -70.167739868164062 -34.226169586181641 -12.451967239379883 0.0980392157 0.0980392157 0.0980392157
v -53.836986541748047 -41.833057403564453 -10.28781795501709 0.0980392157 0.0980392157 0.0980392157
v -63.376659393310547 -37.663810729980469 -11.392252922058105 0.0980392157 0.0980392157 0.0980392157
v -54.520137786865234 -40.93072509765625 -8.5676851272583008 0.0980392157 0.0980392157 0.0980392157
v -71.316238403320312 -28.283098220825195 -12.120023727416992 0.0980392157 0.0980392157 0.0980392157
v -65.044662475585938 -37.291324615478516 -8.5699462890625 0.0980392157 0.0980392157 0.0980392157
v -75.889595031738281 -10.23332691192627 44.653919219970703 0.0980392157 0.0980392157 0.0980392157
v -85.667396545410156 -0.42754912376403809 8.6627979278564453 0.0980392157 0.0980392157 0.0980392157
v -75.138687133789062 -1.2585597038269043 47.425945281982422 0.0980392157 0.0980392157 0.0980392157
v -77.578857421875 -17.409124374389648 38.387866973876953 0.0980392157 0.0980392157 0.0980392157
v -84.809906005859375 -11.5531005859375 11.777875900268555 0.0980392157 0.0980392157 0.0980392157
v -80.095481872558594 -19.825826644897461 29.152885437011719 0.0980392157 0.0980392157 0.0980392157
v -82.576164245605469 -17.966184616088867 20.028854370117188 0.0980392157 0.0980392157 0.0980392157
v -78.843406677246094 -18.027732849121094 -8.5661811828613281 0.0980392157 0.0980392157 0.0980392157
v -83.250846862792969 -5.1446809768676758 -15.435794830322266 0.0980392157 0.0980392157 0.0980392157
v -80.605751037597656 -4.0239558219909668 -8.5687894821166992 0.0980392157 0.0980392157 0.0980392157
v -75.012519836425781 -27.440725326538086 -8.5773601531982422 0.0980392157 0.0980392157 0.0980392157
v -80.419319152832031 -20.370494842529297 -14.187047958374023 0.0980392157 0.0980392157 0.0980392157
v -82.002548217773438 -4.0810027122497559 -4.956538200378418 0.0980392157 0.0980392157 0.0980392157
v -85.338363647460938 3.1261637210845947 -13.621481895446777 0.0980392157 0.0980392157 0.0980392157
v -84.538009643554688 -11.489652633666992 -13.273795127868652 0.0980392157 0.0980392157 0.0980392157
v -82.221786499023438 -20.549007415771484 -12.236721992492676 0.0980392157 0.0980392157 0.0980392157
v -78.282180786132812 -23.762100219726562 -5.2051186561584473 0.0980392157 0.0980392157 0.0980392157
v -80.591148376464844 -15.474209785461426 -4.9550623893737793 0.0980392157 0.0980392157 0.0980392157
v -80.591148376464844 -15.474209785461426 -4.9550623893737793 0.0980392157 0.0980392157 0.0980392157
v -83.533363342285156 -17.263795852661133 2.1472499370574951 0.0980392157 0.0980392157 0.0980392157
v -82.002548217773438 -4.0810027122497559 -4.956538200378418 0.0980392157 0.0980392157 0.0980392157
v -88.206153869628906 3.0097935199737549 8.8435487747192383 0.0980392157 0.0980392157 0.0980392157
v -85.503646850585938 -6.2001638412475586 2.3405170440673828 0.0980392157 0.0980392157 0.0980392157
v -88.094581604003906 -4.6863193511962891 9.1348800659179688 0.0980392157 0.0980392157 0.0980392157
v -87.185981750488281 -12.028118133544922 12.086592674255371 0.0980392157 0.0980392157 0.0980392157
v -77.478080749511719 -6.1917867660522461 48.258800506591797 0.0980392157 0.0980392157 0.0980392157
v -81.937599182128906 -20.602989196777344 31.852729797363281 0.0980392157 0.0980392157 0.0980392157
v -78.46527099609375 -14.347652435302734 44.014888763427734 0.0980392157 0.0980392157 0.0980392157
v -77.307586669921875 3.7004151344299316 48.952529907226562 0.0980392157 0.0980392157 0.0980392157
v -85.796897888183594 -16.997791290283203 17.691831588745117 0.0980392157 0.0980392157 0.0980392157
v -79.132514953613281 -18.769733428955078 39.643089294433594 0.0980392157 0.0980392157 0.0980392157
v -88.094581604003906 -4.6863193511962891 9.1348800659179688 0.0980392157 0.0980392157 0.0980392157
v -88.206153869628906 3.0097935199737549 8.8435487747192383 0.0980392157 0.0980392157 0.0980392157
v -83.892097473144531 -20.13444709777832 24.66790771484375 0.0980392157 0.0980392157 0.0980392157
v -87.185981750488281 -12.028118133544922 12.086592674255371 0.0980392157 0.0980392157 0.0980392157
v -56.882484436035156 -1.0506124496459961 58.811798095703125 0.0980392157 0.0980392157 0.0980392157
v -77.478080749511719 -6.1917867660522461 48.258800506591797 0.0980392157 0.0980392157 0.0980392157
v -56.859207153320312 -10.514671325683594 57.388057708740234 0.0980392157 0.0980392157 0.0980392157
v -66.73150634765625 -17.385383605957031 49.806751251220703 0.0980392157 0.0980392157 0.0980392157
v -57.029956817626953 -21.700288772583008 52.170673370361328 0.0980392157 0.0980392157 0.0980392157
v -65.496475219726562 -25.176181793212891 44.743885040283203 0.0980392157 0.0980392157 0.0980392157
v -78.46527099609375 -14.347652435302734 44.014888763427734 0.0980392157 0.0980392157 0.0980392157
v -56.943531036376953 -30.530000686645508 43.849555969238281 0.0980392157 0.0980392157 0.0980392157
v -55.966167449951172 -19.561691284179688 51.548671722412109 0.0980392157 0.0980392157 0.0980392157
v -57.029956817626953 -21.700288772583008 52.170673370361328 0.0980392157 0.0980392157 0.0980392157
v -55.652309417724609 -5.0903725624084473 56.431781768798828 0.0980392157 0.0980392157 0.0980392157
v -56.882484436035156 -1.0506124496459961 58.811798095703125 0.0980392157 0.0980392157 0.0980392157
v -56.859207153320312 -10.514671325683594 57.388057708740234 0.0980392157 0.0980392157 0.0980392157
v -54.204349517822266 -8.6651935577392578 56.561798095703125 0.0980392157 0.0980392157 0.0980392157
v -55.966167449951172 -19.561691284179688 51.548671722412109 0.0980392157 0.0980392157 0.0980392157
v -54.380828857421875 -20.102466583251953 51.449146270751953 0.0980392157 0.0980392157 0.0980392157
v -54.471683502197266 -30.310373306274414 41.789234161376953 0.0980392157 0.0980392157 0.0980392157
v -54.797264099121094 0.92281532287597656 59.830768585205078 0.0980392157 0.0980392157 0.0980392157
v -54.204349517822266 -8.6651935577392578 56.561798095703125 0.0980392157 0.0980392157 0.0980392157
v -54.798305511474609 -11.679763793945312 57.781494140625 0.0980392157 0.0980392157 0.0980392157
v -54.380828857421875 -20.102466583251953 51.449146270751953 0.0980392157 0.0980392157 0.0980392157
v -55.003604888916016 -22.972070693969727 52.301506042480469 0.0980392157 0.0980392157 0.0980392157
v -54.471683502197266 -30.310373306274414 41.789234161376953 0.0980392157 0.0980392157 0.0980392157
v -54.798305511474609 -11.679763793945312 57.781494140625 0.0980392157 0.0980392157 0.0980392157
v -48.798912048339844 -17.203113555908203 58.038803100585938 0.0980392157 0.0980392157 0.0980392157
v -48.347545623779297 -9.8298511505126953 60.857967376708984 0.0980392157 0.0980392157 0.0980392157
v -54.797264099121094 0.92281532287597656 59.830768585205078 0.0980392157 0.0980392157 0.0980392157
v -48.677825927734375 0.4123498797416687 62.120555877685547 0.0980392157 0.0980392157 0.0980392157
v -55.003604888916016 -22.972070693969727 52.301506042480469 0.0980392157 0.0980392157 0.0980392157
v -48.51202392578125 -24.776584625244141 53.331172943115234 0.0980392157 0.0980392157 0.0980392157
v -48.347545623779297 -9.8298511505126953 60.857967376708984 0.0980392157 0.0980392157 0.0980392157
v -44.437267303466797 -16.736154556274414 57.359405517578125 0.0980392157 0.0980392157 0.0980392157
v -44.005649566650391 -5.9564123153686523 60.705318450927734 0.0980392157 0.0980392157 0.0980392157
v -44.387332916259766 5.6452951431274414 61.147754669189453 0.0980392157 0.0980392157 0.0980392157
v -48.677825927734375 0.4123498797416687 62.120555877685547 0.0980392157 0.0980392157 0.0980392157
v -48.51202392578125 -24.776584625244141 53.331172943115234 0.0980392157 0.0980392157 0.0980392157
v -43.379512786865234 -26.689271926879883 49.410533905029297 0.0980392157 0.0980392157 0.0980392157
v -43.730148315429688 -23.551660537719727 51.145835876464844 0.0980392157 0.0980392157 0.0980392157
v -44.022769927978516 -14.712468147277832 57.048648834228516 0.0980392157 0.0980392157 0.0980392157
v -44.437267303466797 -16.736154556274414 57.359405517578125 0.0980392157 0.0980392157 0.0980392157
v -44.022769927978516 -14.712468147277832 57.048648834228516 0.0980392157 0.0980392157 0.0980392157
v -43.730148315429688 -23.551660537719727 51.145835876464844 0.0980392157 0.0980392157 0.0980392157
v -45.499885559082031 -24.048206329345703 49.713588714599609 0.0980392157 0.0980392157 0.0980392157
v -45.824600219726562 -14.205399513244629 56.059352874755859 0.0980392157 0.0980392157 0.0980392157
v -45.719181060791016 -5.1169338226318359 59.041889190673828 0.0980392157 0.0980392157 0.0980392157
v -44.005649566650391 -5.9564123153686523 60.705318450927734 0.0980392157 0.0980392157 0.0980392157
v -45.499885559082031 -24.048206329345703 49.713588714599609 0.0980392157 0.0980392157 0.0980392157
v -48.25762939453125 -27.152462005615234 47.603927612304688 0.0980392157 0.0980392157 0.0980392157
v -48.572517395019531 -16.568458557128906 55.83447265625 0.0980392157 0.0980392157 0.0980392157
v -48.487907409667969 -2.4210424423217773 59.561618804931641 0.0980392157 0.0980392157 0.0980392157
v -45.719181060791016 -5.1169338226318359 59.041889190673828 0.0980392157 0.0980392157 0.0980392157
v -44.026409149169922 -31.771886825561523 39.008281707763672 0.0980392157 0.0980392157 0.0980392157
v -47.256034851074219 -32.359893798828125 40.593769073486328 0.0980392157 0.0980392157 0.0980392157
v -45.499885559082031 -24.048206329345703 49.713588714599609 0.0980392157 0.0980392157 0.0980392157
v -43.377830505371094 -37.796726226806641 29.459922790527344 0.0980392157 0.0980392157 0.0980392157
v -39.474151611328125 -35.918281555175781 29.855939865112305 0.0980392157 0.0980392157 0.0980392157
v -40.649806976318359 -34.314098358154297 36.352779388427734 0.0980392157 0.0980392157 0.0980392157
v -35.780742645263672 -36.474132537841797 31.423418045043945 0.0980392157 0.0980392157 0.0980392157
v -44.026409149169922 -31.771886825561523 39.008281707763672 0.0980392157 0.0980392157 0.0980392157
v -40.649806976318359 -34.314098358154297 36.352779388427734 0.0980392157 0.0980392157 0.0980392157
v -39.474151611328125 -35.918281555175781 29.855939865112305 0.0980392157 0.0980392157 0.0980392157
v -47.891555786132812 -32.934471130371094 44.834621429443359 0.0980392157 0.0980392157 0.0980392157
v -40.649806976318359 -34.314098358154297 36.352779388427734 0.0980392157 0.0980392157 0.0980392157
v -43.379512786865234 -26.689271926879883 49.410533905029297 0.0980392157 0.0980392157 0.0980392157
v 43.403068542480469 -47.181407928466797 11.447092056274414 0.0980392157 0.0980392157 0.0980392157
v 30.918113708496094 -47.260578155517578 11.70991325378418 0.0980392157 0.0980392157 0.0980392157
v 44.263904571533203 -47.632862091064453 9.6829471588134766 0.0980392157 0.0980392157 0.0980392157
v -48.51202392578125 -24.776584625244141 53.331172943115234 0.0980392157 0.0980392157 0.0980392157
v -55.003604888916016 -22.972070693969727 52.301506042480469 0.0980392157 0.0980392157 0.0980392157
v -47.891555786132812 -32.934471130371094 44.834621429443359 0.0980392157 0.0980392157 0.0980392157
v -47.966270446777344 -40.103458404541016 23.537557601928711 0.0980392157 0.0980392157 0.0980392157
v -47.407127380371094 -42.023059844970703 24.298629760742188 0.0980392157 0.0980392157 0.0980392157
v -53.079952239990234 -39.706264495849609 28.797937393188477 0.0980392157 0.0980392157 0.0980392157
v 1.6075918674468994 -45.496383666992188 14.863686561584473 0.0980392157 0.0980392157 0.0980392157
v -28.778976440429688 -43.446216583251953 18.048538208007812 0.0980392157 0.0980392157 0.0980392157
v 3.5826334953308105 -46.422809600830078 13.125332832336426 0.0980392157 0.0980392157 0.0980392157
v -48.693801879882812 -40.213718414306641 21.904348373413086 0.0980392157 0.0980392157 0.0980392157
v -26.335805892944336 -43.301925659179688 19.22166633605957 0.0980392157 0.0980392157 0.0980392157
v -47.966270446777344 -40.103458404541016 23.537557601928711 0.0980392157 0.0980392157 0.0980392157
v 32.225288391113281 -48.013671875 9.8255815505981445 0.0980392157 0.0980392157 0.0980392157
v 44.263904571533203 -47.632862091064453 9.6829471588134766 0.0980392157 0.0980392157 0.0980392157
v -28.778976440429688 -43.446216583251953 18.048538208007812 0.0980392157 0.0980392157 0.0980392157
v -31.117082595825195 -45.490154266357422 18.982759475708008 0.0980392157 0.0980392157 0.0980392157
v -5.1323518753051758 -47.879905700683594 14.963470458984375 0.0980392157 0.0980392157 0.0980392157
v -48.693801879882812 -40.213718414306641 21.904348373413086 0.0980392157 0.0980392157 0.0980392157
v -49.514205932617188 -42.432212829589844 22.750480651855469 0.0980392157 0.0980392157 0.0980392157
v 3.5826334953308105 -46.422809600830078 13.125332832336426 0.0980392157 0.0980392157 0.0980392157
v 35.313983917236328 -50.165393829345703 10.138857841491699 0.0980392157 0.0980392157 0.0980392157
v 32.225288391113281 -48.013671875 9.8255815505981445 0.0980392157 0.0980392157 0.0980392157
v -58.722301483154297 -43.285209655761719 17.011194229125977 0.0980392157 0.0980392157 0.0980392157
v -49.514205932617188 -42.432212829589844 22.750480651855469 0.0980392157 0.0980392157 0.0980392157
v -54.954780578613281 -39.604637145996094 27.726049423217773 0.0980392157 0.0980392157 0.0980392157
v -75.111831665039062 -34.032436370849609 5.026151180267334 0.0980392157 0.0980392157 0.0980392157
v -68.103759765625 -38.851680755615234 14.492362022399902 0.0980392157 0.0980392157 0.0980392157
v -75.381744384765625 -32.433376312255859 17.756282806396484 0.0980392157 0.0980392157 0.0980392157
v -67.301116943359375 -39.726688385009766 4.8891267776489258 0.0980392157 0.0980392157 0.0980392157
v -62.836658477783203 -41.933036804199219 10.429220199584961 0.0980392157 0.0980392157 0.0980392157
v -64.309425354003906 -38.982398986816406 23.943624496459961 0.0980392157 0.0980392157 0.0980392157
v -58.722301483154297 -43.285209655761719 17.011194229125977 0.0980392157 0.0980392157 0.0980392157
v -64.568870544433594 -35.535083770751953 31.160091400146484 0.0980392157 0.0980392157 0.0980392157
v -73.716209411621094 -28.900487899780273 31.589149475097656 0.0980392157 0.0980392157 0.0980392157
v -67.301116943359375 -39.726688385009766 4.8891267776489258 0.0980392157 0.0980392157 0.0980392157
v -65.758453369140625 -38.832851409912109 -11.859110832214355 0.0980392157 0.0980392157 0.0980392157
v -57.121261596679688 -43.140834808349609 -10.987771034240723 0.0980392157 0.0980392157 0.0980392157
v -81.267448425292969 -24.312160491943359 3.5727508068084717 0.0980392157 0.0980392157 0.0980392157
v -87.185981750488281 -12.028118133544922 12.086592674255371 0.0980392157 0.0980392157 0.0980392157
v -83.533363342285156 -17.263795852661133 2.1472499370574951 0.0980392157 0.0980392157 0.0980392157
v -85.796897888183594 -16.997791290283203 17.691831588745117 0.0980392157 0.0980392157 0.0980392157
v -74.545005798339844 -26.021543502807617 -24.195898056030273 0.0980392157 0.0980392157 0.0980392157
v -74.548721313476562 -25.822513580322266 -22.194612503051758 0.0980392157 0.0980392157 0.0980392157
v -76.688430786132812 -29.667667388916016 -21.984621047973633 0.0980392157 0.0980392157 0.0980392157
v -79.132514953613281 -18.769733428955078 39.643089294433594 0.0980392157 0.0980392157 0.0980392157
v -81.937599182128906 -20.602989196777344 31.852729797363281 0.0980392157 0.0980392157 0.0980392157
v -73.716209411621094 -28.900487899780273 31.589149475097656 0.0980392157 0.0980392157 0.0980392157
v -66.833450317382812 -30.658452987670898 37.35321044921875 0.0980392157 0.0980392157 0.0980392157
v -83.892097473144531 -20.13444709777832 24.66790771484375 0.0980392157 0.0980392157 0.0980392157
v -75.381744384765625 -32.433376312255859 17.756282806396484 0.0980392157 0.0980392157 0.0980392157
v -56.541999816894531 -35.048187255859375 37.185359954833984 0.0980392157 0.0980392157 0.0980392157
v -66.833450317382812 -30.658452987670898 37.35321044921875 0.0980392157 0.0980392157 0.0980392157
v -64.568870544433594 -35.535083770751953 31.160091400146484 0.0980392157 0.0980392157 0.0980392157
v -65.496475219726562 -25.176181793212891 44.743885040283203 0.0980392157 0.0980392157 0.0980392157
v -56.943531036376953 -30.530000686645508 43.849555969238281 0.0980392157 0.0980392157 0.0980392157
v -57.029956817626953 -21.700288772583008 52.170673370361328 0.0980392157 0.0980392157 0.0980392157
v -56.108257293701172 -31.236087799072266 39.699840545654297 0.0980392157 0.0980392157 0.0980392157
v -55.966167449951172 -19.561691284179688 51.548671722412109 0.0980392157 0.0980392157 0.0980392157
v -56.943531036376953 -30.530000686645508 43.849555969238281 0.0980392157 0.0980392157 0.0980392157
v -56.541999816894531 -35.048187255859375 37.185359954833984 0.0980392157 0.0980392157 0.0980392157
v -54.954780578613281 -39.604637145996094 27.726049423217773 0.0980392157 0.0980392157 0.0980392157
v -54.043106079101562 -37.880786895751953 26.344974517822266 0.0980392157 0.0980392157 0.0980392157
v -52.901611328125 -37.567592620849609 27.882070541381836 0.0980392157 0.0980392157 0.0980392157
v -56.108257293701172 -31.236087799072266 39.699840545654297 0.0980392157 0.0980392157 0.0980392157
v -55.003604888916016 -22.972070693969727 52.301506042480469 0.0980392157 0.0980392157 0.0980392157
v -54.471683502197266 -30.310373306274414 41.789234161376953 0.0980392157 0.0980392157 0.0980392157
v -54.865886688232422 -32.181915283203125 42.793064117431641 0.0980392157 0.0980392157 0.0980392157
v -52.901611328125 -37.567592620849609 27.882070541381836 0.0980392157 0.0980392157 0.0980392157
v -43.379512786865234 -26.689271926879883 49.410533905029297 0.0980392157 0.0980392157 0.0980392157
v -40.649806976318359 -34.314098358154297 36.352779388427734 0.0980392157 0.0980392157 0.0980392157
v -44.026409149169922 -31.771886825561523 39.008281707763672 0.0980392157 0.0980392157 0.0980392157
v -43.730148315429688 -23.551660537719727 51.145835876464844 0.0980392157 0.0980392157 0.0980392157
v -45.499885559082031 -24.048206329345703 49.713588714599609 0.0980392157 0.0980392157 0.0980392157
v -49.514205932617188 -42.432212829589844 22.750480651855469 0.0980392157 0.0980392157 0.0980392157
v -48.693801879882812 -40.213718414306641 21.904348373413086 0.0980392157 0.0980392157 0.0980392157
v -54.043106079101562 -37.880786895751953 26.344974517822266 0.0980392157 0.0980392157 0.0980392157
v -79.45355224609375 -28.377931594848633 10.085566520690918 0.0980392157 0.0980392157 0.0980392157
v -75.381744384765625 -32.433376312255859 17.756282806396484 0.0980392157 0.0980392157 0.0980392157
v -83.892097473144531 -20.13444709777832 24.66790771484375 0.0980392157 0.0980392157 0.0980392157
v -81.267448425292969 -24.312160491943359 3.5727508068084717 0.0980392157 0.0980392157 0.0980392157
v -85.796897888183594 -16.997791290283203 17.691831588745117 0.0980392157 0.0980392157 0.0980392157
v -75.111831665039062 -34.032436370849609 5.026151180267334 0.0980392157 0.0980392157 0.0980392157
v -65.758453369140625 -38.832851409912109 -11.859110832214355 0.0980392157 0.0980392157 0.0980392157
v -67.301116943359375 -39.726688385009766 4.8891267776489258 0.0980392157 0.0980392157 0.0980392157
v -71.316238403320312 -28.283098220825195 -12.120023727416992 0.0980392157 0.0980392157 0.0980392157
v -76.287673950195312 -27.513856887817383 -11.97702693939209 0.0980392157 0.0980392157 0.0980392157
v -72.084648132324219 -27.733671188354492 -8.5671586990356445 0.0980392157 0.0980392157 0.0980392157
v -75.012519836425781 -27.440725326538086 -8.5773601531982422 0.0980392157 0.0980392157 0.0980392157
v -37.987033843994141 -44.603439331054688 -10.649477958679199 0.0980392157 0.0980392157 0.0980392157
v -37.388916015625 -46.590385437011719 -4.2950615882873535 0.0980392157 0.0980392157 0.0980392157
v -57.121261596679688 -43.140834808349609 -10.987771034240723 0.0980392157 0.0980392157 0.0980392157
v 112.47378540039062 21.422029495239258 22.918825149536133 0.0980392157 0.0980392157 0.0980392157
v 185.20266723632812 1.6848431825637817 -7.7983574867248535 0.0980392157 0.0980392157 0.0980392157
v 71.592231750488281 35.127475738525391 29.877517700195312 0.0980392157 0.0980392157 0.0980392157
v 146.1209716796875 17.564111709594727 13.079474449157715 0.0980392157 0.0980392157 0.0980392157
v 150.564453125 14.184033393859863 12.404240608215332 0.0980392157 0.0980392157 0.0980392157
v 146.20674133300781 18.72291374206543 12.482720375061035 0.0980392157 0.0980392157 0.0980392157
v 89.32830810546875 51.440044403076172 -24.147739410400391 0.0980392157 0.0980392157 0.0980392157
v -5.2635388374328613 46.543125152587891 11.471686363220215 0.0980392157 0.0980392157 0.0980392157
v -9.2834386825561523 47.584262847900391 8.3419198989868164 0.0980392157 0.0980392157 0.0980392157
v 126.05657958984375 24.995754241943359 17.365903854370117 0.0980392157 0.0980392157 0.0980392157
v 81.370407104492188 36.692173004150391 24.952716827392578 0.0980392157 0.0980392157 0.0980392157
v 60.100742340087891 37.317424774169922 -10.863347053527832 0.0980392157 0.0980392157 0.0980392157
v -85.667396545410156 -0.42754912376403809 8.6627979278564453 0.0980392157 0.0980392157 0.0980392157
v -38.755352020263672 46.317298889160156 -5.418787956237793 0.0980392157 0.0980392157 0.0980392157
v -44.510581970214844 15.282943725585938 58.048358917236328 0.0980392157 0.0980392157 0.0980392157
v -43.630558013916016 21.9110107421875 53.248973846435547 0.0980392157 0.0980392157 0.0980392157
v 43.843257904052734 47.110588073730469 11.582799911499023 0.0980392157 0.0980392157 0.0980392157
v 40.122848510742188 47.853740692138672 9.2877693176269531 0.0980392157 0.0980392157 0.0980392157
v 30.855991363525391 47.196773529052734 11.627473831176758 0.0980392157 0.0980392157 0.0980392157
v -47.781185150146484 45.776687622070312 14.662138938903809 0.0980392157 0.0980392157 0.0980392157
v -59.276710510253906 43.188392639160156 16.916948318481445 0.0980392157 0.0980392157 0.0980392157
v -50.881038665771484 42.062427520751953 23.247573852539062 0.0980392157 0.0980392157 0.0980392157
v -75.068916320800781 33.082241058349609 1.8702614307403564 0.0980392157 0.0980392157 0.0980392157
v -73.63037109375 35.291618347167969 7.8727383613586426 0.0980392157 0.0980392157 0.0980392157
v 185.95947265625 -6.6625103950500488 1.2083330154418945 0.0980392157 0.0980392157 0.0980392157
v 184.18537902832031 -18.022222518920898 -0.22896650433540344 0.0980392157 0.0980392157 0.0980392157
v 183.84394836425781 -14.015487670898438 -8.5722589492797852 0.0980392157 0.0980392157 0.0980392157
v 116.23868560791016 -43.822093963623047 5.445185661315918 0.0980392157 0.0980392157 0.0980392157
v 89.32830810546875 -51.440036773681641 -24.147735595703125 0.0980392157 0.0980392157 0.0980392157
v 145.04875183105469 -17.369913101196289 10.460781097412109 0.0980392157 0.0980392157 0.0980392157
v 122.15494537353516 -25.89729118347168 15.12109375 0.0980392157 0.0980392157 0.0980392157
v 145.39390563964844 -20.315999984741211 10.253290176391602 0.0980392157 0.0980392157 0.0980392157
v 31.314651489257812 -45.881969451904297 14.112669944763184 0.0980392157 0.0980392157 0.0980392157
v 68.262191772460938 -37.047084808349609 -18.292198181152344 0.0980392157 0.0980392157 0.0980392157
v 67.867012023925781 -50.431659698486328 -18.007692337036133 0.0980392157 0.0980392157 0.0980392157
v 62.274452209472656 -49.654880523681641 -12.923850059509277 0.0980392157 0.0980392157 0.0980392157
v -34.021579742431641 -43.731491088867188 16.084623336791992 0.0980392157 0.0980392157 0.0980392157
v 60.110553741455078 -37.315391540527344 -10.887389183044434 0.0980392157 0.0980392157 0.0980392157
v -52.059059143066406 2.2757472991943359 56.155452728271484 0.0980392157 0.0980392157 0.0980392157
v -5.1323518753051758 -47.879905700683594 14.963470458984375 0.0980392157 0.0980392157 0.0980392157
v -25.068319320678711 -48.759193420410156 11.15910816192627 0.0980392157 0.0980392157 0.0980392157
v -44.005649566650391 -5.9564123153686523 60.705318450927734 0.0980392157 0.0980392157 0.0980392157
v -43.379512786865234 -26.689271926879883 49.410533905029297 0.0980392157 0.0980392157 0.0980392157
v -47.217010498046875 -45.892086029052734 14.49836540222168 0.0980392157 0.0980392157 0.0980392157
v -55.966167449951172 -19.561691284179688 51.548671722412109 0.0980392157 0.0980392157 0.0980392157
v -54.471683502197266 -30.310373306274414 41.789234161376953 0.0980392157 0.0980392157 0.0980392157
v -52.901611328125 -37.567592620849609 27.882070541381836 0.0980392157 0.0980392157 0.0980392157
v -54.043106079101562 -37.880786895751953 26.344974517822266 0.0980392157 0.0980392157 0.0980392157
v -48.693801879882812 -40.213718414306641 21.904348373413086 0.0980392157 0.0980392157 0.0980392157
v 176.60426330566406 -22.999351501464844 -6.4104294776916504 0.0980392157 0.0980392157 0.0980392157
v 155.03315734863281 29.827192306518555 -22.013134002685547 0.0980392157 0.0980392157 0.0980392157
v 160.72792053222656 23.458337783813477 -19.701053619384766 0.0980392157 0.0980392157 0.0980392157
v 156.50679016113281 40.827129364013672 -21.827695846557617 0.0980392157 0.0980392157 0.0980392157
v 166.27891540527344 30.643098831176758 -18.727264404296875 0.0980392157 0.0980392157 0.0980392157
v 166.86921691894531 28.816612243652344 -16.074398040771484 0.0980392157 0.0980392157 0.0980392157
v 57.633316040039062 -51.872684478759766 -2.9066300392150879 0.0980392157 0.0980392157 0.0980392157
v 81.341995239257812 18.784034729003906 35.394508361816406 0.0980392157 0.0980392157 0.0980392157
v 38.558113098144531 50.517276763916016 1.8346917629241943 0.0980392157 0.0980392157 0.0980392157
v 55.291633605957031 51.509212493896484 -1.7244572639465332 0.0980392157 0.0980392157 0.0980392157
v 49.04193115234375 47.933135986328125 8.1189460754394531 0.0980392157 0.0980392157 0.0980392157
v 100.36843109130859 34.799903869628906 23.113866806030273 0.0980392157 0.0980392157 0.0980392157
v 93.149055480957031 43.361892700195312 14.99448299407959 0.0980392157 0.0980392157 0.0980392157
v 86.173934936523438 38.063526153564453 24.589153289794922 0.0980392157 0.0980392157 0.0980392157
v 86.340179443359375 51.393226623535156 -24.686820983886719 0.0980392157 0.0980392157 0.0980392157
v 148.96672058105469 36.911960601806641 -24.686857223510742 0.0980392157 0.0980392157 0.0980392157
v 87.692375183105469 37.000011444091797 -24.688262939453125 0.0980392157 0.0980392157 0.0980392157
v 48.760658264160156 33.624973297119141 -3.5698838233947754 0.0980392157 0.0980392157 0.0980392157
v 47.065944671630859 32.875709533691406 -5.8396053314208984 0.0980392157 0.0980392157 0.0980392157
v 60.100742340087891 37.317424774169922 -10.863347053527832 0.0980392157 0.0980392157 0.0980392157
v -33.75537109375 43.764080047607422 16.061906814575195 0.0980392157 0.0980392157 0.0980392157
v -52.826999664306641 40.098892211914062 20.61811637878418 0.0980392157 0.0980392157 0.0980392157
v -35.511192321777344 45.206192016601562 11.993171691894531 0.0980392157 0.0980392157 0.0980392157
v 35.126056671142578 48.713497161865234 6.7302160263061523 0.0980392157 0.0980392157 0.0980392157
v 49.04193115234375 47.933135986328125 8.1189460754394531 0.0980392157 0.0980392157 0.0980392157
v 42.47332763671875 46.624134063720703 7.1947345733642578 0.0980392157 0.0980392157 0.0980392157
v 45.253780364990234 44.833225250244141 25.25096321105957 0.0980392157 0.0980392157 0.0980392157
v 60.100742340087891 37.317424774169922 -10.863347053527832 0.0980392157 0.0980392157 0.0980392157
v -46.846599578857422 37.619705200195312 22.570629119873047 0.0980392157 0.0980392157 0.0980392157
v 53.238918304443359 44.442378997802734 -17.641830444335938 0.0980392157 0.0980392157 0.0980392157
v -39.495475769042969 42.974765777587891 -7.9879817962646484 0.0980392157 0.0980392157 0.0980392157
v -53.833839416503906 41.71368408203125 -10.26861572265625 0.0980392157 0.0980392157 0.0980392157
v -70.14630126953125 30.336624145507812 -12.223182678222656 0.0980392157 0.0980392157 0.0980392157
v -90.509963989257812 29.999748229980469 -19.128259658813477 0.0980392157 0.0980392157 0.0980392157
v -88.206153869628906 3.0097935199737549 8.8435487747192383 0.0980392157 0.0980392157 0.0980392157
v -87.145484924316406 11.848414421081543 11.067080497741699 0.0980392157 0.0980392157 0.0980392157
v -56.953926086425781 30.365692138671875 44.071758270263672 0.0980392157 0.0980392157 0.0980392157
v -49.575359344482422 40.1986083984375 22.137002944946289 0.0980392157 0.0980392157 0.0980392157
v -52.183609008789062 38.377956390380859 26.398487091064453 0.0980392157 0.0980392157 0.0980392157
v -54.410858154296875 37.374576568603516 27.47503662109375 0.0980392157 0.0980392157 0.0980392157
v 174.17732238769531 -30.277048110961914 -4.8798050880432129 0.0980392157 0.0980392157 0.0980392157
v 178.29495239257812 -22.367603302001953 -9.4372930526733398 0.0980392157 0.0980392157 0.0980392157
v 170.13433837890625 -32.329933166503906 -14.099808692932129 0.0980392157 0.0980392157 0.0980392157
v 163.98989868164062 -22.0772705078125 -17.789722442626953 0.0980392157 0.0980392157 0.0980392157
v 149.73052978515625 -36.403038024902344 4.9732670783996582 0.0980392157 0.0980392157 0.0980392157
v 69.843643188476562 -21.136951446533203 46.636829376220703 0.0980392157 0.0980392157 0.0980392157
v 139.1641845703125 -45.428604125976562 -22.187908172607422 0.0980392157 0.0980392157 0.0980392157
v 107.76723480224609 -48.929641723632812 -22.18083381652832 0.0980392157 0.0980392157 0.0980392157
v 119.77838897705078 -52.031017303466797 -14.831256866455078 0.0980392157 0.0980392157 0.0980392157
v 152.97969055175781 -43.59344482421875 -13.251931190490723 0.0980392157 0.0980392157 0.0980392157
v 138.43894958496094 -48.507045745849609 -14.911358833312988 0.0980392157 0.0980392157 0.0980392157
v 48.699001312255859 -33.604991912841797 -3.551051139831543 0.0980392157 0.0980392157 0.0980392157
v 101.79204559326172 -50.706695556640625 -5.4006695747375488 0.0980392157 0.0980392157 0.0980392157
v 76.086357116699219 -54.474437713623047 -10.768292427062988 0.0980392157 0.0980392157 0.0980392157
v 81.399185180664062 -46.245365142822266 7.8521885871887207 0.0980392157 0.0980392157 0.0980392157
v 82.264663696289062 -34.052791595458984 26.903030395507812 0.0980392157 0.0980392157 0.0980392157
v 77.529655456542969 -29.580192565917969 32.561618804931641 0.0980392157 0.0980392157 0.0980392157
v 79.9913330078125 -24.957056045532227 34.115684509277344 0.0980392157 0.0980392157 0.0980392157
v 102.15403747558594 -34.393321990966797 22.821361541748047 0.0980392157 0.0980392157 0.0980392157
v 77.079345703125 -41.386127471923828 22.978183746337891 0.0980392157 0.0980392157 0.0980392157
v 107.11009979248047 -31.616756439208984 17.923755645751953 0.0980392157 0.0980392157 0.0980392157
v 45.093132019042969 -50.878894805908203 0.80416935682296753 0.0980392157 0.0980392157 0.0980392157
v 90.757720947265625 -44.462215423583984 13.987378120422363 0.0980392157 0.0980392157 0.0980392157
v 93.064865112304688 -48.544399261474609 7.1340065002441406 0.0980392157 0.0980392157 0.0980392157
v 111.15631103515625 -44.279281616210938 9.641575813293457 0.0980392157 0.0980392157 0.0980392157
v 90.86883544921875 -54.328487396240234 -19.886810302734375 0.0980392157 0.0980392157 0.0980392157
v 74.918067932128906 -56.999080657958984 -10.332411766052246 0.0980392157 0.0980392157 0.0980392157
v 34.911754608154297 -46.438800811767578 20.436532974243164 0.0980392157 0.0980392157 0.0980392157
v 52.719219207763672 -40.612983703613281 31.921411514282227 0.0980392157 0.0980392157 0.0980392157
v 51.274467468261719 -35.764324188232422 -6.9797139167785645 0.0980392157 0.0980392157 0.0980392157
v 39.201419830322266 -43.794181823730469 20.758783340454102 0.0980392157 0.0980392157 0.0980392157
v 43.188762664794922 -45.848148345947266 13.960654258728027 0.0980392157 0.0980392157 0.0980392157
v 31.314651489257812 -45.881969451904297 14.112669944763184 0.0980392157 0.0980392157 0.0980392157
v -46.432052612304688 -38.934600830078125 25.647951126098633 0.0980392157 0.0980392157 0.0980392157
v -43.377830505371094 -37.796726226806641 29.459922790527344 0.0980392157 0.0980392157 0.0980392157
v 27.431690216064453 -42.220287322998047 18.976730346679688 0.0980392157 0.0980392157 0.0980392157
v 45.142780303955078 -49.008220672607422 12.528728485107422 0.0980392157 0.0980392157 0.0980392157
v -57.121261596679688 -43.140834808349609 -10.987771034240723 0.0980392157 0.0980392157 0.0980392157
v -72.084648132324219 -27.733671188354492 -8.5671586990356445 0.0980392157 0.0980392157 0.0980392157
v -53.079952239990234 -39.706264495849609 28.797937393188477 0.0980392157 0.0980392157 0.0980392157
v -54.865886688232422 -32.181915283203125 42.793064117431641 0.0980392157 0.0980392157 0.0980392157
v 30.918113708496094 -47.260578155517578 11.70991325378418 0.0980392157 0.0980392157 0.0980392157
v -78.282180786132812 -23.762100219726562 -5.2051186561584473 0.0980392157 0.0980392157 0.0980392157
v -53.079952239990234 -39.706264495849609 28.797937393188477 0.0980392157 0.0980392157 0.0980392157
v 154.42158508300781 41.840915679931641 -24.63526725769043 0.0980392157 0.0980392157 0.0980392157
v 82.475311279296875 34.055332183837891 26.797843933105469 0.0980392157 0.0980392157 0.0980392157
v 51.274467468261719 35.764331817626953 -6.9797139167785645 0.0980392157 0.0980392157 0.0980392157
v 53.274433135986328 36.4613037109375 -7.7559456825256348 0.0980392157 0.0980392157 0.0980392157
v -47.382400512695312 38.646148681640625 25.953994750976562 0.0980392157 0.0980392157 0.0980392157
v 38.805950164794922 43.846710205078125 20.597366333007812 0.0980392157 0.0980392157 0.0980392157
v 52.350391387939453 40.554439544677734 28.285867691040039 0.0980392157 0.0980392157 0.0980392157
v -57.453880310058594 36.371990203857422 27.822065353393555 0.0980392157 0.0980392157 0.0980392157
v -51.6373291015625 31.101902008056641 41.600700378417969 0.0980392157 0.0980392157 0.0980392157
v -58.873813629150391 42.741794586181641 -11.244192123413086 0.0980392157 0.0980392157 0.0980392157
v -53.833839416503906 41.71368408203125 -10.26861572265625 0.0980392157 0.0980392157 0.0980392157
v 34.444664001464844 50.136310577392578 10.208412170410156 0.0980392157 0.0980392157 0.0980392157
v 43.284873962402344 53.353675842285156 1.3516908884048462 0.0980392157 0.0980392157 0.0980392157
v 8.8924140930175781 51.346111297607422 6.3116416931152344 0.0980392157 0.0980392157 0.0980392157
v 43.284873962402344 53.353675842285156 1.3516908884048462 0.0980392157 0.0980392157 0.0980392157
v 13.179104804992676 51.121585845947266 2.1008157730102539 0.0980392157 0.0980392157 0.0980392157
v -75.054824829101562 27.410211563110352 -8.5814113616943359 0.0980392157 0.0980392157 0.0980392157
v -79.825241088867188 21.641651153564453 -13.94140625 0.0980392157 0.0980392157 0.0980392157
v -76.296340942382812 27.517688751220703 -11.983819961547852 0.0980392157 0.0980392157 0.0980392157
v 1.3310815095901489 -44.237194061279297 18.155466079711914 0.0980392157 0.0980392157 0.0980392157
v 51.274467468261719 -35.764324188232422 -6.9797139167785645 0.0980392157 0.0980392157 0.0980392157
v -51.419017791748047 -40.562862396240234 20.084720611572266 0.0980392157 0.0980392157 0.0980392157
v 67.867012023925781 -50.431659698486328 -18.007692337036133 0.0980392157 0.0980392157 0.0980392157
v -53.836986541748047 -41.833057403564453 -10.28781795501709 0.0980392157 0.0980392157 0.0980392157
v -51.685626983642578 -26.715747833251953 47.0447998046875 0.0980392157 0.0980392157 0.0980392157
v 35.313983917236328 -50.165393829345703 10.138857841491699 0.0980392157 0.0980392157 0.0980392157
v 21.870149612426758 -52.195060729980469 4.4267845153808594 0.0980392157 0.0980392157 0.0980392157
v -70.191749572753906 34.211677551269531 -12.464065551757812 0.0980392157 0.0980392157 0.0980392157
v 154.12229919433594 9.385411262512207 11.678937911987305 0.0980392157 0.0980392157 0.0980392157
v 151.303466796875 -13.765435218811035 9.9805583953857422 0.0980392157 0.0980392157 0.0980392157
v 152.57818603515625 -0.082047045230865479 14.98866081237793 0.0980392157 0.0980392157 0.0980392157
v 133.44627380371094 23.273408889770508 17.943756103515625 0.0980392157 0.0980392157 0.0980392157
v 77.489189147949219 41.258426666259766 23.13676643371582 0.0980392157 0.0980392157 0.0980392157
v 96.471366882324219 48.323787689208984 6.881500244140625 0.0980392157 0.0980392157 0.0980392157
v 93.149055480957031 43.361892700195312 14.99448299407959 0.0980392157 0.0980392157 0.0980392157
v 86.173934936523438 38.063526153564453 24.589153289794922 0.0980392157 0.0980392157 0.0980392157
v -28.335325241088867 40.422416687011719 19.84211540222168 0.0980392157 0.0980392157 0.0980392157
v 66.67181396484375 45.169704437255859 18.863946914672852 0.0980392157 0.0980392157 0.0980392157
v -48.515098571777344 18.229913711547852 54.696632385253906 0.0980392157 0.0980392157 0.0980392157
v -62.743656158447266 39.907699584960938 23.061607360839844 0.0980392157 0.0980392157 0.0980392157
v -54.781085968017578 39.437095642089844 28.131406784057617 0.0980392157 0.0980392157 0.0980392157
v -53.964431762695312 37.213794708251953 34.063156127929688 0.0980392157 0.0980392157 0.0980392157
v -37.987033843994141 -44.603439331054688 -10.649477958679199 0.0980392157 0.0980392157 0.0980392157
v 3.0523505210876465 -43.228950500488281 -11.803286552429199 0.0980392157 0.0980392157 0.0980392157
v 2.4905059337615967 -47.032108306884766 -6.8434262275695801 0.0980392157 0.0980392157 0.0980392157
v 178.29495239257812 -22.367603302001953 -9.4372930526733398 0.0980392157 0.0980392157 0.0980392157
v 178.89376831054688 -23.021203994750977 -1.8209820985794067 0.0980392157 0.0980392157 0.0980392157
v 149.63955688476562 -42.516120910644531 -22.073963165283203 0.0980392157 0.0980392157 0.0980392157
v 160.13304138183594 -38.741508483886719 -15.429862022399902 0.0980392157 0.0980392157 0.0980392157
v 161.16850280761719 -38.925102233886719 -18.163148880004883 0.0980392157 0.0980392157 0.0980392157
v 133.86093139648438 -40.824756622314453 5.0781583786010742 0.0980392157 0.0980392157 0.0980392157
v 151.82890319824219 -12.526491165161133 14.591701507568359 0.0980392157 0.0980392157 0.0980392157
v 85.543067932128906 -49.983768463134766 -22.167745590209961 0.0980392157 0.0980392157 0.0980392157
v 78.055999755859375 -51.223827362060547 -20.736698150634766 0.0980392157 0.0980392157 0.0980392157
v 67.046051025390625 -40.506668090820312 23.042938232421875 0.0980392157 0.0980392157 0.0980392157
v 74.68695068359375 -15.359487533569336 46.682369232177734 0.0980392157 0.0980392157 0.0980392157
v 24.58903694152832 -41.732318878173828 21.664567947387695 0.0980392157 0.0980392157 0.0980392157
v 53.237575531005859 -44.460048675537109 -17.6353759765625 0.0980392157 0.0980392157 0.0980392157
v -78.282180786132812 -23.762100219726562 -5.2051186561584473 0.0980392157 0.0980392157 0.0980392157
v 27.379323959350586 40.797298431396484 -13.025664329528809 0.0980392157 0.0980392157 0.0980392157
v 15.108538627624512 46.762657165527344 -7.5039339065551758 0.0980392157 0.0980392157 0.0980392157
v 39.228446960449219 45.803218841552734 -10.119625091552734 0.0980392157 0.0980392157 0.0980392157
v 154.28868103027344 -5.5396814346313477 11.802131652832031 0.0980392157 0.0980392157 0.0980392157
v 71.260246276855469 -7.862879753112793 45.151134490966797 0.0980392157 0.0980392157 0.0980392157
v 69.766098022460938 -5.8777680397033691 47.077358245849609 0.0980392157 0.0980392157 0.0980392157
v 85.479530334472656 16.881214141845703 36.388626098632812 0.0980392157 0.0980392157 0.0980392157
v 151.89288330078125 14.77345085144043 10.306220054626465 0.0980392157 0.0980392157 0.0980392157
v 150.92839050292969 18.143577575683594 11.243082046508789 0.0980392157 0.0980392157 0.0980392157
v 154.12229919433594 9.385411262512207 11.678937911987305 0.0980392157 0.0980392157 0.0980392157
v 145.66632080078125 14.147659301757812 13.585661888122559 0.0980392157 0.0980392157 0.0980392157
v 131.65538024902344 20.565608978271484 16.567722320556641 0.0980392157 0.0980392157 0.0980392157
v 147.53488159179688 15.311613082885742 10.22809886932373 0.0980392157 0.0980392157 0.0980392157
v 80.456649780273438 46.772636413574219 7.048161506652832 0.0980392157 0.0980392157 0.0980392157
v 99.008079528808594 45.829273223876953 5.8309307098388672 0.0980392157 0.0980392157 0.0980392157
v 93.99200439453125 41.5931396484375 12.909013748168945 0.0980392157 0.0980392157 0.0980392157
v 73.318687438964844 42.291542053222656 17.789663314819336 0.0980392157 0.0980392157 0.0980392157
v 151.85769653320312 12.323891639709473 14.616043090820312 0.0980392157 0.0980392157 0.0980392157
v 136.15150451660156 42.331794738769531 6.7247886657714844 0.0980392157 0.0980392157 0.0980392157
v 61.582386016845703 50.727622985839844 -9.026301383972168 0.0980392157 0.0980392157 0.0980392157
v 145.09617614746094 20.43266487121582 10.293087959289551 0.0980392157 0.0980392157 0.0980392157
v 77.342842102050781 29.646461486816406 32.637252807617188 0.0980392157 0.0980392157 0.0980392157
v 68.803993225097656 30.642938613891602 40.188236236572266 0.0980392157 0.0980392157 0.0980392157
v 71.592231750488281 35.127475738525391 29.877517700195312 0.0980392157 0.0980392157 0.0980392157
v 90.856758117675781 54.330074310302734 -19.886568069458008 0.0980392157 0.0980392157 0.0980392157
v 61.971820831298828 50.605930328369141 -21.067958831787109 0.0980392157 0.0980392157 0.0980392157
v 49.189743041992188 39.063270568847656 28.410041809082031 0.0980392157 0.0980392157 0.0980392157
v 37.328407287597656 41.454380035400391 22.135509490966797 0.0980392157 0.0980392157 0.0980392157
v -54.087043762207031 35.230220794677734 25.619428634643555 0.0980392157 0.0980392157 0.0980392157
v 37.328407287597656 41.454380035400391 22.135509490966797 0.0980392157 0.0980392157 0.0980392157
v 50.393016815185547 38.233325958251953 32.521591186523438 0.0980392157 0.0980392157 0.0980392157
v -36.090213775634766 36.798526763916016 28.282730102539062 0.0980392157 0.0980392157 0.0980392157
v 81.370407104492188 36.692173004150391 24.952716827392578 0.0980392157 0.0980392157 0.0980392157
v -39.299922943115234 40.940692901611328 28.772199630737305 0.0980392157 0.0980392157 0.0980392157
v -46.093124389648438 42.310993194580078 23.855829238891602 0.0980392157 0.0980392157 0.0980392157
v -21.600919723510742 43.486164093017578 24.466690063476562 0.0980392157 0.0980392157 0.0980392157
v 77.489189147949219 41.258426666259766 23.13676643371582 0.0980392157 0.0980392157 0.0980392157
v 82.073150634765625 37.348575592041016 23.659658432006836 0.0980392157 0.0980392157 0.0980392157
v -72.687057495117188 29.999387741088867 -12.210906982421875 0.0980392157 0.0980392157 0.0980392157
v -75.068092346191406 30.015081405639648 -5.5297555923461914 0.0980392157 0.0980392157 0.0980392157
v -54.468013763427734 40.565353393554688 -8.5777587890625 0.0980392157 0.0980392157 0.0980392157
v -51.400379180908203 42.132553100585938 -5.948206901550293 0.0980392157 0.0980392157 0.0980392157
v -54.561805725097656 38.943714141845703 -6.0679426193237305 0.0980392157 0.0980392157 0.0980392157
v 53.238918304443359 44.442378997802734 -17.641830444335938 0.0980392157 0.0980392157 0.0980392157
v -70.14630126953125 30.336624145507812 -12.223182678222656 0.0980392157 0.0980392157 0.0980392157
v -72.687057495117188 29.999387741088867 -12.210906982421875 0.0980392157 0.0980392157 0.0980392157
v -70.191749572753906 34.211677551269531 -12.464065551757812 0.0980392157 0.0980392157 0.0980392157
v -48.901451110839844 17.052694320678711 58.091598510742188 0.0980392157 0.0980392157 0.0980392157
v -44.510581970214844 15.282943725585938 58.048358917236328 0.0980392157 0.0980392157 0.0980392157
v -48.578163146972656 10.152701377868652 60.721126556396484 0.0980392157 0.0980392157 0.0980392157
v -54.646129608154297 29.821138381958008 42.859188079833984 0.0980392157 0.0980392157 0.0980392157
v -68.014984130859375 38.556365966796875 -1.4507514238357544 0.0980392157 0.0980392157 0.0980392157
v 18.525844573974609 -45.801761627197266 -8.640446662902832 0.0980392157 0.0980392157 0.0980392157
v 147.35418701171875 -3.8012256622314453 13.788289070129395 0.0980392157 0.0980392157 0.0980392157
v 85.100692749023438 -37.001167297363281 -22.173027038574219 0.0980392157 0.0980392157 0.0980392157
v 76.086357116699219 -54.474437713623047 -10.768292427062988 0.0980392157 0.0980392157 0.0980392157
v 57.633316040039062 -51.872684478759766 -2.9066300392150879 0.0980392157 0.0980392157 0.0980392157
v 66.822113037109375 -47.738025665283203 6.7787418365478516 0.0980392157 0.0980392157 0.0980392157
v 77.619102478027344 -35.763500213623047 21.790826797485352 0.0980392157 0.0980392157 0.0980392157
v 63.074886322021484 -35.586032867431641 35.559009552001953 0.0980392157 0.0980392157 0.0980392157
v 54.510726928710938 -37.282707214355469 31.755477905273438 0.0980392157 0.0980392157 0.0980392157
v 75.1639404296875 -35.184238433837891 32.178798675537109 0.0980392157 0.0980392157 0.0980392157
v 71.407112121582031 -29.302207946777344 43.617412567138672 0.0980392157 0.0980392157 0.0980392157
v 66.441680908203125 -35.556182861328125 39.431934356689453 0.0980392157 0.0980392157 0.0980392157
v 68.872566223144531 -30.689434051513672 40.049896240234375 0.0980392157 0.0980392157 0.0980392157
v 69.525634765625 -23.897792816162109 43.553413391113281 0.0980392157 0.0980392157 0.0980392157
v 62.413143157958984 -32.275428771972656 40.792697906494141 0.0980392157 0.0980392157 0.0980392157
v 68.419158935546875 -22.587125778198242 45.595844268798828 0.0980392157 0.0980392157 0.0980392157
v 64.212532043457031 -31.845470428466797 38.794239044189453 0.0980392157 0.0980392157 0.0980392157
v 54.510726928710938 -37.282707214355469 31.755477905273438 0.0980392157 0.0980392157 0.0980392157
v 39.201419830322266 -43.794181823730469 20.758783340454102 0.0980392157 0.0980392157 0.0980392157
v 54.510726928710938 -37.282707214355469 31.755477905273438 0.0980392157 0.0980392157 0.0980392157
v 50.125526428222656 -38.198902130126953 31.924081802368164 0.0980392157 0.0980392157 0.0980392157
v 62.413143157958984 -32.275428771972656 40.792697906494141 0.0980392157 0.0980392157 0.0980392157
v 40.688518524169922 -41.005077362060547 23.716268539428711 0.0980392157 0.0980392157 0.0980392157
v 26.952301025390625 -44.749565124511719 16.999271392822266 0.0980392157 0.0980392157 0.0980392157
v 73.04022216796875 -41.875637054443359 23.670825958251953 0.0980392157 0.0980392157 0.0980392157
v 73.948066711425781 -52.349628448486328 -23.451183319091797 0.0980392157 0.0980392157 0.0980392157
v -71.316238403320312 -28.283098220825195 -12.120023727416992 0.0980392157 0.0980392157 0.0980392157
v -63.376659393310547 -37.663810729980469 -11.392252922058105 0.0980392157 0.0980392157 0.0980392157
v -70.167739868164062 -34.226169586181641 -12.451967239379883 0.0980392157 0.0980392157 0.0980392157
v -57.121261596679688 -43.140834808349609 -10.987771034240723 0.0980392157 0.0980392157 0.0980392157
v -53.836986541748047 -41.833057403564453 -10.28781795501709 0.0980392157 0.0980392157 0.0980392157
v -34.252666473388672 -42.355480194091797 -9.5925540924072266 0.0980392157 0.0980392157 0.0980392157
v -75.875205993652344 -27.974269866943359 17.581760406494141 0.0980392157 0.0980392157 0.0980392157
v -77.925567626953125 -26.345375061035156 7.5657415390014648 0.0980392157 0.0980392157 0.0980392157
v -76.911087036132812 -21.354616165161133 -3.9296998977661133 0.0980392157 0.0980392157 0.0980392157
v 35.313983917236328 -50.165393829345703 10.138857841491699 0.0980392157 0.0980392157 0.0980392157
v 21.870149612426758 -52.195060729980469 4.4267845153808594 0.0980392157 0.0980392157 0.0980392157
v 44.374179840087891 -43.779720306396484 -16.121067047119141 0.0980392157 0.0980392157 0.0980392157
v -51.419990539550781 0.63814032077789307 58.354976654052734 0.0980392157 0.0980392157 0.0980392157
v -5.4114346504211426 -40.112136840820312 24.456254959106445 0.0980392157 0.0980392157 0.0980392157
v 1.6815509796142578 -41.016841888427734 20.857128143310547 0.0980392157 0.0980392157 0.0980392157
v 3.0523505210876465 -43.228950500488281 -11.803286552429199 0.0980392157 0.0980392157 0.0980392157
v 44.374179840087891 -43.779720306396484 -16.121067047119141 0.0980392157 0.0980392157 0.0980392157
v -48.798912048339844 -17.203113555908203 58.038803100585938 0.0980392157 0.0980392157 0.0980392157
v -48.572517395019531 -16.568458557128906 55.83447265625 0.0980392157 0.0980392157 0.0980392157
v -48.25762939453125 -27.152462005615234 47.603927612304688 0.0980392157 0.0980392157 0.0980392157
v -51.685626983642578 -26.715747833251953 47.0447998046875 0.0980392157 0.0980392157 0.0980392157
v -75.012519836425781 -27.440725326538086 -8.5773601531982422 0.0980392157 0.0980392157 0.0980392157
v -76.287673950195312 -27.513856887817383 -11.97702693939209 0.0980392157 0.0980392157 0.0980392157
v -80.419319152832031 -20.370494842529297 -14.187047958374023 0.0980392157 0.0980392157 0.0980392157
v 172.38197326660156 32.258800506591797 -15.17220401763916 0.0980392157 0.0980392157 0.0980392157
v 159.42051696777344 39.458160400390625 -22.958972930908203 0.0980392157 0.0980392157 0.0980392157
v 166.91236877441406 37.671974182128906 -13.68428897857666 0.0980392157 0.0980392157 0.0980392157
v 59.938968658447266 54.840320587158203 -3.9305393695831299 0.0980392157 0.0980392157 0.0980392157
v 44.374179840087891 -43.779720306396484 -16.121067047119141 0.0980392157 0.0980392157 0.0980392157
v 60.422634124755859 -51.042484283447266 -15.799568176269531 0.0980392157 0.0980392157 0.0980392157
v 53.070209503173828 -50.292503356933594 -9.3625612258911133 0.0980392157 0.0980392157 0.0980392157
v -80.095481872558594 -19.825826644897461 29.152885437011719 0.0980392157 0.0980392157 0.0980392157
v -82.576164245605469 -17.966184616088867 20.028854370117188 0.0980392157 0.0980392157 0.0980392157
v 51.001720428466797 48.102809906005859 -12.521971702575684 0.0980392157 0.0980392157 0.0980392157
v 39.856559753417969 42.155185699462891 -15.025223731994629 0.0980392157 0.0980392157 0.0980392157
v 39.228446960449219 45.803218841552734 -10.119625091552734 0.0980392157 0.0980392157 0.0980392157
v 159.83792114257812 38.9808349609375 -15.546859741210938 0.0980392157 0.0980392157 0.0980392157
v 154.93862915039062 29.907766342163086 -24.523038864135742 0.0980392157 0.0980392157 0.0980392157
v 166.27891540527344 30.643098831176758 -18.727264404296875 0.0980392157 0.0980392157 0.0980392157
v 130.49667358398438 50.201984405517578 -14.925416946411133 0.0980392157 0.0980392157 0.0980392157
v 154.28868103027344 -5.5396814346313477 11.802131652832031 0.0980392157 0.0980392157 0.0980392157
v 174.36480712890625 -3.8506970405578613 9.8456783294677734 0.0980392157 0.0980392157 0.0980392157
v 174.01333618164062 9.5319881439208984 9.6831140518188477 0.0980392157 0.0980392157 0.0980392157
v 145.29507446289062 22.649848937988281 11.845657348632812 0.0980392157 0.0980392157 0.0980392157
v 147.53488159179688 15.311613082885742 10.22809886932373 0.0980392157 0.0980392157 0.0980392157
v 65.043548583984375 47.084815979003906 8.5360202789306641 0.0980392157 0.0980392157 0.0980392157
v 69.497329711914062 39.342857360839844 24.017860412597656 0.0980392157 0.0980392157 0.0980392157
v 88.202262878417969 15.967494010925293 32.945476531982422 0.0980392157 0.0980392157 0.0980392157
v 71.378974914550781 29.320507049560547 43.61676025390625 0.0980392157 0.0980392157 0.0980392157
v 71.378974914550781 29.320507049560547 43.61676025390625 0.0980392157 0.0980392157 0.0980392157
v 71.902252197265625 42.269271850585938 23.248699188232422 0.0980392157 0.0980392157 0.0980392157
v 69.511428833007812 38.538787841796875 30.169239044189453 0.0980392157 0.0980392157 0.0980392157
v 149.41532897949219 11.620752334594727 12.832552909851074 0.0980392157 0.0980392157 0.0980392157
v 48.760658264160156 33.624973297119141 -3.5698838233947754 0.0980392157 0.0980392157 0.0980392157
v 58.755962371826172 42.902801513671875 19.457023620605469 0.0980392157 0.0980392157 0.0980392157
v 69.497329711914062 39.342857360839844 24.017860412597656 0.0980392157 0.0980392157 0.0980392157
v 57.454006195068359 41.219406127929688 24.312957763671875 0.0980392157 0.0980392157 0.0980392157
v -41.720706939697266 43.690853118896484 -3.1884341239929199 0.0980392157 0.0980392157 0.0980392157
v -67.399208068847656 35.389804840087891 -6.0664091110229492 0.0980392157 0.0980392157 0.0980392157
v -54.098014831542969 41.997001647949219 15.609134674072266 0.0980392157 0.0980392157 0.0980392157
v -72.337982177734375 27.916152954101562 28.645200729370117 0.0980392157 0.0980392157 0.0980392157
v -50.530368804931641 36.458774566650391 30.559511184692383 0.0980392157 0.0980392157 0.0980392157
v -50.530368804931641 36.458774566650391 30.559511184692383 0.0980392157 0.0980392157 0.0980392157
v 27.546792984008789 44.720802307128906 17.077236175537109 0.0980392157 0.0980392157 0.0980392157
v 28.763721466064453 46.970634460449219 18.514060974121094 0.0980392157 0.0980392157 0.0980392157
v 37.693916320800781 42.970687866210938 -9.0043544769287109 0.0980392157 0.0980392157 0.0980392157
v -53.833839416503906 41.71368408203125 -10.26861572265625 0.0980392157 0.0980392157 0.0980392157
v 0.44906887412071228 40.918785095214844 21.062158584594727 0.0980392157 0.0980392157 0.0980392157
v -59.276710510253906 43.188392639160156 16.916948318481445 0.0980392157 0.0980392157 0.0980392157
v -59.753566741943359 42.442935943603516 -2.1119232177734375 0.0980392157 0.0980392157 0.0980392157
v -67.167877197265625 39.993770599365234 8.5824375152587891 0.0980392157 0.0980392157 0.0980392157
v -74.548721313476562 -25.822513580322266 -22.194612503051758 0.0980392157 0.0980392157 0.0980392157
v -74.107460021972656 21.236263275146484 41.930953979492188 0.0980392157 0.0980392157 0.0980392157
v -54.646129608154297 29.821138381958008 42.859188079833984 0.0980392157 0.0980392157 0.0980392157
v -42.950962066650391 27.777290344238281 47.490886688232422 0.0980392157 0.0980392157 0.0980392157
v -45.719181060791016 -5.1169338226318359 59.041889190673828 0.0980392157 0.0980392157 0.0980392157
v -51.550666809082031 21.280317306518555 51.514678955078125 0.0980392157 0.0980392157 0.0980392157
v -45.577365875244141 24.090805053710938 49.554889678955078 0.0980392157 0.0980392157 0.0980392157
v -48.253246307373047 25.690032958984375 48.97784423828125 0.0980392157 0.0980392157 0.0980392157
v -47.559555053710938 31.333847045898438 42.309257507324219 0.0980392157 0.0980392157 0.0980392157
v -44.399768829345703 30.919876098632812 40.485149383544922 0.0980392157 0.0980392157 0.0980392157
v -42.257511138916016 34.202709197998047 33.726383209228516 0.0980392157 0.0980392157 0.0980392157
v -35.840564727783203 36.552173614501953 31.471059799194336 0.0980392157 0.0980392157 0.0980392157
v -40.612953186035156 34.436412811279297 36.370967864990234 0.0980392157 0.0980392157 0.0980392157
v -56.551727294921875 35.368881225585938 36.656894683837891 0.0980392157 0.0980392157 0.0980392157
v -63.806133270263672 34.752891540527344 33.302169799804688 0.0980392157 0.0980392157 0.0980392157
v -74.544601440429688 25.807302474975586 -22.187973022460938 0.0980392157 0.0980392157 0.0980392157
v -74.280830383300781 30.508840560913086 26.635183334350586 0.0980392157 0.0980392157 0.0980392157
v -43.630558013916016 21.9110107421875 53.248973846435547 0.0980392157 0.0980392157 0.0980392157
v -45.747669219970703 40.40069580078125 22.921140670776367 0.0980392157 0.0980392157 0.0980392157
v 44.374179840087891 -43.779720306396484 -16.121067047119141 0.0980392157 0.0980392157 0.0980392157
v 160.13304138183594 -38.741508483886719 -15.429862022399902 0.0980392157 0.0980392157 0.0980392157
v 170.13433837890625 -32.329933166503906 -14.099808692932129 0.0980392157 0.0980392157 0.0980392157
v 88.943923950195312 -1.336472749710083 33.727069854736328 0.0980392157 0.0980392157 0.0980392157
v 69.525634765625 -23.897792816162109 43.553413391113281 0.0980392157 0.0980392157 0.0980392157
v 172.55271911621094 -32.150173187255859 -15.015785217285156 0.0980392157 0.0980392157 0.0980392157
v 156.5513916015625 -41.093299865722656 -24.396663665771484 0.0980392157 0.0980392157 0.0980392157
v 86.222213745117188 -54.946914672851562 -13.318648338317871 0.0980392157 0.0980392157 0.0980392157
v 101.57251739501953 -54.135162353515625 -14.426828384399414 0.0980392157 0.0980392157 0.0980392157
v 74.128166198730469 -41.836444854736328 18.231479644775391 0.0980392157 0.0980392157 0.0980392157
v 65.189750671386719 -46.988243103027344 8.6900882720947266 0.0980392157 0.0980392157 0.0980392157
v 51.458469390869141 -47.529655456542969 9.0364494323730469 0.0980392157 0.0980392157 0.0980392157
v 71.407112121582031 -29.302207946777344 43.617412567138672 0.0980392157 0.0980392157 0.0980392157
v 149.73330688476562 -12.728182792663574 15.175591468811035 0.0980392157 0.0980392157 0.0980392157
v 61.496196746826172 -50.616561889648438 -8.9703598022460938 0.0980392157 0.0980392157 0.0980392157
v 48.699001312255859 -33.604991912841797 -3.551051139831543 0.0980392157 0.0980392157 0.0980392157
v 57.527805328369141 -41.16876220703125 31.84276008605957 0.0980392157 0.0980392157 0.0980392157
v 64.041557312011719 -41.345054626464844 27.662750244140625 0.0980392157 0.0980392157 0.0980392157
v 66.441680908203125 -35.556182861328125 39.431934356689453 0.0980392157 0.0980392157 0.0980392157
v 71.407112121582031 -29.302207946777344 43.617412567138672 0.0980392157 0.0980392157 0.0980392157
v 122.65737915039062 -28.93635368347168 19.25446891784668 0.0980392157 0.0980392157 0.0980392157
v 64.2247314453125 -51.316036224365234 -21.623214721679688 0.0980392157 0.0980392157 0.0980392157
v -67.3516845703125 -35.425018310546875 -6.066502571105957 0.0980392157 0.0980392157 0.0980392157
v -59.1185302734375 -39.926170349121094 -6.0673503875732422 0.0980392157 0.0980392157 0.0980392157
v -37.622226715087891 -30.001798629760742 -3.1883254051208496 0.0980392157 0.0980392157 0.0980392157
v -51.419017791748047 -40.562862396240234 20.084720611572266 0.0980392157 0.0980392157 0.0980392157
v 53.915958404541016 -44.118289947509766 17.516927719116211 0.0980392157 0.0980392157 0.0980392157
v -38.317417144775391 -41.303054809570312 28.18467903137207 0.0980392157 0.0980392157 0.0980392157
v 82.208000183105469 -37.378135681152344 23.683010101318359 0.0980392157 0.0980392157 0.0980392157
v -58.295097351074219 -11.345778465270996 53.486396789550781 0.0980392157 0.0980392157 0.0980392157
v -51.674995422363281 -42.056224822998047 -6.0331439971923828 0.0980392157 0.0980392157 0.0980392157
v -54.520137786865234 -40.93072509765625 -8.5676851272583008 0.0980392157 0.0980392157 0.0980392157
v -54.565376281738281 -38.700641632080078 -6.068483829498291 0.0980392157 0.0980392157 0.0980392157
v -48.25762939453125 -27.152462005615234 47.603927612304688 0.0980392157 0.0980392157 0.0980392157
v 82.208000183105469 -37.378135681152344 23.683010101318359 0.0980392157 0.0980392157 0.0980392157
v -55.652309417724609 -5.0903725624084473 56.431781768798828 0.0980392157 0.0980392157 0.0980392157
v -54.138721466064453 5.6889619827270508 57.045520782470703 0.0980392157 0.0980392157 0.0980392157
v -45.824600219726562 -14.205399513244629 56.059352874755859 0.0980392157 0.0980392157 0.0980392157
v -52.901611328125 -37.567592620849609 27.882070541381836 0.0980392157 0.0980392157 0.0980392157
v -75.116500854492188 -30.007049560546875 -5.4063892364501953 0.0980392157 0.0980392157 0.0980392157
v -77.212776184082031 -29.849016189575195 -23.949710845947266 0.0980392157 0.0980392157 0.0980392157
v -64.568870544433594 -35.535083770751953 31.160091400146484 0.0980392157 0.0980392157 0.0980392157
v -78.46527099609375 -14.347652435302734 44.014888763427734 0.0980392157 0.0980392157 0.0980392157
v -65.496475219726562 -25.176181793212891 44.743885040283203 0.0980392157 0.0980392157 0.0980392157
v -54.043106079101562 -37.880786895751953 26.344974517822266 0.0980392157 0.0980392157 0.0980392157
v -47.966270446777344 -40.103458404541016 23.537557601928711 0.0980392157 0.0980392157 0.0980392157
v -58.531333923339844 23.282360076904297 46.782360076904297 0.0980392157 0.0980392157 0.0980392157
v -82.710563659667969 20.961029052734375 29.07341194152832 0.0980392157 0.0980392157 0.0980392157
v 156.40815734863281 -40.642562866210938 -21.864463806152344 0.0980392157 0.0980392157 0.0980392157
v -51.562355041503906 -13.584860801696777 55.793869018554688 0.0980392157 0.0980392157 0.0980392157
v 171.12437438964844 31.607450485229492 -11.321367263793945 0.0980392157 0.0980392157 0.0980392157
v 82.098442077636719 4.3035955429077148 39.976356506347656 0.0980392157 0.0980392157 0.0980392157
v 87.692375183105469 37.000011444091797 -24.688262939453125 0.0980392157 0.0980392157 0.0980392157
v 131.91679382324219 50.242206573486328 -20.502773284912109 0.0980392157 0.0980392157 0.0980392157
v 131.8360595703125 47.935844421386719 -24.68547248840332 0.0980392157 0.0980392157 0.0980392157
v 99.008079528808594 45.829273223876953 5.8309307098388672 0.0980392157 0.0980392157 0.0980392157
v 79.311790466308594 39.923923492431641 19.9456787109375 0.0980392157 0.0980392157 0.0980392157
v 69.363868713378906 46.445568084716797 9.4572601318359375 0.0980392157 0.0980392157 0.0980392157
v 86.381401062011719 55.095287322998047 -13.422629356384277 0.0980392157 0.0980392157 0.0980392157
v 101.11679840087891 51.829025268554688 -18.373701095581055 0.0980392157 0.0980392157 0.0980392157
v 60.275238037109375 37.004539489746094 -8.0825939178466797 0.0980392157 0.0980392157 0.0980392157
v 68.265708923339844 37.047641754150391 -18.294239044189453 0.0980392157 0.0980392157 0.0980392157
v 146.20674133300781 18.72291374206543 12.482720375061035 0.0980392157 0.0980392157 0.0980392157
v 48.237346649169922 49.416114807128906 11.314725875854492 0.0980392157 0.0980392157 0.0980392157
v 66.67181396484375 45.169704437255859 18.863946914672852 0.0980392157 0.0980392157 0.0980392157
v -80.134231567382812 19.843854904174805 29.033349990844727 0.0980392157 0.0980392157 0.0980392157
v -57.453880310058594 36.371990203857422 27.822065353393555 0.0980392157 0.0980392157 0.0980392157
v 34.444664001464844 50.136310577392578 10.208412170410156 0.0980392157 0.0980392157 0.0980392157
v -58.873813629150391 42.741794586181641 -11.244192123413086 0.0980392157 0.0980392157 0.0980392157
v -54.565376281738281 -38.700641632080078 -6.068483829498291 0.0980392157 0.0980392157 0.0980392157
v -45.719181060791016 -5.1169338226318359 59.041889190673828 0.0980392157 0.0980392157 0.0980392157
v -44.399768829345703 30.919876098632812 40.485149383544922 0.0980392157 0.0980392157 0.0980392157
v -50.881038665771484 42.062427520751953 23.247573852539062 0.0980392157 0.0980392157 0.0980392157
v -70.14630126953125 30.336624145507812 -12.223182678222656 0.0980392157 0.0980392157 0.0980392157
v 131.83270263671875 -47.932315826416016 -24.687019348144531 0.0980392157 0.0980392157 0.0980392157
v 55.016944885253906 -49.884296417236328 -5.6692543029785156 0.0980392157 0.0980392157 0.0980392157
v 43.188762664794922 -45.848148345947266 13.960654258728027 0.0980392157 0.0980392157 0.0980392157
v 60.271350860595703 -37.004035949707031 -8.0789604187011719 0.0980392157 0.0980392157 0.0980392157
v 67.046051025390625 -40.506668090820312 23.042938232421875 0.0980392157 0.0980392157 0.0980392157
v -74.8736572265625 -25.461347579956055 -6.068626880645752 0.0980392157 0.0980392157 0.0980392157
v -73.931053161621094 -30.00575065612793 0.22752222418785095 0.0980392157 0.0980392157 0.0980392157
v -67.3516845703125 -35.425018310546875 -6.066502571105957 0.0980392157 0.0980392157 0.0980392157
v -77.450836181640625 -29.978933334350586 -10.182582855224609 0.0980392157 0.0980392157 0.0980392157
v -75.497123718261719 -29.999401092529297 -12.046913146972656 0.0980392157 0.0980392157 0.0980392157
v -76.287673950195312 -27.513856887817383 -11.97702693939209 0.0980392157 0.0980392157 0.0980392157
v -71.316238403320312 -28.283098220825195 -12.120023727416992 0.0980392157 0.0980392157 0.0980392157
v -56.541999816894531 -35.048187255859375 37.185359954833984 0.0980392157 0.0980392157 0.0980392157
v -64.568870544433594 -35.535083770751953 31.160091400146484 0.0980392157 0.0980392157 0.0980392157
v 39.856559753417969 42.155185699462891 -15.025223731994629 0.0980392157 0.0980392157 0.0980392157
v 162.3558349609375 38.329292297363281 -17.554553985595703 0.0980392157 0.0980392157 0.0980392157
v 142.82475280761719 38.471649169921875 5.1162929534912109 0.0980392157 0.0980392157 0.0980392157
v 73.318687438964844 42.291542053222656 17.789663314819336 0.0980392157 0.0980392157 0.0980392157
v 49.04193115234375 47.933135986328125 8.1189460754394531 0.0980392157 0.0980392157 0.0980392157
v 65.043548583984375 47.084815979003906 8.5360202789306641 0.0980392157 0.0980392157 0.0980392157
v 72.513938903808594 22.889638900756836 43.362903594970703 0.0980392157 0.0980392157 0.0980392157
v 83.490371704101562 29.744840621948242 32.947853088378906 0.0980392157 0.0980392157 0.0980392157
v 79.573699951171875 28.521877288818359 36.075668334960938 0.0980392157 0.0980392157 0.0980392157
v -53.833839416503906 41.71368408203125 -10.26861572265625 0.0980392157 0.0980392157 0.0980392157
v 70.019912719726562 21.985517501831055 43.909877777099609 0.0980392157 0.0980392157 0.0980392157
v 67.281082153320312 25.724300384521484 45.023933410644531 0.0980392157 0.0980392157 0.0980392157
v 66.652481079101562 29.110767364501953 40.827091217041016 0.0980392157 0.0980392157 0.0980392157
v 51.001720428466797 48.102809906005859 -12.521971702575684 0.0980392157 0.0980392157 0.0980392157
v 60.223960876464844 49.373569488525391 -11.062429428100586 0.0980392157 0.0980392157 0.0980392157
v 81.279045104980469 48.683132171630859 -24.066532135009766 0.0980392157 0.0980392157 0.0980392157
v 61.971820831298828 50.605930328369141 -21.067958831787109 0.0980392157 0.0980392157 0.0980392157
v -75.919197082519531 28.295921325683594 15.712429046630859 0.0980392157 0.0980392157 0.0980392157
v -67.399208068847656 35.389804840087891 -6.0664091110229492 0.0980392157 0.0980392157 0.0980392157
v -51.6373291015625 31.101902008056641 41.600700378417969 0.0980392157 0.0980392157 0.0980392157
v -47.559555053710938 31.333847045898438 42.309257507324219 0.0980392157 0.0980392157 0.0980392157
v -48.253246307373047 25.690032958984375 48.97784423828125 0.0980392157 0.0980392157 0.0980392157
v -85.503646850585938 -6.2001638412475586 2.3405170440673828 0.0980392157 0.0980392157 0.0980392157
v -48.253246307373047 25.690032958984375 48.97784423828125 0.0980392157 0.0980392157 0.0980392157
v -51.6373291015625 31.101902008056641 41.600700378417969 0.0980392157 0.0980392157 0.0980392157
v -87.145484924316406 11.848414421081543 11.067080497741699 0.0980392157 0.0980392157 0.0980392157
v -79.37774658203125 27.039142608642578 1.8982524871826172 0.0980392157 0.0980392157 0.0980392157
v 165.59788513183594 -36.955490112304688 -7.9987378120422363 0.0980392157 0.0980392157 0.0980392157
v 154.28868103027344 -5.5396814346313477 11.802131652832031 0.0980392157 0.0980392157 0.0980392157
v 185.20266723632812 1.6848431825637817 -7.7983574867248535 0.0980392157 0.0980392157 0.0980392157
v 186.13456726074219 3.1783988475799561 1.4355194568634033 0.0980392157 0.0980392157 0.0980392157
v 133.86093139648438 -40.824756622314453 5.0781583786010742 0.0980392157 0.0980392157 0.0980392157
v 31.445501327514648 -47.319362640380859 -3.1886425018310547 0.0980392157 0.0980392157 0.0980392157
v -53.836986541748047 -41.833057403564453 -10.28781795501709 0.0980392157 0.0980392157 0.0980392157
v 86.375099182128906 -26.173248291015625 31.002925872802734 0.0980392157 0.0980392157 0.0980392157
v 40.688518524169922 -41.005077362060547 23.716268539428711 0.0980392157 0.0980392157 0.0980392157
v 81.285125732421875 -48.681362152099609 -24.06794548034668 0.0980392157 0.0980392157 0.0980392157
v -65.085121154785156 -24.406608581542969 41.863121032714844 0.0980392157 0.0980392157 0.0980392157
v -47.891555786132812 -32.934471130371094 44.834621429443359 0.0980392157 0.0980392157 0.0980392157
v -67.301116943359375 -39.726688385009766 4.8891267776489258 0.0980392157 0.0980392157 0.0980392157
v -51.419990539550781 0.63814032077789307 58.354976654052734 0.0980392157 0.0980392157 0.0980392157
v -48.487907409667969 -2.4210424423217773 59.561618804931641 0.0980392157 0.0980392157 0.0980392157
v -75.111831665039062 -34.032436370849609 5.026151180267334 0.0980392157 0.0980392157 0.0980392157
v -54.954780578613281 -39.604637145996094 27.726049423217773 0.0980392157 0.0980392157 0.0980392157
v 35.126056671142578 48.713497161865234 6.7302160263061523 0.0980392157 0.0980392157 0.0980392157
v -72.051925659179688 27.748069763183594 -8.5668535232543945 0.0980392157 0.0980392157 0.0980392157
v -44.387332916259766 5.6452951431274414 61.147754669189453 0.0980392157 0.0980392157 0.0980392157
v -67.167877197265625 39.993770599365234 8.5824375152587891 0.0980392157 0.0980392157 0.0980392157
v 93.064865112304688 -48.544399261474609 7.1340065002441406 0.0980392157 0.0980392157 0.0980392157
v -64.309425354003906 -38.982398986816406 23.943624496459961 0.0980392157 0.0980392157 0.0980392157
v 61.582386016845703 50.727622985839844 -9.026301383972168 0.0980392157 0.0980392157 0.0980392157
v 57.755329132080078 51.823947906494141 -2.7841460704803467 0.0980392157 0.0980392157 0.0980392157
v 55.0169677734375 49.881092071533203 -5.6692008972167969 0.0980392157 0.0980392157 0.0980392157
v 178.84446716308594 23.141590118408203 -1.6925867795944214 0.0980392157 0.0980392157 0.0980392157
v 165.96464538574219 -8.2684612274169922 -16.6064453125 0.0980392157 0.0980392157 0.0980392157
v 144.30960083007812 29.426219940185547 9.6330013275146484 0.0980392157 0.0980392157 0.0980392157
v 163.81163024902344 29.326944351196289 5.4620327949523926 0.0980392157 0.0980392157 0.0980392157
v 81.052490234375 18.515314102172852 39.356510162353516 0.0980392157 0.0980392157 0.0980392157
v 75.026084899902344 14.066468238830566 46.652610778808594 0.0980392157 0.0980392157 0.0980392157
v 61.327423095703125 33.98016357421875 36.515434265136719 0.0980392157 0.0980392157 0.0980392157
v 81.90167236328125 48.801643371582031 8.4158306121826172 0.0980392157 0.0980392157 0.0980392157
v 87.515373229980469 57.68231201171875 -13.495675086975098 0.0980392157 0.0980392157 0.0980392157
v -38.059906005859375 30.004268646240234 -5.6882648468017578 0.0980392157 0.0980392157 0.0980392157
v 30.450860977172852 45.827884674072266 14.163735389709473 0.0980392157 0.0980392157 0.0980392157
v -54.098014831542969 41.997001647949219 15.609134674072266 0.0980392157 0.0980392157 0.0980392157
v 59.777996063232422 39.616950988769531 34.826969146728516 0.0980392157 0.0980392157 0.0980392157
v -67.675796508789062 21.524599075317383 43.130481719970703 0.0980392157 0.0980392157 0.0980392157
v -46.093124389648438 42.310993194580078 23.855829238891602 0.0980392157 0.0980392157 0.0980392157
v -58.873813629150391 42.741794586181641 -11.244192123413086 0.0980392157 0.0980392157 0.0980392157
v -79.991249084472656 18.542118072509766 38.509086608886719 0.0980392157 0.0980392157 0.0980392157
v -75.068916320800781 33.082241058349609 1.8702614307403564 0.0980392157 0.0980392157 0.0980392157
v -64.77362060546875 27.98603630065918 42.479263305664062 0.0980392157 0.0980392157 0.0980392157
v -57.042182922363281 22.983114242553711 51.154777526855469 0.0980392157 0.0980392157 0.0980392157
v 157.02067565917969 -27.283935546875 -21.608972549438477 0.0980392157 0.0980392157 0.0980392157
v 173.56742858886719 7.749112606048584 7.269536018371582 0.0980392157 0.0980392157 0.0980392157
v 82.098442077636719 4.3035955429077148 39.976356506347656 0.0980392157 0.0980392157 0.0980392157
v 128.72895812988281 4.3579916954040527 22.332359313964844 0.0980392157 0.0980392157 0.0980392157
v 66.441680908203125 -35.556182861328125 39.431934356689453 0.0980392157 0.0980392157 0.0980392157
v 74.68695068359375 -15.359487533569336 46.682369232177734 0.0980392157 0.0980392157 0.0980392157
v 39.526374816894531 -29.99462890625 -3.1896615028381348 0.0980392157 0.0980392157 0.0980392157
v -54.109115600585938 -41.99530029296875 15.537876129150391 0.0980392157 0.0980392157 0.0980392157
v 48.000411987304688 -49.450531005859375 11.259081840515137 0.0980392157 0.0980392157 0.0980392157
v 80.433219909667969 -37.002414703369141 -23.948925018310547 0.0980392157 0.0980392157 0.0980392157
v 39.526374816894531 -29.99462890625 -3.1896615028381348 0.0980392157 0.0980392157 0.0980392157
v 47.098678588867188 -32.891872406005859 -5.8473739624023438 0.0980392157 0.0980392157 0.0980392157
v -41.722805023193359 -43.685066223144531 -3.1884276866912842 0.0980392157 0.0980392157 0.0980392157
v 52.296001434326172 -40.613037109375 28.158090591430664 0.0980392157 0.0980392157 0.0980392157
v 57.527805328369141 -41.16876220703125 31.84276008605957 0.0980392157 0.0980392157 0.0980392157
v -56.687652587890625 -27.433757781982422 40.656684875488281 0.0980392157 0.0980392157 0.0980392157
v -35.780742645263672 -36.474132537841797 31.423418045043945 0.0980392157 0.0980392157 0.0980392157
v -77.578857421875 -17.409124374389648 38.387866973876953 0.0980392157 0.0980392157 0.0980392157
v 29.6864013671875 -49.208240509033203 -4.7477383613586426 0.0980392157 0.0980392157 0.0980392157
v -48.25762939453125 -27.152462005615234 47.603927612304688 0.0980392157 0.0980392157 0.0980392157
v -77.450836181640625 -29.978933334350586 -10.182582855224609 0.0980392157 0.0980392157 0.0980392157
v -75.116500854492188 -30.007049560546875 -5.4063892364501953 0.0980392157 0.0980392157 0.0980392157
v -78.282180786132812 -23.762100219726562 -5.2051186561584473 0.0980392157 0.0980392157 0.0980392157
v -54.098014831542969 41.997001647949219 15.609134674072266 0.0980392157 0.0980392157 0.0980392157
v 109.39543151855469 43.300582885742188 11.092494010925293 0.0980392157 0.0980392157 0.0980392157
v -48.677825927734375 0.4123498797416687 62.120555877685547 0.0980392157 0.0980392157 0.0980392157
v 86.381401062011719 55.095287322998047 -13.422629356384277 0.0980392157 0.0980392157 0.0980392157
v 155.03315734863281 29.827192306518555 -22.013134002685547 0.0980392157 0.0980392157 0.0980392157
v 173.17581176757812 -23.002120971679688 -4.9892992973327637 0.0980392157 0.0980392157 0.0980392157
v 54.953907012939453 43.914211273193359 -5.7305207252502441 0.0980392157 0.0980392157 0.0980392157
v 59.647487640380859 -40.828426361083984 2.848851203918457 0.0980392157 0.0980392157 0.0980392157
v 52.414108276367188 49.72418212890625 -4.5102567672729492 0.0980392157 0.0980392157 0.0980392157
v 150.51263427734375 -0.043656282126903534 15.618599891662598 0.0980392157 0.0980392157 0.0980392157
v 160.44923400878906 42.942886352539062 -11.441577911376953 0.0980392157 0.0980392157 0.0980392157
v 86.381401062011719 55.095287322998047 -13.422629356384277 0.0980392157 0.0980392157 0.0980392157
v 57.440437316894531 43.914211273193359 0.5226016640663147 0.0980392157 0.0980392157 0.0980392157
v 60.275238037109375 37.004539489746094 -8.0825939178466797 0.0980392157 0.0980392157 0.0980392157
v -59.159999847412109 39.910926818847656 -6.0673575401306152 0.0980392157 0.0980392157 0.0980392157
v 59.777996063232422 39.616950988769531 34.826969146728516 0.0980392157 0.0980392157 0.0980392157
v 67.867568969726562 50.431838989257812 -18.008174896240234 0.0980392157 0.0980392157 0.0980392157
v 59.777996063232422 39.616950988769531 34.826969146728516 0.0980392157 0.0980392157 0.0980392157
v -62.426483154296875 38.058334350585938 21.255283355712891 0.0980392157 0.0980392157 0.0980392157
v -39.299922943115234 40.940692901611328 28.772199630737305 0.0980392157 0.0980392157 0.0980392157
v 35.159870147705078 49.393093109130859 12.148553848266602 0.0980392157 0.0980392157 0.0980392157
v 59.938968658447266 54.840320587158203 -3.9305393695831299 0.0980392157 0.0980392157 0.0980392157
v -36.388202667236328 39.429950714111328 26.225481033325195 0.0980392157 0.0980392157 0.0980392157
v -35.840564727783203 36.552173614501953 31.471059799194336 0.0980392157 0.0980392157 0.0980392157
v -86.892333984375 -29.999320983886719 -16.964956283569336 0.0980392157 0.0980392157 0.0980392157
v -90.509963989257812 29.999748229980469 -19.128259658813477 0.0980392157 0.0980392157 0.0980392157
v -55.652309417724609 -5.0903725624084473 56.431781768798828 0.0980392157 0.0980392157 0.0980392157
v -63.806133270263672 34.752891540527344 33.302169799804688 0.0980392157 0.0980392157 0.0980392157
v -63.806133270263672 34.752891540527344 33.302169799804688 0.0980392157 0.0980392157 0.0980392157
v 91.4969482421875 -0.11707604676485062 32.786674499511719 0.0980392157 0.0980392157 0.0980392157
v 72.341545104980469 -23.285728454589844 43.250282287597656 0.0980392157 0.0980392157 0.0980392157
v 150.51263427734375 -0.043656282126903534 15.618599891662598 0.0980392157 0.0980392157 0.0980392157
v 152.57818603515625 -0.082047045230865479 14.98866081237793 0.0980392157 0.0980392157 0.0980392157
v 78.055999755859375 -51.223827362060547 -20.736698150634766 0.0980392157 0.0980392157 0.0980392157
v 61.461116790771484 -40.827972412109375 1.1281243562698364 0.0980392157 0.0980392157 0.0980392157
v 81.4364013671875 -18.803857803344727 35.295867919921875 0.0980392157 0.0980392157 0.0980392157
v 62.413143157958984 -32.275428771972656 40.792697906494141 0.0980392157 0.0980392157 0.0980392157
v 149.05513000488281 -13.685798645019531 12.929912567138672 0.0980392157 0.0980392157 0.0980392157
v 162.76951599121094 -31.391159057617188 7.3991870880126953 0.0980392157 0.0980392157 0.0980392157
v 70.398727416992188 -51.363212585449219 -16.873973846435547 0.0980392157 0.0980392157 0.0980392157
v -59.1185302734375 -39.926170349121094 -6.0673503875732422 0.0980392157 0.0980392157 0.0980392157
v 66.441680908203125 -35.556182861328125 39.431934356689453 0.0980392157 0.0980392157 0.0980392157
v 64.041557312011719 -41.345054626464844 27.662750244140625 0.0980392157 0.0980392157 0.0980392157
v 96.589569091796875 -57.229393005371094 -14.40044116973877 0.0980392157 0.0980392157 0.0980392157
v 24.771434783935547 -46.754665374755859 18.570051193237305 0.0980392157 0.0980392157 0.0980392157
v -55.067050933837891 -36.614048004150391 24.305570602416992 0.0980392157 0.0980392157 0.0980392157
v -62.853782653808594 -34.649578094482422 28.353179931640625 0.0980392157 0.0980392157 0.0980392157
v -43.377830505371094 -37.796726226806641 29.459922790527344 0.0980392157 0.0980392157 0.0980392157
v -58.399551391601562 -3.2336220741271973 55.237686157226562 0.0980392157 0.0980392157 0.0980392157
v -35.780742645263672 -36.474132537841797 31.423418045043945 0.0980392157 0.0980392157 0.0980392157
v -77.307586669921875 3.7004151344299316 48.952529907226562 0.0980392157 0.0980392157 0.0980392157
v -47.891555786132812 -32.934471130371094 44.834621429443359 0.0980392157 0.0980392157 0.0980392157
v 186.13456726074219 3.1783988475799561 1.4355194568634033 0.0980392157 0.0980392157 0.0980392157
v 66.822113037109375 -47.738025665283203 6.7787418365478516 0.0980392157 0.0980392157 0.0980392157
v -56.882484436035156 -1.0506124496459961 58.811798095703125 0.0980392157 0.0980392157 0.0980392157
v 80.303520202636719 8.0097856521606445 38.168384552001953 0.0980392157 0.0980392157 0.0980392157
v -58.722301483154297 -43.285209655761719 17.011194229125977 0.0980392157 0.0980392157 0.0980392157
v -51.000576019287109 -43.8150634765625 -6.0440120697021484 0 0 0
v -52.76531982421875 -43.874916076660156 -5.9287071228027344 0 0 0
v -42.861366271972656 -45.596462249755859 -6.3634257316589355 0 0 0
v -36.965301513671875 -45.923412322998047 -6.5003623962402344 0 0 0
v -44.441043853759766 -44.60211181640625 -6.3791589736938477 0 0 0
v -44.441043853759766 -44.60211181640625 -6.3791589736938477 0 0 0
v -36.965301513671875 -45.923412322998047 -6.5003623962402344 0 0 0
v -32.893886566162109 -45.752849578857422 -6.6918597221374512 0 0 0
v -15.568404197692871 -46.297557830810547 -7.3061985969543457 0 0 0
v -23.717668533325195 -46.801876068115234 -6.917121410369873 0 0 0
v 1.7354146242141724 -46.775714874267578 -8.2005214691162109 0 0 0
v 5.2832150459289551 -45.954387664794922 -8.3655519485473633 0 0 0
v -8.5613260269165039 -46.919445037841797 -7.594423770904541 0 0 0
v -59.405197143554688 -41.603111267089844 -5.5423550605773926 0 0 0
v -67.777099609375 -37.782028198242188 -4.9264359474182129 0 0 0
v -63.558437347412109 -40.258644104003906 -5.3137154579162598 0 0 0
v -59.878501892089844 -41.827682495117188 -5.563148021697998 0 0 0
v -52.76531982421875 -43.874916076660156 -5.9287071228027344 0 0 0
v -51.000576019287109 -43.8150634765625 -6.0440120697021484 0 0 0
v -62.191658020019531 -40.034633636474609 -5.6241378784179688 0 0 0
v -66.959709167480469 -37.604080200195312 -5.2619285583496094 0 0 0
v -71.766242980957031 -34.688713073730469 -4.6137809753417969 0 0 0
v -67.777099609375 -37.782028198242188 -4.9264359474182129 0 0 0
v -66.959709167480469 -37.604080200195312 -5.2619285583496094 0 0 0
v -70.522796630859375 -34.974632263183594 -4.9794669151306152 0 0 0
v -74.576026916503906 -30.928657531738281 -4.6489777565002441 0 0 0
v -71.766242980957031 -34.688713073730469 -4.6137809753417969 0 0 0
v -74.576026916503906 -30.928657531738281 -4.6489777565002441 0 0 0
v -78.431793212890625 -24.632053375244141 -4.1146502494812012 0 0 0
v -76.992218017578125 -28.19459342956543 -4.313805103302002 0 0 0
v -75.03729248046875 -31.080648422241211 -4.438382625579834 0 0 0
v -71.766242980957031 -34.688713073730469 -4.6137809753417969 0 0 0
v 152.03355407714844 -45.157909393310547 -19.061601638793945 0 0 0
v 158.85185241699219 -42.524761199951172 -17.288690567016602 0 0 0
v 158.04644775390625 -42.394496917724609 -17.783224105834961 0 0 0
v 152.37335205078125 -45.756366729736328 -18.925384521484375 0 0 0
v 163.89356994628906 -39.115089416503906 -15.846508979797363 0 0 0
v 100.79270172119141 -53.703338623046875 -20.107355117797852 0 0 0
v 109.37570190429688 -53.524024963378906 -20.291770935058594 0 0 0
v 114.24083709716797 -52.422573089599609 -20.36505126953125 0 0 0
v 137.75987243652344 -49.244106292724609 -20.443918228149414 0 0 0
v 124.98128509521484 -51.139091491699219 -20.485013961791992 0 0 0
v 123.85048675537109 -51.90960693359375 -20.428045272827148 0 0 0
v 86.333831787109375 -55.230869293212891 -19.799795150756836 0 0 0
v 99.166831970214844 -54.424571990966797 -20.125299453735352 0 0 0
v 85.865913391113281 -54.637805938720703 -19.699153900146484 0 0 0
v 139.31080627441406 -49.52593994140625 -20.294069290161133 0 0 0
v 146.05177307128906 -47.838752746582031 -19.830949783325195 0 0 0
v 145.95880126953125 -47.277774810791016 -19.958293914794922 0 0 0
v 152.37335205078125 -45.756366729736328 -18.925384521484375 0 0 0
v 152.03355407714844 -45.157909393310547 -19.061601638793945 0 0 0
v 41.502006530761719 -45.737419128417969 -11.083465576171875 0 0 0
v 36.047039031982422 -45.225170135498047 -10.12846565246582 0 0 0
v 35.600997924804688 -45.789100646972656 -10.31033992767334 0 0 0
v 50.469127655029297 -48.307991027832031 -13.37957763671875 0 0 0
v 61.183334350585938 -51.219253540039062 -16.517057418823242 0 0 0
v 52.9620361328125 -48.434566497802734 -14.07017707824707 0 0 0
v 185.11505126953125 -4.4275145530700684 -6.958643913269043 0 0 0
v 184.22052001953125 -12.620121955871582 -7.4504861831665039 0 0 0
v 185.00242614746094 -10.278209686279297 -6.8695831298828125 0 0 0
v 185.40890502929688 8.0751981735229492 -6.6751742362976074 0 0 0
v 185.15377807617188 4.0331659317016602 -6.9359011650085449 0 0 0
v 52.9620361328125 -48.434566497802734 -14.07017707824707 0 0 0
v 41.502006530761719 -45.737419128417969 -11.083465576171875 0 0 0
v 43.599334716796875 -46.648319244384766 -11.644486427307129 0 0 0
v 23.172229766845703 -45.446323394775391 -9.1678867340087891 0 0 0
v 1.7354146242141724 -46.775714874267578 -8.2005214691162109 0 0 0
v 26.076269149780273 -45.821033477783203 -9.4127092361450195 0 0 0
v 15.86794376373291 -45.666301727294922 -8.9044370651245117 0 0 0
v 36.047039031982422 -45.225170135498047 -10.12846565246582 0 0 0
v 31.631683349609375 -44.923969268798828 -9.7922706604003906 0 0 0
v 61.183334350585938 -51.219253540039062 -16.517057418823242 0 0 0
v 67.878868103027344 -53.398651123046875 -18.018831253051758 0 0 0
v 67.086723327636719 -52.828163146972656 -18.040966033935547 0 0 0
v 72.74462890625 -53.91204833984375 -18.886110305786133 0 0 0
v 67.026824951171875 -53.694431304931641 -17.96728515625 0 0 0
v 76.28521728515625 -54.973945617675781 -19.104589462280273 0 0 0
v 180.00331115722656 -24.097301483154297 -9.5699462890625 0 0 0
v 177.69187927246094 -27.665060043334961 -10.635286331176758 0 0 0
v 179.05189514160156 -26.639400482177734 -9.8161430358886719 0 0 0
v 173.05070495605469 -32.771282196044922 -12.220449447631836 0 0 0
v 182.7308349609375 -18.771240234375 -7.9467077255249023 0 0 0
v 167.60362243652344 -36.989498138427734 -14.284788131713867 0 0 0
v 173.05070495605469 -32.771282196044922 -12.220449447631836 0 0 0
v 171.86085510253906 -31.546554565429688 -17.067272186279297 0 0 0
v 175.4373779296875 -27.924444198608398 -15.820810317993164 0 0 0
v 179.0777587890625 -22.782041549682617 -14.506101608276367 0 0 0
v 177.69187927246094 -27.665060043334961 -10.635286331176758 0 0 0
v 182.37481689453125 -13.703519821166992 -13.355825424194336 0 0 0
v 184.22052001953125 -12.620121955871582 -7.4504861831665039 0 0 0
v 183.40695190429688 -7.8459668159484863 -13.053145408630371 0 0 0
v 180.00331115722656 -24.097301483154297 -9.5699462890625 0 0 0
v 182.7308349609375 -18.771240234375 -7.9467077255249023 0 0 0
v 185.11505126953125 -4.4275145530700684 -6.958643913269043 0 0 0
v 158.04644775390625 -42.394496917724609 -17.783224105834961 0 0 0
v 161.50077819824219 -39.014423370361328 -20.351552963256836 0 0 0
v 154.77809143066406 -42.702804565429688 -22.021408081054688 0 0 0
v 152.03355407714844 -45.157909393310547 -19.061601638793945 0 0 0
v 182.42257690429688 -24.314311981201172 -22.492650985717773 0 0 0
v 179.8365478515625 -28.153890609741211 -23.614770889282227 0 0 0
v 179.16897583007812 -28.022586822509766 -24.447341918945312 0 0 0
v 175.1787109375 -31.601528167724609 -26.620664596557617 0 0 0
v 146.75556945800781 -51.554901123046875 -22.508518218994141 0 0 0
v 136.08296203613281 -53.675544738769531 -23.593799591064453 0 0 0
v 141.98934936523438 -52.5194091796875 -23.533683776855469 0 0 0
v 161.52128601074219 -46.089153289794922 -19.286670684814453 0 0 0
v 154.20658874511719 -49.096027374267578 -20.860080718994141 0 0 0
v 156.22554016113281 -48.441925048828125 -21.302339553833008 0 0 0
v 151.21640014648438 -50.217231750488281 -22.185562133789062 0 0 0
v 133.85395812988281 -53.703517913818359 -22.670852661132812 0 0 0
v 168.86041259765625 -41.7117919921875 -16.421236038208008 0 0 0
v 158.44990539550781 -47.041229248046875 -19.269472122192383 0 0 0
v 149.61508178710938 -50.147136688232422 -21.177597045898438 0 0 0
v 143.47917175292969 -51.723670959472656 -21.949094772338867 0 0 0
v 185.39370727539062 -18.874307632446289 -20.496185302734375 0 0 0
v 187.82502746582031 -8.476414680480957 -18.657651901245117 0 0 0
v 187.34812927246094 -13.735224723815918 -18.676361083984375 0 0 0
v 188.59109497070312 2.1818537712097168 -17.679609298706055 0 0 0
v 188.27020263671875 -7.2194204330444336 -17.861360549926758 0 0 0
v 66.591476440429688 -51.2652587890625 -33.325233459472656 0 0 0
v 76.6446533203125 -52.201534271240234 -33.831150054931641 0 0 0
v 68.156478881835938 -52.352096557617188 -32.880008697509766 0 0 0
v 57.013168334960938 -49.160701751708984 -32.241680145263672 0 0 0
v 60.677978515625 -50.986923217773438 -32.145378112792969 0 0 0
v -8.9695148468017578 -45.825538635253906 -31.773159027099609 0 0 0
v -13.703547477722168 -46.284416198730469 -32.626850128173828 0 0 0
v -7.7535586357116699 -44.712882995605469 -32.374069213867188 0 0 0
v -13.042915344238281 -45.300769805908203 -33.144798278808594 0 0 0
v 108.45499420166016 -52.976703643798828 -33.732257843017578 0 0 0
v 129.14244079589844 -51.197856903076172 -33.363887786865234 0 0 0
v 120.26744079589844 -52.288352966308594 -33.226222991943359 0 0 0
v 92.787811279296875 -53.342823028564453 -33.805271148681641 0 0 0
v 97.627403259277344 -53.482162475585938 -33.484443664550781 0 0 0
v 116.01313018798828 -51.623126983642578 -34.147064208984375 0 0 0
v 127.79736328125 -50.492874145507812 -33.874465942382812 0 0 0
v 103.28003692626953 -52.285320281982422 -34.260597229003906 0 0 0
v 88.655281066894531 -52.481853485107422 -34.131290435791016 0 0 0
v 84.97613525390625 -53.341938018798828 -33.589977264404297 0 0 0
v 137.69828796386719 -50.031810760498047 -33.028236389160156 0 0 0
v 138.54716491699219 -48.858707427978516 -33.472602844238281 0 0 0
v 118.68699645996094 -55.925563812255859 -23.225862503051758 0 0 0
v 94.137123107910156 -58.002384185791016 -24.014535903930664 0 0 0
v 108.67103576660156 -56.939559936523438 -24.33183479309082 0 0 0
v 102.09915161132812 -57.178794860839844 -23.076206207275391 0 0 0
v 93.332633972167969 -57.712684631347656 -23.012639999389648 0 0 0
v 133.85395812988281 -53.703517913818359 -22.670852661132812 0 0 0
v 136.08296203613281 -53.675544738769531 -23.593799591064453 0 0 0
v 67.632034301757812 -47.3939208984375 -36.237228393554688 0 0 0
v 61.142543792724609 -46.038223266601562 -35.493328094482422 0 0 0
v 64.579254150390625 -46.266380310058594 -36.568500518798828 0 0 0
v 75.5240478515625 -48.191707611083984 -36.717811584472656 0 0 0
v 70.003021240234375 -47.120342254638672 -37.034542083740234 0 0 0
v 48.930076599121094 -45.881103515625 -30.483041763305664 0 0 0
v 57.013168334960938 -49.160701751708984 -32.241680145263672 0 0 0
v 49.735805511474609 -47.345645904541016 -30.236442565917969 0 0 0
v 159.82766723632812 -43.879981994628906 -29.325168609619141 0 0 0
v 165.207275390625 -42.525356292724609 -26.456905364990234 0 0 0
v 158.94160461425781 -45.068027496337891 -28.85112190246582 0 0 0
v 152.88664245605469 -45.96038818359375 -31.470659255981445 0 0 0
v 153.890625 -46.655437469482422 -30.671880722045898 0 0 0
v 178.7432861328125 -32.017589569091797 -11.411444664001465 0 0 0
v 173.99530029296875 -37.746608734130859 -14.278439521789551 0 0 0
v 177.20149230957031 -34.774818420410156 -13.249112129211426 0 0 0
v 174.85285949707031 -35.856563568115234 -13.010154724121094 0 0 0
v 169.03306579589844 -40.850070953369141 -15.448727607727051 0 0 0
v 183.42910766601562 -24.167079925537109 -9.0329980850219727 0 0 0
v 183.4954833984375 -26.142618179321289 -9.9153270721435547 0 0 0
v 17.228733062744141 -48.497726440429688 -14.997983932495117 0 0 0
v 9.0144891738891602 -48.843734741210938 -16.821559906005859 0 0 0
v 19.702667236328125 -48.094776153564453 -15.404672622680664 0 0 0
v 30.624910354614258 -48.100780487060547 -14.05046272277832 0 0 0
v 26.475570678710938 -47.923458099365234 -14.832086563110352 0 0 0
v 31.052001953125 -47.708934783935547 -15.225918769836426 0 0 0
v 24.924188613891602 -48.043342590332031 -13.43095588684082 0 0 0
v 9.665226936340332 -49.164012908935547 -15.131105422973633 0 0 0
v 32.929641723632812 -47.983665466308594 -13.380105018615723 0 0 0
v 38.90753173828125 -48.637519836425781 -14.242854118347168 0 0 0
v 182.47291564941406 -30.304670333862305 -17.550752639770508 0 0 0
v 182.77986145019531 -29.097146987915039 -18.305570602416992 0 0 0
v 184.38829040527344 -27.704126358032227 -16.327930450439453 0 0 0
v 177.98428344726562 -34.021053314208984 -20.998809814453125 0 0 0
v 179.66810607910156 -33.3240966796875 -19.380538940429688 0 0 0
v 187.20111083984375 -22.600948333740234 -14.322026252746582 0 0 0
v 186.1787109375 -24.091911315917969 -16.071739196777344 0 0 0
v 9.665226936340332 -49.164012908935547 -15.131105422973633 0 0 0
v 1.7288379669189453 -49.990024566650391 -16.038276672363281 0 0 0
v 1.731690526008606 -49.931697845458984 -17.202384948730469 0 0 0
v 1.3602801561355591 -49.121837615966797 -19.027605056762695 0 0 0
v 9.0144891738891602 -48.843734741210938 -16.821559906005859 0 0 0
v 17.228733062744141 -48.497726440429688 -14.997983932495117 0 0 0
v -97.465843200683594 -25.997291564941406 -28.187082290649414 0 0 0
v -99.580909729003906 -22.691047668457031 -26.210613250732422 0 0 0
v -97.277168273925781 18.591415405273438 -28.356063842773438 0 0 0
v -102.700439453125 -9.8787612915039062 -22.539329528808594 0 0 0
v -103.12082672119141 4.6150169372558594 -21.547464370727539 0 0 0
v -102.4664306640625 11.474762916564941 -22.809902191162109 0 0 0
v -100.98377990722656 18.241298675537109 -24.715276718139648 0 0 0
v -100.92459106445312 -18.41156005859375 -24.770313262939453 0 0 0
v 70.475257873535156 -57.401100158691406 -22.16986083984375 0 0 0
v 63.672554016113281 -55.919116973876953 -20.979095458984375 0 0 0
v 64.809921264648438 -56.391242980957031 -22.379142761230469 0 0 0
v 50.94757080078125 -51.397720336914062 -17.064870834350586 0 0 0
v 59.189422607421875 -54.783561706542969 -20.832498550415039 0 0 0
v 28.892332077026367 -34.271648406982422 -27.96312141418457 0 0 0
v 23.184894561767578 -33.444122314453125 -27.486928939819336 0 0 0
v 25.615304946899414 -33.608554840087891 -27.603277206420898 0 0 0
v 21.884981155395508 -33.889591217041016 -26.842502593994141 0 0 0
v 20.680187225341797 -33.060977935791016 -27.544805526733398 0 0 0
v 28.135738372802734 -34.908306121826172 -27.33131217956543 0 0 0
v 39.325050354003906 -38.098217010498047 -29.902683258056641 0 0 0
v 32.545692443847656 -35.995658874511719 -28.032649993896484 0 0 0
v 32.995777130126953 -35.531471252441406 -28.773609161376953 0 0 0
v 171.31080627441406 -34.625179290771484 -27.956977844238281 0 0 0
v 166.64524841308594 -37.068313598632812 -30.005641937255859 0 0 0
v 169.25445556640625 -35.213214874267578 -29.489601135253906 0 0 0
v 59.965610504150391 -45.186134338378906 -35.941226959228516 0 0 0
v 51.847805023193359 -42.482685089111328 -34.217384338378906 0 0 0
v 55.765949249267578 -43.594867706298828 -35.144248962402344 0 0 0
v 39.325050354003906 -38.098217010498047 -29.902683258056641 0 0 0
v 47.314041137695312 -40.737686157226562 -32.951488494873047 0 0 0
v 54.237583160400391 -43.976062774658203 -34.162242889404297 0 0 0
v 64.579254150390625 -46.266380310058594 -36.568500518798828 0 0 0
v 61.142543792724609 -46.038223266601562 -35.493328094482422 0 0 0
v 125.89520263671875 -46.274192810058594 -37.430503845214844 0 0 0
v 106.22032165527344 -47.767242431640625 -37.754291534423828 0 0 0
v 118.08689117431641 -46.740154266357422 -37.616241455078125 0 0 0
v 85.177276611328125 -48.569175720214844 -37.008541107177734 0 0 0
v 75.5240478515625 -48.191707611083984 -36.717811584472656 0 0 0
v 80.106224060058594 -47.758518218994141 -37.444618225097656 0 0 0
v 98.549964904785156 -48.635566711425781 -37.13720703125 0 0 0
v 93.084030151367188 -48.047569274902344 -37.710445404052734 0 0 0
v 115.59182739257812 -47.79180908203125 -37.057609558105469 0 0 0
v 134.95364379882812 -45.692031860351562 -36.592071533203125 0 0 0
v 8.9653053283691406 -38.65545654296875 -26.161935806274414 0 0 0
v 15.307041168212891 -38.452312469482422 -24.313304901123047 0 0 0
v 9.4187116622924805 -39.595794677734375 -25.697883605957031 0 0 0
v 2.2939913272857666 -41.761970520019531 -28.612518310546875 0 0 0
v -2.6307973861694336 -50.401046752929688 -18.043107986450195 0 0 0
v 1.7200901508331299 -50.113948822021484 -16.274288177490234 0 0 0
v -8.5915794372558594 -51.074146270751953 -18.507560729980469 0 0 0
v 137.82666015625 -44.734573364257812 -36.964195251464844 0 0 0
v 146.63972473144531 -43.106655120849609 -36.216804504394531 0 0 0
v 134.95364379882812 -45.692031860351562 -36.592071533203125 0 0 0
v 146.32780456542969 -47.722831726074219 -32.732791900634766 0 0 0
v 148.31343078613281 -48.044174194335938 -31.856578826904297 0 0 0
v 142.89976501464844 -49.2822265625 -32.373355865478516 0 0 0
v 152.88664245605469 -45.96038818359375 -31.470659255981445 0 0 0
v -102.51235961914062 -0.64184999465942383 -17.136667251586914 0 0 0
v -101.08302307128906 -8.4247961044311523 -12.966885566711426 0 0 0
v -100.89994049072266 -1.9023247957229614 -11.992961883544922 0 0 0
v -98.458732604980469 -19.533237457275391 -9.3960952758789062 0 0 0
v -99.201950073242188 -14.277861595153809 -9.1082181930541992 0 0 0
v -100.54719543457031 -15.200384140014648 -13.500147819519043 0 0 0
v -102.24368286132812 -10.549762725830078 -17.67194938659668 0 0 0
v -99.604827880859375 -20.457183837890625 -14.080071449279785 0 0 0
v -101.55926513671875 -16.429487228393555 -18.528820037841797 0 0 0
v -94.964729309082031 -32.196704864501953 -18.000293731689453 0 0 0
v -97.698951721191406 -27.702278137207031 -18.174758911132812 0 0 0
v -96.37103271484375 -31.329071044921875 -24.784004211425781 0 0 0
v -99.278236389160156 -8.4927692413330078 -8.2750873565673828 0 0 0
v -99.411689758300781 9.0522918701171875 -8.5176239013671875 0 0 0
v -96.879112243652344 -26.129011154174805 -10.859488487243652 0 0 0
v -94.361557006835938 -31.673162460327148 -12.497119903564453 0 0 0
v 42.991291046142578 -49.413227081298828 -15.087636947631836 0 0 0
v 37.316566467285156 -48.558650970458984 -15.070339202880859 0 0 0
v 41.511447906494141 -49.136341094970703 -16.082244873046875 0 0 0
v 45.431407928466797 -50.067108154296875 -16.864742279052734 0 0 0
v 46.2623291015625 -47.977123260498047 -23.449880599975586 0 0 0
v 50.729579925537109 -51.728839874267578 -18.242170333862305 0 0 0
v 39.779117584228516 -43.403327941894531 -26.964433670043945 0 0 0
v 34.854843139648438 -40.741539001464844 -26.062412261962891 0 0 0
v 49.735805511474609 -47.345645904541016 -30.236442565917969 0 0 0
v 34.060478210449219 -41.486339569091797 -25.204061508178711 0 0 0
v 48.930076599121094 -45.881103515625 -30.483041763305664 0 0 0
v 79.615989685058594 -58.184070587158203 -22.855113983154297 0 0 0
v 70.475257873535156 -57.401100158691406 -22.16986083984375 0 0 0
v 71.997848510742188 -57.676910400390625 -23.453634262084961 0 0 0
v 186.38800048828125 -17.220409393310547 -7.719202995300293 0 0 0
v 183.4954833984375 -26.142618179321289 -9.9153270721435547 0 0 0
v 186.28007507324219 -20.230916976928711 -9.0837917327880859 0 0 0
v 187.68882751464844 -9.5385408401489258 -6.8979544639587402 0 0 0
v 188.36798095703125 -10.657656669616699 -7.6102838516235352 0 0 0
v 189.0389404296875 -5.4844145774841309 -7.4720659255981445 0 0 0
v 189.00749206542969 2.6970860958099365 -7.1419534683227539 0 0 0
v 188.10035705566406 -1.4973077774047852 -6.5402703285217285 0 0 0
v 183.42910766601562 -24.167079925537109 -9.0329980850219727 0 0 0
v 158.71731567382812 -39.62896728515625 -33.658336639404297 0 0 0
v 152.13961791992188 -41.788745880126953 -35.339969635009766 0 0 0
v 154.813720703125 -40.60003662109375 -34.748825073242188 0 0 0
v 159.63351440429688 -39.946846008300781 -32.809883117675781 0 0 0
v 152.55357360839844 -42.218063354492188 -34.569110870361328 0 0 0
v -7.7535586357116699 -44.712882995605469 -32.374069213867188 0 0 0
v -2.4418754577636719 -42.745037078857422 -30.955532073974609 0 0 0
v -4.7317633628845215 -44.682094573974609 -31.045232772827148 0 0 0
v 183.07830810546875 -24.076131820678711 -21.652494430541992 0 0 0
v 182.42257690429688 -24.314311981201172 -22.492650985717773 0 0 0
v 185.39370727539062 -18.874307632446289 -20.496185302734375 0 0 0
v 34.060478210449219 -41.486339569091797 -25.204061508178711 0 0 0
v 39.779117584228516 -43.403327941894531 -26.964433670043945 0 0 0
v 35.931118011474609 -43.822116851806641 -22.355754852294922 0 0 0
v 41.511447906494141 -49.136341094970703 -16.082244873046875 0 0 0
v 34.846050262451172 -45.272285461425781 -19.277158737182617 0 0 0
v 37.316566467285156 -48.558650970458984 -15.070339202880859 0 0 0
v 31.124095916748047 -44.145885467529297 -19.553577423095703 0 0 0
v 31.052001953125 -47.708934783935547 -15.225918769836426 0 0 0
v 25.590816497802734 -42.370132446289062 -20.59760856628418 0 0 0
v 26.475570678710938 -47.923458099365234 -14.832086563110352 0 0 0
v 24.52784538269043 -45.538360595703125 -17.410806655883789 0 0 0
v 22.076339721679688 -42.189445495605469 -20.683876037597656 0 0 0
v 18.51579475402832 -46.082889556884766 -17.711380004882812 0 0 0
v 15.253759384155273 -44.242542266845703 -20.169963836669922 0 0 0
v 18.466846466064453 -42.297565460205078 -21.016603469848633 0 0 0
v 19.702667236328125 -48.094776153564453 -15.404672622680664 0 0 0
v 9.0144891738891602 -48.843734741210938 -16.821559906005859 0 0 0
v 11.003970146179199 -47.129611968994141 -18.502822875976562 0 0 0
v 12.746601104736328 -41.545383453369141 -23.051843643188477 0 0 0
v 10.630145072937012 -44.227771759033203 -21.731863021850586 0 0 0
v 6.1675810813903809 -42.873710632324219 -24.964578628540039 0 0 0
v 5.2557263374328613 -45.121959686279297 -23.115310668945312 0 0 0
v 15.307041168212891 -38.452312469482422 -24.313304901123047 0 0 0
v 9.4187116622924805 -39.595794677734375 -25.697883605957031 0 0 0
v 2.2939913272857666 -41.761970520019531 -28.612518310546875 0 0 0
v -11.335733413696289 -40.664901733398438 -36.441204071044922 0 0 0
v -8.6263866424560547 -39.999637603759766 -36.038791656494141 0 0 0
v -6.5458841323852539 -39.927986145019531 -35.598934173583984 0 0 0
v -11.358369827270508 -41.337406158447266 -35.912944793701172 0 0 0
v -17.862287521362305 -41.572673797607422 -36.287517547607422 0 0 0
v -15.196293830871582 -40.869369506835938 -36.722831726074219 0 0 0
v -84.764411926269531 -41.478233337402344 -21.598552703857422 0 0 0
v -85.892494201660156 -39.995223999023438 -29.962335586547852 0 0 0
v -81.067108154296875 -43.888580322265625 -17.183300018310547 0 0 0
v -93.087394714355469 -35.170738220214844 -27.133581161499023 0 0 0
v -88.760902404785156 -38.836414337158203 -22.701030731201172 0 0 0
v -93.900032043457031 -34.079544067382812 -21.934656143188477 0 0 0
v -91.17144775390625 -36.66943359375 -18.789205551147461 0 0 0
v -94.964729309082031 -32.196704864501953 -18.000293731689453 0 0 0
v -71.94476318359375 -44.291175842285156 -31.645740509033203 0 0 0
v -68.042266845703125 -45.835590362548828 -28.147785186767578 0 0 0
v -74.125564575195312 -45.449974060058594 -24.195468902587891 0 0 0
v -78.318283081054688 -45.154586791992188 -17.507646560668945 0 0 0
v -81.582183837890625 -41.736423492431641 -31.123327255249023 0 0 0
v -63.066280364990234 -49.200965881347656 -18.545581817626953 0 0 0
v -69.573989868164062 -47.902694702148438 -18.39579963684082 0 0 0
v -64.608192443847656 -46.565212249755859 -27.364934921264648 0 0 0
v -85.924980163574219 -41.003181457519531 -16.258983612060547 0 0 0
v -66.928024291992188 -44.833019256591797 -32.480583190917969 0 0 0
v -77.344825744628906 -44.167633056640625 -25.777502059936523 0 0 0
v -96.37103271484375 -31.329071044921875 -24.784004211425781 0 0 0
v -90.122055053710938 -37.526866912841797 -28.722269058227539 0 0 0
v 181.85791015625 25.027914047241211 -22.842397689819336 0 0 0
v 179.16897583007812 -28.022586822509766 -24.447341918945312 0 0 0
v 179.06980895996094 28.428461074829102 -24.503696441650391 0 0 0
v 185.34114074707031 18.996192932128906 -20.552032470703125 0 0 0
v 182.42257690429688 -24.314311981201172 -22.492650985717773 0 0 0
v 185.39370727539062 -18.874307632446289 -20.496185302734375 0 0 0
v 187.82502746582031 -8.476414680480957 -18.657651901245117 0 0 0
v 1.731690526008606 -49.931697845458984 -17.202384948730469 0 0 0
v -2.6307973861694336 -50.401046752929688 -18.043107986450195 0 0 0
v 1.3602801561355591 -49.121837615966797 -19.027605056762695 0 0 0
v 4.4476099014282227 -47.293987274169922 -20.693769454956055 0 0 0
v -4.5566821098327637 -47.976669311523438 -24.805393218994141 0 0 0
v 5.2557263374328613 -45.121959686279297 -23.115310668945312 0 0 0
v -1.2297350168228149 -45.780632019042969 -26.418994903564453 0 0 0
v -8.5915794372558594 -51.074146270751953 -18.507560729980469 0 0 0
v -17.856500625610352 -51.538055419921875 -17.993104934692383 0 0 0
v -14.261895179748535 -49.454673767089844 -24.690391540527344 0 0 0
v 0.65782755613327026 -43.944770812988281 -27.535144805908203 0 0 0
v -4.7317633628845215 -44.682094573974609 -31.045232772827148 0 0 0
v 2.2939913272857666 -41.761970520019531 -28.612518310546875 0 0 0
v -13.703547477722168 -46.284416198730469 -32.626850128173828 0 0 0
v -8.9695148468017578 -45.825538635253906 -31.773159027099609 0 0 0
v -9.3398218154907227 -48.685142517089844 -25.576854705810547 0 0 0
v 181.70628356933594 -25.756011962890625 -18.972558975219727 0 0 0
v 183.07830810546875 -24.076131820678711 -21.652494430541992 0 0 0
v 185.30471801757812 -20.07609748840332 -19.93983268737793 0 0 0
v 171.31080627441406 -34.625179290771484 -27.956977844238281 0 0 0
v 175.53096008300781 -31.917942047119141 -25.814102172851562 0 0 0
v 171.632568359375 -34.364845275878906 -24.194425582885742 0 0 0
v 177.11541748046875 -30.502731323242188 -21.490108489990234 0 0 0
v 179.8365478515625 -28.153890609741211 -23.614770889282227 0 0 0
v 188.03369140625 -6.9947938919067383 -14.773333549499512 0 0 0
v 186.69816589355469 -15.142787933349609 -15.763664245605469 0 0 0
v 187.34812927246094 -13.735224723815918 -18.676361083984375 0 0 0
v 166.64524841308594 -37.068313598632812 -30.005641937255859 0 0 0
v 166.07728576660156 -37.248760223388672 -26.698562622070312 0 0 0
v 159.47998046875 -39.991386413574219 -29.463537216186523 0 0 0
v 67.632034301757812 -47.3939208984375 -36.237228393554688 0 0 0
v 75.5240478515625 -48.191707611083984 -36.717811584472656 0 0 0
v 72.175003051757812 -47.953861236572266 -33.67529296875 0 0 0
v 65.713920593261719 -47.043735504150391 -33.327507019042969 0 0 0
v 60.138660430908203 -45.784847259521484 -32.761795043945312 0 0 0
v 61.142543792724609 -46.038223266601562 -35.493328094482422 0 0 0
v 39.325050354003906 -38.098217010498047 -29.902683258056641 0 0 0
v 42.785446166992188 -39.449859619140625 -28.605308532714844 0 0 0
v 32.522048950195312 -35.976173400878906 -25.430658340454102 0 0 0
v -2.5549852848052979 -39.125537872314453 -33.829093933105469 0 0 0
v 4.770805835723877 -35.959579467773438 -30.626108169555664 0 0 0
v -2.0616080760955811 -38.941547393798828 -30.789192199707031 0 0 0
v -7.350989818572998 -40.731426239013672 -32.364646911621094 0 0 0
v -6.1601924896240234 -40.348438262939453 -34.899887084960938 0 0 0
v -58.076831817626953 -40.945816040039062 -36.140209197998047 0 0 0
v -43.737144470214844 -41.533882141113281 -36.502429962158203 0 0 0
v -47.860393524169922 -41.461639404296875 -33.486320495605469 0 0 0
v -32.728382110595703 -41.71429443359375 -36.126884460449219 0 0 0
v -17.862287521362305 -41.572673797607422 -36.287517547607422 0 0 0
v -33.116531372070312 -41.741096496582031 -33.551349639892578 0 0 0
v -13.789773941040039 -41.553478240966797 -33.193294525146484 0 0 0
v 9.2678403854370117 -34.626457214355469 -26.134008407592773 0 0 0
v 5.5289397239685059 -35.713268280029297 -27.586320877075195 0 0 0
v 10.199557304382324 -34.313652038574219 -28.922813415527344 0 0 0
v 32.545692443847656 -35.995658874511719 -28.032649993896484 0 0 0
v 39.325050354003906 -38.098217010498047 -29.902683258056641 0 0 0
v 32.522048950195312 -35.976173400878906 -25.430658340454102 0 0 0
v 28.135738372802734 -34.908306121826172 -27.33131217956543 0 0 0
v 138.54716491699219 -48.858707427978516 -33.472602844238281 0 0 0
v 127.79736328125 -50.492874145507812 -33.874465942382812 0 0 0
v 139.51724243164062 -45.0333251953125 -33.433212280273438 0 0 0
v 116.01313018798828 -51.623126983642578 -34.147064208984375 0 0 0
v 125.80791473388672 -46.889984130859375 -33.964046478271484 0 0 0
v 110.81715393066406 -48.145286560058594 -34.238658905029297 0 0 0
v 103.28003692626953 -52.285320281982422 -34.260597229003906 0 0 0
v 96.992156982421875 -48.653911590576172 -34.251869201660156 0 0 0
v 88.655281066894531 -52.481853485107422 -34.131290435791016 0 0 0
v 85.330047607421875 -48.641811370849609 -34.086158752441406 0 0 0
v 76.6446533203125 -52.201534271240234 -33.831150054931641 0 0 0
v 42.785446166992188 -39.449859619140625 -28.605308532714844 0 0 0
v 49.748859405517578 -42.280059814453125 -30.681758880615234 0 0 0
v 48.930076599121094 -45.881103515625 -30.483041763305664 0 0 0
v 63.146442413330078 -54.482547760009766 -25.935129165649414 0 0 0
v 58.530433654785156 -52.654266357421875 -26.583322525024414 0 0 0
v 60.677978515625 -50.986923217773438 -32.145378112792969 0 0 0
v 70.924278259277344 -54.714927673339844 -29.207164764404297 0 0 0
v 71.997848510742188 -57.676910400390625 -23.453634262084961 0 0 0
v 65.631332397460938 -54.433067321777344 -27.699716567993164 0 0 0
v 76.824989318847656 -56.263099670410156 -27.406669616699219 0 0 0
v 59.189422607421875 -54.783561706542969 -20.832498550415039 0 0 0
v 50.729579925537109 -51.728839874267578 -18.242170333862305 0 0 0
v 54.561878204345703 -51.252082824707031 -25.842433929443359 0 0 0
v 64.809921264648438 -56.391242980957031 -22.379142761230469 0 0 0
v 39.779117584228516 -43.403327941894531 -26.964433670043945 0 0 0
v 49.735805511474609 -47.345645904541016 -30.236442565917969 0 0 0
v 46.2623291015625 -47.977123260498047 -23.449880599975586 0 0 0
v 54.81231689453125 -49.31146240234375 -31.176181793212891 0 0 0
v 78.793701171875 -58.159008026123047 -23.886137008666992 0 0 0
v 85.07421875 -58.189888000488281 -24.048343658447266 0 0 0
v 68.156478881835938 -52.352096557617188 -32.880008697509766 0 0 0
v 76.370857238769531 -53.128021240234375 -33.175289154052734 0 0 0
v 84.97613525390625 -53.341938018798828 -33.589977264404297 0 0 0
v 177.98428344726562 -34.021053314208984 -20.998809814453125 0 0 0
v 179.66810607910156 -33.3240966796875 -19.380538940429688 0 0 0
v 174.7392578125 -37.306900024414062 -21.978534698486328 0 0 0
v 170.61912536621094 -39.040611267089844 -24.66734504699707 0 0 0
v -1.4494587182998657 37.777301788330078 -34.012992858886719 0 0 0
v -1.7276421785354614 -37.818412780761719 -34.114704132080078 0 0 0
v -4.0446557998657227 39.258937835693359 -34.893470764160156 0 0 0
v -6.3047051429748535 39.8682861328125 -35.542293548583984 0 0 0
v -4.0063390731811523 -39.142719268798828 -34.889499664306641 0 0 0
v -6.5458841323852539 -39.927986145019531 -35.598934173583984 0 0 0
v -8.6263866424560547 -39.999637603759766 -36.038791656494141 0 0 0
v -8.4612531661987305 39.954113006591797 -36.009143829345703 0 0 0
v -10.802352905273438 40.648117065429688 -36.37158203125 0 0 0
v -12.796530723571777 40.336933135986328 -36.567611694335938 0 0 0
v -11.335733413696289 -40.664901733398438 -36.441204071044922 0 0 0
v -15.196293830871582 -40.869369506835938 -36.722831726074219 0 0 0
v 75.430770874023438 14.13126277923584 -37.275009155273438 0 0 0
v 80.106224060058594 -47.758518218994141 -37.444618225097656 0 0 0
v 70.248313903808594 3.3865687847137451 -37.042057037353516 0 0 0
v 70.003021240234375 -47.120342254638672 -37.034542083740234 0 0 0
v 64.579254150390625 -46.266380310058594 -36.568500518798828 0 0 0
v 51.847805023193359 -42.482685089111328 -34.217384338378906 0 0 0
v 51.858554840087891 42.491001129150391 -34.225536346435547 0 0 0
v 55.765949249267578 -43.594867706298828 -35.144248962402344 0 0 0
v 47.292854309082031 40.439502716064453 -32.944587707519531 0 0 0
v 47.314041137695312 -40.737686157226562 -32.951488494873047 0 0 0
v 37.465457916259766 -36.770332336425781 -29.944435119628906 0 0 0
v 38.343479156494141 37.233798980712891 -30.203287124633789 0 0 0
v 5.5289397239685059 -35.713268280029297 -27.586320877075195 0 0 0
v -2.4418754577636719 -42.745037078857422 -30.955532073974609 0 0 0
v -2.0616080760955811 -38.941547393798828 -30.789192199707031 0 0 0
v 145.60372924804688 42.732082366943359 -36.346885681152344 0 0 0
v 143.3790283203125 -43.439807891845703 -36.570133209228516 0 0 0
v 141.26904296875 43.846179962158203 -36.743484497070312 0 0 0
v 152.51171875 41.553562164306641 -35.275455474853516 0 0 0
v 152.13961791992188 -41.788745880126953 -35.339969635009766 0 0 0
v 149.6307373046875 -42.347541809082031 -35.794780731201172 0 0 0
v 162.49691772460938 38.352691650390625 -32.306758880615234 0 0 0
v 163.36088562011719 -37.921772003173828 -31.966127395629883 0 0 0
v 158.71731567382812 -39.62896728515625 -33.658336639404297 0 0 0
v 137.82666015625 -44.734573364257812 -36.964195251464844 0 0 0
v 146.63972473144531 -43.106655120849609 -36.216804504394531 0 0 0
v 154.813720703125 -40.60003662109375 -34.748825073242188 0 0 0
v 189.93312072753906 -13.00096321105957 -12.857492446899414 0 0 0
v 190.10252380371094 -11.287367820739746 -11.546339988708496 0 0 0
v 189.28794860839844 -16.054935455322266 -12.570624351501465 0 0 0
v 190.34925842285156 -8.4359188079833984 -12.851109504699707 0 0 0
v 190.81365966796875 -6.035102367401123 -11.615433692932129 0 0 0
v 190.65620422363281 0.0012270475272089243 -12.552321434020996 0 0 0
v -60.236045837402344 -49.511875152587891 -17.438724517822266 0 0 0
v -54.970294952392578 -50.218849182128906 -17.711185455322266 0 0 0
v -56.28759765625 -47.603763580322266 -12.837292671203613 0 0 0
v -35.772056579589844 -48.826301574707031 -11.640999794006348 0 0 0
v -46.994834899902344 -47.289813995361328 -10.176530838012695 0 0 0
v -43.298187255859375 -50.272735595703125 -15.647385597229004 0 0 0
v -17.857988357543945 -49.915367126464844 -13.214419364929199 0 0 0
v -23.717668533325195 -46.801876068115234 -6.917121410369873 0 0 0
v -26.533027648925781 -50.368663787841797 -14.579694747924805 0 0 0
v -64.58001708984375 -47.342540740966797 -14.726225852966309 0 0 0
v -52.146648406982422 -49.287391662597656 -14.951139450073242 0 0 0
v -45.879550933837891 -50.94647216796875 -17.834722518920898 0 0 0
v -52.76531982421875 -43.874916076660156 -5.9287071228027344 0 0 0
v -42.861366271972656 -45.596462249755859 -6.3634257316589355 0 0 0
v -34.980201721191406 -51.335887908935547 -17.590763092041016 0 0 0
v -17.850793838500977 -46.891468048095703 -7.1530117988586426 0 0 0
v 15.836550712585449 -33.041412353515625 -28.111335754394531 0 0 0
v 16.171707153320312 -33.678581237792969 -27.426294326782227 0 0 0
v 12.53463077545166 -33.37872314453125 -28.853761672973633 0 0 0
v 20.680187225341797 -33.060977935791016 -27.544805526733398 0 0 0
v 21.884981155395508 -33.889591217041016 -26.842502593994141 0 0 0
v 174.85285949707031 -35.856563568115234 -13.010154724121094 0 0 0
v 178.7432861328125 -32.017589569091797 -11.411444664001465 0 0 0
v 173.05070495605469 -32.771282196044922 -12.220449447631836 0 0 0
v 167.60362243652344 -36.989498138427734 -14.284788131713867 0 0 0
v 158.85185241699219 -42.524761199951172 -17.288690567016602 0 0 0
v 169.03306579589844 -40.850070953369141 -15.448727607727051 0 0 0
v 179.05189514160156 -26.639400482177734 -9.8161430358886719 0 0 0
v 183.42910766601562 -24.167079925537109 -9.0329980850219727 0 0 0
v 186.38800048828125 -17.220409393310547 -7.719202995300293 0 0 0
v 187.68882751464844 -9.5385408401489258 -6.8979544639587402 0 0 0
v 185.00242614746094 -10.278209686279297 -6.8695831298828125 0 0 0
v 185.40890502929688 8.0751981735229492 -6.6751742362976074 0 0 0
v 185.53718566894531 -3.2268645763397217 -6.5649666786193848 0 0 0
v 188.10035705566406 -1.4973077774047852 -6.5402703285217285 0 0 0
v -13.042915344238281 -45.300769805908203 -33.144798278808594 0 0 0
v -13.789773941040039 -41.553478240966797 -33.193294525146484 0 0 0
v -7.350989818572998 -40.731426239013672 -32.364646911621094 0 0 0
v -2.4418754577636719 -42.745037078857422 -30.955532073974609 0 0 0
v -2.0616080760955811 -38.941547393798828 -30.789192199707031 0 0 0
v 190.65620422363281 0.0012270475272089243 -12.552321434020996 0 0 0
v 190.34925842285156 -8.4359188079833984 -12.851109504699707 0 0 0
v 188.210693359375 2.4888174533843994 -14.636325836181641 0 0 0
v 188.03369140625 -6.9947938919067383 -14.773333549499512 0 0 0
v 188.79200744628906 -17.576305389404297 -14.129008293151855 0 0 0
v 186.69816589355469 -15.142787933349609 -15.763664245605469 0 0 0
v 186.1787109375 -24.091911315917969 -16.071739196777344 0 0 0
v 182.77986145019531 -29.097146987915039 -18.305570602416992 0 0 0
v 181.70628356933594 -25.756011962890625 -18.972558975219727 0 0 0
v 170.61912536621094 -39.040611267089844 -24.66734504699707 0 0 0
v 166.07728576660156 -37.248760223388672 -26.698562622070312 0 0 0
v 171.632568359375 -34.364845275878906 -24.194425582885742 0 0 0
v 159.82766723632812 -43.879981994628906 -29.325168609619141 0 0 0
v 159.47998046875 -39.991386413574219 -29.463537216186523 0 0 0
v -60.635223388671875 -43.963771820068359 -8.6109590530395508 0 0 0
v -59.878501892089844 -41.827682495117188 -5.563148021697998 0 0 0
v -63.558437347412109 -40.258644104003906 -5.3137154579162598 0 0 0
v -74.449592590332031 -40.058185577392578 -9.8619451522827148 0 0 0
v -67.777099609375 -37.782028198242188 -4.9264359474182129 0 0 0
v -75.742843627929688 -37.664955139160156 -8.5224628448486328 0 0 0
v -81.89599609375 -34.704570770263672 -9.2011499404907227 0 0 0
v -78.160896301269531 -44.617488861083984 -16.175161361694336 0 0 0
v -65.556320190429688 -42.7781982421875 -8.9553155899047852 0 0 0
v -77.825599670410156 -41.839008331298828 -12.919858932495117 0 0 0
v -69.933341979980469 -45.416091918945312 -13.834430694580078 0 0 0
v -81.12957763671875 -32.777507781982422 -7.8780803680419922 0 0 0
v -82.288795471191406 -28.733903884887695 -6.5969467163085938 0 0 0
v -94.112068176269531 -30.209232330322266 -11.206962585449219 0 0 0
v -88.361732482910156 -38.437236785888672 -14.481863021850586 0 0 0
v -84.175971984863281 -41.641162872314453 -15.58071231842041 0 0 0
v -84.386505126953125 -36.431850433349609 -11.255038261413574 0 0 0
v -92.126655578613281 -34.020606994628906 -12.67962646484375 0 0 0
v -71.766242980957031 -34.688713073730469 -4.6137809753417969 0 0 0
v -76.992218017578125 -28.19459342956543 -4.313805103302002 0 0 0
v -78.431793212890625 -24.632053375244141 -4.1146502494812012 0 0 0
v 146.29228210449219 -43.738140106201172 -32.793533325195312 0 0 0
v 139.51724243164062 -45.0333251953125 -33.433212280273438 0 0 0
v 144.58326721191406 -44.067943572998047 -35.909942626953125 0 0 0
v 152.55357360839844 -42.218063354492188 -34.569110870361328 0 0 0
v 159.63351440429688 -39.946846008300781 -32.809883117675781 0 0 0
v 152.97781372070312 -42.055168151855469 -31.520193099975586 0 0 0
v 156.22554016113281 -48.441925048828125 -21.302339553833008 0 0 0
v 151.21640014648438 -50.217231750488281 -22.185562133789062 0 0 0
v 153.890625 -46.655437469482422 -30.671880722045898 0 0 0
v 137.69828796386719 -50.031810760498047 -33.028236389160156 0 0 0
v 142.89976501464844 -49.2822265625 -32.373355865478516 0 0 0
v 141.98934936523438 -52.5194091796875 -23.533683776855469 0 0 0
v 147.62063598632812 -49.796684265136719 -27.4276123046875 0 0 0
v 146.75556945800781 -51.554901123046875 -22.508518218994141 0 0 0
v 148.31343078613281 -48.044174194335938 -31.856578826904297 0 0 0
v 136.08296203613281 -53.675544738769531 -23.593799591064453 0 0 0
v 129.06619262695312 -54.679813385009766 -24.018165588378906 0 0 0
v 1.7288379669189453 -49.990024566650391 -16.038276672363281 0 0 0
v 9.665226936340332 -49.164012908935547 -15.131105422973633 0 0 0
v 1.7288202047348022 -48.951259613037109 -12.899308204650879 0 0 0
v 15.567226409912109 -47.3494873046875 -11.054792404174805 0 0 0
v 1.7354146242141724 -46.775714874267578 -8.2005214691162109 0 0 0
v 1.7288202047348022 -48.951259613037109 -12.899308204650879 0 0 0
v 119.03304290771484 -55.893943786621094 -24.327028274536133 0 0 0
v 120.26744079589844 -52.288352966308594 -33.226222991943359 0 0 0
v 129.06619262695312 -54.679813385009766 -24.018165588378906 0 0 0
v 104.01805114746094 -55.923191070556641 -27.529739379882812 0 0 0
v 94.137123107910156 -58.002384185791016 -24.014535903930664 0 0 0
v 97.627403259277344 -53.482162475585938 -33.484443664550781 0 0 0
v 108.67103576660156 -56.939559936523438 -24.33183479309082 0 0 0
v 108.45499420166016 -52.976703643798828 -33.732257843017578 0 0 0
v 137.69828796386719 -50.031810760498047 -33.028236389160156 0 0 0
v 129.14244079589844 -51.197856903076172 -33.363887786865234 0 0 0
v 84.97613525390625 -53.341938018798828 -33.589977264404297 0 0 0
v 92.787811279296875 -53.342823028564453 -33.805271148681641 0 0 0
v 85.07421875 -58.189888000488281 -24.048343658447266 0 0 0
v -4.0063390731811523 -39.142719268798828 -34.889499664306641 0 0 0
v -6.1601924896240234 -40.348438262939453 -34.899887084960938 0 0 0
v -6.5458841323852539 -39.927986145019531 -35.598934173583984 0 0 0
v -1.7276421785354614 -37.818412780761719 -34.114704132080078 0 0 0
v 5.2936820983886719 -35.223526000976562 -31.311384201049805 0 0 0
v 5.2936820983886719 -35.223526000976562 -31.311384201049805 0 0 0
v -2.5549852848052979 -39.125537872314453 -33.829093933105469 0 0 0
v 5.2936820983886719 -35.223526000976562 -31.311384201049805 0 0 0
v 4.770805835723877 -35.959579467773438 -30.626108169555664 0 0 0
v 98.549964904785156 -48.635566711425781 -37.13720703125 0 0 0
v 115.59182739257812 -47.79180908203125 -37.057609558105469 0 0 0
v 110.81715393066406 -48.145286560058594 -34.238658905029297 0 0 0
v 75.5240478515625 -48.191707611083984 -36.717811584472656 0 0 0
v 85.177276611328125 -48.569175720214844 -37.008541107177734 0 0 0
v 85.330047607421875 -48.641811370849609 -34.086158752441406 0 0 0
v 139.51724243164062 -45.0333251953125 -33.433212280273438 0 0 0
v 125.80791473388672 -46.889984130859375 -33.964046478271484 0 0 0
v 134.95364379882812 -45.692031860351562 -36.592071533203125 0 0 0
v -100.41185760498047 -16.692447662353516 -21.349521636962891 0 0 0
v -98.574913024902344 -22.713901519775391 -23.531627655029297 0 0 0
v -98.668121337890625 -26.519845962524414 -23.358722686767578 0 0 0
v -100.92117309570312 -20.500375747680664 -20.472097396850586 0 0 0
v -101.19574737548828 -12.094439506530762 -20.231121063232422 0 0 0
v -102.15829467773438 -10.345357894897461 -18.513410568237305 0 0 0
v -95.905364990234375 -31.232185363769531 -25.991458892822266 0 0 0
v -101.80711364746094 2.2693219184875488 -19.195737838745117 0 0 0
v -101.72757720947266 -5.8193230628967285 -19.353538513183594 0 0 0
v 93.332633972167969 -57.712684631347656 -23.012639999389648 0 0 0
v 102.09915161132812 -57.178794860839844 -23.076206207275391 0 0 0
v 99.166831970214844 -54.424571990966797 -20.125299453735352 0 0 0
v 118.68699645996094 -55.925563812255859 -23.225862503051758 0 0 0
v 109.37570190429688 -53.524024963378906 -20.291770935058594 0 0 0
v 133.85395812988281 -53.703517913818359 -22.670852661132812 0 0 0
v 123.85048675537109 -51.90960693359375 -20.428045272827148 0 0 0
v 139.31080627441406 -49.52593994140625 -20.294069290161133 0 0 0
v 179.66810607910156 -33.3240966796875 -19.380538940429688 0 0 0
v 174.34800720214844 -37.682903289794922 -18.323484420776367 0 0 0
v 174.7392578125 -37.306900024414062 -21.978534698486328 0 0 0
v 182.47291564941406 -30.304670333862305 -17.550752639770508 0 0 0
v 177.20149230957031 -34.774818420410156 -13.249112129211426 0 0 0
v 184.38829040527344 -27.704126358032227 -16.327930450439453 0 0 0
v 180.62338256835938 -30.776782989501953 -11.714234352111816 0 0 0
v 189.0389404296875 -5.4844145774841309 -7.4720659255981445 0 0 0
v 190.10252380371094 -11.287367820739746 -11.546339988708496 0 0 0
v 190.81365966796875 -6.035102367401123 -11.615433692932129 0 0 0
v 169.47981262207031 -40.436496734619141 -24.541189193725586 0 0 0
v 168.00410461425781 -42.020942687988281 -19.984317779541016 0 0 0
v 165.207275390625 -42.525356292724609 -26.456905364990234 0 0 0
v 168.86041259765625 -41.7117919921875 -16.421236038208008 0 0 0
v 173.99530029296875 -37.746608734130859 -14.278439521789551 0 0 0
v 183.4954833984375 -26.142618179321289 -9.9153270721435547 0 0 0
v 188.36798095703125 -10.657656669616699 -7.6102838516235352 0 0 0
v 98.422264099121094 47.754940032958984 -37.749248504638672 0 0 0
v 106.22032165527344 -47.767242431640625 -37.754291534423828 0 0 0
v 93.084030151367188 -48.047569274902344 -37.710445404052734 0 0 0
v 90.043182373046875 48.074871063232422 -37.657482147216797 0 0 0
v 80.106224060058594 -47.758518218994141 -37.444618225097656 0 0 0
v 137.82666015625 -44.734573364257812 -36.964195251464844 0 0 0
v 125.89520263671875 -46.274192810058594 -37.430503845214844 0 0 0
v 133.28343200683594 -11.516945838928223 -37.167392730712891 0 0 0
v 126.15998840332031 45.666946411132812 -37.419052124023438 0 0 0
v 118.08689117431641 -46.740154266357422 -37.616241455078125 0 0 0
v 111.1854248046875 -0.00057086942251771688 -37.713436126708984 0 0 0
v -93.118621826171875 -6.7853250503540039 -6.302436351776123 0 0 0
v -98.273994445800781 -6.332766056060791 -7.5900349617004395 0 0 0
v -97.922348022460938 -12.56617546081543 -7.722221851348877 0 0 0
v -98.222755432128906 -16.35723876953125 -8.2955818176269531 0 0 0
v -94.786659240722656 -18.477445602416992 -7.6360149383544922 0 0 0
v -83.876724243164062 -25.021333694458008 -6.0327558517456055 0 0 0
v -80.040596008300781 -20.123760223388672 -3.9880552291870117 0 0 0
v -88.105712890625 -22.765295028686523 -6.7630796432495117 0 0 0
v -78.431793212890625 -24.632053375244141 -4.1146502494812012 0 0 0
v -94.905525207519531 3.9438595771789551 -6.673640251159668 0 0 0
v -82.326904296875 -4.7039890289306641 -3.951439380645752 0 0 0
v -94.905525207519531 3.9438595771789551 -6.673640251159668 0 0 0
v -25.796035766601562 -41.694736480712891 -33.458255767822266 0 0 0
v -13.789773941040039 -41.553478240966797 -33.193294525146484 0 0 0
v -30.035776138305664 -45.607257843017578 -33.513900756835938 0 0 0
v -41.078346252441406 -41.655555725097656 -33.546863555908203 0 0 0
v -52.990005493164062 -45.222248077392578 -33.409870147705078 0 0 0
v -59.098224639892578 -40.909324645996094 -33.301418304443359 0 0 0
v -68.609344482421875 -43.800983428955078 -32.989398956298828 0 0 0
v 148.10031127929688 -43.310527801513672 -32.484901428222656 0 0 0
v 154.00422668457031 -41.763034820556641 -31.247804641723633 0 0 0
v 152.88664245605469 -45.96038818359375 -31.470659255981445 0 0 0
v -29.647302627563477 -0.00057086942251771688 -36.989444732666016 0 0 0
v -26.083208084106445 -41.118392944335938 -36.949958801269531 0 0 0
v -37.911514282226562 -40.757774353027344 -37.036815643310547 0 0 0
v -10.523460388183594 -50.181991577148438 -14.121318817138672 0 0 0
v -9.022247314453125 -49.080211639404297 -11.692164421081543 0 0 0
v -17.856576919555664 -50.646671295166016 -15.163532257080078 0 0 0
v -9.8465042114257812 -51.158859252929688 -16.969762802124023 0 0 0
v 1.7200901508331299 -50.113948822021484 -16.274288177490234 0 0 0
v 1.7219463586807251 -48.919544219970703 -12.738151550292969 0 0 0
v -8.5613260269165039 -46.919445037841797 -7.594423770904541 0 0 0
v -17.850793838500977 -46.891468048095703 -7.1530117988586426 0 0 0
v 1.7354146242141724 -46.775714874267578 -8.2005214691162109 0 0 0
v 1.7288202047348022 -48.951259613037109 -12.899308204650879 0 0 0
v 9.665226936340332 -49.164012908935547 -15.131105422973633 0 0 0
v 15.567226409912109 -47.3494873046875 -11.054792404174805 0 0 0
v 24.924188613891602 -48.043342590332031 -13.43095588684082 0 0 0
v 32.929641723632812 -47.983665466308594 -13.380105018615723 0 0 0
v 26.076269149780273 -45.821033477783203 -9.4127092361450195 0 0 0
v 38.90753173828125 -48.637519836425781 -14.242854118347168 0 0 0
v 35.600997924804688 -45.789100646972656 -10.31033992767334 0 0 0
v 42.991291046142578 -49.413227081298828 -15.087636947631836 0 0 0
v 43.599334716796875 -46.648319244384766 -11.644486427307129 0 0 0
v 50.469127655029297 -48.307991027832031 -13.37957763671875 0 0 0
v 1.7354146242141724 -46.775714874267578 -8.2005214691162109 0 0 0
v 158.44990539550781 -47.041229248046875 -19.269472122192383 0 0 0
v 158.85185241699219 -42.524761199951172 -17.288690567016602 0 0 0
v 152.37335205078125 -45.756366729736328 -18.925384521484375 0 0 0
v 169.03306579589844 -40.850070953369141 -15.448727607727051 0 0 0
v 139.31080627441406 -49.52593994140625 -20.294069290161133 0 0 0
v 143.47917175292969 -51.723670959472656 -21.949094772338867 0 0 0
v 146.05177307128906 -47.838752746582031 -19.830949783325195 0 0 0
v -101.75273895263672 -4.193580150604248 -19.281953811645508 0 0 0
v -102.61826324462891 -10.18715763092041 -21.786413192749023 0 0 0
v -101.50929260253906 -9.0895671844482422 -19.732448577880859 0 0 0
v -100.89740753173828 -14.24996280670166 -20.692342758178711 0 0 0
v -99.699073791503906 -19.481470108032227 -22.251955032348633 0 0 0
v -101.25654602050781 -17.733354568481445 -23.649511337280273 0 0 0
v -99.580909729003906 -22.691047668457031 -26.210613250732422 0 0 0
v -101.80711364746094 2.2693219184875488 -19.195737838745117 0 0 0
v -102.99608612060547 -2.8883533477783203 -21.139240264892578 0 0 0
v 23.340862274169922 -38.210201263427734 -23.835617065429688 0 0 0
v 23.835491180419922 -34.222541809082031 -23.917240142822266 0 0 0
v 27.870433807373047 -34.919410705566406 -24.421297073364258 0 0 0
v 5.5289397239685059 -35.713268280029297 -27.586320877075195 0 0 0
v 8.9653053283691406 -38.65545654296875 -26.161935806274414 0 0 0
v -2.4418754577636719 -42.745037078857422 -30.955532073974609 0 0 0
v 15.307041168212891 -38.452312469482422 -24.313304901123047 0 0 0
v 9.8294153213500977 -34.469963073730469 -25.870641708374023 0 0 0
v 13.975454330444336 -33.887897491455078 -24.687709808349609 0 0 0
v 18.110652923583984 -37.849140167236328 -23.976953506469727 0 0 0
v 34.854843139648438 -40.741539001464844 -26.062412261962891 0 0 0
v 34.060478210449219 -41.486339569091797 -25.204061508178711 0 0 0
v 28.65192985534668 -39.188179016113281 -24.551513671875 0 0 0
v 23.340862274169922 -38.210201263427734 -23.835617065429688 0 0 0
v 29.160335540771484 -40.304271697998047 -23.963632583618164 0 0 0
v 18.110652923583984 -37.849140167236328 -23.976953506469727 0 0 0
v 20.171571731567383 -38.979701995849609 -23.417163848876953 0 0 0
v 2.2939913272857666 -41.761970520019531 -28.612518310546875 0 0 0
v 6.1675810813903809 -42.873710632324219 -24.964578628540039 0 0 0
v 0.65782755613327026 -43.944770812988281 -27.535144805908203 0 0 0
v -75.039802551269531 -42.878200531005859 -32.586662292480469 0 0 0
v -80.714317321777344 -41.121353149414062 -31.923294067382812 0 0 0
v -76.387893676757812 -38.720386505126953 -32.499553680419922 0 0 0
v -89.349655151367188 -37.226512908935547 -29.697851181030273 0 0 0
v -88.576255798339844 -34.311325073242188 -30.005212783813477 0 0 0
v -83.471527099609375 -36.740657806396484 -31.441539764404297 0 0 0
v -69.872047424316406 -39.815834045410156 -32.955230712890625 0 0 0
v -59.098224639892578 -40.909324645996094 -33.301418304443359 0 0 0
v -68.609344482421875 -43.800983428955078 -32.989398956298828 0 0 0
v -71.821586608886719 -39.010120391845703 -36.303203582763672 0 0 0
v -81.866081237792969 -36.90179443359375 -35.058429718017578 0 0 0
v -75.956596374511719 -37.894176483154297 -35.962936401367188 0 0 0
v -68.250297546386719 -39.966171264648438 -35.941516876220703 0 0 0
v -67.849418640136719 -39.339206695556641 -36.505905151367188 0 0 0
v -75.35992431640625 -38.92926025390625 -35.317317962646484 0 0 0
v -100.92117309570312 -20.500375747680664 -20.472097396850586 0 0 0
v -102.24368286132812 -10.549762725830078 -17.67194938659668 0 0 0
v -102.15829467773438 -10.345357894897461 -18.513410568237305 0 0 0
v -102.51235961914062 -0.64184999465942383 -17.136667251586914 0 0 0
v -102.18368530273438 9.4041624069213867 -18.452884674072266 0 0 0
v 79.615989685058594 -58.184070587158203 -22.855113983154297 0 0 0
v 86.333831787109375 -55.230869293212891 -19.799795150756836 0 0 0
v 76.28521728515625 -54.973945617675781 -19.104589462280273 0 0 0
v 50.94757080078125 -51.397720336914062 -17.064870834350586 0 0 0
v 67.026824951171875 -53.694431304931641 -17.96728515625 0 0 0
v 50.469127655029297 -48.307991027832031 -13.37957763671875 0 0 0
v -41.647182464599609 -46.356491088867188 -32.922931671142578 0 0 0
v -52.990005493164062 -45.222248077392578 -33.409870147705078 0 0 0
v -30.035776138305664 -45.607257843017578 -33.513900756835938 0 0 0
v -58.276809692382812 -45.663204193115234 -32.572727203369141 0 0 0
v -47.494380950927734 -46.446407318115234 -32.269367218017578 0 0 0
v -13.703547477722168 -46.284416198730469 -32.626850128173828 0 0 0
v -26.963603973388672 -46.419132232666016 -32.886264801025391 0 0 0
v -71.862358093261719 -47.171665191650391 -17.179477691650391 0 0 0
v -78.318283081054688 -45.154586791992188 -17.507646560668945 0 0 0
v -74.8861083984375 -46.395351409912109 -18.1126708984375 0 0 0
v -67.257133483886719 -48.308666229248047 -17.388465881347656 0 0 0
v -69.573989868164062 -47.902694702148438 -18.39579963684082 0 0 0
v -78.160896301269531 -44.617488861083984 -16.175161361694336 0 0 0
v -84.175971984863281 -41.641162872314453 -15.58071231842041 0 0 0
v -81.067108154296875 -43.888580322265625 -17.183300018310547 0 0 0
v -63.066280364990234 -49.200965881347656 -18.545581817626953 0 0 0
v -60.236045837402344 -49.511875152587891 -17.438724517822266 0 0 0
v 42.785446166992188 -39.449859619140625 -28.605308532714844 0 0 0
v 34.854843139648438 -40.741539001464844 -26.062412261962891 0 0 0
v 32.522048950195312 -35.976173400878906 -25.430658340454102 0 0 0
v -34.980201721191406 -51.335887908935547 -17.590763092041016 0 0 0
v -45.879550933837891 -50.94647216796875 -17.834722518920898 0 0 0
v -40.438549041748047 -51.174022674560547 -18.913602828979492 0 0 0
v -17.856500625610352 -51.538055419921875 -17.993104934692383 0 0 0
v -29.078428268432617 -51.457191467285156 -18.697595596313477 0 0 0
v 23.184894561767578 -33.444122314453125 -27.486928939819336 0 0 0
v 20.680187225341797 -33.060977935791016 -27.544805526733398 0 0 0
v 23.404325485229492 33.377368927001953 -27.478597640991211 0 0 0
v 25.615304946899414 -33.608554840087891 -27.603277206420898 0 0 0
v 32.655765533447266 15.567331314086914 -28.679496765136719 0 0 0
v 37.465457916259766 -36.770332336425781 -29.944435119628906 0 0 0
v 32.995777130126953 -35.531471252441406 -28.773609161376953 0 0 0
v 17.725584030151367 -32.872303009033203 -27.812545776367188 0 0 0
v 15.836550712585449 -33.041412353515625 -28.111335754394531 0 0 0
v 13.407475471496582 33.138114929199219 -28.619150161743164 0 0 0
v 12.53463077545166 -33.37872314453125 -28.853761672973633 0 0 0
v 10.54783821105957 -2.0032272338867188 -29.447471618652344 0 0 0
v 37.267124176025391 19.038293838500977 -29.905477523803711 0 0 0
v 38.343479156494141 37.233798980712891 -30.203287124633789 0 0 0
v 27.207073211669922 33.989871978759766 -27.757732391357422 0 0 0
v 8.8007564544677734 -34.079128265380859 -30.007307052612305 0 0 0
v -93.087394714355469 -35.170738220214844 -27.133581161499023 0 0 0
v -96.37103271484375 -31.329071044921875 -24.784004211425781 0 0 0
v -92.9300537109375 -34.477458953857422 -28.042486190795898 0 0 0
v -90.122055053710938 -37.526866912841797 -28.722269058227539 0 0 0
v -96.37103271484375 -31.329071044921875 -24.784004211425781 0 0 0
v -99.397140502929688 -25.346218109130859 -21.476137161254883 0 0 0
v -98.668121337890625 -26.519845962524414 -23.358722686767578 0 0 0
v -92.126655578613281 -34.020606994628906 -12.67962646484375 0 0 0
v -94.361557006835938 -31.673162460327148 -12.497119903564453 0 0 0
v -91.513839721679688 -35.839057922363281 -14.265580177307129 0 0 0
v -88.361732482910156 -38.437236785888672 -14.481863021850586 0 0 0
v -88.865249633789062 -38.636287689208984 -15.513139724731445 0 0 0
v -85.924980163574219 -41.003181457519531 -16.258983612060547 0 0 0
v -97.042892456054688 -22.578168869018555 -9.1989688873291016 0 0 0
v -98.222755432128906 -16.35723876953125 -8.2955818176269531 0 0 0
v -98.458732604980469 -19.533237457275391 -9.3960952758789062 0 0 0
v -99.278236389160156 -8.4927692413330078 -8.2750873565673828 0 0 0
v -97.922348022460938 -12.56617546081543 -7.722221851348877 0 0 0
v -98.605720520019531 7.7036266326904297 -7.7272720336914062 0 0 0
v -98.273994445800781 -6.332766056060791 -7.5900349617004395 0 0 0
v -96.879112243652344 -26.129011154174805 -10.859488487243652 0 0 0
v -94.361557006835938 -31.673162460327148 -12.497119903564453 0 0 0
v -95.925521850585938 -26.700233459472656 -10.272226333618164 0 0 0
v -96.879112243652344 -26.129011154174805 -10.859488487243652 0 0 0
v -94.112068176269531 -30.209232330322266 -11.206962585449219 0 0 0
v -75.35992431640625 -38.92926025390625 -35.317317962646484 0 0 0
v -69.839279174804688 -39.82281494140625 -32.938419342041016 0 0 0
v -77.798171997070312 -38.420257568359375 -32.343021392822266 0 0 0
v -82.546188354492188 -37.112071990966797 -34.288864135742188 0 0 0
v -91.772346496582031 -32.08447265625 -28.630126953125 0 0 0
v -94.955390930175781 -29.636734008789062 -29.441696166992188 0 0 0
v -92.063056945800781 -32.282829284667969 -31.146936416625977 0 0 0
v -97.112083435058594 -26.857481002807617 -27.622814178466797 0 0 0
v -95.195747375488281 -28.599643707275391 -26.565038681030273 0 0 0
v -84.369796752929688 -36.355785369873047 -31.199975967407227 0 0 0
v -88.134208679199219 -34.767234802246094 -32.683185577392578 0 0 0
v -97.918632507324219 -24.04033088684082 -24.165861129760742 0 0 0
v -94.955390930175781 -29.636734008789062 -29.441696166992188 0 0 0
v -97.465843200683594 -25.997291564941406 -28.187082290649414 0 0 0
v -94.203170776367188 -29.870399475097656 -30.57537841796875 0 0 0
v -92.063056945800781 -32.282829284667969 -31.146936416625977 0 0 0
v -88.134208679199219 -34.767234802246094 -32.683185577392578 0 0 0
v -91.122367858886719 -32.496059417724609 -32.175041198730469 0 0 0
v -81.582183837890625 -41.736423492431641 -31.123327255249023 0 0 0
v -85.828536987304688 -39.272495269775391 -30.806304931640625 0 0 0
v -80.714317321777344 -41.121353149414062 -31.923294067382812 0 0 0
v -75.039802551269531 -42.878200531005859 -32.586662292480469 0 0 0
v -75.886482238769531 -43.412425994873047 -31.739603042602539 0 0 0
v -66.928024291992188 -44.833019256591797 -32.480583190917969 0 0 0
v -71.94476318359375 -44.291175842285156 -31.645740509033203 0 0 0
v -58.276809692382812 -45.663204193115234 -32.572727203369141 0 0 0
v -47.494380950927734 -46.446407318115234 -32.269367218017578 0 0 0
v -50.849311828613281 -49.29302978515625 -23.283447265625 0 0 0
v -24.867271423339844 -49.863689422607422 -23.818855285644531 0 0 0
v -29.078428268432617 -51.457191467285156 -18.697595596313477 0 0 0
v -33.410751342773438 -47.964000701904297 -29.06706428527832 0 0 0
v -66.928024291992188 -44.833019256591797 -32.480583190917969 0 0 0
v -64.608192443847656 -46.565212249755859 -27.364934921264648 0 0 0
v -53.073230743408203 -50.418621063232422 -18.950183868408203 0 0 0
v -63.066280364990234 -49.200965881347656 -18.545581817626953 0 0 0
v -41.647182464599609 -46.356491088867188 -32.922931671142578 0 0 0
v -26.963603973388672 -46.419132232666016 -32.886264801025391 0 0 0
v -13.703547477722168 -46.284416198730469 -32.626850128173828 0 0 0
v -22.439031600952148 -47.768180847167969 -29.477024078369141 0 0 0
v -14.261895179748535 -49.454673767089844 -24.690391540527344 0 0 0
v -40.438549041748047 -51.174022674560547 -18.913602828979492 0 0 0
v -38.294544219970703 -50.056671142578125 -22.808578491210938 0 0 0
v -46.561733245849609 -41.048107147216797 -36.8485107421875 0 0 0
v -57.078300476074219 -40.391384124755859 -36.824619293212891 0 0 0
v -37.911514282226562 -40.757774353027344 -37.036815643310547 0 0 0
v -26.083208084106445 -41.118392944335938 -36.949958801269531 0 0 0
v -43.737144470214844 -41.533882141113281 -36.502429962158203 0 0 0
v -58.076831817626953 -40.945816040039062 -36.140209197998047 0 0 0
v -17.862287521362305 -41.572673797607422 -36.287517547607422 0 0 0
v -15.196293830871582 -40.869369506835938 -36.722831726074219 0 0 0
v -68.250297546386719 -39.966171264648438 -35.941516876220703 0 0 0
v -99.580909729003906 -22.691047668457031 -26.210613250732422 0 0 0
v -101.25654602050781 -17.733354568481445 -23.649511337280273 0 0 0
v -100.92459106445312 -18.41156005859375 -24.770313262939453 0 0 0
v -97.465843200683594 -25.997291564941406 -28.187082290649414 0 0 0
v -97.112083435058594 -26.857481002807617 -27.622814178466797 0 0 0
v -84.877693176269531 -9.0794954299926758 -34.469112396240234 0 0 0
v -86.28314208984375 -24.611412048339844 -34.041236877441406 0 0 0
v -88.728614807128906 -23.730615615844727 -33.239315032958984 0 0 0
v -80.61236572265625 -15.243402481079102 -35.373538970947266 0 0 0
v -81.866081237792969 -36.90179443359375 -35.058429718017578 0 0 0
v -75.956596374511719 -37.894176483154297 -35.962936401367188 0 0 0
v -91.122367858886719 -32.496059417724609 -32.175041198730469 0 0 0
v -94.203170776367188 -29.870399475097656 -30.57537841796875 0 0 0
v -92.673477172851562 -20.909917831420898 -31.459146499633789 0 0 0
v -91.194900512695312 -22.295202255249023 -32.192672729492188 0 0 0
v -97.465843200683594 -25.997291564941406 -28.187082290649414 0 0 0
v -67.820167541503906 39.395595550537109 -36.509693145751953 0 0 0
v -67.849418640136719 -39.339206695556641 -36.505905151367188 0 0 0
v -71.821586608886719 -39.010120391845703 -36.303203582763672 0 0 0
v -97.277168273925781 18.591415405273438 -28.356063842773438 0 0 0
v -95.170921325683594 -20.52794075012207 -29.946756362915039 0 0 0
v -102.61826324462891 -10.18715763092041 -21.786413192749023 0 0 0
v -102.99608612060547 -2.8883533477783203 -21.139240264892578 0 0 0
v -102.700439453125 -9.8787612915039062 -22.539329528808594 0 0 0
v 99.214241027832031 -51.638439178466797 -23.198156356811523 0 0 0
v 83.89117431640625 -52.565242767333984 -22.919271469116211 0 0 0
v 100.79270172119141 -53.703338623046875 -20.107355117797852 0 0 0
v 114.24083709716797 -52.422573089599609 -20.36505126953125 0 0 0
v 113.91248321533203 -50.425788879394531 -23.425621032714844 0 0 0
v 130.61598205566406 -48.707820892333984 -23.54572868347168 0 0 0
v 85.865913391113281 -54.637805938720703 -19.699153900146484 0 0 0
v 68.318611145019531 -51.934364318847656 -22.311702728271484 0 0 0
v 72.74462890625 -53.91204833984375 -18.886110305786133 0 0 0
v 74.374778747558594 -52.567386627197266 -22.677305221557617 0 0 0
v 61.183334350585938 -51.219253540039062 -16.517057418823242 0 0 0
v 67.086723327636719 -52.828163146972656 -18.040966033935547 0 0 0
v 64.062660217285156 -51.118099212646484 -21.875701904296875 0 0 0
v 58.605983734130859 -49.407051086425781 -20.973161697387695 0 0 0
v 54.009807586669922 -47.797035217285156 -17.874238967895508 0 0 0
v 78.962356567382812 -54.483112335205078 -19.523681640625 0 0 0
v 83.89117431640625 -52.565242767333984 -22.919271469116211 0 0 0
v 45.900585174560547 -43.984565734863281 -17.576749801635742 0 0 0
v 54.009807586669922 -47.797035217285156 -17.874238967895508 0 0 0
v 52.9620361328125 -48.434566497802734 -14.07017707824707 0 0 0
v 61.183334350585938 -51.219253540039062 -16.517057418823242 0 0 0
v 29.979934692382812 -39.974411010742188 -14.034737586975098 0 0 0
v 24.610483169555664 -40.077548980712891 -13.353359222412109 0 0 0
v 26.604825973510742 -42.113151550292969 -11.960655212402344 0 0 0
v 31.631683349609375 -44.923969268798828 -9.7922706604003906 0 0 0
v 34.875850677490234 -42.361488342285156 -12.879151344299316 0 0 0
v 38.82177734375 -41.578083038330078 -15.767305374145508 0 0 0
v 41.502006530761719 -45.737419128417969 -11.083465576171875 0 0 0
v 47.141510009765625 -46.635066986083984 -12.72365665435791 0 0 0
v 15.86794376373291 -45.666301727294922 -8.9044370651245117 0 0 0
v 9.7715921401977539 -42.0653076171875 -12.779136657714844 0 0 0
v 5.2832150459289551 -45.954387664794922 -8.3655519485473633 0 0 0
v 18.694803237915039 -43.184822082519531 -11.273872375488281 0 0 0
v 23.172229766845703 -45.446323394775391 -9.1678867340087891 0 0 0
v -66.959709167480469 -37.604080200195312 -5.2619285583496094 0 0 0
v -63.706150054931641 -38.805873870849609 -12.22740650177002 0 0 0
v -70.264129638671875 -34.548583984375 -7.9448647499084473 0 0 0
v -66.921516418457031 -35.997158050537109 -12.577821731567383 0 0 0
v -72.010574340820312 -32.454257965087891 -8.6153621673583984 0 0 0
v -70.018447875976562 -31.889501571655273 -12.816109657287598 0 0 0
v -57.817234039306641 -41.675071716308594 -5.911097526550293 0 0 0
v -56.478427886962891 -41.589862823486328 -11.737627983093262 0 0 0
v -60.906036376953125 -40.287734985351562 -11.993626594543457 0 0 0
v -70.522796630859375 -34.974632263183594 -4.9794669151306152 0 0 0
v -79.174217224121094 -13.704954147338867 -7.961026668548584 0 0 0
v -77.155319213867188 -4.9093518257141113 -12.253151893615723 0 0 0
v -80.302787780761719 -4.9330935478210449 -7.3573050498962402 0 0 0
v -81.641410827636719 -12.638876914978027 -3.9679985046386719 0 0 0
v -80.040596008300781 -20.123760223388672 -3.9880552291870117 0 0 0
v -74.543769836425781 -22.369213104248047 -12.591977119445801 0 0 0
v -76.043472290039062 -15.650785446166992 -12.355701446533203 0 0 0
v -77.977592468261719 -19.920099258422852 -8.0693702697753906 0 0 0
v -78.431793212890625 -24.632053375244141 -4.1146502494812012 0 0 0
v -74.625946044921875 -29.466642379760742 -7.3406224250793457 0 0 0
v -75.580650329589844 -25.750228881835938 -9.4048128128051758 0 0 0
v -82.390632629394531 4.1007771492004395 -3.916412353515625 0 0 0
v -82.326904296875 -4.7039890289306641 -3.951439380645752 0 0 0
v -32.893886566162109 -45.752849578857422 -6.6918597221374512 0 0 0
v -43.107963562011719 -43.281944274902344 -11.469700813293457 0 0 0
v -50.590717315673828 -42.610279083251953 -11.549198150634766 0 0 0
v -15.568404197692871 -46.297557830810547 -7.3061985969543457 0 0 0
v -32.844253540039062 -43.619552612304688 -11.503636360168457 0 0 0
v -44.441043853759766 -44.60211181640625 -6.3791589736938477 0 0 0
v -51.767436981201172 -43.331268310546875 -6.1945943832397461 0 0 0
v 5.2832150459289551 -45.954387664794922 -8.3655519485473633 0 0 0
v -1.6531667709350586 -42.827526092529297 -12.358646392822266 0 0 0
v -19.127355575561523 -43.447547912597656 -11.778252601623535 0 0 0
v -56.478427886962891 -41.589862823486328 -11.737627983093262 0 0 0
v -57.817234039306641 -41.675071716308594 -5.911097526550293 0 0 0
v -43.955814361572266 45.448215484619141 -6.3216080665588379 0 0 0
v -52.085418701171875 44.078964233398438 -5.9733591079711914 0 0 0
v -50.836467742919922 43.845596313476562 -6.0550670623779297 0 0 0
v -43.876754760742188 44.651809692382812 -6.4826149940490723 0 0 0
v -36.050846099853516 45.880828857421875 -6.5251097679138184 0 0 0
v -36.488426208496094 46.258228302001953 -6.6700983047485352 0 0 0
v -43.955814361572266 45.448215484619141 -6.3216080665588379 0 0 0
v -36.050846099853516 45.880828857421875 -6.5251097679138184 0 0 0
v -37.285663604736328 45.34814453125 -6.7095685005187988 0 0 0
v -26.142282485961914 46.043716430664062 -6.9271693229675293 0 0 0
v -24.760562896728516 46.557064056396484 -6.9029378890991211 0 0 0
v -9.9957742691040039 46.929607391357422 -7.5016617774963379 0 0 0
v -17.854267120361328 46.964530944824219 -7.2604517936706543 0 0 0
v -14.436598777770996 46.337059020996094 -7.3114314079284668 0 0 0
v 7.6313824653625488 45.938510894775391 -8.4903383255004883 0 0 0
v 1.7326841354370117 46.775382995605469 -8.1946868896484375 0 0 0
v -62.180015563964844 40.070323944091797 -5.5408339500427246 0 0 0
v -59.414333343505859 41.85675048828125 -5.5012288093566895 0 0 0
v -67.94464111328125 37.666988372802734 -4.8783440589904785 0 0 0
v -50.836467742919922 43.845596313476562 -6.0550670623779297 0 0 0
v -52.085418701171875 44.078964233398438 -5.9733591079711914 0 0 0
v -58.177490234375 41.585090637207031 -5.8212113380432129 0 0 0
v -51.381351470947266 43.435478210449219 -6.206364631652832 0 0 0
v -67.153244018554688 37.449962615966797 -5.197967529296875 0 0 0
v -62.180015563964844 40.070323944091797 -5.5408339500427246 0 0 0
v -67.94464111328125 37.666988372802734 -4.8783440589904785 0 0 0
v -74.395500183105469 32.131080627441406 -4.549201488494873 0 0 0
v -70.517730712890625 34.977890014648438 -4.9781045913696289 0 0 0
v -73.9554443359375 31.639339447021484 -4.6354103088378906 0 0 0
v -74.395500183105469 32.131080627441406 -4.549201488494873 0 0 0
v -76.630638122558594 28.857812881469727 -4.3419699668884277 0 0 0
v -81.125137329101562 16.789152145385742 -4.0226845741271973 0 0 0
v -81.80645751953125 11.394043922424316 -3.950188159942627 0 0 0
v -80.182777404785156 18.607385635375977 -4.3516631126403809 0 0 0
v 158.44723510742188 42.173007965087891 -17.617713928222656 0 0 0
v 154.02449035644531 44.929218292236328 -18.536182403564453 0 0 0
v 153.80241394042969 44.386753082275391 -18.718950271606445 0 0 0
v 146.75286865234375 47.682052612304688 -19.782388687133789 0 0 0
v 149.05340576171875 46.274646759033203 -19.552997589111328 0 0 0
v 100.80891418457031 53.694690704345703 -20.116086959838867 0 0 0
v 115.44802856445312 52.8834228515625 -20.366216659545898 0 0 0
v 99.651840209960938 54.369869232177734 -20.120796203613281 0 0 0
v 80.470382690429688 55.271408081054688 -19.514387130737305 0 0 0
v 85.539482116699219 54.638751983642578 -19.698736190795898 0 0 0
v 91.170021057128906 55.004623413085938 -19.971895217895508 0 0 0
v 136.0040283203125 50.207748413085938 -20.400337219238281 0 0 0
v 136.55270385742188 49.433784484863281 -20.489114761352539 0 0 0
v 144.18794250488281 47.751140594482422 -20.127689361572266 0 0 0
v 43.730133056640625 46.68719482421875 -11.680496215820312 0 0 0
v 36.198699951171875 45.769542694091797 -10.34325122833252 0 0 0
v 41.53521728515625 45.740169525146484 -11.09397029876709 0 0 0
v 52.313308715820312 48.117053985595703 -14.13144588470459 0 0 0
v 56.987491607666016 49.436294555664062 -16.557348251342773 0 0 0
v 62.731128692626953 51.683986663818359 -16.949735641479492 0 0 0
v 50.014617919921875 48.158027648925781 -13.251947402954102 0 0 0
v 47.830238342285156 46.967685699462891 -12.628589630126953 0 0 0
v 62.6195068359375 52.371986389160156 -16.88054084777832 0 0 0
v 185.15377807617188 4.0331659317016602 -6.9359011650085449 0 0 0
v 185.40890502929688 8.0751981735229492 -6.6751742362976074 0 0 0
v 184.22514343261719 12.613537788391113 -7.3971257209777832 0 0 0
v 43.730133056640625 46.68719482421875 -11.680496215820312 0 0 0
v 41.53521728515625 45.740169525146484 -11.09397029876709 0 0 0
v 50.014617919921875 48.158027648925781 -13.251947402954102 0 0 0
v 74.993576049804688 54.824390411376953 -18.970703125 0 0 0
v 78.963508605957031 54.481521606445312 -19.524387359619141 0 0 0
v 85.539482116699219 54.638751983642578 -19.698736190795898 0 0 0
v 72.744842529296875 53.910907745361328 -18.886161804199219 0 0 0
v 163.91609191894531 39.101566314697266 -15.83445930480957 0 0 0
v 166.98420715332031 37.810146331787109 -14.616981506347656 0 0 0
v 159.99360656738281 41.88714599609375 -16.907659530639648 0 0 0
v 30.341163635253906 45.151371002197266 -9.5598859786987305 0 0 0
v 25.674476623535156 45.871356964111328 -9.4091548919677734 0 0 0
v 1.7326841354370117 46.775382995605469 -8.1946868896484375 0 0 0
v 21.407758712768555 45.405097961425781 -9.1595973968505859 0 0 0
v 62.6195068359375 52.371986389160156 -16.88054084777832 0 0 0
v 62.731128692626953 51.683986663818359 -16.949735641479492 0 0 0
v 68.128349304199219 53.73907470703125 -17.976968765258789 0 0 0
v 74.993576049804688 54.824390411376953 -18.970703125 0 0 0
v 72.744842529296875 53.910907745361328 -18.886161804199219 0 0 0
v 173.147216796875 32.51861572265625 -12.418951988220215 0 0 0
v 177.68954467773438 27.671903610229492 -10.625004768371582 0 0 0
v 174.10385131835938 32.380767822265625 -11.941689491271973 0 0 0
v 168.04183959960938 36.488822937011719 -14.380416870117188 0 0 0
v 168.077392578125 34.601879119873047 -18.32444953918457 0 0 0
v 171.84123229980469 31.564199447631836 -17.074331283569336 0 0 0
v 175.43731689453125 27.923358917236328 -15.820831298828125 0 0 0
v 177.68954467773438 27.671903610229492 -10.625004768371582 0 0 0
v 173.147216796875 32.51861572265625 -12.418951988220215 0 0 0
v 182.76358032226562 18.702552795410156 -7.921112060546875 0 0 0
v 182.75480651855469 12.139119148254395 -13.228022575378418 0 0 0
v 184.22514343261719 12.613537788391113 -7.3971257209777832 0 0 0
v 181.00431823730469 18.431360244750977 -13.825183868408203 0 0 0
v 179.07809448242188 22.78009033203125 -14.505901336669922 0 0 0
v 179.58737182617188 25.170131683349609 -9.443568229675293 0 0 0
v 183.68905639648438 4.0328335762023926 -12.968345642089844 0 0 0
v 183.77293395996094 -2.4859926700592041 -12.96027660369873 0 0 0
v 185.15377807617188 4.0331659317016602 -6.9359011650085449 0 0 0
v 154.6123046875 42.781181335449219 -22.052984237670898 0 0 0
v 161.37284851074219 39.105327606201172 -20.393688201904297 0 0 0
v 158.44723510742188 42.173007965087891 -17.617713928222656 0 0 0
v 153.80241394042969 44.386753082275391 -18.718950271606445 0 0 0
v 149.05340576171875 46.274646759033203 -19.552997589111328 0 0 0
v 163.91609191894531 39.101566314697266 -15.83445930480957 0 0 0
v 180.58328247070312 27.36589241027832 -22.732681274414062 0 0 0
v 179.06980895996094 28.428461074829102 -24.503696441650391 0 0 0
v 177.33305358886719 30.478488922119141 -24.872629165649414 0 0 0
v 136.59207153320312 53.516845703125 -23.03715705871582 0 0 0
v 142.03436279296875 52.510688781738281 -23.508441925048828 0 0 0
v 135.8062744140625 53.632705688476562 -23.840175628662109 0 0 0
v 144.41438293457031 51.611244201660156 -21.977066040039062 0 0 0
v 146.6533203125 51.567737579345703 -22.566371917724609 0 0 0
v 159.01499938964844 47.143787384033203 -19.616479873657227 0 0 0
v 156.2293701171875 48.429325103759766 -21.342479705810547 0 0 0
v 151.02824401855469 50.365272521972656 -21.853128433227539 0 0 0
v 153.41703796386719 48.843299865722656 -20.421573638916016 0 0 0
v 159.54878234863281 46.306602478027344 -18.808895111083984 0 0 0
v 169.20066833496094 41.462329864501953 -16.20622444152832 0 0 0
v 161.8555908203125 45.887119293212891 -19.377893447875977 0 0 0
v 166.65168762207031 42.445419311523438 -16.378870010375977 0 0 0
v 6.1663041114807129 40.748699188232422 -26.740865707397461 0 0 0
v -3.2765266895294189 43.885292053222656 -30.87858772277832 0 0 0
v 1.1940908432006836 43.729778289794922 -27.376911163330078 0 0 0
v 187.84881591796875 8.397587776184082 -18.623125076293945 0 0 0
v 187.99382019042969 9.6278982162475586 -17.923967361450195 0 0 0
v 188.59109497070312 2.1818537712097168 -17.679609298706055 0 0 0
v 66.614540100097656 51.265903472900391 -33.327785491943359 0 0 0
v 68.160110473632812 52.351318359375 -32.880340576171875 0 0 0
v 76.644912719726562 52.200344085693359 -33.831153869628906 0 0 0
v 56.813957214355469 49.065116882324219 -32.218276977539062 0 0 0
v 60.706512451171875 50.991306304931641 -32.149337768554688 0 0 0
v 84.975227355957031 53.340843200683594 -33.589836120605469 0 0 0
v 76.370437622070312 53.126834869384766 -33.175296783447266 0 0 0
v -11.67160701751709 46.091037750244141 -32.349308013916016 0 0 0
v -10.00019359588623 44.987152099609375 -32.773841857910156 0 0 0
v -15.184269905090332 45.374252319335938 -33.243537902832031 0 0 0
v -15.239502906799316 46.290260314941406 -32.742691040039062 0 0 0
v 116.11988067626953 51.618206024169922 -34.144977569580078 0 0 0
v 126.51047515869141 51.535957336425781 -33.375823974609375 0 0 0
v 127.94042205810547 50.476459503173828 -33.871002197265625 0 0 0
v 111.14255523681641 52.811859130859375 -33.710281372070312 0 0 0
v 117.54515838623047 52.689662933349609 -32.829483032226562 0 0 0
v 103.28571319580078 52.288551330566406 -34.260334014892578 0 0 0
v 97.506095886230469 53.485080718994141 -33.480556488037109 0 0 0
v 104.76138305664062 53.431079864501953 -33.125019073486328 0 0 0
v 92.762947082519531 53.343284606933594 -33.80181884765625 0 0 0
v 88.654823303222656 52.480693817138672 -34.131282806396484 0 0 0
v 84.975227355957031 53.340843200683594 -33.589836120605469 0 0 0
v 138.43984985351562 49.304641723632812 -33.430782318115234 0 0 0
v 114.88523864746094 56.401397705078125 -24.184288024902344 0 0 0
v 107.98121643066406 56.959053039550781 -24.419191360473633 0 0 0
v 94.120063781738281 58.007713317871094 -24.002189636230469 0 0 0
v 111.13764190673828 56.559883117675781 -23.183526992797852 0 0 0
v 94.257583618164062 57.694103240966797 -23.046794891357422 0 0 0
v 122.94060516357422 55.429592132568359 -23.387929916381836 0 0 0
v 127.97183227539062 54.346195220947266 -22.656557083129883 0 0 0
v 136.59207153320312 53.516845703125 -23.03715705871582 0 0 0
v 79.699920654296875 58.191986083984375 -22.847743988037109 0 0 0
v 71.585548400878906 47.303432464599609 -37.114772796630859 0 0 0
v 67.96795654296875 46.629524230957031 -36.881298065185547 0 0 0
v 64.140846252441406 46.188442230224609 -36.509891510009766 0 0 0
v 75.510429382324219 48.188423156738281 -36.704627990722656 0 0 0
v 67.631797790527344 47.392669677734375 -36.237892150878906 0 0 0
v 48.485576629638672 45.640037536621094 -30.361419677734375 0 0 0
v 49.569530487060547 46.942325592041016 -30.404850006103516 0 0 0
v 56.813957214355469 49.065116882324219 -32.218276977539062 0 0 0
v 159.80039978027344 43.888332366943359 -29.336126327514648 0 0 0
v 158.94316101074219 45.06634521484375 -28.850334167480469 0 0 0
v 165.21322631835938 42.520492553710938 -26.456821441650391 0 0 0
v 152.81221008300781 45.974189758300781 -31.491331100463867 0 0 0
v 153.8865966796875 46.657363891601562 -30.671667098999023 0 0 0
v 166.65168762207031 42.445419311523438 -16.378870010375977 0 0 0
v 174.30168151855469 36.73675537109375 -13.361730575561523 0 0 0
v 169.20066833496094 41.462329864501953 -16.20622444152832 0 0 0
v 179.34381103515625 31.114925384521484 -11.096402168273926 0 0 0
v 177.77670288085938 34.184654235839844 -12.914714813232422 0 0 0
v 183.2928466796875 24.538082122802734 -9.1324872970581055 0 0 0
v 183.76976013183594 25.671209335327148 -9.8432340621948242 0 0 0
v 18.11456298828125 48.479152679443359 -14.870649337768555 0 0 0
v 12.286381721496582 48.749748229980469 -16.100141525268555 0 0 0
v 8.4611501693725586 49.188316345214844 -16.408004760742188 0 0 0
v 27.885032653808594 47.927413940429688 -14.764649391174316 0 0 0
v 22.482034683227539 47.792858123779297 -15.411596298217773 0 0 0
v 32.046516418457031 48.162693023681641 -14.259116172790527 0 0 0
v 22.149738311767578 48.217983245849609 -13.896329879760742 0 0 0
v 32.355804443359375 48.043067932128906 -13.530237197875977 0 0 0
v 1.7420881986618042 49.935695648193359 -16.024717330932617 0 0 0
v 39.970684051513672 48.754283905029297 -14.345027923583984 0 0 0
v 38.448982238769531 48.679973602294922 -15.317432403564453 0 0 0
v 185.13235473632812 25.82166862487793 -16.804426193237305 0 0 0
v 181.60549926757812 30.632081985473633 -19.003623962402344 0 0 0
v 184.48295593261719 27.570169448852539 -16.303571701049805 0 0 0
v -100.92459106445312 -18.41156005859375 -24.770313262939453 0 0 0
v -100.98377990722656 18.241298675537109 -24.715276718139648 0 0 0
v -99.580909729003906 -22.691047668457031 -26.210613250732422 0 0 0
v 61.751541137695312 55.399158477783203 -20.581268310546875 0 0 0
v 59.078372955322266 54.689601898193359 -21.034940719604492 0 0 0
v 50.835617065429688 51.755352020263672 -18.317222595214844 0 0 0
v 69.493751525878906 57.269710540771484 -22.074289321899414 0 0 0
v 64.843742370605469 56.376468658447266 -22.44434928894043 0 0 0
v 20.562902450561523 33.787368774414062 -26.915536880493164 0 0 0
v 23.404325485229492 33.377368927001953 -27.478597640991211 0 0 0
v 20.098175048828125 33.153011322021484 -27.569705963134766 0 0 0
v 167.02256774902344 36.922065734863281 -29.844156265258789 0 0 0
v 171.76701354980469 33.864223480224609 -28.312908172607422 0 0 0
v 162.49691772460938 38.352691650390625 -32.306758880615234 0 0 0
v 173.27767944335938 33.473159790039062 -26.900123596191406 0 0 0
v 175.83816528320312 31.068206787109375 -26.267965316772461 0 0 0
v 179.06980895996094 28.428461074829102 -24.503696441650391 0 0 0
v 177.33305358886719 30.478488922119141 -24.872629165649414 0 0 0
v 50.623268127441406 42.564914703369141 -33.288707733154297 0 0 0
v 38.343479156494141 37.233798980712891 -30.203287124633789 0 0 0
v 38.815601348876953 37.907947540283203 -29.671249389648438 0 0 0
v 51.858554840087891 42.491001129150391 -34.225536346435547 0 0 0
v 47.292854309082031 40.439502716064453 -32.944587707519531 0 0 0
v 60.263954162597656 45.110996246337891 -35.990093231201172 0 0 0
v 55.982246398925781 43.673751831054688 -35.188442230224609 0 0 0
v 56.767066955566406 44.772586822509766 -34.843837738037109 0 0 0
v 90.422225952148438 48.678035736083984 -37.146320343017578 0 0 0
v 81.574699401855469 47.843971252441406 -37.479740142822266 0 0 0
v 75.510429382324219 48.188423156738281 -36.704627990722656 0 0 0
v 103.84703826904297 48.421962738037109 -37.139602661132812 0 0 0
v 108.25410461425781 47.673549652099609 -37.739330291748047 0 0 0
v 115.58863067626953 47.791328430175781 -37.045722961425781 0 0 0
v 132.42041015625 46.077934265136719 -36.633808135986328 0 0 0
v 135.80123901367188 45.061008453369141 -37.066860198974609 0 0 0
v 119.27332305908203 46.910350799560547 -37.595119476318359 0 0 0
v 71.585548400878906 47.303432464599609 -37.114772796630859 0 0 0
v 1.7288187742233276 50.011566162109375 -16.030326843261719 0 0 0
v 1.7515077590942383 49.885921478271484 -17.407230377197266 0 0 0
v -3.8130533695220947 50.701805114746094 -17.82435417175293 0 0 0
v 144.62014770507812 44.058311462402344 -35.861331939697266 0 0 0
v 148.23446655273438 42.695194244384766 -36.010368347167969 0 0 0
v 135.80123901367188 45.061008453369141 -37.066860198974609 0 0 0
v 152.51171875 41.553562164306641 -35.275455474853516 0 0 0
v 152.83433532714844 42.122127532958984 -34.653865814208984 0 0 0
v 145.98968505859375 47.779888153076172 -32.779136657714844 0 0 0
v 148.26406860351562 48.053024291992188 -31.868049621582031 0 0 0
v 152.81221008300781 45.974189758300781 -31.491331100463867 0 0 0
v 142.34611511230469 49.398178100585938 -32.415679931640625 0 0 0
v -100.47588348388672 17.458963394165039 -14.751116752624512 0 0 0
v -101.75868225097656 15.820557594299316 -18.671115875244141 0 0 0
v -100.97473907470703 11.214075088500977 -13.254887580871582 0 0 0
v -99.411689758300781 9.0522918701171875 -8.5176239013671875 0 0 0
v -101.12153625488281 5.6834831237792969 -12.773774147033691 0 0 0
v -99.478294372558594 21.823488235473633 -15.177646636962891 0 0 0
v -98.346656799316406 25.368951797485352 -15.948256492614746 0 0 0
v -97.103004455566406 28.791423797607422 -18.034112930297852 0 0 0
v -99.558967590332031 24.895166397094727 -21.731437683105469 0 0 0
v -100.58766937255859 21.567052841186523 -20.282894134521484 0 0 0
v -95.595375061035156 29.372364044189453 -12.083396911621094 0 0 0
v 39.970684051513672 48.754283905029297 -14.345027923583984 0 0 0
v 46.341243743896484 50.342052459716797 -16.954887390136719 0 0 0
v 41.684036254882812 49.254673004150391 -15.785403251647949 0 0 0
v 49.848285675048828 51.157459259033203 -16.918012619018555 0 0 0
v 49.569530487060547 46.942325592041016 -30.404850006103516 0 0 0
v 36.233570098876953 42.137874603271484 -25.878889083862305 0 0 0
v 40.694629669189453 43.844169616699219 -27.067155838012695 0 0 0
v 79.699920654296875 58.191986083984375 -22.847743988037109 0 0 0
v 72.011497497558594 57.672901153564453 -23.465702056884766 0 0 0
v 69.493751525878906 57.269710540771484 -22.074289321899414 0 0 0
v 187.65293884277344 14.631379127502441 -7.9835267066955566 0 0 0
v 186.45884704589844 19.595346450805664 -8.8477287292480469 0 0 0
v 186.25942993164062 17.097400665283203 -7.6561098098754883 0 0 0
v 187.55613708496094 8.783233642578125 -6.8200173377990723 0 0 0
v 188.56930541992188 9.7660512924194336 -7.5444145202636719 0 0 0
v 189.00749206542969 2.6970860958099365 -7.1419534683227539 0 0 0
v 158.608642578125 39.724632263183594 -33.673789978027344 0 0 0
v 155.94851684570312 40.266883850097656 -34.455467224121094 0 0 0
v 152.51171875 41.553562164306641 -35.275455474853516 0 0 0
v 152.83433532714844 42.122127532958984 -34.653865814208984 0 0 0
v 162.49691772460938 38.352691650390625 -32.306758880615234 0 0 0
v 159.85858154296875 39.852611541748047 -32.709354400634766 0 0 0
v -5.4983868598937988 43.756519317626953 -31.858901977539062 0 0 0
v -10.00019359588623 44.987152099609375 -32.773841857910156 0 0 0
v -7.8617620468139648 45.420871734619141 -31.935848236083984 0 0 0
v 185.34114074707031 18.996192932128906 -20.552032470703125 0 0 0
v 181.85791015625 25.027914047241211 -22.842397689819336 0 0 0
v 183.09268188476562 24.052680969238281 -21.652877807617188 0 0 0
v 27.533626556396484 39.804241180419922 -23.830673217773438 0 0 0
v 28.081184387207031 44.214500427246094 -18.912778854370117 0 0 0
v 30.221351623535156 42.327804565429688 -21.553449630737305 0 0 0
v 23.656024932861328 42.296306610107422 -20.555450439453125 0 0 0
v 23.093624114990234 39.251617431640625 -23.34330940246582 0 0 0
v 19.670257568359375 43.027866363525391 -20.234092712402344 0 0 0
v 17.80994987487793 38.344352722167969 -23.978120803833008 0 0 0
v 15.849839210510254 41.902851104736328 -21.903081893920898 0 0 0
v 5.873466968536377 42.919609069824219 -25.120281219482422 0 0 0
v 6.5202507972717285 46.015541076660156 -21.532979965209961 0 0 0
v 11.166937828063965 45.891902923583984 -19.855983734130859 0 0 0
v 44.375640869140625 47.607273101806641 -21.93330192565918 0 0 0
v 40.694629669189453 43.844169616699219 -27.067155838012695 0 0 0
v 39.678173065185547 46.829418182373047 -19.301580429077148 0 0 0
v 33.482074737548828 41.360195159912109 -24.993417739868164 0 0 0
v 36.907146453857422 45.848464965820312 -19.322080612182617 0 0 0
v 36.233570098876953 42.137874603271484 -25.878889083862305 0 0 0
v 34.213253021240234 47.941558837890625 -15.311324119567871 0 0 0
v 22.482034683227539 47.792858123779297 -15.411596298217773 0 0 0
v 16.382242202758789 45.615577697753906 -18.639762878417969 0 0 0
v 12.286381721496582 48.749748229980469 -16.100141525268555 0 0 0
v 38.448982238769531 48.679973602294922 -15.317432403564453 0 0 0
v 13.407368659973145 38.562465667724609 -24.783245086669922 0 0 0
v 3.064847469329834 45.004547119140625 -24.621484756469727 0 0 0
v 46.341243743896484 50.342052459716797 -16.954887390136719 0 0 0
v 41.684036254882812 49.254673004150391 -15.785403251647949 0 0 0
v 27.885032653808594 47.927413940429688 -14.764649391174316 0 0 0
v 12.286381721496582 48.749748229980469 -16.100141525268555 0 0 0
v -11.26514720916748 41.328449249267578 -35.882537841796875 0 0 0
v -15.854972839355469 40.887470245361328 -36.747158050537109 0 0 0
v -17.862970352172852 41.574333190917969 -36.27777099609375 0 0 0
v -66.744178771972656 44.904407501220703 -32.422039031982422 0 0 0
v -63.498714447021484 49.132286071777344 -18.50370979309082 0 0 0
v -64.601905822753906 46.567634582519531 -27.355239868164062 0 0 0
v -72.81219482421875 43.968479156494141 -32.204448699951172 0 0 0
v -69.907173156738281 47.804359436035156 -18.358432769775391 0 0 0
v -74.435653686523438 46.534923553466797 -18.299716949462891 0 0 0
v -78.143798828125 42.879020690917969 -31.387357711791992 0 0 0
v -78.484977722167969 45.091926574707031 -17.473278045654297 0 0 0
v -85.75286865234375 40.063724517822266 -30.016401290893555 0 0 0
v -84.175865173339844 41.602096557617188 -23.502779006958008 0 0 0
v -81.873374938964844 41.608257293701172 -31.069232940673828 0 0 0
v -89.235359191894531 38.088653564453125 -28.989303588867188 0 0 0
v -87.468673706054688 39.700057983398438 -23.033208847045898 0 0 0
v -82.979713439941406 42.868759155273438 -16.866327285766602 0 0 0
v -86.704330444335938 40.394550323486328 -16.041624069213867 0 0 0
v -89.796058654785156 37.809703826904297 -15.353096008300781 0 0 0
v -92.20770263671875 36.025691986083984 -27.538232803344727 0 0 0
v -97.443199157714844 29.556671142578125 -24.024776458740234 0 0 0
v -95.155143737792969 32.06793212890625 -18.968105316162109 0 0 0
v -93.49737548828125 34.422065734863281 -20.562467575073242 0 0 0
v 169.25445556640625 -35.213214874267578 -29.489601135253906 0 0 0
v 163.36088562011719 -37.921772003173828 -31.966127395629883 0 0 0
v 167.29653930664062 35.822078704833984 -30.342796325683594 0 0 0
v 169.25445556640625 -35.213214874267578 -29.489601135253906 0 0 0
v 171.76701354980469 33.864223480224609 -28.312908172607422 0 0 0
v 175.1787109375 -31.601528167724609 -26.620664596557617 0 0 0
v 175.83816528320312 31.068206787109375 -26.267965316772461 0 0 0
v 179.16897583007812 -28.022586822509766 -24.447341918945312 0 0 0
v 179.06980895996094 28.428461074829102 -24.503696441650391 0 0 0
v 162.49691772460938 38.352691650390625 -32.306758880615234 0 0 0
v 187.84881591796875 8.397587776184082 -18.623125076293945 0 0 0
v 188.59109497070312 2.1818537712097168 -17.679609298706055 0 0 0
v 187.82502746582031 -8.476414680480957 -18.657651901245117 0 0 0
v 185.34114074707031 18.996192932128906 -20.552032470703125 0 0 0
v -1.5617833137512207 48.673099517822266 -21.596948623657227 0 0 0
v -1.1600711345672607 45.684211730957031 -26.527111053466797 0 0 0
v -7.8617620468139648 45.420871734619141 -31.935848236083984 0 0 0
v -9.5460481643676758 48.000934600830078 -27.275245666503906 0 0 0
v 1.7515077590942383 49.885921478271484 -17.407230377197266 0 0 0
v 3.2805986404418945 47.61187744140625 -20.753011703491211 0 0 0
v 3.064847469329834 45.004547119140625 -24.621484756469727 0 0 0
v -3.8130533695220947 50.701805114746094 -17.82435417175293 0 0 0
v 1.1940908432006836 43.729778289794922 -27.376911163330078 0 0 0
v -3.2765266895294189 43.885292053222656 -30.87858772277832 0 0 0
v -15.093652725219727 50.310291290283203 -22.078086853027344 0 0 0
v -17.857994079589844 51.533119201660156 -17.972393035888672 0 0 0
v -11.741267204284668 51.304862976074219 -18.260030746459961 0 0 0
v -11.67160701751709 46.091037750244141 -32.349308013916016 0 0 0
v 173.27767944335938 33.473159790039062 -26.900123596191406 0 0 0
v 171.71571350097656 34.329551696777344 -24.14985466003418 0 0 0
v 177.33305358886719 30.478488922119141 -24.872629165649414 0 0 0
v 167.02256774902344 36.922065734863281 -29.844156265258789 0 0 0
v 166.0242919921875 37.263992309570312 -26.721696853637695 0 0 0
v 180.58328247070312 27.36589241027832 -22.732681274414062 0 0 0
v 176.94342041015625 30.636877059936523 -21.564559936523438 0 0 0
v 180.68147277832031 26.92742919921875 -19.543338775634766 0 0 0
v 159.33811950683594 40.035884857177734 -29.516387939453125 0 0 0
v 185.5623779296875 18.609504699707031 -16.535011291503906 0 0 0
v 186.84278869628906 14.31813907623291 -15.653553009033203 0 0 0
v 187.14558410644531 14.538423538208008 -18.809749603271484 0 0 0
v 188.59109497070312 2.1818537712097168 -17.679609298706055 0 0 0
v 187.77046203613281 9.207463264465332 -14.968222618103027 0 0 0
v 188.210693359375 2.4888174533843994 -14.636325836181641 0 0 0
v 187.99382019042969 9.6278982162475586 -17.923967361450195 0 0 0
v 183.09268188476562 24.052680969238281 -21.652877807617188 0 0 0
v 67.631797790527344 47.392669677734375 -36.237892150878906 0 0 0
v 67.402168273925781 47.308658599853516 -33.431472778320312 0 0 0
v 72.223487854003906 47.959701538085938 -33.676311492919922 0 0 0
v 61.143390655517578 46.037162780761719 -35.494064331054688 0 0 0
v 56.767066955566406 44.772586822509766 -34.843837738037109 0 0 0
v 50.623268127441406 42.564914703369141 -33.288707733154297 0 0 0
v 51.033836364746094 42.784461975097656 -31.07142448425293 0 0 0
v 38.815601348876953 37.907947540283203 -29.671249389648438 0 0 0
v 34.088623046875 36.456893920898438 -25.878473281860352 0 0 0
v 41.293560028076172 38.874813079833984 -28.117525100708008 0 0 0
v 5.7384510040283203 35.622028350830078 -27.497049331665039 0 0 0
v 4.9131960868835449 35.892452239990234 -30.788053512573242 0 0 0
v -2.1963851451873779 39.017925262451172 -30.824163436889648 0 0 0
v -13.804896354675293 41.552715301513672 -33.194374084472656 0 0 0
v -7.2303252220153809 40.700050354003906 -32.336299896240234 0 0 0
v -11.26514720916748 41.328449249267578 -35.882537841796875 0 0 0
v -63.166286468505859 40.508724212646484 -36.129116058349609 0 0 0
v -66.851898193359375 40.177955627441406 -33.065132141113281 0 0 0
v -56.796218872070312 41.034469604492188 -33.337936401367188 0 0 0
v -51.205013275146484 41.292167663574219 -36.303462982177734 0 0 0
v -42.212059020996094 41.639839172363281 -33.546794891357422 0 0 0
v -26.981904983520508 41.7003173828125 -33.470535278320312 0 0 0
v -36.907001495361328 41.669242858886719 -36.439605712890625 0 0 0
v -13.804896354675293 41.552715301513672 -33.194374084472656 0 0 0
v -17.862970352172852 41.574333190917969 -36.27777099609375 0 0 0
v 10.387816429138184 34.274654388427734 -28.826450347900391 0 0 0
v 5.7384510040283203 35.622028350830078 -27.497049331665039 0 0 0
v 9.2680902481079102 34.625240325927734 -26.133880615234375 0 0 0
v 13.030593872070312 33.969432830810547 -24.991111755371094 0 0 0
v 15.92198371887207 33.683578491210938 -27.506389617919922 0 0 0
v 17.483510971069336 33.743999481201172 -24.186422348022461 0 0 0
v 20.562902450561523 33.787368774414062 -26.915536880493164 0 0 0
v 22.999519348144531 34.101097106933594 -23.948028564453125 0 0 0
v 28.809646606445312 35.115474700927734 -24.64337158203125 0 0 0
v 25.909208297729492 34.459629058837891 -27.150005340576172 0 0 0
v 124.73311614990234 46.990852355957031 -33.989173889160156 0 0 0
v 127.94042205810547 50.476459503173828 -33.871002197265625 0 0 0
v 138.09397888183594 45.272449493408203 -33.510929107666016 0 0 0
v 76.644912719726562 52.200344085693359 -33.831153869628906 0 0 0
v 85.32806396484375 48.640605926513672 -34.086112976074219 0 0 0
v 72.223487854003906 47.959701538085938 -33.676311492919922 0 0 0
v 96.989280700683594 48.652824401855469 -34.251857757568359 0 0 0
v 88.654823303222656 52.480693817138672 -34.131282806396484 0 0 0
v 55.883010864257812 44.559486389160156 -32.059463500976562 0 0 0
v 48.886402130126953 41.932334899902344 -30.460594177246094 0 0 0
v 48.485576629638672 45.640037536621094 -30.361419677734375 0 0 0
v 76.644912719726562 52.200344085693359 -33.831153869628906 0 0 0
v 72.223487854003906 47.959701538085938 -33.676311492919922 0 0 0
v 66.614540100097656 51.265903472900391 -33.327785491943359 0 0 0
v 63.428371429443359 46.592948913574219 -33.061653137207031 0 0 0
v 56.813957214355469 49.065116882324219 -32.218276977539062 0 0 0
v 65.630355834960938 54.430240631103516 -27.702756881713867 0 0 0
v 60.706512451171875 50.991306304931641 -32.149337768554688 0 0 0
v 63.147159576416016 54.482025146484375 -25.934148788452148 0 0 0
v 64.843742370605469 56.376468658447266 -22.44434928894043 0 0 0
v 59.078372955322266 54.689601898193359 -21.034940719604492 0 0 0
v 54.562725067138672 51.274158477783203 -25.775718688964844 0 0 0
v 50.835617065429688 51.755352020263672 -18.317222595214844 0 0 0
v 72.011497497558594 57.672901153564453 -23.465702056884766 0 0 0
v 79.019866943359375 58.144916534423828 -23.942956924438477 0 0 0
v 76.826950073242188 56.266819000244141 -27.397550582885742 0 0 0
v 85.062705993652344 58.18328857421875 -24.060766220092773 0 0 0
v 54.937088012695312 49.349006652832031 -31.202362060546875 0 0 0
v 50.1041259765625 47.674526214599609 -29.895351409912109 0 0 0
v 76.370437622070312 53.126834869384766 -33.175296783447266 0 0 0
v 68.160110473632812 52.351318359375 -32.880340576171875 0 0 0
v 70.923141479492188 54.712509155273438 -29.209342956542969 0 0 0
v 84.975227355957031 53.340843200683594 -33.589836120605469 0 0 0
v 174.8902587890625 37.223670959472656 -21.75360107421875 0 0 0
v 178.86297607421875 34.054180145263672 -19.759679794311523 0 0 0
v 175.21502685546875 36.254425048828125 -22.41796875 0 0 0
v 169.55364990234375 40.392562866210938 -24.521627426147461 0 0 0
v 168.208251953125 40.205173492431641 -25.744909286499023 0 0 0
v 165.21322631835938 42.520492553710938 -26.456821441650391 0 0 0
v 159.80039978027344 43.888332366943359 -29.336126327514648 0 0 0
v -1.7276421785354614 -37.818412780761719 -34.114704132080078 0 0 0
v -1.4494587182998657 37.777301788330078 -34.012992858886719 0 0 0
v 5.2936820983886719 -35.223526000976562 -31.311384201049805 0 0 0
v -15.854972839355469 40.887470245361328 -36.747158050537109 0 0 0
v -12.796530723571777 40.336933135986328 -36.567611694335938 0 0 0
v -15.196293830871582 -40.869369506835938 -36.722831726074219 0 0 0
v 71.585548400878906 47.303432464599609 -37.114772796630859 0 0 0
v 75.430770874023438 14.13126277923584 -37.275009155273438 0 0 0
v 67.96795654296875 46.629524230957031 -36.881298065185547 0 0 0
v 64.579254150390625 -46.266380310058594 -36.568500518798828 0 0 0
v 64.140846252441406 46.188442230224609 -36.509891510009766 0 0 0
v 60.263954162597656 45.110996246337891 -35.990093231201172 0 0 0
v 59.965610504150391 -45.186134338378906 -35.941226959228516 0 0 0
v 55.982246398925781 43.673751831054688 -35.188442230224609 0 0 0
v 55.765949249267578 -43.594867706298828 -35.144248962402344 0 0 0
v 51.858554840087891 42.491001129150391 -34.225536346435547 0 0 0
v 135.80123901367188 45.061008453369141 -37.066860198974609 0 0 0
v 141.26904296875 43.846179962158203 -36.743484497070312 0 0 0
v 133.28343200683594 -11.516945838928223 -37.167392730712891 0 0 0
v 152.51171875 41.553562164306641 -35.275455474853516 0 0 0
v 149.6307373046875 -42.347541809082031 -35.794780731201172 0 0 0
v 148.23446655273438 42.695194244384766 -36.010368347167969 0 0 0
v 154.813720703125 -40.60003662109375 -34.748825073242188 0 0 0
v 152.51171875 41.553562164306641 -35.275455474853516 0 0 0
v 155.94851684570312 40.266883850097656 -34.455467224121094 0 0 0
v 158.608642578125 39.724632263183594 -33.673789978027344 0 0 0
v 158.71731567382812 -39.62896728515625 -33.658336639404297 0 0 0
v 162.49691772460938 38.352691650390625 -32.306758880615234 0 0 0
v 190.64495849609375 6.2729620933532715 -11.221535682678223 0 0 0
v 190.96282958984375 -0.0034599120263010263 -11.332131385803223 0 0 0
v 190.7183837890625 6.7570405006408691 -12.182403564453125 0 0 0
v 190.65620422363281 0.0012270475272089243 -12.552321434020996 0 0 0
v 189.78831481933594 10.826708793640137 -13.373300552368164 0 0 0
v 190.18510437011719 12.242650032043457 -12.404775619506836 0 0 0
v 189.31948852539062 16.286714553833008 -12.814409255981445 0 0 0
v 188.21156311035156 19.087688446044922 -14.626372337341309 0 0 0
v 187.209228515625 22.635906219482422 -14.464005470275879 0 0 0
v 185.13235473632812 25.82166862487793 -16.804426193237305 0 0 0
v 189.00749206542969 2.6970860958099365 -7.1419534683227539 0 0 0
v -59.639675140380859 47.880504608154297 -14.157438278198242 0 0 0
v -56.388210296630859 45.007251739501953 -8.7653264999389648 0 0 0
v -50.750282287597656 48.741565704345703 -13.59270191192627 0 0 0
v -43.606819152832031 47.899200439453125 -10.79389476776123 0 0 0
v -37.973567962646484 49.065814971923828 -12.306934356689453 0 0 0
v -43.955814361572266 45.448215484619141 -6.3216080665588379 0 0 0
v -36.488426208496094 46.258228302001953 -6.6700983047485352 0 0 0
v -17.858142852783203 49.898731231689453 -13.184201240539551 0 0 0
v -17.857994079589844 51.533119201660156 -17.972393035888672 0 0 0
v -31.616926193237305 50.077190399169922 -14.000974655151367 0 0 0
v -58.729404449462891 49.781925201416016 -17.561286926269531 0 0 0
v -52.085418701171875 44.078964233398438 -5.9733591079711914 0 0 0
v -26.675861358642578 46.848522186279297 -7.0000534057617188 0 0 0
v -17.854267120361328 46.964530944824219 -7.2604517936706543 0 0 0
v 10.387816429138184 34.274654388427734 -28.826450347900391 0 0 0
v 13.407475471496582 33.138114929199219 -28.619150161743164 0 0 0
v 5.4771404266357422 35.104084014892578 -31.240402221679688 0 0 0
v 15.92198371887207 33.683578491210938 -27.506389617919922 0 0 0
v 16.526317596435547 33.045509338378906 -27.979663848876953 0 0 0
v 20.562902450561523 33.787368774414062 -26.915536880493164 0 0 0
v 166.98420715332031 37.810146331787109 -14.616981506347656 0 0 0
v 174.30168151855469 36.73675537109375 -13.361730575561523 0 0 0
v 166.65168762207031 42.445419311523438 -16.378870010375977 0 0 0
v 186.25942993164062 17.097400665283203 -7.6561098098754883 0 0 0
v 182.76358032226562 18.702552795410156 -7.921112060546875 0 0 0
v 185.40890502929688 8.0751981735229492 -6.6751742362976074 0 0 0
v 188.10035705566406 -1.4973077774047852 -6.5402703285217285 0 0 0
v 187.55613708496094 8.783233642578125 -6.8200173377990723 0 0 0
v -7.2303252220153809 40.700050354003906 -32.336299896240234 0 0 0
v -13.804896354675293 41.552715301513672 -33.194374084472656 0 0 0
v -10.00019359588623 44.987152099609375 -32.773841857910156 0 0 0
v 5.7384510040283203 35.622028350830078 -27.497049331665039 0 0 0
v -2.1963851451873779 39.017925262451172 -30.824163436889648 0 0 0
v -1.8927617073059082 42.254344940185547 -30.73933219909668 0 0 0
v -5.4983868598937988 43.756519317626953 -31.858901977539062 0 0 0
v 186.84278869628906 14.31813907623291 -15.653553009033203 0 0 0
v 185.5623779296875 18.609504699707031 -16.535011291503906 0 0 0
v 188.21156311035156 19.087688446044922 -14.626372337341309 0 0 0
v 181.60549926757812 30.632081985473633 -19.003623962402344 0 0 0
v 185.13235473632812 25.82166862487793 -16.804426193237305 0 0 0
v 180.68147277832031 26.92742919921875 -19.543338775634766 0 0 0
v 175.21502685546875 36.254425048828125 -22.41796875 0 0 0
v 176.94342041015625 30.636877059936523 -21.564559936523438 0 0 0
v 171.71571350097656 34.329551696777344 -24.14985466003418 0 0 0
v 168.208251953125 40.205173492431641 -25.744909286499023 0 0 0
v 159.80039978027344 43.888332366943359 -29.336126327514648 0 0 0
v 166.0242919921875 37.263992309570312 -26.721696853637695 0 0 0
v -67.839561462402344 42.722606658935547 -9.7694492340087891 0 0 0
v -62.156318664550781 43.689071655273438 -8.7680444717407227 0 0 0
v -65.052864074707031 46.445762634277344 -13.538876533508301 0 0 0
v -59.639675140380859 47.880504608154297 -14.157438278198242 0 0 0
v -67.547897338867188 48.237106323242188 -17.344671249389648 0 0 0
v -73.850975036621094 46.543087005615234 -16.972921371459961 0 0 0
v -68.494125366210938 44.779323577880859 -12.468486785888672 0 0 0
v -72.396453857421875 40.872554779052734 -9.709965705871582 0 0 0
v -76.687835693359375 38.576259613037109 -9.6231222152709961 0 0 0
v -84.481239318847656 41.443752288818359 -15.505997657775879 0 0 0
v -81.425491333007812 36.671730041503906 -10.20365047454834 0 0 0
v -92.018669128417969 33.978443145751953 -12.609951019287109 0 0 0
v -86.951271057128906 30.179477691650391 -8.7384176254272461 0 0 0
v -83.0504150390625 32.041744232177734 -8.1943721771240234 0 0 0
v -52.085418701171875 44.078964233398438 -5.9733591079711914 0 0 0
v -56.388210296630859 45.007251739501953 -8.7653264999389648 0 0 0
v -59.414333343505859 41.85675048828125 -5.5012288093566895 0 0 0
v -67.94464111328125 37.666988372802734 -4.8783440589904785 0 0 0
v -71.9927978515625 34.609603881835938 -4.6816520690917969 0 0 0
v -74.395500183105469 32.131080627441406 -4.549201488494873 0 0 0
v -77.847816467285156 34.1656494140625 -7.152681827545166 0 0 0
v -76.630638122558594 28.857812881469727 -4.3419699668884277 0 0 0
v -82.030975341796875 28.534509658813477 -6.4344587326049805 0 0 0
v -84.636627197265625 23.196027755737305 -5.8900279998779297 0 0 0
v 144.62014770507812 44.058311462402344 -35.861331939697266 0 0 0
v 138.09397888183594 45.272449493408203 -33.510929107666016 0 0 0
v 146.63421630859375 43.656589508056641 -32.737861633300781 0 0 0
v 152.83433532714844 42.122127532958984 -34.653865814208984 0 0 0
v 159.33811950683594 40.035884857177734 -29.516387939453125 0 0 0
v 159.85858154296875 39.852611541748047 -32.709354400634766 0 0 0
v 152.98184204101562 42.053009033203125 -31.519296646118164 0 0 0
v 151.02824401855469 50.365272521972656 -21.853128433227539 0 0 0
v 153.8865966796875 46.657363891601562 -30.671667098999023 0 0 0
v 147.48439025878906 49.838832855224609 -27.42620849609375 0 0 0
v 156.2293701171875 48.429325103759766 -21.342479705810547 0 0 0
v 158.94316101074219 45.06634521484375 -28.850334167480469 0 0 0
v 161.8555908203125 45.887119293212891 -19.377893447875977 0 0 0
v 165.21322631835938 42.520492553710938 -26.456821441650391 0 0 0
v 148.26406860351562 48.053024291992188 -31.868049621582031 0 0 0
v 142.34611511230469 49.398178100585938 -32.415679931640625 0 0 0
v 136.48295593261719 50.442531585693359 -32.546775817871094 0 0 0
v 142.03436279296875 52.510688781738281 -23.508441925048828 0 0 0
v 146.6533203125 51.567737579345703 -22.566371917724609 0 0 0
v 11.385990142822266 47.815715789794922 -11.629084587097168 0 0 0
v 1.7298945188522339 48.950298309326172 -12.879900932312012 0 0 0
v 1.7326841354370117 46.775382995605469 -8.1946868896484375 0 0 0
v 94.120063781738281 58.007713317871094 -24.002189636230469 0 0 0
v 97.506095886230469 53.485080718994141 -33.480556488037109 0 0 0
v 92.762947082519531 53.343284606933594 -33.80181884765625 0 0 0
v 104.01861572265625 55.921802520751953 -27.530216217041016 0 0 0
v 107.98121643066406 56.959053039550781 -24.419191360473633 0 0 0
v 111.14255523681641 52.811859130859375 -33.710281372070312 0 0 0
v 104.76138305664062 53.431079864501953 -33.125019073486328 0 0 0
v 84.975227355957031 53.340843200683594 -33.589836120605469 0 0 0
v 85.062705993652344 58.18328857421875 -24.060766220092773 0 0 0
v 114.88523864746094 56.401397705078125 -24.184288024902344 0 0 0
v 117.54515838623047 52.689662933349609 -32.829483032226562 0 0 0
v 124.54463958740234 55.269680023193359 -24.20561408996582 0 0 0
v -11.26514720916748 41.328449249267578 -35.882537841796875 0 0 0
v -4.6946544647216797 39.953346252441406 -34.603717803955078 0 0 0
v -6.3047051429748535 39.8682861328125 -35.542293548583984 0 0 0
v -4.0446557998657227 39.258937835693359 -34.893470764160156 0 0 0
v 5.4771404266357422 35.104084014892578 -31.240402221679688 0 0 0
v -1.4494587182998657 37.777301788330078 -34.012992858886719 0 0 0
v 75.510429382324219 48.188423156738281 -36.704627990722656 0 0 0
v 72.223487854003906 47.959701538085938 -33.676311492919922 0 0 0
v 85.32806396484375 48.640605926513672 -34.086112976074219 0 0 0
v 96.989280700683594 48.652824401855469 -34.251857757568359 0 0 0
v 103.84703826904297 48.421962738037109 -37.139602661132812 0 0 0
v 90.422225952148438 48.678035736083984 -37.146320343017578 0 0 0
v 110.65724945068359 48.151729583740234 -34.239517211914062 0 0 0
v 115.58863067626953 47.791328430175781 -37.045722961425781 0 0 0
v 132.42041015625 46.077934265136719 -36.633808135986328 0 0 0
v 124.73311614990234 46.990852355957031 -33.989173889160156 0 0 0
v 138.09397888183594 45.272449493408203 -33.510929107666016 0 0 0
v -102.18368530273438 9.4041624069213867 -18.452884674072266 0 0 0
v -101.42770385742188 10.336797714233398 -19.867559432983398 0 0 0
v -101.80711364746094 2.2693219184875488 -19.195737838745117 0 0 0
v -100.68865203857422 20.370328903198242 -21.010673522949219 0 0 0
v -100.41161346435547 16.692237854003906 -21.349845886230469 0 0 0
v -98.545707702636719 22.758867263793945 -23.544834136962891 0 0 0
v 94.257583618164062 57.694103240966797 -23.046794891357422 0 0 0
v 91.170021057128906 55.004623413085938 -19.971895217895508 0 0 0
v 99.651840209960938 54.369869232177734 -20.120796203613281 0 0 0
v 111.13764190673828 56.559883117675781 -23.183526992797852 0 0 0
v 169.55364990234375 40.392562866210938 -24.521627426147461 0 0 0
v 165.21322631835938 42.520492553710938 -26.456821441650391 0 0 0
v 168.01165771484375 42.013923645019531 -19.992267608642578 0 0 0
v 184.48295593261719 27.570169448852539 -16.303571701049805 0 0 0
v 182.16845703125 30.677099227905273 -17.716548919677734 0 0 0
v 181.11349487304688 30.091556549072266 -11.474173545837402 0 0 0
v 183.76976013183594 25.671209335327148 -9.8432340621948242 0 0 0
v 187.209228515625 22.635906219482422 -14.464005470275879 0 0 0
v 189.31948852539062 16.286714553833008 -12.814409255981445 0 0 0
v 186.45884704589844 19.595346450805664 -8.8477287292480469 0 0 0
v 190.64495849609375 6.2729620933532715 -11.221535682678223 0 0 0
v 190.18510437011719 12.242650032043457 -12.404775619506836 0 0 0
v 188.56930541992188 9.7660512924194336 -7.5444145202636719 0 0 0
v 161.8555908203125 45.887119293212891 -19.377893447875977 0 0 0
v 169.20066833496094 41.462329864501953 -16.20622444152832 0 0 0
v 174.420654296875 37.433818817138672 -14.530981063842773 0 0 0
v 174.8902587890625 37.223670959472656 -21.75360107421875 0 0 0
v 177.77670288085938 34.184654235839844 -12.914714813232422 0 0 0
v 178.86297607421875 34.054180145263672 -19.759679794311523 0 0 0
v 71.585548400878906 47.303432464599609 -37.114772796630859 0 0 0
v 81.574699401855469 47.843971252441406 -37.479740142822266 0 0 0
v 75.430770874023438 14.13126277923584 -37.275009155273438 0 0 0
v 90.043182373046875 48.074871063232422 -37.657482147216797 0 0 0
v 80.106224060058594 -47.758518218994141 -37.444618225097656 0 0 0
v 108.25410461425781 47.673549652099609 -37.739330291748047 0 0 0
v 106.22032165527344 -47.767242431640625 -37.754291534423828 0 0 0
v 98.422264099121094 47.754940032958984 -37.749248504638672 0 0 0
v 119.27332305908203 46.910350799560547 -37.595119476318359 0 0 0
v 126.15998840332031 45.666946411132812 -37.419052124023438 0 0 0
v 111.1854248046875 -0.00057086942251771688 -37.713436126708984 0 0 0
v 133.28343200683594 -11.516945838928223 -37.167392730712891 0 0 0
v 135.80123901367188 45.061008453369141 -37.066860198974609 0 0 0
v -82.326904296875 -4.7039890289306641 -3.951439380645752 0 0 0
v -82.390632629394531 4.1007771492004395 -3.916412353515625 0 0 0
v -94.905525207519531 3.9438595771789551 -6.673640251159668 0 0 0
v -94.221855163574219 12.130279541015625 -6.7482762336730957 0 0 0
v -98.605720520019531 7.7036266326904297 -7.7272720336914062 0 0 0
v -84.636627197265625 23.196027755737305 -5.8900279998779297 0 0 0
v -82.030975341796875 28.534509658813477 -6.4344587326049805 0 0 0
v -89.567047119140625 26.835969924926758 -8.2984905242919922 0 0 0
v -98.374908447265625 14.027268409729004 -8.0396919250488281 0 0 0
v -79.130844116210938 22.684253692626953 -4.0756001472473145 0 0 0
v -85.006446838378906 18.086917877197266 -5.2156982421875 0 0 0
v -41.564910888671875 41.652141571044922 -33.54681396484375 0 0 0
v -55.413749694824219 45.028053283691406 -33.364471435546875 0 0 0
v -35.695671081542969 45.594581604003906 -33.529354095458984 0 0 0
v -15.184269905090332 45.374252319335938 -33.243537902832031 0 0 0
v -25.547142028808594 41.692710876464844 -33.455612182617188 0 0 0
v -68.597023010253906 43.790992736816406 -32.991737365722656 0 0 0
v -56.738323211669922 41.045890808105469 -33.347644805908203 0 0 0
v -13.804896354675293 41.552715301513672 -33.194374084472656 0 0 0
v 152.81221008300781 45.974189758300781 -31.491331100463867 0 0 0
v 159.80039978027344 43.888332366943359 -29.336126327514648 0 0 0
v 153.94667053222656 41.777896881103516 -31.261173248291016 0 0 0
v 147.02581787109375 43.576583862304688 -32.677772521972656 0 0 0
v -57.078300476074219 -40.391384124755859 -36.824619293212891 0 0 0
v -67.849418640136719 -39.339206695556641 -36.505905151367188 0 0 0
v -67.820167541503906 39.395595550537109 -36.509693145751953 0 0 0
v -57.276683807373047 40.368232727050781 -36.815162658691406 0 0 0
v -47.401962280273438 40.8565673828125 -36.979454040527344 0 0 0
v -39.877079010009766 40.523418426513672 -37.030231475830078 0 0 0
v -29.647302627563477 -0.00057086942251771688 -36.989444732666016 0 0 0
v -47.093582153320312 -40.361560821533203 -36.983615875244141 0 0 0
v -15.854972839355469 40.887470245361328 -36.747158050537109 0 0 0
v -15.196293830871582 -40.869369506835938 -36.722831726074219 0 0 0
v -26.083208084106445 -41.118392944335938 -36.949958801269531 0 0 0
v -29.295892715454102 41.090038299560547 -36.993175506591797 0 0 0
v -9.4323511123657227 49.190887451171875 -11.914846420288086 0 0 0
v -9.0778017044067383 50.339523315429688 -14.578519821166992 0 0 0
v -17.85624885559082 48.633430480957031 -10.506952285766602 0 0 0
v 1.7289825677871704 48.797962188720703 -12.539108276367188 0 0 0
v 1.7288187742233276 50.011566162109375 -16.030326843261719 0 0 0
v -9.9957742691040039 46.929607391357422 -7.5016617774963379 0 0 0
v 1.7326841354370117 46.775382995605469 -8.1946868896484375 0 0 0
v -9.0132064819335938 51.116725921630859 -16.941442489624023 0 0 0
v -17.857994079589844 51.533119201660156 -17.972393035888672 0 0 0
v 1.7326841354370117 46.775382995605469 -8.1946868896484375 0 0 0
v 25.674476623535156 45.871356964111328 -9.4091548919677734 0 0 0
v 11.385990142822266 47.815715789794922 -11.629084587097168 0 0 0
v 31.720441818237305 46.752891540527344 -11.374606132507324 0 0 0
v 36.198699951171875 45.769542694091797 -10.34325122833252 0 0 0
v 39.970684051513672 48.754283905029297 -14.345027923583984 0 0 0
v 43.730133056640625 46.68719482421875 -11.680496215820312 0 0 0
v 50.014617919921875 48.158027648925781 -13.251947402954102 0 0 0
v 49.848285675048828 51.157459259033203 -16.918012619018555 0 0 0
v 23.057880401611328 47.381370544433594 -11.925906181335449 0 0 0
v 5.2936820983886719 -35.223526000976562 -31.311384201049805 0 0 0
v -1.4494587182998657 37.777301788330078 -34.012992858886719 0 0 0
v 5.4771404266357422 35.104084014892578 -31.240402221679688 0 0 0
v 4.9131960868835449 35.892452239990234 -30.788053512573242 0 0 0
v -4.0446557998657227 39.258937835693359 -34.893470764160156 0 0 0
v -4.6946544647216797 39.953346252441406 -34.603717803955078 0 0 0
v 144.41438293457031 51.611244201660156 -21.977066040039062 0 0 0
v 127.97183227539062 54.346195220947266 -22.656557083129883 0 0 0
v 136.0040283203125 50.207748413085938 -20.400337219238281 0 0 0
v 154.02449035644531 44.929218292236328 -18.536182403564453 0 0 0
v 153.41703796386719 48.843299865722656 -20.421573638916016 0 0 0
v 146.75286865234375 47.682052612304688 -19.782388687133789 0 0 0
v 166.65168762207031 42.445419311523438 -16.378870010375977 0 0 0
v 159.99360656738281 41.88714599609375 -16.907659530639648 0 0 0
v 166.98420715332031 37.810146331787109 -14.616981506347656 0 0 0
v -102.41207885742188 11.50181770324707 -22.017818450927734 0 0 0
v -103.12082672119141 4.6150169372558594 -21.547464370727539 0 0 0
v -101.62715911865234 7.3480758666992188 -19.522851943969727 0 0 0
v -101.23947906494141 17.852781295776367 -23.742691040039062 0 0 0
v -101.05259704589844 13.347772598266602 -20.470596313476562 0 0 0
v -96.740798950195312 26.226715087890625 -25.267583847045898 0 0 0
v -96.761886596679688 27.503665924072266 -28.283473968505859 0 0 0
v -99.296981811523438 23.053823471069336 -25.878395080566406 0 0 0
v -101.80711364746094 2.2693219184875488 -19.195737838745117 0 0 0
v 28.627792358398438 35.061843872070312 -24.535678863525391 0 0 0
v 28.883613586425781 39.265598297119141 -24.574262619018555 0 0 0
v 34.088623046875 36.456893920898438 -25.878473281860352 0 0 0
v 22.940950393676758 38.208507537841797 -23.799938201904297 0 0 0
v 15.21387767791748 33.777706146240234 -24.401840209960938 0 0 0
v 13.407368659973145 38.562465667724609 -24.783245086669922 0 0 0
v 17.80994987487793 38.344352722167969 -23.978120803833008 0 0 0
v 34.952117919921875 40.710445404052734 -26.097332000732422 0 0 0
v 33.482074737548828 41.360195159912109 -24.993417739868164 0 0 0
v 36.233570098876953 42.137874603271484 -25.878889083862305 0 0 0
v 28.883613586425781 39.265598297119141 -24.574262619018555 0 0 0
v 22.940950393676758 38.208507537841797 -23.799938201904297 0 0 0
v 27.533626556396484 39.804241180419922 -23.830673217773438 0 0 0
v 3.2805986404418945 47.61187744140625 -20.753011703491211 0 0 0
v 6.5202507972717285 46.015541076660156 -21.532979965209961 0 0 0
v 3.064847469329834 45.004547119140625 -24.621484756469727 0 0 0
v 6.1663041114807129 40.748699188232422 -26.740865707397461 0 0 0
v 1.1940908432006836 43.729778289794922 -27.376911163330078 0 0 0
v 5.873466968536377 42.919609069824219 -25.120281219482422 0 0 0
v 8.4611501693725586 49.188316345214844 -16.408004760742188 0 0 0
v -90.396369934082031 36.566844940185547 -29.248754501342773 0 0 0
v -86.125404357910156 39.106060028076172 -30.738187789916992 0 0 0
v -86.222343444824219 35.568855285644531 -30.763111114501953 0 0 0
v -98.545707702636719 22.758867263793945 -23.544834136962891 0 0 0
v -97.942146301269531 27.712081909179688 -24.159753799438477 0 0 0
v -95.554954528808594 28.097929000854492 -26.2789306640625 0 0 0
v -68.597023010253906 43.790992736816406 -32.991737365722656 0 0 0
v -66.851898193359375 40.177955627441406 -33.065132141113281 0 0 0
v -72.822463989257812 39.378322601318359 -32.795467376708984 0 0 0
v -80.108467102050781 37.828754425048828 -32.058452606201172 0 0 0
v -87.216667175292969 35.198875427246094 -33.223247528076172 0 0 0
v -82.9046630859375 36.409294128417969 -34.818016052246094 0 0 0
v -88.597114562988281 33.983245849609375 -33.207855224609375 0 0 0
v -81.607643127441406 37.393726348876953 -34.539890289306641 0 0 0
v -75.222747802734375 38.343185424804688 -36.028301239013672 0 0 0
v -79.201164245605469 37.109130859375 -35.546894073486328 0 0 0
v -63.166286468505859 40.508724212646484 -36.129116058349609 0 0 0
v -67.820167541503906 39.395595550537109 -36.509693145751953 0 0 0
v -73.441841125488281 39.289543151855469 -35.577804565429688 0 0 0
v -101.75868225097656 15.820557594299316 -18.671115875244141 0 0 0
v -102.18368530273438 9.4041624069213867 -18.452884674072266 0 0 0
v -102.32049560546875 7.9072003364562988 -17.285139083862305 0 0 0
v 61.751541137695312 55.399158477783203 -20.581268310546875 0 0 0
v 49.848285675048828 51.157459259033203 -16.918012619018555 0 0 0
v 62.6195068359375 52.371986389160156 -16.88054084777832 0 0 0
v 69.493751525878906 57.269710540771484 -22.074289321899414 0 0 0
v 68.128349304199219 53.73907470703125 -17.976968765258789 0 0 0
v 74.993576049804688 54.824390411376953 -18.970703125 0 0 0
v 79.699920654296875 58.191986083984375 -22.847743988037109 0 0 0
v -49.564525604248047 46.086105346679688 -32.903850555419922 0 0 0
v -55.413749694824219 45.028053283691406 -33.364471435546875 0 0 0
v -66.744178771972656 44.904407501220703 -32.422039031982422 0 0 0
v -39.378730773925781 46.384075164794922 -32.968734741210938 0 0 0
v -35.695671081542969 45.594581604003906 -33.529354095458984 0 0 0
v -15.239502906799316 46.290260314941406 -32.742691040039062 0 0 0
v -26.641139984130859 46.542079925537109 -32.627979278564453 0 0 0
v -68.597023010253906 43.790992736816406 -32.991737365722656 0 0 0
v -15.184269905090332 45.374252319335938 -33.243537902832031 0 0 0
v -79.144508361816406 44.057659149169922 -15.924750328063965 0 0 0
v -82.979713439941406 42.868759155273438 -16.866327285766602 0 0 0
v -84.481239318847656 41.443752288818359 -15.505997657775879 0 0 0
v -73.850975036621094 46.543087005615234 -16.972921371459961 0 0 0
v -78.484977722167969 45.091926574707031 -17.473278045654297 0 0 0
v -74.435653686523438 46.534923553466797 -18.299716949462891 0 0 0
v -67.547897338867188 48.237106323242188 -17.344671249389648 0 0 0
v -69.907173156738281 47.804359436035156 -18.358432769775391 0 0 0
v 41.293560028076172 38.874813079833984 -28.117525100708008 0 0 0
v 34.952117919921875 40.710445404052734 -26.097332000732422 0 0 0
v 48.485576629638672 45.640037536621094 -30.361419677734375 0 0 0
v -58.729404449462891 49.781925201416016 -17.561286926269531 0 0 0
v -47.377838134765625 50.855278015136719 -17.739547729492188 0 0 0
v -55.038074493408203 50.173851013183594 -19.005250930786133 0 0 0
v -34.830600738525391 51.356616973876953 -17.683832168579102 0 0 0
v -40.467391967773438 51.171855926513672 -18.912998199462891 0 0 0
v -48.244071960449219 50.859119415283203 -18.567705154418945 0 0 0
v -17.857994079589844 51.533119201660156 -17.972393035888672 0 0 0
v -28.398061752319336 51.457687377929688 -18.649379730224609 0 0 0
v 33.886482238769531 35.582920074462891 -28.977531433105469 0 0 0
v 37.267124176025391 19.038293838500977 -29.905477523803711 0 0 0
v 29.240512847900391 34.303520202636719 -28.020105361938477 0 0 0
v 32.655765533447266 15.567331314086914 -28.679496765136719 0 0 0
v 27.207073211669922 33.989871978759766 -27.757732391357422 0 0 0
v 38.343479156494141 37.233798980712891 -30.203287124633789 0 0 0
v 9.0998058319091797 33.770057678222656 -29.898551940917969 0 0 0
v 5.2936820983886719 -35.223526000976562 -31.311384201049805 0 0 0
v 5.4771404266357422 35.104084014892578 -31.240402221679688 0 0 0
v -95.109359741210938 32.956371307373047 -25.862310409545898 0 0 0
v -94.310157775878906 33.226863861083984 -27.189804077148438 0 0 0
v -97.443199157714844 29.556671142578125 -24.024776458740234 0 0 0
v -92.20770263671875 36.025691986083984 -27.538232803344727 0 0 0
v -89.235359191894531 38.088653564453125 -28.989303588867188 0 0 0
v -90.396369934082031 36.566844940185547 -29.248754501342773 0 0 0
v -86.125404357910156 39.106060028076172 -30.738187789916992 0 0 0
v -85.75286865234375 40.063724517822266 -30.016401290893555 0 0 0
v -100.68865203857422 20.370328903198242 -21.010673522949219 0 0 0
v -100.58766937255859 21.567052841186523 -20.282894134521484 0 0 0
v -99.558967590332031 24.895166397094727 -21.731437683105469 0 0 0
v -97.942146301269531 27.712081909179688 -24.159753799438477 0 0 0
v -101.75868225097656 15.820557594299316 -18.671115875244141 0 0 0
v -88.740447998046875 38.170337677001953 -14.431708335876465 0 0 0
v -93.092247009277344 33.752429962158203 -13.340998649597168 0 0 0
v -92.018669128417969 33.978443145751953 -12.609951019287109 0 0 0
v -89.796058654785156 37.809703826904297 -15.353096008300781 0 0 0
v -86.704330444335938 40.394550323486328 -16.041624069213867 0 0 0
v -99.411689758300781 9.0522918701171875 -8.5176239013671875 0 0 0
v -98.605720520019531 7.7036266326904297 -7.7272720336914062 0 0 0
v -98.374908447265625 14.027268409729004 -8.0396919250488281 0 0 0
v -98.972694396972656 16.575189590454102 -9.2456350326538086 0 0 0
v -97.804214477539062 18.03294563293457 -8.3685455322265625 0 0 0
v -98.214302062988281 20.948549270629883 -9.7269811630249023 0 0 0
v -96.909812927246094 23.073526382446289 -9.3051080703735352 0 0 0
v -95.559555053710938 27.849069595336914 -10.59549617767334 0 0 0
v -97.088088989257812 25.409584045410156 -10.769087791442871 0 0 0
v -96.909812927246094 23.073526382446289 -9.3051080703735352 0 0 0
v -93.890586853027344 31.306673049926758 -11.707892417907715 0 0 0
v -95.595375061035156 29.372364044189453 -12.083396911621094 0 0 0
v -92.018669128417969 33.978443145751953 -12.609951019287109 0 0 0
v -93.092247009277344 33.752429962158203 -13.340998649597168 0 0 0
v -75.848114013671875 38.859287261962891 -32.556106567382812 0 0 0
v -66.851898193359375 40.177955627441406 -33.065132141113281 0 0 0
v -73.441841125488281 39.289543151855469 -35.577804565429688 0 0 0
v -81.607643127441406 37.393726348876953 -34.539890289306641 0 0 0
v -83.038497924804688 36.858638763427734 -31.488601684570312 0 0 0
v -87.216667175292969 35.198875427246094 -33.223247528076172 0 0 0
v -90.779434204101562 33.192356109619141 -31.693506240844727 0 0 0
v -88.455116271972656 34.408916473388672 -30.042232513427734 0 0 0
v -96.740798950195312 26.226715087890625 -25.267583847045898 0 0 0
v -94.736457824707031 29.096002578735352 -26.860565185546875 0 0 0
v -96.761886596679688 27.503665924072266 -28.283473968505859 0 0 0
v -90.779434204101562 33.192356109619141 -31.693506240844727 0 0 0
v -93.827789306640625 30.781684875488281 -30.226984024047852 0 0 0
v -92.423988342285156 31.51287841796875 -28.285770416259766 0 0 0
v -93.827789306640625 30.781684875488281 -30.226984024047852 0 0 0
v -93.904800415039062 30.025535583496094 -30.737770080566406 0 0 0
v -96.761886596679688 27.503665924072266 -28.283473968505859 0 0 0
v -90.779434204101562 33.192356109619141 -31.693506240844727 0 0 0
v -91.515625 32.089805603027344 -31.993314743041992 0 0 0
v -88.597114562988281 33.983245849609375 -33.207855224609375 0 0 0
v -81.873374938964844 41.608257293701172 -31.069232940673828 0 0 0
v -80.691940307617188 41.150920867919922 -31.923557281494141 0 0 0
v -86.125404357910156 39.106060028076172 -30.738187789916992 0 0 0
v -75.891975402832031 42.619674682617188 -32.500816345214844 0 0 0
v -78.143798828125 42.879020690917969 -31.387357711791992 0 0 0
v -72.81219482421875 43.968479156494141 -32.204448699951172 0 0 0
v -68.597023010253906 43.790992736816406 -32.991737365722656 0 0 0
v -66.744178771972656 44.904407501220703 -32.422039031982422 0 0 0
v -64.601905822753906 46.567634582519531 -27.355239868164062 0 0 0
v -57.841907501220703 45.782268524169922 -32.333217620849609 0 0 0
v -44.080345153808594 49.062786102294922 -25.226188659667969 0 0 0
v -49.564525604248047 46.086105346679688 -32.903850555419922 0 0 0
v -53.137760162353516 48.751800537109375 -24.314638137817383 0 0 0
v -39.378730773925781 46.384075164794922 -32.968734741210938 0 0 0
v -34.738033294677734 48.316970825195312 -28.043863296508789 0 0 0
v -29.625320434570312 50.244747161865234 -22.68916130065918 0 0 0
v -25.870658874511719 47.686309814453125 -29.775850296020508 0 0 0
v -48.244071960449219 50.859119415283203 -18.567705154418945 0 0 0
v -40.467391967773438 51.171855926513672 -18.912998199462891 0 0 0
v -26.641139984130859 46.542079925537109 -32.627979278564453 0 0 0
v -15.239502906799316 46.290260314941406 -32.742691040039062 0 0 0
v -17.857994079589844 51.533119201660156 -17.972393035888672 0 0 0
v -15.093652725219727 50.310291290283203 -22.078086853027344 0 0 0
v -28.398061752319336 51.457687377929688 -18.649379730224609 0 0 0
v -51.205013275146484 41.292167663574219 -36.303462982177734 0 0 0
v -57.276683807373047 40.368232727050781 -36.815162658691406 0 0 0
v -63.166286468505859 40.508724212646484 -36.129116058349609 0 0 0
v -47.401962280273438 40.8565673828125 -36.979454040527344 0 0 0
v -29.295892715454102 41.090038299560547 -36.993175506591797 0 0 0
v -39.877079010009766 40.523418426513672 -37.030231475830078 0 0 0
v -36.907001495361328 41.669242858886719 -36.439605712890625 0 0 0
v -17.862970352172852 41.574333190917969 -36.27777099609375 0 0 0
v -15.854972839355469 40.887470245361328 -36.747158050537109 0 0 0
v -99.296981811523438 23.053823471069336 -25.878395080566406 0 0 0
v -100.98377990722656 18.241298675537109 -24.715276718139648 0 0 0
v -101.23947906494141 17.852781295776367 -23.742691040039062 0 0 0
v -71.821586608886719 -39.010120391845703 -36.303203582763672 0 0 0
v -74.22930908203125 25.699863433837891 -36.1412353515625 0 0 0
v -67.820167541503906 39.395595550537109 -36.509693145751953 0 0 0
v -81.451446533203125 15.015602111816406 -35.207950592041016 0 0 0
v -84.224014282226562 24.815481185913086 -34.597198486328125 0 0 0
v -78.735183715820312 20.771875381469727 -35.649085998535156 0 0 0
v -79.201164245605469 37.109130859375 -35.546894073486328 0 0 0
v -82.9046630859375 36.409294128417969 -34.818016052246094 0 0 0
v -81.297492980957031 26.92363166809082 -35.206977844238281 0 0 0
v -86.259346008300781 34.818077087402344 -33.986347198486328 0 0 0
v -75.956596374511719 -37.894176483154297 -35.962936401367188 0 0 0
v -80.61236572265625 -15.243402481079102 -35.373538970947266 0 0 0
v -84.877693176269531 -9.0794954299926758 -34.469112396240234 0 0 0
v -88.597114562988281 33.983245849609375 -33.207855224609375 0 0 0
v -87.556449890136719 19.545522689819336 -33.660690307617188 0 0 0
v -91.515625 32.089805603027344 -31.993314743041992 0 0 0
v -92.332725524902344 21.687623977661133 -31.629653930664062 0 0 0
v -93.904800415039062 30.025535583496094 -30.737770080566406 0 0 0
v -90.278984069824219 19.709659576416016 -32.620105743408203 0 0 0
v -96.274581909179688 27.560445785522461 -29.159648895263672 0 0 0
v -94.559074401855469 21.223060607910156 -30.357416152954102 0 0 0
v -98.825233459472656 23.502498626708984 -26.98289680480957 0 0 0
v -91.194900512695312 -22.295202255249023 -32.192672729492188 0 0 0
v -92.673477172851562 -20.909917831420898 -31.459146499633789 0 0 0
v -102.41207885742188 11.50181770324707 -22.017818450927734 0 0 0
v -102.4664306640625 11.474762916564941 -22.809902191162109 0 0 0
v -103.12082672119141 4.6150169372558594 -21.547464370727539 0 0 0
v 83.892402648925781 52.5640869140625 -22.919313430786133 0 0 0
v 100.80891418457031 53.694690704345703 -20.116086959838867 0 0 0
v 85.539482116699219 54.638751983642578 -19.698736190795898 0 0 0
v 62.731128692626953 51.683986663818359 -16.949735641479492 0 0 0
v 61.102523803710938 50.277275085449219 -21.430646896362305 0 0 0
v 66.692031860351562 51.699550628662109 -22.187496185302734 0 0 0
v 56.399246215820312 48.496932983398438 -20.421335220336914 0 0 0
v 56.987491607666016 49.436294555664062 -16.557348251342773 0 0 0
v 44.892417907714844 43.589820861816406 -17.312826156616211 0 0 0
v 44.892417907714844 43.589820861816406 -17.312826156616211 0 0 0
v 56.987491607666016 49.436294555664062 -16.557348251342773 0 0 0
v 52.313308715820312 48.117053985595703 -14.13144588470459 0 0 0
v 7.6313824653625488 45.938510894775391 -8.4903383255004883 0 0 0
v -4.8280181884765625 42.956562042236328 -12.226987838745117 0 0 0
v 8.6588754653930664 42.180091857910156 -12.707869529724121 0 0 0
v 20.384458541870117 43.099666595458984 -11.27657413482666 0 0 0
v 21.407758712768555 45.405097961425781 -9.1595973968505859 0 0 0
v 24.475208282470703 40.083667755126953 -13.348143577575684 0 0 0
v 28.565370559692383 41.945957183837891 -12.154098510742188 0 0 0
v 34.925804138183594 42.455680847167969 -12.783851623535156 0 0 0
v 35.539310455322266 45.205760955810547 -10.076086044311523 0 0 0
v 29.930559158325195 39.945541381835938 -14.006850242614746 0 0 0
v 34.826866149902344 40.615360260009766 -14.906676292419434 0 0 0
v 37.828685760498047 41.354820251464844 -15.555821418762207 0 0 0
v 30.341163635253906 45.151371002197266 -9.5598859786987305 0 0 0
v -72.480247497558594 30.762273788452148 -10.358941078186035 0 0 0
v -70.018447875976562 31.888351440429688 -12.816113471984863 0 0 0
v -70.284835815429688 34.302074432373047 -8.8524703979492188 0 0 0
v -65.053474426269531 37.792076110839844 -12.368023872375488 0 0 0
v -67.705024719238281 35.043888092041016 -12.654134750366211 0 0 0
v -67.153244018554688 37.449962615966797 -5.197967529296875 0 0 0
v -70.517730712890625 34.977890014648438 -4.9781045913696289 0 0 0
v -73.723899841308594 30.848630905151367 -7.5375351905822754 0 0 0
v -57.985633850097656 41.21661376953125 -11.813193321228027 0 0 0
v -58.177490234375 41.585090637207031 -5.8212113380432129 0 0 0
v -61.958122253417969 39.838909149169922 -12.069828033447266 0 0 0
v -78.379180908203125 20.254449844360352 -7.2209482192993164 0 0 0
v -80.182777404785156 18.607385635375977 -4.3516631126403809 0 0 0
v -78.600807189941406 14.792692184448242 -8.6692161560058594 0 0 0
v -74.57720947265625 22.242704391479492 -12.58830738067627 0 0 0
v -75.790885925292969 16.867626190185547 -12.398687362670898 0 0 0
v -75.7327880859375 25.989816665649414 -8.949345588684082 0 0 0
v -79.130844116210938 22.684253692626953 -4.0756001472473145 0 0 0
v -72.774864196777344 27.25474739074707 -12.758607864379883 0 0 0
v -73.723899841308594 30.848630905151367 -7.5375351905822754 0 0 0
v -76.674545288085938 27.745307922363281 -4.4906516075134277 0 0 0
v -78.757247924804688 4.5134696960449219 -9.864232063293457 0 0 0
v -82.390632629394531 4.1007771492004395 -3.916412353515625 0 0 0
v -80.302787780761719 -4.9330935478210449 -7.3573050498962402 0 0 0
v -73.9554443359375 31.639339447021484 -4.6354103088378906 0 0 0
v -72.480247497558594 30.762273788452148 -10.358941078186035 0 0 0
v -43.876754760742188 44.651809692382812 -6.4826149940490723 0 0 0
v -51.381351470947266 43.435478210449219 -6.206364631652832 0 0 0
v -47.689983367919922 42.941097259521484 -11.513012886047363 0 0 0
v -37.285663604736328 45.34814453125 -6.7095685005187988 0 0 0
v -41.158222198486328 43.383228302001953 -11.457086563110352 0 0 0
v -58.177490234375 41.585090637207031 -5.8212113380432129 0 0 0
v -62.180015563964844 40.070323944091797 -5.5408339500427246 0 0 0
v -61.958122253417969 39.838909149169922 -12.069828033447266 0 0 0
v -26.142282485961914 46.043716430664062 -6.9271693229675293 0 0 0
v -33.767749786376953 43.580158233642578 -11.497488975524902 0 0 0
v -22.576192855834961 43.535972595214844 -11.69745922088623 0 0 0
v -14.436598777770996 46.337059020996094 -7.3114314079284668 0 0 0
v -10.545171737670898 45.074516296386719 -9.4290990829467773 0 0 0
v -4.8280181884765625 42.956562042236328 -12.226987838745117 0 0 0
v 7.6313824653625488 45.938510894775391 -8.4903383255004883 0 0 0
v 139.31080627441406 -49.52593994140625 -20.294069290161133 0 0 0
v 137.75987243652344 -49.244106292724609 -20.443918228149414 0 0 0
v 43.599334716796875 -46.648319244384766 -11.644486427307129 0 0 0
v 67.026824951171875 -53.694431304931641 -17.96728515625 0 0 0
v 185.53718566894531 -3.2268645763397217 -6.5649666786193848 0 0 0
v 50.469127655029297 -48.307991027832031 -13.37957763671875 0 0 0
v 47.141510009765625 -46.635066986083984 -12.72365665435791 0 0 0
v 76.28521728515625 -54.973945617675781 -19.104589462280273 0 0 0
v 85.865913391113281 -54.637805938720703 -19.699153900146484 0 0 0
v 78.962356567382812 -54.483112335205078 -19.523681640625 0 0 0
v 72.74462890625 -53.91204833984375 -18.886110305786133 0 0 0
v 86.333831787109375 -55.230869293212891 -19.799795150756836 0 0 0
v 35.600997924804688 -45.789100646972656 -10.31033992767334 0 0 0
v 76.370857238769531 -53.128021240234375 -33.175289154052734 0 0 0
v 84.97613525390625 -53.341938018798828 -33.589977264404297 0 0 0
v 119.03304290771484 -55.893943786621094 -24.327028274536133 0 0 0
v 129.06619262695312 -54.679813385009766 -24.018165588378906 0 0 0
v 79.615989685058594 -58.184070587158203 -22.855113983154297 0 0 0
v 85.07421875 -58.189888000488281 -24.048343658447266 0 0 0
v 60.677978515625 -50.986923217773438 -32.145378112792969 0 0 0
v 54.81231689453125 -49.31146240234375 -31.176181793212891 0 0 0
v 180.62338256835938 -30.776782989501953 -11.714234352111816 0 0 0
v 37.316566467285156 -48.558650970458984 -15.070339202880859 0 0 0
v 37.316566467285156 -48.558650970458984 -15.070339202880859 0 0 0
v 50.729579925537109 -51.728839874267578 -18.242170333862305 0 0 0
v 71.997848510742188 -57.676910400390625 -23.453634262084961 0 0 0
v 37.465457916259766 -36.770332336425781 -29.944435119628906 0 0 0
v 175.1787109375 -31.601528167724609 -26.620664596557617 0 0 0
v 175.53096008300781 -31.917942047119141 -25.814102172851562 0 0 0
v 179.8365478515625 -28.153890609741211 -23.614770889282227 0 0 0
v 137.82666015625 -44.734573364257812 -36.964195251464844 0 0 0
v 127.84126281738281 -46.641803741455078 -36.474353790283203 0 0 0
v 70.003021240234375 -47.120342254638672 -37.034542083740234 0 0 0
v 18.110652923583984 -37.849140167236328 -23.976953506469727 0 0 0
v 20.171571731567383 -38.979701995849609 -23.417163848876953 0 0 0
v 1.731690526008606 -49.931697845458984 -17.202384948730469 0 0 0
v 144.58326721191406 -44.067943572998047 -35.909942626953125 0 0 0
v 149.6307373046875 -42.347541809082031 -35.794780731201172 0 0 0
v 152.55357360839844 -42.218063354492188 -34.569110870361328 0 0 0
v 137.69828796386719 -50.031810760498047 -33.028236389160156 0 0 0
v 153.890625 -46.655437469482422 -30.671880722045898 0 0 0
v 38.90753173828125 -48.637519836425781 -14.242854118347168 0 0 0
v 50.729579925537109 -51.728839874267578 -18.242170333862305 0 0 0
v 50.94757080078125 -51.397720336914062 -17.064870834350586 0 0 0
v 78.793701171875 -58.159008026123047 -23.886137008666992 0 0 0
v 85.07421875 -58.189888000488281 -24.048343658447266 0 0 0
v 187.45933532714844 -16.011518478393555 -8.324549674987793 0 0 0
v 163.36088562011719 -37.921772003173828 -31.966127395629883 0 0 0
v 166.64524841308594 -37.068313598632812 -30.005641937255859 0 0 0
v 2.2939913272857666 -41.761970520019531 -28.612518310546875 0 0 0
v 8.9653053283691406 -38.65545654296875 -26.161935806274414 0 0 0
v 42.785446166992188 -39.449859619140625 -28.605308532714844 0 0 0
v 39.325050354003906 -38.098217010498047 -29.902683258056641 0 0 0
v 53.268013000488281 -43.661434173583984 -31.630765914916992 0 0 0
v 165.207275390625 -42.525356292724609 -26.456905364990234 0 0 0
v 159.82766723632812 -43.879981994628906 -29.325168609619141 0 0 0
v 188.79200744628906 -17.576305389404297 -14.129008293151855 0 0 0
v 187.20111083984375 -22.600948333740234 -14.322026252746582 0 0 0
v 10.199557304382324 -34.313652038574219 -28.922813415527344 0 0 0
v 8.8007564544677734 -34.079128265380859 -30.007307052612305 0 0 0
v 5.2936820983886719 -35.223526000976562 -31.311384201049805 0 0 0
v 23.630882263183594 -39.151187896728516 -23.487394332885742 0 0 0
v -82.546188354492188 -37.112071990966797 -34.288864135742188 0 0 0
v -87.221702575683594 -34.697566986083984 -33.714210510253906 0 0 0
v -88.134208679199219 -34.767234802246094 -32.683185577392578 0 0 0
v -91.122367858886719 -32.496059417724609 -32.175041198730469 0 0 0
v -101.55926513671875 -16.429487228393555 -18.528820037841797 0 0 0
v -66.928024291992188 -44.833019256591797 -32.480583190917969 0 0 0
v -68.609344482421875 -43.800983428955078 -32.989398956298828 0 0 0
v -85.924980163574219 -41.003181457519531 -16.258983612060547 0 0 0
v -54.970294952392578 -50.218849182128906 -17.711185455322266 0 0 0
v -63.066280364990234 -49.200965881347656 -18.545581817626953 0 0 0
v -53.073230743408203 -50.418621063232422 -18.950183868408203 0 0 0
v -60.236045837402344 -49.511875152587891 -17.438724517822266 0 0 0
v -89.349655151367188 -37.226512908935547 -29.697851181030273 0 0 0
v -85.828536987304688 -39.272495269775391 -30.806304931640625 0 0 0
v -85.892494201660156 -39.995223999023438 -29.962335586547852 0 0 0
v -94.905525207519531 3.9438595771789551 -6.673640251159668 0 0 0
v -98.605720520019531 7.7036266326904297 -7.7272720336914062 0 0 0
v -58.076831817626953 -40.945816040039062 -36.140209197998047 0 0 0
v -59.098224639892578 -40.909324645996094 -33.301418304443359 0 0 0
v -68.250297546386719 -39.966171264648438 -35.941516876220703 0 0 0
v -97.112083435058594 -26.857481002807617 -27.622814178466797 0 0 0
v -68.609344482421875 -43.800983428955078 -32.989398956298828 0 0 0
v -85.892494201660156 -39.995223999023438 -29.962335586547852 0 0 0
v -67.849418640136719 -39.339206695556641 -36.505905151367188 0 0 0
v -26.675861358642578 46.848522186279297 -7.0000534057617188 0 0 0
v -79.130844116210938 22.684253692626953 -4.0756001472473145 0 0 0
v 159.99360656738281 41.88714599609375 -16.907659530639648 0 0 0
v 163.91609191894531 39.101566314697266 -15.83445930480957 0 0 0
v 119.37966156005859 51.870849609375 -20.458597183227539 0 0 0
v 136.0040283203125 50.207748413085938 -20.400337219238281 0 0 0
v 136.55270385742188 49.433784484863281 -20.489114761352539 0 0 0
v 146.75286865234375 47.682052612304688 -19.782388687133789 0 0 0
v 149.05340576171875 46.274646759033203 -19.552997589111328 0 0 0
v 35.539310455322266 45.205760955810547 -10.076086044311523 0 0 0
v 62.731128692626953 51.683986663818359 -16.949735641479492 0 0 0
v 168.04183959960938 36.488822937011719 -14.380416870117188 0 0 0
v 7.6313824653625488 45.938510894775391 -8.4903383255004883 0 0 0
v 35.539310455322266 45.205760955810547 -10.076086044311523 0 0 0
v 36.198699951171875 45.769542694091797 -10.34325122833252 0 0 0
v 67.170333862304688 52.846317291259766 -18.060455322265625 0 0 0
v 183.09268188476562 24.052680969238281 -21.652877807617188 0 0 0
v 7.0646700859069824 39.413127899169922 -26.913536071777344 0 0 0
v -1.8927617073059082 42.254344940185547 -30.73933219909668 0 0 0
v -3.2765266895294189 43.885292053222656 -30.87858772277832 0 0 0
v 124.54463958740234 55.269680023193359 -24.20561408996582 0 0 0
v 85.062705993652344 58.18328857421875 -24.060766220092773 0 0 0
v 54.937088012695312 49.349006652832031 -31.202362060546875 0 0 0
v 60.706512451171875 50.991306304931641 -32.149337768554688 0 0 0
v 50.1041259765625 47.674526214599609 -29.895351409912109 0 0 0
v 174.420654296875 37.433818817138672 -14.530981063842773 0 0 0
v 181.11349487304688 30.091556549072266 -11.474173545837402 0 0 0
v 23.057880401611328 47.381370544433594 -11.925906181335449 0 0 0
v 34.213253021240234 47.941558837890625 -15.311324119567871 0 0 0
v 187.209228515625 22.635906219482422 -14.464005470275879 0 0 0
v 178.86297607421875 34.054180145263672 -19.759679794311523 0 0 0
v 182.16845703125 30.677099227905273 -17.716548919677734 0 0 0
v 175.21502685546875 36.254425048828125 -22.41796875 0 0 0
v 8.4611501693725586 49.188316345214844 -16.408004760742188 0 0 0
v 1.7515077590942383 49.885921478271484 -17.407230377197266 0 0 0
v 1.7420881986618042 49.935695648193359 -16.024717330932617 0 0 0
v 49.848285675048828 51.157459259033203 -16.918012619018555 0 0 0
v 72.011497497558594 57.672901153564453 -23.465702056884766 0 0 0
v 25.909208297729492 34.459629058837891 -27.150005340576172 0 0 0
v 27.207073211669922 33.989871978759766 -27.757732391357422 0 0 0
v 38.343479156494141 37.233798980712891 -30.203287124633789 0 0 0
v 31.148967742919922 35.589687347412109 -27.908220291137695 0 0 0
v 38.815601348876953 37.907947540283203 -29.671249389648438 0 0 0
v 167.29653930664062 35.822078704833984 -30.342796325683594 0 0 0
v 159.85858154296875 39.852611541748047 -32.709354400634766 0 0 0
v 64.140846252441406 46.188442230224609 -36.509891510009766 0 0 0
v 61.143390655517578 46.037162780761719 -35.494064331054688 0 0 0
v 90.043182373046875 48.074871063232422 -37.657482147216797 0 0 0
v 126.15998840332031 45.666946411132812 -37.419052124023438 0 0 0
v 6.1663041114807129 40.748699188232422 -26.740865707397461 0 0 0
v 10.33535099029541 39.037353515625 -25.673995971679688 0 0 0
v 7.0646700859069824 39.413127899169922 -26.913536071777344 0 0 0
v -11.741267204284668 51.304862976074219 -18.260030746459961 0 0 0
v -9.0132064819335938 51.116725921630859 -16.941442489624023 0 0 0
v 141.26904296875 43.846179962158203 -36.743484497070312 0 0 0
v 132.42041015625 46.077934265136719 -36.633808135986328 0 0 0
v 145.60372924804688 42.732082366943359 -36.346885681152344 0 0 0
v 153.8865966796875 46.657363891601562 -30.671667098999023 0 0 0
v 138.43984985351562 49.304641723632812 -33.430782318115234 0 0 0
v 136.48295593261719 50.442531585693359 -32.546775817871094 0 0 0
v 38.448982238769531 48.679973602294922 -15.317432403564453 0 0 0
v 50.835617065429688 51.755352020263672 -18.317222595214844 0 0 0
v 34.213253021240234 47.941558837890625 -15.311324119567871 0 0 0
v 32.046516418457031 48.162693023681641 -14.259116172790527 0 0 0
v 50.1041259765625 47.674526214599609 -29.895351409912109 0 0 0
v 34.952117919921875 40.710445404052734 -26.097332000732422 0 0 0
v 79.019866943359375 58.144916534423828 -23.942956924438477 0 0 0
v 85.062705993652344 58.18328857421875 -24.060766220092773 0 0 0
v 183.76976013183594 25.671209335327148 -9.8432340621948242 0 0 0
v -3.2765266895294189 43.885292053222656 -30.87858772277832 0 0 0
v 31.148967742919922 35.589687347412109 -27.908220291137695 0 0 0
v -1.8927617073059082 42.254344940185547 -30.73933219909668 0 0 0
v 7.0646700859069824 39.413127899169922 -26.913536071777344 0 0 0
v 5.7384510040283203 35.622028350830078 -27.497049331665039 0 0 0
v 9.0998058319091797 33.770057678222656 -29.898551940917969 0 0 0
v 4.9131960868835449 35.892452239990234 -30.788053512573242 0 0 0
v 20.098175048828125 33.153011322021484 -27.569705963134766 0 0 0
v 23.093624114990234 39.251617431640625 -23.34330940246582 0 0 0
v 17.80994987487793 38.344352722167969 -23.978120803833008 0 0 0
v -86.259346008300781 34.818077087402344 -33.986347198486328 0 0 0
v -100.68865203857422 20.370328903198242 -21.010673522949219 0 0 0
v -57.841907501220703 45.782268524169922 -32.333217620849609 0 0 0
v -63.498714447021484 49.132286071777344 -18.50370979309082 0 0 0
v -58.729404449462891 49.781925201416016 -17.561286926269531 0 0 0
v -63.498714447021484 49.132286071777344 -18.50370979309082 0 0 0
v -97.942146301269531 27.712081909179688 -24.159753799438477 0 0 0
v -96.274581909179688 27.560445785522461 -29.159648895263672 0 0 0
v -85.75286865234375 40.063724517822266 -30.016401290893555 0 0 0
v -67.820167541503906 39.395595550537109 -36.509693145751953 0 0 0
v -98.825233459472656 23.502498626708984 -26.98289680480957 0 0 0
v -96.761886596679688 27.503665924072266 -28.283473968505859 0 0 0
v -88.728614807128906 -23.730615615844727 -33.239315032958984 0 0 0
v -97.277168273925781 18.591415405273438 -28.356063842773438 0 0 0
v -95.170921325683594 -20.52794075012207 -29.946756362915039 0 0 0
v -101.23947906494141 17.852781295776367 -23.742691040039062 0 0 0
v 99.214874267578125 51.637245178222656 -23.198165893554688 0 0 0
v 113.91409301757812 50.424488067626953 -23.425640106201172 0 0 0
v -51.767436981201172 -43.331268310546875 -6.1945943832397461 0 0 0
v -57.817234039306641 -41.675071716308594 -5.911097526550293 0 0 0
v 1.7354146242141724 -46.775714874267578 -8.2005214691162109 0 0 0
v 15.86794376373291 -45.666301727294922 -8.9044370651245117 0 0 0
v 5.2832150459289551 -45.954387664794922 -8.3655519485473633 0 0 0
v -57.817234039306641 -41.675071716308594 -5.911097526550293 0 0 0
v -70.522796630859375 -34.974632263183594 -4.9794669151306152 0 0 0
v 163.89356994628906 -39.115089416503906 -15.846508979797363 0 0 0
v 158.85185241699219 -42.524761199951172 -17.288690567016602 0 0 0
v 167.60362243652344 -36.989498138427734 -14.284788131713867 0 0 0
v 182.7308349609375 -18.771240234375 -7.9467077255249023 0 0 0
v 185.00242614746094 -10.278209686279297 -6.8695831298828125 0 0 0
v 184.22052001953125 -12.620121955871582 -7.4504861831665039 0 0 0
v 37.465457916259766 -36.770332336425781 -29.944435119628906 0 0 0
v 185.30471801757812 -20.07609748840332 -19.93983268737793 0 0 0
v 41.502758026123047 -46.371402740478516 -21.916221618652344 0 0 0
v 46.2623291015625 -47.977123260498047 -23.449880599975586 0 0 0
v 45.431407928466797 -50.067108154296875 -16.864742279052734 0 0 0
v -74.8861083984375 -46.395351409912109 -18.1126708984375 0 0 0
v -13.789773941040039 -41.553478240966797 -33.193294525146484 0 0 0
v -17.862287521362305 -41.572673797607422 -36.287517547607422 0 0 0
v -11.358369827270508 -41.337406158447266 -35.912944793701172 0 0 0
v 23.91197395324707 -34.193038940429688 -23.959148406982422 0 0 0
v 21.884981155395508 -33.889591217041016 -26.842502593994141 0 0 0
v 4.770805835723877 -35.959579467773438 -30.626108169555664 0 0 0
v 17.725584030151367 -32.872303009033203 -27.812545776367188 0 0 0
v 177.11541748046875 -30.502731323242188 -21.490108489990234 0 0 0
v 18.490333557128906 -33.746345520019531 -23.922863006591797 0 0 0
v 32.522048950195312 -35.976173400878906 -25.430658340454102 0 0 0
v 34.854843139648438 -40.741539001464844 -26.062412261962891 0 0 0
v 28.65192985534668 -39.188179016113281 -24.551513671875 0 0 0
v -95.905364990234375 -31.232185363769531 -25.991458892822266 0 0 0
v -98.574913024902344 -22.713901519775391 -23.531627655029297 0 0 0
v -95.558952331542969 -28.092758178710938 -26.274734497070312 0 0 0
v -92.9300537109375 -34.477458953857422 -28.042486190795898 0 0 0
v -13.042915344238281 -45.300769805908203 -33.144798278808594 0 0 0
v 29.421230316162109 15.324117660522461 -28.067995071411133 0 0 0
v 5.2936820983886719 -35.223526000976562 -31.311384201049805 0 0 0
v 9.0998058319091797 33.770057678222656 -29.898551940917969 0 0 0
v -100.92117309570312 -20.500375747680664 -20.472097396850586 0 0 0
v -95.905364990234375 -31.232185363769531 -25.991458892822266 0 0 0
v -92.126655578613281 -34.020606994628906 -12.67962646484375 0 0 0
v -47.093582153320312 -40.361560821533203 -36.983615875244141 0 0 0
v -102.700439453125 -9.8787612915039062 -22.539329528808594 0 0 0
v -64.429466247558594 39.862216949462891 -5.2798929214477539 0 0 0
v -71.9927978515625 34.609603881835938 -4.6816520690917969 0 0 0
v -70.517730712890625 34.977890014648438 -4.9781045913696289 0 0 0
v -74.395500183105469 32.131080627441406 -4.549201488494873 0 0 0
v -73.9554443359375 31.639339447021484 -4.6354103088378906 0 0 0
v -76.674545288085938 27.745307922363281 -4.4906516075134277 0 0 0
v -76.630638122558594 28.857812881469727 -4.3419699668884277 0 0 0
v 80.470382690429688 55.271408081054688 -19.514387130737305 0 0 0
v 185.40890502929688 8.0751981735229492 -6.6751742362976074 0 0 0
v 182.76358032226562 18.702552795410156 -7.921112060546875 0 0 0
v 184.22514343261719 12.613537788391113 -7.3971257209777832 0 0 0
v 185.34114074707031 18.996192932128906 -20.552032470703125 0 0 0
v 187.14558410644531 14.538423538208008 -18.809749603271484 0 0 0
v 29.240512847900391 34.303520202636719 -28.020105361938477 0 0 0
v 33.886482238769531 35.582920074462891 -28.977531433105469 0 0 0
v -100.89994049072266 -1.9023247957229614 -11.992961883544922 0 0 0
v -98.972694396972656 16.575189590454102 -9.2456350326538086 0 0 0
v -98.214302062988281 20.948549270629883 -9.7269811630249023 0 0 0
v -93.092247009277344 33.752429962158203 -13.340998649597168 0 0 0
v -95.155143737792969 32.06793212890625 -18.968105316162109 0 0 0
v 185.36537170410156 19.856782913208008 -19.953619003295898 0 0 0
v -17.862970352172852 41.574333190917969 -36.27777099609375 0 0 0
v 116.11988067626953 51.618206024169922 -34.144977569580078 0 0 0
v 110.65724945068359 48.151729583740234 -34.239517211914062 0 0 0
v 40.694629669189453 43.844169616699219 -27.067155838012695 0 0 0
v 44.375640869140625 47.607273101806641 -21.93330192565918 0 0 0
v 188.210693359375 2.4888174533843994 -14.636325836181641 0 0 0
v 187.77046203613281 9.207463264465332 -14.968222618103027 0 0 0
v 189.78831481933594 10.826708793640137 -13.373300552368164 0 0 0
v -102.15829467773438 -10.345357894897461 -18.513410568237305 0 0 0
v -81.80645751953125 11.394043922424316 -3.950188159942627 0 0 0
v -81.125137329101562 16.789152145385742 -4.0226845741271973 0 0 0
v -76.630638122558594 28.857812881469727 -4.3419699668884277 0 0 0
v 22.149738311767578 48.217983245849609 -13.896329879760742 0 0 0
v 5.4771404266357422 35.104084014892578 -31.240402221679688 0 0 0
v 159.54878234863281 46.306602478027344 -18.808895111083984 0 0 0
v 23.756721496582031 34.213741302490234 -23.914737701416016 0 0 0
v 19.725997924804688 33.822559356689453 -23.885515213012695 0 0 0
v 10.439251899719238 34.360668182373047 -25.682027816772461 0 0 0
v 94.257583618164062 57.694103240966797 -23.046794891357422 0 0 0
v 91.170021057128906 55.004623413085938 -19.971895217895508 0 0 0
v 10.54783821105957 -2.0032272338867188 -29.447471618652344 0 0 0
v 13.407475471496582 33.138114929199219 -28.619150161743164 0 0 0
v -97.443199157714844 29.556671142578125 -24.024776458740234 0 0 0
v -84.481239318847656 41.443752288818359 -15.505997657775879 0 0 0
v -82.979713439941406 42.868759155273438 -16.866327285766602 0 0 0
v -99.278236389160156 -8.4927692413330078 -8.2750873565673828 0 0 0
v -97.088088989257812 25.409584045410156 -10.769087791442871 0 0 0
v -102.4664306640625 11.474762916564941 -22.809902191162109 0 0 0
v 119.37966156005859 51.870849609375 -20.458597183227539 0 0 0
v 72.744842529296875 53.910907745361328 -18.886161804199219 0 0 0
v 74.375213623046875 52.566246032714844 -22.677324295043945 0 0 0
v 78.963508605957031 54.481521606445312 -19.524387359619141 0 0 0
v 169.03306579589844 -40.850070953369141 -15.448727607727051 0 0 0
v 168.86041259765625 -41.7117919921875 -16.421236038208008 0 0 0
v -75.886482238769531 -43.412425994873047 -31.739603042602539 0 0 0
v 169.47981262207031 -40.436496734619141 -24.541189193725586 0 0 0
v 186.1787109375 -24.091911315917969 -16.071739196777344 0 0 0
v 177.98428344726562 -34.021053314208984 -20.998809814453125 0 0 0
v -52.76531982421875 -43.874916076660156 -5.9287071228027344 0 0 0
v 86.333831787109375 -55.230869293212891 -19.799795150756836 0 0 0
v 149.61508178710938 -50.147136688232422 -21.177597045898438 0 0 0
v -85.828536987304688 -39.272495269775391 -30.806304931640625 0 0 0
v 28.892332077026367 -34.271648406982422 -27.96312141418457 0 0 0
v -98.825233459472656 23.502498626708984 -26.98289680480957 0 0 0
v -10.802352905273438 40.648117065429688 -36.37158203125 0 0 0
v -6.3047051429748535 39.8682861328125 -35.542293548583984 0 0 0
v 41.293560028076172 38.874813079833984 -28.117525100708008 0 0 0
v 190.65620422363281 0.0012270475272089243 -12.552321434020996 0 0 0
v -86.951271057128906 30.179477691650391 -8.7384176254272461 0 0 0
v -94.310157775878906 33.226863861083984 -27.189804077148438 0 0 0
v -90.385887145996094 33.150218963623047 -29.298776626586914 0 0 0
v -75.222747802734375 38.343185424804688 -36.028301239013672 0 0 0
v 139.00088500976562 -47.560665130615234 -23.461618423461914 0 0 0
v 130.61598205566406 -48.707820892333984 -23.54572868347168 0 0 0
v 137.75987243652344 -49.244106292724609 -20.443918228149414 0 0 0
v 183.07830810546875 -24.076131820678711 -21.652494430541992 0 0 0
v -17.856500625610352 -51.538055419921875 -17.993104934692383 0 0 0
v -9.8465042114257812 -51.158859252929688 -16.969762802124023 0 0 0
v 187.34812927246094 -13.735224723815918 -18.676361083984375 0 0 0
v 54.237583160400391 -43.976062774658203 -34.162242889404297 0 0 0
v -28.054061889648438 -48.975830078125 -11.411938667297363 0 0 0
v 127.84126281738281 -46.641803741455078 -36.474353790283203 0 0 0
v -97.112083435058594 -26.857481002807617 -27.622814178466797 0 0 0
v -97.918632507324219 -24.04033088684082 -24.165861129760742 0 0 0
v -84.175971984863281 -41.641162872314453 -15.58071231842041 0 0 0
v -99.201950073242188 -14.277861595153809 -9.1082181930541992 0 0 0
v -97.042892456054688 -22.578168869018555 -9.1989688873291016 0 0 0
v -88.577285766601562 -34.291938781738281 -29.963016510009766 0 0 0
v -62.191658020019531 -40.034633636474609 -5.6241378784179688 0 0 0
v -72.010574340820312 -32.454257965087891 -8.6153621673583984 0 0 0
v -72.480072021484375 -30.763349533081055 -10.35930347442627 0 0 0
v -51.381351470947266 43.435478210449219 -6.206364631652832 0 0 0
v -43.876754760742188 44.651809692382812 -6.4826149940490723 0 0 0
v -17.854267120361328 46.964530944824219 -7.2604517936706543 0 0 0
v -14.436598777770996 46.337059020996094 -7.3114314079284668 0 0 0
v -76.674545288085938 27.745307922363281 -4.4906516075134277 0 0 0
v 179.58737182617188 25.170131683349609 -9.443568229675293 0 0 0
v 181.85791015625 25.027914047241211 -22.842397689819336 0 0 0
v -7.8617620468139648 45.420871734619141 -31.935848236083984 0 0 0
v -17.857994079589844 51.533119201660156 -17.972393035888672 0 0 0
v 188.10035705566406 -1.4973077774047852 -6.5402703285217285 0 0 0
v 187.14558410644531 14.538423538208008 -18.809749603271484 0 0 0
v -12.796530723571777 40.336933135986328 -36.567611694335938 0 0 0
v -8.4612531661987305 39.954113006591797 -36.009143829345703 0 0 0
v 61.55157470703125 46.169120788574219 -32.947841644287109 0 0 0
v 56.473323822021484 44.709774017333984 -32.199611663818359 0 0 0
v -4.6946544647216797 39.953346252441406 -34.603717803955078 0 0 0
v 58.483135223388672 52.624584197998047 -26.611696243286133 0 0 0
v -65.052864074707031 46.445762634277344 -13.538876533508301 0 0 0
v 179.34381103515625 31.114925384521484 -11.096402168273926 0 0 0
v 174.10385131835938 32.380767822265625 -11.941689491271973 0 0 0
v 179.58737182617188 25.170131683349609 -9.443568229675293 0 0 0
v 183.48808288574219 22.997222900390625 -17.888320922851562 0 0 0
v 115.44802856445312 52.8834228515625 -20.366216659545898 0 0 0
v 127.97183227539062 54.346195220947266 -22.656557083129883 0 0 0
v -97.804214477539062 18.03294563293457 -8.3685455322265625 0 0 0
v -66.851898193359375 40.177955627441406 -33.065132141113281 0 0 0
v 34.088623046875 36.456893920898438 -25.878473281860352 0 0 0
v 85.539482116699219 54.638751983642578 -19.698736190795898 0 0 0
v 83.892402648925781 52.5640869140625 -22.919313430786133 0 0 0
v -81.80645751953125 11.394043922424316 -3.950188159942627 0 0 0
v -76.681449890136719 10.400582313537598 -12.277237892150879 0 0 0
v -57.985633850097656 41.21661376953125 -11.813193321228027 0 0 0
v -17.850793838500977 -46.891468048095703 -7.1530117988586426 0 0 0
v -15.568404197692871 -46.297557830810547 -7.3061985969543457 0 0 0
v -17.850793838500977 -46.891468048095703 -7.1530117988586426 0 0 0
v 168.08097839355469 -34.600505828857422 -18.323333740234375 0 0 0
v 163.89356994628906 -39.115089416503906 -15.846508979797363 0 0 0
v -8.9695148468017578 -45.825538635253906 -31.773159027099609 0 0 0
v 29.160335540771484 -40.304271697998047 -23.963632583618164 0 0 0
v 4.4476099014282227 -47.293987274169922 -20.693769454956055 0 0 0
v 23.630882263183594 -39.151187896728516 -23.487394332885742 0 0 0
v 56.061637878417969 -44.6141357421875 -32.087226867675781 0 0 0
v -33.346096038818359 -46.495933532714844 -6.7619919776916504 0 0 0
v 184.63046264648438 -20.832332611083984 -17.159730911254883 0 0 0
v -64.58001708984375 -47.342540740966797 -14.726225852966309 0 0 0
v -67.257133483886719 -48.308666229248047 -17.388465881347656 0 0 0
v -71.862358093261719 -47.171665191650391 -17.179477691650391 0 0 0
v 96.992156982421875 -48.653911590576172 -34.251869201660156 0 0 0
v -95.925521850585938 -26.700233459472656 -10.272226333618164 0 0 0
v -97.042892456054688 -22.578168869018555 -9.1989688873291016 0 0 0
v -87.221702575683594 -34.697566986083984 -33.714210510253906 0 0 0
v -103.12082672119141 4.6150169372558594 -21.547464370727539 0 0 0
v 45.900585174560547 -43.984565734863281 -17.576749801635742 0 0 0
v 52.9620361328125 -48.434566497802734 -14.07017707824707 0 0 0
v 45.900585174560547 -43.984565734863281 -17.576749801635742 0 0 0
v 36.047039031982422 -45.225170135498047 -10.12846565246582 0 0 0
v -74.576026916503906 -30.928657531738281 -4.6489777565002441 0 0 0
v 173.147216796875 32.51861572265625 -12.418951988220215 0 0 0
v 174.10385131835938 32.380767822265625 -11.941689491271973 0 0 0
v 161.37284851074219 39.105327606201172 -20.393688201904297 0 0 0
v 163.91609191894531 39.101566314697266 -15.83445930480957 0 0 0
v 98.422264099121094 47.754940032958984 -37.749248504638672 0 0 0
v 10.806879043579102 42.192676544189453 -23.349626541137695 0 0 0
v 6.1663041114807129 40.748699188232422 -26.740865707397461 0 0 0
v 10.33535099029541 39.037353515625 -25.673995971679688 0 0 0
v -93.092247009277344 33.752429962158203 -13.340998649597168 0 0 0
v 38.815601348876953 37.907947540283203 -29.671249389648438 0 0 0
v 41.293560028076172 38.874813079833984 -28.117525100708008 0 0 0
v 103.28571319580078 52.288551330566406 -34.260334014892578 0 0 0
v -8.4612531661987305 39.954113006591797 -36.009143829345703 0 0 0
v -8.6263866424560547 -39.999637603759766 -36.038791656494141 0 0 0
v -10.802352905273438 40.648117065429688 -36.37158203125 0 0 0
v 159.33811950683594 40.035884857177734 -29.516387939453125 0 0 0
v 132.42041015625 46.077934265136719 -36.633808135986328 0 0 0
v 136.0040283203125 50.207748413085938 -20.400337219238281 0 0 0
v -87.529396057128906 12.14615535736084 -5.3189382553100586 0 0 0
v -96.909812927246094 23.073526382446289 -9.3051080703735352 0 0 0
v -102.99608612060547 -2.8883533477783203 -21.139240264892578 0 0 0
v 10.33535099029541 39.037353515625 -25.673995971679688 0 0 0
v 5.7384510040283203 35.622028350830078 -27.497049331665039 0 0 0
v -75.891975402832031 42.619674682617188 -32.500816345214844 0 0 0
v -63.166286468505859 40.508724212646484 -36.129116058349609 0 0 0
v -66.744178771972656 44.904407501220703 -32.422039031982422 0 0 0
v 124.44721984863281 49.373546600341797 -23.521711349487305 0 0 0
v 136.55270385742188 49.433784484863281 -20.489114761352539 0 0 0
v 47.830238342285156 46.967685699462891 -12.628589630126953 0 0 0
v 41.53521728515625 45.740169525146484 -11.09397029876709 0 0 0
v 180.99711608886719 -18.450550079345703 -13.82802677154541 0 0 0
v 185.15377807617188 4.0331659317016602 -6.9359011650085449 0 0 0
v 183.77293395996094 -2.4859926700592041 -12.96027660369873 0 0 0
v 143.84469604492188 -46.542407989501953 -23.270097732543945 0 0 0
v 148.65859985351562 -45.159187316894531 -22.899261474609375 0 0 0
v 163.36088562011719 -37.921772003173828 -31.966127395629883 0 0 0
v 143.3790283203125 -43.439807891845703 -36.570133209228516 0 0 0
v 138.54716491699219 -48.858707427978516 -33.472602844238281 0 0 0
v -98.841598510742188 -23.84324836730957 -15.506967544555664 0 0 0
v 20.171571731567383 -38.979701995849609 -23.417163848876953 0 0 0
v -88.865249633789062 -38.636287689208984 -15.513139724731445 0 0 0
v -91.513839721679688 -35.839057922363281 -14.265580177307129 0 0 0
v -59.098224639892578 -40.909324645996094 -33.301418304443359 0 0 0
v 72.175003051757812 -47.953861236572266 -33.67529296875 0 0 0
v -17.856500625610352 -51.538055419921875 -17.993104934692383 0 0 0
v 182.7308349609375 -18.771240234375 -7.9467077255249023 0 0 0
v 134.95364379882812 -45.692031860351562 -36.592071533203125 0 0 0
v 161.52128601074219 -46.089153289794922 -19.286670684814453 0 0 0
v 165.207275390625 -42.525356292724609 -26.456905364990234 0 0 0
v -11.358369827270508 -41.337406158447266 -35.912944793701172 0 0 0
v -2.0616080760955811 -38.941547393798828 -30.789192199707031 0 0 0
v 4.770805835723877 -35.959579467773438 -30.626108169555664 0 0 0
v 5.5289397239685059 -35.713268280029297 -27.586320877075195 0 0 0
v 189.28794860839844 -16.054935455322266 -12.570624351501465 0 0 0
v 187.45933532714844 -16.011518478393555 -8.324549674987793 0 0 0
v 186.28007507324219 -20.230916976928711 -9.0837917327880859 0 0 0
v 190.96282958984375 -0.0034599120263010263 -11.332131385803223 0 0 0
v -82.288795471191406 -28.733903884887695 -6.5969467163085938 0 0 0
v 133.85395812988281 -53.703517913818359 -22.670852661132812 0 0 0
v -92.380752563476562 -31.620552062988281 -28.352029800415039 0 0 0
v 63.672554016113281 -55.919116973876953 -20.979095458984375 0 0 0
v 70.475257873535156 -57.401100158691406 -22.16986083984375 0 0 0
v 16.526317596435547 33.045509338378906 -27.979663848876953 0 0 0
v 20.098175048828125 33.153011322021484 -27.569705963134766 0 0 0
v -17.856500625610352 -51.538055419921875 -17.993104934692383 0 0 0
v -32.728382110595703 -41.71429443359375 -36.126884460449219 0 0 0
v -101.25654602050781 -17.733354568481445 -23.649511337280273 0 0 0
v 34.826976776123047 -40.616531372070312 -14.906696319580078 0 0 0
v -60.906036376953125 -40.287734985351562 -11.993626594543457 0 0 0
v -62.191658020019531 -40.034633636474609 -5.6241378784179688 0 0 0
v 184.21292114257812 7.4383010864257812 -10.063387870788574 0 0 0
v 144.18794250488281 47.751140594482422 -20.127689361572266 0 0 0
v 136.55270385742188 49.433784484863281 -20.489114761352539 0 0 0
v 143.51641845703125 46.656085968017578 -23.30369758605957 0 0 0
v 144.41438293457031 51.611244201660156 -21.977066040039062 0 0 0
v 61.143390655517578 46.037162780761719 -35.494064331054688 0 0 0
v -102.32049560546875 7.9072003364562988 -17.285139083862305 0 0 0
v -102.51235961914062 -0.64184999465942383 -17.136667251586914 0 0 0
v 183.2928466796875 24.538082122802734 -9.1324872970581055 0 0 0
v -15.773051261901855 48.254863739013672 -27.98417854309082 0 0 0
v 75.510429382324219 48.188423156738281 -36.704627990722656 0 0 0
v 34.088623046875 36.456893920898438 -25.878473281860352 0 0 0
v 38.815601348876953 37.907947540283203 -29.671249389648438 0 0 0
v -47.377838134765625 50.855278015136719 -17.739547729492188 0 0 0
v -67.547897338867188 48.237106323242188 -17.344671249389648 0 0 0
v -79.144508361816406 44.057659149169922 -15.924750328063965 0 0 0
v 135.8062744140625 53.632705688476562 -23.840175628662109 0 0 0
v 126.51047515869141 51.535957336425781 -33.375823974609375 0 0 0
v 187.65293884277344 14.631379127502441 -7.9835267066955566 0 0 0
v -93.008720397949219 30.980928421020508 -27.974874496459961 0 0 0
v 80.470382690429688 55.271408081054688 -19.514387130737305 0 0 0
v -96.274581909179688 27.560445785522461 -29.159648895263672 0 0 0
v 44.892417907714844 43.589820861816406 -17.312826156616211 0 0 0
v -77.156524658203125 3.9533917903900146 -12.244704246520996 0 0 0
v -100.92117309570312 -20.500375747680664 -20.472097396850586 0 0 0
v -99.397140502929688 -25.346218109130859 -21.476137161254883 0 0 0
v 17.458639144897461 -33.744400024414062 -24.190132141113281 0 0 0
v 93.332633972167969 -57.712684631347656 -23.012639999389648 0 0 0
v 67.170333862304688 52.846317291259766 -18.060455322265625 0 0 0
v -42.861366271972656 -45.596462249755859 -6.3634257316589355 0 0 0
v -33.346096038818359 -46.495933532714844 -6.7619919776916504 0 0 0
v 76.6446533203125 -52.201534271240234 -33.831150054931641 0 0 0
v 67.96795654296875 46.629524230957031 -36.881298065185547 0 0 0
v 190.96282958984375 -0.0034599120263010263 -11.332131385803223 0 0 0
v -85.565345764160156 -17.799415588378906 -5.3200030326843262 0 0 0
v -81.641410827636719 -12.638876914978027 -3.9679985046386719 0 0 0
v -17.856500625610352 -51.538055419921875 -17.993104934692383 0 0 0
v 48.930076599121094 -45.881103515625 -30.483041763305664 0 0 0
v -64.58001708984375 -47.342540740966797 -14.726225852966309 0 0 0
v -67.257133483886719 -48.308666229248047 -17.388465881347656 0 0 0
v 85.865913391113281 -54.637805938720703 -19.699153900146484 0 0 0
v 76.644912719726562 52.200344085693359 -33.831153869628906 0 0 0
v 135.8062744140625 53.632705688476562 -23.840175628662109 0 0 0
v 48.485576629638672 45.640037536621094 -30.361419677734375 0 0 0
v -1.8927617073059082 42.254344940185547 -30.73933219909668 0 0 0
v 25.356552124023438 45.762775421142578 -17.186201095581055 0 0 0
v 138.43984985351562 49.304641723632812 -33.430782318115234 0 0 0
v -93.890586853027344 31.306673049926758 -11.707892417907715 0 0 0
v 1.7420881986618042 49.935695648193359 -16.024717330932617 0 0 0
v 50.014617919921875 48.158027648925781 -13.251947402954102 0 0 0
v 29.421230316162109 15.324117660522461 -28.067995071411133 0 0 0
v -87.216667175292969 35.198875427246094 -33.223247528076172 0 0 0
v -55.038074493408203 50.173851013183594 -19.005250930786133 0 0 0
v -63.498714447021484 49.132286071777344 -18.50370979309082 0 0 0
v -15.773051261901855 48.254863739013672 -27.98417854309082 0 0 0
v 152.13961791992188 -41.788745880126953 -35.339969635009766 0 0 0
v -102.51235961914062 -0.64184999465942383 -17.136667251586914 0 0 0
v -72.480072021484375 -30.763349533081055 -10.35930347442627 0 0 0
v -72.487335205078125 -27.777061462402344 -12.758966445922852 0 0 0
v -72.774864196777344 27.25474739074707 -12.758607864379883 0 0 0
v 145.95880126953125 -47.277774810791016 -19.958293914794922 0 0 0
v 188.27020263671875 -7.2194204330444336 -17.861360549926758 0 0 0
v 188.59109497070312 2.1818537712097168 -17.679609298706055 0 0 0
v 188.210693359375 2.4888174533843994 -14.636325836181641 0 0 0
v 159.63351440429688 -39.946846008300781 -32.809883117675781 0 0 0
v 13.039689064025879 -33.973148345947266 -24.989133834838867 0 0 0
v 16.171707153320312 -33.678581237792969 -27.426294326782227 0 0 0
v 4.770805835723877 -35.959579467773438 -30.626108169555664 0 0 0
v 161.52128601074219 -46.089153289794922 -19.286670684814453 0 0 0
v 187.20111083984375 -22.600948333740234 -14.322026252746582 0 0 0
v -89.80511474609375 -13.74140453338623 -5.8972434997558594 0 0 0
v 138.54716491699219 -48.858707427978516 -33.472602844238281 0 0 0
v 139.51724243164062 -45.0333251953125 -33.433212280273438 0 0 0
v 146.32780456542969 -47.722831726074219 -32.732791900634766 0 0 0
v -17.856651306152344 -49.238307952880859 -11.774321556091309 0 0 0
v 9.0144891738891602 -48.843734741210938 -16.821559906005859 0 0 0
v 4.4476099014282227 -47.293987274169922 -20.693769454956055 0 0 0
v 11.003970146179199 -47.129611968994141 -18.502822875976562 0 0 0
v 124.98128509521484 -51.139091491699219 -20.485013961791992 0 0 0
v 137.75987243652344 -49.244106292724609 -20.443918228149414 0 0 0
v -72.487335205078125 -27.777061462402344 -12.758966445922852 0 0 0
v -78.757247924804688 4.5134696960449219 -9.864232063293457 0 0 0
v -77.156524658203125 3.9533917903900146 -12.244704246520996 0 0 0
v -97.088088989257812 25.409584045410156 -10.769087791442871 0 0 0
v -10.440995216369629 49.468097686767578 -23.886127471923828 0 0 0
v 159.85858154296875 39.852611541748047 -32.709354400634766 0 0 0
v 185.36537170410156 19.856782913208008 -19.953619003295898 0 0 0
v 4.9131960868835449 35.892452239990234 -30.788053512573242 0 0 0
v 70.248313903808594 3.3865687847137451 -37.042057037353516 0 0 0
v -34.830600738525391 51.356616973876953 -17.683832168579102 0 0 0
v 183.2928466796875 24.538082122802734 -9.1324872970581055 0 0 0
v -64.429466247558594 39.862216949462891 -5.2798929214477539 0 0 0
v 11.385990142822266 47.815715789794922 -11.629084587097168 0 0 0
v 1.7420881986618042 49.935695648193359 -16.024717330932617 0 0 0
v -95.559555053710938 27.849069595336914 -10.59549617767334 0 0 0
v -93.890586853027344 31.306673049926758 -11.707892417907715 0 0 0
v 138.09397888183594 45.272449493408203 -33.510929107666016 0 0 0
v 138.43984985351562 49.304641723632812 -33.430782318115234 0 0 0
v 145.98968505859375 47.779888153076172 -32.779136657714844 0 0 0
v 32.355804443359375 48.043067932128906 -13.530237197875977 0 0 0
v -100.04731750488281 18.124736785888672 -21.814125061035156 0 0 0
v -98.723159790039062 22.196231842041016 -23.336130142211914 0 0 0
v -77.155319213867188 -4.9093518257141113 -12.253151893615723 0 0 0
v 159.47998046875 -39.991386413574219 -29.463537216186523 0 0 0
v 159.82766723632812 -43.879981994628906 -29.325168609619141 0 0 0
v 12.286381721496582 48.749748229980469 -16.100141525268555 0 0 0
v 158.94160461425781 -45.068027496337891 -28.85112190246582 0 0 0
v -52.732917785644531 42.291423797607422 -11.608154296875 0 0 0
v 57.013168334960938 -49.160701751708984 -32.241680145263672 0 0 0
v 50.835617065429688 51.755352020263672 -18.317222595214844 0 0 0
v 44.375640869140625 47.607273101806641 -21.93330192565918 0 0 0
v 46.341243743896484 50.342052459716797 -16.954887390136719 0 0 0
v -97.443199157714844 29.556671142578125 -24.024776458740234 0 0 0
v -88.740447998046875 38.170337677001953 -14.431708335876465 0 0 0
v 163.89356994628906 -39.115089416503906 -15.846508979797363 0 0 0
v -98.825233459472656 23.502498626708984 -26.98289680480957 0 0 0
v 63.427280426025391 -46.5938720703125 -33.061599731445312 0 0 0
v 66.591476440429688 -51.2652587890625 -33.325233459472656 0 0 0
v 72.175003051757812 -47.953861236572266 -33.67529296875 0 0 0
v 76.6446533203125 -52.201534271240234 -33.831150054931641 0 0 0
v 84.97613525390625 -53.341938018798828 -33.589977264404297 0 0 0
v 148.23446655273438 42.695194244384766 -36.010368347167969 0 0 0
v -95.925521850585938 -26.700233459472656 -10.272226333618164 0 0 0
v -75.03729248046875 -31.080648422241211 -4.438382625579834 0 0 0
v -83.876724243164062 -25.021333694458008 -6.0327558517456055 0 0 0
v 72.175003051757812 -47.953861236572266 -33.67529296875 0 0 0
v 189.00749206542969 2.6970860958099365 -7.1419534683227539 0 0 0
v -13.042915344238281 -45.300769805908203 -33.144798278808594 0 0 0
v 41.502758026123047 -46.371402740478516 -21.916221618652344 0 0 0
v 39.779117584228516 -43.403327941894531 -26.964433670043945 0 0 0
v 46.2623291015625 -47.977123260498047 -23.449880599975586 0 0 0
v 1.3602801561355591 -49.121837615966797 -19.027605056762695 0 0 0
v -95.905364990234375 -31.232185363769531 -25.991458892822266 0 0 0
v 47.830238342285156 46.967685699462891 -12.628589630126953 0 0 0
v -95.109359741210938 32.956371307373047 -25.862310409545898 0 0 0
v 183.48808288574219 22.997222900390625 -17.888320922851562 0 0 0
v 84.975227355957031 53.340843200683594 -33.589836120605469 0 0 0
v 137.82666015625 -44.734573364257812 -36.964195251464844 0 0 0
v -34.830600738525391 51.356616973876953 -17.683832168579102 0 0 0
v -15.184269905090332 45.374252319335938 -33.243537902832031 0 0 0
v -97.942146301269531 27.712081909179688 -24.159753799438477 0 0 0
v 118.08689117431641 -46.740154266357422 -37.616241455078125 0 0 0
v 159.33811950683594 40.035884857177734 -29.516387939453125 0 0 0
v 1.7515077590942383 49.885921478271484 -17.407230377197266 0 0 0
v -80.691940307617188 41.150920867919922 -31.923557281494141 0 0 0
v 52.313308715820312 48.117053985595703 -14.13144588470459 0 0 0
v 184.63046264648438 -20.832332611083984 -17.159730911254883 0 0 0
v -7.7535586357116699 -44.712882995605469 -32.374069213867188 0 0 0
v 159.47998046875 -39.991386413574219 -29.463537216186523 0 0 0
v 50.94757080078125 -51.397720336914062 -17.064870834350586 0 0 0
v 5.2557263374328613 -45.121959686279297 -23.115310668945312 0 0 0
v -1.6531667709350586 -42.827526092529297 -12.358646392822266 0 0 0
v -74.576026916503906 -30.928657531738281 -4.6489777565002441 0 0 0
v 136.11050415039062 48.005626678466797 -23.51109504699707 0 0 0
v 149.03225708007812 45.029487609863281 -22.856760025024414 0 0 0
v 136.48295593261719 50.442531585693359 -32.546775817871094 0 0 0
v 135.8062744140625 53.632705688476562 -23.840175628662109 0 0 0
v 189.00749206542969 2.6970860958099365 -7.1419534683227539 0 0 0
v -37.911514282226562 -40.757774353027344 -37.036815643310547 0 0 0
v -17.85661506652832 50.429161071777344 -14.541972160339355 0 0 0
v -17.854267120361328 46.964530944824219 -7.2604517936706543 0 0 0
v 34.952117919921875 40.710445404052734 -26.097332000732422 0 0 0
v -73.9554443359375 31.639339447021484 -4.6354103088378906 0 0 0
v -62.180015563964844 40.070323944091797 -5.5408339500427246 0 0 0
v 161.50077819824219 -39.014423370361328 -20.351552963256836 0 0 0
v 7.0646700859069824 39.413127899169922 -26.913536071777344 0 0 0
v 136.11050415039062 48.005626678466797 -23.51109504699707 0 0 0
v -94.361557006835938 -31.673162460327148 -12.497119903564453 0 0 0
v -15.239502906799316 46.290260314941406 -32.742691040039062 0 0 0
v 136.48295593261719 50.442531585693359 -32.546775817871094 0 0 0
vn -0.04382026195526123 0.0064698760397732258 0.99901849031448364
vn -0.039994873106479645 -0.00083928287494927645 0.9991995096206665
vn -0.025617156177759171 -0.00096568954177200794 0.9996713399887085
vn 0.041362147778272629 -0.12298844009637833 0.99154579639434814
vn 0.097481489181518555 -0.23075850307941437 0.96811562776565552
vn 0.049392163753509521 -0.13286951184272766 0.9899020791053772
vn 0.048118509352207184 0.12463639676570892 0.99103498458862305
vn 0.076788850128650665 0.24134939908981323 0.96739542484283447
vn 0.094278864562511444 0.23456062376499176 0.96751886606216431
vn 0.016360614448785782 -0.13341295719146729 0.99092549085617065
vn 0.020503437146544456 -0.028599495068192482 0.99938064813613892
vn 0.019513161852955818 0.23395656049251556 0.97205120325088501
vn 0.04126327857375145 0.10375889390707016 0.99374616146087646
vn 0.0081573966890573502 0.025501204654574394 0.9996415376663208
vn 0.073860920965671539 -0.31012982130050659 0.94782066345214844
vn 0.038635816425085068 -0.31918632984161377 0.94690406322479248
vn 0.055947892367839813 -0.27022856473922729 0.96116924285888672
vn 0.073927134275436401 0.31113889813423157 0.94748473167419434
vn 0.014010257087647915 -0.26936912536621094 0.96293509006500244
vn -0.016092684119939804 -0.28158804774284363 0.95940041542053223
vn -0.000960283272434026 0.07635343074798584 0.99708032608032227
vn -0.017615256831049919 0.26312589645385742 0.96460068225860596
vn -0.00096071779262274504 0.34213843941688538 0.93964904546737671
vn 0.012768149375915527 0.032973386347293854 0.99937468767166138
vn -0.0027469433844089508 -0.096698872745037079 0.99530988931655884
vn -0.011978035792708397 -0.014078610576689243 0.99982917308807373
vn 0.0018565044738352299 -0.33154469728469849 0.94343769550323486
vn 0.033189836889505386 0.31483364105224609 0.94856637716293335
vn 0.018630404025316238 0.14072625339031219 0.98987323045730591
vn -0.025941532105207443 0.0013796180719509721 0.99966251850128174
usemtl vc_191919__Default
f 1//1 2//2 3//3
f 4//4 5//5 6//6
f 7//7 8//8 9//9
f 6//6 10//10 11//11
f 12//12 13//13 14//14
f 13//13 12//12 8//8
f 15//15 16//16 17//17
f 12//12 18//18 8//8
f 17//17 16//16 19//19
f 19//19 20//20 10//10
f 12//12 29//29 21//21 22//22
f 22//22 23//23 12//12
f 21//21 24//24 25//25
f 26//26 3//3 4//4
f 17//17 5//5 15//15
f 20//20 19//19 27//27
f 9//9 8//8 18//18
f 12//12 28//28 18//18
f 11//11 10//10 24//24
f 24//24 29//29 11//11
f 29//29 24//24 21//21
f 12//12 14//14 29//29
f 25//25 10//10 20//20
f 7//7 30//30 14//14
f 26//26 4//4 6//6 11//11
f 17//17 10//10 6//6
f 14//14 26//26 11//11
f 5//5 17//17 6//6
f 29//29 14//14 11//11
f 13//13 8//8 7//7
f 19//19 16//16 27//27
f 1//1 3//3 26//26
f 14//14 30//30 1//1 26//26
f 14//14 13//13 7//7
f 17//17 19//19 10//10
f 24//24 10//10 25//25
f 12//12 23//23 28//28
vn -0.33453372120857239 0.87584692239761353 -0.34782090783119202
vn -0.44765067100524902 0.89419764280319214 -0.004411675501614809
vn -0.39745441079139709 0.79159319400787354 -0.46412307024002075
vn 0.049512822180986404 0.76583695411682129 -0.64112573862075806
vn -0.016043674200773239 0.72245639562606812 -0.69123035669326782
vn 0.029192717745900154 0.54720640182495117 -0.83648848533630371
vn -0.68678504228591919 -0.67973935604095459 0.25745055079460144
vn -0.67792016267776489 -0.67466151714324951 0.29198649525642395
vn -0.86678522825241089 -0.43477773666381836 0.244237020611763
vn -0.49899950623512268 0.00086066772928461432 0.86660182476043701
vn -0.49987804889678955 9.9503762612584978E-05 0.86609578132629395
vn -0.49803286790847778 0.0016943889204412699 0.8671565055847168
vn -0.5015183687210083 -0.0013266497990116477 0.8651459813117981
vn -0.53166216611862183 -0.027905639261007309 0.84649670124053955
vn -0.48959317803382874 0.0090602673590183258 0.87190389633178711
vn -0.86807787418365479 -3.7994705053279176E-05 -0.49642801284790039
vn -0.86678290367126465 -0.00010052484867628664 -0.49868562817573547
vn -0.86598706245422363 1.4107956758380169E-07 -0.50006639957427979
vn -0.73103219270706177 -0.66049838066101074 0.17127121984958649
vn -0.55356514453887939 -0.80099606513977051 0.22797127068042755
vn -0.68321520090103149 -0.68923407793045044 0.24119162559509277
vn -0.86998915672302246 -0.4417063295841217 0.21912179887294769
vn -0.66861861944198608 -0.60633224248886108 0.4304768443107605
vn -0.66861861944198608 -0.60633224248886108 0.4304768443107605
vn -0.66861861944198608 -0.60633224248886108 0.4304768443107605
vn -0.62009412050247192 -0.78450047969818115 0.006497478112578392
vn -0.55922406911849976 -0.82900756597518921 0.003856307128444314
vn -0.78499066829681396 -0.6195073127746582 0.00057687226217240095
vn -0.49999919533729553 -1.3068897715129424E-06 0.86602586507797241
vn -0.50000184774398804 -7.4541076173773035E-06 0.86602431535720825
vn -0.50000232458114624 -2.3109556423150934E-05 0.86602407693862915
vn -0.50000792741775513 7.3859437179635279E-06 0.8660207986831665
vn -0.50001066923141479 -6.8913941504433751E-06 0.86601924896240234
vn -0.50000417232513428 -3.0471242098428775E-06 0.86602300405502319
vn -0.50002437829971313 -1.6798734350231825E-06 0.86601132154464722
vn -0.49999019503593445 2.5830290724115912E-06 0.86603105068206787
vn -0.50001871585845947 -3.2167815788852749E-06 0.86601459980010986
vn -0.49999994039535522 5.8148466450802516E-06 0.86602544784545898
vn -0.5000271201133728 5.3724011195299681E-06 0.86600977182388306
vn -0.49999284744262695 -3.1968568237061845E-06 0.86602956056594849
vn -0.50000065565109253 -8.5274787124944851E-06 0.86602503061294556
vn 0.30253005027770996 0.95313984155654907 -0.00022013575653545558
vn 0.59900116920471191 0.73144495487213135 0.32586175203323364
vn 0.85720604658126831 0.12817201018333435 0.49876821041107178
vn -0.13540260493755341 0.99063795804977417 -0.017394775524735451
vn -0.86128526926040649 0.14238680899143219 -0.487763911485672
vn -0.82047367095947266 0.34021568298339844 -0.4594302773475647
vn -0.00043119856854900718 0.99999982118606567 -0.00044035707833245397
vn 1.3344104445423E-05 1 1.1475383871584199E-05
vn 4.9306676373817027E-05 1 5.0040096539305523E-05
vn 4.7620098484912887E-05 1 0.00014528867905028164
vn -0.37564638257026672 -0.87690919637680054 0.29986667633056641
vn -0.29181352257728577 -0.91695517301559448 0.27209931612014771
vn -0.18618567287921906 -0.91682606935501099 0.35322070121765137
vn -0.53390491008758545 -0.80604314804077148 0.2554212212562561
vn -0.43095025420188904 -0.87604290246963501 0.21640411019325256
vn -0.5389898419380188 -0.81411975622177124 0.21609960496425629
vn -0.3447272777557373 -0.91733747720718384 -0.19913573563098907
vn -0.14847885072231293 -0.98583132028579712 -0.078042559325695038
vn -0.2371525913476944 -0.96132349967956543 -0.14005644619464874
vn -0.44555667042732239 -0.85756713151931763 -0.25701719522476196
vn -0.44555667042732239 -0.85756713151931763 -0.25701719522476196
vn -0.44555667042732239 -0.85756713151931763 -0.25701719522476196
vn 5.5325094763247762E-06 -3.4815141134458827E-06 1
vn 4.1349187540618004E-07 -5.8554824988732435E-08 1
vn 2.0091738406335935E-07 7.0127086360116664E-08 1
vn -1.0669657967810053E-05 -9.2552163550863042E-06 1
vn -1.0489987971595838E-06 -9.9350927484920248E-07 1
vn -1.2615168998308945E-05 -5.8072487263416406E-06 1
vn -3.6886094676447101E-06 -1.9550991936512219E-08 1
vn 5.5278860600083135E-07 -5.4680707961551889E-08 1
vn -0.78084754943847656 -0.62472164630889893 -1.027045257728787E-07
vn -0.78084725141525269 -0.6247219443321228 -2.3367439894173003E-07
vn -0.78084886074066162 -0.62471997737884521 9.5221236051656888E-07
vn 0.42875471711158752 0.0011419205693528056 -0.90342020988464355
vn 0.18866021931171417 0.00022059696493670344 -0.98204237222671509
vn 0.38519880175590515 -0.0024569467641413212 -0.92283034324645996
vn 0.49997875094413757 -9.7917894890997559E-05 -0.86603766679763794
vn 0.49998858571052551 -4.7184398681565654E-06 -0.86603200435638428
vn 0.49999961256980896 1.0055570783151779E-05 -0.86602562665939331
vn 0.49998706579208374 -4.027115210192278E-06 -0.86603289842605591
vn 0.50000542402267456 9.8336180087699177E-08 -0.86602228879928589
vn 0.49986183643341064 3.8332231611093448E-08 -0.86610513925552368
vn 0.50000452995300293 1.9520997739164159E-05 -0.86602276563644409
vn 0.49999845027923584 -2.1149928215891123E-05 -0.86602628231048584
vn 0.50000029802322388 -1.1765855560952332E-05 -0.86602520942687988
vn 0.49999013543128967 -7.1326752504319302E-08 -0.86603111028671265
vn 0.49996533989906311 0.00014274353452492505 -0.86604541540145874
vn 0.49998629093170166 3.7253844311635476E-06 -0.86603331565856934
vn 0.49971860647201538 -3.9859547541709617E-05 -0.86618781089782715
vn 0.50210928916931152 -2.8769374694093131E-05 -0.86480414867401123
vn 0.49968704581260681 4.9958271119976416E-05 -0.86620599031448364
vn 0.50000584125518799 -4.4323578549665399E-06 -0.86602205038070679
vn 0.49999961256980896 -9.437815606361255E-06 -0.86602562665939331
vn 0.50000625848770142 -1.5435907698702067E-05 -0.86602175235748291
vn 0.50000792741775513 2.11746428249171E-05 -0.8660207986831665
vn 0.50000333786010742 -1.2450145732145756E-05 -0.8660234808921814
vn 0.49999269843101501 8.0402696767123416E-06 -0.86602962017059326
vn 0.49999800324440002 -1.0830364772118628E-05 -0.86602658033370972
vn -1 0 0
vn -1 0 0
vn -1 0 0
vn -0.48742726445198059 -0.87316358089447021 -8.0108470967843459E-09
vn 0.13206073641777039 -0.99124163389205933 3.173338480877419E-09
vn 0.10035727918148041 -0.99495148658752441 3.5173406409683139E-09
vn -0.61084979772567749 -0.79174649715423584 -9.8752561683568274E-09
vn -0.99976533651351929 0.02166195772588253 1.9967822595390317E-07
vn -0.63310986757278442 0.77406191825866699 -1.4548579201800749E-05
vn -0.99969792366027832 0.024576695635914803 2.3561570472452331E-08
vn -0.054790478199720383 0.99849784374237061 0.00016783895262051374
vn -0.52331942319869995 0.85213661193847656 -2.492920202712412E-06
vn -0.085275076329708099 0.99635744094848633 0.000255903898505494
vn -0.25883683562278748 0 -0.96592104434967041
vn -0.25883683562278748 0 -0.96592104434967041
vn -0.25883683562278748 0 -0.96592104434967041
vn -0.49999538064002991 -1.7860721754914266E-06 0.8660280704498291
vn -0.50000894069671631 2.273138903774452E-07 0.86602026224136353
vn -0.5 3.7181519019213738E-06 0.86602538824081421
vn -0.5000031590461731 -4.2279933154532046E-07 0.86602360010147095
vn -0.49999448657035828 1.6373006417325087E-07 0.86602860689163208
vn -0.49997183680534363 3.8449931594186637E-07 0.86604166030883789
vn -0.50000756978988647 1.8793183699017391E-05 0.86602103710174561
vn -0.30887594819068909 -0.74322772026062012 -0.59347128868103027
vn -0.234669029712677 -0.85333436727523804 -0.46556511521339417
vn -0.31000608205795288 -0.88999658823013306 -0.33436852693557739
vn -0.38721725344657898 -0.83568328619003296 -0.38948202133178711
vn -0.51111596822738647 -0.67850589752197266 -0.52762693166732788
vn -0.4011138379573822 -0.58587998151779175 -0.70416784286499023
vn -0.55243659019470215 -0.40980631113052368 -0.7258598804473877
vn -0.41000515222549438 -0.075812332332134247 -0.90892696380615234
vn -0.44746541976928711 -0.28635278344154358 -0.84721708297729492
vn -0.62934118509292603 -0.19464275240898132 -0.75235885381698608
vn -0.60054820775985718 -0.021365322172641754 -0.79930305480957031
vn -0.30666491389274597 -0.92397052049636841 -0.22854994237422943
vn -0.31292694807052612 -0.91010445356369019 -0.27163687348365784
vn -0.38986721634864807 -0.87340974807739258 -0.29182004928588867
vn -0.54856544733047485 -0.73373275995254517 -0.40088921785354614
vn -0.66939544677734375 -0.52320706844329834 -0.52741265296936035
vn -0.71896553039550781 -0.082701981067657471 -0.69010794162750244
vn -0.70712494850158691 -0.34657666087150574 -0.61632692813873291
vn -0.17948807775974274 -0.16696465015411377 -0.96948790550231934
vn -0.19061720371246338 -0.047871489077806473 -0.98049652576446533
vn -0.2617015540599823 -0.068918697535991669 -0.96268504858016968
vn -0.25838717818260193 -0.27162477374076843 -0.92706853151321411
vn -0.22022126615047455 -0.29496112465858459 -0.92978519201278687
vn -0.26265686750411987 -0.1900564432144165 -0.94598621129989624
vn -0.94377392530441284 -0.13687671720981598 -0.30092450976371765
vn -0.58889096975326538 -0.091435372829437256 -0.80302363634109497
vn -0.95353490114212036 -0.042977593839168549 -0.29820150136947632
vn 0.31705215573310852 -0.0039044099394232035 -0.94840008020401001
vn -0.46947479248046875 -0.031242763623595238 -0.88239294290542603
vn -0.31968286633491516 -0.015123988501727581 -0.94740390777587891
vn -0.32944187521934509 -0.0079168872907757759 -0.94414263963699341
vn -0.31424844264984131 -0.1135326474905014 -0.94252759218215942
vn -0.33416175842285156 -0.13759344816207886 -0.9324183464050293
vn -0.29292804002761841 -0.13572520017623901 -0.94645226001739502
vn -0.29651439189910889 -0.032771557569503784 -0.95446592569351196
vn -0.28617063164710999 0.0062216976657509804 -0.95815849304199219
vn -0.30462679266929626 -0.22570738196372986 -0.92534250020980835
vn 0.72545164823532104 -1.5601355698890984E-05 -0.68827313184738159
vn 0.72603970766067505 0.00025117173208855093 -0.68765276670455933
vn 0.726054847240448 0.00025510133127681911 -0.68763679265975952
vn 0.72548472881317139 1.9352546587469988E-05 -0.68823826313018799
vn 0.72545337677001953 -2.0855517846030125E-07 -0.68827128410339355
vn 0.72545129060745239 -1.5916818938421784E-06 -0.68827354907989502
vn 0.72541630268096924 1.4819380339758936E-05 -0.68831038475036621
vn 0.72522538900375366 -0.00050552230095490813 -0.68851131200790405
vn 0.72534084320068359 0.00023300798784475774 -0.68838983774185181
vn 0.72544687986373901 1.8696595361689106E-05 -0.68827813863754272
vn 0.7254367470741272 2.3257371140061878E-05 -0.68828886747360229
vn 0.72585386037826538 -0.00016999978106468916 -0.68784892559051514
vn 0.72546231746673584 1.1521488886501174E-05 -0.68826186656951904
vn 0.72545325756072998 -2.5458235541009344E-05 -0.68827140331268311
vn 0.72545474767684937 -4.0665663618710823E-06 -0.68826985359191895
vn 0.72545427083969116 4.218160540858662E-07 -0.68827039003372192
vn 0.72545897960662842 6.2996718952490482E-06 -0.68826538324356079
vn 0.72545409202575684 4.4336144355838769E-07 -0.68827056884765625
vn 0.72543126344680786 -3.528056822688086E-06 -0.68829458951950073
vn 0.72544443607330322 1.5491269778067362E-07 -0.68828076124191284
vn 0.7254939079284668 8.6011450548539869E-06 -0.68822860717773438
vn 0.72541528940200806 3.5276553234098174E-08 -0.68831145763397217
vn 0.7254711389541626 -4.8299957597919274E-06 -0.68825256824493408
vn 0.72547554969787598 -5.8066830206371378E-06 -0.6882479190826416
vn -0.68828237056732178 0 -0.72544288635253906
vn -0.68828237056732178 0 -0.72544288635253906
vn -0.68828237056732178 0 -0.72544288635253906
vn -0.72542381286621094 5.6420258260914125E-06 0.68830251693725586
vn -0.7254607081413269 3.8911825868126471E-06 0.68826353549957275
vn -0.72546690702438354 1.0837166882993188E-05 0.68825703859329224
vn -0.72534584999084473 -8.1969374150503427E-06 0.68838459253311157
vn -0.7254256010055542 -1.5666277249692939E-05 0.68830054998397827
vn -0.7254335880279541 6.2426151998806745E-06 0.68829214572906494
vn -0.72586166858673096 -0.00048913928912952542 0.68784052133560181
vn -0.7252001166343689 0.00038007591501809657 0.68853801488876343
vn -0.72542333602905273 -5.8562222875480074E-06 0.68830293416976929
vn -0.72539728879928589 6.8761205511691514E-06 0.68833041191101074
vn -0.72546637058258057 -1.1569216439966112E-05 0.68825763463973999
vn -0.72535723447799683 -0.00011817039921879768 0.68837261199951172
vn -0.72546106576919556 -4.5606420826516114E-06 0.6882631778717041
vn -0.72522759437561035 -0.00036169524537399411 0.68850910663604736
vn -0.72572553157806396 0.00027031401987187564 0.68798428773880005
vn -0.72541189193725586 4.6157030737958848E-05 0.68831503391265869
vn -0.72545319795608521 -2.3049856281431857E-06 0.68827152252197266
vn -0.7254677414894104 -7.4936015153070912E-06 0.68825620412826538
vn -0.72544372081756592 7.5390499887362239E-07 0.68828147649765015
vn -0.72545373439788818 7.0570013122051023E-06 0.6882709264755249
vn -0.72546285390853882 3.2186969747272087E-06 0.68826133012771606
vn -0.72545337677001953 1.0062090041174088E-06 0.68827134370803833
vn -0.72547668218612671 1.428707309969468E-05 0.68824672698974609
vn -0.4488740861415863 -0.064540036022663116 -0.89126127958297729
vn -0.33441388607025146 0.020781343802809715 -0.94219714403152466
vn -0.46459218859672546 0.0089040352031588554 -0.88547998666763306
vn -0.34108036756515503 -0.14173270761966705 -0.92928791046142578
vn -0.6818203330039978 -0.056667208671569824 -0.72932147979736328
vn -0.72700256109237671 -0.055739663541316986 -0.6843685507774353
vn -0.72767788171768188 0.052234556525945663 -0.68392717838287354
vn -0.72581994533538818 -0.079906865954399109 -0.68322789669036865
vn -0.71440249681472778 -0.17139899730682373 -0.67841833829879761
vn -0.71568882465362549 -0.15252862870693207 -0.68156033754348755
vn -0.13923601806163788 0.034737061709165573 -0.98964977264404297
vn -0.13435342907905579 0.018194535747170448 -0.99076640605926514
vn -0.13654059171676636 -0.03329487144947052 -0.99007481336593628
vn -0.12636058032512665 -0.059764709323644638 -0.99018239974975586
vn -0.13116104900836945 -0.1479802131652832 -0.98025435209274292
vn -0.14451166987419128 -0.15635062754154205 -0.97707259654998779
vn -0.70348465442657471 -0.12291549891233444 -0.7000008225440979
vn -0.80072414875030518 -0.075548253953456879 -0.59425020217895508
vn -0.66040611267089844 -0.16132877767086029 -0.73337358236312866
vn -0.75050550699234009 -0.051075290888547897 -0.65888756513595581
vn -0.87168300151824951 -0.0040830755606293678 0.49005311727523804
vn -0.46187803149223328 0.019517721608281136 0.88672870397567749
vn -0.33348134160041809 0.041650485247373581 0.94183617830276489
vn -0.21094638109207153 0.023151090368628502 0.97722345590591431
vn -0.74337863922119141 -0.016860118135809898 0.66865831613540649
vn 0.13457328081130981 0.0084469234570860863 0.99086761474609375
vn 0.13897833228111267 -0.0080022141337394714 0.99026310443878174
vn 0.13635905086994171 0.087071329355239868 0.98682558536529541
vn 0.12916931509971619 0.12618610262870789 0.98356103897094727
vn 0.72659474611282349 0.097289450466632843 0.68014323711395264
vn 0.72598916292190552 0.0036094228271394968 0.68769669532775879
vn 0.72753274440765381 0.032384548336267471 0.68530821800231934
vn 0.4253007173538208 0.13206192851066589 0.89536523818969727
vn 0.67107981443405151 0.14907220005989075 0.72624337673187256
vn 0.45916330814361572 0.028144020587205887 0.88790595531463623
vn 0.30608168244361877 0.27421769499778748 0.91165709495544434
vn 0.31998112797737122 0.27442741394042969 0.90680849552154541
vn 0.30686807632446289 0.15002746880054474 0.93985307216644287
vn 0.32952326536178589 0.031341984868049622 0.94362711906433105
vn 0.31744605302810669 0.031031591817736626 0.9477684497833252
vn 0.28581187129020691 0.0025871775578707457 0.9582822322845459
vn 0.28636956214904785 -0.014116846024990082 0.95801526308059692
vn 0.29343315958976746 0.089018858969211578 0.95182591676712036
vn 0.28500074148178101 0.17404262721538544 0.94259417057037354
vn 0.95481085777282715 0.092264823615550995 -0.28253033757209778
vn 0.95588195323944092 0.083789333701133728 -0.28154757618904114
vn 0.96084201335906982 0.012815012596547604 -0.27680030465126038
vn -0.34904932975769043 0.0010024720104411244 0.93710380792617798
vn 0.78950291872024536 0.097423337399959564 0.605965256690979
vn 0.72120440006256104 0.024998066946864128 0.69227111339569092
vn 0.14398321509361267 -0.064017370343208313 0.98750728368759155
vn -0.24827776849269867 0.030123971402645111 0.96822035312652588
vn -0.95653253793716431 -0.090598620474338531 0.27719566226005554
vn -0.95622748136520386 -0.091145150363445282 0.27806746959686279
vn -0.96191281080245972 -0.029737986624240875 0.27173396944999695
vn 0.20879071950912476 0.20250324904918671 0.956764817237854
vn 0.27118271589279175 0.10209589451551437 0.95709788799285889
vn 0.21842955052852631 0.070943184196949005 0.97327059507369995
vn 0.18090172111988068 0.3068675696849823 0.93440186977386475
vn 0.26639008522033691 0.22955776751041412 0.9361301064491272
vn 0.26543676853179932 0.016647500917315483 0.96398454904556274
vn 0.21902695298194885 -0.017331069335341454 0.97556489706039429
vn 0.18460856378078461 -0.015193785540759563 0.98269468545913696
vn 0.19545768201351166 0.060322079807519913 0.9788551926612854
vn 0.18728698790073395 0.20362119376659393 0.96096932888031006
vn 0.2487538754940033 0.33300793170928955 0.90952032804489136
vn 0.29090720415115356 0.36851298809051514 0.88293325901031494
vn 0.43922331929206848 0.35816168785095215 0.82389509677886963
vn 0.60448426008224487 0.46603727340698242 0.64607125520706177
vn 0.50705599784851074 0.70376318693161011 0.49760589003562927
vn 0.52941614389419556 0.19174107909202576 0.82641023397445679
vn 0.35910326242446899 0.87664639949798584 0.32021236419677734
vn 0.31137236952781677 0.82873404026031494 0.46502384543418884
vn 0.23606987297534943 0.8476443886756897 0.4751526415348053
vn 0.20345212519168854 0.8358803391456604 0.50981491804122925
vn 0.29962822794914246 0.77766233682632446 0.55268818140029907
vn 0.40790185332298279 0.5776442289352417 0.70706659555435181
vn 0.2966194748878479 0.90726321935653687 0.29814475774765015
vn 0.58675652742385864 0.010847024619579315 0.80969071388244629
vn 0.7303885817527771 0.039720576256513596 0.68187594413757324
vn 0.76042890548706055 0.22107084095478058 0.61063539981842041
vn 0.68190544843673706 0.4738146960735321 0.55722939968109131
vn 0.35885792970657349 0.89364165067672729 0.26949137449264526
vn 0.29873138666152954 0.91633063554763794 0.26664146780967712
vn 0.48436000943183899 0.80744969844818115 0.33677935600280762
vn 0.57143646478652954 0.70668387413024902 0.41720294952392578
vn 0.5955817699432373 0.76515805721282959 -0.24457219243049622
vn 0.51076102256774902 0.82894796133041382 -0.2279658317565918
vn 0.65254181623458862 0.72816318273544312 -0.20968441665172577
vn 0.82120448350906372 0.52448362112045288 -0.22481127083301544
vn 0.68488657474517822 0.67792242765426636 -0.26711723208427429
vn 0.76066195964813232 0.62575632333755493 -0.17269167304039001
vn 0.91063576936721802 0.3960023820400238 -0.1180025041103363
vn 0.98492449522018433 0.14869785308837891 -0.08838973194360733
vn 0.94680935144424438 0.26140925288200378 -0.1876627504825592
vn -0.056238722056150436 -0.85836023092269897 0.5099557638168335
vn -0.09339701384305954 -0.86042195558547974 0.50095009803771973
vn -0.031508501619100571 -0.87703561782836914 0.47939103841781616
vn -0.14250989258289337 -0.89996665716171265 0.4120083749294281
vn -0.12100335955619812 -0.90250676870346069 0.41332754492759705
vn -0.16358143091201782 -0.87203347682952881 0.46130114793777466
vn -0.057226557284593582 -0.83553391695022583 0.54645049571990967
vn -0.027575155720114708 -0.79954946041107178 0.59996694326400757
vn -0.090904094278812408 -0.84619003534317017 0.52507036924362183
vn 0.084384642541408539 0.0023445980623364449 0.99643051624298096
vn 0.060811541974544525 0.0027794097550213337 0.99814540147781372
vn 0.32435604929924011 0.0012152662966400385 0.94593429565429688
vn 0.5518079400062561 0.0010990661103278399 0.83397048711776733
vn 0.60975348949432373 0.0028114907909184694 0.79258608818054199
vn 0.35629981756210327 0.0018826363375410438 0.93436980247497559
vn 0 -1 0
vn 0 -1 0
vn 0 -1 0
vn -1.9699141375895124E-06 -2.9740272111666854E-06 -1
vn -9.6536882665532175E-07 8.1259435091851628E-07 -1
vn -8.4109251474728808E-07 6.4128762460313737E-06 -1
vn -3.3395274385839002E-06 -8.1479547588969581E-06 -1
vn -1.3815125043947774E-07 6.6910857299262716E-08 -1
vn 2.1517835193662904E-06 -2.5991357688326389E-07 -1
vn 0.45644640922546387 0.81730705499649048 -0.35166159272193909
vn 0.23287031054496765 0.8900681734085083 -0.3918546736240387
vn 0.38355362415313721 0.88917708396911621 -0.24950097501277924
vn 0.21814975142478943 0.92494463920593262 -0.31126850843429565
vn 0.53793764114379883 0.76408374309539795 -0.35608863830566406
vn -0.12806741893291473 -0.88854300975799561 -0.44055649638175964
vn -0.14724795520305634 -0.86505740880966187 -0.47957658767700195
vn -0.092423930764198303 -0.91783410310745239 -0.3860548734664917
vn -0.15490840375423431 -0.92781376838684082 -0.33935967087745667
vn -0.25723254680633545 -0.93399345874786377 -0.24796691536903381
vn -0.21157129108905792 -0.8619568943977356 -0.46072545647621155
vn -0.1138777881860733 -0.93402445316314697 -0.33857083320617676
vn -0.181558758020401 -0.93743139505386353 -0.29708382487297058
vn -0.21344529092311859 -0.80553513765335083 -0.55276960134506226
vn -0.16976888477802277 -0.7275388240814209 -0.66472989320755005
vn -0.21638259291648865 -0.74506324529647827 -0.63091939687728882
vn -0.14978648722171783 -0.82131153345108032 -0.5504646897315979
vn -0.20156191289424896 -0.5688440203666687 -0.79736393690109253
vn -0.12900292873382568 -0.67944782972335815 -0.72229421138763428
vn -0.27217644453048706 -0.48297619819641113 -0.83225834369659424
vn -0.22638332843780518 -0.40144404768943787 -0.88746452331542969
vn -0.10064642131328583 -0.75622040033340454 -0.64652997255325317
vn -0.19196958839893341 -0.80507487058639526 -0.56125056743621826
vn -0.16499277949333191 -0.83527946472167969 -0.52448606491088867
vn -0.24467171728610992 -0.62556254863739014 -0.74081528186798096
vn -0.1615043580532074 -0.35435289144515991 -0.92105937004089355
vn -0.19511356949806213 -0.37130662798881531 -0.90777868032455444
vn -0.17203782498836517 -0.39940524101257324 -0.90048789978027344
vn -0.16458591818809509 -0.53951370716094971 -0.82573390007019043
vn -0.26387789845466614 -0.30993279814720154 -0.91340577602386475
vn 0.48878982663154602 0.39824125170707703 -0.77620130777359009
vn 0.43912774324417114 0.1980167031288147 -0.87633109092712402
vn -0.0041368324309587479 0.30804955959320068 -0.95136129856109619
vn -0.31418082118034363 -0.24110822379589081 -0.91823595762252808
vn -0.3230915367603302 -0.26695552468299866 -0.90793538093566895
vn -0.3199002742767334 -0.40095162391662598 -0.85842972993850708
vn -0.24815841019153595 -0.63637953996658325 -0.73036873340606689
vn -0.32402995228767395 -0.3657173216342926 -0.87249952554702759
vn -0.32844781875610352 -0.17424593865871429 -0.92831051349639893
vn -0.47727277874946594 -0.72050958871841431 -0.5030672550201416
vn -0.47727277874946594 -0.72050958871841431 -0.5030672550201416
vn -0.47727277874946594 -0.72050958871841431 -0.5030672550201416
vn 0 -1 0
vn 0 -1 0
vn 0 -1 0
vn 0 -1 0
vn 0.36654335260391235 -3.4214481274830177E-06 0.93040096759796143
vn 0.36646077036857605 2.1311243472155184E-06 0.93043351173400879
vn 0.36651411652565002 1.047932414621755E-06 0.93041247129440308
vn 0.36648061871528625 4.7532577696074441E-07 0.93042570352554321
vn 0.36648675799369812 1.3632821946885088E-06 0.93042325973510742
vn -0.085661791265010834 -0.90079158544540405 -0.42571893334388733
vn -0.061839092522859573 -0.91501009464263916 -0.39866334199905396
vn -0.0759257972240448 -0.91652911901473999 -0.39269536733627319
vn -0.027695875614881516 -0.92776960134506226 -0.37212434411048889
vn -0.053867995738983154 -0.92145740985870361 -0.38472652435302734
vn -0.018340567126870155 -0.93225604295730591 -0.36133408546447754
vn -0.16473037004470825 -0.53148424625396729 -0.83089613914489746
vn -0.056241840124130249 -0.42716357111930847 -0.90242350101470947
vn 0.063250519335269928 0.11916816234588623 -0.99085736274719238
vn -0.28197267651557922 -0.9406093955039978 -0.18906441330909729
vn -0.035212177783250809 -0.864085853099823 0.50211125612258911
vn -0.24540849030017853 -0.93980759382247925 0.2377738356590271
vn -0.28939971327781677 -0.92357116937637329 -0.2515234649181366
vn 0.2118852436542511 -0.016963504254817963 -0.97714734077453613
vn 0.17127755284309387 -0.00015006911417003721 0.98522281646728516
vn 0.058056887239217758 -0.00029622638248838484 0.99831324815750122
vn -0.030788229778409004 3.5437224141787738E-06 0.99952590465545654
vn 0.32168945670127869 -0.00030145232449285686 0.94684517383575439
vn 0.33945801854133606 -0.00030386439175345004 0.94062113761901855
vn 0.091493509709835052 -0.92776590585708618 0.36177253723144531
vn 0.052466120570898056 -0.84971028566360474 0.52463299036026001
vn 0.135536789894104 -0.86018580198287964 0.49164023995399475
vn 0.2106512188911438 -0.87656766176223755 0.43272992968559265
vn 0.21474114060401917 -0.89701014757156372 0.38634058833122253
vn 0.098847314715385437 -0.69475859403610229 -0.71241819858551025
vn 0.10959261655807495 -0.74518859386444092 -0.6577867865562439
vn 0.28648126125335693 -0.35441562533378601 -0.89012247323989868
vn -0.14502169191837311 -0.98562121391296387 -0.086715355515480042
vn -0.38870835304260254 -0.78491157293319702 0.4825139045715332
vn -0.24599252641201019 -0.9414563775062561 0.23053744435310364
vn -0.25995749235153198 -0.965534508228302 -0.012852624990046024
vn -0.3253343403339386 -0.77102452516555786 0.54742920398712158
vn 0.17311543226242065 -0.45111599564552307 -0.87551438808441162
vn -0.26273596286773682 -0.91886568069458008 -0.2943732738494873
vn -0.46115925908088684 -0.7576524019241333 0.46183866262435913
vn -0.31953218579292297 -0.94454556703567505 -0.075715430080890656
vn -0.46697995066642761 -0.75899708271026611 0.45371037721633911
vn -0.27282652258872986 -0.85616534948348999 -0.43880125880241394
vn -0.21550941467285156 -0.69354939460754395 -0.68741905689239502
vn -0.27034780383110046 -0.3823542594909668 -0.88358205556869507
vn -0.47148299217224121 -0.45977723598480225 -0.75253480672836304
vn -0.31972452998161316 -0.363462895154953 -0.87502622604370117
vn -0.50365060567855835 -0.20385707914829254 -0.83951079845428467
vn -0.49284985661506653 -0.40418264269828796 -0.77054226398468018
vn -0.46390414237976074 -0.55020385980606079 -0.69431161880493164
vn -0.64120525121688843 -0.3935433030128479 -0.65877121686935425
vn -0.70362943410873413 -0.31631776690483093 -0.63627725839614868
vn -0.53482532501220703 -0.63006019592285156 -0.56301510334014893
vn -0.69578588008880615 -0.19742564857006073 -0.69058316946029663
vn -0.31873670220375061 -0.88542944192886353 -0.33826258778572083
vn -0.27060413360595703 -0.84781873226165771 -0.45604479312896729
vn -0.51469177007675171 -0.71565461158752441 -0.47215554118156433
vn 0.18467605113983154 -0.6130179762840271 -0.76818209886550903
vn 0.078997202217578888 -0.50619214773178101 -0.85879504680633545
vn 0.18624058365821838 -0.62399822473526001 -0.75890755653381348
vn 0.040562011301517487 -0.51351910829544067 -0.85711890459060669
vn -0.10145246237516403 -0.2492014467716217 -0.96312308311462402
vn -0.24237920343875885 0.65240561962127686 0.71806633472442627
vn -0.14344598352909088 0.61231338977813721 0.77749311923980713
vn -0.099878862500190735 0.53534084558486938 0.83870995044708252
vn 0.069056369364261627 0.39008733630180359 0.91818469762802124
vn 0.058742456138134003 0.068569190800189972 0.99591547250747681
vn 0.062698349356651306 0.2352805882692337 0.96990305185317993
vn 0.16039146482944489 0.1866970956325531 0.96923619508743286
vn 0.70865464210510254 0.30523276329040527 0.63611441850662231
vn 0.69935780763626099 0.18131729960441589 0.69139188528060913
vn 0.60041546821594238 0.51221942901611328 0.61411112546920776
vn 0.45157983899116516 0.29159390926361084 0.84323698282241821
vn 0.69623833894729614 0.19155977666378021 0.69177812337875366
vn 0.41309890151023865 0.18248113989830017 0.89221632480621338
vn 0.31011253595352173 0.50767052173614502 0.80380398035049438
vn 0.2971062958240509 0.45245212316513062 0.84084177017211914
vn 0.24797070026397705 0.68269020318984985 0.68734604120254517
vn 0.31934544444084167 0.30421701073646545 0.8974800705909729
vn 0.33971506357192993 0.30801138281822205 0.88866341114044189
vn 0.3390902578830719 0.17513038218021393 0.92430901527404785
vn 0.94130617380142212 0.17906373739242554 -0.28614476323127747
vn 0.59318214654922485 0.74437916278839111 -0.30665057897567749
vn 0.65238267183303833 0.69308376312255859 -0.30664590001106262
vn 0.95156389474868774 0.13397017121315002 -0.27672761678695679
vn -0.53454256057739258 -0.78202611207962036 0.32046747207641602
vn -0.89328569173812866 -0.33909708261489868 0.29504880309104919
vn -0.52166956663131714 -0.79462617635726929 0.31053200364112854
vn 0.21916307508945465 0.47250756621360779 0.85364168882369995
vn 0.193764328956604 0.66033875942230225 0.72553986310958862
vn 0.24143931269645691 0.5811002254486084 0.77719342708587646
vn 0.11342365294694901 0.72151648998260498 0.68304389715194702
vn 0.079359106719493866 0.84568417072296143 0.52775037288665771
vn 0.15537227690219879 0.75746852159500122 0.63411426544189453
vn 0.21309341490268707 0.39886417984962463 0.89190727472305298
vn 0.16386270523071289 0.35989734530448914 0.91848945617675781
vn 0.17293374240398407 0.44327583909034729 0.87954556941986084
vn 0.27283412218093872 0.41291424632072449 0.86894381046295166
vn 0.096034236252307892 0.92159968614578247 0.37607377767562866
vn 0.12936140596866608 0.88932788372039795 0.43859037756919861
vn 0.12651236355304718 0.9354819655418396 0.32995161414146423
vn 0.20389178395271301 0.87719994783401489 0.43468192219734192
vn 0.15441092848777771 0.92657124996185303 0.34296208620071411
vn 0.18859390914440155 0.84345346689224243 0.50300955772399902
vn 0.094937793910503387 0.9311632513999939 0.3520253598690033
vn 0.22607231140136719 0.93278414011001587 0.28072234988212585
vn 0.089367352426052094 0.90213143825531006 0.42210468649864197
vn 0.12296240776777267 0.88062453269958496 0.45758134126663208
vn 0.31868460774421692 0.92119336128234863 0.22325539588928223
vn 0.24454572796821594 0.922557532787323 0.2984711229801178
vn 0.56432700157165527 0.78867709636688232 -0.24397426843643188
vn 0.5586162805557251 0.75771462917327881 -0.33736684918403625
vn 0.49795415997505188 0.84217298030853271 -0.20684866607189178
vn 0.22041727602481842 -0.93789863586425781 0.26788493990898132
vn 0.24165412783622742 -0.94150471687316895 0.23488752543926239
vn 0.046569991856813431 -0.90439784526824951 0.42414122819900513
vn -0.030231727287173271 -0.8149186372756958 0.57878631353378296
vn -0.060428716242313385 -0.83022761344909668 0.55413937568664551
vn 0.027217091992497444 -0.85729533433914185 0.51410502195358276
vn 0.68199461698532104 5.295697746987571E-07 0.73135721683502197
vn 0.68199968338012695 -2.0360371877359285E-07 0.73135244846343994
vn 0.68199557065963745 2.7435876859271957E-07 0.73135626316070557
vn 0 -1 0
vn 0 -1 0
vn 0 -1 0
vn 0 -1 0
vn 0 -1 0
vn 0 -1 0
vn 0.1170545369386673 0.875954270362854 -0.46797692775726318
vn 0.089826151728630066 0.83560919761657715 -0.54193031787872314
vn 0.041915401816368103 0.82341188192367554 -0.56589394807815552
vn -0.079708792269229889 0.34211114048957825 -0.93627268075942993
vn 0.12579190731048584 0.62735700607299805 -0.76850473880767822
vn -0.017987033352255821 0.41667848825454712 -0.90887594223022461
vn -0.34774124622344971 -0.50289082527160645 -0.79131340980529785
vn -0.38792619109153748 -0.5521082878112793 -0.73803097009658813
vn -0.36707207560539246 -0.9052848219871521 -0.21381646394729614
vn -0.094955980777740479 0.29011619091033936 -0.95226883888244629
vn -0.076726466417312622 0.21651953458786011 -0.9732586145401001
vn 0.030549768358469009 0.59534478187561035 -0.80288934707641602
vn -0.17062848806381226 0.028038753196597099 -0.9849364161491394
vn -0.2725464403629303 -0.48106276988983154 -0.8332449197769165
vn -0.2320842444896698 -0.5045846700668335 -0.83158355951309204
vn -0.29440078139305115 -0.88342535495758057 -0.36453786492347717
vn -0.25897091627120972 -0.90816664695739746 -0.3288881778717041
vn -0.2246677577495575 -0.96550279855728149 0.13163858652114868
vn -0.32326686382293701 -0.55163437128067017 -0.76889407634735107
vn -0.13228991627693176 0.23201434314250946 -0.96367460489273071
vn -0.094124332070350647 0.27010062336921692 -0.95822036266326904
vn -0.31573489308357239 -0.94561147689819336 -0.07829710841178894
vn 0.36132222414016724 -0.93244099617004395 -4.4115066089034372E-07
vn 0.36132219433784485 -0.93244105577468872 -4.2854884441112517E-07
vn 0.36132019758224487 -0.9324418306350708 7.2566706421639537E-07
vn 0.12173839658498764 -0.99251127243041992 -0.010055233724415302
vn 0.10164589434862137 -0.99479109048843384 -0.0076670642010867596
vn -0.10069448500871658 -0.99457770586013794 0.02599712647497654
vn 0.51358014345169067 0.00035133460187353194 0.85804152488708496
vn 0.53725087642669678 -0.00030289380811154842 0.84342241287231445
vn 0.43231755495071411 -1.2209253327455372E-05 0.90172141790390015
vn 0.31471675634384155 -0.89433324337005615 0.31799599528312683
vn 0.22840607166290283 -0.92152601480484009 0.31403902173042297
vn 0.30331772565841675 -0.88934999704360962 0.34213295578956604
vn 0.21533802151679993 -0.97651439905166626 0.0070159430615603924
vn 0.28880482912063599 -0.95711374282836914 0.022914336994290352
vn 0.20915737748146057 -0.9768831729888916 0.044186949729919434
vn 0.12025201320648193 -0.9875868558883667 0.10105253756046295
vn 0.085811056196689606 -0.9929049015045166 0.082318626344203949
vn 0.12952688336372375 -0.99155008792877197 -0.0071589057333767414
vn 0.083231769502162933 -0.94563770294189453 0.31439107656478882
vn 0.068288832902908325 -0.98206758499145508 0.17572678625583649
vn 0.051353149116039276 -0.9374198317527771 0.3443935215473175
vn 0.049607519060373306 -0.97360044717788696 0.22280314564704895
vn 0.034231249243021011 -0.84201812744140625 0.53836202621459961
vn 0.078451938927173615 -0.9965214729309082 0.028112059459090233
vn 3.6372675822349265E-05 1.8296712369192392E-05 1
vn 8.5202427726471797E-06 4.1872654037433676E-06 1
vn 1.7413974262581178E-07 -6.7502242018235847E-07 1
vn -4.9248148570768535E-05 -2.6148163669859059E-05 1
vn 0.00056936865439638495 0.00030109600629657507 0.99999982118606567
vn 0.0057989004999399185 -0.93921202421188354 -0.34328877925872803
vn 0.0069223940372467041 -0.94046103954315186 -0.33983096480369568
vn 0.0092590535059571266 -0.94071567058563232 -0.339069664478302
vn -0.10054256767034531 -0.97596478462219238 0.19334937632083893
vn 0.041983667761087418 -0.99398475885391235 0.10115154832601547
vn -0.013530935160815716 -0.86215436458587646 -0.50646495819091797
vn 0.076836369931697845 -0.77038395404815674 0.63293343782424927
vn -0.18696276843547821 -0.83744156360626221 0.51355284452438354
vn -0.67926228046417236 -0.56977027654647827 -0.46256303787231445
vn -0.41825264692306519 -0.84162992238998413 -0.3416486382484436
vn -0.46966508030891418 -0.71515840291976929 -0.51765161752700806
vn 0.19927968084812164 -0.62508314847946167 -0.75469112396240234
vn 0.2531125545501709 -0.62539404630661011 -0.73811674118041992
vn 0.19781197607517242 -0.62474513053894043 -0.75535678863525391
vn 0.25759688019752502 -0.62570112943649292 -0.73630291223526001
vn 0.2642972469329834 -0.62620502710342407 -0.73349452018737793
vn -0.24079538881778717 0.62516969442367554 0.74241524934768677
vn -0.19413994252681732 0.62090450525283813 0.75946515798568726
vn -0.22624827921390533 0.6244584321975708 0.74757164716720581
vn -0.28243890404701233 0.62598925828933716 0.72688770294189453
vn 0.27749881148338318 0.51618081331253052 0.81027883291244507
vn 0.20109309256076813 0.5936359167098999 0.77920341491699219
vn 0.38491746783256531 0.72621017694473267 0.56961160898208618
vn 0.27944439649581909 0.84867686033248901 0.44906392693519592
vn 0.17149084806442261 0.61743366718292236 0.76770210266113281
vn 0.54154372215270996 0.58478039503097534 0.60395556688308716
vn 0.64436125755310059 0.58063226938247681 0.49765929579734802
vn 0.47911351919174194 0.78603547811508179 0.3906385600566864
vn 0.39571648836135864 0.83318537473678589 0.38627791404724121
vn 0.14757935702800751 0.87746715545654297 0.45636790990829468
vn 0.14697304368019104 0.86682617664337158 0.47645696997642517
vn 0.071964956820011139 0.92942458391189575 0.36192673444747925
vn 0.094903536140918732 0.9276348352432251 0.36122974753379822
vn 0.050202153623104095 0.95456033945083618 0.29375898838043213
vn 0.16822662949562073 0.8424144983291626 -0.51189607381820679
vn 0.34481659531593323 0.73096972703933716 0.58888429403305054
vn 0.090950042009353638 0.79190611839294434 -0.60383176803588867
vn 0.12859159708023071 0.82635223865509033 -0.54827558994293213
vn -0.093463510274887085 0.13586890697479248 -0.98630839586257935
vn 0.18154378235340118 0.82848674058914185 -0.52976560592651367
vn 0.39294406771659851 0.89011824131011963 -0.23083440959453583
vn 0.35411444306373596 0.92701154947280884 -0.12350110709667206
vn 0.3606240451335907 0.62017172574996948 0.69666159152984619
vn 0.15553998947143555 -0.071356847882270813 0.98524898290634155
vn 0.28527826070785522 0.90510070323944092 0.31529206037521362
vn 0.34079867601394653 0.39508947730064392 0.8530888557434082
vn 0.42769822478294373 0.65754681825637817 0.62024706602096558
vn 0.15778921544551849 -0.10599325597286224 0.98176777362823486
vn -0.15553067624568939 -0.89011836051940918 0.42836847901344299
vn -0.23893938958644867 -0.89622461795806885 0.37375038862228394
vn -0.33545592427253723 -0.89048486948013306 0.30741840600967407
vn 0.075834117829799652 0.87882834672927856 0.4710732102394104
vn 0.044097632169723511 0.91138213872909546 0.40919184684753418
vn 0.075820781290531158 0.90509915351867676 0.41838586330413818
vn 0.16029471158981323 0.84089934825897217 0.51690804958343506
vn 0.12308990955352783 0.80745977163314819 0.57693815231323242
vn 0.092588305473327637 0.58049589395523071 0.80898201465606689
vn 0.16097427904605865 0.65366452932357788 0.73946595191955566
vn 0.032674785703420639 0.92525011301040649 0.37794783711433411
vn -0.0029614532832056284 0.93924868106842041 0.34322470426559448
vn 0.037609577178955078 0.92822355031967163 0.37011691927909851
vn 0.071060627698898315 0.92321646213531494 0.37765291333198547
vn 0.088515810668468475 0.93512874841690063 0.34307315945625305
vn 0.061620123684406281 0.92946982383728027 0.36371526122093201
vn 0.078873731195926666 0.90284550189971924 0.42266887426376343
vn 0.064568191766738892 0.86386030912399292 -0.4995761513710022
vn 0.046386603266000748 0.86536902189254761 -0.49898374080657959
vn 0.05752679705619812 0.86528480052947998 -0.49796873331069946
vn 0.20657168328762054 0.91696977615356445 -0.3413129448890686
vn 0.14204889535903931 0.88663750886917114 -0.44010913372039795
vn 0.10484856367111206 0.86910134553909302 -0.48339390754699707
vn -0.68199312686920166 5.5515042731713038E-06 -0.73135858774185181
vn -0.68198329210281372 1.5309860827983357E-05 -0.73136776685714722
vn -0.68199503421783447 4.6241930249379948E-06 -0.73135679960250854
vn -0.23481746017932892 0.0012148208916187286 -0.97203874588012695
vn -0.08390963077545166 -0.0011537852697074413 -0.99647271633148193
vn -0.18548436462879181 -0.0019490964477881789 -0.98264527320861816
vn -0.21221446990966797 -0.0026727495715022087 -0.97721946239471436
vn -0.063850201666355133 -0.0038581620901823044 -0.99795204401016235
vn -0.4132598340511322 -0.0041542951948940754 -0.91060364246368408
vn -0.42064213752746582 -0.002808509161695838 -0.90722233057022095
vn -0.59445524215698242 -0.0024394385982304811 -0.80412501096725464
vn -0.039975084364414215 0.9186435341835022 -0.39305981993675232
vn -0.13123820722103119 0.92385232448577881 -0.35954606533050537
vn -0.21030955016613007 0.93329966068267822 -0.29106983542442322
vn -0.34140467643737793 0.92577612400054932 -0.16242358088493347
vn -0.3210180401802063 0.9166828989982605 -0.23799130320549011
vn -0.30025860667228699 0.88758879899978638 -0.3493291437625885
vn 0.016864243894815445 0.83103454113006592 -0.55596506595611572
vn 0.021845957264304161 0.83401429653167725 -0.55131018161773682
vn -0.044513698667287827 0.88910466432571411 -0.45553427934646606
vn 2.7310281325299002E-07 1.3094058886053972E-06 1
vn 2.53091315016718E-07 -6.7871943620900765E-09 1
vn 2.1475659650604939E-07 6.728332380134816E-08 1
vn -4.4594344217330217E-06 -8.5137317000771873E-06 1
vn 0 -1 0
vn 0 -1 0
vn 0 -1 0
vn -2.8230771931703202E-05 -1.4011573512107134E-05 -1
vn 5.7326309388372465E-07 5.768418418483634E-07 -1
vn 6.2025628722039983E-06 -3.8090756788733415E-06 -1
vn -4.5636352297151461E-05 1.3793746802548412E-05 -1
vn -5.9963224430248374E-07 -2.6664417873689672E-07 -1
vn -0.00022339496354106814 0.00018276467744726688 -0.99999994039535522
vn -0.29535785317420959 0.00073050003265962005 -0.95538640022277832
vn -0.094388708472251892 -0.0016348148928955197 -0.99553406238555908
vn -0.14301998913288116 0 -0.98971980810165405
vn -0.51432371139526367 0.087018139660358429 -0.85316997766494751
vn -0.15044048428535461 -0.0018565794453024864 -0.98861730098724365
vn -0.31438183784484863 0.01069133635610342 -0.94923639297485352
vn -0.367931067943573 0.001268231775611639 -0.9298521876335144
vn -0.36868995428085327 0.001923117320984602 -0.92955046892166138
vn -0.36649104952812195 0 -0.93042159080505371
vn -0.65724164247512817 0.0014313920401036739 -0.75367856025695801
vn -0.67881274223327637 5.1627579523483291E-05 -0.73431140184402466
vn -0.8228117823600769 -0.066049069166183472 -0.56446284055709839
vn 0.16695170104503632 -0.98251479864120483 0.082412153482437134
vn 0.10012028366327286 -0.98074597120285034 0.16766995191574097
vn 0.095158450305461884 -0.98172837495803833 0.16478542983531952
vn -0.99999904632568359 -0.0010976874036714435 -0.00082675996236503124
vn -0.99999958276748657 0.00078388251131400466 0.000455052824690938
vn -0.9999079704284668 -0.011388350278139114 -0.0073711122386157513
vn 0.66882950067520142 -0.71323990821838379 -0.20965678989887238
vn 0.65562385320663452 -0.75379598140716553 -0.044146809726953506
vn 0.50709283351898193 -0.86121559143066406 -0.034125693142414093
vn 0.49166089296340942 -0.83029347658157349 -0.2624543309211731
vn 0.3506183922290802 -0.93630045652389526 -0.020204432308673859
vn 0.39153289794921875 -0.91239351034164429 0.11933168023824692
vn 0.75037151575088501 -0.64766895771026611 -0.13216464221477509
vn -0.056897953152656555 -0.65273153781890869 -0.75544965267181396
vn -0.10035242885351181 -0.46955958008766174 -0.87717908620834351
vn -0.11949953436851501 -0.22310285270214081 -0.96744251251220703
vn 0.022862212732434273 -0.88513249158859253 -0.46477711200714111
vn 0.065549522638320923 -0.99668431282043457 -0.048204235732555389
vn 0.18456268310546875 -0.79805648326873779 0.57362222671508789
vn 0.14786660671234131 -0.96734213829040527 0.20587529242038727
vn 0.14101125299930573 -0.71242654323577881 0.68743312358856201
vn -0.12254694104194641 -0.37257644534111023 -0.91987448930740356
vn -0.1402813196182251 -0.26232057809829712 -0.95472985506057739
vn -0.011842967942357063 -0.76810121536254883 -0.64021891355514526
vn -0.049434375017881393 -0.64982527494430542 -0.75847434997558594
vn -0.07651674747467041 -0.38219979405403137 -0.92090636491775513
vn 0.062965743243694305 -0.99619299173355103 0.060290101915597916
vn 0.026448395103216171 -0.96582043170928955 -0.25785928964614868
vn 0.14028503000736237 -0.91742247343063354 -0.37236559391021729
vn 0.20371262729167938 -0.90354824066162109 -0.37696382403373718
vn 0.20971743762493134 -0.89665186405181885 -0.38991540670394897
vn 0.027767965570092201 -0.94676148891448975 -0.32073605060577393
vn 0.018104355782270432 -0.93085390329360962 -0.36494278907775879
vn 0.010130129754543304 -0.93662053346633911 -0.35019910335540771
vn 0.012255494482815266 -0.93052399158477783 -0.3660258948802948
vn -0.15250883996486664 -0.92723500728607178 -0.34201803803443909
vn -0.13035762310028076 -0.91953372955322266 -0.37076225876808167
vn -0.28508478403091431 -0.94374662637710571 -0.16753792762756348
vn -0.074500985443592072 -0.90302389860153198 -0.42308083176612854
vn -0.096902713179588318 -0.93600702285766602 -0.33837956190109253
vn -0.040688112378120422 -0.93923014402389526 -0.34086823463439941
vn -0.11029288917779922 -0.94766843318939209 -0.29959979653358459
vn -0.0077574937604367733 -0.94667065143585205 -0.32210946083068848
vn -0.16828632354736328 -0.84466934204101562 -0.50814706087112427
vn -0.23470650613307953 -0.84628856182098389 -0.47823482751846313
vn -0.16666081547737122 -0.9063870906829834 -0.38818377256393433
vn -0.3118869960308075 -0.90040284395217896 -0.30331698060035706
vn -0.18374201655387878 -0.95669889450073242 -0.2257566899061203
vn -0.29025781154632568 -0.91272902488708496 -0.28753450512886047
vn -0.2826697826385498 -0.91321349143981934 -0.29349440336227417
vn 0.055893901735544205 -0.61639934778213501 -0.78544747829437256
vn 0.085798010230064392 -0.6216309666633606 -0.77859723567962646
vn 0.24495980143547058 -0.62904214859008789 -0.73776733875274658
vn -0.11112567782402039 0.6367419958114624 0.76302731037139893
vn -0.021407969295978546 0.58609145879745483 0.80996203422546387
vn -0.20973165333271027 0.63093400001525879 0.74695038795471191
vn -0.29810309410095215 0.62730759382247925 0.71945792436599731
vn 0.13157044351100922 0.92154031991958618 0.36531165242195129
vn 0.088486380875110626 0.90033137798309326 0.42611446976661682
vn 0.088051788508892059 0.94298714399337769 0.32097068428993225
vn 0.22927422821521759 0.87799352407455444 0.42019128799438477
vn 0.1322653740644455 0.82707858085632324 0.5463029146194458
vn 0.17758925259113312 0.89746081829071045 0.40376490354537964
vn 0.26425892114639282 0.50521379709243774 -0.82153892517089844
vn 0.17122195661067963 0.68850892782211304 -0.70472580194473267
vn -0.29747945070266724 0.85016632080078125 -0.43442279100418091
vn 0.46728122234344482 0.32112354040145874 -0.82372808456420898
vn 0.14367499947547913 -0.13384509086608887 0.98053199052810669
vn 0.11352299898862839 -0.016792360693216324 0.9933934211730957
vn 0.28161677718162537 0.90671277046203613 0.31394904851913452
vn -0.070367708802223206 -0.72091794013977051 0.68943870067596436
vn -0.10809526592493057 -0.82401156425476074 0.55616575479507446
vn -0.1571081280708313 -0.8654746413230896 0.4756791889667511
vn -0.060239128768444061 -0.65115416049957275 0.75655108690261841
vn -0.2172151505947113 -0.90754050016403198 0.35942703485488892
vn -0.26172888278961182 -0.52517437934875488 0.80974680185317993
vn -0.1678222268819809 -0.57810986042022705 0.79851400852203369
vn -0.39452359080314636 -0.4230797290802002 0.81569278240203857
vn 0.33211863040924072 -0.918712317943573 0.21369343996047974
vn 0.37033554911613464 -0.89809340238571167 0.23723374307155609
vn 0.31188872456550598 -0.92856580018997192 0.2012237012386322
vn 0.27922439575195312 -0.93561923503875732 0.21598689258098602
vn 0.32401284575462341 -0.9353259801864624 0.14205989241600037
vn 0.075901441276073456 -0.90360689163208008 0.42158463597297668
vn -0.025333808735013008 -0.81308937072753906 0.58158737421035767
vn 0.076398476958274841 -0.88906770944595337 0.45135557651519775
vn 0.40876719355583191 -0.90328186750411987 0.13035024702548981
vn 0.39640998840332031 -0.90647017955780029 0.14550231397151947
vn -0.16293610632419586 0.0010715558892115951 -0.98663604259490967
vn -0.1762738972902298 0.00031362380832433701 -0.9843410849571228
vn -0.25682532787322998 0.0006590924458578229 -0.96645760536193848
vn -0.37287238240242004 0.9010053277015686 -0.2217104583978653
vn -0.43853390216827393 0.89503765106201172 -0.081213630735874176
vn -0.34924277663230896 0.87244981527328491 -0.34184905886650085
vn -0.20074479281902313 -0.22331108152866364 -0.95385199785232544
vn -0.27046829462051392 -0.024156456813216209 -0.96242576837539673
vn -0.30748659372329712 -0.038056768476963043 -0.95079106092453003
vn -0.26392316818237305 -0.96453797817230225 0.0033295562025159597
vn -0.16507485508918762 -0.98625779151916504 0.0067692184820771217
vn -0.88703054189682007 -0.46159309148788452 0.010419984348118305
vn -0.91681772470474243 -0.39928951859474182 0.0036337370984256268
vn -2.6338795578340068E-05 -1 -9.5556119049433619E-05
vn 5.5850041462690569E-06 -1 -3.2999687391566113E-05
vn -1.1251336928808087E-07 -1 -4.0823192648531403E-07
vn 0.0004978516953997314 -0.99999052286148071 0.0043230545707046986
vn -0.00058360915863886476 -0.99994224309921265 -0.010734358802437782
vn -7.5788979302160442E-05 -0.99999988079071045 0.00046506954822689295
vn 0.0016651088371872902 -0.99999070167541504 0.0039812666364014149
vn -1.0433521310915239E-05 -0.74406039714813232 -0.66811239719390869
vn -2.0826387299166527E-06 -0.74405944347381592 -0.66811347007751465
vn -1.848528654591064E-06 -0.74405938386917114 -0.66811347007751465
vn 1 0 0
vn 1 0 0
vn 1 0 0
vn 0.2868654727935791 -0.84234565496444702 0.45624780654907227
vn 0.38887894153594971 -0.84734153747558594 0.36164271831512451
vn 0.27574890851974487 -0.83986490964889526 0.46753555536270142
vn 0.19771681725978851 -0.82057571411132812 0.53624957799911499
vn -1 -3.1139818474912317E-06 4.8422782583656954E-07
vn -1 -2.6950978337936249E-08 -8.1842711097124266E-07
vn -1 -2.7056098588218447E-06 1.1264231716268114E-06
vn 0.28700059652328491 -0.86569589376449585 0.41012343764305115
vn 0.39751270413398743 -0.87421369552612305 0.27880820631980896
vn 0.3227982223033905 -0.89491462707519531 0.3081057071685791
vn 1 -4.4911498662258964E-06 -4.0828658711689059E-06
vn 1 -9.3406024461728521E-06 -8.7045800682972185E-06
vn 1 0 0
vn 1 1.8849456182579161E-06 -1.8162531034704443E-07
vn 1 3.852483587252209E-06 1.1922847988898866E-05
vn 1 -1.2074881396983983E-06 -1.5540985259576701E-05
vn -1 1.1563582120288629E-05 8.52685025165556E-06
vn -1 1.9332132069393992E-05 1.1898509001184721E-05
vn -1 -1.582398340360669E-06 -9.3649678092333488E-06
vn 5.6054650485748425E-06 -0.65055215358734131 -0.75946158170700073
vn 1.3723898746320629E-06 -0.65055286884307861 -0.75946098566055298
vn 1.3477251741278451E-06 -0.65055286884307861 -0.75946098566055298
vn 0.17866472899913788 -0.11249678581953049 -0.97745764255523682
vn 0.17078691720962524 -0.025574594736099243 -0.98497605323791504
vn 0.21349835395812988 -0.023795915767550468 -0.9766535758972168
vn 0.084616154432296753 -0.21916587650775909 -0.9720115065574646
vn 0.12362866103649139 -0.16557130217552185 -0.97841817140579224
vn 0.0063510611653327942 -0.3064647912979126 -0.95186078548431396
vn -0.011833076365292072 -0.86073923110961914 0.50890862941741943
vn -0.011571213603019714 -0.71806430816650391 0.69588053226470947
vn 0.0041394210420548916 -0.74463444948196411 0.66745966672897339
vn 0.81784802675247192 -0.0051270294934511185 -0.57541143894195557
vn 0.81875205039978027 -0.0020446963608264923 -0.57414364814758301
vn 0.81661206483840942 -0.0076604029163718224 -0.57713609933853149
vn 0.036711595952510834 -0.99931448698043823 0.0047804494388401508
vn 0.054816137999296188 -0.99849635362625122 0.00049464596668258309
vn 0.082799702882766724 -0.9965217113494873 0.009416067972779274
vn 0.85481470823287964 -0.51680177450180054 0.046986963599920273
vn 0.76162540912628174 -0.63322138786315918 0.13768590986728668
vn 0.66096413135528564 -0.75009292364120483 0.02206961065530777
vn 0.69956827163696289 -0.69566285610198975 0.16327090561389923
vn 0.47186699509620667 -0.87831532955169678 0.076835654675960541
vn 0.59124070405960083 -0.80581450462341309 0.033127304166555405
vn 0.78889173269271851 -0.60612708330154419 -0.10129048675298691
vn 0.87377685308456421 -0.48572146892547607 -0.024263691157102585
vn 0.46365702152252197 -0.75232487916946411 -0.46800583600997925
vn 0.63400727510452271 -0.6167292594909668 -0.46656161546707153
vn 0.62946796417236328 -0.70506423711776733 -0.32658001780509949
vn 0.71702069044113159 -0.6676294207572937 -0.20038039982318878
vn 0.71595859527587891 -0.66091430187225342 -0.2249346524477005
vn 0.86837267875671387 -0.48687785863876343 0.094227485358715057
vn 0.94655305147171021 -0.2840898334980011 0.15274240076541901
vn 0.90241867303848267 -0.36767026782035828 0.22463099658489227
vn 0.78222280740737915 -0.50680559873580933 0.3623197078704834
vn 0.80040234327316284 -0.55733960866928101 0.22074563801288605
vn 0.84022051095962524 -0.54191488027572632 0.018914874643087387
vn -2.1284778028984874E-07 8.3498832736950135E-08 1
vn 6.7017003857472446E-07 -1.5998291758023697E-07 1
vn -2.6473145453564939E-07 1.0818443740845396E-07 1
vn 1.5696281252530753E-07 -2.1595960575382378E-08 1
vn 5.946119472355349E-07 1.358530994366447E-07 1
vn 1.8161009052164445E-07 -1.2631776513671866E-08 1
vn 3.6097989664085617E-07 -7.3662377531036327E-08 1
vn -1.2843621561842156E-06 2.4209387561313633E-07 1
vn 0.00052838749252259731 -0.00011773092410294339 0.99999988079071045
vn -2.4134158138622297E-06 8.8948326038007508E-07 1
vn 0.00074688682798296213 -0.00011458396329544485 0.99999970197677612
vn -5.6371645769104362E-06 1.0219242767561809E-06 1
vn -2.4516377834515879E-06 2.1417595519324095E-07 1
vn 0.43655353784561157 -0.76407980918884277 0.47497683763504028
vn 0.59803050756454468 -0.79589462280273438 -0.094399526715278625
vn 0.1951739490032196 -0.97995972633361816 -0.03982500359416008
vn 0.089773811399936676 -0.88592565059661865 -0.45505642890930176
vn 0.7610507607460022 -0.57548213005065918 -0.29936948418617249
vn 0.90608876943588257 -0.42159157991409302 0.035548701882362366
vn -0.059979051351547241 -0.33731049299240112 -0.93948078155517578
vn -0.13878101110458374 -0.65620583295822144 -0.74171000719070435
vn -0.44466441869735718 -0.37493199110031128 -0.8134492039680481
vn -0.41778168082237244 -0.7882610559463501 -0.45177754759788513
vn -0.19356516003608704 -0.79341787099838257 -0.57707935571670532
vn -0.63245594501495361 -0.63463538885116577 -0.44411414861679077
vn 0.097837969660758972 -0.69874775409698486 -0.70864611864089966
vn 0.72654730081558228 -0.58410477638244629 -0.36187100410461426
vn 0.73604130744934082 -0.49188464879989624 -0.46507275104522705
vn 0.41844892501831055 -0.62210690975189209 -0.66172760725021362
vn 0.35174891352653503 -0.7688031792640686 -0.53405469655990601
vn 0.3830324113368988 -0.61418753862380981 -0.68997091054916382
vn 0.300638347864151 -0.85515892505645752 -0.42227929830551147
vn 0.28505140542984009 -0.86427903175354004 -0.41444841027259827
vn 0.29723802208900452 -0.82267338037490845 -0.48462161421775818
vn 0.021977575495839119 -0.94646507501602173 -0.32205724716186523
vn -0.022415956482291222 -0.94871443510055542 -0.31533867120742798
vn -0.0080822836607694626 -0.95230937004089355 -0.30502709746360779
vn 0.033003024756908417 -0.91588175296783447 -0.40008926391601562
vn 0.014720172621309757 -0.92117494344711304 -0.3888702392578125
vn 0.042329635471105576 -0.91907066106796265 -0.39181283116340637
vn 0.080693863332271576 -0.93083524703979492 -0.35641863942146301
vn 0.10044081509113312 -0.92384350299835205 -0.36935728788375854
vn 0.051278740167617798 -0.93582320213317871 -0.34871965646743774
vn 0.09663807600736618 -0.92882192134857178 -0.3577023446559906
vn 0.12165992707014084 -0.87648516893386841 -0.46580323576927185
vn 0.1554470956325531 -0.87645900249481201 -0.45569267868995667
vn -0.052899688482284546 -0.98764985799789429 -0.14747661352157593
vn -0.010233055800199509 -0.99203366041183472 -0.12555690109729767
vn 0.0064697610214352608 -0.99307525157928467 -0.11730144172906876
vn -0.02153736911714077 -0.59056717157363892 -0.80670100450515747
vn -0.061376716941595078 -0.60340255498886108 -0.79507118463516235
vn -0.061880622059106827 -0.60263031721115112 -0.79561769962310791
vn -0.11355666071176529 -0.61612415313720703 -0.77942025661468506
vn -0.3165418803691864 0.3237004280090332 0.89163851737976074
vn -0.23417073488235474 0.52955824136734009 0.81531107425689697
vn -0.29327818751335144 -0.26837214827537537 0.91758614778518677
vn -0.47414925694465637 -0.35075804591178894 0.80755883455276489
vn -0.065298475325107574 0.26237401366233826 0.96275436878204346
vn -0.21641704440116882 0.32647889852523804 0.92009520530700684
vn -0.021101834252476692 0.34546101093292236 0.93819582462310791
vn 0.027666306123137474 0.58319568634033203 0.81186044216156006
vn 0.017145290970802307 0.58369225263595581 0.81179392337799072
vn 0.057237010449171066 0.61676764488220215 0.78506147861480713
vn 0.09003080427646637 0.61831772327423096 0.78075450658798218
vn 0.086346164345741272 0.60296696424484253 0.79307955503463745
vn 0.10769152641296387 0.61318826675415039 0.78256165981292725
vn 0.040242407470941544 0.95267504453659058 0.30131515860557556
vn 0.030807875096797943 0.94616240262985229 0.32222291827201843
vn -0.044228091835975647 0.9459766149520874 0.32120412588119507
vn 0.43862050771713257 0.29077816009521484 -0.85032939910888672
vn 0.44581437110900879 0.3713831901550293 -0.81444710493087769
vn 0.44358760118484497 0.29638701677322388 -0.84580421447753906
vn 0.35250455141067505 0.28504100441932678 -0.8913428783416748
vn 0.33957457542419434 0.28494501113891602 -0.89637905359268188
vn -0.028864650055766106 0.92111772298812866 0.38821250200271606
vn -0.015289141796529293 0.9216848611831665 0.38763803243637085
vn -0.0015040498692542315 0.92865991592407227 0.37092924118041992
vn -0.36360201239585876 -0.30248519778251648 0.88107675313949585
vn -0.45261490345001221 -0.30225551128387451 0.83891677856445312
vn -0.36600252985954285 -0.28411379456520081 0.88618367910385132
vn 0.014175748452544212 0.93799912929534912 0.34634768962860107
vn 0.031085893511772156 0.93127137422561646 0.36299759149551392
vn 0.042505215853452682 0.92899447679519653 0.36764466762542725
vn -0.14727036654949188 0.84658408164978027 -0.5114750862121582
vn -0.12158283591270447 0.7363092303276062 -0.66563224792480469
vn -0.035368062555789948 0.88547718524932861 -0.46333497762680054
vn -0.028105851262807846 0.87284368276596069 -0.4871898889541626
vn 0.0011699330061674118 0.78814691305160522 -0.6154860258102417
vn -0.11805641651153564 0.91921812295913696 -0.37563380599021912
vn -0.31716042757034302 0.84599024057388306 -0.42861378192901611
vn -0.19693693518638611 -0.59985631704330444 -0.77549225091934204
vn -0.16382677853107452 0.0082986457273364067 -0.98645418882369995
vn -0.096624977886676788 -0.22629666328430176 -0.96925407648086548
vn -0.017349123954772949 -0.65703481435775757 0.75366055965423584
vn -0.060465171933174133 -0.62506884336471558 0.77822417020797729
vn 0.1835925430059433 -0.6858099102973938 0.7042432427406311
vn 0.44560497999191284 -0.87330758571624756 0.19690127670764923
vn 0.32712700963020325 -0.83440679311752319 0.44356873631477356
vn 0.39726090431213379 -0.86881482601165771 0.29554107785224915
vn -0.60097730159759521 0.77547019720077515 -0.19357749819755554
vn -0.74628520011901855 0.66507250070571899 -0.027146635577082634
vn -0.55703938007354736 0.81822687387466431 0.14216849207878113
vn 0.13063190877437592 -0.00050261255819350481 -0.99143081903457642
vn 0.14429304003715515 -0.029688579961657524 -0.98908954858779907
vn 0.21233713626861572 -0.031980622559785843 -0.97667300701141357
vn -0.039459284394979477 -0.57251346111297607 -0.81894522905349731
vn -0.070806890726089478 -0.69649255275726318 -0.71406197547912598
vn -0.011000380851328373 -0.51341217756271362 -0.85807162523269653
vn -0.063862383365631104 -0.66543889045715332 -0.74371546506881714
vn 0.017930082976818085 -0.36642605066299438 -0.9302743673324585
vn 0.40759044885635376 0.019430393353104591 -0.91295808553695679
vn 0.43792420625686646 0.01194250863045454 -0.89893257617950439
vn 0.40450620651245117 -0.15604837238788605 -0.9011235237121582
vn 0.4618469774723053 -0.56916183233261108 -0.68025887012481689
vn 0.38820946216583252 -0.58679658174514771 -0.71060758829116821
vn 0.39327612519264221 -0.37249687314033508 -0.84058314561843872
vn 0.48983937501907349 -0.3526923656463623 -0.79728633165359497
vn 0.62843871116638184 -0.58721691370010376 -0.51013827323913574
vn 0.90654659271240234 -0.146964430809021 0.39569529891014099
vn 0.90478193759918213 -0.27222824096679688 0.32750791311264038
vn 0.95329397916793823 -0.26923847198486328 0.13689880073070526
vn 0.87251961231231689 -0.17570044100284576 0.45589345693588257
vn 0.87828069925308228 -0.014233107678592205 0.47793352603912354
vn 0.82728153467178345 -0.39517280459403992 0.39930403232574463
vn 0.99999994039535522 6.5709805596725346E-08 0.00030578684527426958
vn 1 -8.7720619657005727E-10 -2.6821326173376292E-06
vn 0.99999988079071045 2.776693008854636E-07 0.0004876858729403466
vn 0.97408550977706909 -0.030579201877117157 0.22410351037979126
vn 0.94939661026000977 0.053210955113172531 0.30953943729400635
vn 0.98235958814620972 -0.086801297962665558 0.16563552618026733
vn 0.94823098182678223 -0.20547685027122498 0.24215124547481537
vn 0.093802474439144135 -0.018964461982250214 -0.99541020393371582
vn 0.028234796598553658 -0.32898333668708801 -0.94391351938247681
vn 0.85509961843490601 -0.02867257222533226 -0.51767033338546753
vn 0.78786170482635498 -0.3983558714389801 -0.46966639161109924
vn 0.93112558126449585 -0.19909253716468811 -0.3055606484413147
vn 0.80206406116485596 -0.24682250618934631 -0.54384917020797729
vn -0.61928927898406982 -0.52341067790985107 -0.58525383472442627
vn -0.50917845964431763 -0.36936017870903015 -0.7773740291595459
vn -0.18063898384571075 -0.71664321422576904 -0.6736409068107605
vn 0.064031817018985748 -0.58520060777664185 -0.80835646390914917
vn -0.61009842157363892 -0.15067063271999359 -0.77786779403686523
vn -0.52090340852737427 0.019058125093579292 -0.85340285301208496
vn 0.92715829610824585 -0.27716314792633057 -0.2521074116230011
vn 0.97117799520492554 0.0079600028693675995 -0.2382223904132843
vn 0.96365267038345337 -0.086003102362155914 -0.25293666124343872
vn -0.14447760581970215 -0.62591761350631714 -0.76638984680175781
vn -0.38288909196853638 -0.75081396102905273 -0.53821408748626709
vn -0.37907576560974121 -0.74934989213943481 -0.54293304681777954
vn -0.43652409315109253 -0.76220089197158813 -0.47801306843757629
vn -0.42921587824821472 -0.76221054792404175 -0.48457080125808716
vn 0.029270106926560402 -0.98552322387695312 -0.16699455678462982
vn 0.030282851308584213 -0.98666530847549438 -0.15992039442062378
vn 0.057417232543230057 -0.98670125007629395 -0.15206533670425415
vn 0.054368875920772552 -0.98654627799987793 -0.15417672693729401
vn 0.068618133664131165 -0.98550516366958618 -0.15514858067035675
vn 0.10519272834062576 -0.98173314332962036 -0.15853862464427948
vn 0.10487990826368332 -0.98199695348739624 -0.15710550546646118
vn 0.057198010385036469 0.43769142031669617 0.89730405807495117
vn 0.10973867774009705 0.34393307566642761 0.93255960941314697
vn 0.13107100129127502 0.02398202009499073 0.99108284711837769
vn 0.074593514204025269 0.035594843327999115 0.99657857418060303
vn 0.1918119341135025 -0.044106435030698776 0.98044008016586304
vn 0.15014617145061493 0.32932254672050476 0.93220317363739014
vn 0.21829046308994293 0.12310785800218582 0.96808767318725586
vn 0.15222379565238953 0.65508365631103516 0.74006307125091553
vn 0.36187836527824402 0.73554497957229614 0.57272821664810181
vn 0.40716248750686646 0.75003129243850708 0.52122139930725098
vn 0.27010288834571838 0.32037580013275146 -0.90796685218811035
vn 0.14577333629131317 0.34914880990982056 -0.92565935850143433
vn -0.062408596277236938 0.30643868446350098 -0.94984233379364014
vn -0.057446759194135666 0.84640085697174072 -0.52943879365921021
vn -0.17892821133136749 0.60307633876800537 0.77735680341720581
vn 0.21213711798191071 0.96611464023590088 -0.1470387727022171
vn -0.15967543423175812 0.59346473217010498 0.78886204957962036
vn 0.33323085308074951 0.91536211967468262 -0.22598537802696228
vn 0.25169005990028381 0.89608901739120483 -0.3656180202960968
vn 0.34661024808883667 0.92589682340621948 0.15025463700294495
vn -0.21263958513736725 0.25258299708366394 0.94392067193984985
vn -0.085922025144100189 0.93084323406219482 0.35517361760139465
vn -0.060717906802892685 0.92946302890777588 0.36388435959815979
vn -0.10062963515520096 0.92288386821746826 0.37169754505157471
vn -0.13084731996059418 0.924480140209198 0.35807180404663086
vn -0.17036838829517365 0.9060291051864624 0.38740921020507812
vn -0.14012052118778229 0.8703690767288208 0.47204229235649109
vn -0.082294188439846039 0.98759442567825317 -0.13373468816280365
vn -0.12155339866876602 0.88147962093353271 -0.45630961656570435
vn -0.10704559087753296 0.87708353996276855 -0.46825817227363586
vn -0.19720511138439178 0.47816804051399231 -0.85584193468093872
vn -0.18547026813030243 0.25740784406661987 -0.94833642244338989
vn -0.14670877158641815 0.46197450160980225 -0.87467485666275024
vn -0.11797229945659637 0.44817736744880676 -0.88612616062164307
vn -0.10847458243370056 0.2374987006187439 -0.96531218290328979
vn -0.2365155816078186 0.56800740957260132 -0.78830701112747192
vn 0.064722158014774323 -0.27492055296897888 0.95928603410720825
vn -0.05617053434252739 -0.83695679903030396 0.54437875747680664
vn -0.272533118724823 -0.28375795483589172 0.91935145854949951
vn -0.33321636915206909 -0.28953173756599426 0.89729493856430054
vn -0.021370509639382362 0.93082952499389648 0.36482831835746765
vn -0.043710257858037949 0.93817800283432007 0.34338235855102539
vn -0.049812488257884979 0.93116128444671631 0.36118882894515991
vn -0.012844810262322426 0.94252252578735352 0.33389556407928467
vn -0.094044402241706848 0.92402613162994385 0.37058240175247192
vn -0.089883409440517426 0.92811036109924316 0.36129230260848999
vn -0.055556870996952057 0.91252481937408447 -0.40523058176040649
vn -0.031146902590990067 0.9178389310836792 -0.3957291841506958
vn -0.06720297783613205 0.97632050514221191 -0.20562607049942017
vn -0.19378010928630829 0.98072576522827148 -0.025024864822626114
vn -0.17019397020339966 0.98539847135543823 0.0048819379881024361
vn -0.098963558673858643 0.99502074718475342 0.011829519644379616
vn -0.07181810587644577 0.99280476570129395 -0.095817059278488159
vn -0.083544172346591949 0.99318778514862061 -0.081230372190475464
vn -0.087630674242973328 0.94966644048690796 -0.30075660347938538
vn -0.078326836228370667 -0.7238694429397583 -0.68547642230987549
vn -0.13280871510505676 -0.81750190258026123 -0.56040388345718384
vn -0.10503601282835007 -0.8006061315536499 -0.58991289138793945
vn -0.07977951318025589 -0.79851347208023071 -0.59666699171066284
vn -0.066811643540859222 -0.50884109735488892 -0.85826390981674194
vn -0.093892455101013184 -0.70699667930603027 -0.70095646381378174
vn 0 1 0
vn 0 1 0
vn 0 1 3.0679065954331008E-09
vn 7.3091746344289277E-07 1 1.2493151189119089E-05
vn 0 1 0
vn 0 1 0
vn 0.00034321428393013775 0.99999994039535522 0.00013009151734877378
vn -0.019323857501149178 0.99979257583618164 -0.0064293798059225082
vn -2.4405420845141634E-05 0.99999994039535522 -0.00041714779217727482
vn -4.0992894355440512E-05 0.9999997615814209 -0.00070066796615719795
vn -0.00021636387100443244 0.99999314546585083 -0.003698182525113225
vn 0.19562907516956329 -0.97085481882095337 0.13845658302307129
vn 0.54457986354827881 -0.81267684698104858 0.20733827352523804
vn 0.53126460313796997 -0.84402757883071899 0.073316745460033417
vn 0.21849673986434937 -0.96777433156967163 0.12518785893917084
vn 0.00012786751904059201 -0.00021473836386576295 -0.99999994039535522
vn 0.014836600050330162 -0.018059799447655678 -0.99972683191299438
vn 0.00015960265591274947 -0.00016269806656055152 -1
vn -0.00015920786245260388 0.0017913631163537502 -0.99999839067459106
vn 1.4501270015898626E-06 -0.00017463344556745142 -1
vn -0.001818187884055078 4.4289045035839081E-06 -0.99999833106994629
vn 0.010781302116811275 0.012666449882090092 -0.99986165761947632
vn 3.9741426007822156E-05 -0.00017065874999389052 -1
vn -4.9758331442717463E-05 2.8884731364087202E-05 -1
vn -6.4539948652964085E-05 -1.9040860934183002E-05 -1
vn -3.6166391510050744E-05 6.534584827022627E-06 -1
vn -0.0009437736589461565 -0.0011499626561999321 -0.99999886751174927
vn 0.96504616737365723 -0.00024118198780342937 -0.26207974553108215
vn 0.96504950523376465 -2.4853594368323684E-05 -0.26206773519515991
vn 0.96504533290863037 -0.00010963263775920495 -0.26208293437957764
vn 0.96504837274551392 -0.00023269696976058185 -0.2620716392993927
vn 0.96502536535263062 -0.00033588663791306317 -0.26215621829032898
vn 0.9650232195854187 -0.0098183527588844299 -0.26198044419288635
vn 0.96504747867584229 -4.0164522943086922E-05 -0.26207509636878967
vn 0.93123966455459595 0.008136495016515255 -0.3643164336681366
vn 0.93120592832565308 0.0095221307128667831 -0.36436918377876282
vn 0.92916315793991089 -0.064239762723445892 -0.36404547095298767
vn 0.8793874979019165 -0.30986416339874268 -0.36147180199623108
vn 0.89765501022338867 -0.24657347798347473 -0.36526292562484741
vn 0.9281916618347168 -0.079372979700565338 -0.36353835463523865
vn 0.86494755744934082 -0.34835329651832581 -0.36126962304115295
vn 0.40090969204902649 0.00011714019638020545 -0.91611754894256592
vn 0.40076941251754761 1.2530106687336229E-05 -0.91617894172668457
vn 0.40076121687889099 6.9416593760251999E-05 -0.91618251800537109
vn 0.40049189329147339 0.00017722144548315555 -0.91630029678344727
vn 0.40088489651679993 -2.6039147996925749E-05 -0.91612845659255981
vn 0.40065249800682068 5.4111686040414497E-05 -0.91623008251190186
vn 0.40073925256729126 -8.4585400372816366E-07 -0.91619217395782471
vn 0.40073126554489136 -2.7824489734484814E-06 -0.91619563102722168
vn 0.40073555707931519 3.4576858070067829E-06 -0.91619378328323364
vn 0.40074121952056885 -1.0811407264554873E-05 -0.91619127988815308
vn 0.93968689441680908 0 -0.34203594923019409
vn 0.93968689441680908 0 -0.34203594923019409
vn 0.93968689441680908 0 -0.34203594923019409
vn 0.34202662110328674 -4.1014845919562504E-06 0.9396902322769165
vn 0.3420468270778656 1.2592326129379217E-05 0.93968290090560913
vn 0.34205582737922668 -5.8310729400545824E-06 0.93967962265014648
vn 0.035366322845220566 0.00014606615877710283 0.9993743896484375
vn 0.21896269917488098 -5.4280710173770785E-05 0.97573322057723999
vn 0.014484082348644733 -0.00015809584874659777 0.99989509582519531
vn 0.20897567272186279 1.8599308532429859E-05 0.97792083024978638
vn 0.6847691535949707 0.00013971849693916738 0.72876006364822388
vn 1 0 0
vn 1 0 0
vn 1 0 0
vn -0.036620303988456726 -0.00018809553876053542 -0.99932920932769775
vn -0.014257577247917652 0.00020229080109857023 -0.99989831447601318
vn -0.22571322321891785 5.7823206589091569E-05 -0.97419381141662598
vn -0.20474967360496521 -1.4367153653438436E-06 -0.97881436347961426
vn -0.34210032224655151 8.0187810453935526E-06 -0.93966341018676758
vn -0.34195771813392639 -2.0356412278488278E-05 -0.93971532583236694
vn -0.34193813800811768 -7.0578080340055749E-06 -0.93972247838973999
vn -0.93969249725341797 0 0.34202051162719727
vn -0.93969249725341797 0 0.34202051162719727
vn -0.93969249725341797 0 0.34202051162719727
vn -0.40074324607849121 6.4391474552394357E-06 0.91619038581848145
vn -0.40074130892753601 5.1778515626210719E-06 0.9161912202835083
vn -0.40075314044952393 -1.133557361754356E-06 0.91618609428405762
vn -0.40072739124298096 -1.899197741295211E-05 0.91619735956192017
vn -0.4007379412651062 2.3019292711978778E-06 0.91619271039962769
vn -0.40074127912521362 1.4103210332905292E-06 0.91619127988815308
vn -0.40074023604393005 8.2364858826622367E-06 0.9161916971206665
vn -0.40075781941413879 2.7292915547150187E-05 0.91618400812149048
vn -0.93520957231521606 0.14476659893989563 0.32314971089363098
vn -0.92315924167633057 0.049569450318813324 0.38120850920677185
vn -0.92048603296279907 -0.036036405712366104 0.38911032676696777
vn -0.86965078115463257 0.33397433161735535 0.36355006694793701
vn -0.89727783203125 0.20391508936882019 0.39154958724975586
vn -0.83567625284194946 0.42676818370819092 0.34570816159248352
vn -0.88427317142486572 0.12730701267719269 -0.44928145408630371
vn -0.91636216640472412 0.11269703507423401 -0.3841610848903656
vn -0.90277653932571411 0.28214025497436523 -0.32464039325714111
vn -0.8706965446472168 -0.032664239406585693 -0.49073469638824463
vn -0.86399221420288086 0.32129848003387451 -0.38766571879386902
vn -0.96506965160369873 -0.00015335575153585523 0.261993408203125
vn -0.96455115079879761 0.0037559922784566879 0.26386928558349609
vn -0.96511131525039673 -0.00050917448243126273 0.26183953881263733
vn -0.96380585432052612 0.0092521058395504951 0.26644453406333923
vn -0.965038001537323 -2.1791449398733675E-05 0.26210999488830566
vn -0.9650532603263855 6.8225286668166518E-05 0.26205381751060486
vn -0.96524149179458618 0.00056977308122441173 0.26135897636413574
vn -0.43477550148963928 0.27842506766319275 0.85641682147979736
vn -0.43020904064178467 0.47720927000045776 0.76628422737121582
vn -0.52368581295013428 0.43246740102767944 0.73397892713546753
vn -0.40216311812400818 0.1925835907459259 0.89508455991744995
vn -0.39344441890716553 0.3551364541053772 0.84798562526702881
vn -0.38178938627243042 0.54215729236602783 0.74853348731994629
vn -0.40502390265464783 0.6370580792427063 0.65582972764968872
vn -0.45106294751167297 0.11748617887496948 0.88472551107406616
vn 0.92647993564605713 0.24686156213283539 0.28406751155853271
vn 0.94943922758102417 0.19654397666454315 0.24481745064258575
vn 0.91113525629043579 0.1543181985616684 0.38212358951568604
vn 0.92437005043029785 0.1677057147026062 0.34265837073326111
vn 0.92291939258575439 0.092562094330787659 0.37370041012763977
vn 0.91864824295043945 -0.0070243147201836109 0.39501398801803589
vn -0.85264277458190918 0.21802717447280884 0.47483095526695251
vn 0.19191385805606842 0.62979590892791748 0.75267934799194336
vn 0.17976033687591553 0.29500606656074524 0.93843358755111694
vn 0.2742713987827301 -0.018233276903629303 0.96147948503494263
vn -0.65268689393997192 -0.051284011453390121 0.75589007139205933
vn -0.88765031099319458 0.057269331067800522 0.45694324374198914
vn -0.92282921075820923 -0.065186761319637299 -0.3796536922454834
vn -0.91415727138519287 -0.017081307247281075 -0.40499958395957947
vn -0.92679828405380249 -0.15875600278377533 -0.34035500884056091
vn -0.93044537305831909 -0.18127159774303436 -0.31845244765281677
vn -0.95656424760818481 -0.23802322149276733 -0.16831471025943756
vn -0.94007450342178345 -0.20849774777889252 -0.26979362964630127
vn -0.38135829567909241 0.031658817082643509 0.9238850474357605
vn -0.37902012467384338 0.020420543849468231 0.92516309022903442
vn -0.36986547708511353 0.23554912209510803 0.89873027801513672
vn -0.28615590929985046 0.61352598667144775 0.73600316047668457
vn -0.30630046129226685 0.57542318105697632 0.75833249092102051
vn -0.35430803894996643 0.35844337940216064 0.86370372772216797
vn -0.31046172976493835 0.70093947649002075 0.64210385084152222
vn 0.28574544191360474 0.61308079957962036 0.73653340339660645
vn 0.18972030282020569 0.43076559901237488 0.88229656219482422
vn 0.2689669132232666 0.5883476734161377 0.76256400346755981
vn 0.99703264236450195 0.0057299402542412281 0.076766684651374817
vn 0.99968677759170532 -0.022944677621126175 0.0099920080974698067
vn 0.73101335763931274 0.097216092050075531 0.67540246248245239
vn 0.50467383861541748 -0.25364306569099426 -0.82520878314971924
vn 0.44878140091896057 -0.38884037733078003 -0.8046107292175293
vn 0.4750499427318573 -0.55409449338912964 -0.68359845876693726
vn 0.34326109290122986 -0.65065932273864746 -0.67735826969146729
vn 0.49591916799545288 -0.13173258304595947 -0.8583185076713562
vn 0.65207129716873169 0.068334370851516724 -0.75507181882858276
vn -0.094138063490390778 0.033380702137947083 -0.99499934911727905
vn -0.1353914737701416 -0.2587028443813324 -0.95642143487930298
vn -0.11674404889345169 -0.16041743755340576 -0.9801209568977356
vn -0.30600234866142273 -0.64654433727264404 -0.69881540536880493
vn -0.21705308556556702 -0.49541521072387695 -0.84110146760940552
vn -0.31469553709030151 -0.6517951488494873 -0.6900215744972229
vn -0.17449617385864258 -0.39829066395759583 -0.90050852298736572
vn 0.36153972148895264 -0.041495524346828461 -0.93143284320831299
vn 0.41429159045219421 -0.2257084846496582 -0.88171321153640747
vn 0.34674623608589172 0.056967731565237045 -0.93622738122940063
vn 0.34042540192604065 -0.2943471372127533 -0.89301192760467529
vn 0.17712941765785217 -0.97093677520751953 -0.16095620393753052
vn 0.24887473881244659 -0.94419938325881958 -0.2157520204782486
vn 0.16396582126617432 -0.97435861825942993 -0.15407966077327728
vn 0.45522394776344299 0.77872771024703979 0.43168777227401733
vn 0.409637451171875 0.72768187522888184 0.55016022920608521
vn 0.40770831704139709 0.77943205833435059 0.4756675660610199
vn 0.29081293940544128 0.61792838573455811 0.73047405481338501
vn 0.33092194795608521 0.71511721611022949 0.61570936441421509
vn -0.2165062427520752 0.78887796401977539 0.57514917850494385
vn -0.26857256889343262 0.69523870944976807 0.66671723127365112
vn -0.2060173898935318 0.82089126110076904 0.53262972831726074
vn -0.18773365020751953 0.87992870807647705 0.43644189834594727
vn -0.29543355107307434 0.28454002737998962 -0.91200655698776245
vn -0.35181453824043274 0.36148282885551453 -0.86345624923706055
vn -0.85778528451919556 0.0659041628241539 -0.50976568460464478
vn -0.96915328502655029 -0.12631300091743469 -0.21162925660610199
vn -0.82978981733322144 0.076059184968471527 -0.55286878347396851
vn -0.11343929916620255 0.93775367736816406 -0.32825228571891785
vn 0.063959583640098572 0.60492867231369019 0.79370677471160889
vn 0.0629100501537323 0.60802936553955078 0.79141813516616821
vn -0.15481792390346527 0.94324237108230591 -0.29381158947944641
vn -0.19608987867832184 0.95040017366409302 -0.24142953753471375
vn 0.020211944356560707 0.81419098377227783 0.58024519681930542
vn -0.083397731184959412 0.95067650079727173 -0.29876255989074707
vn 0.1031908392906189 -0.34969571232795715 0.93116301298141479
vn 0.16174221038818359 -0.36333262920379639 0.91751229763031006
vn 0.14479485154151917 -0.35381782054901123 0.92403864860534668
vn 0.19632624089717865 -0.35378250479698181 0.91449105739593506
vn 0.20351861417293549 -0.35521534085273743 0.9123607873916626
vn 0.2480267733335495 -0.32952690124511719 0.91098558902740479
vn 0.10498841106891632 -0.34632730484008789 0.93222039937973022
vn -0.65207809209823608 0.7175561785697937 0.24475963413715363
vn -0.58586364984512329 0.78075063228607178 0.21723775565624237
vn -0.74834251403808594 0.64719295501708984 0.14534351229667664
vn -0.51763784885406494 0.78371638059616089 0.34327778220176697
vn -0.65935897827148438 0.75107467174530029 0.033654656261205673
vn -0.39374867081642151 0.80059617757797241 0.45167216658592224
vn -0.51628369092941284 0.80944478511810303 0.27973258495330811
vn -0.37220829725265503 0.92513096332550049 0.074791178107261658
vn -0.48932349681854248 0.87177807092666626 0.023779923096299171
vn -0.42819041013717651 0.87976419925689697 -0.20656201243400574
vn -0.38774928450584412 0.91804289817810059 -0.08275119960308075
vn -0.52449733018875122 0.84315013885498047 -0.11832351237535477
vn -0.21058028936386108 0.93620949983596802 0.28136762976646423
vn -0.25228694081306458 0.84785807132720947 -0.46635612845420837
vn -0.86296629905700684 0.50048387050628662 -0.069318503141403198
vn -0.85070383548736572 0.47577154636383057 -0.22348251938819885
vn -0.9189685583114624 0.33463996648788452 -0.208597332239151
vn -0.86687678098678589 0.31531471014022827 -0.38613632321357727
vn -0.80108177661895752 0.52512013912200928 -0.28725752234458923
vn -0.887126624584198 0.46152499318122864 -0.00099771842360496521
vn -0.79079568386077881 0.4976527988910675 0.35634797811508179
vn -0.80544924736022949 0.47552186250686646 0.35373783111572266
vn -0.85125851631164551 0.38565495610237122 0.35584992170333862
vn -0.074246495962142944 -3.2350340916309506E-05 -0.99723994731903076
vn -0.07413269579410553 0.00021302392997313291 -0.99724835157394409
vn -0.07419169694185257 8.5814128397032619E-05 -0.99724400043487549
vn 0.97427088022232056 0.22519807517528534 -0.0090612266212701797
vn 0.42969661951065063 0.90293878316879272 -0.0079002846032381058
vn 0.52191948890686035 0.85296738147735596 0.006836647167801857
vn 0.94774836301803589 0.00060688366647809744 0.31901827454566956
vn 0.94577014446258545 -0.0012579957256093621 0.32483413815498352
vn 0.94790405035018921 0.00025030251708813012 0.31855589151382446
vn -0.54719328880310059 0.59933805465698242 0.58427172899246216
vn -0.57624208927154541 0.71965569257736206 0.38735091686248779
vn -0.61091387271881104 0.60962289571762085 0.50511801242828369
vn -0.72014939785003662 0.66467994451522827 0.19896070659160614
vn -0.36729350686073303 0.70314604043960571 0.60883587598800659
vn -0.36470469832420349 0.70861238241195679 0.60403555631637573
vn -0.2825927734375 0.84661626815795898 0.45097917318344116
vn 0.9497942328453064 0.23122116923332214 0.21077872812747955
vn 0.93976503610610962 0.2342250794172287 0.24895846843719482
vn 0.95954066514968872 0.20631451904773712 0.19161421060562134
vn 0.97434896230697632 0.1067616268992424 0.19810615479946136
vn 0.96651941537857056 0.16887331008911133 0.19318923354148865
vn -0.82368284463882446 0.47699636220932007 0.30662843585014343
vn 0.26680365204811096 0.80736291408538818 0.52628976106643677
vn 0.1929294615983963 0.67125982046127319 0.71567344665527344
vn -0.96033793687820435 -0.20559367537498474 -0.18836739659309387
vn -0.94384157657623291 -0.23039206862449646 -0.23681747913360596
vn -0.96008092164993286 -0.20546768605709076 -0.18980959057807922
vn 0.27347180247306824 -0.8556976318359375 -0.43931165337562561
vn 0.27459520101547241 -0.8822944164276123 -0.38230091333389282
vn 0.32689756155014038 -0.75360506772994995 -0.5702783465385437
vn 0.36059221625328064 -0.67672193050384521 -0.64188838005065918
vn -0.44600412249565125 0.89457201957702637 0.028656603768467903
vn 0.26219305396080017 0.60033190250396729 0.75555038452148438
vn 0.35106444358825684 0.76548928022384644 0.53924012184143066
vn 0.93518012762069702 0.0033773344475775957 0.35415640473365784
vn 0.53339827060699463 -0.19499072432518005 0.8230825662612915
vn 0.92045819759368896 0.031064573675394058 0.38960450887680054
vn 0.97575753927230835 0.20998665690422058 0.061666898429393768
vn 0.48200508952140808 -0.3520733118057251 0.80231881141662598
vn -0.74896878004074097 0.63207197189331055 0.19882364571094513
vn -0.78025394678115845 0.6168484091758728 0.10344965010881424
vn -0.8455204963684082 0.53365260362625122 -0.017605949193239212
vn -0.71617430448532104 0.69310909509658813 0.081817790865898132
vn -0.91933083534240723 0.37947893142700195 0.10405062139034271
vn -0.84500962495803833 0.53154700994491577 -0.058450885117053986
vn 5.1243336201878265E-05 -1 2.6948519007419236E-05
vn 0.0001197995079564862 -1 -7.5984666182193905E-05
vn 3.8542599213542417E-05 -1 4.6017961722100154E-05
vn -3.0899762350600213E-05 -1 0.00015028171765152365
vn -0.0033752589952200651 0.80446726083755493 -0.59398734569549561
vn 0.012909539043903351 0.82731151580810547 -0.56159502267837524
vn -0.024929704144597054 0.88952732086181641 -0.45620137453079224
vn -0.21552193164825439 0.9519050121307373 -0.21777786314487457
vn -0.070013754069805145 0.97325694561004639 -0.21878989040851593
vn -0.026545392349362373 0.9362826943397522 -0.35024282336235046
vn 0.012039908207952976 0.74207937717437744 -0.67020386457443237
vn -0.23329783976078033 -0.78262895345687866 -0.57711702585220337
vn -0.10412327945232391 -0.68115532398223877 -0.7246970534324646
vn -0.24578467011451721 -0.70709872245788574 -0.66302436590194702
vn 0.042529530823230743 -0.57235091924667358 -0.81890517473220825
vn -0.068133912980556488 -0.63045281171798706 -0.77323156595230103
vn 0.012461172416806221 -0.63009333610534668 -0.77641940116882324
vn 0.017173478379845619 -0.68190461397171021 -0.7312394380569458
vn 0.018525727093219757 -0.77549839019775391 -0.63107764720916748
vn -0.49991831183433533 9.1791058366652578E-05 0.86607253551483154
vn -0.49946627020835876 0.00067127717193216085 0.86633306741714478
vn -0.50002950429916382 -1.0410367394797504E-05 0.86600834131240845
vn -0.500435471534729 -0.00053811032557860017 0.86577367782592773
vn -0.50003325939178467 -4.0697999793337658E-05 0.86600619554519653
vn -0.74861627817153931 0.64209741353988647 0.16518038511276245
vn -0.6570965051651001 0.70696258544921875 0.26158758997917175
vn -0.59869033098220825 0.7717481255531311 0.21441717445850372
vn -0.53573572635650635 0.80485433340072632 0.2553364634513855
vn -0.7101098895072937 0.57732665538787842 0.40303575992584229
vn -0.52955770492553711 0.68406897783279419 0.50161564350128174
vn -0.59584188461303711 0.65226435661315918 0.46853354573249817
vn -0.60519307851791382 0.79605120420455933 0.0066219535656273365
vn -0.78272479772567749 0.62236666679382324 0.0012598938774317503
vn -0.72519659996032715 0.68853163719177246 0.0037453607656061649
vn -0.00043197631021030247 -0.99999982118606567 -0.00042561718146316707
vn 3.5669148928718641E-05 -1 3.5439414205029607E-05
vn 1.149495983554516E-05 -1 7.494631518056849E-06
vn 1.6510881323483773E-05 -1 4.9983224016614258E-05
vn -0.3689282238483429 0.88229060173034668 0.29232734441757202
vn -0.23506122827529907 0.91727054119110107 0.32149803638458252
vn -0.43256118893623352 0.87619644403457642 0.21253375709056854
vn -0.19023589789867401 0.9263266921043396 0.32516023516654968
vn 5.6800849961291533E-06 3.4848069390136516E-06 1
vn 1.0370712288931827E-06 7.1817402158558252E-07 1
vn 4.1453756693954347E-07 5.0710664112330051E-08 1
vn 8.4923192389396718E-07 9.8077002519403322E-08 1
vn -7.5760948448078125E-07 6.6542770582600497E-07 1
vn -3.6563244520948501E-06 -5.286833015816228E-07 1
vn -1.0343036592530552E-05 1.0122967069037259E-05 1
vn -1.6919273548410274E-05 7.3095570769510232E-06 1
vn -0.78084397315979004 0.6247260570526123 1.5561467137104046E-07
vn -0.78084397315979004 0.62472611665725708 2.8184697953292925E-07
vn -0.78084945678710938 0.62471926212310791 -1.9223820402203273E-07
vn 0.44913092255592346 -0.00096149160526692867 -0.89346545934677124
vn 0.227884441614151 0.0023078704252839088 -0.97368544340133667
vn 0.19124481081962585 -0.00010713178926380351 -0.98154234886169434
vn 0.50000149011611938 1.1012448339897674E-05 -0.86602455377578735
vn 0.4999890923500061 -7.9573401308152825E-06 -0.8660317063331604
vn 0.50000256299972534 6.4957794165820815E-06 -0.86602389812469482
vn 0.4999983012676239 3.8690222936565988E-07 -0.86602640151977539
vn -0.4874110221862793 0.87317264080047607 -7.9209767633869888E-09
vn 0.081088520586490631 0.99670690298080444 3.1328950544917689E-09
vn -0.040819287300109863 0.99916654825210571 0
vn -0.61106622219085693 0.7915794849395752 -9.941981460315219E-09
vn -0.99976527690887451 -0.021664738655090332 1.9751163904402347E-07
vn -0.9996979832649231 -0.024574942886829376 2.3311265806569281E-08
vn -0.63316231966018677 -0.77401906251907349 -1.4393304809345864E-05
vn -0.05812719464302063 -0.99830919504165649 0.00016490138659719378
vn -0.077875182032585144 -0.99696308374404907 0.00025677221128717065
vn -0.52363407611846924 -0.8519432544708252 -2.6330699256504886E-06
vn -0.25170782208442688 0.90788745880126953 -0.33523654937744141
vn -0.2199045717716217 0.85312986373901367 -0.47308710217475891
vn -0.30327776074409485 0.82158154249191284 -0.48272800445556641
vn -0.59741252660751343 0.47117698192596436 -0.6489148736000061
vn -0.44383370876312256 0.3762938380241394 -0.81327396631240845
vn -0.41675350069999695 0.19551350176334381 -0.88774490356445312
vn -0.7207869291305542 0.1925671398639679 -0.66587090492248535
vn -0.3999563455581665 0.063809596002101898 -0.9143102765083313
vn -0.32383984327316284 0.89158236980438232 -0.31655740737915039
vn -0.43151843547821045 0.85794627666473389 -0.27878302335739136
vn -0.42621099948883057 0.67138618230819702 -0.60628771781921387
vn -0.56324583292007446 0.72506171464920044 -0.39628228545188904
vn -0.38920894265174866 0.66403263807296753 -0.63841760158538818
vn -0.31776627898216248 0.91398417949676514 -0.25230443477630615
vn -0.667735755443573 0.51841229200363159 -0.53420746326446533
vn -0.6209377646446228 -0.0049386289902031422 -0.78384435176849365
vn -0.7000308632850647 -0.07209574431180954 -0.71046394109725952
vn -0.22238139808177948 0.074434943497180939 -0.97211414575576782
vn -0.18125975131988525 -0.028510600328445435 -0.98302191495895386
vn -0.1916767805814743 0.04324142262339592 -0.98050504922866821
vn -0.19429647922515869 0.12623493373394012 -0.972786545753479
vn -0.17478027939796448 0.21248172223567963 -0.96140694618225098
vn -0.25845950841903687 0.2660287618637085 -0.92866969108581543
vn -0.26118701696395874 0.16629503667354584 -0.95085608959197998
vn -0.2250516265630722 0.32657277584075928 -0.91798800230026245
vn -0.27858561277389526 0.37119615077972412 -0.88577848672866821
vn -0.18534258008003235 0.3271644115447998 -0.9266129732131958
vn -0.64220690727233887 0.093115247786045074 -0.76085466146469116
vn -0.97770065069198608 -0.03740934282541275 -0.20664466917514801
vn -0.4548320472240448 0.031197099015116692 -0.8900306224822998
vn 0.19637387990951538 0.018579259514808655 -0.98035305738449097
vn 0.60029464960098267 -0.009655538946390152 -0.7997206449508667
vn 0.54166495800018311 -0.015434698201715946 -0.84045273065567017
vn -0.31002935767173767 0.26206997036933899 -0.91389340162277222
vn -0.33878472447395325 0.18811461329460144 -0.92186647653579712
vn -0.31502538919448853 0.11201925575733185 -0.94244933128356934
vn -0.33112144470214844 0.097133181989192963 -0.9385753870010376
vn -0.32631230354309082 -0.0062366132624447346 -0.94524145126342773
vn -0.2943706214427948 0.022944888100028038 -0.95541584491729736
vn -0.29320940375328064 0.14012663066387177 -0.94572341442108154
vn -0.45841175317764282 0.044944208115339279 -0.88760274648666382
vn -0.335959792137146 0.15241660177707672 -0.92946231365203857
vn -0.5390779972076416 0.14107884466648102 -0.83035635948181152
vn -0.67598366737365723 0.077377885580062866 -0.73284292221069336
vn -0.69315016269683838 -0.024082669988274574 -0.72039079666137695
vn -0.72363168001174927 0.074413470923900604 -0.68616312742233276
vn -0.71235781908035278 0.087925180792808533 -0.69628691673278809
vn -0.72078704833984375 0.15967488288879395 -0.67451459169387817
vn -0.12949664890766144 0.14480814337730408 -0.98094916343688965
vn -0.13529448211193085 0.047004826366901398 -0.98968982696533203
vn -0.12845885753631592 0.050425365567207336 -0.9904320240020752
vn -0.14358028769493103 0.15642969310283661 -0.97719722986221313
vn -0.75410366058349609 0.15613996982574463 -0.63792473077774048
vn -0.7632451057434082 0.045156776905059814 -0.64452910423278809
vn -0.7626832127571106 0.056956447660923004 -0.64425945281982422
vn -0.67258703708648682 -0.016169378533959389 0.73984140157699585
vn -0.32261547446250916 -0.045139864087104797 0.94545316696166992
vn -0.54224991798400879 -0.010090638883411884 0.8401566743850708
vn -0.22249414026737213 -0.019039442762732506 0.97474807500839233
vn 0.1346413642168045 -0.097527623176574707 0.98608320951461792
vn 0.13809944689273834 -0.010589301586151123 0.99036175012588501
vn 0.13534516096115112 0.017885180190205574 0.99063706398010254
vn 0.72950959205627441 -0.0012836162932217121 0.68396937847137451
vn 0.72251319885253906 -0.12199395149946213 0.68050873279571533
vn 0.72608709335327148 -0.081902332603931427 0.68270748853683472
vn 0.71648979187011719 -0.15905745327472687 0.67922240495681763
vn 0.71282392740249634 -0.004131486639380455 0.70133090019226074
vn 0.52705585956573486 -0.064513891935348511 0.84737837314605713
vn 0.46248927712440491 -0.0046721384860575199 0.88661259412765503
vn 0.31760737299919128 -0.18120387196540833 0.930747389793396
vn 0.31323531270027161 -0.078089021146297455 0.94645959138870239
vn 0.3327670693397522 -0.078919775784015656 0.9397009015083313
vn 0.30685532093048096 -0.28348341584205627 0.90855765342712402
vn 0.31858381628990173 -0.26434832811355591 0.91028803586959839
vn 0.32886546850204468 0.022951345890760422 0.94409787654876709
vn 0.34305030107498169 -0.16762885451316833 0.92423862218856812
vn 0.29219973087310791 -0.10964997112751007 0.95005065202713013
vn 0.28577053546905518 -0.19146184623241425 0.93897688388824463
vn 0.95469844341278076 -0.097150199115276337 -0.28126981854438782
vn 0.95495957136154175 -0.094045370817184448 -0.2814386785030365
vn 0.96150165796279907 0.003641398623585701 -0.27477502822875977
vn 0.96128523349761963 0.00044251751387491822 -0.27555489540100098
vn -0.14875182509422302 -0.033637743443250656 0.98830229043960571
vn 0.83341193199157715 -0.032382581382989883 0.55170273780822754
vn 0.91813474893569946 -0.090282268822193146 0.38584679365158081
vn -0.96264809370040894 -0.023843308910727501 0.26970386505126953
vn -0.95598864555358887 0.1057920977473259 0.27366715669631958
vn -0.96264171600341797 0.0014422126114368439 0.27077457308769226
vn 0.21394583582878113 -0.22124956548213959 0.95145982503890991
vn 0.22080077230930328 -0.056682325899600983 0.97367042303085327
vn 0.27093920111656189 -0.10472720116376877 0.9568825364112854
vn 0.26661273837089539 -0.22975970804691315 0.93601715564727783
vn 0.19427980482578278 -0.12538234889507294 0.97290009260177612
vn 0.19212140142917633 -0.019313571974635124 0.98118108510971069
vn 0.29185265302658081 -0.37511447072029114 0.87983584403991699
vn 0.26111233234405518 -0.33948686718940735 0.90364205837249756
vn 0.17054124176502228 -0.33097034692764282 0.92810255289077759
vn 0.18454086780548096 -0.23127822577953339 0.95522511005401611
vn 0.29645869135856628 -0.81409335136413574 0.49936386942863464
vn 0.2083379328250885 -0.82729494571685791 0.52170723676681519
vn 0.22311927378177643 -0.90108299255371094 0.37184295058250427
vn 0.30159050226211548 -0.90043538808822632 0.31346341967582703
vn 0.38830921053886414 -0.85738915205001831 0.33778655529022217
vn 0.43569448590278625 -0.74433428049087524 0.50609958171844482
vn 0.30462425947189331 -0.76753675937652588 0.56399589776992798
vn 0.39913618564605713 -0.63451671600341797 0.66187524795532227
vn 0.51476114988327026 -0.61370503902435303 0.59865444898605347
vn 0.37967285513877869 -0.88126552104949951 0.28145968914031982
vn 0.46958401799201965 -0.81981223821640015 0.32771751284599304
vn 0.44982257485389709 -0.43540298938751221 0.77979731559753418
vn 0.56948882341384888 -0.71053421497344971 0.41330817341804504
vn 0.44211322069168091 -0.20681844651699066 0.87278980016708374
vn 0.58515244722366333 -0.36858442425727844 0.72231721878051758
vn 0.59064799547195435 -0.13372211158275604 0.79577213525772095
vn 0.61036860942840576 -0.013428933918476105 0.79200369119644165
vn 0.41122633218765259 -0.028055943548679352 0.91110140085220337
vn 0.71270203590393066 -0.34045231342315674 0.61330908536911011
vn 0.72244906425476074 0.049890346825122833 0.68962186574935913
vn 0.7350238561630249 -0.088578291237354279 0.67223048210144043
vn 0.28806677460670471 -0.92496079206466675 0.24792145192623138
vn 0.65023559331893921 -0.56696951389312744 0.50570672750473022
vn 0.53130710124969482 -0.8140571117401123 -0.23457145690917969
vn 0.50748759508132935 -0.80531162023544312 -0.30647915601730347
vn 0.62771999835968018 -0.74896550178527832 -0.2121751606464386
vn 0.86387091875076294 -0.48527243733406067 -0.13504680991172791
vn 0.7588689923286438 -0.62807214260101318 -0.17217211425304413
vn 0.87893259525299072 -0.42920789122581482 -0.20798578858375549
vn -0.077162250876426697 0.86906528472900391 0.48864257335662842
vn -0.0036540839355438948 0.84969830513000488 0.52725648880004883
vn -0.055475398898124695 0.85975396633148193 0.50768649578094482
vn -0.14848709106445312 0.88296657800674438 0.44533312320709229
vn -0.11856513470411301 0.88435876369476318 0.45149955153465271
vn -0.16121932864189148 0.91001468896865845 0.38194453716278076
vn 0.084602609276771545 -0.0023459047079086304 0.99641203880310059
vn 0.35978707671165466 -0.0016694788355380297 0.93303292989730835
vn 0.071031942963600159 -0.0027086765039712191 0.99747037887573242
vn 0.60965931415557861 -0.0028158144559711218 0.79265856742858887
vn 0.55876260995864868 -0.001422433415427804 0.82932645082473755
vn 0 1 0
vn 0 1 0
vn 0 1 0
vn -6.6621419136936311E-06 9.2630843937513418E-06 -1
vn -2.554639308982587E-07 7.1030235915259254E-08 -1
vn 3.8609500734310132E-06 -7.9381497926078737E-06 -1
vn -6.2092976804706268E-06 3.8494413274747785E-06 -1
vn -6.2393684174821828E-07 -1.1604799965425627E-06 -1
vn -1.7497502994956449E-05 1.219152363773901E-05 -1
vn -1.5816456652828492E-05 1.5622681530658156E-05 -1
vn 0.12240255624055862 -0.88902223110198975 -0.44119957089424133
vn 0.21312201023101807 -0.88971835374832153 -0.40370818972587585
vn 0.24132773280143738 -0.92378968000411987 -0.29727691411972046
vn 0.38264018297195435 -0.89218181371688843 -0.23999606072902679
vn 0.66868799924850464 -0.38353386521339417 -0.63699144124984741
vn 0.6754910945892334 -0.679726243019104 -0.28580406308174133
vn 0.85521203279495239 -0.45957851409912109 -0.2395828515291214
vn 0.64140748977661133 -0.68602883815765381 -0.34345430135726929
vn 0.54789620637893677 -0.7535666823387146 -0.36324509978294373
vn -0.093297690153121948 0.92904984951019287 -0.35799711942672729
vn -0.086563698947429657 0.92356306314468384 -0.37354788184165955
vn -0.13510456681251526 0.94221174716949463 -0.30656781792640686
vn -0.13873560726642609 0.90608149766921997 -0.39971077442169189
vn -0.20008327066898346 0.86524909734725952 -0.45968544483184814
vn -0.22511319816112518 0.91679084300994873 -0.32987666130065918
vn -0.082440398633480072 0.90043395757675171 -0.42710915207862854
vn -0.094715796411037445 0.89509010314941406 -0.43570932745933533
vn -0.20902903378009796 0.36505290865898132 -0.90721732378005981
vn -0.20199945569038391 0.5229453444480896 -0.82808476686477661
vn -0.27072131633758545 0.39095571637153625 -0.87969517707824707
vn -0.17591090500354767 0.45645475387573242 -0.87218368053436279
vn -0.098457217216491699 0.74002522230148315 -0.66533368825912476
vn -0.15332721173763275 0.75214517116546631 -0.64091211557388306
vn -0.1197938546538353 0.71437549591064453 -0.68943244218826294
vn -0.19212998449802399 0.80491167306900024 -0.56142967939376831
vn -0.14892806112766266 0.82073146104812622 -0.55156165361404419
vn -0.15817394852638245 0.84075510501861572 -0.5177951455116272
vn -0.19694884121417999 0.64488124847412109 -0.73847091197967529
vn -0.21690337359905243 0.74320495128631592 -0.63292920589447021
vn -0.25225737690925598 0.58538216352462769 -0.77051538228988647
vn -0.1493750661611557 0.6100151538848877 -0.77818286418914795
vn -0.16719821095466614 0.34534189105033875 -0.92346292734146118
vn -0.61456888914108276 0.18158392608165741 -0.76767987012863159
vn 0.30264222621917725 -0.078307732939720154 -0.94988185167312622
vn -0.39795628190040588 0.32748928666114807 -0.85696065425872803
vn -0.85467416048049927 0.43402925133705139 -0.28486967086791992
vn 0.015027191489934921 -0.31959524750709534 -0.94743496179580688
vn 0.548744797706604 -0.30144762992858887 -0.77974897623062134
vn 0.23295322060585022 -0.6681256890296936 -0.70664054155349731
vn -0.90505379438400269 0.001752419164404273 -0.42529353499412537
vn -0.29522907733917236 0.50913882255554199 -0.80846607685089111
vn -0.31920957565307617 0.34735488891601562 -0.88173115253448486
vn -0.25366061925888062 0.61407607793807983 -0.74737328290939331
vn -0.29768729209899902 0.33693557977676392 -0.89322823286056519
vn -0.33025968074798584 0.25346753001213074 -0.90922093391418457
vn -0.47731584310531616 0.72048163414001465 -0.50306642055511475
vn -0.47731584310531616 0.72048163414001465 -0.50306642055511475
vn -0.47731584310531616 0.72048163414001465 -0.50306642055511475
vn 0 1 0
vn 0 1 0
vn 0 1 0
vn 0 1 0
vn 0.36648675799369812 -1.3632794662044034E-06 0.93042325973510742
vn 0.36646080017089844 -2.1294827092788182E-06 0.93043351173400879
vn 0.36651411652565002 -1.0479278671482462E-06 0.93041247129440308
vn 0.36648061871528625 -4.7485670506830502E-07 0.93042570352554321
vn 0.32003968954086304 0.90915101766586304 0.26649385690689087
vn 0.28700500726699829 0.89195191860198975 0.34935635328292847
vn 0.25686585903167725 0.88569962978363037 0.38672482967376709
vn -0.043787982314825058 0.9086679220199585 -0.4152170717716217
vn -0.13997393846511841 0.86433082818984985 -0.48305234313011169
vn -0.072921782732009888 0.87212753295898438 -0.48381403088569641
vn -0.10300375521183014 0.78208857774734497 -0.61459553241729736
vn -0.13456642627716064 0.84252125024795532 -0.5215839147567749
vn -0.26795423030853271 0.92537099123001099 -0.26812136173248291
vn -0.18404269218444824 0.3677782416343689 -0.91151928901672363
vn -0.057876229286193848 0.42984110116958618 -0.90104770660400391
vn 0.065178699791431427 -0.11461476981639862 -0.99126946926116943
vn 0.25156694650650024 -0.022156147286295891 -0.96758627891540527
vn 0.1683950275182724 0.00014134224329609424 0.98571956157684326
vn -0.031162537634372711 -4.7078247007448226E-06 0.99951434135437012
vn 0.06672176718711853 0.00029812526190653443 0.99777156114578247
vn 0.34105068445205688 0.00029877270571887493 0.94004487991333008
vn 0.32168945670127869 0.0003014522953890264 0.94684517383575439
vn 0.037079602479934692 0.88286828994750977 0.46815457940101624
vn 0.13630561530590057 0.91658878326416016 0.37587997317314148
vn 0.1399732232093811 0.86139595508575439 0.48826688528060913
vn 0.21274134516716003 0.86927986145019531 0.44619914889335632
vn 0.21136999130249023 0.89894813299179077 0.38368600606918335
vn -0.018963132053613663 0.93609786033630371 -0.35122814774513245
vn -0.010283022187650204 0.93657970428466797 -0.35030382871627808
vn -0.036481022834777832 0.93180161714553833 -0.36112993955612183
vn -0.035671994090080261 0.93114966154098511 -0.36288818717002869
vn -0.031872250139713287 0.93385136127471924 -0.35623833537101746
vn 0.31655165553092957 0.11131448298692703 -0.94202131032943726
vn 0.29030722379684448 0.37302103638648987 -0.88123607635498047
vn 0.11037062108516693 0.66177719831466675 -0.74153172969818115
vn 0.11102335900068283 0.74215620756149292 -0.66096746921539307
vn -0.26759576797485352 0.96227246522903442 -0.049236122518777847
vn -0.17780879139900208 0.98360460996627808 -0.030100032687187195
vn -0.37748995423316956 0.78000253438949585 0.49909660220146179
vn -0.39365389943122864 0.91487759351730347 0.089641422033309937
vn -0.22719034552574158 0.8892052173614502 -0.39711278676986694
vn 0.093307524919509888 0.52397125959396362 -0.84660959243774414
vn -0.27232900261878967 0.90328025817871094 -0.33154439926147461
vn -0.14191028475761414 0.82476729154586792 -0.54737585783004761
vn -0.36667820811271667 0.9105345606803894 -0.19098152220249176
vn -0.21839283406734467 0.68757879734039307 -0.69248825311660767
vn -0.50314825773239136 0.20031021535396576 -0.84066498279571533
vn -0.35157611966133118 0.12741811573505402 -0.92744749784469604
vn -0.3107035756111145 0.37899798154830933 -0.87167870998382568
vn -0.6435619592666626 0.39044272899627686 -0.6583179235458374
vn -0.53693604469299316 0.62570405006408691 -0.56585699319839478
vn -0.6995542049407959 0.33687835931777954 -0.63018798828125
vn -0.32017216086387634 0.88505309820175171 -0.33789175748825073
vn -0.51255190372467041 0.71734219789505005 -0.471922367811203
vn -0.27356511354446411 0.84472662210464478 -0.45999902486801147
vn -0.083893001079559326 0.31970047950744629 -0.94379740953445435
vn 0.089680194854736328 0.50230097770690918 -0.86002975702285767
vn 0.14048942923545837 0.59436720609664917 -0.79182726144790649
vn -0.081120222806930542 0.26060372591018677 -0.96203184127807617
vn -0.31089526414871216 -0.12863963842391968 0.94169843196868896
vn -0.35855698585510254 -0.13594593107700348 0.92355597019195557
vn -0.35270211100578308 -0.2352888286113739 0.90567123889923096
vn 0.1439066082239151 -0.20647348463535309 0.96781176328659058
vn -0.028295084834098816 -0.40296772122383118 0.91477668285369873
vn 0.060699138790369034 -0.24058222770690918 0.96872895956039429
vn -0.040892921388149261 -0.5188148021697998 0.85390806198120117
vn 0.64129257202148438 -0.38737252354621887 0.66233402490615845
vn 0.68438482284545898 -0.20229268074035645 0.70049631595611572
vn 0.70943725109100342 -0.29680514335632324 0.63922262191772461
vn 0.54944425821304321 -0.36498767137527466 0.75159496068954468
vn 0.62253332138061523 -0.60769468545913696 0.49311202764511108
vn 0.52187663316726685 -0.50905835628509521 0.68447375297546387
vn 0.31416139006614685 -0.43117472529411316 0.84580790996551514
vn 0.2488061785697937 -0.68418359756469727 0.68555694818496704
vn 0.30076178908348083 -0.42354848980903625 0.85448759794235229
vn 0.31980174779891968 -0.49378213286399841 0.80864459276199341
vn 0.31121557950973511 -0.32908052206039429 0.89154410362243652
vn 0.28842103481292725 -0.31448715925216675 0.90438437461853027
vn 0.18480426073074341 -0.8198581337928772 0.54192250967025757
vn 0.22320567071437836 -0.75747942924499512 0.61351782083511353
vn 0.15220677852630615 -0.85178083181381226 0.50130081176757812
vn 0.33638405799865723 -0.3600558340549469 0.87017560005187988
vn 0.34240978956222534 -0.17877574265003204 0.92238539457321167
vn 0.47628122568130493 -0.82054293155670166 -0.31601494550704956
vn 0.45301711559295654 -0.85443508625030518 -0.25439363718032837
vn 0.90842843055725098 -0.34597098827362061 -0.23465260863304138
vn -0.054720919579267502 0.28431281447410583 0.95716863870620728
vn -0.39330962300300598 0.18021963536739349 0.90156996250152588
vn 0.46895891427993774 -0.57660424709320068 0.66903293132781982
vn -0.89288038015365601 0.34702900052070618 0.28694164752960205
vn -0.45876175165176392 0.85245710611343384 0.25070816278457642
vn -0.53263318538665771 0.7730441689491272 0.34453532099723816
vn -0.93654298782348633 0.19607481360435486 0.29058882594108582
vn 0.18824763596057892 -0.74985718727111816 0.63425308465957642
vn 0.19801346957683563 -0.78775912523269653 0.58328914642333984
vn 0.14385901391506195 -0.83470702171325684 0.53157192468643188
vn 0.13942021131515503 -0.74650001525878906 0.65061485767364502
vn 0.21441787481307983 -0.59852427244186401 0.77187669277191162
vn 0.14527676999568939 -0.57173877954483032 0.80747103691101074
vn 0.20706823468208313 -0.4677334725856781 0.85927188396453857
vn 0.1168946772813797 -0.70527267456054688 0.69923251867294312
vn 0.074904181063175201 -0.86362254619598389 0.49854335188865662
vn 0.17732608318328857 -0.41908055543899536 0.89046448469161987
vn 0.23371005058288574 -0.40286824107170105 0.88491624593734741
vn 0.26777341961860657 -0.43215435743331909 0.86112719774246216
vn 0.13474676012992859 -0.91184931993484497 0.38778102397918701
vn 0.12744194269180298 -0.87781006097793579 0.46174460649490356
vn 0.095980308949947357 -0.92173486948013306 0.37575605511665344
vn 0.085378088057041168 -0.92760264873504639 0.36368098855018616
vn 0.13553062081336975 -0.93679606914520264 0.3225594162940979
vn 0.083213433623313904 -0.90518903732299805 0.41678330302238464
vn 0.20179426670074463 -0.90110951662063599 0.38377168774604797
vn 0.24048455059528351 -0.93076324462890625 0.27540320158004761
vn 0.28918251395225525 -0.92187798023223877 0.25790402293205261
vn 0.306905597448349 -0.92261201143264771 0.23365789651870728
vn 0.18654002249240875 -0.83392941951751709 0.51938861608505249
vn 0.13517108559608459 -0.82762998342514038 -0.54475444555282593
vn 0.14881923794746399 -0.92358207702636719 -0.35333976149559021
vn 0.25178182125091553 -0.90907555818557739 -0.33194515109062195
vn 0.52242130041122437 -0.82644098997116089 -0.20993158221244812
vn 0.37398868799209595 -0.8979458212852478 -0.23200380802154541
vn 0.48775920271873474 -0.81257539987564087 -0.31908014416694641
vn 0.20213621854782104 0.94107198715209961 0.27115392684936523
vn 0.050914783030748367 0.90678352117538452 0.41851085424423218
vn 0.23952396214008331 0.94089466333389282 0.23946917057037354
vn -0.061830330640077591 0.84510928392410278 0.53100591897964478
vn 0.046472698450088501 0.92118024826049805 0.38635116815567017
vn 0.68199700117111206 6.6600641446257214E-08 0.73135495185852051
vn 0.68199968338012695 2.0899310015920491E-07 0.73135244846343994
vn 0.68199563026428223 -2.7261441459813796E-07 0.73135626316070557
vn 0 1 0
vn 0 1 0
vn 0 1 0
vn 0 1 0
vn 0 1 0
vn 0 1 0
vn 0 1 0
vn 0.11705845594406128 -0.87595516443252563 -0.4679742157459259
vn 0.041916925460100174 -0.82341098785400391 -0.56589514017105103
vn 0.089825890958309174 -0.83561241626739502 -0.54192543029785156
vn -0.018209772184491158 -0.40334665775299072 -0.91486603021621704
vn 0.1003275141119957 -0.64782309532165527 -0.75515538454055786
vn 0.14064954221248627 -0.64305686950683594 -0.7527918815612793
vn -0.3469507098197937 0.91300785541534424 -0.21457356214523315
vn -0.43742477893829346 0.85176873207092285 -0.28835675120353699
vn -0.36742663383483887 0.76041936874389648 -0.53549987077713013
vn -0.09473641961812973 -0.29727634787559509 -0.95007985830307007
vn 0.032938480377197266 -0.60248178243637085 -0.79745262861251831
vn -0.075956419110298157 -0.2196081280708313 -0.97262680530548096
vn -0.29200342297554016 0.88306587934494019 -0.36732637882232666
vn -0.2385784238576889 0.52348041534423828 -0.81795394420623779
vn -0.25902283191680908 0.91112446784973145 -0.32056111097335815
vn -0.24385307729244232 0.96827083826065063 0.054655920714139938
vn -0.20417405664920807 0.96338647603988647 0.17377981543540955
vn -0.086851470172405243 -0.28998973965644836 -0.95308065414428711
vn -0.1337941437959671 -0.22094127535820007 -0.96606630086898804
vn -0.30174663662910461 0.95230656862258911 -0.045400209724903107
vn -0.26757341623306274 0.27628034353256226 -0.92307835817337036
vn -0.33870768547058105 0.73470473289489746 -0.58778059482574463
vn 0.36132004857063293 0.93244189023971558 4.0510562939743977E-06
vn 0.36132219433784485 0.93244099617004395 2.9356774575717282E-06
vn 0.36132073402404785 0.9324415922164917 3.3161379633384058E-06
vn 0.36131954193115234 0.9324420690536499 -5.6439348554704338E-06
vn 0.36131525039672852 0.93244373798370361 -1.0179505807172973E-06
vn 0.12193851172924042 0.99248725175857544 -0.010000931099057198
vn -0.10148695111274719 0.99450820684432983 0.025570439174771309
vn 0.10114144533872604 0.994842529296875 -0.0076632476411759853
vn 0.43231913447380066 1.2184799743408803E-05 0.90172064304351807
vn 0.53479290008544922 0.00027069641510024667 0.84498310089111328
vn 0.51343542337417603 -0.00035355656291358173 0.85812819004058838
vn 0.21576543152332306 0.97642284631729126 0.0066100838594138622
vn 0.21235689520835876 0.9762725830078125 0.042383655905723572
vn 0.33528965711593628 0.941456139087677 0.035229749977588654
vn 0.13000395894050598 0.99148797988891602 -0.007113652303814888
vn 0.085713595151901245 0.99288439750671387 0.082666598260402679
vn 0.078598998486995697 0.99652081727981567 0.02772032655775547
vn 0.070740237832069397 0.97982054948806763 0.18694256246089935
vn 0.050108220428228378 0.97398704290390015 0.2209940105676651
vn 0.11996643245220184 0.98758524656295776 0.10140755027532578
vn 0.034380603581666946 0.83785545825958252 0.54480844736099243
vn 0.054395627230405807 0.90390288829803467 0.42426484823226929
vn 0.075121037662029266 0.9376978874206543 0.33923372626304626
vn -4.5674292778130621E-05 2.4262764782179147E-05 1
vn 3.8216418033698574E-05 -1.9274295482318848E-05 1
vn 7.8869334174669348E-06 -3.8532161852344871E-06 1
vn 2.0352996443762095E-07 6.5959414996541454E-07 1
vn 0.00064261775696650147 -0.00033987045753747225 0.9999997615814209
vn 0.019356949254870415 0.93539708852767944 -0.35306879878044128
vn 0.059699218720197678 0.93234318494796753 -0.35661202669143677
vn 0.016701554879546165 0.93553745746612549 -0.3528323769569397
vn 0.0086275935173034668 0.94071245193481445 -0.33909529447555542
vn 0.058884914964437485 0.93425756692886353 -0.35170352458953857
vn 0.10650702565908432 0.93227821588516235 -0.34570741653442383
vn 0.0065168123692274094 0.94048047065734863 -0.33978527784347534
vn -0.10423055291175842 0.79213893413543701 0.60137498378753662
vn -0.11253708600997925 0.99247097969055176 -0.048340611159801483
vn 0.0075564472936093807 0.98019790649414062 0.19787605106830597
vn -0.061381503939628601 0.53635710477828979 -0.84175610542297363
vn 0.044950321316719055 0.63710218667984009 -0.76946753263473511
vn -0.00083848484791815281 0.29572933912277222 -0.95527142286300659
vn 0.270700603723526 0.32797029614448547 -0.90507274866104126
vn -0.22677557170391083 0.65171486139297485 -0.72376829385757446
vn -0.31907856464385986 0.81216388940811157 -0.48844519257545471
vn -0.43792054057121277 0.60423529148101807 -0.6656765341758728
vn 0.23725078999996185 0.62582647800445557 -0.74300289154052734
vn 0.19778759777545929 0.62474745512008667 -0.75536131858825684
vn 0.24996359646320343 0.62540233135223389 -0.73918205499649048
vn -0.70350348949432373 0.1411575973033905 0.69653242826461792
vn -0.39107590913772583 -0.31955298781394958 0.8631022572517395
vn -0.35092666745185852 -0.32239082455635071 0.87915563583374023
vn -0.19602552056312561 -0.62060439586639404 0.75922602415084839
vn -0.24641028046607971 -0.62480252981185913 0.74088042974472046
vn -0.17769595980644226 -0.62360674142837524 0.76127445697784424
vn 0.41755518317222595 -0.61507046222686768 0.66883182525634766
vn 0.38377293944358826 -0.75374209880828857 0.53347086906433105
vn 0.14142484962940216 -0.5713011622428894 0.8084639310836792
vn 0.17372354865074158 -0.85010868310928345 0.49712708592414856
vn 0.069072924554347992 -0.93187707662582397 0.3561377227306366
vn 0.15423847734928131 -0.85806506872177124 0.48983144760131836
vn 0.11834882199764252 -0.92034763097763062 0.37276509404182434
vn 0.041078425943851471 -0.95475417375564575 0.29454538226127625
vn 0.17870327830314636 -0.85895025730133057 -0.47986409068107605
vn 0.095693886280059814 -0.80017930269241333 -0.59207749366760254
vn 0.34593212604522705 -0.68899828195571899 0.63687700033187866
vn 0.12969553470611572 -0.83194690942764282 -0.53948444128036499
vn -0.093021154403686523 -0.13372430205345154 -0.98664325475692749
vn 0.35670551657676697 -0.930511474609375 -0.083123922348022461
vn 0.36384317278862 -0.88734698295593262 -0.28325513005256653
vn 0.18018867075443268 -0.83298546075820923 -0.52313214540481567
vn 0.37912845611572266 -0.73050713539123535 0.5679972767829895
vn 0.33093398809432983 -0.82919150590896606 0.45047104358673096
vn 0.25789758563041687 -0.13497421145439148 0.95669788122177124
vn 0.42273706197738647 -0.74837958812713623 0.51109820604324341
vn 0.11105330288410187 0.24495422840118408 0.96315348148345947
vn 0.12764400243759155 0.16760198771953583 0.97755640745162964
vn -0.33200648427009583 0.89210999011993408 0.3064497709274292
vn -0.31881114840507507 0.89164549112319946 0.32144641876220703
vn -0.23388181626796722 0.89624369144439697 0.37689068913459778
vn 0.11083680391311646 -0.90981137752532959 0.3999481201171875
vn 0.064147770404815674 -0.91136449575424194 0.40657079219818115
vn 0.1572326272726059 -0.84629786014556885 0.50897723436355591
vn 0.12693038582801819 -0.79466062784194946 0.59363549947738647
vn 0.16966477036476135 -0.67726141214370728 0.7159125804901123
vn 0.10277865082025528 -0.65323585271835327 0.75014626979827881
vn 0.048467308282852173 -0.92176163196563721 0.38471594452857971
vn 0.050558660179376602 -0.93568247556686401 0.34920218586921692
vn 0.020622428506612778 -0.93148720264434814 0.36318907141685486
vn 0.032627996057271957 -0.92517060041427612 0.3781464695930481
vn 0.056313041597604752 -0.92764192819595337 0.36920091509819031
vn 0.070506371557712555 -0.92096501588821411 0.38321307301521301
vn 0.080630309879779816 -0.93069636821746826 0.35679551959037781
vn 0.065090455114841461 -0.86381626129150391 -0.49958449602127075
vn 0.11333721131086349 -0.87266814708709717 -0.47497895359992981
vn 0.049823515117168427 -0.86454689502716064 -0.5000762939453125
vn 0.14771576225757599 -0.88825356960296631 -0.43495476245880127
vn -0.084051571786403656 0.0010939255589619279 -0.99646079540252686
vn -0.18530914187431335 0.001942229107953608 -0.98267835378646851
vn -0.063850194215774536 0.0038581627886742353 -0.99795204401016235
vn -0.20749688148498535 -0.00093439256306737661 -0.97823524475097656
vn -0.42059093713760376 0.0028092123102396727 -0.90724605321884155
vn -0.4132598340511322 0.0041542942635715008 -0.91060364246368408
vn -0.62338262796401978 0.0035156088415533304 -0.78190898895263672
vn -0.59453713893890381 0.0024388248566538095 -0.80406445264816284
vn -0.10655190050601959 -0.9155537486076355 -0.38782468438148499
vn 0.033741995692253113 -0.85850238800048828 -0.51169830560684204
vn -0.063303045928478241 -0.92795395851135254 -0.36727941036224365
vn -0.28554269671440125 -0.8946414589881897 -0.34363067150115967
vn -0.37003704905509949 -0.88574457168579102 -0.28023046255111694
vn -0.35292598605155945 -0.911826491355896 -0.20979927480220795
vn 0.019990595057606697 -0.82834035158157349 -0.55986839532852173
vn -0.053888142108917236 -0.88400262594223022 -0.46436557173728943
vn 0.018492789939045906 -0.83065348863601685 -0.55648255348205566
vn -0.25230672955513 -0.94215834140777588 -0.22063307464122772
vn -0.24586950242519379 -0.94569158554077148 -0.21263954043388367
vn -0.36444583535194397 -0.91698169708251953 -0.16224616765975952
vn 2.5077784471250197E-07 5.6937228265496742E-09 1
vn -5.7627576097729616E-06 8.246594006777741E-06 1
vn 2.2532842649525264E-06 -7.8193932040448999E-07 1
vn 3.974512026161392E-07 -1.7302855326306599E-07 1
vn 0 1 0
vn 0 1 0
vn 0 1 0
vn -4.5639557356480509E-05 -1.3797476640320383E-05 -1
vn -5.9498506743693724E-07 2.6797113150678342E-07 -1
vn 4.9213872443942819E-06 4.2887904783128761E-06 -1
vn 8.364849009012687E-07 -7.2459516786693712E-07 -1
vn -2.7041311113862321E-05 1.2655719729082193E-05 -1
vn -0.29485341906547546 -0.0007231241324916482 -0.95554220676422119
vn -0.14301998913288116 0 -0.98971980810165405
vn -0.0946015864610672 0.0016328465426340699 -0.99551385641098022
vn -0.15256834030151367 0.0018361008260399103 -0.98829120397567749
vn -0.31438186764717102 -0.010691403411328793 -0.94923639297485352
vn -0.50131058692932129 -0.08958040177822113 -0.86061781644821167
vn -0.36876696348190308 -0.0019935599993914366 -0.92951971292495728
vn -0.36649039387702942 5.6846880625016638E-07 -0.93042182922363281
vn -0.36553841829299927 0.00083984452066943049 -0.93079584836959839
vn -0.65732985734939575 -0.0014267422957345843 -0.75360161066055298
vn -0.55597853660583496 0.0058408025652170181 -0.83117616176605225
vn -0.83887749910354614 0.059461496770381927 -0.54106271266937256
vn -0.67885291576385498 -5.1625000196509063E-05 -0.73427426815032959
vn -0.37712806463241577 0.00062226597219705582 -0.92616093158721924
vn -0.54458397626876831 -0.001371082616969943 -0.83870518207550049
vn 0.16961683332920074 0.98210006952285767 0.081912174820899963
vn 0.096294790506362915 0.98177516460418701 0.16384381055831909
vn 0.10067347437143326 0.98076266050338745 0.16724085807800293
vn -0.99999499320983887 0.0025745164602994919 -0.0018247851403430104
vn -0.99991428852081299 0.011002176441252232 -0.0070954668335616589
vn -1 0.00010428786481497809 -0.00014796653704252094
vn 0.65884166955947876 0.75029265880584717 -0.054668419063091278
vn 0.74972420930862427 0.64427226781845093 -0.15108558535575867
vn 0.66211336851119995 0.71366596221923828 -0.2286631166934967
vn 0.55706971883773804 0.77145487070083618 -0.30745843052864075
vn 0.45482242107391357 0.8009331226348877 -0.3894132673740387
vn 0.21886460483074188 0.97572779655456543 0.007314770482480526
vn 0.41939890384674072 0.90775251388549805 0.0094842081889510155
vn 0.46714973449707031 0.86213445663452148 -0.19620218873023987
vn 0.53863745927810669 0.81855005025863647 -0.19961325824260712
vn 0.086266711354255676 0.99125438928604126 0.099863909184932709
vn 0.021999288350343704 0.916648268699646 -0.39908894896507263
vn 0.1513683944940567 0.96415585279464722 0.21792447566986084
vn -0.079856134951114655 0.54424536228179932 -0.83511674404144287
vn -0.078957371413707733 0.55542105436325073 -0.8278123140335083
vn 0.1292562335729599 0.9829108715057373 -0.13106895983219147
vn 0.17541839182376862 0.80010515451431274 0.57363766431808472
vn 0.22923968732357025 0.85264807939529419 0.46951079368591309
vn -0.11547622084617615 0.24401403963565826 -0.9628719687461853
vn -0.068056590855121613 0.51795327663421631 -0.85269731283187866
vn -0.075216174125671387 0.3987518846988678 -0.91396903991699219
vn 0.0076244724914431572 0.93063235282897949 -0.36587607860565186
vn 0.069519162178039551 0.9860152006149292 0.15146322548389435
vn 0.13797307014465332 0.72983497381210327 0.66955536603927612
vn -0.9540020227432251 0.13457253575325012 -0.26789993047714233
vn -0.85118067264556885 -0.40129709243774414 -0.33830776810646057
vn -0.48687487840652466 -0.092961773276329041 -0.86851078271865845
vn 0.12897135317325592 0.91973930597305298 -0.37073704600334167
vn 0.13988347351551056 0.91722691059112549 -0.3729979395866394
vn 0.18945156037807465 0.90365093946456909 -0.38408729434013367
vn 0.20705278217792511 0.90240752696990967 -0.37787541747093201
vn 0.26762574911117554 0.8705405592918396 -0.41295948624610901
vn 0.017800195142626762 0.9309002161026001 -0.36483964323997498
vn 0.0098202871158719063 0.9370684027671814 -0.34900769591331482
vn 0.011933154426515102 0.93181335926055908 -0.362741619348526
vn -0.15072683990001678 0.9267234206199646 -0.34418770670890808
vn -0.28513917326927185 0.94374459981918335 -0.16745688021183014
vn -0.13079188764095306 0.9194110631942749 -0.37091350555419922
vn -0.082819975912570953 0.86593383550643921 -0.4932539165019989
vn -0.077893085777759552 0.92910987138748169 -0.36150720715522766
vn -0.097125887870788574 0.935840904712677 -0.33877485990524292
vn -0.1094382032752037 0.94789379835128784 -0.29919999837875366
vn -0.011873921379446983 0.94674807786941528 -0.32175621390342712
vn -0.23743703961372375 0.84213888645172119 -0.48417535424232483
vn -0.16673801839351654 0.90587002038955688 -0.38935580849647522
vn -0.31196454167366028 0.90030515193939209 -0.30352717638015747
vn 0.10052984952926636 0.62375164031982422 -0.7751307487487793
vn 0.26182562112808228 0.62742316722869873 -0.73333996534347534
vn 0.25114789605140686 0.62847566604614258 -0.7361677885055542
vn -0.43105775117874146 -0.29171466827392578 0.85386872291564941
vn -0.39608645439147949 -0.29154825210571289 0.87069809436798096
vn -0.38131865859031677 -0.41204303503036499 0.82753646373748779
vn -0.5247112512588501 -0.12502941489219666 0.8420485258102417
vn -0.21991880238056183 -0.632426917552948 0.74274623394012451
vn -0.0075166681781411171 -0.60625505447387695 0.79523473978042603
vn -0.20756873488426208 -0.63264566659927368 0.74610638618469238
vn -0.090500161051750183 -0.79151266813278198 0.60441493988037109
vn -0.15983667969703674 -0.78810781240463257 0.59442263841629028
vn -0.078021101653575897 -0.8433186411857605 0.53172022104263306
vn -0.00066086556762456894 -0.7842140793800354 0.62049001455307007
vn -0.0043750405311584473 -0.8378368616104126 0.54590314626693726
vn 0.15280908346176147 -0.91738432645797729 0.36749887466430664
vn 0.10252097994089127 -0.94072341918945312 0.32330930233001709
vn 0.086875416338443756 -0.90049362182617188 0.42610320448875427
vn 0.23275861144065857 -0.56379663944244385 -0.79243725538253784
vn -0.13624115288257599 -0.87567311525344849 -0.46328714489936829
vn 0.1549353152513504 -0.62335145473480225 -0.76643854379653931
vn 0.25108784437179565 -0.88688230514526367 0.3878074586391449
vn 0.11637496203184128 -0.043197754770517349 0.99226552248001099
vn 0.16859187185764313 0.023050909861922264 0.98541635274887085
vn 0.27636319398880005 -0.94216859340667725 0.18958289921283722
vn 0.35975882411003113 -0.70225566625595093 0.6143375039100647
vn 0.34158524870872498 -0.87443667650222778 0.34449958801269531
vn -0.150164395570755 0.85861092805862427 0.49014076590538025
vn -0.097251228988170624 0.8113563060760498 0.57640534639358521
vn -0.075638532638549805 0.73130816221237183 0.67784005403518677
vn -0.05594572052359581 0.63586723804473877 0.7697681188583374
vn -0.064286507666110992 0.67418104410171509 0.73576301336288452
vn -0.20715896785259247 0.90632778406143188 0.36831381916999817
vn -0.23558486998081207 0.48108333349227905 0.84442794322967529
vn -0.41628167033195496 0.4930458664894104 0.76394718885421753
vn -0.24310518801212311 0.71548694372177124 0.6549643874168396
vn 0.33211404085159302 0.91871410608291626 0.21369300782680511
vn 0.31188118457794189 0.92856884002685547 0.20122148096561432
vn 0.37044182419776917 0.89803165197372437 0.23730151355266571
vn 0.074758060276508331 0.90279126167297363 0.42353174090385437
vn 0.076341979205608368 0.88902652263641357 0.45144632458686829
vn -0.025395624339580536 0.81304943561553955 0.58164048194885254
vn 0.42582297325134277 0.88733118772506714 0.17696946859359741
vn 0.38431498408317566 0.91016578674316406 0.15459698438644409
vn 0.32315617799758911 0.93701887130737305 0.13253550231456757
vn -0.2569674551486969 -0.00070880039129406214 -0.96641981601715088
vn -0.17650291323661804 -0.00035323150223121047 -0.98430007696151733
vn -0.24473601579666138 7.2303417255170643E-05 -0.96958976984024048
vn -0.47411394119262695 -0.85287237167358398 -0.21868856251239777
vn -0.3586404025554657 -0.92284512519836426 -0.14047753810882568
vn -0.35101142525672913 -0.90555357933044434 -0.23825129866600037
vn -0.18131782114505768 0.25389882922172546 -0.95008379220962524
vn -0.29425531625747681 -0.021966058760881424 -0.9554743766784668
vn -0.066032171249389648 0.36313110589981079 -0.92939525842666626
vn -0.31364569067955017 0.030997909605503082 -0.94903397560119629
vn -0.89816963672637939 0.43951791524887085 0.010735497809946537
vn -0.35672739148139954 0.93420171737670898 0.0035632415674626827
vn -0.95693093538284302 0.2902948260307312 0.0034761363640427589
vn -0.00010596257197903469 0.99999994039535522 -0.00028766097966581583
vn -2.8515194571809843E-05 1 -0.00011391467705834657
vn 2.6811312281438404E-08 1 9.6975818451028317E-06
vn -9.6883091771360341E-08 1 -4.0801080558594549E-07
vn 0.00055652682203799486 0.99998301267623901 0.0058003016747534275
vn 0.0017705864738672972 0.99998956918716431 0.0042069521732628345
vn 9.7637921498971991E-06 0.74405872821807861 -0.66811424493789673
vn 3.7207178138487507E-06 0.74405938386917114 -0.66811347007751465
vn 3.831603862636257E-06 0.74405938386917114 -0.66811347007751465
vn 1 0 0
vn 1 0 0
vn 1 0 0
vn 0.27105820178985596 0.83894354104995728 0.47191223502159119
vn 0.38008379936218262 0.84308379888534546 0.38045501708984375
vn 0.28950440883636475 0.84533941745758057 0.44898602366447449
vn 0.19771489500999451 0.82057410478591919 0.53625273704528809
vn -1 2.6859252102440223E-06 9.3652471377936308E-07
vn -1 3.530505665594319E-08 -8.1520244066268788E-07
vn -1 3.1139936709223548E-06 4.8421372866869206E-07
vn 0.37711283564567566 0.86579632759094238 0.32891130447387695
vn 0.29220321774482727 0.88013970851898193 0.37412741780281067
vn 0.29882946610450745 0.88598108291625977 0.35459625720977783
vn 1 4.3234381337242667E-06 -3.9468782233598176E-06
vn 1 1.8896901821108258E-08 -3.3232122831350352E-08
vn 1 7.546540473413188E-06 -5.6848489293770399E-06
vn 1 -1.884940729723894E-06 -1.8164018911193125E-07
vn 1 1.2074866617695079E-06 -1.5540983440587297E-05
vn 1 -3.865833150484832E-06 1.1996282410109416E-05
vn -1 -1.4670298696728423E-05 -7.9151192039716989E-05
vn -1 -2.7093788048659917E-06 4.2948399823217187E-06
vn -1 -6.3678044170956127E-06 3.4646167478058487E-05
vn 9.4684182840865105E-06 0.65055197477340698 -0.75946176052093506
vn 1.1584127150854329E-06 0.65055322647094727 -0.7594606876373291
vn 1.2653395060624462E-06 0.65055322647094727 -0.7594606876373291
vn 0.033895391970872879 0.93494576215744019 0.3531678318977356
vn -0.027081852778792381 0.6351463794708252 0.77191686630249023
vn -0.001247238484211266 0.89212328195571899 0.45179036259651184
vn -0.024542981758713722 0.69188553094863892 0.72158992290496826
vn 0.8156159520149231 -0.11284883320331573 -0.56748193502426147
vn 0.7156987190246582 -0.49975669384002686 -0.48787146806716919
vn 0.81280797719955444 -0.15741817653179169 -0.56085890531539917
vn 0.033319778740406036 0.99943256378173828 0.0049383766017854214
vn 0.082801125943660736 0.99651998281478882 0.0095837190747261047
vn 0.054832372814416885 0.99849545955657959 0.00041146433795802295
vn 0.67189884185791016 0.74049407243728638 0.014849192462861538
vn 0.71051430702209473 0.68688285350799561 0.15284419059753418
vn 0.76839530467987061 0.61258846521377563 0.1852133572101593
vn 0.47883778810501099 0.87499678134918213 0.071379207074642181
vn 0.51843500137329102 0.85364705324172974 0.050118613988161087
vn 0.67553132772445679 0.69470876455307007 -0.24705705046653748
vn 0.75741660594940186 0.63211679458618164 -0.16354957222938538
vn 0.72911012172698975 0.65679329633712769 -0.19240839779376984
vn 0.59429317712783813 0.72420406341552734 -0.34977725148200989
vn 0.61235213279724121 0.5877610445022583 -0.52873605489730835
vn 0.43334311246871948 0.82505768537521362 -0.36262047290802002
vn 0.46397662162780762 0.73988276720046997 -0.48713365197181702
vn 0.89681392908096313 0.33897355198860168 0.28429162502288818
vn 0.86878907680511475 0.4897303581237793 0.073277994990348816
vn 0.78784984350204468 0.56930452585220337 0.23491470515727997
vn 0.83251327276229858 0.55381745100021362 0.014419390819966793
vn 0.9446033239364624 0.2929389476776123 0.14802488684654236
vn 0.50684195756912231 0.797607421875 -0.32700711488723755
vn 0.84066581726074219 0.5097927451133728 0.18273554742336273
vn 0.36420053243637085 0.89656573534011841 -0.25204741954803467
vn -0.17684069275856018 0.53341549634933472 -0.82716095447540283
vn -0.48822885751724243 0.64728248119354248 -0.58536994457244873
vn 0.24625325202941895 0.96299529075622559 -0.1095418781042099
vn 0.37893369793891907 0.7743149995803833 0.50679934024810791
vn -0.32754546403884888 0.74916535615921021 -0.57573020458221436
vn -0.63230621814727783 0.63486921787261963 -0.44399315118789673
vn -0.60563081502914429 0.50536906719207764 -0.61466532945632935
vn 0.53949826955795288 0.75782740116119385 -0.36693227291107178
vn 0.67932164669036865 0.5860939621925354 -0.4416060745716095
vn 0.93935716152191162 0.32823842763900757 -0.099336311221122742
vn -0.64428675174713135 0.64873933792114258 -0.40500849485397339
vn 0.87743169069290161 0.47463634610176086 -0.069526374340057373
vn 0.75358480215072632 0.4745001494884491 -0.45492807030677795
vn -0.07847316563129425 0.69730949401855469 -0.71246153116226196
vn 0.38871127367019653 0.67359334230422974 -0.62862986326217651
vn 0.38133278489112854 0.57314848899841309 -0.72531795501708984
vn 0.3514498770236969 0.769428551197052 -0.53335046768188477
vn 0.33186095952987671 0.79607641696929932 -0.50609350204467773
vn 0.27138984203338623 0.87193644046783447 -0.40752220153808594
vn 0.027435926720499992 0.91611146926879883 -0.39998385310173035
vn 0.023343199864029884 0.91647511720657349 -0.39941015839576721
vn 0.013832801952958107 0.92188042402267456 -0.38722747564315796
vn 0.12824144959449768 0.92509829998016357 -0.35741743445396423
vn 0.083768174052238464 0.93341118097305298 -0.34889319539070129
vn 0.10245582461357117 0.9275052547454834 -0.35949516296386719
vn 0.15001459419727325 0.8961566686630249 -0.41761088371276855
vn 0.1209329217672348 0.88529527187347412 -0.44902956485748291
vn -0.1260954886674881 0.97065079212188721 -0.20478525757789612
vn -0.07809700071811676 0.98307585716247559 -0.16571889817714691
vn -0.047663651406764984 0.98836678266525269 -0.14442725479602814
vn 0.005929349921643734 0.99347925186157227 -0.1138588935136795
vn -0.019410578534007072 0.58974432945251465 -0.80735671520233154
vn -0.058649133890867233 0.60198038816452026 -0.79635411500930786
vn -0.058929592370986938 0.60249626636505127 -0.79594314098358154
vn -0.094177708029747009 0.61111539602279663 -0.78591889142990112
vn -0.11100618541240692 0.61515319347381592 -0.78055375814437866
vn -0.095598936080932617 0.61141723394393921 -0.78551244735717773
vn -0.062847934663295746 -0.23114763200283051 0.97088664770126343
vn -0.024074988439679146 -0.32713073492050171 0.9446723461151123
vn -0.22372117638587952 -0.29425680637359619 0.92917263507843018
vn 0.026814989745616913 -0.58686214685440063 0.80924272537231445
vn 0.064648568630218506 -0.6168636679649353 0.78441041707992554
vn 0.0224650539457798 -0.58792054653167725 0.80860668420791626
vn 0.084162063896656036 -0.60226309299468994 0.79384881258010864
vn 0.024011632427573204 -0.94994270801544189 0.31149998307228088
vn 0.044898524880409241 -0.95208746194839478 0.30251210927963257
vn -0.015286043286323547 -0.94914579391479492 0.31446549296379089
vn 0.44849506020545959 -0.3826083242893219 -0.80775183439254761
vn 0.44226595759391785 -0.29494532942771912 -0.84699946641921997
vn 0.43837839365005493 -0.42667922377586365 -0.79105573892593384
vn 0.43750029802322388 -0.29007217288017273 -0.85114723443984985
vn 0.34132882952690125 -0.28341513872146606 -0.89619779586791992
vn 0.33722707629203796 -0.28489124774932861 -0.8972819447517395
vn 0.37627330422401428 -0.92648160457611084 -0.0070880665443837643
vn 0.06738068163394928 -0.58983266353607178 0.80470943450927734
vn 0.32954412698745728 -0.94269627332687378 -0.052195459604263306
vn 0.010981288738548756 -0.9326050877571106 0.36073148250579834
vn -0.067272491753101349 -0.95940953493118286 0.27387535572052002
vn -0.013629279099404812 -0.9224812388420105 0.38580122590065002
vn -0.044022358953952789 -0.91932690143585205 0.3910243809223175
vn -0.045533701777458191 -0.92315095663070679 0.3817315399646759
vn -0.015406444668769836 -0.92039626836776733 0.39068314433097839
vn -0.080504186451435089 -0.92890620231628418 0.36145868897438049
vn -0.00469605578109622 -0.92783921957015991 0.37295079231262207
vn -0.0081380140036344528 -0.92628633975982666 0.37673255801200867
vn -0.012433630414307117 -0.92286521196365356 0.3849223256111145
vn -0.43521210551261902 0.38785600662231445 0.81250119209289551
vn -0.45234045386314392 0.30169731378555298 0.83926564455032349
vn -0.45482465624809265 0.31321433186531067 0.83368539810180664
vn -0.36205291748046875 0.28877243399620056 0.88630026578903198
vn -0.32675325870513916 0.30565482378005981 0.89431953430175781
vn 0.045806664973497391 -0.93158107995986938 0.36063620448112488
vn 0.035538412630558014 -0.92997890710830688 0.36589103937149048
vn 0.014002720825374126 -0.93812930583953857 0.34600195288658142
vn 0.35782241821289062 0.91198784112930298 0.20060238242149353
vn 0.38078019022941589 0.89741730690002441 0.22281970083713531
vn 0.39731699228286743 0.88602942228317261 0.23893728852272034
vn -0.1250719279050827 -0.84344595670700073 -0.52245181798934937
vn -0.035302538424730301 -0.82223045825958252 -0.56805878877639771
vn -0.1856253445148468 -0.76526075601577759 -0.61637592315673828
vn -0.26679396629333496 -0.89093947410583496 -0.3674885630607605
vn -0.11411852389574051 -0.91304951906204224 -0.39155784249305725
vn -0.28303900361061096 -0.86107438802719116 -0.42242133617401123
vn -0.013638363219797611 -0.8547053337097168 -0.51893430948257446
vn -0.010773959569633007 -0.77359753847122192 -0.63358563184738159
vn -0.073120817542076111 -0.70564764738082886 -0.70477992296218872
vn -0.025762634351849556 -0.91692066192626953 -0.39823713898658752
vn 0.012042599730193615 0.67485439777374268 0.73785263299942017
vn 0.031273435801267624 0.58570677042007446 0.80991947650909424
vn -0.040238488465547562 0.68078857660293579 0.73137390613555908
vn 0.17540661990642548 0.74059343338012695 0.6486554741859436
vn 0.25294703245162964 0.74555271863937378 0.61657840013504028
vn 0.32763212919235229 0.8341936469078064 0.44359681010246277
vn 0.45509424805641174 0.87059468030929565 0.18696023523807526
vn 0.40826630592346191 0.86765950918197632 0.28369987010955811
vn -0.57227522134780884 -0.81196236610412598 -0.11497043818235397
vn -0.71984291076660156 -0.68560117483139038 -0.10852302610874176
vn -0.79692608118057251 -0.57673251628875732 -0.17968983948230743
vn -0.83969640731811523 -0.44714567065238953 -0.30817314982414246
vn -0.81134623289108276 -0.52743679285049438 -0.25204706192016602
vn 0.21048738062381744 0.036413025110960007 -0.97691822052001953
vn 0.14192879199981689 0.025582959875464439 -0.98954623937606812
vn 0.12984940409660339 0.010079802945256233 -0.99148249626159668
vn 0.12921123206615448 0.15533797442913055 -0.97937458753585815
vn 0.10826068371534348 0.16364426910877228 -0.98056113719940186
vn 0.0068424781784415245 0.46629464626312256 -0.88460302352905273
vn -0.074588865041732788 0.70158129930496216 -0.70867496728897095
vn -0.0054470766335725784 0.45860940217971802 -0.88862127065658569
vn -0.060726400464773178 0.65379148721694946 -0.75423401594161987
vn 0.48719990253448486 0.50223422050476074 -0.71442079544067383
vn 0.441538006067276 0.30958208441734314 -0.84214198589324951
vn 0.38454177975654602 0.54722177982330322 -0.74342179298400879
vn 0.49613025784492493 0.36350756883621216 -0.78849035501480103
vn 0.44584909081459045 0.057404123246669769 -0.89326554536819458
vn 0.40845906734466553 0.076505601406097412 -0.9095647931098938
vn 0.4322795569896698 0.59173578023910522 -0.68042868375778198
vn 0.93121570348739624 0.023711634799838066 0.36369642615318298
vn 0.94833523035049438 0.28599053621292114 0.13736715912818909
vn 0.91666519641876221 0.10434618592262268 0.38579368591308594
vn 0.87387478351593018 0.0062972758896648884 0.48611032962799072
vn 0.87087053060531616 0.2609819769859314 0.41650077700614929
vn 0.88133317232131958 0.073809415102005005 0.46669477224349976
vn 0.89213496446609497 0.28489202260971069 0.35061624646186829
vn 0.97488188743591309 0.023118210956454277 0.22151952981948853
vn 0.961570143699646 0.094373241066932678 0.25783050060272217
vn 0.98075437545776367 0.10929464548826218 0.16178843379020691
vn 0.92430901527404785 0.27190318703651428 0.26780867576599121
vn 0.88938695192337036 0.41149425506591797 0.1991565078496933
vn 0.84530818462371826 0.44809699058532715 0.29096940159797668
vn 0.862518310546875 0.45209991931915283 0.22730556130409241
vn 0.85518842935562134 0.41116195917129517 0.31559240818023682
vn -0.024584995582699776 0.36587148904800415 -0.93034058809280396
vn -0.51738822460174561 0.27792644500732422 -0.80936163663864136
vn 0.098753079771995544 0.044324286282062531 -0.99412435293197632
vn 0.76199996471405029 0.22674807906150818 -0.60658168792724609
vn 0.79777067899703979 0.3912149965763092 -0.45881670713424683
vn 0.9210326075553894 0.26797729730606079 -0.28264307975769043
vn -0.61456573009490967 0.48333770036697388 -0.62345296144485474
vn -0.10111121833324432 0.59274345636367798 -0.7990192174911499
vn -0.31340625882148743 0.6885380744934082 -0.65398150682449341
vn 0.94648551940917969 0.098133683204650879 -0.3074653148651123
vn 0.16236388683319092 0.87538361549377441 -0.45534765720367432
vn 0.25533458590507507 0.71115785837173462 -0.65502578020095825
vn 0.1713813990354538 0.85748308897018433 -0.48513004183769226
vn -0.30773219466209412 0.7177426815032959 -0.62461698055267334
vn -0.44800448417663574 0.77038037776947021 -0.45365855097770691
vn -0.2606978714466095 0.69486653804779053 -0.67022168636322021
vn 0.026589766144752502 0.98230403661727905 -0.18539626896381378
vn 0.06151522696018219 0.99076026678085327 -0.12087159603834152
vn 0.025693723931908607 0.98266255855560303 -0.18361395597457886
vn 0.052968770265579224 0.98470032215118408 -0.16601096093654633
vn 0.11246395856142044 0.98121476173400879 -0.1567462831735611
vn 0.10503143072128296 0.98174238204956055 -0.15858852863311768
vn 0.085682898759841919 0.98407316207885742 -0.15575110912322998
vn 0.057473216205835342 -0.42694312334060669 0.90245020389556885
vn 0.13182705640792847 -0.016946796327829361 0.99112784862518311
vn 0.1066930741071701 -0.34473717212677002 0.93261611461639404
vn 0.074520893394947052 -0.035291865468025208 0.99659478664398193
vn 0.19076412916183472 0.033816564828157425 0.98105323314666748
vn 0.2209734171628952 -0.10759755223989487 0.96932631731033325
vn 0.1506626307964325 -0.31947499513626099 0.93554073572158813
vn 0.39953488111495972 -0.74851983785629272 0.52923524379730225
vn 0.35670799016952515 -0.73447585105895996 0.57732540369033813
vn 0.14149408042430878 -0.67185729742050171 0.72703999280929565
vn 0.19013261795043945 -0.34102872014045715 -0.9206242561340332
vn -0.091880187392234802 -0.29181927442550659 -0.95205014944076538
vn 0.12128085643053055 -0.3906739354133606 -0.91250467300415039
vn -0.059020925313234329 -0.83515024185180664 -0.54684603214263916
vn 0.33252182602882385 -0.91450077295303345 -0.23047260940074921
vn 0.25229620933532715 -0.89032512903213501 -0.37903538346290588
vn -0.021407315507531166 -0.88744533061981201 0.4604155421257019
vn -0.15407343208789825 -0.60766327381134033 0.77910637855529785
vn -0.055304814130067825 -0.92974865436553955 0.36401763558387756
vn -0.08829750120639801 -0.92995738983154297 0.35690730810165405
vn -0.1045101135969162 -0.92467272281646729 0.36613926291465759
vn -0.14684116840362549 -0.92563223838806152 0.34877312183380127
vn -0.1438392847776413 -0.86349570751190186 0.48341023921966553
vn -0.15420547127723694 -0.37170788645744324 -0.91545283794403076
vn -0.14323234558105469 -0.36447209119796753 -0.92013293504714966
vn -0.11498406529426575 -0.36012208461761475 -0.92579197883605957
vn -0.11722861975431442 -0.35692679882049561 -0.92674738168716431
vn -0.19713500142097473 -0.36696603894233704 -0.90910601615905762
vn -0.23738877475261688 -0.34866237640380859 -0.90668690204620361
vn -0.23801514506340027 -0.33898481726646423 -0.91018575429916382
vn -0.19944804906845093 -0.36735615134239197 -0.90844368934631348
vn 0.064133301377296448 0.27183839678764343 0.96020352840423584
vn -0.27117422223091125 0.28371435403823853 0.91976666450500488
vn -0.16109657287597656 0.72988295555114746 0.6643182635307312
vn 0.06518246978521347 0.58058547973632812 0.81158590316772461
vn -0.048630021512508392 -0.93113905191421509 0.36140722036361694
vn -0.087303034961223602 -0.92828327417373657 0.36148068308830261
vn -0.09283776581287384 -0.92427462339401245 0.37026691436767578
vn -0.27384322881698608 -0.96130079030990601 -0.030177729204297066
vn -0.19472949206829071 -0.98047500848770142 -0.027370860800147057
vn -0.32107812166213989 -0.94577562808990479 -0.049166448414325714
vn -0.069597899913787842 -0.98555141687393188 -0.15441681444644928
vn -0.093760594725608826 -0.99249261617660522 -0.078532420098781586
vn -0.068568170070648193 -0.98111391067504883 -0.18086971342563629
vn -0.046277362853288651 -0.92904889583587646 -0.36705112457275391
vn -0.095759689807891846 -0.99536687135696411 0.0086556766182184219
vn -0.16729240119457245 -0.98588156700134277 0.0071253185160458088
vn 0.023225301876664162 -0.8705485463142395 -0.49153411388397217
vn -0.016801986843347549 -0.85613411664962769 -0.51648044586181641
vn -0.015686249360442162 -0.93169271945953369 -0.36290857195854187
vn -0.09137687087059021 -0.94401061534881592 -0.31700816750526428
vn -0.13979472219944 0.8063998818397522 -0.57460999488830566
vn -0.14020121097564697 0.82851141691207886 -0.54213696718215942
vn -0.072728917002677917 0.75903218984603882 -0.64697813987731934
vn -0.082889370620250702 0.63352423906326294 -0.76927006244659424
vn -0.040076903998851776 0.63036179542541504 -0.77526634931564331
vn 7.9567001876057475E-09 -1 -1.3150206479295434E-09
vn -4.3737186388170812E-06 -1 7.228537128867174E-07
vn 0 -1 0
vn 0 -1 0
vn 0.0033242905046790838 -0.9999924898147583 0.0019830015953630209
vn 0 -1 0
vn 0 -1 0
vn -8.4041266745771281E-06 -1 -0.00014364690287038684
vn 0.0041289697401225567 -0.99951785802841187 -0.030773131176829338
vn -0.039940185844898224 -0.99910980463027954 -0.013578779995441437
vn -0.12619994580745697 -0.59122681617736816 -0.79657042026519775
vn -0.093785613775253296 0.0013726807665079832 -0.99559146165847778
vn -0.093097135424613953 0.0013398282462731004 -0.99565613269805908
vn -0.088953748345375061 -0.00090165872825309634 -0.99603533744812012
vn 0.19966726005077362 0.97034871578216553 0.13622182607650757
vn 0.52593070268630981 0.84516716003417969 0.095338039100170135
vn 0.21566472947597504 0.96862757205963135 0.12348814308643341
vn 0.90175378322601318 0.39614972472190857 0.17293202877044678
vn 0.56987488269805908 0.79284954071044922 0.21594487130641937
vn 0.96504700183868408 3.1995161407394335E-05 -0.26207694411277771
vn 0.96504825353622437 -9.5026174676604569E-05 -0.26207232475280762
vn 0.96504861116409302 -2.4458568077534437E-05 -0.2620709240436554
vn 0.96504104137420654 -4.050928691867739E-05 -0.26209884881973267
vn 0.96504664421081543 6.568689423147589E-05 -0.26207822561264038
vn 0.96503007411956787 0.0093672536313533783 -0.26197171211242676
vn 0.96504706144332886 0.00049289624439552426 -0.26207616925239563
vn 0.91852200031280518 0.22278565168380737 -0.32662495970726013
vn 0.92244124412536621 0.063854031264781952 -0.38082119822502136
vn 0.92681354284286499 0.045497074723243713 -0.3727554976940155
vn 0.84443861246109009 0.39840736985206604 -0.35804334282875061
vn 0.88768589496612549 0.24148999154567719 -0.39204117655754089
vn -0.93260741233825684 -0.060515183955430984 0.35578268766403198
vn -0.93588227033615112 0.039920203387737274 0.3500438928604126
vn -0.90707778930664062 -0.10777058452367783 0.40693411231040955
vn -0.8961721658706665 -0.2390156090259552 0.37382751703262329
vn -0.8714105486869812 -0.32703205943107605 0.36564141511917114
vn -0.93140494823455811 -0.17864301800727844 0.31713005900382996
vn -0.88121509552001953 -0.17309215664863586 -0.43988531827926636
vn -0.91605550050735474 -0.23663964867591858 -0.32379627227783203
vn -0.87557679414749146 -0.018601825460791588 -0.48272061347961426
vn -0.92384791374206543 0.029923055320978165 -0.38158825039863586
vn -0.91039580106735229 -0.079781055450439453 -0.40597343444824219
vn -0.94428861141204834 -0.12309286743402481 -0.3052329421043396
vn -0.94381451606750488 -0.27796822786331177 -0.17873948812484741
vn -0.96503424644470215 -0.0001069316640496254 0.26212382316589355
vn -0.96504217386245728 -7.2386304964311421E-05 0.26209458708763123
vn -0.96450531482696533 -0.0040944418869912624 0.26403176784515381
vn -0.96504342555999756 8.8083452283171937E-06 0.26209011673927307
vn -0.9650537371635437 -6.7371889599598944E-05 0.26205193996429443
vn -0.96278268098831177 -0.016210351139307022 0.26979008316993713
vn -0.96504515409469604 1.1019365956599358E-05 0.26208367943763733
vn -0.96504592895507812 1.4964017282181885E-05 0.26208081841468811
vn -0.96504175662994385 -1.5766539945616387E-05 0.26209619641304016
vn -0.96510112285614014 -0.00015136823640204966 0.26187744736671448
vn -0.39490354061126709 -0.016912501305341721 0.91856688261032104
vn -0.47232431173324585 -0.19944940507411957 0.85856258869171143
vn -0.39386460185050964 -0.24010173976421356 0.88725525140762329
vn -0.43573722243309021 -0.44540977478027344 0.78214013576507568
vn -0.3840295672416687 -0.51235264539718628 0.76812499761581421
vn -0.42133364081382751 -0.59594035148620605 0.68361765146255493
vn -0.53241592645645142 -0.46979999542236328 0.70414572954177856
vn 0.94775718450546265 -0.22514942288398743 0.22597365081310272
vn 0.92379564046859741 -0.22172988951206207 0.31214979290962219
vn 0.94186091423034668 -0.20073011517524719 0.26945391297340393
vn 0.91446828842163086 -0.066883549094200134 0.39909186959266663
vn 0.92088091373443604 -0.0098168132826685905 0.3897203803062439
vn 0.92254674434661865 -0.11784720420837402 0.3674500584602356
vn -0.84860289096832275 -0.10332859307527542 0.51884132623672485
vn 0.1603887677192688 -0.52765321731567383 0.83418077230453491
vn -0.84267628192901611 -0.28409671783447266 0.45736828446388245
vn -0.69892704486846924 -0.54312777519226074 0.465309739112854
vn -0.94526380300521851 0.020380508154630661 -0.3256700336933136
vn -0.90974485874176025 0.088446319103240967 -0.40563717484474182
vn -0.94002097845077515 0.11936356872320175 -0.31955116987228394
vn -0.9366004467010498 0.21052718162536621 -0.28010344505310059
vn -0.94039446115493774 0.20839904248714447 -0.26875290274620056
vn -0.94839155673980713 0.23323392868041992 -0.21483814716339111
vn -0.35133898258209229 -0.25666806101799011 0.90037906169891357
vn -0.33809939026832581 -0.40853264927864075 0.84781473875045776
vn -0.40299943089485168 -0.23193936049938202 0.88532233238220215
vn -0.36555975675582886 -0.011652360670268536 0.93071490526199341
vn -0.36039203405380249 0.014592882245779037 0.93268680572509766
vn -0.32225558161735535 -0.55709409713745117 0.76537406444549561
vn -0.2871568500995636 -0.6038738489151001 0.74355721473693848
vn 0.22236619889736176 -0.21067264676094055 0.95192980766296387
vn 0.2011290043592453 -0.46554797887802124 0.86186552047729492
vn 0.030586585402488708 -0.20235693454742432 0.97883409261703491
vn 0.11948494613170624 0.085658334195613861 0.98913395404815674
vn 0.068316057324409485 0.011203605681657791 0.99760079383850098
vn 0.27836903929710388 -0.59925645589828491 0.75060135126113892
vn 0.32354247570037842 -0.66660183668136597 0.67153722047805786
vn 0.99890917539596558 0.0062469006516039371 0.046275213360786438
vn 0.99939340353012085 0.0091554606333374977 0.033601373434066772
vn 0.63292747735977173 -0.35246542096138 0.68932640552520752
vn 0.47338771820068359 0.37232467532157898 -0.79829716682434082
vn 0.38285139203071594 0.6328849196434021 -0.67296469211578369
vn 0.36889585852622986 0.65820491313934326 -0.65626376867294312
vn 0.47356763482093811 0.37323302030563354 -0.79776614904403687
vn 0.52584677934646606 0.13310684263706207 -0.84009981155395508
vn 0.52234572172164917 0.142743319272995 -0.84070169925689697
vn -0.30349656939506531 0.6469084620475769 -0.69957077503204346
vn -0.33278679847717285 0.67855781316757202 -0.65483754873275757
vn -0.19424870610237122 0.45986759662628174 -0.86648094654083252
vn -0.10302633792161942 0.075063779950141907 -0.99184221029281616
vn -0.11173602193593979 0.14381435513496399 -0.98327642679214478
vn -0.4136994481086731 0.75796401500701904 -0.50432461500167847
vn -0.40471425652503967 0.74935632944107056 -0.52409106492996216
vn -0.31255006790161133 0.6670721173286438 -0.67625975608825684
vn -0.43501973152160645 0.77710837125778198 -0.45481908321380615
vn 0.20174027979373932 0.96191525459289551 -0.18444494903087616
vn 0.25302612781524658 0.94501513242721558 -0.20718157291412354
vn 0.17878240346908569 0.97073215246200562 -0.16036172211170197
vn 0.26522192358970642 0.87742292881011963 -0.39973276853561401
vn 0.28298383951187134 0.91404175758361816 -0.29059910774230957
vn 0.20699642598628998 0.9647710919380188 -0.16238619387149811
vn 0.38125738501548767 -0.73194253444671631 0.56471490859985352
vn 0.43082958459854126 -0.76025629043579102 0.48620593547821045
vn 0.34395068883895874 -0.69346451759338379 0.63309156894683838
vn 0.092809960246086121 -0.96656650304794312 -0.23903027176856995
vn -0.039668858051300049 -0.94782102108001709 -0.31632521748542786
vn 0.007384957280009985 -0.61710870265960693 0.78684324026107788
vn -0.25903153419494629 -0.71120232343673706 0.65352421998977661
vn -0.35858094692230225 -0.6002037525177002 0.71496516466140747
vn -0.21098186075687408 -0.80256408452987671 0.55801212787628174
vn -0.40842872858047485 -0.29715394973754883 -0.86306750774383545
vn -0.38187479972839355 -0.31690075993537903 -0.86818522214889526
vn -0.90990012884140015 -0.016923636198043823 -0.41448202729225159
vn -0.099137634038925171 -0.967845618724823 -0.23118527233600616
vn 0.053854353725910187 -0.62792026996612549 0.77641212940216064
vn 0.077115580439567566 -0.52632313966751099 0.84678047895431519
vn 0.026197409257292747 -0.68344032764434814 0.72953617572784424
vn -0.1541004478931427 -0.94230538606643677 -0.29717615246772766
vn -0.20056042075157166 -0.95727813243865967 -0.20831240713596344
vn 0.069122597575187683 -0.49308350682258606 0.86723166704177856
vn -0.048410359770059586 -0.99723362922668457 0.056404724717140198
vn 0.20181432366371155 0.50087326765060425 0.8416631817817688
vn 0.19566501677036285 0.2525583803653717 0.94759142398834229
vn 0.145809605717659 0.1408286988735199 0.97923791408538818
vn 0.24847809970378876 0.51434212923049927 0.82079887390136719
vn 0.25996851921081543 0.38799560070037842 0.88423740863800049
vn 0.15196031332015991 0.4625820517539978 0.87345629930496216
vn 0.10286551713943481 0.34513980150222778 0.93289721012115479
vn 0.11309035867452621 0.40383726358413696 0.90781384706497192
vn -0.16435761749744415 -0.91072779893875122 0.37889501452445984
vn -0.12117384374141693 -0.9208100438117981 0.3707098662853241
vn -0.16416692733764648 -0.91701513528823853 0.36350026726722717
vn -0.69457495212554932 -0.71936225891113281 -0.0091388709843158722
vn -0.52682358026504517 -0.83999103307723999 0.12989223003387451
vn -0.69242972135543823 -0.70094180107116699 0.17094357311725616
vn -0.48506557941436768 -0.87395524978637695 -0.03022543340921402
vn -0.36954337358474731 -0.92910969257354736 0.013887767679989338
vn -0.48890531063079834 -0.81521451473236084 0.31047847867012024
vn -0.36233660578727722 -0.93086028099060059 0.047024793922901154
vn -0.43931302428245544 -0.813731849193573 0.3805844783782959
vn -0.62443011999130249 -0.72930037975311279 0.27965685725212097
vn -0.45367887616157532 -0.87624382972717285 -0.16239529848098755
vn -0.52577769756317139 -0.85023272037506104 -0.02573096938431263
vn -0.38366562128067017 -0.92330271005630493 0.017686910927295685
vn -0.8891977071762085 -0.41842702031135559 -0.18505755066871643
vn -0.94027912616729736 -0.29626712203025818 -0.16763333976268768
vn -0.92062854766845703 -0.31538328528404236 -0.23016607761383057
vn -0.9015045166015625 -0.43169763684272766 -0.030443413183093071
vn 0.97463005781173706 -0.22363695502281189 -0.0090998029336333275
vn 0.97110992670059204 -0.23845760524272919 -0.0091353729367256165
vn 0.54256868362426758 -0.83997297286987305 0.0080402372404932976
vn -0.61063683032989502 -0.5874333381652832 0.53107881546020508
vn -0.68180394172668457 -0.67199355363845825 0.28908136487007141
vn -0.62463194131851196 -0.69892477989196777 0.34833762049674988
vn -0.4586825966835022 -0.73446404933929443 0.50017285346984863
vn -0.75140631198883057 -0.649769127368927 0.11484168469905853
vn -0.79292762279510498 -0.60616815090179443 0.061854660511016846
vn -0.29177987575531006 -0.83657526969909668 0.46368777751922607
vn -0.3315470814704895 -0.78635811805725098 0.52126526832580566
vn -0.28844919800758362 -0.85111379623413086 0.43863692879676819
vn -0.37168645858764648 -0.6631203293800354 0.649708092212677
vn -0.35599905252456665 -0.71853339672088623 0.5974733829498291
vn -0.34232175350189209 -0.60220825672149658 0.721221923828125
vn 0.95851022005081177 -0.21040254831314087 0.19232501089572906
vn 0.92889344692230225 -0.24319557845592499 0.27930784225463867
vn 0.9503294825553894 -0.23030669987201691 0.20936255156993866
vn 0.96560841798782349 -0.17594616115093231 0.19142462313175201
vn 0.97527283430099487 -0.089914180338382721 0.20188699662685394
vn 0.19298668205738068 -0.88149350881576538 0.43095859885215759
vn -0.7378278374671936 -0.64878886938095093 0.18623387813568115
vn 0.41620746254920959 -0.75257861614227295 0.51029086112976074
vn -0.94024479389190674 0.23033159971237183 -0.25077292323112488
vn -0.96413284540176392 0.19469887018203735 -0.18038895726203918
vn -0.96126514673233032 0.19974109530448914 -0.18992853164672852
vn -0.98042702674865723 0.084740199148654938 -0.17771321535110474
vn 0.61723750829696655 0.65251427888870239 -0.43959411978721619
vn 0.083032503724098206 0.89589130878448486 -0.4364452064037323
vn 0.21066920459270477 0.84457051753997803 -0.49225920438766479
vn 0.41801834106445312 0.7128254771232605 -0.5631522536277771
vn 0.30161038041114807 0.71829724311828613 -0.6269611120223999
vn 0.43697619438171387 0.22013291716575623 0.87212002277374268
vn 0.41423439979553223 0.37949153780937195 0.82728230953216553
vn 0.89147287607192993 0.04904666543006897 0.45041155815124512
vn -0.83409839868545532 -0.55157852172851562 0.006406417116522789
vn -0.74242842197418213 -0.6573798656463623 0.12904152274131775
vn -0.81339943408966064 -0.56763434410095215 0.12717150151729584
vn -0.87397724390029907 -0.47772473096847534 -0.08912273496389389
vn -0.90925520658493042 -0.41623583436012268 0.001625816454179585
vn -0.72722089290618896 -0.68247205018997192 -0.073360256850719452
vn -0.34706598520278931 -0.93123441934585571 -0.11112021654844284
vn -0.53927284479141235 -0.83761519193649292 -0.087095186114311218
vn 6.6058979427907616E-05 1 1.5363621059805155E-05
vn 3.3780797821236774E-05 1 6.3835606852080673E-05
vn 2.5950848794309422E-05 1 7.5593794463202357E-05
vn -1.4346476746140979E-05 1 0.00013610809401143342
vn -0.007328809704631567 -0.907817542552948 -0.41930127143859863
vn -0.092346042394638062 -0.97686618566513062 -0.19288498163223267
vn -0.14142312109470367 -0.97674810886383057 -0.16112928092479706
vn -0.32641702890396118 -0.24770811200141907 -0.91219109296798706
vn 0.9877173900604248 0.016100883483886719 -0.15541929006576538
vn -0.28758001327514648 -0.77339714765548706 -0.56493765115737915
vn 0.5637468695640564 0.46290966868400574 0.68403518199920654
vn -0.33883044123649597 -0.22736820578575134 0.91296094655990601
vn 0.041777260601520538 -0.16275614500045776 0.98578149080276489
vn 0.035589892417192459 0.80348742008209229 -0.59425699710845947
vn 0.018737578764557838 -0.93532383441925049 -0.3532961905002594
vn 0.019346503540873528 -0.93604624271392822 -0.35134470462799072
vn 0.33213409781455994 0.86918127536773682 0.36634799838066101
vn 0.25295776128768921 0.88291442394256592 0.39556849002838135
vn -3.2274165278067812E-06 -0.65055358409881592 -0.75946038961410522
vn 0.92483901977539062 -0.013745642267167568 0.38011038303375244
vn -0.065981574356555939 0.97530150413513184 -0.21079236268997192
vn 0.56994110345840454 0.34548842906951904 0.74552321434020996
vn 0.95384901762008667 0.16136005520820618 0.25324895977973938
vn 0.099628321826457977 0.95050626993179321 -0.29429930448532104
vn -0.05342048779129982 0.42787614464759827 0.90225732326507568
vn -0.030042039230465889 0.95802909135818481 -0.28509253263473511
vn -0.10726754367351532 0.92419320344924927 0.36655232310295105
vn -0.16720499098300934 0.9095502495765686 0.38047456741333008
vn -0.12547917664051056 0.9222797155380249 0.36558878421783447
vn -0.74731022119522095 0.6491590142250061 -0.14184495806694031
vn -0.68026453256607056 0.73295432329177856 -0.0042576976120471954
vn 0.99588966369628906 -0.057355444878339767 -0.070100903511047363
vn 0.95828551054000854 -0.26681226491928101 -0.10246975719928741
vn 0.96474629640579224 -0.19110579788684845 -0.18095086514949799
vn -0.12888789176940918 0.87501817941665649 -0.46661663055419922
vn 0.035590749233961105 -0.80347925424575806 -0.59426790475845337
vn -0.34335064888000488 0.42643570899963379 -0.83681714534759521
vn -0.29528003931045532 0.3368905782699585 -0.89404386281967163
vn -0.11053211241960526 -0.23325438797473907 -0.9661133885383606
vn 0.079338908195495605 0.78474783897399902 0.6147162914276123
vn -0.68199390172958374 -4.5250430957821663E-06 -0.7313578724861145
vn -0.68198347091674805 -1.509828962298343E-05 -0.73136758804321289
vn -0.68199276924133301 -5.9161120589124039E-06 -0.73135888576507568
vn -0.13858447968959808 0.27375560998916626 -0.95176267623901367
vn -7.5819621088157874E-06 0.6505545973777771 -0.75945949554443359
vn 0.83649861812591553 -0.00096232368377968669 -0.54796814918518066
vn -0.017645392566919327 -0.9310188889503479 0.36454412341117859
vn -0.041200354695320129 -0.93860113620758057 0.34253525733947754
vn 0.9078558087348938 -0.056790303438901901 0.41541868448257446
vn 0.87557405233383179 -0.32254630327224731 0.35963037610054016
vn -0.10418853163719177 -0.92576485872268677 0.36346134543418884
vn 0.098174087703227997 -0.60807305574417114 0.78778743743896484
vn -0.76788121461868286 -0.53565216064453125 0.35133349895477295
vn -0.58907812833786011 -0.80804985761642456 0.0065103569068014622
vn 0.49487674236297607 -0.61932951211929321 0.60953092575073242
vn 0.019860845059156418 -0.79291903972625732 0.60900318622589111
vn -0.86600369215011597 -0.0001873228611657396 -0.5000375509262085
vn -0.22478859126567841 -0.0012053309474140406 0.97440683841705322
vn -0.53689467906951904 0.00041886011604219675 0.84364920854568481
vn -0.26449978351593018 0.0011241630418226123 0.96438509225845337
vn 0.38692000508308411 -0.88906842470169067 0.24464312195777893
vn 0.12159507721662521 -0.98996275663375854 0.072030298411846161
vn 0.72618985176086426 -0.00030913544469512999 -0.68749415874481201
vn -0.54493206739425659 -0.14174839854240417 -0.82641178369522095
vn -0.0037225775886327028 -0.93872451782226562 -0.34464824199676514
vn -0.034088276326656342 -0.93323045969009399 -0.35765749216079712
vn -0.033995404839515686 -0.93244165182113647 -0.35971781611442566
vn 0.24505771696567535 0.66060906648635864 0.70960718393325806
vn 0.15656234323978424 0.81736654043197632 0.55443680286407471
vn 0.20381264388561249 0.77774566411972046 0.5946192741394043
vn -3.0709998100064695E-07 2.0376256770759937E-07 -1
vn -4.24716510849521E-08 5.7569098999010748E-07 -1
vn -3.8490230735988007E-07 -3.4493208289632094E-08 -1
vn 0.36132046580314636 -0.93244171142578125 -1.0509296771488152E-05
vn 0.36132022738456726 -0.93244177103042603 2.7601352030615089E-06
vn 0.36129707098007202 -0.93245077133178711 4.2056180973304436E-06
vn 0.058176912367343903 -0.9343145489692688 -0.35166999697685242
vn 0.11117613315582275 -0.93215489387512207 -0.34456807374954224
vn 0.058970771729946136 -0.93213802576065063 -0.35726907849311829
vn -0.039601847529411316 -0.27338325977325439 -0.9610896110534668
vn 0.22422513365745544 -0.25823867321014404 -0.93969988822937012
vn 0.056089345365762711 -0.45364415645599365 -0.88941609859466553
vn -0.25639572739601135 0.62629300355911255 0.73621892929077148
vn -0.57236349582672119 -0.0039412020705640316 -0.81999057531356812
vn 0.1301153153181076 -0.9837074875831604 -0.12405457347631454
vn 6.6166599026473705E-06 -0.74405837059020996 -0.66811460256576538
vn 0.041142802685499191 -0.93355566263198853 0.3560633659362793
vn 0.074259430170059204 -0.98287630081176758 0.16864068806171417
vn 0.86152291297912598 -0.46830156445503235 0.1961425244808197
vn -0.34203970432281494 -3.4884531032730592E-06 -0.93968552350997925
vn -0.93774932622909546 0.079677850008010864 -0.33804976940155029
vn -0.95064473152160645 0.25749498605728149 -0.17312103509902954
vn 0.94727873802185059 0.22599957883358002 0.22712801396846771
vn 0.037690788507461548 0.66504853963851929 0.74584841728210449
vn -0.91802859306335449 0.39367508888244629 0.047364383935928345
vn 0.2780306339263916 0.85664308071136475 0.43458211421966553
vn -0.75544935464859009 0.60570394992828369 0.2498379647731781
vn -0.87151879072189331 0.42686605453491211 0.2413303554058075
vn -0.6444861888885498 0.70606964826583862 0.29343339800834656
vn -0.38583582639694214 0.92256724834442139 -0.00060420221416279674
vn -0.27035152912139893 0.80560481548309326 -0.52717256546020508
vn 0.12857592105865479 -0.12818540632724762 0.98338025808334351
vn -0.11727578938007355 0.88181620836257935 0.45677840709686279
vn -0.058259442448616028 0.81503427028656006 0.5764763355255127
vn -0.12466762959957123 0.87531983852386475 0.46719709038734436
vn -0.32884907722473145 0.92048823833465576 -0.21109172701835632
vn -0.22468335926532745 0.9298480749130249 -0.29137593507766724
vn 0.36654376983642578 3.4511988360463874E-06 0.9304007887840271
vn -0.07728268951177597 0.91896647214889526 -0.38668856024742126
vn -0.03983495756983757 0.92490261793136597 -0.37811148166656494
vn -0.063796520233154297 0.91392594575881958 -0.40083584189414978
vn -0.38031187653541565 0.89492857456207275 0.23337896168231964
vn -0.46752145886421204 0.52921211719512939 -0.70806652307510376
vn -0.4883284866809845 0.40628647804260254 -0.77231252193450928
vn 0.24858617782592773 -0.64720988273620605 0.72064155340194702
vn 0.17279757559299469 -0.83308035135269165 0.52546948194503784
vn -0.17358064651489258 -0.023353517055511475 -0.98454272747039795
vn 0.0047527831047773361 0.93882173299789429 -0.34437063336372375
vn 0.1210002526640892 -0.84630495309829712 0.51877439022064209
vn 0.08779887855052948 -0.83503806591033936 0.54314154386520386
vn 0.10626879334449768 -0.71595776081085205 0.69000828266143799
vn 0.04638974741101265 -0.86535465717315674 -0.49900829792022705
vn -0.21321021020412445 -0.93818092346191406 -0.27268648147583008
vn -0.24057982861995697 -0.63108640909194946 0.73746275901794434
vn -0.28738301992416382 -0.622303307056427 0.72811371088027954
vn -2.1558455500780838E-06 0.74406009912490845 -0.66811269521713257
vn -0.011903437785804272 0.9527127742767334 -0.30363908410072327
vn -0.02701854519546032 0.94943612813949585 -0.312795490026474
vn 0.026123151183128357 0.94686692953109741 -0.32056286931037903
vn 0.071514353156089783 0.9244193434715271 -0.37461254000663757
vn 0.05656268447637558 0.9250175952911377 -0.37569022178649902
vn -0.018161414191126823 0.59026843309402466 -0.8070027232170105
vn -0.012651000171899796 -0.95767086744308472 0.28758728504180908
vn 0.06967366486787796 0.14819596707820892 -0.98650068044662476
vn 0.8648836612701416 0.42292824387550354 0.27038481831550598
vn -0.19270564615726471 -0.90889370441436768 0.36983346939086914
vn -0.1975504606962204 -0.80919015407562256 0.55333989858627319
vn -0.081433989107608795 -0.94624686241149902 -0.31302613019943237
vn -0.86747491359710693 -0.32295331358909607 -0.3784024715423584
vn -0.97959882020950317 0.078312605619430542 -0.18507634103298187
vn 0.10429511219263077 -0.00061323394766077399 -0.99454617500305176
vn -0.33908715844154358 -0.90175282955169678 0.26807048916816711
vn -0.36267441511154175 -0.0033486064057797194 -0.93190991878509521
vn -0.36553841829299927 -0.0008398471400141716 -0.93079584836959839
vn 0.23031935095787048 -0.86267226934432983 0.45027723908424377
vn 0.24621294438838959 -0.62864196300506592 -0.73769134283065796
vn 0.27542945742607117 -0.62492364645004272 -0.73048543930053711
vn -0.63381320238113403 -0.65518862009048462 -0.41110670566558838
vn 0.95249319076538086 -0.27237313985824585 -0.13627021014690399
vn 0.099602244794368744 -0.16520650684833527 -0.9812166690826416
vn 0.13578404486179352 -0.15041747689247131 -0.97925341129302979
vn -0.0054139900021255016 0.93605858087539673 0.3518025279045105
vn -0.00616041524335742 0.94202005863189697 0.3355000913143158
vn -0.054869428277015686 0.99654793739318848 0.06230173259973526
vn -0.089256979525089264 0.97089612483978271 -0.22224739193916321
vn -0.0047299857251346111 0.96685463190078735 0.25528362393379211
vn 0.82692837715148926 -0.44939514994621277 -0.33798438310623169
vn 0.84718626737594604 -0.3947119414806366 -0.35563728213310242
vn 0.82220268249511719 -0.44664084911346436 -0.35283806920051575
vn 0.16354164481163025 0.76165401935577393 0.6270066499710083
vn -0.36267438530921936 0.0033485961612313986 -0.93190991878509521
vn -0.13090509176254272 0.32874932885169983 -0.93530088663101196
vn 0.27923843264579773 0.93562769889831543 0.21593223512172699
vn 0.08842245489358902 0.9861413836479187 0.1403803825378418
vn 0.94701498746871948 0.21883861720561981 -0.23510067164897919
vn -0.0061145336367189884 -0.93618631362915039 0.35145092010498047
vn -0.0063667809590697289 -0.94353920221328735 0.33119970560073853
vn -0.80292505025863647 0.55134391784667969 -0.226563960313797
vn 0.61427825689315796 0.01189814880490303 -0.78899979591369629
vn 0.15017952024936676 -0.026577102020382881 -0.98830145597457886
vn -0.96288549900054932 0.00091383373364806175 0.26990854740142822
vn 0.28845155239105225 0.30709895491600037 0.90691012144088745
vn 0.15853071212768555 0.84606677293777466 0.50895875692367554
vn 0.085343919694423676 0.82416445016860962 0.55988335609436035
vn 0.12815976142883301 0.84123945236206055 0.5252535343170166
vn -0.064934767782688141 -0.68087321519851685 0.72951710224151611
vn 0.20230033993721008 -0.88101083040237427 0.42766168713569641
vn -0.45207560062408447 -0.31448858976364136 0.83470028638839722
vn 0.32873651385307312 -0.46594065427780151 -0.82148134708404541
vn -0.21088182926177979 0.8967096209526062 0.38915377855300903
vn -0.16314524412155151 0.91769790649414062 0.36223492026329041
vn -0.97526365518569946 -0.11778780817985535 -0.18704774975776672
vn 0.16029004752635956 -0.89110732078552246 -0.42454075813293457
vn 0.015898531302809715 -0.78385257720947266 -0.62074339389801025
vn -0.0024915144313126802 -0.8021852970123291 -0.59706991910934448
vn -0.86917757987976074 0.44146215915679932 0.22280371189117432
vn -0.87653559446334839 0.46924769878387451 0.10720029473304749
vn -0.14164508879184723 0.98704725503921509 -0.07532888650894165
vn -0.35893061757087708 0.91020005941390991 -0.2066509872674942
vn -0.34902277588844299 0.91557443141937256 -0.19976630806922913
vn -0.1901557594537735 0.81961482763290405 -0.54043716192245483
vn -0.95723164081573486 0.094161398708820343 0.27357125282287598
vn -0.03016955591738224 0.81003290414810181 0.58560776710510254
vn -0.017496218904852867 0.82012969255447388 0.57191008329391479
vn -0.44181859493255615 0.80222231149673462 0.40154165029525757
vn 0.079057410359382629 -0.093522548675537109 0.99247342348098755
vn 0.002157899085432291 0.99299126863479614 -0.11816816776990891
vn -0.13974781334400177 0.18964259326457977 -0.97185713052749634
vn -0.8645787239074707 -0.32788267731666565 -0.38078421354293823
vn -0.058420278131961823 0.63831883668899536 -0.76755201816558838
vn 0.11562079191207886 0.51937675476074219 -0.8466874361038208
vn -0.22354906797409058 0.74053835868835449 -0.63374191522598267
vn 0.48738908767700195 -0.013188992626965046 -0.87308526039123535
vn -0.77142363786697388 0.023754846304655075 -0.63587838411331177
vn -0.75608730316162109 0.030341329053044319 -0.65376704931259155
vn 0.34826698899269104 0.1443818211555481 0.92620944976806641
vn 0.86310160160064697 0.35477107763290405 -0.35943445563316345
vn 0.74662697315216064 0.5617142915725708 -0.35640594363212585
vn 0.97021287679672241 -0.004582445602864027 -0.24221055209636688
vn -0.73171752691268921 -0.58743512630462646 -0.34570136666297913
vn 0.099836148321628571 -0.98871332406997681 0.11170835047960281
vn -0.48600685596466064 -0.29278883337974548 -0.82345128059387207
vn -0.065010160207748413 -0.87984704971313477 -0.47078961133956909
vn -0.098776370286941528 -0.80617994070053101 -0.58336704969406128
vn -0.13389204442501068 -0.84188812971115112 -0.52277845144271851
vn 0.33245083689689636 -0.12788939476013184 -0.93440932035446167
vn -0.93678498268127441 -0.20365916192531586 0.28452923893928528
vn 0.13888098299503326 0.58741593360900879 0.7972794771194458
vn 0.33379212021827698 -0.89408749341964722 0.29864758253097534
vn -0.10439445823431015 0.24303394556045532 -0.96438390016555786
vn -0.48257347941398621 -0.61627477407455444 -0.62235701084136963
vn -0.50402462482452393 -0.74568426609039307 -0.43579134345054626
vn -0.31293949484825134 -0.81402969360351562 -0.48931029438972473
vn 0.0336441770195961 0.85858380794525146 -0.51156806945800781
vn -0.30296048521995544 0.94478464126586914 -0.12488784641027451
vn -0.15083535015583038 -0.96645456552505493 -0.20788030326366425
vn -0.086840488016605377 -0.98119616508483887 -0.17237396538257599
vn -0.15342068672180176 -0.85795819759368896 -0.49027526378631592
vn -0.056550510227680206 -0.98651605844497681 -0.15358436107635498
vn -0.12906692922115326 -0.9689410924911499 -0.21093812584877014
vn -0.1104562059044838 -0.61488097906112671 -0.78084617853164673
vn 0.43323171138763428 0.4280228316783905 -0.79316246509552002
vn -0.049571707844734192 0.92173302173614502 0.38464391231536865
vn -0.078916817903518677 0.92973029613494873 0.35968557000160217
vn -0.025088934227824211 0.91628891229629517 0.39973142743110657
vn -0.43489491939544678 -0.3898690938949585 0.81170713901519775
vn -0.4283778965473175 -0.41388273239135742 0.80323934555053711
vn -0.84185141324996948 0.45750480890274048 -0.28631371259689331
vn -0.81017869710922241 0.52456033229827881 -0.26162374019622803
vn 0.85472947359085083 -0.51906830072402954 -0.0023767712991684675
vn 0.58046919107437134 -0.81408143043518066 -0.018081558868288994
vn 0.95681381225585938 -0.29065382480621338 -0.0052661877125501633
vn -0.15534196794033051 -0.26111990213394165 -0.95272517204284668
vn -0.065891504287719727 0.0024740397930145264 -0.99782371520996094
vn -0.096441611647605896 0.013882644474506378 -0.99524182081222534
vn -0.091457024216651917 -0.0034412676468491554 -0.99580305814743042
vn -0.34773263335227966 0.39836481213569641 0.84875643253326416
vn 0.18257215619087219 0.41622984409332275 0.89074134826660156
vn 0.13173511624336243 0.26273664832115173 0.95583224296569824
vn -0.99309873580932617 -0.051285579800605774 0.10547360777854919
vn -0.5141332745552063 0.84922945499420166 -0.12031775712966919
vn -0.021627375856041908 -0.77565926313400269 -0.63078123331069946
vn -0.94569820165634155 0.04570634663105011 -0.32181644439697266
vn 0 1 0
vn -0.011806079186499119 0.9329676628112793 -0.35976660251617432
vn -0.025531066581606865 0.93252283334732056 -0.36020731925964355
vn -0.04053010419011116 0.92616820335388184 -0.37492638826370239
vn 0.036597184836864471 0.67018336057662964 -0.74129271507263184
vn 0.18431328237056732 0.61329275369644165 -0.76804989576339722
vn 0.19949261844158173 0.64758139848709106 -0.73541897535324097
vn 0.39564821124076843 -0.78890836238861084 0.47019791603088379
vn 0.61106747388839722 -0.57408338785171509 0.54499977827072144
vn 0.39301976561546326 -0.84170609712600708 0.3702247142791748
vn -0.49332708120346069 0.74536168575286865 -0.44840195775032043
vn -0.62480485439300537 0.52294141054153442 -0.57978546619415283
vn -0.41104674339294434 0.83329236507415771 -0.36968150734901428
vn -0.63254159688949585 0.50183802843093872 -0.58995741605758667
vn -0.41193580627441406 0.83089053630828857 -0.37407186627388
vn -0.23291386663913727 0.94050997495651245 -0.2473703920841217
vn 0.028031721711158752 0.9469645619392395 -0.32011300325393677
vn -0.21761871874332428 0.94498401880264282 -0.24422802031040192
vn -0.18453839421272278 0.95654797554016113 -0.22574655711650848
vn -0.29140368103981018 0.90916359424591064 -0.29749873280525208
vn -0.075368486344814301 0.98334270715713501 -0.16539879143238068
vn 0.074703872203826904 0.61923587322235107 -0.7816433310508728
vn 0.47817853093147278 -0.36832404136657715 -0.79729712009429932
vn -0.12918095290660858 -0.0013039982877671719 -0.99162018299102783
vn 0.16038195788860321 0.010336458683013916 -0.98700088262557983
vn 0.24343697726726532 0.1470111757516861 -0.95871067047119141
vn 0.19899009168148041 0.017712719738483429 -0.97984141111373901
vn 0.047977719455957413 0.15847745537757874 -0.98619621992111206
vn 0.063161350786685944 0.1979595422744751 -0.97817313671112061
vn 0.13622431457042694 0.48544925451278687 -0.8635866641998291
vn 0.79634493589401245 0.59613150358200073 -0.10228385776281357
vn 0.85106128454208374 0.52436262369155884 0.027176463976502419
vn 0.87535828351974487 0.30032306909561157 0.3788851797580719
vn 0.0055113811977207661 -0.93573355674743652 0.35266464948654175
vn -0.022368593141436577 -0.9417760968208313 0.33549579977989197
vn -0.32097882032394409 -0.80396252870559692 -0.50061649084091187
vn 0.995228111743927 -0.0052913189865648746 -0.097432300448417664
vn 0.069651708006858826 0.98549419641494751 -0.15475749969482422
vn 0.061903886497020721 0.98651540279388428 -0.15151011943817139
vn -0.064006417989730835 0.68461215496063232 -0.72609186172485352
vn -0.12364817410707474 0.40015321969985962 -0.90806859731674194
vn 0.19469025731086731 -0.42286750674247742 0.88503038883209229
vn 0.34296968579292297 0.40944978594779968 -0.8454127311706543
vn 0.24452225863933563 0.71138870716094971 -0.65888923406600952
vn 0.25340905785560608 0.70227730274200439 -0.66527473926544189
vn 0.82043308019638062 0.44915923476219177 -0.35375913977622986
vn 0.82260102033615112 0.4398747980594635 -0.3603300154209137
vn 0.84365814924240112 0.39133298397064209 -0.36755874752998352
vn 0.67455589771270752 0.67100065946578979 -0.30778637528419495
vn 0.58186441659927368 0.74603962898254395 -0.32381889224052429
vn 0.59832841157913208 0.72948616743087769 -0.33144092559814453
vn -0.2605363130569458 0.89718478918075562 -0.35662353038787842
vn -0.39619684219360352 -0.86808305978775024 -0.29909837245941162
vn -0.40069165825843811 -0.88423651456832886 -0.23994167149066925
vn -0.31029233336448669 -0.87413078546524048 -0.37364962697029114
vn 0.76879680156707764 0.60980653762817383 -0.1925809234380722
vn 0.86061906814575195 0.50773149728775024 -0.039288215339183807
vn -0.29987722635269165 0.87884151935577393 -0.37109464406967163
vn -0.36543425917625427 0.79770636558532715 -0.47971069812774658
vn -0.22703471779823303 0.76770353317260742 -0.59923827648162842
vn -0.53102695941925049 -0.80825823545455933 0.25441890954971313
vn -0.78348171710968018 -0.62141352891921997 0.0012662968365475535
vn -0.23240251839160919 -0.96285146474838257 -0.13749971985816956
vn -0.18600936233997345 -0.89993363618850708 0.39436015486717224
vn -0.26107269525527954 -0.0027116010896861553 -0.96531534194946289
vn 0.40907609462738037 -0.027121324092149734 0.91209715604782104
vn 0.42471468448638916 0.093040630221366882 0.90053367614746094
vn 0.2452503889799118 0.71093279123306274 -0.65911060571670532
vn -0.26930832862854004 -0.12893135845661163 -0.95438450574874878
vn -0.03512856736779213 -0.93134129047393799 -0.36244910955429077
vn -0.20061442255973816 -0.85599136352539062 -0.47647938132286072
vn -0.35496529936790466 -0.10002095997333527 -0.92951357364654541
vn -0.026730205863714218 0.39914557337760925 0.91649782657623291
vn 0.62118768692016602 0.55185586214065552 0.55640000104904175
vn 0.18094906210899353 0.83485251665115356 0.51988333463668823
vn 0.18831394612789154 0.82387250661849976 0.534576416015625
vn 0.72652095556259155 0.2617449164390564 0.63533997535705566
vn 0.41751289367675781 -0.90861529111862183 -0.010060216300189495
vn -0.082928232848644257 -0.94097423553466797 -0.32816216349601746
vn -0.1576971560716629 -0.85471564531326294 -0.49456325173377991
vn -0.096553824841976166 -0.90293574333190918 -0.41878923773765564
vn -0.99998980760574341 0.0036599112208932638 0.0026440294459462166
vn 0.4403720498085022 -0.88627129793167114 0.14351189136505127
vn 0.21925832331180573 -0.97564989328384399 0.0057527394965291023
vn 0.62132459878921509 -0.73408609628677368 -0.27399516105651855
vn 0.91531962156295776 -0.39873993396759033 -0.056536965072154999
vn 0.13639189302921295 -0.92057883739471436 -0.36596706509590149
vn -0.019996218383312225 -0.59033280611038208 -0.80691218376159668
vn -0.0076868408359587193 0.92757707834243774 0.37355276942253113
vn 0.1631571501493454 -0.73360419273376465 0.65970039367675781
vn 0.084015756845474243 -0.22321136295795441 -0.97114264965057373
vn 0.063135452568531036 -0.98639565706253052 -0.15178121626377106
vn -0.24258020520210266 0.96981549263000488 -0.024753306061029434
vn -0.31360885500907898 0.94863057136535645 -0.041827641427516937
vn -0.44689264893531799 0.88984423875808716 -0.092001169919967651
vn 1 0 0
vn -0.52392393350601196 0.54681599140167236 0.65306657552719116
vn -0.69932043552398682 0.54894965887069702 0.4578266441822052
vn 0.33386656641960144 0.67713111639022827 0.65576410293579102
vn -0.09955943375825882 0.073062144219875336 -0.99234563112258911
vn 0.31171160936355591 -0.55948299169540405 -0.76799386739730835
vn -0.30783671140670776 -0.6526528000831604 -0.69230115413665771
vn -0.31952559947967529 -0.65784573554992676 -0.68201351165771484
vn -0.39308062195777893 -0.74194943904876709 -0.54313778877258301
vn -0.40239831805229187 -0.74800455570220947 -0.52779233455657959
vn 0.23258553445339203 -0.93499445915222168 -0.26774868369102478
vn 0.26241004467010498 -0.95067745447158813 -0.16538842022418976
vn 0.30398476123809814 -0.90759950876235962 -0.28957977890968323
vn -0.25363540649414062 0.87882465124130249 0.40414881706237793
vn -0.31329670548439026 0.84262442588806152 0.43798312544822693
vn 0.97152596712112427 0.23675611615180969 -0.0091553982347249985
vn -0.65267211198806763 0.70365244150161743 0.28087785840034485
vn 0.36174938082695007 -0.65912008285522461 -0.65931642055511475
vn -0.33075368404388428 0.90469241142272949 -0.26857718825340271
vn -0.33358108997344971 -0.84281504154205322 -0.42235824465751648
vn -0.52439457178115845 0.8136027455329895 0.25111931562423706
vn -0.4805053174495697 0.83002775907516479 -0.28314054012298584
vn -0.3333953320980072 -0.0020756574813276529 -0.94278484582901001
vn -0.75310486555099487 0.16393721103668213 -0.63714808225631714
vn 0.69100475311279297 -0.67406755685806274 -0.26104667782783508
vn 0.49495139718055725 -0.79764169454574585 -0.34466052055358887
vn -0.061715900897979736 0.92475801706314087 -0.37551796436309814
vn -0.082671843469142914 0.93489301204681396 -0.34516727924346924
vn -0.12273583561182022 0.89577090740203857 -0.42723581194877625
vn -0.054185926914215088 0.9123883843421936 -0.40572315454483032
vn -0.025514202192425728 0.93224436044692993 -0.36092862486839294
vn 0.62217813730239868 -0.55078893899917603 0.55635052919387817
vn 0.88124650716781616 -0.25812137126922607 -0.39595198631286621
vn 0.33738145232200623 0.89105850458145142 0.30362564325332642
vn 0.41890636086463928 0.9079735279083252 -0.010075097903609276
vn 0.20416533946990967 -0.92100661993026733 0.33175790309906006
vn 0.2497515082359314 -0.89911347627639771 0.35947057604789734
vn 0.30052509903907776 -0.89785075187683105 0.32178986072540283
vn 0.65653657913208008 -0.57470011711120605 0.48854836821556091
vn -0.15095008909702301 0.88654047250747681 0.4373328685760498
vn -0.2674439549446106 -0.94624221324920654 -0.18193253874778748
vn 0.44106930494308472 0.88601183891296387 0.1429717093706131
vn 0.39112210273742676 0.91258609294891357 0.11920619755983353
vn -0.1646011620759964 0.9863361120223999 0.0068940073251724243
vn -0.31866586208343506 0.38436481356620789 -0.86643856763839722
vn -0.031640496104955673 0.9448121190071106 -0.32608109712600708
vn 0.10784404724836349 -0.62082403898239136 0.77649670839309692
vn -0.42831975221633911 0.41432556509971619 0.80304205417633057
vn 0.40085288882255554 0.28233250975608826 -0.87155342102050781
vn 0.56775593757629395 0.82314503192901611 -0.0092448713257908821
vn 0.82857608795166016 0.55987566709518433 -0.00093355373246595263
vn 0.97629743814468384 0.21623489260673523 -0.0092599838972091675
vn 0.25269743800163269 0.72246760129928589 -0.64357167482376099
vn -0.18258768320083618 -0.33951479196548462 0.92270874977111816
vn 0.19845990836620331 -0.14156745374202728 0.96983104944229126
vn -0.85032159090042114 0.23427659273147583 -0.4712405800819397
vn -0.17656776309013367 0.39590129256248474 -0.90115815401077271
vn -0.91163378953933716 -0.017681101337075233 -0.41062289476394653
vn -0.80156677961349487 -0.52230477333068848 -0.29101267457008362
vn 0.44033405184745789 -0.89778214693069458 -0.0096505461260676384
vn -0.4333382248878479 -0.80468684434890747 0.40582886338233948
vn -0.58861595392227173 -0.53028732538223267 0.61018574237823486
vn -0.42963826656341553 -0.6286817193031311 0.6482054591178894
vn 0.97490435838699341 -0.098305478692054749 0.19974353909492493
vn -0.30580392479896545 -0.93822604417800903 -0.16191297769546509
vn -0.62087088823318481 -0.52701562643051147 -0.58032220602035522
vn -0.82762962579727173 0.55296456813812256 0.096225790679454803
vn -0.23354144394397736 0.96249097585678101 -0.1380925327539444
vn 0.35303255915641785 0.34650170803070068 -0.86908262968063354
vn -0.44555667042732239 -0.85756713151931763 -0.25701719522476196
vn 0.68324601650238037 0.028264043852686882 0.72964107990264893
vn 0 -1 0
vn 0.11898062378168106 0.88681167364120483 -0.44655200839042664
vn 0.097073875367641449 0.86643284559249878 -0.48976600170135498
vn -0.090873003005981445 -0.89976423978805542 -0.42680957913398743
vn -0.15011318027973175 -0.85803425312042236 -0.49116522073745728
vn -0.064930178225040436 -0.90620684623718262 -0.4178195595741272
vn 0.045841880142688751 -0.92179185152053833 0.38496536016464233
vn -0.081096068024635315 -0.809489905834198 0.58150631189346313
vn 0 -1 0
vn 0 -1 0
vn -0.3462756872177124 -0.88890290260314941 0.29990795254707336
vn 0.029592595994472504 0.95818960666656494 0.2845996618270874
vn 0.10957762598991394 0.91024899482727051 0.39929872751235962
vn 0.74916619062423706 -0.63697952032089233 -0.18167851865291595
vn -0.66958421468734741 -0.57511866092681885 -0.46999520063400269
vn 0.0072616301476955414 0.93488723039627075 0.35487064719200134
vn -0.3082769513130188 0.93831324577331543 -0.15663208067417145
vn 1 1.5259745689277793E-09 -5.618983891508833E-07
vn 0.4231007993221283 0.024340856820344925 -0.90575563907623291
vn 0.24734064936637878 -0.86890000104904175 -0.42876031994819641
vn 0.25901854038238525 -0.33403071761131287 0.90627419948577881
vn -0.074121095240116119 0.00023803887597750872 -0.99724924564361572
vn 0.09665989875793457 -0.86626511812210083 -0.49014449119567871
vn 0.25878039002418518 0.88567829132080078 0.38549536466598511
vn -0.32937413454055786 0.75415235757827759 0.56812578439712524
vn 0 1 0
vn -0.14825667440891266 0.87471610307693481 -0.46140184998512268
vn 0.8429943323135376 0.43741941452026367 0.31308910250663757
vn 0.79745370149612427 0.53575813770294189 0.27754417061805725
vn 0.6885107159614563 0.71823608875274658 0.100448377430439
vn -0.83558750152587891 -0.42654708027839661 0.34619519114494324
vn -0.074226416647434235 0 -0.99724143743515015
vn -0.074241392314434052 1.5084250662766863E-05 -0.99724030494689941
vn -0.074233643710613251 -1.2145952723585651E-06 -0.99724090099334717
vn -0.24012349545955658 -0.87980860471725464 0.41021645069122314
vn -0.30393105745315552 -0.84778082370758057 0.43461886048316956
vn -0.3062845766544342 0.75299805402755737 -0.58239483833312988
vn -0.37106707692146301 -0.90353834629058838 -0.21430753171443939
vn -0.24006123840808868 -0.8290635347366333 -0.50499927997589111
vn -0.1090654656291008 -0.90983647108078003 -0.40037766098976135
vn -0.03163633868098259 -0.9193732738494873 -0.39211216568946838
vn -0.055080007761716843 -0.90831619501113892 -0.41464188694953918
vn -0.081858552992343903 -0.24958974123001099 -0.96488553285598755
vn 0.24838411808013916 0.44605949521064758 0.85984665155410767
vn 0.57756620645523071 0.48226267099380493 0.65866529941558838
vn 0.16831623017787933 -0.98224407434463501 0.082862436771392822
vn -0.70948183536529541 -0.33968764543533325 -0.61745268106460571
vn -0.66542309522628784 -0.47803026437759399 -0.57332295179367065
vn -0.58513695001602173 -0.63537412881851196 -0.50389927625656128
vn -0.38385966420173645 0.89995163679122925 -0.20673376321792603
vn 0.36052477359771729 -0.89208835363388062 0.27239733934402466
vn -0.06051100417971611 -8.2388563896529377E-05 -0.99816751480102539
vn -0.25736033916473389 -0.0024867698084563017 -0.96631228923797607
vn 0.78553760051727295 -0.60299348831176758 -0.13903053104877472
vn 0.68380522727966309 -0.70774132013320923 0.17751802504062653
vn 0.19354885816574097 -0.82158613204956055 -0.53622299432754517
vn 0.18878075480461121 -0.82847350835800171 -0.52725088596343994
vn 0.28639382123947144 -0.66973268985748291 -0.6851544976234436
vn -0.89975959062576294 -0.016341423615813255 -0.43607991933822632
vn 0.25368964672088623 -0.67330688238143921 -0.69447779655456543
vn 0.23105074465274811 -0.74771749973297119 -0.62252241373062134
vn -0.94402438402175903 0.28935185074806213 -0.15840929746627808
vn -0.84021574258804321 0.52349185943603516 -0.14139953255653381
vn -0.57316100597381592 0.78850972652435303 0.2230222076177597
vn -0.26279446482658386 0.040664076805114746 -0.96399456262588501
vn 0.98808848857879639 0.018656456843018532 -0.1527518630027771
vn 0.9982302188873291 -0.0040394561365246773 -0.059331037104129791
vn -0.18486914038658142 0.84654641151428223 -0.49918186664581299
vn 0.054603863507509232 0.8478386402130127 0.52743542194366455
vn 0.1622592955827713 0.98183292150497437 0.098366990685462952
vn -0.21273200213909149 0.3957599401473999 -0.89337515830993652
vn 0.27511531114578247 0.62546813488006592 -0.73013776540756226
vn -0.060415703803300858 -5.6921133364085108E-05 -0.9981732964515686
vn 0.43962129950523376 0.64681971073150635 -0.62318325042724609
vn 0.46461719274520874 -0.77294272184371948 0.4320768415927887
vn -0.46410277485847473 -0.8800387978553772 -0.10069900751113892
vn 0.37974816560745239 -0.0041999449022114277 -0.92508035898208618
vn 0.37848472595214844 0.057908631861209869 -0.92379426956176758
vn -0.76043522357940674 -0.62418347597122192 -0.17925754189491272
vn 0.89958810806274414 0.0028311812784522772 0.43673011660575867
vn -0.0020545243751257658 -0.93823659420013428 -0.34598824381828308
vn 0.85949259996414185 -0.42096054553985596 0.28993916511535645
vn 0.11379122734069824 0.15858447551727295 0.98076629638671875
vn -0.55845117568969727 0.82746803760528564 -0.058557257056236267
vn 0.076385706663131714 -0.90487319231033325 0.4187716543674469
vn -0.24308900535106659 -0.88347762823104858 0.40046843886375427
vn 0.28290086984634399 -0.89397901296615601 0.34751784801483154
vn 0.2585010826587677 -0.88614445924758911 0.3846103847026825
vn 0.2607690691947937 -0.88694822788238525 0.38121169805526733
vn -0.87934839725494385 -0.4628753662109375 0.11177141964435577
vn -1 0 0
vn -0.23934096097946167 -0.37299108505249023 -0.89643377065658569
vn -0.18214231729507446 -0.29872316122055054 -0.93679702281951904
vn 0.7178199291229248 0.15388411283493042 0.67900973558425903
vn 0.73492616415023804 0.11240461468696594 0.66876661777496338
vn -0.30919042229652405 -0.90061557292938232 -0.30543878674507141
vn 0.063016720116138458 0.91460394859313965 0.39941021800041199
vn 0.055697832256555557 0.86032676696777344 -0.5066908597946167
vn 0 -1 0
vn 0.10411548614501953 -0.81893426179885864 0.56436389684677124
vn 0.13959403336048126 -0.91650480031967163 -0.37487655878067017
vn 0.20177672803401947 0.9381672739982605 0.28129756450653076
vn 0.46905475854873657 -0.59752553701400757 -0.65034669637680054
vn -0.21455778181552887 0.19383473694324493 -0.95728421211242676
vn -0.2304006963968277 0.97309523820877075 0.0010902270441874862
vn -0.61888068914413452 0.56854397058486938 0.54198199510574341
vn -0.77136754989624023 0.59579569101333618 -0.22365060448646545
vn -0.41913792490959167 0.67859041690826416 0.60319024324417114
vn -0.32908248901367188 0.61654716730117798 0.71524417400360107
vn -0.78085136413574219 0.62471687793731689 -8.5617375589208677E-07
vn -0.44767355918884277 -0.064665548503398895 -0.89185577630996704
vn 0.7222481369972229 0.028674328699707985 0.69103938341140747
vn 0.32383984327316284 -0.00033633981365710497 0.94611185789108276
vn -0.15888042747974396 -0.56698590517044067 0.80825984477996826
vn 0.73223692178726196 -0.1389489471912384 0.6667250394821167
vn 0.36132222414016724 0.93244099617004395 2.9321395231818315E-06
vn 0.097910463809967041 0.91730737686157227 -0.38595432043075562
vn 0.031054908409714699 -0.94548565149307251 0.32417973875999451
vn -0.21221543848514557 0.002672084141522646 -0.97721922397613525
vn 0 1 0
vn -0.00022306056052912027 -0.00018350141181144863 -0.99999994039535522
vn -0.99999099969863892 -0.0033853880595415831 0.0025495863519608974
vn 0.27644047141075134 0.62431502342224121 -0.73062402009963989
vn 0.17045092582702637 -0.93731474876403809 0.30395323038101196
vn 0.046042777597904205 0.94311857223510742 -0.32925280928611755
vn 0.10711861401796341 -0.61375236511230469 0.78219795227050781
vn 0.57496762275695801 0.5578276515007019 -0.59853202104568481
vn -0.04240388423204422 -0.85942929983139038 -0.50949305295944214
vn -0.33921921253204346 0.68031787872314453 -0.64969062805175781
vn -0.81055909395217896 -0.45877435803413391 0.36403310298919678
vn -0.79713153839111328 -0.49524974822998047 0.34541136026382446
vn -0.83780986070632935 -0.41837260127067566 0.35076919198036194
vn 0.098421655595302582 -0.91766953468322754 -0.38496214151382446
vn 0.11420663446187973 0.7220534086227417 0.68234574794769287
vn 0.098876766860485077 0.020874571055173874 0.99488073587417603
vn -0.055382125079631805 -0.92799532413482666 -0.36845290660858154
vn -0.78084814548492432 -0.62472087144851685 5.8004548009193968E-07
vn -0.25883683562278748 0 -0.96592104434967041
vn 0.72543579339981079 -2.257478263345547E-05 -0.68828988075256348
vn -0.68828237056732178 0 -0.72544288635253906
vn -0.72539746761322021 -6.877856776554836E-06 0.68833023309707642
vn 0.96142476797103882 0.00025799032300710678 -0.27506789565086365
vn 0.521198570728302 0.82316398620605469 -0.22528436779975891
vn -0.073119454085826874 -0.92572861909866333 -0.37105262279510498
vn -0.47727277874946594 -0.72050958871841431 -0.5030672550201416
vn 0.68199700117111206 -6.7090695665683597E-08 0.73135495185852051
vn 0.32409274578094482 -0.94423753023147583 0.058132011443376541
vn 0.24539326131343842 0.91197580099105835 0.32875871658325195
vn -0.62337476015090942 -0.0035159806720912457 -0.78191530704498291
vn 0.27188250422477722 0.91181117296218872 0.30770164728164673
vn 0.447834312915802 -0.85472249984741211 -0.26247653365135193
vn 0.10777272284030914 0.61697345972061157 0.77956962585449219
vn -0.022810220718383789 0.94789314270019531 0.31777083873748779
vn 0.042669467628002167 0.93217641115188599 0.35948088765144348
vn -0.10724014788866043 -0.6021733283996582 -0.79113006591796875
vn 0.21808634698390961 0.63203459978103638 0.74361997842788696
vn 0.93968689441680908 0 -0.34203594923019409
vn -0.93969249725341797 0 0.34202051162719727
vn 0.898506760597229 -0.048858541995286942 0.4362320601940155
vn -0.4213520884513855 0.79674011468887329 0.43320617079734802
vn -0.28682360053062439 0.84837079048156738 0.44497105479240417
vn -0.33000272512435913 0.0085526835173368454 -0.94394123554229736
vn -0.71875375509262085 0.14274066686630249 -0.68045437335968018
vn 0.29245412349700928 0.015477822162210941 0.95615428686141968
vn 0.26553851366043091 -0.012080258689820766 0.96402454376220703
vn 0.33274170756340027 -0.0011343341320753098 0.94301730394363403
vn -0.47731584310531616 0.72048163414001465 -0.50306642055511475
vn -0.70214611291885376 0.18418052792549133 -0.68779963254928589
vn -0.13316422700881958 -0.57912737131118774 0.80428773164749146
vn 0.60470211505889893 -0.38758456707000732 0.69578266143798828
vn 0.16091503202915192 -0.36147290468215942 0.9183918833732605
vn 0.68199479579925537 -5.0987671329494333E-07 0.73135703802108765
vn 0.32426571846008301 0.94416683912277222 0.05831577256321907
vn 0.37975943088531494 -0.84558922052383423 0.37518215179443359
vn 0.22564096748828888 -0.9047619104385376 0.36123678088188171
vn 0.050481900572776794 -0.87991291284561157 -0.47244554758071899
vn -0.029774846509099007 -0.61073470115661621 0.7912752628326416
vn -0.51400488615036011 0.74762457609176636 -0.42054310441017151
vn 0.27175942063331604 0.85898464918136597 -0.43392652273178101
vn -0.11502356082201004 0.61797654628753662 -0.7777368426322937
vn -0.60300993919372559 0.082534097135066986 -0.7934526801109314
vn 0.18626567721366882 -0.62179839611053467 0.76070481538772583
vn -0.44096037745475769 0.05590430274605751 0.89578384160995483
vn 0.37581154704093933 -0.69829124212265015 0.60922491550445557
vn 0.99752652645111084 0.020452197641134262 -0.067249491810798645
vn -0.043398872017860413 0.92567348480224609 -0.37582600116729736
vn -0.41032317280769348 -0.009583374485373497 0.91188979148864746
vn -0.73794561624526978 -0.053413428366184235 -0.67274308204650879
vn -0.24472276866436005 -0.96952110528945923 -0.0118126031011343
f 31//31 32//32 33//33
f 34//34 35//35 36//36
f 37//37 38//38 39//39
f 40//40 41//41 42//42
f 43//43 42//42 41//41
f 44//44 40//40 42//42
f 40//40 43//43 41//41
f 45//45 43//43 40//40
f 40//40 44//44 45//45
f 46//46 47//47 48//48
f 49//49 50//50 51//51
f 49//49 51//51 52//52
f 53//53 54//54 55//55
f 56//56 57//57 58//58
f 59//59 60//60 61//61
f 62//62 63//63 64//64
f 65//65 66//66 64//64
f 65//65 64//64 67//67
f 65//65 60//60 59//59
f 67//67 68//68 65//65
f 64//64 69//69 67//67
f 70//70 67//67 71//71
f 72//72 73//73 74//74
f 75//75 76//76 77//77
f 78//78 79//79 80//80
f 81//81 79//79 78//78
f 82//82 83//83 84//84
f 82//82 85//85 86//86
f 87//87 86//86 85//85
f 86//86 83//83 82//82
f 88//88 89//89 90//90
f 91//91 92//92 93//93
f 94//94 95//95 96//96
f 97//97 98//98 99//99
f 97//97 100//100 98//98
f 98//98 101//101 96//96
f 104//104 3060//3060 102//102 103//103
f 105//105 106//106 107//107
f 108//108 109//109 110//110
f 110//110 109//109 111//111
f 112//112 111//111 113//113
f 111//111 109//109 113//113
f 114//114 113//113 115//115
f 116//116 117//117 118//118
f 117//117 116//116 119//119
f 113//113 122//122 117//117 119//119
f 113//113 109//109 120//120
f 113//113 120//120 121//121
f 113//113 121//121 122//122
f 123//123 124//124 125//125
f 124//124 123//123 126//126
f 125//125 127//127 123//123
f 124//124 126//126 128//128
f 124//124 128//128 129//129
f 127//127 125//125 129//129
f 128//128 127//127 129//129
f 130//130 131//131 132//132
f 133//133 134//134 135//135
f 136//136 134//134 133//133
f 136//136 133//133 137//137
f 138//138 139//139 137//137
f 140//140 141//141 142//142
f 138//138 141//141 140//140
f 145//145 3061//3061 143//143 144//144
f 146//146 147//147 148//148
f 146//146 148//148 149//149
f 150//150 151//151 149//149
f 150//150 148//148 152//152
f 148//148 150//150 149//149
f 153//153 2962//2962 154//154 155//155
f 156//156 157//157 158//158
f 159//159 158//158 157//157
f 160//160 161//161 162//162
f 163//163 160//160 162//162
f 162//162 161//161 159//159
f 158//158 159//159 161//161
f 155//155 154//154 164//164 165//165
f 156//156 166//166 167//167
f 166//166 156//156 155//155
f 167//167 168//168 157//157
f 162//162 169//169 163//163
f 162//162 170//170 169//169
f 171//171 172//172 173//173
f 174//174 175//175 176//176
f 177//177 178//178 179//179
f 180//180 181//181 178//178
f 183//183 185//185 184//184 182//182
f 186//186 187//187 184//184
f 182//182 187//187 188//188
f 186//186 184//184 189//189
f 192//192 3062//3062 190//190 191//191
f 193//193 194//194 191//191
f 193//193 195//195 194//194
f 196//196 195//195 193//193
f 197//197 198//198 193//193
f 201//201 2567//2567 199//199 200//200
f 195//195 196//196 201//201
f 198//198 196//196 193//193
f 198//198 197//197 202//202
f 202//202 203//203 198//198
f 204//204 205//205 206//206
f 207//207 203//203 202//202
f 208//208 209//209 206//206
f 208//208 210//210 211//211
f 211//211 209//209 208//208
f 205//205 203//203 207//207
f 212//212 211//211 213//213
f 211//211 212//212 209//209
f 204//204 206//206 209//209
f 216//216 3063//3063 214//214 215//215
f 219//219 3064//3064 217//217 218//218
f 220//220 219//219 218//218
f 221//221 220//220 218//218
f 220//220 221//221 222//222
f 223//223 224//224 220//220
f 227//227 229//229 225//225 226//226
f 228//228 222//222 229//229
f 227//227 228//228 229//229
f 228//228 230//230 231//231
f 220//220 222//222 228//228
f 228//228 231//231 220//220
f 232//232 223//223 231//231
f 233//233 232//232 234//234
f 234//234 232//232 235//235
f 233//233 236//236 232//232
f 235//235 231//231 237//237
f 231//231 238//238 237//237
f 238//238 231//231 239//239
f 235//235 232//232 231//231
f 220//220 231//231 223//223
f 240//240 241//241 242//242
f 243//243 241//241 240//240
f 242//242 244//244 240//240
f 245//245 246//246 247//247
f 245//245 247//247 248//248 249//249
f 250//250 251//251 252//252
f 253//253 254//254 255//255
f 256//256 257//257 258//258
f 257//257 256//256 259//259
f 260//260 261//261 262//262
f 261//261 263//263 262//262
f 263//263 261//261 264//264
f 265//265 266//266 267//267
f 268//268 265//265 267//267
f 269//269 270//270 271//271
f 272//272 273//273 274//274
f 275//275 276//276 277//277
f 277//277 2710//2710 278//278 279//279
f 280//280 279//279 281//281
f 277//277 279//279 280//280 282//282
f 283//283 275//275 277//277
f 284//284 285//285 286//286
f 287//287 288//288 289//289
f 289//289 290//290 287//287
f 291//291 288//288 287//287
f 292//292 293//293 294//294
f 295//295 296//296 297//297
f 298//298 305//305 299//299 295//295
f 297//297 296//296 300//300
f 303//303 297//297 301//301 302//302
f 297//297 303//303 304//304
f 299//299 305//305 306//306
f 295//295 304//304 298//298
f 309//309 316//316 307//307 308//308
f 308//308 307//307 310//310
f 311//311 312//312 309//309
f 314//314 315//315 312//312 313//313
f 315//315 316//316 312//312
f 317//317 313//313 312//312
f 318//318 319//319 320//320
f 310//310 320//320 321//321 308//308
f 322//322 323//323 311//311
f 324//324 322//322 311//311
f 309//309 308//308 321//321 325//325
f 326//326 327//327 328//328
f 329//329 330//330 331//331
f 332//332 333//333 334//334
f 334//334 329//329 332//332
f 328//328 330//330 326//326
f 335//335 336//336 337//337
f 338//338 339//339 340//340
f 336//336 339//339 338//338
f 341//341 342//342 343//343
f 346//346 349//349 344//344 345//345
f 349//349 346//346 347//347 348//348
f 351//351 2924//2924 352//352 350//350
f 353//353 354//354 355//355
f 354//354 356//356 355//355
f 357//357 358//358 354//354
f 359//359 360//360 361//361
f 360//360 362//362 361//361
f 361//361 3066//3066 363//363 359//359
f 364//364 365//365 366//366
f 367//367 368//368 369//369
f 367//367 370//370 371//371
f 369//369 365//365 367//367
f 365//365 369//369 372//372
f 373//373 374//374 375//375
f 376//376 373//373 377//377
f 378//378 376//376 379//379
f 380//380 377//377 373//373
f 381//381 382//382 375//375
f 373//373 383//383 374//374
f 384//384 385//385 386//386
f 386//386 379//379 387//387
f 385//385 379//379 386//386
f 383//383 376//376 378//378
f 388//388 378//378 379//379
f 377//377 387//387 376//376
f 389//389 390//390 391//391
f 392//392 393//393 394//394
f 395//395 394//394 396//396
f 393//393 397//397 396//396
f 400//400 3068//3068 398//398 399//399
f 401//401 402//402 403//403
f 403//403 404//404 401//401
f 405//405 406//406 407//407
f 406//406 408//408 409//409
f 411//411 3059//3059 412//412 410//410
f 413//413 411//411 414//414 415//415
f 416//416 417//417 418//418
f 419//419 420//420 421//421
f 417//417 416//416 422//422
f 417//417 423//423 418//418
f 424//424 425//425 426//426
f 424//424 427//427 428//428
f 429//429 430//430 431//431
f 432//432 433//433 431//431
f 434//434 435//435 436//436
f 435//435 434//434 437//437
f 438//438 439//439 440//440
f 441//441 439//439 438//438
f 440//440 437//437 434//434
f 442//442 443//443 434//434
f 438//438 440//440 444//444
f 445//445 446//446 447//447
f 448//448 449//449 450//450
f 451//451 452//452 453//453
f 454//454 451//451 453//453
f 456//456 461//461 457//457 455//455
f 455//455 458//458 456//456
f 459//459 460//460 461//461
f 463//463 465//465 464//464 462//462
f 463//463 2966//2966 466//466 465//465
f 467//467 468//468 469//469
f 468//468 470//470 469//469
f 471//471 472//472 473//473
f 472//472 2830//2830 470//470 473//473
f 474//474 475//475 476//476
f 477//477 478//478 479//479
f 480//480 481//481 482//482
f 483//483 484//484 485//485
f 481//481 480//480 483//483
f 486//486 487//487 488//488
f 488//488 489//489 486//486
f 490//490 491//491 492//492
f 493//493 494//494 495//495
f 496//496 497//497 498//498
f 499//499 500//500 501//501
f 499//499 493//493 502//502
f 504//504 507//507 505//505 503//503
f 507//507 504//504 508//508 506//506
f 503//503 505//505 509//509
f 507//507 510//510 505//505
f 503//503 511//511 512//512
f 504//504 503//503 512//512
f 506//506 514//514 510//510 507//507
f 513//513 510//510 514//514
f 515//515 516//516 517//517
f 518//518 519//519 520//520
f 521//521 522//522 523//523
f 525//525 3069//3069 526//526 524//524
f 527//527 528//528 529//529
f 530//530 531//531 527//527
f 530//530 532//532 531//531
f 529//529 530//530 527//527
f 533//533 534//534 535//535
f 536//536 537//537 538//538
f 539//539 540//540 541//541
f 542//542 543//543 544//544
f 542//542 545//545 543//543
f 546//546 547//547 545//545
f 546//546 548//548 547//547
f 549//549 548//548 550//550
f 546//546 545//545 551//551
f 542//542 552//552 545//545
f 553//553 552//552 542//542
f 551//551 554//554 548//548
f 550//550 548//548 554//554
f 546//546 551//551 548//548
f 556//556 2579//2579 557//557 555//555
f 558//558 559//559 560//560
f 561//561 562//562 563//563
f 564//564 565//565 566//566
f 567//567 568//568 569//569
f 570//570 571//571 572//572
f 573//573 574//574 575//575
f 576//576 571//571 570//570
f 574//574 571//571 576//576
f 577//577 575//575 576//576
f 573//573 575//575 577//577
f 572//572 571//571 578//578
f 579//579 580//580 581//581
f 579//579 582//582 580//580
f 579//579 583//583 582//582
f 584//584 585//585 586//586
f 587//587 588//588 589//589
f 588//588 587//587 590//590
f 591//591 590//590 587//587
f 592//592 593//593 594//594
f 595//595 596//596 597//597
f 598//598 599//599 596//596
f 596//596 595//595 598//598
f 600//600 601//601 602//602
f 602//602 603//603 600//600
f 604//604 605//605 606//606
f 607//607 606//606 608//608
f 609//609 604//604 606//606
f 609//609 606//606 611//611 610//610
f 612//612 606//606 607//607
f 613//613 614//614 615//615
f 616//616 615//615 617//617
f 618//618 619//619 620//620
f 620//620 621//621 622//622
f 620//620 619//619 621//621
f 623//623 624//624 625//625
f 626//626 623//623 625//625
f 627//627 628//628 629//629
f 630//630 629//629 628//628
f 631//631 627//627 629//629
f 632//632 633//633 634//634
f 635//635 636//636 637//637
f 635//635 637//637 638//638
f 639//639 640//640 641//641
f 644//644 3020//3020 642//642 643//643
f 645//645 646//646 647//647
f 645//645 647//647 648//648
f 649//649 650//650 651//651
f 652//652 653//653 654//654
f 655//655 656//656 657//657
f 658//658 659//659 660//660
f 661//661 660//660 662//662
f 663//663 664//664 660//660 661//661
f 665//665 3072//3072 664//664 663//663
f 666//666 667//667 668//668
f 668//668 669//669 670//670
f 670//670 671//671 668//668
f 672//672 673//673 674//674
f 675//675 676//676 677//677
f 678//678 676//676 675//675
f 679//679 680//680 681//681
f 682//682 683//683 684//684
f 685//685 682//682 684//684 686//686
f 685//685 687//687 682//682
f 688//688 689//689 690//690
f 691//691 692//692 693//693
f 688//688 692//692 689//689
f 695//695 2648//2648 696//696 694//694
f 697//697 698//698 699//699
f 700//700 701//701 702//702
f 703//703 704//704 705//705
f 708//708 709//709 706//706 707//707
f 710//710 708//708 711//711
f 707//707 706//706 712//712
f 713//713 714//714 715//715
f 716//716 714//714 713//713
f 717//717 716//716 713//713
f 718//718 719//719 720//720
f 721//721 722//722 714//714
f 714//714 716//716 723//723
f 724//724 713//713 725//725
f 717//717 726//726 720//720
f 727//727 726//726 717//717
f 727//727 717//717 713//713
f 728//728 729//729 730//730
f 731//731 732//732 733//733
f 732//732 734//734 733//733
f 735//735 736//736 737//737
f 738//738 739//739 740//740
f 740//740 739//739 741//741 742//742
f 743//743 744//744 745//745
f 744//744 746//746 745//745
f 747//747 748//748 749//749
f 750//750 751//751 752//752
f 753//753 754//754 755//755
f 755//755 756//756 753//753
f 757//757 758//758 759//759
f 760//760 761//761 762//762
f 763//763 764//764 765//765
f 766//766 764//764 763//763
f 767//767 768//768 769//769
f 770//770 771//771 772//772
f 773//773 771//771 770//770
f 772//772 771//771 774//774
f 775//775 776//776 777//777
f 778//778 779//779 780//780
f 781//781 782//782 783//783
f 783//783 784//784 785//785
f 786//786 782//782 787//787
f 788//788 789//789 790//790
f 791//791 792//792 793//793
f 794//794 795//795 796//796
f 797//797 798//798 799//799
f 799//799 800//800 797//797
f 801//801 802//802 803//803
f 804//804 805//805 806//806
f 804//804 806//806 801//801
f 807//807 804//804 801//801
f 808//808 809//809 810//810
f 811//811 812//812 813//813
f 814//814 815//815 816//816
f 816//816 817//817 814//814
f 818//818 819//819 820//820
f 821//821 822//822 823//823
f 824//824 825//825 826//826
f 827//827 828//828 829//829
f 830//830 831//831 832//832
f 833//833 834//834 835//835
f 836//836 837//837 838//838
f 839//839 840//840 841//841
f 842//842 843//843 844//844
f 845//845 846//846 847//847
f 848//848 849//849 850//850
f 851//851 852//852 853//853
f 854//854 853//853 852//852
f 855//855 856//856 853//853
f 851//851 857//857 858//858
f 859//859 860//860 861//861
f 862//862 863//863 861//861
f 864//864 869//869 865//865 866//866
f 867//867 868//868 866//866
f 870//870 871//871 872//872
f 871//871 873//873 874//874
f 873//873 871//871 870//870
f 871//871 874//874 875//875
f 876//876 875//875 874//874
f 876//876 877//877 875//875
f 878//878 877//877 879//879
f 877//877 876//876 879//879
f 880//880 881//881 882//882
f 882//882 881//881 879//879
f 883//883 884//884 885//885
f 886//886 884//884 887//887
f 887//887 884//884 888//888
f 889//889 890//890 891//891
f 894//894 2652//2652 892//892 893//893
f 895//895 893//893 896//896
f 897//897 895//895 896//896
f 898//898 903//903 899//899 900//900
f 901//901 902//902 903//903
f 904//904 905//905 906//906
f 907//907 908//908 909//909
f 909//909 910//910 907//907
f 911//911 912//912 913//913
f 915//915 2844//2844 913//913 914//914
f 916//916 917//917 918//918
f 919//919 920//920 921//921
f 922//922 921//921 920//920
f 923//923 924//924 925//925
f 923//923 926//926 924//924
f 927//927 928//928 929//929
f 930//930 931//931 932//932
f 932//932 933//933 934//934
f 934//934 933//933 935//935
f 937//937 3076//3076 938//938 936//936
f 939//939 940//940 941//941
f 941//941 942//942 939//939
f 942//942 941//941 943//943
f 944//944 945//945 946//946
f 947//947 948//948 949//949
f 952//952 3077//3077 950//950 951//951
f 953//953 954//954 955//955
f 956//956 955//955 957//957
f 953//953 955//955 958//958
f 954//954 953//953 959//959
f 960//960 961//961 962//962
f 963//963 964//964 965//965
f 965//965 966//966 967//967
f 968//968 967//967 966//966
f 969//969 970//970 971//971
f 972//972 973//973 974//974
f 975//975 976//976 977//977
f 978//978 976//976 975//975
f 975//975 977//977 979//979
f 980//980 981//981 982//982
f 983//983 984//984 985//985
f 983//983 986//986 987//987
f 988//988 989//989 990//990
f 988//988 991//991 989//989
f 992//992 991//991 988//988
f 989//989 991//991 993//993
f 994//994 995//995 996//996
f 997//997 998//998 999//999
f 1000//1000 997//997 999//999
f 1001//1001 1002//1002 1003//1003
f 1004//1004 1005//1005 1006//1006
f 1007//1007 1002//1002 1008//1008
f 1007//1007 1009//1009 1010//1010
f 1011//1011 1008//1008 1002//1002
f 1012//1012 1011//1011 1001//1001
f 1013//1013 1005//1005 1004//1004
f 1014//1014 1003//1003 1015//1015
f 1016//1016 1017//1017 1018//1018
f 1019//1019 1018//1018 1020//1020
f 1023//1023 1024//1024 1021//1021 1022//1022
f 1025//1025 1026//1026 1027//1027
f 1028//1028 1029//1029 1030//1030
f 1030//1030 1031//1031 1028//1028
f 1032//1032 1033//1033 1034//1034
f 1037//1037 3079//3079 1035//1035 1036//1036
f 1038//1038 1039//1039 1040//1040
f 1041//1041 1040//1040 1039//1039
f 1042//1042 1043//1043 1044//1044
f 1045//1045 1043//1043 1046//1046
f 1043//1043 1045//1045 1044//1044
f 1047//1047 1048//1048 1044//1044
f 1049//1049 1050//1050 1051//1051
f 1049//1049 1051//1051 1052//1052
f 1053//1053 1054//1054 1049//1049
f 1049//1049 1052//1052 1053//1053
f 1055//1055 1056//1056 1057//1057
f 1058//1058 1059//1059 1060//1060
f 1061//1061 1060//1060 1062//1062
f 1058//1058 1063//1063 1059//1059
f 1064//1064 1065//1065 1066//1066
f 1066//1066 1065//1065 1067//1067
f 1068//1068 1069//1069 1070//1070
f 1071//1071 1069//1069 1068//1068
f 1072//1072 1073//1073 1070//1070
f 1074//1074 1075//1075 1076//1076
f 1079//1079 1081//1081 1077//1077 1078//1078
f 1080//1080 1081//1081 1079//1079
f 1076//1076 1081//1081 1080//1080
f 1076//1076 1082//1082 1074//1074
f 1083//1083 1084//1084 1085//1085
f 1086//1086 1087//1087 1088//1088
f 1089//1089 1090//1090 1091//1091
f 1092//1092 1091//1091 1090//1090
f 1089//1089 1091//1091 1093//1093
f 1091//1091 1094//1094 1093//1093
f 1095//1095 1092//1092 1090//1090
f 1096//1096 1097//1097 1095//1095
f 1098//1098 1097//1097 1096//1096
f 1092//1092 1095//1095 1097//1097
f 1098//1098 1099//1099 1097//1097
f 1100//1100 1101//1101 1102//1102
f 1101//1101 1100//1100 1103//1103
f 1104//1104 1105//1105 1106//1106
f 1105//1105 1107//1107 1108//1108
f 1105//1105 1108//1108 1106//1106
f 1109//1109 1110//1110 1105//1105
f 1107//1107 1105//1105 1110//1110
f 1110//1110 1111//1111 1107//1107
f 1112//1112 1111//1111 1110//1110
f 1109//1109 1113//1113 1114//1114
f 1110//1110 1109//1109 1115//1115
f 1116//1116 1117//1117 1118//1118
f 1117//1117 1119//1119 1120//1120
f 1120//1120 1119//1119 1121//1121
f 1116//1116 1122//1122 1117//1117
f 1119//1119 1117//1117 1122//1122
f 1123//1123 1124//1124 1125//1125
f 1126//1126 1127//1127 1128//1128
f 1126//1126 1129//1129 1127//1127
f 1130//1130 1131//1131 1132//1132
f 1133//1133 1134//1134 1135//1135
f 1136//1136 1133//1133 1135//1135
f 1137//1137 1131//1131 1130//1130
f 1137//1137 1138//1138 1131//1131
f 1136//1136 1135//1135 1139//1139
f 1138//1138 1136//1136 1139//1139
f 1138//1138 1137//1137 1136//1136
f 1142//1142 3080//3080 1140//1140 1141//1141
f 1143//1143 1144//1144 1145//1145
f 1146//1146 1147//1147 1148//1148
f 1147//1147 1146//1146 1149//1149
f 1147//1147 1149//1149 1150//1150
f 1151//1151 1152//1152 1153//1153
f 1154//1154 1155//1155 1156//1156
f 1156//1156 1157//1157 1154//1154
f 1158//1158 2594//2594 1159//1159 1160//1160
f 1163//1163 3081//3081 1161//1161 1162//1162
f 1164//1164 1165//1165 1166//1166
f 1164//1164 1167//1167 1165//1165
f 1168//1168 1169//1169 1166//1166
f 1164//1164 1166//1166 1169//1169
f 1169//1169 1168//1168 1170//1170
f 1164//1164 1171//1171 1167//1167
f 1172//1172 1173//1173 1174//1174
f 1175//1175 1176//1176 1172//1172
f 1177//1177 1176//1176 1175//1175
f 1176//1176 1173//1173 1172//1172
f 1178//1178 1179//1179 1180//1180
f 1179//1179 1178//1178 1181//1181
f 1178//1178 1180//1180 1182//1182
f 1183//1183 1184//1184 1185//1185
f 1186//1186 1185//1185 1184//1184
f 1187//1187 1188//1188 1189//1189
f 1185//1185 1188//1188 1183//1183
f 1183//1183 1188//1188 1187//1187
f 1190//1190 1191//1191 1192//1192
f 1193//1193 1194//1194 1190//1190
f 1194//1194 1191//1191 1190//1190
f 1191//1191 1194//1194 1195//1195
f 1191//1191 1195//1195 1196//1196
f 1190//1190 1192//1192 1197//1197
f 1198//1198 1199//1199 1200//1200
f 1201//1201 1200//1200 1199//1199
f 1200//1200 1201//1201 1202//1202
f 1202//1202 1203//1203 1200//1200
f 1204//1204 1205//1205 1206//1206
f 1207//1207 1208//1208 1209//1209
f 1210//1210 1211//1211 1212//1212
f 1213//1213 1210//1210 1212//1212
f 1214//1214 1213//1213 1215//1215
f 1216//1216 1217//1217 1218//1218
f 1219//1219 1220//1220 1221//1221
f 1219//1219 1222//1222 1220//1220
f 1223//1223 1224//1224 1225//1225
f 1226//1226 1227//1227 1228//1228
f 1229//1229 1230//1230 1231//1231
f 1230//1230 1232//1232 1231//1231
f 1229//1229 1233//1233 1230//1230
f 1229//1229 1234//1234 1233//1233
f 1235//1235 1236//1236 1237//1237
f 1238//1238 1239//1239 1240//1240
f 1236//1236 1239//1239 1241//1241
f 1242//1242 1243//1243 1244//1244
f 1245//1245 1243//1243 1242//1242
f 1246//1246 1247//1247 1248//1248
f 1249//1249 1250//1250 1251//1251
f 1252//1252 1253//1253 1250//1250
f 1253//1253 1251//1251 1250//1250
f 1254//1254 1255//1255 1256//1256
f 1256//1256 1257//1257 1254//1254
f 1258//1258 1259//1259 1260//1260
f 1260//1260 1261//1261 1262//1262
f 1263//1263 1264//1264 1265//1265
f 1266//1266 1265//1265 1267//1267
f 1268//1268 1264//1264 1269//1269
f 1270//1270 1271//1271 1272//1272
f 1273//1273 1271//1271 1274//1274
f 1271//1271 1273//1273 1272//1272
f 1273//1273 1274//1274 1275//1275
f 1276//1276 1270//1270 1272//1272
f 1277//1277 1278//1278 1279//1279
f 1277//1277 1280//1280 1278//1278
f 1278//1278 1281//1281 1279//1279
f 1283//1283 1278//1278 1280//1280 1282//1282
f 1278//1278 1283//1283 1284//1284 1285//1285
f 1286//1286 1287//1287 1288//1288
f 1289//1289 1288//1288 1287//1287
f 1287//1287 1290//1290 1289//1289
f 1291//1291 1292//1292 1293//1293
f 1293//1293 1292//1292 1294//1294
f 1292//1292 1295//1295 1294//1294
f 1293//1293 2985//2985 1296//1296 1291//1291
f 1297//1297 1298//1298 1299//1299
f 1300//1300 1301//1301 1302//1302
f 1303//1303 1304//1304 1305//1305
f 1306//1306 1307//1307 1308//1308
f 1309//1309 1310//1310 1311//1311
f 1310//1310 1312//1312 1311//1311
f 1315//1315 3084//3084 1313//1313 1314//1314
f 1316//1316 1317//1317 1318//1318
f 1319//1319 1320//1320 1318//1318
f 1321//1321 1322//1322 1323//1323
f 1324//1324 1325//1325 1326//1326
f 1327//1327 1328//1328 1329//1329
f 1330//1330 1327//1327 1329//1329
f 1331//1331 1332//1332 1333//1333
f 1334//1334 1335//1335 1336//1336
f 1337//1337 1334//1334 1336//1336
f 1335//1335 1334//1334 1338//1338
f 1339//1339 1340//1340 1341//1341
f 1342//1342 1343//1343 1344//1344
f 1345//1345 1346//1346 1347//1347
f 1345//1345 1347//1347 1348//1348
f 1349//1349 1350//1350 1351//1351
f 1352//1352 1353//1353 1354//1354
f 1350//1350 1349//1349 1355//1355
f 1356//1356 1357//1357 1358//1358
f 1357//1357 1359//1359 1360//1360
f 1357//1357 1360//1360 1358//1358
f 1361//1361 1362//1362 1363//1363
f 1365//1365 1367//1367 1366//1366 1364//1364
f 1364//1364 1368//1368 1365//1365
f 1369//1369 1370//1370 1371//1371
f 1371//1371 1370//1370 1372//1372
f 1373//1373 1374//1374 1375//1375
f 1376//1376 1377//1377 1378//1378
f 1379//1379 1380//1380 1381//1381
f 1381//1381 1382//1382 1379//1379
f 1383//1383 1384//1384 1385//1385
f 1384//1384 1383//1383 1386//1386
f 1387//1387 1388//1388 1389//1389
f 1388//1388 1390//1390 1391//1391
f 1391//1391 1390//1390 1392//1392
f 1393//1393 1394//1394 1391//1391
f 1395//1395 1396//1396 1397//1397
f 1398//1398 1399//1399 1400//1400
f 1401//1401 1402//1402 1403//1403
f 1404//1404 1401//1401 1403//1403
f 1405//1405 1406//1406 1407//1407
f 1408//1408 1405//1405 1407//1407
f 1409//1409 1405//1405 1408//1408
f 1409//1409 1410//1410 1411//1411
f 1412//1412 1413//1413 1414//1414
f 1411//1411 1412//1412 1414//1414
f 1417//1417 1423//1423 1415//1415 1416//1416
f 1418//1418 1419//1419 1420//1420
f 1421//1421 1420//1420 1422//1422
f 1424//1424 1423//1423 1417//1417 1425//1425
f 1426//1426 1425//1425 1418//1418
f 1425//1425 1417//1417 1427//1427
f 1423//1423 1424//1424 1428//1428
f 1418//1418 1421//1421 1429//1429
f 1421//1421 1430//1430 1431//1431
f 1432//1432 1433//1433 1434//1434
f 1435//1435 1436//1436 1432//1432
f 1437//1437 1438//1438 1439//1439
f 1440//1440 1437//1437 1439//1439
f 1439//1439 1436//1436 1441//1441
f 1442//1442 1443//1443 1444//1444
f 1445//1445 1446//1446 1447//1447
f 1444//1444 1445//1445 1442//1442
f 1448//1448 1449//1449 1450//1450
f 1450//1450 1451//1451 1452//1452
f 1450//1450 1449//1449 1451//1451
f 1450//1450 1453//1453 1454//1454
f 1454//1454 1448//1448 1450//1450
f 1455//1455 1456//1456 1457//1457
f 1458//1458 1459//1459 1455//1455
f 1458//1458 1455//1455 1457//1457
f 1462//1462 3086//3086 1460//1460 1461//1461
f 1463//1463 1464//1464 1465//1465
f 1465//1465 1466//1466 1463//1463
f 1467//1467 1468//1468 1469//1469
f 1470//1470 1471//1471 1472//1472
f 1471//1471 1473//1473 1472//1472
f 1474//1474 1475//1475 1476//1476
f 1479//1479 3035//3035 1477//1477 1478//1478
f 1480//1480 1479//1479 1478//1478
f 1481//1481 1482//1482 1483//1483
f 1484//1484 1485//1485 1486//1486
f 1487//1487 1484//1484 1488//1488
f 1485//1485 3036//3036 1489//1489 1486//1486
f 1490//1490 1484//1484 1486//1486
f 1491//1491 1485//1485 1492//1492
f 1493//1493 1494//1494 1495//1495
f 1493//1493 1495//1495 1496//1496
f 1497//1497 1498//1498 1499//1499
f 1500//1500 1501//1501 1502//1502
f 1503//1503 1504//1504 1505//1505
f 1503//1503 1505//1505 1506//1506
f 1504//1504 1507//1507 1508//1508
f 1507//1507 1504//1504 1503//1503
f 1506//1506 1509//1509 1510//1510
f 1511//1511 1512//1512 1503//1503
f 1510//1510 1511//1511 1503//1503
f 1515//1515 1516//1516 1513//1513 1514//1514
f 1516//1516 1517//1517 1513//1513
f 1518//1518 1513//1513 1517//1517
f 1519//1519 1514//1514 1513//1513
f 1518//1518 1520//1520 1519//1519
f 1518//1518 1521//1521 1520//1520
f 1522//1522 1517//1517 1516//1516
f 1517//1517 1522//1522 1523//1523
f 1523//1523 1518//1518 1517//1517
f 1520//1520 1521//1521 1524//1524
f 1525//1525 1521//1521 1518//1518
f 1526//1526 1524//1524 1527//1527
f 1527//1527 1528//1528 1526//1526
f 1528//1528 1529//1529 1530//1530
f 1530//1530 1526//1526 1528//1528
f 1528//1528 1527//1527 1531//1531
f 1532//1532 1529//1529 1533//1533
f 1534//1534 1522//1522 1516//1516
f 1528//1528 1531//1531 1533//1533
f 1521//1521 1525//1525 1535//1535
f 1536//1536 1537//1537 1538//1538
f 1539//1539 1540//1540 1541//1541
f 1542//1542 1543//1543 1544//1544
f 1545//1545 1546//1546 1547//1547
f 1549//1549 3089//3089 1550//1550 1548//1548
f 1552//1552 3089//3089 1549//1549 1551//1551
f 1553//1553 1554//1554 1555//1555
f 1556//1556 1557//1557 1558//1558
f 1557//1557 1559//1559 1558//1558
f 1559//1559 1560//1560 1558//1558
f 1559//1559 1561//1561 1562//1562
f 1563//1563 1564//1564 1565//1565
f 1565//1565 1564//1564 1566//1566
f 1567//1567 1568//1568 1569//1569
f 1570//1570 1571//1571 1568//1568
f 1572//1572 1573//1573 1574//1574
f 1575//1575 1576//1576 1577//1577
f 1578//1578 1579//1579 1573//1573
f 1577//1577 2611//2611 1574//1574 1575//1575
f 1580//1580 1581//1581 1582//1582
f 1583//1583 1581//1581 1580//1580
f 1584//1584 1585//1585 1586//1586
f 1587//1587 1588//1588 1589//1589
f 1590//1590 1591//1591 1592//1592
f 1590//1590 1581//1581 1593//1593
f 1580//1580 1594//1594 1583//1583
f 1581//1581 1592//1592 1582//1582
f 1595//1595 1596//1596 1597//1597
f 1595//1595 1597//1597 1598//1598
f 1599//1599 1600//1600 1601//1601
f 1598//1598 1602//1602 1595//1595
f 1603//1603 1604//1604 1605//1605
f 1606//1606 1604//1604 1607//1607
f 1607//1607 1604//1604 1603//1603
f 1610//1610 3090//3090 1608//1608 1609//1609
f 1611//1611 1612//1612 1613//1613
f 1614//1614 1613//1613 1612//1612
f 1615//1615 1616//1616 1617//1617
f 1615//1615 1618//1618 1616//1616
f 1619//1619 1620//1620 1621//1621
f 1622//1622 1623//1623 1624//1624
f 1625//1625 1624//1624 1626//1626
f 1627//1627 1628//1628 1629//1629
f 1629//1629 1630//1630 1631//1631
f 1632//1632 1633//1633 1634//1634
f 1635//1635 1632//1632 1634//1634
f 1636//1636 1632//1632 1635//1635
f 1639//1639 2992//2992 1637//1637 1638//1638
f 1640//1640 1638//1638 1641//1641
f 1642//1642 1643//1643 1644//1644
f 1644//1644 1645//1645 1646//1646
f 1646//1646 1642//1642 1644//1644
f 1647//1647 1648//1648 1649//1649
f 1649//1649 1648//1648 1650//1650
f 1651//1651 1652//1652 1653//1653
f 1651//1651 1649//1649 1652//1652
f 1654//1654 1651//1651 1653//1653
f 1655//1655 1656//1656 1657//1657
f 1658//1658 1659//1659 1660//1660
f 1663//1663 2618//2618 1661//1661 1662//1662
f 1665//1665 1668//1668 1666//1666 1664//1664
f 1667//1667 1668//1668 1669//1669
f 1670//1670 1671//1671 1672//1672
f 1670//1670 1673//1673 1671//1671
f 1674//1674 1675//1675 1676//1676
f 1677//1677 1678//1678 1679//1679
f 1677//1677 1680//1680 1678//1678
f 1681//1681 1682//1682 1683//1683
f 1684//1684 1685//1685 1686//1686
f 1687//1687 1688//1688 1689//1689
f 1688//1688 1687//1687 1690//1690
f 1691//1691 1689//1689 1692//1692
f 1693//1693 1694//1694 1695//1695
f 1688//1688 1694//1694 1693//1693
f 1690//1690 1687//1687 1696//1696
f 1687//1687 1691//1691 1697//1697
f 1698//1698 1699//1699 1700//1700
f 1702//1702 3093//3093 1703//1703 1701//1701
f 1704//1704 1705//1705 1706//1706
f 1706//1706 1707//1707 1704//1704
f 1708//1708 1709//1709 1710//1710
f 1711//1711 1708//1708 1710//1710
f 1708//1708 1711//1711 1712//1712
f 1713//1713 1714//1714 1712//1712
f 1715//1715 1711//1711 1716//1716
f 1713//1713 1712//1712 1711//1711
f 1717//1717 1714//1714 1713//1713
f 1714//1714 1717//1717 1718//1718
f 1714//1714 1718//1718 1719//1719
f 1720//1720 1721//1721 1722//1722
f 1722//1722 1723//1723 1724//1724
f 1722//1722 1721//1721 1725//1725
f 1726//1726 1720//1720 1724//1724 1727//1727
f 1726//1726 1727//1727 1729//1729 1728//1728
f 1721//1721 1720//1720 1726//1726 1730//1730
f 1731//1731 1732//1732 1733//1733
f 1734//1734 1735//1735 1736//1736
f 1737//1737 1738//1738 1739//1739
f 1740//1740 1738//1738 1741//1741
f 1743//1743 3095//3095 1744//1744 1742//1742
f 1745//1745 1746//1746 1747//1747
f 1748//1748 1749//1749 1750//1750
f 1751//1751 1750//1750 1747//1747
f 1752//1752 1753//1753 1754//1754
f 1755//1755 1756//1756 1757//1757
f 1758//1758 1759//1759 1760//1760
f 1761//1761 1762//1762 1763//1763
f 1764//1764 1765//1765 1766//1766
f 1767//1767 1764//1764 1766//1766
f 1768//1768 1767//1767 1766//1766
f 1769//1769 1761//1761 1770//1770
f 1767//1767 1771//1771 1764//1764
f 1772//1772 1764//1764 1773//1773
f 1775//1775 3039//3039 1776//1776 1774//1774
f 1774//1774 1777//1777 1778//1778
f 1779//1779 1780//1780 1781//1781
f 1782//1782 1783//1783 1784//1784
f 1785//1785 1786//1786 1787//1787
f 1788//1788 1793//1793 1786//1786 1785//1785
f 1789//1789 1790//1790 1791//1791
f 1792//1792 1793//1793 1789//1789
f 1794//1794 1792//1792 1795//1795
f 1795//1795 1791//1791 1796//1796
f 1788//1788 1790//1790 1789//1789
f 1797//1797 1798//1798 1799//1799
f 1799//1799 1798//1798 1800//1800
f 1798//1798 1797//1797 1801//1801
f 1803//1803 1806//1806 1804//1804 1802//1802
f 1802//1802 1804//1804 1805//1805
f 1806//1806 1803//1803 1807//1807
f 1804//1804 1808//1808 1805//1805
f 1809//1809 1810//1810 1811//1811
f 1812//1812 1813//1813 1814//1814
f 1813//1813 1815//1815 1814//1814
f 1816//1816 1817//1817 1818//1818
f 1819//1819 1820//1820 1821//1821
f 1822//1822 1823//1823 1824//1824
f 1825//1825 1826//1826 1827//1827
f 1828//1828 1829//1829 1830//1830
f 1831//1831 1832//1832 1833//1833
f 1832//1832 1834//1834 1835//1835
f 1836//1836 1837//1837 1838//1838
f 1838//1838 1837//1837 1839//1839
f 1839//1839 1837//1837 1840//1840
f 1841//1841 1842//1842 1843//1843
f 1844//1844 1841//1841 1843//1843
f 1845//1845 1846//1846 1847//1847
f 1848//1848 1846//1846 1849//1849
f 1850//1850 1851//1851 1852//1852
f 1853//1853 1854//1854 1855//1855
f 1856//1856 1857//1857 1858//1858
f 1859//1859 1860//1860 1861//1861
f 1862//1862 1863//1863 1861//1861
f 1864//1864 3008//3008 1863//1863 1865//1865
f 1866//1866 1867//1867 1868//1868
f 1867//1867 1866//1866 1869//1869
f 1870//1870 1871//1871 1872//1872
f 1873//1873 1871//1871 1870//1870
f 1875//1875 3042//3042 1871//1871 1874//1874
f 1877//1877 1875//1875 1874//1874 1876//1876
f 1878//1878 1879//1879 1880//1880
f 1881//1881 1882//1882 1883//1883
f 1884//1884 1885//1885 1886//1886
f 1887//1887 1888//1888 1889//1889
f 1890//1890 1891//1891 1892//1892
f 1893//1893 1892//1892 1891//1891
f 1894//1894 1895//1895 1896//1896
f 1899//1899 1901//1901 1897//1897 1898//1898
f 1899//1899 1900//1900 1901//1901
f 1902//1902 1903//1903 1904//1904
f 1905//1905 1906//1906 1904//1904
f 1906//1906 1905//1905 1907//1907
f 1908//1908 1909//1909 1910//1910
f 1911//1911 1912//1912 1913//1913
f 1914//1914 1911//1911 1913//1913
f 1915//1915 1912//1912 1916//1916
f 1917//1917 1918//1918 1919//1919
f 1920//1920 1921//1921 1922//1922
f 1925//1925 1931//1931 1923//1923 1924//1924
f 1927//1927 1931//1931 1925//1925 1926//1926
f 1928//1928 1929//1929 1930//1930
f 1929//1929 1931//1931 1930//1930
f 1932//1932 1933//1933 1934//1934
f 1935//1935 1936//1936 1933//1933
f 1936//1936 1937//1937 1933//1933
f 1934//1934 1933//1933 1937//1937
f 1938//1938 1934//1934 1939//1939
f 1940//1940 1941//1941 1942//1942
f 1933//1933 1943//1943 1941//1941
f 1944//1944 1943//1943 1932//1932
f 1932//1932 1945//1945 1944//1944
f 1946//1946 1947//1947 1948//1948
f 1949//1949 1950//1950 1951//1951
f 1952//1952 1951//1951 1953//1953
f 1954//1954 1955//1955 1956//1956
f 1957//1957 1958//1958 1959//1959
f 1960//1960 1961//1961 1962//1962
f 1962//1962 1961//1961 1963//1963
f 1963//1963 1961//1961 1964//1964
f 1965//1965 1966//1966 1967//1967
f 1968//1968 1969//1969 1970//1970
f 1971//1971 1972//1972 1973//1973
f 1973//1973 1974//1974 1971//1971
f 1976//1976 3100//3100 1977//1977 1975//1975
f 1978//1978 1979//1979 1980//1980
f 1981//1981 1978//1978 1982//1982
f 1983//1983 1984//1984 1985//1985
f 1986//1986 1987//1987 1988//1988
f 1991//1991 1992//1992 1989//1989 1990//1990
f 1992//1992 1991//1991 1993//1993
f 1993//1993 1994//1994 1992//1992
f 1995//1995 1996//1996 1997//1997
f 1998//1998 1999//1999 1997//1997
f 1997//1997 1996//1996 1998//1998
f 1996//1996 1995//1995 2000//2000
f 2001//2001 2002//2002 2003//2003
f 2004//2004 2005//2005 2006//2006
f 2007//2007 2008//2008 2009//2009
f 2010//2010 2011//2011 2012//2012
f 2013//2013 2014//2014 2015//2015
f 2016//2016 2017//2017 2018//2018
f 2019//2019 2020//2020 2021//2021
f 2022//2022 2020//2020 2019//2019
f 2023//2023 2024//2024 2025//2025
f 2026//2026 2027//2027 2028//2028
f 2027//2027 2029//2029 2028//2028
f 2030//2030 2027//2027 2026//2026
f 2031//2031 2027//2027 2030//2030
f 2032//2032 2033//2033 2034//2034
f 2035//2035 2036//2036 2037//2037
f 2038//2038 2039//2039 2040//2040
f 2038//2038 2040//2040 2041//2041
f 2042//2042 2043//2043 2044//2044
f 2045//2045 2046//2046 2047//2047
f 2048//2048 2049//2049 2050//2050
f 2051//2051 2052//2052 2053//2053
f 2054//2054 2055//2055 2056//2056
f 2057//2057 2058//2058 2059//2059
f 2060//2060 2061//2061 2062//2062
f 2062//2062 2061//2061 2063//2063
f 2064//2064 2065//2065 2066//2066
f 2067//2067 2068//2068 2069//2069
f 2070//2070 2071//2071 2072//2072
f 2073//2073 2070//2070 2074//2074
f 2077//2077 2078//2078 2075//2075 2076//2076
f 2078//2078 2077//2077 2079//2079
f 2080//2080 2078//2078 2081//2081
f 2082//2082 2083//2083 2084//2084
f 2083//2083 2082//2082 2086//2086 2085//2085
f 2087//2087 2088//2088 2089//2089
f 2091//2091 2089//2089 2092//2092 2090//2090
f 2092//2092 2089//2089 2088//2088 2093//2093
f 2089//2089 2091//2091 2087//2087
f 2094//2094 2095//2095 2096//2096
f 2097//2097 2098//2098 2099//2099
f 2095//2095 2094//2094 2100//2100
f 2099//2099 2101//2101 2097//2097
f 2102//2102 2098//2098 2103//2103
f 2094//2094 2103//2103 2098//2098
f 2104//2104 2105//2105 2106//2106
f 2107//2107 2106//2106 2108//2108
f 2109//2109 2110//2110 2111//2111
f 2112//2112 2113//2113 2114//2114
f 2112//2112 2115//2115 2113//2113
f 2113//2113 2115//2115 2116//2116
f 2117//2117 2118//2118 2119//2119
f 2120//2120 2119//2119 2118//2118
f 2121//2121 2122//2122 2123//2123
f 2122//2122 2126//2126 2124//2124 2123//2123
f 2125//2125 2124//2124 2126//2126
f 2127//2127 2128//2128 2129//2129
f 2130//2130 2131//2131 2132//2132
f 2130//2130 2133//2133 2131//2131
f 2134//2134 2135//2135 2136//2136
f 2137//2137 2138//2138 2139//2139
f 2140//2140 2138//2138 2137//2137
f 2140//2140 2141//2141 2138//2138
f 2142//2142 2138//2138 2141//2141
f 2143//2143 2144//2144 2145//2145
f 2146//2146 2147//2147 2148//2148
f 2149//2149 2150//2150 2151//2151
f 2152//2152 2150//2150 2149//2149
f 2153//2153 2154//2154 2155//2155
f 2156//2156 2157//2157 2158//2158
f 2159//2159 2157//2157 2160//2160
f 2161//2161 2162//2162 2163//2163
f 2164//2164 2165//2165 2166//2166
f 2167//2167 2168//2168 2169//2169
f 2170//2170 2171//2171 2172//2172
f 2173//2173 2174//2174 2168//2168
f 2174//2174 2175//2175 2168//2168
f 2167//2167 2176//2176 2168//2168
f 2167//2167 2171//2171 2176//2176
f 2167//2167 2172//2172 2171//2171
f 2177//2177 2178//2178 2179//2179
f 2180//2180 2178//2178 2177//2177
f 2181//2181 2178//2178 2180//2180
f 2182//2182 2181//2181 2180//2180
f 2181//2181 2182//2182 2183//2183
f 2184//2184 2183//2183 2182//2182
f 2185//2185 2186//2186 2187//2187
f 2188//2188 2187//2187 2189//2189
f 2190//2190 2191//2191 2192//2192
f 2193//2193 2194//2194 2191//2191
f 2195//2195 2196//2196 2197//2197
f 2198//2198 2197//2197 2196//2196
f 2200//2200 2901//2901 2201//2201 2199//2199
f 2202//2202 2200//2200 2199//2199
f 2203//2203 2204//2204 2200//2200
f 2199//2199 2201//2201 2205//2205
f 2206//2206 2207//2207 2208//2208
f 2206//2206 2208//2208 2209//2209
f 2210//2210 2211//2211 2212//2212
f 2213//2213 2214//2214 2215//2215
f 2214//2214 2216//2216 2215//2215
f 2215//2215 2216//2216 2217//2217
f 2218//2218 2219//2219 2220//2220
f 2221//2221 2222//2222 2223//2223
f 2221//2221 2224//2224 2225//2225
f 2224//2224 2221//2221 2223//2223
f 2225//2225 2224//2224 2226//2226
f 2222//2222 2221//2221 2227//2227
f 2228//2228 2229//2229 2227//2227
f 2230//2230 2226//2226 2224//2224
f 2231//2231 2232//2232 2233//2233
f 2234//2234 2235//2235 2236//2236
f 2237//2237 2240//2240 2238//2238 2239//2239
f 2241//2241 2242//2242 2243//2243
f 2244//2244 2245//2245 2246//2246
f 2245//2245 2244//2244 2247//2247
f 2248//2248 2249//2249 2250//2250
f 2251//2251 2252//2252 2253//2253
f 2254//2254 2255//2255 2256//2256
f 2257//2257 2256//2256 2255//2255
f 2258//2258 2259//2259 2260//2260
f 2260//2260 2261//2261 2258//2258
f 2262//2262 2263//2263 2264//2264
f 2263//2263 2265//2265 2264//2264
f 2265//2265 2263//2263 2266//2266
f 2267//2267 2268//2268 2269//2269
f 2270//2270 2269//2269 2268//2268
f 2268//2268 2267//2267 2271//2271
f 2272//2272 2273//2273 2274//2274
f 2275//2275 2276//2276 2277//2277
f 2278//2278 2275//2275 2277//2277
f 2279//2279 2280//2280 2281//2281
f 2282//2282 2283//2283 2284//2284
f 2285//2285 2286//2286 2287//2287
f 2285//2285 2287//2287 2288//2288
f 2286//2286 2283//2283 2287//2287
f 2286//2286 2289//2289 2290//2290
f 2285//2285 2289//2289 2286//2286
f 2291//2291 2292//2292 2288//2288
f 2288//2288 2287//2287 2293//2293
f 2285//2285 2288//2288 2294//2294
f 2295//2295 2296//2296 2297//2297
f 2298//2298 2299//2299 2295//2295
f 2300//2300 2301//2301 2302//2302
f 2303//2303 2300//2300 2302//2302
f 2302//2302 2301//2301 2304//2304
f 2303//2303 2305//2305 2300//2300
f 2300//2300 2305//2305 2306//2306
f 2304//2304 2301//2301 2307//2307
f 2308//2308 2309//2309 2304//2304
f 2308//2308 2307//2307 2310//2310
f 2311//2311 2312//2312 2313//2313
f 2314//2314 2315//2315 2316//2316
f 2315//2315 2317//2317 2318//2318
f 2319//2319 2320//2320 2321//2321
f 2319//2319 2322//2322 2323//2323
f 2322//2322 2324//2324 2325//2325
f 2320//2320 2319//2319 2323//2323
f 2325//2325 2323//2323 2322//2322
f 2326//2326 2327//2327 2328//2328
f 2326//2326 2329//2329 2330//2330
f 2327//2327 2326//2326 2330//2330
f 2331//2331 2332//2332 2333//2333
f 2334//2334 2331//2331 2333//2333
f 2335//2335 2336//2336 2334//2334
f 2334//2334 2336//2336 2331//2331
f 2338//2338 2341//2341 2339//2339 2337//2337
f 2340//2340 2341//2341 2342//2342
f 2342//2342 2338//2338 2343//2343
f 2344//2344 2345//2345 2346//2346
f 2344//2344 2347//2347 2348//2348
f 2349//2349 2346//2346 2345//2345
f 2350//2350 2348//2348 2351//2351
f 2352//2352 2345//2345 2344//2344
f 2352//2352 2344//2344 2348//2348
f 2348//2348 2350//2350 2353//2353
f 2347//2347 2351//2351 2348//2348
f 2354//2354 3106//3106 2355//2355 2356//2356
f 2356//2356 2357//2357 2358//2358
f 2357//2357 2359//2359 2358//2358
f 2357//2357 2360//2360 2359//2359
f 2361//2361 2362//2362 2363//2363
f 2364//2364 2365//2365 2366//2366
f 2362//2362 2364//2364 2366//2366
f 2367//2367 2368//2368 2369//2369
f 2368//2368 2370//2370 2369//2369
f 2371//2371 2372//2372 2373//2373
f 2375//2375 2373//2373 2372//2372 2374//2374
f 2374//2374 2376//2376 2375//2375
f 2377//2377 2378//2378 2379//2379
f 2379//2379 2380//2380 2377//2377
f 2381//2381 2380//2380 2379//2379
f 2377//2377 2382//2382 2378//2378
f 2382//2382 2383//2383 2378//2378
f 2384//2384 2385//2385 2386//2386
f 2386//2386 2387//2387 2388//2388
f 2389//2389 2390//2390 2385//2385
f 2386//2386 2388//2388 2384//2384
f 2391//2391 2392//2392 2393//2393
f 2396//2396 2397//2397 2394//2394 2395//2395
f 2397//2397 2398//2398 2394//2394
f 2398//2398 2399//2399 2394//2394
f 2400//2400 2401//2401 2402//2402
f 2402//2402 2403//2403 2404//2404
f 2405//2405 2406//2406 2407//2407
f 2405//2405 2408//2408 2406//2406
f 2409//2409 2410//2410 2411//2411
f 2412//2412 2413//2413 2414//2414
f 2415//2415 2416//2416 2417//2417
f 2418//2418 2419//2419 2420//2420
f 2422//2422 2641//2641 2423//2423 2421//2421
f 2424//2424 2425//2425 2426//2426
f 2427//2427 2428//2428 2429//2429
f 2430//2430 2431//2431 2432//2432
f 2433//2433 2434//2434 2429//2429
f 2435//2435 2436//2436 2437//2437
f 2438//2438 2439//2439 2436//2436
f 2440//2440 2437//2437 2441//2441
f 2440//2440 2435//2435 2437//2437
f 2442//2442 2440//2440 2441//2441
f 2436//2436 2435//2435 2438//2438
f 2445//2445 3009//3009 2443//2443 2444//2444
f 2446//2446 2447//2447 2448//2448
f 2447//2447 2449//2449 2450//2450
f 2447//2447 2451//2451 2448//2448
f 2447//2447 2450//2450 2452//2452 2451//2451
f 2453//2453 2454//2454 2451//2451
f 2455//2455 2456//2456 2457//2457
f 2458//2458 2459//2459 2460//2460
f 2458//2458 2461//2461 2459//2459
f 2462//2462 2463//2463 2464//2464
f 2465//2465 2466//2466 2467//2467
f 2465//2465 2467//2467 2468//2468
f 2469//2469 2470//2470 2466//2466
f 2471//2471 2472//2472 2473//2473
f 2474//2474 2475//2475 2476//2476
f 2472//2472 2471//2471 2475//2475
f 2477//2477 2478//2478 2479//2479
f 2480//2480 2481//2481 2477//2477
f 2482//2482 2483//2483 2484//2484
f 2485//2485 2486//2486 2487//2487
f 2486//2486 2488//2488 2487//2487
f 2489//2489 2490//2490 2491//2491
f 2492//2492 2489//2489 2491//2491
f 2493//2493 2492//2492 2491//2491
f 2494//2494 2495//2495 2496//2496
f 2497//2497 2498//2498 2499//2499
f 2500//2500 2497//2497 2501//2501
f 2502//2502 2503//2503 2504//2504
f 2506//2506 2508//2508 2507//2507 2505//2505
f 2509//2509 2510//2510 2511//2511
f 2512//2512 184//184 185//185
f 2513//2513 334//334 333//333
f 364//364 366//366 370//370 367//367
f 383//383 373//373 376//376
f 450//450 2514//2514 448//448
f 2515//2515 2516//2516 2517//2517
f 534//534 2518//2518 535//535
f 574//574 576//576 575//575
f 2519//2519 2520//2520 586//586
f 722//722 715//715 714//714
f 719//719 716//716 717//717
f 2521//2521 767//767 769//769
f 768//768 2522//2522 769//769
f 834//834 2523//2523 835//835
f 954//954 957//957 955//955
f 990//990 2524//2524 988//988
f 1075//1075 2525//2525 1076//1076
f 2526//2526 1228//1228 1227//1227
f 2527//2527 2526//2526 1227//1227
f 2528//2528 2529//2529 2530//2530
f 1263//1263 1265//1265 1266//1266
f 2531//2531 2532//2532 2533//2533
f 2534//2534 1341//1341 2535//2535
f 1488//1488 1484//1484 1490//1490
f 2536//2536 2537//2537 2538//2538
f 1579//1579 2539//2539 1573//1573
f 1590//1590 1585//1585 1591//1591
f 1722//1722 1724//1724 1720//1720
f 1753//1753 2540//2540 1754//1754
f 2541//2541 2542//2542 1760//1760
f 2541//2541 2543//2543 2542//2542
f 1795//1795 1792//1792 1791//1791
f 1809//1809 1811//1811 2544//2544
f 1810//1810 1813//1813 1811//1811
f 2545//2545 2546//2546 2547//2547
f 1940//1940 2548//2548 1935//1935
f 1941//1941 1940//1940 1935//1935
f 1941//1941 1935//1935 1933//1933
f 2058//2058 2549//2549 2059//2059
f 2230//2230 2224//2224 2550//2550
f 2551//2551 2279//2279 2552//2552
f 2315//2315 2318//2318 2316//2316
f 2338//2338 2342//2342 2341//2341
f 2392//2392 2553//2553 2393//2393
f 2391//2391 2393//2393 2554//2554
f 2431//2431 2428//2428 2427//2427
f 2443//2443 2555//2555 2444//2444
f 2556//2556 2484//2484 2557//2557
f 2558//2558 2559//2559 2560//2560
f 47//47 2561//2561 48//48
f 2562//2562 2563//2563 2564//2564
f 67//67 69//69 71//71
f 73//73 2565//2565 74//74
f 74//74 2565//2565 2566//2566
f 95//95 98//98 96//96
f 196//196 2567//2567 201//201
f 243//243 240//240 2568//2568
f 339//339 336//336 335//335
f 406//406 409//409 407//407
f 2569//2569 2570//2570 2571//2571
f 2572//2572 494//494 498//498
f 493//493 495//495 502//502
f 2572//2572 495//495 494//494
f 498//498 2573//2573 2574//2574
f 2572//2572 502//502 495//495
f 2575//2575 2576//2576 2577//2577
f 548//548 549//549 547//547
f 2578//2578 2579//2579 2580//2580
f 578//578 571//571 574//574
f 2582//2582 3056//3056 2583//2583 2581//2581
f 2584//2584 2585//2585 2586//2586
f 603//603 602//602 2587//2587
f 2588//2588 697//697 699//699
f 2589//2589 723//723 716//716
f 727//727 713//713 724//724
f 801//801 806//806 802//802
f 809//809 2590//2590 810//810
f 2591//2591 2592//2592 842//842
f 1081//1081 2525//2525 1077//1077
f 2593//2593 1102//1102 1101//1101
f 1179//1179 2595//2595 2596//2596
f 1198//1198 2597//2597 1199//1199
f 1265//1265 2598//2598 1267//1267
f 1264//1264 1263//1263 1269//1269
f 2599//2599 2600//2600 1322//1322
f 1322//1322 1321//1321 2599//2599
f 2601//2601 2602//2602 2603//2603
f 1378//1378 2604//2604 1376//1376
f 1388//1388 1391//1391 1389//1389
f 1417//1417 2605//2605 1427//1427
f 1474//1474 1476//1476 2606//2606
f 2607//2607 2608//2608 2609//2609
f 1577//1577 2610//2610 2611//2611
f 1593//1593 1586//1586 1590//1590
f 1616//1616 2612//2612 1617//1617
f 2613//2613 2879//2879 2614//2614 2615//2615
f 1657//1657 2616//2616 1655//1655
f 2617//2617 2618//2618 1663//1663
f 1708//1708 1712//1712 2619//2619
f 1712//1712 1714//1714 1719//1719
f 1709//1709 2620//2620 1710//1710
f 1709//1709 1708//1708 2619//2619
f 2619//2619 1712//1712 1719//1719
f 2621//2621 1765//1765 1772//1772
f 2621//2621 1761//1761 1763//1763
f 1765//1765 2621//2621 1763//1763
f 1789//1789 1791//1791 1792//1792
f 1808//1808 2622//2622 1805//1805
f 2623//2623 2624//2624 2625//2625
f 1866//1866 1868//1868 2626//2626
f 1878//1878 1880//1880 2627//2627
f 2628//2628 2629//2629 1975//1975
f 2033//2033 2630//2630 2034//2034
f 2631//2631 2632//2632 2633//2633
f 2634//2634 2635//2635 2109//2109
f 2121//2121 2123//2123 2636//2636
f 2147//2147 2146//2146 2637//2637
f 2197//2197 2638//2638 2195//2195
f 2282//2282 2287//2287 2283//2283
f 2317//2317 2639//2639 2318//2318
f 2640//2640 2423//2423 2641//2641
f 2428//2428 2431//2431 2430//2430
f 2434//2434 2427//2427 2429//2429
f 2427//2427 2434//2434 2642//2642
f 2458//2458 2460//2460 2643//2643
f 2483//2483 2557//2557 2484//2484
f 2488//2488 2644//2644 2487//2487
f 106//106 2645//2645 107//107
f 445//445 2646//2646 446//446
f 545//545 552//552 551//551
f 695//695 2647//2647 2648//2648
f 719//719 718//718 2649//2649
f 2650//2650 2651//2651 752//752
f 896//896 2653//2653 897//897
f 2654//2654 2655//2655 973//973
f 2656//2656 2657//2657 1071//1071
f 2658//2658 2659//2659 2660//2660
f 2661//2661 2662//2662 2663//2663
f 1487//1487 1492//1492 1484//1484
f 1546//1546 1542//1542 1544//1544
f 1638//1638 1640//1640 1639//1639
f 1772//1772 1770//1770 2621//2621
f 1771//1771 1773//1773 1764//1764
f 2544//2544 1811//1811 2664//2664
f 1910//1910 2665//2665 1908//1908
f 1936//1936 1935//1935 2548//2548
f 2548//2548 2666//2666 1936//1936
f 2667//2667 2008//2008 2007//2007
f 2062//2062 2668//2668 2060//2060
f 2102//2102 2669//2669 2098//2098
f 2670//2670 2551//2551 2671//2671
f 970//970 969//969 2672//2672
f 2673//2673 2674//2674 180//180
f 292//292 294//294 2675//2675
f 433//433 429//429 431//431
f 434//434 443//443 440//440
f 483//483 2676//2676 481//481
f 2573//2573 2677//2677 2574//2574
f 498//498 2574//2574 2572//2572
f 2678//2678 635//635 2679//2679
f 773//773 770//770 2680//2680
f 885//885 2681//2681 883//883
f 948//948 2682//2682 949//949
f 1071//1071 1068//1068 2656//2656
f 1245//1245 2683//2683 1243//1243
f 2533//2533 2532//2532 2684//2684 2685//2685
f 1316//1316 1318//1318 1320//1320
f 1324//1324 1326//1326 2686//2686
f 2687//2687 2688//2688 2689//2689
f 2690//2690 1369//1369 2691//2691
f 2692//2692 2693//2693 2694//2694
f 1392//1392 1393//1393 1391//1391
f 2695//2695 2605//2605 1416//1416
f 1501//1501 2696//2696 1502//1502
f 2608//2608 2697//2697 2698//2698
f 1654//1654 1653//1653 2699//2699
f 2700//2700 1677//1677 1679//1679
f 2119//2119 2120//2120 2701//2701
f 2158//2158 2157//2157 2159//2159
f 2299//2299 2298//2298 2702//2702
f 2338//2338 2337//2337 2703//2703
f 2477//2477 2479//2479 2480//2480
f 585//585 2519//2519 586//586
f 2704//2704 2705//2705 2706//2706
f 2674//2674 181//181 180//180
f 2673//2673 2707//2707 2674//2674
f 2708//2708 2709//2709 259//259
f 2711//2711 2712//2712 2713//2713
f 2714//2714 2715//2715 2716//2716
f 2717//2717 2718//2718 2719//2719
f 434//434 2720//2720 442//442
f 491//491 2721//2721 492//492
f 494//494 2722//2722 498//498
f 508//508 504//504 512//512
f 518//518 2723//2723 519//519
f 2724//2724 540//540 539//539
f 2725//2725 2726//2726 2727//2727
f 649//649 651//651 654//654
f 654//654 653//653 649//649
f 667//667 666//666 2728//2728
f 667//667 2729//2729 668//668
f 2730//2730 747//747 2731//2731
f 2732//2732 884//884 886//886
f 916//916 2733//2733 2734//2734
f 922//922 920//920 2735//2735
f 940//940 2736//2736 941//941
f 2737//2737 944//944 2738//2738
f 944//944 2739//2739 945//945
f 2740//2740 2682//2682 2741//2741
f 2672//2672 2742//2742 2743//2743
f 2744//2744 2745//2745 2746//2746
f 1087//1087 2747//2747 1088//1088
f 2748//2748 2749//2749 2750//2750
f 1114//1114 1115//1115 1109//1109
f 1221//1221 1218//1218 2751//2751
f 2752//2752 1224//1224 2753//2753
f 1260//1260 2754//2754 1261//1261
f 2755//2755 2534//2534 2535//2535
f 1350//1350 1354//1354 1351//1351
f 1353//1353 1351//1351 1354//1354
f 2689//2689 2688//2688 2756//2756
f 1442//1442 2757//2757 1443//1443
f 1541//1541 2538//2538 2537//2537
f 1553//1553 1555//1555 2758//2758
f 2759//2759 2760//2760 2761//2761
f 1649//1649 1650//1650 1652//1652
f 2762//2762 1647//1647 1649//1649
f 2763//2763 2764//2764 1672//1672
f 1672//1672 1671//1671 2763//2763
f 2765//2765 2766//2766 2767//2767
f 2541//2541 1760//1760 1759//1759
f 1817//1817 2768//2768 1818//1818
f 2769//2769 2770//2770 2771//2771
f 2770//2770 2772//2772 2773//2773
f 1934//1934 1938//1938 1945//1945
f 1954//1954 2774//2774 1955//1955
f 2775//2775 2776//2776 2777//2777
f 2776//2776 2775//2775 2778//2778
f 1968//1968 1970//1970 2779//2779
f 1978//1978 1980//1980 1982//1982
f 1986//1986 1988//1988 2780//2780
f 2014//2014 2781//2781 2015//2015
f 2782//2782 2783//2783 2784//2784
f 2785//2785 2786//2786 2787//2787
f 2788//2788 2070//2070 2789//2789
f 2084//2084 2790//2790 2082//2082
f 2791//2791 2792//2792 2163//2163
f 2793//2793 2172//2172 2167//2167 2169//2169
f 2550//2550 2794//2794 2230//2230
f 2243//2243 2795//2795 2796//2796
f 2296//2296 2797//2797 2297//2297
f 2296//2296 2295//2295 2299//2299
f 2798//2798 2299//2299 2702//2702
f 2308//2308 2304//2304 2307//2307
f 2384//2384 2799//2799 2385//2385
f 2799//2799 2389//2389 2385//2385
f 2800//2800 2801//2801 2802//2802
f 2803//2803 2804//2804 2805//2805
f 2502//2502 2497//2497 2500//2500
f 2519//2519 2581//2581 2583//2583 2520//2520
f 2806//2806 2807//2807 2808//2808
f 953//953 2809//2809 959//959
f 2810//2810 2811//2811 2812//2812
f 2813//2813 2788//2788 2814//2814
f 2815//2815 2816//2816 2817//2817
f 2818//2818 51//51 50//50
f 56//56 58//58 2819//2819
f 76//76 2820//2820 77//77
f 84//84 83//83 2821//2821
f 156//156 167//167 157//157
f 166//166 155//155 165//165
f 173//173 172//172 2822//2822
f 194//194 192//192 191//191
f 244//244 2568//2568 240//240
f 253//253 250//250 252//252
f 257//257 259//259 2709//2709
f 2823//2823 318//318 2824//2824
f 310//310 2824//2824 318//318
f 309//309 324//324 311//311
f 328//328 331//331 330//330
f 381//381 375//375 374//374
f 391//391 2825//2825 389//389
f 391//391 390//390 2826//2826
f 2571//2571 2570//2570 2827//2827
f 437//437 440//440 439//439
f 2514//2514 2828//2828 448//448
f 2829//2829 452//452 451//451
f 2831//2831 474//474 476//476
f 2832//2832 2833//2833 482//482
f 2834//2834 2516//2516 2515//2515
f 493//493 501//501 2722//2722
f 559//559 558//558 2835//2835
f 2836//2836 2837//2837 2838//2838
f 693//693 692//692 688//688
f 704//704 2839//2839 705//705
f 708//708 2840//2840 711//711
f 2841//2841 709//709 710//710
f 710//710 709//709 708//708
f 709//709 2842//2842 706//706
f 716//716 719//719 2589//2589
f 2730//2730 748//748 747//747
f 751//751 2650//2650 752//752
f 857//857 851//851 853//853
f 862//862 861//861 860//860
f 884//884 2732//2732 885//885
f 2732//2732 890//890 885//885
f 896//896 2843//2843 2653//2653
f 919//919 921//921 2845//2845
f 946//946 945//945 2846//2846
f 2809//2809 953//953 958//958
f 2847//2847 965//965 967//967
f 979//979 977//977 2848//2848
f 986//986 985//985 982//982
f 981//981 986//986 982//982
f 1010//1010 1002//1002 1007//1007
f 1010//1010 1004//1004 1006//1006
f 1003//1003 1006//1006 1015//1015
f 1005//1005 1015//1015 1006//1006
f 1018//1018 1017//1017 1020//1020
f 2849//2849 1025//1025 1027//1027
f 1044//1044 1045//1045 1047//1047
f 2850//2850 2851//2851 2852//2852
f 1151//1151 1153//1153 2853//2853
f 1191//1191 1196//1196 2854//2854
f 1205//1205 1204//1204 2855//2855
f 1204//1204 1206//1206 1209//1209
f 1207//1207 1209//1209 1206//1206
f 2856//2856 1223//1223 1225//1225
f 1235//1235 1237//1237 2857//2857
f 1241//1241 1239//1239 1238//1238
f 2683//2683 1245//1245 2858//2858
f 2859//2859 2860//2860 2861//2861
f 2861//2861 2862//2862 2859//2859
f 2863//2863 2864//2864 2865//2865
f 1260//1260 1262//1262 1258//1258
f 2866//2866 2685//2685 2867//2867
f 1303//1303 1305//1305 2868//2868
f 1310//1310 2869//2869 1312//1312
f 1330//1330 1329//1329 2870//2870
f 1332//1332 1331//1331 2871//2871
f 2535//2535 1341//1341 1340//1340
f 1356//1356 1358//1358 2872//2872
f 1385//1385 2873//2873 1383//1383
f 2693//2693 2874//2874 2694//2694
f 1421//1421 1422//1422 1430//1430
f 2605//2605 1417//1417 1416//1416
f 1423//1423 1428//1428 1415//1415
f 1424//1424 1425//1425 1426//1426
f 1455//1455 2875//2875 1456//1456
f 1467//1467 1469//1469 2876//2876
f 1525//1525 1518//1518 1523//1523
f 1527//1527 1524//1524 1521//1521
f 1533//1533 1529//1529 1528//1528
f 1538//1538 2877//2877 1540//1540
f 1564//1564 2878//2878 1566//1566
f 1585//1585 1588//1588 1591//1591
f 1599//1599 1596//1596 1600//1600
f 1596//1596 1599//1599 1597//1597
f 2879//2879 2613//2613 2880//2880
f 1628//1628 1630//1630 1629//1629
f 2881//2881 2882//2882 2883//2883
f 1683//1683 2884//2884 1681//1681
f 1698//1698 1700//1700 2885//2885
f 2886//2886 1737//1737 1739//1739
f 1738//1738 1737//1737 1741//1741
f 1779//1779 1781//1781 2887//2887
f 1793//1793 1788//1788 1789//1789
f 2772//2772 2770//2770 2769//2769
f 2888//2888 2889//2889 2890//2890
f 2891//2891 1829//1829 1828//1828
f 1852//1852 2892//2892 1850//1850
f 2627//2627 2893//2893 1878//1878
f 2894//2894 1929//1929 2895//2895
f 1934//1934 1937//1937 1939//1939
f 2024//2024 2023//2023 2896//2896
f 2897//2897 2091//2091 2090//2090
f 2097//2097 2094//2094 2098//2098
f 2632//2632 2631//2631 2898//2898
f 2899//2899 2131//2131 2133//2133
f 2154//2154 2151//2151 2155//2155
f 2156//2156 2900//2900 2157//2157
f 2162//2162 2791//2791 2163//2163
f 2204//2204 2901//2901 2200//2200
f 2207//2207 2212//2212 2208//2208
f 2902//2902 2903//2903 2904//2904
f 2221//2221 2228//2228 2227//2227
f 2232//2232 2905//2905 2233//2233
f 2258//2258 2261//2261 2906//2906
f 2267//2267 2274//2274 2271//2271
f 2360//2360 2357//2357 2355//2355
f 2362//2362 2366//2366 2363//2363
f 2368//2368 2367//2367 2907//2907
f 2371//2371 2908//2908 2372//2372
f 2402//2402 2404//2404 2909//2909
f 2426//2426 2910//2910 2424//2424
f 2458//2458 2643//2643 2911//2911
f 2462//2462 2464//2464 2912//2912
f 2467//2467 2913//2913 2468//2468
f 2914//2914 2465//2465 2915//2915
f 2481//2481 2916//2916 2477//2477
f 2558//2558 2560//2560 2917//2917
f 2497//2497 2502//2502 2498//2498
f 891//891 890//890 2732//2732
f 893//893 2918//2918 894//894
f 2654//2654 973//973 972//972
f 1002//1002 1001//1001 1011//1011
f 1588//1588 1587//1587 1591//1591
f 434//434 436//436 2720//2720
f 944//944 2737//2737 2739//2739
f 1279//1279 2919//2919 1277//1277
f 2692//2692 2694//2694 2920//2920
f 2402//2402 2909//2909 2400//2400
f 2800//2800 2802//2802 2921//2921
f 92//92 2922//2922 93//93
f 175//175 171//171 176//176
f 178//178 181//181 179//179
f 252//252 254//254 253//253
f 273//273 2923//2923 274//274
f 318//318 320//320 310//310
f 360//360 2925//2925 362//362
f 2925//2925 360//360 2926//2926
f 365//365 2927//2927 366//366
f 396//396 394//394 393//393
f 2928//2928 2929//2929 2717//2717
f 2930//2930 520//520 2931//2931
f 528//528 2932//2932 2933//2933
f 572//572 567//567 569//569 570//570
f 633//633 2934//2934 634//634
f 636//636 2935//2935 2936//2936
f 717//717 720//720 719//719
f 713//713 715//715 725//725
f 857//857 2937//2937 858//858
f 2938//2938 891//891 2732//2732
f 934//934 930//930 932//932
f 2939//2939 951//951 950//950
f 965//965 2847//2847 963//963
f 969//969 971//971 2940//2940
f 995//995 2941//2941 996//996
f 1006//1006 1003//1003 1002//1002
f 1084//1084 1088//1088 1085//1085
f 2854//2854 1192//1192 1191//1191
f 1234//1234 2942//2942 1233//1233
f 1236//1236 1241//1241 1237//1237
f 2865//2865 2943//2943 2863//2863
f 1274//1274 2944//2944 1275//1275
f 1301//1301 2945//2945 1302//1302
f 1438//1438 1436//1436 1439//1439
f 1452//1452 1453//1453 1450//1450
f 1485//1485 1484//1484 1492//1492
f 2946//2946 1564//1564 1563//1563
f 1620//1620 2947//2947 1621//1621
f 1652//1652 2948//2948 1653//1653
f 1745//1745 2949//2949 1746//1746
f 1770//1770 1761//1761 2621//2621
f 1934//1934 1945//1945 1932//1932
f 2950//2950 1966//1966 1965//1965
f 2788//2788 2789//2789 2814//2814
f 2081//2081 2078//2078 2079//2079
f 2951//2951 2952//2952 2953//2953
f 2273//2273 2271//2271 2274//2274
f 2551//2551 2552//2552 2671//2671
f 2954//2954 2335//2335 2334//2334
f 2955//2955 2956//2956 2957//2957
f 2499//2499 2501//2501 2497//2497
f 2672//2672 2743//2743 970//970
f 2189//2189 2187//2187 2186//2186
f 2959//2959 3009//3009 2445//2445 2958//2958
f 2706//2706 2960//2960 2704//2704
f 88//88 90//90 2961//2961
f 98//98 100//100 101//101
f 112//112 113//113 114//114
f 136//136 137//137 139//139
f 138//138 137//137 141//141
f 153//153 155//155 156//156
f 157//157 168//168 159//159
f 170//170 159//159 168//168
f 277//277 282//282 283//283
f 295//295 299//299 296//296
f 312//312 316//316 309//309
f 373//373 375//375 380//380
f 2963//2963 2964//2964 2965//2965
f 477//477 2967//2967 2968//2968
f 478//478 477//477 2968//2968
f 2969//2969 570//570 569//569
f 2970//2970 2971//2971 2972//2972
f 2936//2936 637//637 636//636
f 635//635 638//638 2679//2679
f 670//670 2973//2973 671//671
f 781//781 783//783 785//785
f 2974//2974 786//786 787//787
f 788//788 2975//2975 789//789
f 788//788 790//790 2976//2976
f 863//863 862//862 2977//2977
f 2978//2978 868//868 867//867
f 899//899 903//903 902//902
f 911//911 913//913 2844//2844
f 916//916 918//918 2733//2733
f 2524//2524 992//992 988//988
f 2979//2979 2980//2980 2981//2981
f 2982//2982 2595//2595 1179//1179
f 2858//2858 2983//2983 2683//2683
f 2983//2983 2858//2858 2984//2984
f 1281//1281 1278//1278 1285//1285
f 1341//1341 2534//2534 2986//2986
f 2873//2873 1385//1385 2987//2987
f 1409//1409 1408//1408 1410//1410
f 1409//1409 1411//1411 1414//1414
f 1425//1425 1419//1419 1418//1418
f 1418//1418 1420//1420 1421//1421
f 1419//1419 1425//1425 1427//1427
f 1426//1426 1418//1418 1429//1429
f 1432//1432 2988//2988 1433//1433
f 1432//1432 1434//1434 1435//1435
f 1506//1506 1510//1510 1503//1503
f 1518//1518 1519//1519 1513//1513
f 1535//1535 1527//1527 1521//1521
f 2536//2536 2989//2989 2990//2990
f 1575//1575 2539//2539 2991//2991
f 1581//1581 1583//1583 1593//1593
f 1687//1687 1697//1697 1696//1696
f 1750//1750 1751//1751 1748//1748
f 1786//1786 1793//1793 2993//2993
f 1816//1816 1818//1818 2994//2994
f 1821//1821 2995//2995 1819//1819
f 2624//2624 2623//2623 1854//1854
f 1881//1881 1883//1883 2627//2627
f 1929//1929 1923//1923 1931//1931
f 2996//2996 2781//2781 2014//2014
f 2079//2079 2997//2997 2081//2081
f 2192//2192 2191//2191 2194//2194
f 2203//2203 2200//2200 2202//2202
f 2208//2208 2212//2212 2211//2211
f 2211//2211 2209//2209 2208//2208
f 2224//2224 2223//2223 2550//2550
f 2252//2252 2251//2251 2998//2998
f 2282//2282 2284//2284 2999//2999
f 3000//3000 3001//3001 2921//2921
f 2800//2800 2921//2921 3001//3001
f 2449//2449 2447//2447 2446//2446
f 2458//2458 2911//2911 3002//3002
f 2465//2465 2468//2468 2915//2915
f 2475//2475 2474//2474 2472//2472
f 2494//2494 2496//2496 3003//3003
f 2722//2722 494//494 493//493
f 1081//1081 1076//1076 2525//2525
f 1179//1179 2596//2596 1180//1180
f 2569//2569 2571//2571 3004//3004
f 2593//2593 1101//1101 3005//3005
f 2169//2169 2168//2168 2175//2175
f 2667//2667 2007//2007 2012//2012
f 2752//2752 2753//2753 3006//3006
f 2755//2755 2535//2535 3007//3007
f 1859//1859 1861//1861 1863//1863 3008//3008
f 3010//3010 3011//3011 3012//3012
f 49//49 52//52 3013//3013
f 130//130 132//132 3014//3014
f 162//162 159//159 170//170
f 171//171 173//173 176//176
f 174//174 3015//3015 175//175
f 175//175 3016//3016 171//171
f 205//205 207//207 206//206
f 3017//3017 269//269 271//271
f 297//297 304//304 295//295
f 317//317 312//312 311//311 323//323
f 324//324 309//309 325//325
f 329//329 331//331 332//332
f 3018//3018 475//475 474//474
f 501//501 493//493 499//499
f 593//593 3019//3019 594//594
f 637//637 2936//2936 638//638
f 3020//3020 648//648 647//647 642//642
f 650//650 3021//3021 651//651
f 660//660 659//659 662//662
f 680//680 3022//3022 681//681
f 726//726 3023//3023 720//720
f 728//728 730//730 3024//3024
f 759//759 3025//3025 757//757
f 859//859 3026//3026 860//860
f 884//884 883//883 888//888
f 983//983 985//985 986//986
f 1006//1006 1002//1002 1010//1010
f 1063//1063 3027//3027 1059//1059
f 2850//2850 1077//1077 2851//2851
f 2525//2525 3028//3028 1077//1077
f 1125//1125 1128//1128 1127//1127
f 1192//1192 2854//2854 3029//3029
f 1212//1212 1215//1215 1213//1213
f 1216//1216 1218//1218 1221//1221
f 3030//3030 1295//1295 1292//1292
f 1309//1309 3031//3031 1310//1310
f 1314//1314 1313//1313 3032//3032
f 1396//1396 3033//3033 1397//1397
f 1430//1430 1422//1422 3034//3034
f 1438//1438 2988//2988 1432//1432
f 1436//1436 1438//1438 1432//1432
f 1539//1539 1541//1541 2537//2537
f 1573//1573 1575//1575 1574//1574
f 2991//2991 1576//1576 1575//1575
f 1584//1584 1588//1588 1585//1585
f 1678//1678 1680//1680 3037//3037
f 1682//1682 3038//3038 1683//1683
f 1687//1687 1689//1689 1691//1691
f 1765//1765 1764//1764 1772//1772
f 1803//1803 3040//3040 1807//1807
f 1853//1853 3041//3041 1854//1854
f 1854//1854 2623//2623 1855//1855
f 1871//1871 3042//3042 1872//1872
f 1895//1895 3043//3043 1896//1896
f 3044//3044 1897//1897 1901//1901
f 1921//1921 3045//3045 1922//1922
f 1943//1943 1933//1933 1932//1932
f 3046//3046 1970//1970 1969//1969
f 1983//1983 3047//3047 1984//1984
f 2091//2091 3048//3048 2087//2087
f 2098//2098 2669//2669 2099//2099
f 2899//2899 2133//2133 3049//3049
f 2199//2199 2205//2205 3050//3050
f 2221//2221 2225//2225 2228//2228
f 2242//2242 2795//2795 2243//2243
f 2279//2279 2281//2281 2552//2552
f 2290//2290 3112//3112 2284//2284 2283//2283
f 2292//2292 3051//3051 2288//2288
f 2357//2357 2356//2356 2355//2355
f 2406//2406 3052//3052 2407//2407
f 3053//3053 3054//3054 3055//3055
f 2467//2467 2466//2466 2470//2470
f 376//376 387//387 379//379
f 2539//2539 1575//1575 1573//1573
f 424//424 428//428 425//425
f 2635//2635 2110//2110 2109//2109
f 2678//2678 2679//2679 3057//3057
f 3058//3058 3006//3006 2753//2753
f 2685//2685 2684//2684 2867//2867
f 1930//1930 1931//1931 1927//1927
f 413//413 3059//3059 411//411
f 64//64 66//66 62//62
f 156//156 158//158 153//153
f 187//187 182//182 184//184
f 276//276 2710//2710 277//277
f 285//285 3065//3065 286//286
f 297//297 300//300 301//301
f 2824//2824 310//310 307//307
f 370//370 366//366 3067//3067
f 368//368 367//367 371//371
f 365//365 364//364 367//367
f 470//470 2830//2830 469//469
f 480//480 484//484 483//483
f 518//518 520//520 2930//2930
f 528//528 2933//2933 529//529
f 547//547 543//543 545//545
f 568//568 3070//3070 569//569
f 612//612 607//607 3071//3071
f 3073//3073 760//760 762//762
f 861//861 3074//3074 859//859
f 868//868 864//864 866//866
f 876//876 882//882 879//879
f 933//933 3075//3075 935//935
f 1016//1016 1018//1018 3078//3078
f 1072//1072 1070//1070 1069//1069
f 1078//1078 1077//1077 2850//2850
f 1124//1124 1128//1128 1125//1125
f 1193//1193 1190//1190 1197//1197
f 1203//1203 3082//3082 1200//1200
f 1219//1219 1221//1221 2751//2751
f 1224//1224 2752//2752 1225//1225
f 3031//3031 3083//3083 1310//1310
f 1451//1451 3085//3085 1452//1452
f 1485//1485 1491//1491 3087//3087
f 1505//1505 1504//1504 3088//3088
f 1507//1507 1503//1503 1512//1512
f 1531//1531 1527//1527 1535//1535
f 1560//1560 1559//1559 1562//1562
f 1592//1592 1581//1581 1590//1590
f 1624//1624 1623//1623 1626//1626
f 3091//3091 1664//1664 1666//1666
f 3037//3037 1680//1680 3092//3092
f 1717//1717 3094//3094 1718//1718
f 1746//1746 1751//1751 1747//1747
f 1786//1786 3096//3096 1787//1787
f 1829//1829 3097//3097 3098//3098
f 1879//1879 3099//3099 1880//1880
f 1906//1906 1902//1902 1904//1904
f 1949//1949 1951//1951 1952//1952
f 2789//2789 2070//2070 2072//2072
f 2094//2094 3101//3101 2100//2100
f 2104//2104 2106//2106 2107//2107
f 2107//2107 2108//2108 3102//3102
f 2125//2125 2126//2126 3103//3103
f 2150//2150 2155//2155 2151//2151
f 2199//2199 3050//3050 2202//2202
f 2222//2222 3104//3104 2223//2223
f 2251//2251 2253//2253 3105//3105
f 2286//2286 2290//2290 2283//2283
f 2390//2390 2389//2389 3107//3107
f 2454//2454 2448//2448 2451//2451
f 184//184 2512//2512 189//189
f 2513//2513 333//333 3108//3108
f 2536//2536 2538//2538 2989//2989
f 2614//2614 3109//3109 2615//2615
f 354//354 353//353 357//357
f 2682//2682 948//948 2741//2741
f 1197//1197 3110//3110 1193//1193
f 1461//1461 1460//1460 3111//3111
f 1586//1586 1585//1585 1590//1590
f 2928//2928 2717//2717 2719//2719
f 2982//2982 1179//1179 1181//1181
vn 0.095589309930801392 0.29386213421821594 0.95105612277984619
vn -0.037139877676963806 -0.39409592747688293 0.91831856966018677
vn -0.026733933016657829 -0.38260218501091003 0.9235263466835022
vn 0.087749376893043518 0.43404498696327209 0.89660751819610596
vn 0.13497591018676758 0.71856456995010376 0.68223637342453003
vn 0.10344494879245758 0.79045021533966064 0.60372811555862427
vn 0.011414750479161739 -0.21906851232051849 0.97564268112182617
vn 0.062125660479068756 0.58442890644073486 0.80906319618225098
vn 0.039770253002643585 0.65999573469161987 0.75021594762802124
vn 0.021053727716207504 -0.40170946717262268 0.91552513837814331
vn 0.059868227690458298 -0.59555214643478394 0.80108267068862915
vn 0.032892405986785889 0.56573539972305298 0.82393056154251099
vn 0.047634698450565338 -0.49768152832984924 0.8660508394241333
vn 0.12559163570404053 0.178242027759552 0.97593879699707031
vn 0.29290229082107544 0.535819411277771 0.79190009832382202
vn -0.081505559384822845 -0.34881353378295898 0.93364125490188599
vn -0.12185467779636383 -0.49861931800842285 0.85821336507797241
vn -0.0051052253693342209 -0.2218601256608963 0.97506511211395264
vn 0.1882224977016449 0.50618940591812134 0.84163206815719604
vn 0.36925870180130005 0.82210469245910645 0.43334963917732239
vn 0.40793949365615845 0.88345175981521606 0.23043081164360046
vn 0.099175877869129181 0.034778948873281479 0.99446195363998413
vn -0.026158120483160019 -0.14990442991256714 0.9883543848991394
vn 0.48882347345352173 0.67715471982955933 0.55001187324523926
vn 0.58400332927703857 0.62491971254348755 0.51808828115463257
vn 0.68831741809844971 0.5684962272644043 0.45058983564376831
vn -0.036896247416734695 -0.081709131598472595 0.99597305059432983
vn 0.56328517198562622 0.38248485326766968 0.73240363597869873
vn 0.57091587781906128 0.23150847852230072 0.78769212961196899
vn -0.01397817675024271 -0.069151900708675385 0.99750822782516479
vn -0.048414956778287888 -0.087083369493484497 0.99502384662628174
vn 0.21028620004653931 0.12507340312004089 0.96960628032684326
vn -0.37279471755027771 0.57516980171203613 0.72815090417861938
vn -0.30479660630226135 0.050515372306108475 0.95107686519622803
vn -0.49618366360664368 0.65089857578277588 0.57457184791564941
vn -0.066050127148628235 -0.29083457589149475 0.9544907808303833
vn -0.53056573867797852 0.52560502290725708 0.66501080989837646
vn -0.014046666212379932 0.42011740803718567 0.90736103057861328
vn 0.050340410321950912 -0.3741510808467865 0.92600041627883911
vn -0.038071248680353165 0.47054570913314819 0.88155394792556763
vn -0.083769619464874268 0.54805874824523926 0.83223450183868408
vn -0.059285428375005722 0.49185389280319214 0.86865699291229248
vn 0.039778616279363632 -0.28978219628334045 0.95626562833786011
vn 0.052961200475692749 -0.52052605152130127 0.85220170021057129
vn 0.053083967417478561 -0.44258153438568115 0.89515566825866699
vn -0.0042847739532589912 0.45132735371589661 0.89234817028045654
vn 0.015079324133694172 -0.2355814129114151 0.97173762321472168
vn -0.051474679261445999 -0.18557566404342651 0.98128080368041992
vn -0.2521720826625824 0.5935559868812561 0.76426470279693604
vn -0.079202085733413696 -0.2334052175283432 0.96914863586425781
vn -0.32284253835678101 0.5337064266204834 0.78162020444869995
vn 0.17704382538795471 0.016277989372611046 0.98406833410263062
vn 0.14668586850166321 0.22897283732891083 0.96231734752655029
vn 0.064757749438285828 -0.63703656196594238 0.76810860633850098
vn 0.085546806454658508 -0.49543365836143494 0.86442303657531738
vn 0.38521462678909302 0.41053983569145203 0.82647848129272461
vn 0.38590973615646362 0.46269536018371582 0.79811447858810425
vn -0.86615449190139771 0.028089243918657303 0.49898633360862732
vn -0.81930071115493774 0.089915379881858826 0.56626993417739868
vn -0.34434288740158081 -0.012790350243449211 0.93875682353973389
vn -0.68912667036056519 -0.0072355060838162899 0.72460478544235229
vn -0.95146244764328003 0.00011411246669013053 0.30776479840278625
vn 0.33984798192977905 0.25079736113548279 0.90642374753952026
vn 0.22599107027053833 0.17532011866569519 0.95822274684906006
vn 0.10619085282087326 -0.47913765907287598 0.87129247188568115
vn 0.039457350969314575 0.20434218645095825 0.97810399532318115
vn 0.055439785122871399 -0.40775340795516968 0.911407470703125
vn 0.067373327910900116 -0.58191442489624023 0.81045442819595337
vn 0.029204346239566803 0.39779001474380493 0.917011559009552
vn 0.086754210293292999 -0.21080988645553589 0.97366982698440552
vn 0.055846072733402252 0.41750618815422058 0.90695631504058838
vn 0.38364803791046143 0.60358482599258423 0.69892746210098267
vn 0.21509622037410736 0.18023431301116943 0.95981729030609131
vn 0.28967669606208801 0.77706187963485718 0.55880433320999146
vn 0.21015948057174683 0.69101572036743164 0.69161427021026611
vn 0.015071840025484562 -0.5680500864982605 0.82285594940185547
vn 0.1157328188419342 -0.0558336041867733 0.99170988798141479
vn -0.79225301742553711 0.31880170106887817 0.52028900384902954
vn -0.70703333616256714 0.35519522428512573 0.61150652170181274
vn -0.38083302974700928 -0.032392941415309906 0.92407625913619995
vn -0.59807157516479492 0.3367006778717041 0.72728472948074341
vn -0.70395910739898682 0.15383774042129517 0.69337981939315796
vn -0.60706436634063721 0.73751211166381836 0.29588630795478821
vn -0.6950986385345459 0.66277027130126953 0.27852007746696472
vn -0.68585234880447388 0.63728314638137817 0.35139259696006775
vn -0.76136833429336548 0.55124461650848389 0.34124425053596497
vn -0.85491955280303955 0.40863722562789917 0.3195749819278717
vn -0.8015485405921936 0.53595411777496338 0.26509091258049011
vn -0.93554037809371948 0.19160501658916473 0.29673510789871216
vn -0.96435421705245972 0.15925167500972748 0.21132887899875641
vn -0.95626270771026611 0.096450150012969971 0.2761504054069519
vn -0.86504089832305908 0.4328550398349762 0.25365486741065979
vn -0.93020755052566528 0.28898775577545166 0.22627408802509308
vn -0.98115426301956177 0.040297079831361771 0.18897746503353119
vn -0.50363433361053467 0.81202894449234009 0.29489231109619141
vn -0.55961185693740845 0.75670671463012695 0.33797860145568848
vn -0.45356723666191101 0.83158272504806519 0.32054153084754944
vn -0.40658238530158997 0.86465281248092651 0.29506999254226685
vn 0.66909211874008179 -0.12966108322143555 -0.7317812442779541
vn 0.76216810941696167 -0.58339595794677734 -0.2806224524974823
vn 0.60056054592132568 -0.15246674418449402 -0.7849082350730896
vn 0.55465614795684814 -0.16389310359954834 -0.81577914953231812
vn 0.21963274478912354 -0.95975381135940552 0.17502583563327789
vn 0.16628383100032806 -0.98424172401428223 -0.060148734599351883
vn 0.2093149721622467 -0.95663720369338989 -0.20256489515304565
vn 0.42083439230918884 -0.89982330799102783 0.1149628758430481
vn 0.2340857982635498 -0.88369214534759521 0.40532955527305603
vn 0.40562191605567932 -0.8953436017036438 -0.18393111228942871
vn 0.31526526808738708 -0.94375300407409668 -0.099689878523349762
vn 0.05541788786649704 -0.70145547389984131 0.71055543422698975
vn 0.36427155137062073 -0.83525478839874268 0.41189280152320862
vn 0.063436396420001984 -0.63888692855834961 0.76668071746826172
vn 0.052390556782484055 -0.60730493068695068 0.79273951053619385
vn 0.076784506440162659 -0.6592068076133728 0.7480311393737793
vn 0.60617011785507202 -0.024542417377233505 -0.7949562668800354
vn 0.74434053897857666 -0.0204018484801054 -0.66748851537704468
vn 0.95794707536697388 -0.16353154182434082 -0.23578549921512604
vn 0.95011341571807861 0.0027539385482668877 -0.31189247965812683
vn 0.98195046186447144 -0.070153780281543732 -0.17564651370048523
vn -0.10914426296949387 -0.25265282392501831 -0.96138131618499756
vn -0.048206746578216553 -0.25153225660324097 -0.96664762496948242
vn -0.13317875564098358 -0.73933136463165283 -0.66003978252410889
vn -0.19686982035636902 -0.18725791573524475 -0.96238076686859131
vn -0.25120952725410461 -0.75616151094436646 -0.60424625873565674
vn 0.23140554130077362 -0.822898268699646 -0.51893150806427002
vn 0.084299102425575256 -0.77157241106033325 -0.63053125143051147
vn 0.25198787450790405 -0.32603335380554199 -0.91115552186965942
vn 0.086226105690002441 -0.23439797759056091 -0.96830916404724121
vn 0.045717984437942505 -0.77105647325515747 -0.63512343168258667
vn 0.109892338514328 -0.75622284412384033 -0.64501994848251343
vn 0.088464215397834778 -0.87586325407028198 -0.47438135743141174
vn -0.0054592271335422993 -0.67665928602218628 -0.73627603054046631
vn 0.014736870303750038 -0.83238452672958374 -0.55400258302688599
vn 0.030626723542809486 -0.21494939923286438 -0.97614485025405884
vn 0.054557234048843384 -0.20664717257022858 -0.97689324617385864
vn 0.0079331845045089722 -0.18570446968078613 -0.98257362842559814
vn -0.017212450504302979 -0.18250216543674469 -0.9830547571182251
vn -0.030792981386184692 -0.73311525583267212 -0.67940694093704224
vn 0.13325895369052887 -0.78335952758789062 -0.60711604356765747
vn 0.07065311074256897 -0.20763860642910004 -0.97565072774887085
vn 0.092225693166255951 -0.87814599275588989 0.46941879391670227
vn 0.045731745660305023 -0.996978759765625 -0.06278470903635025
vn 0.082871563732624054 -0.9752652645111084 -0.20491451025009155
vn 0.060607217252254486 -0.81132876873016357 0.58143991231918335
vn 0.047028955072164536 -0.83051210641860962 0.55501163005828857
vn 0.10064093768596649 -0.78509265184402466 0.61114722490310669
vn 0.15610849857330322 -0.9834904670715332 -0.091524124145507812
vn -0.16701428592205048 -0.93995773792266846 -0.29763346910476685
vn -0.26724645495414734 -0.9128919243812561 -0.30855736136436462
vn -0.17560359835624695 -0.35117590427398682 -0.91969496011734009
vn -0.074165001511573792 -0.92999923229217529 -0.36000141501426697
vn -0.10085529088973999 -0.34368783235549927 -0.93365246057510376
vn -0.29720208048820496 -0.09472481906414032 -0.95010429620742798
vn -0.23190821707248688 -0.25517323613166809 -0.93867206573486328
vn -0.42394548654556274 -0.65197920799255371 -0.62864404916763306
vn 0.41986542940139771 -0.25145873427391052 -0.87205594778060913
vn 0.51912027597427368 -0.73103827238082886 -0.44282856583595276
vn 0.43228292465209961 -0.79875165224075317 -0.41848206520080566
vn 0.29433166980743408 -0.19939172267913818 -0.93467205762863159
vn 0.36695128679275513 -0.73620688915252686 -0.56863540410995483
vn 0.17341302335262299 -0.45896792411804199 0.87136465311050415
vn 0.48379477858543396 -0.76352030038833618 0.42776083946228027
vn 0.62044113874435425 -0.72323209047317505 0.30329546332359314
vn 0.039551634341478348 -0.4384816586971283 0.89786940813064575
vn 0.062938742339611053 -0.55085748434066772 0.83222275972366333
vn 0.033729519695043564 -0.24806532263755798 0.96815592050552368
vn 0.57525414228439331 -0.50069379806518555 0.64682948589324951
vn 0.091554410755634308 -0.96579188108444214 -0.24261863529682159
vn 0.15189355611801147 -0.82278662919998169 -0.54767739772796631
vn 0.10713609308004379 -0.8220488429069519 -0.55924731492996216
vn -0.022591250017285347 -0.9993053674697876 -0.029637722298502922
vn 0.029365075752139091 -0.85599714517593384 -0.51614588499069214
vn -0.04689522460103035 -0.74524962902069092 -0.66513442993164062
vn 0.012127644382417202 -0.94181424379348755 0.3359149694442749
vn 0.065868459641933441 -0.98581558465957642 0.15436656773090363
vn -0.016690576449036598 -0.87181663513183594 0.48954793810844421
vn -0.045503586530685425 -0.90681260824203491 0.41907075047492981
vn 0.77193444967269897 -0.63568741083145142 0.0043219411745667458
vn 0.67054682970046997 -0.18359304964542389 -0.71879106760025024
vn 0.82317626476287842 -0.56592988967895508 0.045871362090110779
vn 0.57765018939971924 -0.18744081258773804 -0.79447227716445923
vn 0.73948007822036743 -0.64380228519439697 -0.19669227302074432
vn 0.81500792503356934 -0.52231144905090332 0.25090402364730835
vn 0.76096844673156738 -0.17310334742069244 -0.62526977062225342
vn 0.071949705481529236 -0.9791264533996582 0.19009123742580414
vn 0.094556763768196106 -0.98524951934814453 0.14262698590755463
vn 0.14975525438785553 -0.93712115287780762 -0.31524163484573364
vn 0.19686608016490936 -0.78861141204833984 -0.58252537250518799
vn 0.15324509143829346 -0.85978889465332031 -0.48711296916007996
vn 0.094361498951911926 -0.98912227153778076 -0.11284057796001434
vn -0.64788341522216797 2.0247277916496387E-06 -0.76173949241638184
vn -0.70852875709533691 8.5313833551481366E-05 -0.70568192005157471
vn -0.6623539924621582 -0.00021233044390100986 -0.74919098615646362
vn -0.81737536191940308 9.0440080384723842E-05 -0.57610547542572021
vn -0.84128689765930176 -0.00072941917460411787 -0.54058843851089478
vn -0.81551194190979004 0.00030513841193169355 -0.57874011993408203
vn -0.76086634397506714 0.0002076746168313548 -0.64890861511230469
vn -0.75042992830276489 6.4112406107597053E-05 -0.66095006465911865
vn -0.086658842861652374 -0.88264870643615723 0.46197563409805298
vn -0.14268723130226135 -0.87771272659301758 0.45745024085044861
vn -0.26254633069038391 -0.94969260692596436 -0.17074364423751831
vn -0.11664553731679916 -0.79793018102645874 0.59135538339614868
vn -0.31888079643249512 -0.94774365425109863 0.0098480535671114922
vn -0.18664248287677765 -0.15208882093429565 -0.97058415412902832
vn -0.058203943073749542 -0.31216904520988464 -0.9482419490814209
vn -0.10510367155075073 -0.17525985836982727 -0.97889590263366699
vn -0.084608986973762512 -0.92012304067611694 -0.38238063454627991
vn 0.037473741918802261 -0.19149774312973022 -0.98077738285064697
vn -0.24453745782375336 -0.87334340810775757 -0.42127513885498047
vn -0.40581941604614258 -0.84944069385528564 -0.33728492259979248
vn -0.31397002935409546 -0.90113168954849243 -0.29897236824035645
vn -0.30070662498474121 -0.3084886372089386 -0.90244680643081665
vn 0.57297974824905396 -0.77125513553619385 -0.27723592519760132
vn 0.49278658628463745 -0.83259475231170654 -0.2528780996799469
vn 0.50214540958404541 -0.26320311427116394 -0.82375609874725342
vn -0.24863442778587341 -0.36200162768363953 -0.89840734004974365
vn -0.34965312480926514 -0.30836930871009827 -0.88467568159103394
vn -0.25444474816322327 -0.15060406923294067 -0.9552885890007019
vn -0.44776007533073425 -0.7922942042350769 -0.41446447372436523
vn -0.40249502658843994 -0.39317402243614197 -0.82668733596801758
vn -0.38155609369277954 -0.89296448230743408 -0.23880816996097565
vn -0.21799708902835846 -0.39508557319641113 -0.89240384101867676
vn -0.27788066864013672 -0.92566430568695068 -0.25676426291465759
vn 0.064729347825050354 -0.34199044108390808 -0.93747138977050781
vn 0.017121518030762672 -0.32088783383369446 -0.94696241617202759
vn 0.032321896404027939 -0.15202389657497406 -0.98784816265106201
vn -0.03106660395860672 -0.9273790717124939 -0.37283101677894592
vn -0.06422550231218338 -0.90737104415893555 -0.41539481282234192
vn -0.040342357009649277 -0.24986615777015686 -0.96743959188461304
vn 0.018790950998663902 -0.94624942541122437 -0.3228914737701416
vn -0.0081597445532679558 -0.31720268726348877 -0.94832265377044678
vn 0.07516324520111084 -0.94302171468734741 -0.32413050532341003
vn 0.13780798017978668 -0.89084160327911377 -0.43290901184082031
vn 0.37259599566459656 -0.11087551712989807 -0.92134618759155273
vn 0.19528527557849884 -0.30458766222000122 -0.93224996328353882
vn 0.38270083069801331 -0.41377508640289307 -0.82603281736373901
vn 0.47414776682853699 -0.45024892687797546 -0.75661075115203857
vn 0.14757637679576874 -0.93843239545822144 -0.31235530972480774
vn 0.12785355746746063 -0.9857105016708374 0.10967367887496948
vn 0.082513660192489624 -0.96758651733398438 -0.23867933452129364
vn 0.1114162802696228 -0.37497091293334961 -0.92031693458557129
vn 0.18167172372341156 -0.33667895197868347 -0.92392784357070923
vn 0.14137691259384155 -0.91362965106964111 -0.38117372989654541
vn 0.19151151180267334 -0.28725996613502502 -0.93851214647293091
vn 0.27724337577819824 -0.76313310861587524 -0.58374994993209839
vn 0.2031400054693222 -0.84945058822631836 -0.48699876666069031
vn 0.26195728778839111 -0.18710966408252716 -0.94676733016967773
vn -0.95860511064529419 -0.0080344518646597862 0.2846255898475647
vn -0.94957631826400757 -0.050513837486505508 0.309440016746521
vn -0.9376838207244873 -0.0014998298138380051 0.34748643636703491
vn -0.93234628438949585 -0.21118918061256409 0.29347825050354004
vn -0.93767672777175903 -0.11130599677562714 0.32920101284980774
vn -0.95051652193069458 -0.1450200229883194 0.27475002408027649
vn -0.96513491868972778 -0.090475112199783325 0.24561940133571625
vn -0.93788957595825195 -0.25025045871734619 0.24028711020946503
vn -0.9567798376083374 -0.19043815135955811 0.21978545188903809
vn -0.8140144944190979 -0.56876325607299805 0.11785028874874115
vn -0.8795088529586792 -0.4512622058391571 0.15108455717563629
vn -0.82586449384689331 -0.55717301368713379 0.086637787520885468
vn -0.92798149585723877 -0.028342811390757561 0.37154674530029297
vn -0.9223712682723999 0.0078321490436792374 0.3862251341342926
vn -0.90290838479995728 -0.36653077602386475 0.22452528774738312
vn -0.8349151611328125 -0.52699273824691772 0.15873037278652191
vn -0.10291903465986252 -0.90885370969772339 0.40421843528747559
vn -0.15471275150775909 -0.95401960611343384 -0.25673043727874756
vn -0.2593420147895813 -0.88318139314651489 -0.39080986380577087
vn -0.31731224060058594 -0.91438806056976318 -0.25141096115112305
vn -0.43708127737045288 -0.65346616506576538 -0.61801445484161377
vn -0.35405388474464417 -0.9133419394493103 -0.20112769305706024
vn -0.44088971614837646 -0.74382424354553223 -0.50233632326126099
vn -0.360584557056427 -0.22876502573490143 -0.90423744916915894
vn -0.45988228917121887 -0.72792685031890869 -0.50855755805969238
vn -0.41248348355293274 -0.71791428327560425 -0.5607641339302063
vn -0.36719253659248352 -0.18491218984127045 -0.91157948970794678
vn 0.0023599269334226847 -0.91457217931747437 0.40441590547561646
vn -0.091564632952213287 -0.91537433862686157 0.39205324649810791
vn -0.1387115865945816 -0.94873392581939697 -0.28401243686676025
vn 0.35513541102409363 -0.22687548398971558 0.90686625242233276
vn 0.62428659200668335 -0.48065373301506042 0.61582320928573608
vn 0.79188156127929688 -0.36111158132553101 0.49246528744697571
vn 0.30506014823913574 -0.10372981429100037 0.94666701555252075
vn 0.77379685640335083 -0.15980987250804901 0.61294311285018921
vn 0.85514163970947266 -0.071157336235046387 0.51348751783370972
vn 0.74012404680252075 0.033140111714601517 0.67165333032608032
vn 0.25835886597633362 -0.0057135452516376972 0.96603208780288696
vn 0.14075854420661926 -0.29824525117874146 0.94405341148376465
vn 0.36996480822563171 -0.24795666337013245 -0.89534550905227661
vn 0.29183697700500488 -0.41422420740127563 -0.86211919784545898
vn 0.27365702390670776 -0.13489776849746704 -0.95232057571411133
vn 0.416553795337677 -0.85652071237564087 -0.30472147464752197
vn 0.29571253061294556 -0.92449104785919189 -0.24056276679039001
vn 0.27516347169876099 -0.34982892870903015 -0.89549136161804199
vn 0.39613118767738342 -0.15053354203701019 -0.90577024221420288
vn 0.39321056008338928 -0.69557267427444458 -0.60130196809768677
vn 0.859089195728302 -0.40104538202285767 -0.31800690293312073
vn 0.65767741203308105 -0.1064593717455864 -0.74573910236358643
vn 0.72759395837783813 -0.10088774561882019 -0.67854893207550049
vn -0.35540828108787537 -0.82534921169281006 -0.43872952461242676
vn -0.41417312622070312 -0.83869349956512451 -0.353629469871521
vn -0.32992437481880188 -0.83266210556030273 -0.44477382302284241
vn -0.26995158195495605 -0.85474449396133423 -0.44332608580589294
vn -0.23617017269134521 -0.81637334823608398 -0.52702772617340088
vn -0.17416758835315704 -0.82037931680679321 -0.54464983940124512
vn -0.17126420140266418 -0.78111857175827026 -0.60043513774871826
vn -0.053211227059364319 -0.76036733388900757 -0.64730983972549438
vn -0.061281617730855942 -0.70798385143280029 -0.70356476306915283
vn 0.039258349686861038 -0.72376376390457153 -0.6889302134513855
vn 0.043571818619966507 -0.69784164428710938 -0.71492552757263184
vn 0.041327770799398422 -0.655173659324646 -0.75434708595275879
vn 0.13929365575313568 -0.687328040599823 -0.71286565065383911
vn 0.20139046013355255 -0.64192146062850952 -0.73985046148300171
vn 0.13609196245670319 -0.61031162738800049 -0.7803836464881897
vn 0.11648835241794586 -0.71692627668380737 -0.68734794855117798
vn 0.18009263277053833 -0.78625762462615967 -0.59107154607772827
vn 0.19344775378704071 -0.74955648183822632 -0.63304269313812256
vn 0.27718868851661682 -0.55569261312484741 -0.78381896018981934
vn 0.27320259809494019 -0.65301233530044556 -0.70635342597961426
vn 0.38669955730438232 -0.61928761005401611 -0.68333470821380615
vn 0.32523593306541443 -0.70947390794754028 -0.62519466876983643
vn 0.20384775102138519 -0.53115713596343994 -0.82238566875457764
vn 0.36804330348968506 -0.52234619855880737 -0.76921945810317993
vn 0.47256019711494446 -0.59133487939834595 -0.65345996618270874
vn 0.13841348886489868 -0.29827484488487244 -0.94439071416854858
vn 0.20417113602161407 -0.16387942433357239 -0.96512055397033691
vn 0.28528511524200439 -0.30920925736427307 -0.90719461441040039
vn 0.12585560977458954 -0.93330490589141846 -0.33630689978599548
vn 0.027030916884541512 -0.86581403017044067 -0.49963527917861938
vn 0.045991320163011551 -0.25316417217254639 -0.96632951498031616
vn -0.49865901470184326 -0.86369222402572632 -0.073313899338245392
vn -0.45604261755943298 -0.88389104604721069 -0.10373903065919876
vn -0.45030272006988525 -0.88755947351455688 -0.097291506826877594
vn -0.68286252021789551 -0.73052757978439331 0.0053123217076063156
vn -0.59172481298446655 -0.80579781532287598 -0.023485276848077774
vn -0.75391888618469238 -0.65424239635467529 0.059775859117507935
vn -0.69826984405517578 -0.71390610933303833 0.052510589361190796
vn -0.80916017293930054 -0.57625013589859009 0.11487217247486115
vn -0.18596720695495605 -0.95584112405776978 -0.22756078839302063
vn -0.15270677208900452 -0.95622199773788452 -0.24964004755020142
vn -0.26642599701881409 -0.94416546821594238 -0.19382664561271667
vn -0.39221349358558655 -0.91047263145446777 -0.13118003308773041
vn -0.35376009345054626 -0.92293882369995117 -0.15178190171718597
vn -0.16140103340148926 -0.95441144704818726 -0.25109469890594482
vn -0.23177102208137512 -0.94887137413024902 -0.21430195868015289
vn -0.13613735139369965 -0.95449626445770264 -0.26533651351928711
vn -0.57640111446380615 -0.8169100284576416 -0.020486647263169289
vn -0.12958806753158569 -0.95719856023788452 -0.25880074501037598
vn -0.30754217505455017 -0.93570870161056519 -0.17282083630561829
vn -0.8064873218536377 -0.58655458688735962 0.074376590549945831
vn -0.58322042226791382 -0.81124019622802734 -0.041752856224775314
vn 0.53142011165618896 0.00012850758503191173 -0.84710842370986938
vn 0.4959276020526886 7.2365655796602368E-05 -0.86836385726928711
vn 0.50287270545959473 0.00010407532681711018 -0.864360511302948
vn 0.58118289709091187 0.00027299023349769413 -0.81377291679382324
vn 0.53350502252578735 2.7915286409552209E-05 -0.84579688310623169
vn 0.57819116115570068 0.00010213167843176052 -0.81590133905410767
vn 0.62854444980621338 -6.9062596594449133E-05 -0.77777361869812012
vn 0.17278724908828735 -0.88048422336578369 -0.44146588444709778
vn 0.17456026375293732 -0.91491246223449707 -0.36395594477653503
vn 0.20274119079113007 -0.87141221761703491 -0.44669532775878906
vn 0.26001858711242676 -0.81690829992294312 -0.51483118534088135
vn 0.26406636834144592 -0.86924350261688232 -0.41795295476913452
vn 0.32905593514442444 -0.76259201765060425 -0.55693411827087402
vn 0.38345271348953247 -0.76923823356628418 -0.51111298799514771
vn 0.088014990091323853 -0.95130032300949097 -0.29543367028236389
vn 0.015483039431273937 -0.96218407154083252 -0.27195966243743896
vn 0.036452975124120712 -0.94439774751663208 -0.3267783522605896
vn 0.44043406844139099 -0.69991332292556763 -0.56226253509521484
vn 0.38048446178436279 -0.7944832444190979 -0.47331589460372925
vn 0.49046561121940613 -0.63038039207458496 -0.60171753168106079
vn 0.077079348266124725 -0.91502755880355835 -0.39595881104469299
vn 0.2249835878610611 -0.87777698040008545 -0.42295390367507935
vn 0.13952983915805817 -0.92114061117172241 -0.36336123943328857
vn 0.78344893455505371 -0.61717122793197632 0.072852522134780884
vn 0.81033587455749512 -0.58082443475723267 0.077451765537261963
vn 0.89924871921539307 -0.42761403322219849 0.09218471497297287
vn 0.47856771945953369 -0.87743514776229858 0.032871264964342117
vn 0.5723385214805603 -0.81880158185958862 0.044638574123382568
vn 0.50299036502838135 -0.86353898048400879 0.036071814596652985
vn 0.63423240184783936 -0.77133375406265259 0.05285288393497467
vn 0.69402992725372314 -0.71726346015930176 0.062093388289213181
vn 0.9906582236289978 -0.079993925988674164 0.11044106632471085
vn 0.96064150333404541 -0.25801220536231995 0.10294491052627563
vn 0.96639078855514526 -0.23530088365077972 0.10354873538017273
vn 0.40672102570533752 -0.91324746608734131 0.023601317778229713
vn 0.41335925459861755 -0.91024518013000488 0.024246158078312874
vn 0.35026806592941284 -0.93651801347732544 0.015692103654146194
vn -0.14951848983764648 -0.98861968517303467 0.016594037413597107
vn -0.065116405487060547 -0.9978756308555603 0.002008537296205759
vn -0.09808705747127533 -0.99510908126831055 0.011696741916239262
vn -0.17655374109745026 -0.98415583372116089 0.016310462728142738
vn -0.26066982746124268 -0.96542197465896606 0.0034076501615345478
vn -0.24026677012443542 -0.9706871509552002 0.0061925719492137432
vn -0.33905395865440369 -0.94076681137084961 -0.00050680752610787749
vn -0.35896420478820801 -0.93335127830505371 0.00031557882903143764
vn -0.29394009709358215 -0.95580095052719116 -0.0066141779534518719
vn 0.36168155074119568 -0.93229937553405762 0.0020830137655138969
vn 0.43368464708328247 -0.90106385946273804 -0.001251442008651793
vn 0.38658171892166138 -0.92225486040115356 0.00070465169847011566
vn 0.23431208729743958 -0.97215813398361206 0.0025285016745328903
vn 0.24977877736091614 -0.96829718351364136 0.0033321150112897158
vn -0.067928805947303772 -0.99768954515457153 -0.001091754762455821
vn -0.024285919964313507 -0.99970489740371704 0.00051374675240367651
vn -0.034506075084209442 -0.99940431118011475 0.00063389533897861838
vn -0.0012558753369376063 -0.99999904632568359 0.00053002359345555305
vn 0.010375766083598137 -0.99994617700576782 0.0001138066072599031
vn -0.0001028900733217597 -0.99999940395355225 0.0010830027749761939
vn 0.0123797208070755 -0.99992293119430542 0.00090981123503297567
vn 0.22881849110126495 -0.9734419584274292 -0.0072711221873760223
vn 0.3270900547504425 -0.94499087333679199 -0.0020933456253260374
vn 0.20975777506828308 -0.97765862941741943 -0.013612127862870693
vn -0.26742079854011536 -0.96357303857803345 -0.0036250515840947628
vn -0.33551755547523499 -0.94203299283981323 0.001367912394925952
vn -0.26581445336341858 -0.96401339769363403 -0.0045711072161793709
vn -0.20510575175285339 -0.97869813442230225 -0.0090330606326460838
vn 0.039783835411071777 -0.00060788815608248115 -0.99920815229415894
vn 0.03121042437851429 -9.9983837571926415E-05 -0.99951285123825073
vn 0.041364990174770355 -0.00069738167803734541 -0.99914383888244629
vn 0.015535123646259308 -8.8844710262492299E-05 -0.99987930059432983
vn 0.028892340138554573 4.8588612116873264E-05 -0.99958252906799316
vn 0.0092796776443719864 3.5146535083185881E-05 -0.99995696544647217
vn 0.00058292597532272339 -5.1816881750710309E-05 -0.99999982118606567
vn -0.0071688424795866013 0.00026957198861055076 -0.99997425079345703
vn -0.017434306442737579 -0.00026839296333491802 -0.99984794855117798
vn -0.021890703588724136 -6.1014892708044499E-05 -0.99976038932800293
vn -0.032882466912269592 0.00036520021967589855 -0.99945914745330811
vn -0.31527537107467651 0.0017092605121433735 -0.94899868965148926
vn -0.25614097714424133 -0.0028667787555605173 -0.96663516759872437
vn -0.25855746865272522 0.0011340132914483547 -0.965995192527771
vn -0.27512088418006897 -0.89274972677230835 -0.35680028796195984
vn -0.33867275714874268 -0.88173365592956543 -0.32840001583099365
vn -0.26902481913566589 -0.87190186977386475 -0.4091610312461853
vn -0.1253369003534317 -0.88128447532653809 -0.45566248893737793
vn -0.14408056437969208 -0.89956140518188477 -0.41234701871871948
vn -0.21569070219993591 -0.88813012838363647 -0.40583544969558716
vn -0.058415308594703674 -0.88480043411254883 -0.46229410171508789
vn -0.37155228853225708 -0.88874983787536621 -0.26846352219581604
vn -0.414000004529953 -0.87597006559371948 -0.24754889309406281
vn -0.39900919795036316 -0.87135517597198486 -0.28553774952888489
vn -0.2761751115322113 -0.89935487508773804 -0.33895143866539001
vn -0.44984665513038635 -0.8399086594581604 -0.30363044142723083
vn -0.42885333299636841 -0.85165584087371826 -0.30127590894699097
vn -0.43763816356658936 -0.85406947135925293 -0.28113731741905212
vn -0.36345651745796204 -0.86550217866897583 -0.3446815013885498
vn -0.042685519903898239 -0.89001196622848511 -0.45393463969230652
vn 0.0086997449398040771 -0.89434105157852173 -0.44730117917060852
vn -0.14926017820835114 -0.87383431196212769 -0.46274727582931519
vn -0.062257453799247742 -0.87652081251144409 -0.47732090950012207
vn -0.033016107976436615 -0.88436174392700195 -0.46563315391540527
vn 0.59337890148162842 -0.21171241998672485 -0.77658182382583618
vn 0.71013027429580688 -0.68513870239257812 -0.16217255592346191
vn 0.63751733303070068 -0.71244430541992188 -0.2932487428188324
vn 0.49413228034973145 -0.19387999176979065 -0.84749269485473633
vn 0.35612380504608154 7.6266573159955442E-05 -0.93443876504898071
vn 0.34762665629386902 1.0122621461050585E-06 -0.93763303756713867
vn 0.30175402760505676 9.3570641183760017E-05 -0.95338582992553711
vn 0.24510815739631653 9.3752707471139729E-05 -0.96949571371078491
vn 0.29989466071128845 3.5171797208022326E-05 -0.95397233963012695
vn 0.23532631993293762 1.7506881704321131E-05 -0.97191643714904785
vn 0.17892363667488098 7.1411245698982384E-06 -0.98386293649673462
vn 0.18469524383544922 0.00010031995043391362 -0.9827958345413208
vn 0.12448534369468689 8.3428923971951008E-05 -0.9922214150428772
vn 0.080848909914493561 8.8921209680847824E-05 -0.996726393699646
vn 0.10922853648662567 2.0240320736775175E-05 -0.99401664733886719
vn 0.043107502162456512 1.7382313671987504E-05 -0.99907046556472778
vn -0.042562913149595261 8.8403568952344358E-05 -0.99909377098083496
vn -0.013420813716948032 -0.00023504831187892705 -0.99990993738174438
vn -0.058732207864522934 5.1264316425658762E-05 -0.99827378988265991
vn -0.060922354459762573 9.8537682788446546E-05 -0.99814248085021973
vn -0.10880744457244873 1.2402785614540335E-05 -0.99406284093856812
vn -0.24879829585552216 2.6540861654211767E-05 -0.96855533123016357
vn -0.25588080286979675 5.9564968978520483E-05 -0.96670836210250854
vn -0.20904442667961121 -3.2167567951546516E-06 -0.97790616750717163
vn -0.28896987438201904 3.7359932321123779E-05 -0.95733821392059326
vn -0.28735250234603882 7.0465845055878162E-05 -0.95782488584518433
vn -0.30052301287651062 -0.00012056356354150921 -0.95377457141876221
vn -0.29639396071434021 -4.417232412379235E-05 -0.95506578683853149
vn 0.39576080441474915 -0.00011592110968194902 -0.9183536171913147
vn 0.39576080441474915 -0.00011592110968194902 -0.9183536171913147
vn 0.39576080441474915 -0.00011592110968194902 -0.9183536171913147
vn 0.11651241034269333 -4.5680506445933133E-05 -0.99318921566009521
vn 0.088702104985713959 2.9853557862224989E-05 -0.99605822563171387
vn 0.079692564904689789 5.0784969062078744E-05 -0.99681949615478516
vn 0.20613874495029449 -9.1173315013293177E-06 -0.97852277755737305
vn 0.19341470301151276 4.0853345126379281E-05 -0.98111706972122192
vn 0.15820305049419403 1.1349887245160062E-05 -0.98740661144256592
vn 0.36128917336463928 7.5454423495102674E-05 -0.93245381116867065
vn 0.37093201279640198 -2.6893401354755042E-06 -0.92866003513336182
vn 0.30937004089355469 3.2116164220497012E-05 -0.95094174146652222
vn 0.053419958800077438 1.1964834811806213E-05 -0.99857211112976074
vn 0.12113423645496368 3.6440349504118785E-05 -0.99263614416122437
vn 0.23961755633354187 -2.0161691281828098E-05 -0.9708673357963562
vn 0.96223598718643188 -0.13514603674411774 -0.23629961907863617
vn 0.91739761829376221 -0.17722944915294647 0.35633033514022827
vn 0.9285743236541748 -0.28016889095306396 0.24342377483844757
vn 0.80948704481124878 -0.022056935355067253 -0.58672326803207397
vn 0.9940069317817688 -0.062793552875518799 0.089483119547367096
vn 0.78292816877365112 -0.0009196908213198185 -0.62211143970489502
vn -0.1179107204079628 -0.89346170425415039 0.43338581919670105
vn -0.091079942882061005 -0.90596115589141846 0.41344752907752991
vn -0.12868437170982361 -0.85274147987365723 0.50623339414596558
vn -0.041761625558137894 -0.9000847339630127 0.43370896577835083
vn -0.092028260231018066 -0.87028104066848755 0.48388189077377319
vn -0.050532549619674683 -0.92188465595245361 0.38415515422821045
vn -0.00028311167261563241 -0.91991746425628662 0.39211189746856689
vn -0.0065318061970174313 -0.89009195566177368 0.45573419332504272
vn -0.020685641095042229 -0.93323999643325806 0.35865744948387146
vn -0.15572743117809296 -0.83697491884231567 0.52461600303649902
vn -0.089492917060852051 -0.89550900459289551 0.43595260381698608
vn -0.05440438911318779 -0.92701256275177002 0.37106317281723022
vn -0.16064032912254333 -0.8309369683265686 0.53267103433609009
vn -0.083636492490768433 -0.87585705518722534 0.47526764869689941
vn -0.028003627434372902 -0.94207936525344849 0.33421888947486877
vn 0.0029581065755337477 -0.89067578315734863 0.45462936162948608
vn 0.17642082273960114 -0.27920767664909363 -0.94388490915298462
vn 0.081207901239395142 -0.93965739011764526 -0.3323390781879425
vn 0.28130418062210083 -0.28133711218833923 -0.91745156049728394
vn 0.070141516625881195 -0.16508843004703522 -0.98378145694732666
vn -0.021845148876309395 -0.87756067514419556 -0.47896775603294373
vn -0.10655098408460617 -0.30934593081474304 0.94496136903762817
vn -0.080826118588447571 -0.28787460923194885 0.95425122976303101
vn -0.10268878936767578 -0.30453196167945862 0.94695055484771729
vn -0.11693092435598373 -0.32733514904975891 0.93764537572860718
vn -0.10298190265893936 -0.35981214046478271 0.92732405662536621
vn -0.12152382731437683 -0.33765178918838501 0.93339341878890991
vn -0.054532505571842194 -0.26524311304092407 0.96263819932937622
vn -0.02374989353120327 -0.22967125475406647 0.97297847270965576
vn 0.0095153339207172394 -0.14724138379096985 0.98905479907989502
vn 0.018282948061823845 -0.071240268647670746 0.99729162454605103
vn 0.016863858327269554 -0.079313464462757111 0.99670708179473877
vn 0.0058187674731016159 0.015419669449329376 0.99986416101455688
vn 0.014647525735199451 -0.015246699564158916 0.99977648258209229
vn 0.014959000051021576 -0.0099579393863677979 0.99983853101730347
vn 0.06877453625202179 -0.00034341076388955116 -0.99763214588165283
vn 0.067913047969341278 -3.3898835681611672E-05 -0.99769121408462524
vn 0.21707488596439362 0.001569350715726614 -0.9761536717414856
vn 0.32725018262863159 0.0019201514078304172 -0.94493579864501953
vn 0.34846732020378113 0.0004465886449906975 -0.93732082843780518
vn 0.67659604549407959 0.00075001124059781432 -0.73635399341583252
vn 0.66771990060806274 0.0005370515282265842 -0.74441242218017578
vn 0.62235313653945923 0.00013021276390645653 -0.78273659944534302
vn 0.60958820581436157 -8.9013563410844654E-05 -0.79271823167800903
vn 0.6203080415725708 4.3126081436639652E-05 -0.78435826301574707
vn 0.57946527004241943 -0.00023253745166584849 -0.81499689817428589
vn 0.56307297945022583 -0.00035805767402052879 -0.82640707492828369
vn 0.51050186157226562 -0.0005508317262865603 -0.85987645387649536
vn 0.50579774379730225 -0.00063173187663778663 -0.86265188455581665
vn 0.41703170537948608 -0.00024643476353958249 -0.90889191627502441
vn 0.40022680163383484 0.00019227525626774877 -0.91641610860824585
vn 0.42833641171455383 -0.00037375185638666153 -0.90361928939819336
vn 0.37975889444351196 -0.00028146576369181275 -0.92508548498153687
vn 0.3834817111492157 -0.00075325515354052186 -0.92354816198348999
vn -0.20127633213996887 -0.78301835060119629 0.5885322093963623
vn -0.2301674485206604 -0.76744019985198975 0.59837985038757324
vn -0.2851923406124115 -0.70369213819503784 0.65075546503067017
vn -0.30945536494255066 -0.62794047594070435 0.71409249305725098
vn -0.35653659701347351 -0.59996014833450317 0.71619099378585815
vn -0.33769196271896362 -0.55558151006698608 0.75979822874069214
vn -0.32754182815551758 -0.47436290979385376 0.81712675094604492
vn -0.2681751549243927 -0.7401120662689209 0.61669778823852539
vn -0.24415594339370728 -0.73651844263076782 0.63081568479537964
vn -0.29430663585662842 -0.67670178413391113 0.67487651109695435
vn -0.22222432494163513 -0.78070950508117676 0.58404541015625
vn -0.33994537591934204 -0.40521365404129028 0.84866899251937866
vn -0.31964579224586487 -0.29841920733451843 0.89931780099868774
vn -0.28402841091156006 -0.44314971566200256 0.85026240348815918
vn -0.30949312448501587 -0.604636549949646 0.73391324281692505
vn -0.30666568875312805 -0.66310304403305054 0.68282538652420044
vn -0.31555426120758057 -0.54124683141708374 0.77940833568572998
vn -0.29750290513038635 -0.51572304964065552 0.80344372987747192
vn -0.39222100377082825 -0.4891011118888855 0.77906531095504761
vn -0.379759281873703 -0.26833739876747131 0.88531231880187988
vn -0.3543994128704071 -0.20799125730991364 0.91166919469833374
vn 0.21103017032146454 -0.97746992111206055 0.0043440377339720726
vn 0.16584783792495728 -0.98615092039108276 0.00093993655173107982
vn 0.19466380774974823 -0.98086470365524292 0.0032360029872506857
vn 0.2613484263420105 -0.96521598100662231 0.0074227824807167053
vn 0.33227235078811646 -0.94305801391601562 0.015382419340312481
vn 0.27307182550430298 -0.9619516134262085 0.0089916512370109558
vn 0.4099719226360321 -0.88360357284545898 -0.22620290517807007
vn 0.33274349570274353 -0.90546488761901855 -0.2634674608707428
vn 0.33724933862686157 -0.89580631256103516 -0.28947174549102783
vn 0.15954458713531494 -0.92701476812362671 -0.33939528465270996
vn 0.20330251753330231 -0.92278009653091431 -0.32733017206192017
vn 0.21094727516174316 -0.92739933729171753 -0.30892020463943481
vn 0.26465821266174316 -0.91550767421722412 -0.30298793315887451
vn 0.26767757534980774 -0.91868603229522705 -0.29045602679252625
vn 0.26463162899017334 -0.91264081001281738 -0.31153944134712219
vn 0.16472278535366058 -0.93259322643280029 -0.32114845514297485
vn 0.15083703398704529 -0.93423229455947876 -0.32319998741149902
vn 0.078514628112316132 -0.9535520076751709 0.29081621766090393
vn 0.058404695242643356 -0.95873624086380005 0.27823323011398315
vn 0.064952313899993896 -0.92873913049697876 0.36499971151351929
vn 0.050916563719511032 -0.90627682209014893 0.41960674524307251
vn 0.05118107795715332 -0.90236544609069824 0.42792180180549622
vn 0.055567696690559387 -0.91096353530883789 0.40872684121131897
vn 0.10818426311016083 -0.9288867712020874 -0.35421115159988403
vn 0.091389551758766174 -0.92461836338043213 -0.36976867914199829
vn 0.13991883397102356 -0.93193942308425903 -0.3345319926738739
vn 0.054603904485702515 -0.91568118333816528 -0.39817875623703003
vn 0.034894265234470367 -0.90651345252990723 -0.42073243856430054
vn 0.016279242932796478 -0.90608203411102295 -0.42278876900672913
vn 0.076898299157619476 -0.92186707258224487 -0.37979966402053833
vn 0.0532635897397995 -0.91650712490081787 -0.39645639061927795
vn 0.14637763798236847 -0.92875146865844727 -0.34057942032814026
vn 0.12255130708217621 -0.92769461870193481 -0.35265260934829712
vn -0.027862338349223137 -0.88853365182876587 -0.45796471834182739
vn 0.00044034549500793219 -0.9001193642616272 -0.43564307689666748
vn 0.0054913759231567383 -0.89413291215896606 -0.44776800274848938
vn 0.40269774198532104 -0.31036153435707092 -0.86110991239547729
vn 0.3192061185836792 -0.89914757013320923 -0.29940131306648254
vn 0.30282381176948547 -0.34848356246948242 -0.88704955577850342
vn 0.40115460753440857 -0.13111931085586548 -0.906577467918396
vn 0.42072027921676636 -0.24920359253883362 -0.87229126691818237
vn 0.50083720684051514 -0.39919000864028931 -0.76799052953720093
vn 0.45488229393959045 -0.82884317636489868 -0.32573166489601135
vn 0.51339423656463623 -0.7143213152885437 -0.475574791431427
vn 0.45632266998291016 -0.88466668128967285 -0.095574550330638885
vn 0.022221934050321579 -0.99975281953811646 -0.00071086804382503033
vn 0.073738537728786469 -0.99727755784988403 0.00024852441856637597
vn 0.058772876858711243 -0.99827134609222412 0.00010590235615381971
vn -0.055635709315538406 -0.99845105409622192 0.00035365883377380669
vn -0.022970996797084808 -0.99973601102828979 -0.0004497982154134661
vn -0.023305974900722504 -0.99972832202911377 0.0003334691864438355
vn 0.14590205252170563 -0.98929893970489502 0.00049956049770116806
vn 0.10905022174119949 -0.99403613805770874 0.0004598851955961436
vn 0.13081908226013184 -0.99140608310699463 0.00056531035806983709
vn -0.79584586620330811 -0.0002052504860330373 -0.605499267578125
vn -0.72262740135192871 7.0170804974623024E-05 -0.69123774766921997
vn -0.72781634330749512 -0.00071627716533839703 -0.68577170372009277
vn -0.82642871141433716 -0.00057215493870899081 -0.563041090965271
vn -0.83740383386611938 0.00019716794486157596 -0.54658466577529907
vn -0.89107102155685425 0.00063622405286878347 -0.45386341214179993
vn -0.65361201763153076 0.0030469938647001982 -0.75682365894317627
vn -0.8875461220741272 0.00048974313540384173 -0.46071860194206238
vn -0.87265563011169434 -8.0428886576555669E-05 -0.48833605647087097
vn 0.046602558344602585 -0.72047591209411621 0.69191229343414307
vn 0.055263958871364594 -0.69116431474685669 0.72058159112930298
vn 0.065331391990184784 -0.70603072643280029 0.70516127347946167
vn 0.06229853630065918 -0.63226765394210815 0.77224123477935791
vn 0.072946749627590179 -0.66891568899154663 0.73975038528442383
vn 0.064581364393234253 -0.57148045301437378 0.81807047128677368
vn 0.07692188024520874 -0.60893446207046509 0.7894819974899292
vn 0.084401689469814301 -0.55093389749526978 0.83026993274688721
vn 0.67104643583297729 -0.73903501033782959 0.059362862259149551
vn 0.60887247323989868 -0.79325854778289795 0.003897123271599412
vn 0.58143049478530884 -0.81228303909301758 -0.0462038554251194
vn 0.7338334321975708 -0.66605305671691895 0.13364823162555695
vn 0.68161791563034058 -0.71975678205490112 0.13170868158340454
vn 0.78000473976135254 -0.59836399555206299 0.18317510187625885
vn 0.73976165056228638 -0.63445430994033813 0.22409908473491669
vn 0.88567334413528442 -0.068266354501247406 0.45926296710968018
vn 0.91010576486587524 -0.17464277148246765 0.37577581405639648
vn 0.92342418432235718 -0.083162248134613037 0.37466228008270264
vn 0.51099318265914917 -0.84791266918182373 -0.1411738246679306
vn 0.53795838356018066 -0.83749258518218994 -0.095952704548835754
vn 0.48468348383903503 -0.85619449615478516 -0.17892149090766907
vn 0.56793010234832764 -0.82174253463745117 -0.046846151351928711
vn 0.63346552848815918 -0.77131104469299316 0.06164957582950592
vn 0.79608160257339478 -0.51745098829269409 0.31384485960006714
vn 0.8778197169303894 -0.16239109635353088 0.45062369108200073
vn -0.0055412556976079941 7.7842545579187572E-05 -0.99998462200164795
vn 0.00423090485855937 5.5337251978926361E-05 -0.99999105930328369
vn -0.011536677367985249 5.8393405197421089E-05 -0.99993342161178589
vn -0.016293836757540703 9.2447124188765883E-05 -0.99986726045608521
vn -0.03056708350777626 0.00019503898511175066 -0.99953269958496094
vn 0.045096293091773987 -3.8465466786874458E-05 -0.99898266792297363
vn 0.030323883518576622 8.881561370799318E-05 -0.99954015016555786
vn 0.035824894905090332 9.4661692855879664E-05 -0.99935805797576904
vn 0.030742920935153961 0.00011976789392065257 -0.99952733516693115
vn 0.018690256401896477 9.8955577414017171E-05 -0.99982529878616333
vn 0.010596716776490211 8.7226399045903236E-05 -0.99994385242462158
vn -0.20889800786972046 -0.014558723196387291 0.97782903909683228
vn -0.26881876587867737 -0.01350816898047924 0.963096022605896
vn -0.26651334762573242 -0.073087744414806366 0.96105611324310303
vn -0.27035084366798401 -0.13040323555469513 0.95388960838317871
vn -0.25019535422325134 -0.1621924489736557 0.95451343059539795
vn -0.28477057814598083 -0.22326737642288208 0.93223249912261963
vn -0.30424734950065613 -0.10940460115671158 0.94628971815109253
vn -0.25059205293655396 -0.2036723792552948 0.94642549753189087
vn -0.34959280490875244 -0.18168209493160248 0.91911721229553223
vn -0.250215083360672 0.007074910681694746 0.96816444396972656
vn -0.23370566964149475 -0.0066294055432081223 0.97228479385375977
vn -0.21751084923744202 -0.00018365097639616579 0.97605788707733154
vn 0.015218407846987247 8.896677172742784E-05 -0.99988418817520142
vn 0.025986399501562119 7.0373238258980564E-07 -0.99966228008270264
vn 0.0094852494075894356 0.00013328008935786784 -0.99995499849319458
vn -0.0038102229591459036 0.00012415312812663615 -0.9999927282333374
vn -0.017065852880477905 4.3839791032951325E-06 -0.99985438585281372
vn -0.024044781923294067 0.00019799877190962434 -0.99971085786819458
vn -0.030916254967451096 1.2009151078018476E-06 -0.99952197074890137
vn 0.16719911992549896 -0.0041100773960351944 -0.98591458797454834
vn 0.27126282453536987 -0.011551328003406525 -0.9624360203742981
vn 0.23837859928607941 -0.0091519756242632866 -0.97112917900085449
vn 0.0089225061237812042 5.5805674492148682E-05 -0.99996018409729004
vn 0.01458656694740057 4.4099248043494299E-05 -0.99989360570907593
vn 0.0006117285811342299 4.2855444917222485E-05 -0.99999982118606567
vn 0.024798380210995674 -0.92808306217193604 0.37154656648635864
vn 0.033801671117544174 -0.89924776554107666 0.43613171577453613
vn 0.001220878679305315 -0.94239789247512817 0.33449167013168335
vn 0.030537497252225876 -0.95351839065551758 0.29978352785110474
vn 0.095647551119327545 -0.95847851037979126 0.26864564418792725
vn 0.075141288340091705 -0.92030715942382812 0.38391208648681641
vn 0.033042021095752716 -0.88665229082107544 0.46125468611717224
vn 0.0088597256690263748 -0.88975334167480469 0.45635569095611572
vn 0.048137996345758438 -0.89919722080230713 0.43488740921020508
vn 0.055924322456121445 -0.93114906549453735 0.36032471060752869
vn 0.048322722315788269 -0.95749789476394653 0.28436368703842163
vn 0.048609666526317596 -0.9112514853477478 0.4089716374874115
vn 0.0219001155346632 -0.92000329494476318 0.39129820466041565
vn 0.0049315942451357841 -0.84897339344024658 0.5284125804901123
vn 0.060050632804632187 -0.85500061511993408 0.51513868570327759
vn -0.010289248079061508 -0.80629682540893555 0.59142166376113892
vn 0.035620220005512238 -0.79368966817855835 0.60727912187576294
vn -0.026877893134951591 -0.79314476251602173 0.60843980312347412
vn 0.0036563747562468052 -0.75863170623779297 0.65150946378707886
vn -0.03814006969332695 -0.75216841697692871 0.65786623954772949
vn 0.050886508077383041 -0.92056834697723389 0.38725244998931885
vn -0.078001640737056732 -0.40913143754005432 0.90913540124893188
vn -0.079330973327159882 -0.37153670191764832 0.92502272129058838
vn -0.0096264053136110306 -0.42519944906234741 0.90504848957061768
vn -0.12536740303039551 -0.35288414359092712 0.92723017930984497
vn 0.073108702898025513 -0.53641384840011597 0.8407825231552124
vn 0.042684387415647507 -0.51727098226547241 0.85475659370422363
vn 0.045548427850008011 -0.47677913308143616 0.8778422474861145
vn -0.84175622463226318 -0.054051041603088379 0.53714513778686523
vn -0.84165078401565552 -0.16120916604995728 0.51539844274520874
vn -0.84224498271942139 -0.14084902405738831 0.5203700065612793
vn -0.83669555187225342 -0.25471705198287964 0.48482966423034668
vn -0.81532114744186401 -0.39912548661231995 0.41946431994438171
vn -0.82017451524734497 -0.37141838669776917 0.43515762686729431
vn -0.77285134792327881 -0.52036046981811523 0.36321589350700378
vn -0.84030413627624512 0.016308000311255455 0.54186993837356567
vn -0.84236973524093628 -0.033116959035396576 0.53788149356842041
vn -0.062795817852020264 -0.0024923169985413551 -0.99802327156066895
vn -0.07018754631280899 -0.00037648287252523005 -0.99753373861312866
vn -0.1646721214056015 -0.0012698802165687084 -0.98634755611419678
vn 0.39034450054168701 -0.00046370961354114115 -0.92066878080368042
vn 0.35920789837837219 -0.0066523272544145584 -0.93323385715484619
vn 0.40671804547309875 0.0038032613229006529 -0.91354584693908691
vn 0.19443932175636292 -0.0018503357423469424 -0.98091280460357666
vn 0.32850393652915955 0.00028668119921348989 -0.94450253248214722
vn 0.21704950928688049 3.0551596864825115E-05 -0.97616058588027954
vn 0.09553740918636322 -0.0010706556495279074 -0.99542528390884399
vn -0.34606459736824036 -0.22518467903137207 -0.91078603267669678
vn -0.37537792325019836 -0.73775589466094971 -0.56107723712921143
vn -0.23253524303436279 -0.23938897252082825 -0.94266659021377563
vn -0.077902138233184814 -0.19809640944004059 -0.97708189487457275
vn -0.27947318553924561 -0.74034112691879272 -0.61138349771499634
vn 0.088552422821521759 -0.14841550588607788 -0.98495244979858398
vn 0.0072760637849569321 -0.56642264127731323 -0.82408279180526733
vn 0.50422686338424683 -0.56390762329101562 -0.65403634309768677
vn 0.39992892742156982 -0.64782905578613281 -0.64836281538009644
vn 0.41426166892051697 -0.68800216913223267 -0.59585261344909668
vn -0.081363499164581299 -0.0005527926841750741 -0.99668431282043457
vn -0.15210388600826263 0.0012663024244830012 -0.98836368322372437
vn -0.10347072780132294 3.8917161873541772E-05 -0.99463248252868652
vn -0.34112706780433655 0.0026739321183413267 -0.94001340866088867
vn -0.33617836236953735 -0.00039334577741101384 -0.94179826974868774
vn -0.21460935473442078 0.00010489249689271674 -0.97669994831085205
vn -0.046614933758974075 -2.9851766157662496E-05 -0.99891293048858643
vn -0.016314571723341942 0.00034761152346618474 -0.99986684322357178
vn -0.042104344815015793 0.00038053191383369267 -0.99911314249038696
vn -0.11407650262117386 -0.38739436864852905 -0.91482901573181152
vn -0.30062079429626465 -0.4557708203792572 -0.83779478073120117
vn -0.13512951135635376 -0.1546156257390976 -0.97868996858596802
vn -0.1250385195016861 -0.89417010545730591 -0.42991295456886292
vn -0.070731759071350098 -0.27355203032493591 -0.95925301313400269
vn -0.20190893113613129 -0.94999909400939941 -0.23819015920162201
vn -0.9622795581817627 -0.15995748341083527 -0.22007185220718384
vn -0.99677562713623047 -0.06449301540851593 0.047738891094923019
vn -0.94546127319335938 -0.015637794509530067 -0.32535886764526367
vn -0.99979287385940552 -0.0085595538839697838 0.018464472144842148
vn -0.91812789440155029 0.0055421055294573307 -0.39624550938606262
vn 0.012664268724620342 -0.7566182017326355 0.65373426675796509
vn 0.04940364882349968 -0.7480577826499939 0.66179215908050537
vn -0.0019681861158460379 -0.76447755098342896 0.64464735984802246
vn -0.07848966121673584 -0.76933032274246216 0.63401120901107788
vn -0.065383672714233398 -0.76278418302536011 0.64333915710449219
vn -0.070542119443416595 -0.75895047187805176 0.64731603860855103
vn -0.018391871824860573 -0.81233447790145874 -0.58290177583694458
vn -0.032422546297311783 -0.29734078049659729 -0.95422077178955078
vn 0.011077022179961205 -0.25678768754005432 -0.96640437841415405
vn -0.078150652348995209 -0.87194764614105225 -0.48332154750823975
vn -0.039008527994155884 -0.94916254281997681 -0.31235995888710022
vn 0.024902012199163437 -0.78484880924224854 -0.61918675899505615
vn 0.012083278968930244 -0.79765427112579346 -0.60299390554428101
vn -0.23875273764133453 -0.90021270513534546 0.36416229605674744
vn -0.37076970934867859 -0.92225581407546997 0.10942571610212326
vn -0.31427869200706482 -0.94769185781478882 -0.055759157985448837
vn -0.18883548676967621 -0.92916321754455566 0.31780007481575012
vn -0.23198041319847107 -0.96753126382827759 -0.10034105181694031
vn -0.25706934928894043 -0.73163914680480957 0.63136327266693115
vn -0.35967180132865906 -0.73900449275970459 0.56965649127960205
vn -0.42824208736419678 -0.89361250400543213 0.13440775871276855
vn -0.16469436883926392 -0.97766649723052979 -0.13055239617824554
vn -0.13783735036849976 -0.90810310840606689 0.3954106867313385
vn -0.30322873592376709 -6.707214197376743E-05 -0.95291781425476074
vn -0.30113166570663452 0.00026989346952177584 -0.9535825252532959
vn -0.29442512989044189 -0.00077778921695426106 -0.95567423105239868
vn -0.020287986844778061 -0.97409790754318237 0.22521480917930603
vn -0.056507740169763565 -0.98283779621124268 0.17560392618179321
vn -0.036226287484169006 -0.98283809423446655 -0.18087829649448395
vn 0.0074271773919463158 -0.99976181983947754 0.020521514117717743
vn -0.0020454165060073137 -0.99092257022857666 -0.13441832363605499
vn -0.015916720032691956 -4.8355155740864575E-05 -0.99987334012985229
vn 0.050639193505048752 -5.2502269682008773E-05 -0.99871701002120972
vn -0.012523766607046127 -2.8121361538069323E-05 -0.99992156028747559
vn -0.080774322152137756 -3.4033317206194624E-05 -0.99673241376876831
vn -0.21920512616634369 -0.0001188909518532455 -0.97567880153656006
vn -0.27815937995910645 -4.1622821299824864E-05 -0.96053493022918701
vn -0.2283501923084259 -0.00010957834456348792 -0.9735790491104126
vn 0.13330034911632538 -5.088861144031398E-05 -0.99107569456100464
vn 0.1849716454744339 -8.4892548329662532E-05 -0.98274385929107666
vn 0.23334771394729614 -6.1742699472233653E-05 -0.97239333391189575
vn 0.26073214411735535 -2.5404815460206009E-05 -0.96541118621826172
vn 0.29174485802650452 -7.7974065789021552E-05 -0.95649617910385132
vn -0.27427887916564941 -8.6690328316763043E-05 -0.96165019273757935
vn -0.27672421932220459 -8.3082144556101412E-05 -0.9609493613243103
vn -0.10445056110620499 -6.0750615375582129E-05 -0.9945300817489624
vn 0.32936424016952515 -0.00012944820628035814 -0.9442029595375061
vn -0.73252284526824951 -0.65701639652252197 -0.17815648019313812
vn -0.84499752521514893 -0.52951675653457642 -0.07477414608001709
vn -0.60728031396865845 -0.19172723591327667 -0.77100670337677002
vn -0.62032848596572876 -0.71288299560546875 -0.32709386944770813
vn -0.86138564348220825 -0.5050615668296814 -0.05410679429769516
vn -0.91997826099395752 -0.3861757218837738 0.067144155502319336
vn -0.86822563409805298 -0.16862262785434723 -0.46663758158683777
vn -0.41686815023422241 -0.56737047433853149 0.71014904975891113
vn -0.73370522260665894 -0.58025616407394409 0.35352426767349243
vn -0.67987990379333496 -0.67725437879562378 0.28122919797897339
vn -0.41426151990890503 -0.6806674599647522 0.60421782732009888
vn -0.63139349222183228 -0.75612521171569824 0.17209555208683014
vn -0.5428503155708313 -0.8199995756149292 0.18142278492450714
vn -0.4597802460193634 -0.26855239272117615 0.84645241498947144
vn -0.51474654674530029 -0.14995764195919037 0.84412598609924316
vn -0.83850622177124023 -0.2245810478925705 0.49645808339118958
vn -0.76821339130401611 -0.026589663699269295 0.63964146375656128
vn -0.2917962372303009 -0.078947961330413818 0.95321673154830933
vn -0.46079438924789429 0.0089035527780652046 0.88746225833892822
vn -0.33361798524856567 -0.0069223814643919468 0.94268292188644409
vn -0.83360987901687622 -0.35247248411178589 0.42527371644973755
vn -0.73385089635848999 -0.54805952310562134 0.40136471390724182
vn -0.49349173903465271 -0.38800725340843201 0.77840626239776611
vn -0.82971030473709106 -0.38836848735809326 0.40093731880187988
vn -0.36076325178146362 -0.45478379726409912 0.81426137685775757
vn -0.18644817173480988 -0.98245722055435181 0.0038647237233817577
vn -0.1258067786693573 -0.99205422401428223 -0.0010431403061375022
vn -0.22857323288917542 -0.9734656810760498 0.010900587774813175
vn -0.30710232257843018 -0.95117825269699097 0.030790699645876884
vn -0.58848536014556885 -0.79755210876464844 0.13264860212802887
vn -0.65177041292190552 -0.72796297073364258 0.21275632083415985
vn -0.55595111846923828 -0.81893759965896606 0.14233613014221191
vn -0.72130930423736572 -0.63083600997924805 0.2859349250793457
vn -0.70848941802978516 -0.66754651069641113 0.22896373271942139
vn -0.36042100191116333 -0.93185824155807495 0.04167710617184639
vn -0.44581064581871033 -0.89106088876724243 0.085225336253643036
vn -0.76841962337493896 -0.56348741054534912 0.30333679914474487
vn -0.74990510940551758 -0.65829950571060181 -0.065452829003334045
vn -0.797707200050354 -0.19457706809043884 -0.57079148292541504
vn -0.65674030780792236 -0.21851389110088348 -0.72176438570022583
vn -0.647907555103302 -0.7402687668800354 -0.17949357628822327
vn -0.50597977638244629 -0.84761804342269897 -0.15977530181407928
vn -0.56454461812973022 -0.31247317790985107 -0.7639697790145874
vn -0.36703455448150635 -0.81615293025970459 -0.44629588723182678
vn -0.39463874697685242 -0.33596464991569519 -0.85521227121353149
vn -0.21562172472476959 -0.20785363018512726 -0.95409858226776123
vn -0.15834493935108185 -0.37172800302505493 -0.9147377610206604
vn -0.24596257507801056 -0.88789832592010498 -0.38876596093177795
vn -0.1054236963391304 -0.82287102937698364 -0.55836290121078491
vn -0.17664465308189392 -0.93423241376876831 -0.30984905362129211
vn -0.077276825904846191 -0.94916921854019165 -0.30513292551040649
vn -0.039945323020219803 -0.93911123275756836 -0.34128350019454956
vn -0.073334969580173492 -0.95123273134231567 -0.29963013529777527
vn 0.004372832365334034 -0.94779932498931885 -0.3188374936580658
vn -0.0020020632073283195 -0.95762503147125244 -0.28801092505455017
vn -0.0081006549298763275 -0.93635684251785278 -0.35095614194869995
vn -0.11415480822324753 -0.95536351203918457 -0.27248707413673401
vn -0.1256355494260788 -0.95377177000045776 -0.27301114797592163
vn -0.093737155199050903 -0.9550437331199646 -0.28125578165054321
vn -0.15631042420864105 -0.95512837171554565 -0.25158858299255371
vn -0.022240744903683662 -0.9358140230178833 -0.3517918586730957
vn 0.0073263715021312237 -0.92790013551712036 -0.37275677919387817
vn 0.017610333859920502 -0.92130327224731445 -0.38844576478004456
vn 0.011041391640901566 -0.93073248863220215 -0.36553403735160828
vn 0.012778547592461109 -0.94564145803451538 -0.32495990395545959
vn -0.034685775637626648 -0.95599460601806641 -0.29132667183876038
vn -0.026116147637367249 -0.95106077194213867 -0.30789822340011597
vn -0.022679787129163742 -0.47273603081703186 -0.880912184715271
vn -0.04195592924952507 -0.3177381157875061 -0.94724982976913452
vn -0.00078806554665789008 -0.13053789734840393 -0.9914429783821106
vn 0.016324689611792564 -0.33829060196876526 -0.94090008735656738
vn -0.02265835739672184 -0.91534686088562012 -0.40202829241752625
vn -0.070547468960285187 -0.95839691162109375 -0.27658340334892273
vn 0.021448653191328049 -0.91830039024353027 -0.39530292153358459
vn 0.025186769664287567 -0.28747847676277161 -0.95745587348937988
vn -0.10395435243844986 -0.89714378118515015 -0.42933261394500732
vn -0.90436089038848877 -0.28029492497444153 -0.32181698083877563
vn -0.9194260835647583 -0.32267162203788757 0.22480820119380951
vn -0.8849647045135498 -0.10718151181936264 -0.45315515995025635
vn -0.83097374439239502 -0.21429763734340668 -0.51338011026382446
vn -0.80592191219329834 -0.56846874952316284 0.16532757878303528
vn -0.26338097453117371 -0.001449991250410676 -0.96469080448150635
vn -0.28424489498138428 -0.0036788161378353834 -0.95874464511871338
vn -0.34131130576133728 -0.0036684798542410135 -0.93994313478469849
vn -0.17195318639278412 -0.0022974868770688772 -0.98510241508483887
vn -0.18617835640907288 -0.004138176329433918 -0.98250722885131836
vn -0.10204273462295532 -0.001374416402541101 -0.99477905035018921
vn -0.40902626514434814 -0.0040907189249992371 -0.91251343488693237
vn -0.5128021240234375 -0.0021023515146225691 -0.85850423574447632
vn -0.46318823099136353 -0.002371117239817977 -0.88625675439834595
vn -0.41676190495491028 -0.0030306472908705473 -0.90901064872741699
vn -0.63407284021377563 -0.0010256528621539474 -0.77327263355255127
vn -0.043524362146854401 -2.4509592549293302E-05 -0.99905234575271606
vn -0.041729088872671127 -1.7436994312447496E-05 -0.99912893772125244
vn -0.060415759682655334 -0.00038473683525808156 -0.99817323684692383
vn -0.64721179008483887 0.0031008829828351736 -0.76230394840240479
vn -0.56765216588973999 -0.00056573806796222925 -0.82326829433441162
vn -0.94368129968643188 -0.15253481268882751 0.29359623789787292
vn -0.94315999746322632 -0.036027763038873672 0.33038035035133362
vn -0.93622803688049316 -0.049129601567983627 -0.34794157743453979
vn -0.048883132636547089 0.8184247612953186 0.57253062725067139
vn -0.026002565398812294 0.82390987873077393 0.56612402200698853
vn -0.054021619260311127 0.82942581176757812 0.55599862337112427
vn -0.080776005983352661 0.83881449699401855 0.5383915901184082
vn -0.069741226732730865 0.82869589328765869 0.55533707141876221
vn -0.10290401428937912 0.8649742603302002 0.49115198850631714
vn -0.028065605089068413 0.84721660614013672 0.5305057168006897
vn 0.17813137173652649 0.93349021673202515 0.31123188138008118
vn 0.1641867458820343 0.9342658519744873 0.31652805209159851
vn 0.06462164968252182 0.88716191053390503 0.45691114664077759
vn 0.35522094368934631 0.91861718893051147 0.17309097945690155
vn 0.25691613554954529 0.94012850522994995 0.22394749522209167
vn 0.27111315727233887 0.94200563430786133 0.19779551029205322
vn 0.37684783339500427 0.91804516315460205 0.12320231646299362
vn 0.42329338192939758 0.89202207326889038 0.15849076211452484
vn 0.063617900013923645 0.89459365606307983 0.4423290491104126
vn -0.020123502239584923 0.82655566930770874 0.56249517202377319
vn 0.48884594440460205 0.85396277904510498 0.17826168239116669
vn 0.41208586096763611 0.89168816804885864 0.18728967010974884
vn 0.37229686975479126 0.88005822896957397 0.29477551579475403
vn 0.3748430609703064 0.90477842092514038 0.20216004550457001
vn 0.13044159114360809 0.64935362339019775 0.74921619892120361
vn -0.015765286982059479 0.5549541711807251 0.83173149824142456
vn 0.024810735136270523 0.60928082466125488 0.79256629943847656
vn 0.055536378175020218 0.68039113283157349 0.73074185848236084
vn 0.19142818450927734 0.72718614339828491 0.65920829772949219
vn 0.33669978380203247 0.80450129508972168 0.48929634690284729
vn 0.23192983865737915 0.78521710634231567 0.57414513826370239
vn 0.33096796274185181 0.84688174724578857 0.41623497009277344
vn 0.00032649465720169246 0.7514040470123291 0.65984231233596802
vn -0.037617422640323639 0.68929785490036011 0.72350078821182251
vn 0.0036433229688555002 0.79320228099822998 0.60894739627838135
vn -0.03817502036690712 0.64413905143737793 0.76395517587661743
vn -0.0083289323374629021 0.70060718059539795 0.71349853277206421
vn 0.53602677583694458 0.83793556690216064 0.10266076773405075
vn 0.54793810844421387 0.82801413536071777 0.11898054927587509
vn 0.65970313549041748 0.72242099046707153 0.20712250471115112
vn 0.67770153284072876 0.65602189302444458 0.33219853043556213
vn 0.72393590211868286 0.62622392177581787 0.28941386938095093
vn 0.70661914348602295 0.49003207683563232 0.51044881343841553
vn 0.32429972290992737 0.94595247507095337 -0.0019058206817135215
vn 0.17871798574924469 0.97952347993850708 0.092701546847820282
vn 0.37402695417404175 0.92603856325149536 0.050560589879751205
vn 0.64202380180358887 0.75159257650375366 0.15137387812137604
vn 0.84920233488082886 0.11018227785825729 0.5164448618888855
vn 0.82731658220291138 0.036385085433721542 0.56055635213851929
vn 0.85404932498931885 0.037344455718994141 0.51884984970092773
vn 0.87143075466156006 0.11835740506649017 0.47602519392967224
vn 0.88206022977828979 0.24494136869907379 0.40245929360389709
vn 0.7898249626159668 0.20212152600288391 0.57907116413116455
vn 0.81569063663482666 0.1161598414182663 0.56670594215393066
vn 0.85897189378738403 0.19871973991394043 0.4718874990940094
vn 0.87638425827026367 0.3619009256362915 0.31777095794677734
vn 0.81204754114151001 0.5050768256187439 0.29236304759979248
vn 0.83401262760162354 0.32284548878669739 0.44743016362190247
vn 0.87304103374481201 -0.0128282830119133 0.48747801780700684
vn 0.87019562721252441 0.033127781003713608 0.49159139394760132
vn 0.065480530261993408 0.94570714235305786 0.31835561990737915
vn 0.057058393955230713 0.93051928281784058 0.36177095770835876
vn 0.12282361835241318 0.965293288230896 0.2304847240447998
vn 0.019656585529446602 0.88120442628860474 0.4723266065120697
vn 0.015891216695308685 0.87800461053848267 0.47838824987411499
vn 0.13897700607776642 0.97132277488708496 0.19291836023330688
vn 0.21225385367870331 0.97086095809936523 0.11125324666500092
vn 0.0085554253309965134 0.80610817670822144 0.59170633554458618
vn -0.010322406888008118 0.76735478639602661 0.6411396861076355
vn -0.0049900398589670658 0.81650847196578979 0.5773119330406189
vn 0.21049216389656067 0.97019177675247192 0.12008713930845261
vn 0.31766295433044434 0.94560438394546509 0.070161335170269012
vn -0.039003446698188782 0.44649454951286316 0.89393585920333862
vn -0.0631246417760849 0.52012342214584351 0.85175520181655884
vn 0.092182919383049011 -0.28385448455810547 0.95442599058151245
vn 0.14996758103370667 -0.83672726154327393 0.52668505907058716
vn 0.11376222968101501 -0.63920807838439941 0.76057291030883789
vn -0.037585027515888214 0.73619157075881958 0.67572873830795288
vn -0.032572701573371887 0.51268649101257324 0.85795778036117554
vn 0.031137770041823387 -0.026892265304923058 0.9991532564163208
vn 0.087089486420154572 -0.82737773656845093 0.55485272407531738
vn 0.046979192644357681 -0.62245643138885498 0.78124320507049561
vn 0.031055398285388947 0.15812544524669647 0.98693054914474487
vn 0.047801364213228226 0.46514126658439636 0.88394492864608765
vn 0.030702963471412659 0.63398009538650513 0.77273964881896973
vn 0.039632923901081085 -0.4610590934753418 0.88648390769958496
vn 0.035064421594142914 -0.55301457643508911 0.83243340253829956
vn 0.056184124201536179 0.60723823308944702 0.79253077507019043
vn 0.34710675477981567 -0.7548985481262207 0.55645763874053955
vn -0.010127556510269642 0.2068619579076767 0.9783177375793457
vn 0.30835318565368652 -0.59318792819976807 0.74367094039916992
vn 0.19403906166553497 -0.52345746755599976 0.82966321706771851
vn -0.00097823492251336575 0.21292130649089813 0.97706884145736694
vn 0.2904265820980072 -0.79238879680633545 0.53644424676895142
vn 0.2448774129152298 -0.78540909290313721 0.56847834587097168
vn 0.50080913305282593 -0.70433294773101807 0.50309568643569946
vn 0.3942207396030426 -0.74564266204833984 0.53722161054611206
vn -0.040667645633220673 0.16499865055084229 0.98545503616333008
vn 0.50321340560913086 -0.59722238779067993 0.62458121776580811
vn 0.53350538015365601 -0.65008342266082764 0.54107630252838135
vn 0.535086989402771 -0.38753229379653931 0.75066679716110229
vn -0.26242101192474365 0.25800600647926331 0.92982155084609985
vn -0.0493968166410923 0.090974658727645874 0.99462735652923584
vn 0.14575619995594025 -0.024341784417629242 0.98902106285095215
vn 0.37898907065391541 -0.030670838430523872 0.92489272356033325
vn 0.70991051197052002 -0.1694684624671936 0.68359893560409546
vn -0.49398121237754822 -0.62583190202713013 0.60358679294586182
vn -0.16165664792060852 0.12106423079967499 0.97939294576644897
vn -0.40825510025024414 -0.59884291887283325 0.6889955997467041
vn -0.11812103539705276 0.066671952605247498 0.99075841903686523
vn -0.32739675045013428 -0.59596949815750122 0.7332337498664856
vn -0.015832718461751938 -0.43515110015869141 0.90021824836730957
vn 0.043543841689825058 0.30186688899993896 0.95235514640808105
vn 0.050395410507917404 0.40401655435562134 0.91336244344711304
vn 0.027895577251911163 0.038593500852584839 0.99886554479598999
vn -0.0067621585913002491 -0.48380893468856812 0.87514752149581909
vn 0.057016566395759583 0.59552866220474243 0.80130809545516968
vn 0.02963690273463726 0.22436168789863586 0.97405517101287842
vn -0.11819896101951599 -0.60746115446090698 0.78550618886947632
vn -0.22455793619155884 -0.61550664901733398 0.75546365976333618
vn 0.067173473536968231 0.63343209028244019 0.77087712287902832
vn 0.079800590872764587 0.56113779544830322 0.82386666536331177
vn 0.17916375398635864 -0.02160126157104969 0.98358207941055298
vn 0.40021470189094543 -0.73349034786224365 0.54938161373138428
vn 0.30704247951507568 -0.94347786903381348 -0.124797523021698
vn 0.41633296012878418 -0.78994506597518921 0.45017072558403015
vn 0.082056045532226562 0.5034334659576416 0.86012881994247437
vn 0.34327933192253113 -0.24904237687587738 0.90561425685882568
vn 0.10670312494039536 0.44311702251434326 0.89009088277816772
vn -0.881733238697052 -0.046210840344429016 0.46947953104972839
vn -0.080717548727989197 0.054120387881994247 0.9952666163444519
vn -0.78918665647506714 -0.080778114497661591 0.60881799459457397
vn 0.09805605560541153 0.50103741884231567 0.85985261201858521
vn 0.23352904617786407 -0.18468914926052094 0.95464867353439331
vn 0.13786083459854126 0.39307594299316406 0.90911257266998291
vn 0.084775492548942566 0.21177740395069122 0.97363412380218506
vn 0.077427200973033905 -0.69124269485473633 0.71846264600753784
vn 0.027066294103860855 -0.43570047616958618 0.89968466758728027
vn 0.17649289965629578 -0.70211458206176758 0.68984442949295044
vn -0.54772347211837769 -0.5293123722076416 0.64794093370437622
vn -0.28418239951133728 0.08002183586359024 0.955424964427948
vn -0.35063302516937256 -0.068562425673007965 0.93399983644485474
vn 0.056213635951280594 -0.16510038077831268 0.98467350006103516
vn 0.067059673368930817 0.63339829444885254 0.77091479301452637
vn 0.054032143205404282 0.38098588585853577 0.92300069332122803
vn 0.021267417818307877 -0.41985517740249634 0.90734189748764038
vn 0.087623268365859985 0.45621973276138306 0.88554263114929199
vn 0.36440080404281616 -0.60237199068069458 0.71018308401107788
vn 0.11903009563684464 0.24053783714771271 0.9633137583732605
vn 0.10641948878765106 0.14086161553859711 0.98429310321807861
vn 0.21016059815883636 -0.69098150730133057 0.69164806604385376
vn -0.71619373559951782 -0.4949803352355957 0.49199694395065308
vn -0.70154929161071777 -0.35368084907531738 0.61865860223770142
vn -0.40327125787734985 -0.05539596825838089 0.91340219974517822
vn -0.61503118276596069 -0.72945725917816162 0.29938054084777832
vn -0.62675631046295166 -0.69591957330703735 0.35053169727325439
vn -0.68549144268035889 -0.63760596513748169 0.35151109099388123
vn -0.76136666536331177 -0.55124557018280029 0.34124645590782166
vn -0.80146437883377075 -0.53615319728851318 0.26494261622428894
vn -0.69818240404129028 -0.65793204307556152 0.28225290775299072
vn -0.93103259801864624 -0.28676137328147888 0.22571273148059845
vn -0.94304007291793823 -0.16105963289737701 0.29109311103820801
vn -0.96524238586425781 -0.15936988592147827 0.20714335143566132
vn -0.90387183427810669 -0.29174837470054626 0.31288745999336243
vn -0.85492396354675293 -0.40863716602325439 0.31956329941749573
vn -0.8512071967124939 -0.46047696471214294 0.25180801749229431
vn -0.96202123165130615 -0.044358409941196442 0.26934641599655151
vn -0.96080958843231201 0.0069566546007990837 0.27712187170982361
vn -0.98121064901351929 -0.037724755704402924 0.18921560049057007
vn -0.45137757062911987 -0.83314961194992065 0.31956219673156738
vn -0.55901890993118286 -0.75782841444015503 0.33644300699234009
vn -0.50912851095199585 -0.80783611536026001 0.29696628451347351
vn -0.43193504214286804 -0.85268831253051758 0.29386183619499207
vn -0.35443434119224548 -0.88301622867584229 0.30766639113426208
vn -0.55492639541625977 -0.77630460262298584 0.29901137948036194
vn 0.75054115056991577 0.66002225875854492 -0.03253631666302681
vn 0.66516000032424927 0.29315641522407532 -0.68674707412719727
vn 0.69212096929550171 0.68500697612762451 -0.22745102643966675
vn 0.14438600838184357 0.94419318437576294 0.29606068134307861
vn 0.20898181200027466 0.95871186256408691 -0.19286817312240601
vn 0.16471591591835022 0.96867692470550537 -0.1858324259519577
vn 0.066445067524909973 0.66516607999801636 0.74373328685760498
vn 0.2290651947259903 0.96508985757827759 0.12700653076171875
vn 0.27820685505867004 0.86512506008148193 0.41732433438301086
vn 0.41148373484611511 0.88562965393066406 -0.21527010202407837
vn 0.26682591438293457 0.94809257984161377 0.17298680543899536
vn 0.01998576894402504 0.56785517930984497 0.82288581132888794
vn 0.0011579563142731786 0.54863786697387695 0.8360593318939209
vn 0.35061138868331909 0.8062778115272522 0.47643226385116577
vn 0.47071698307991028 0.88207519054412842 -0.019205227494239807
vn 0.026478540152311325 0.53315824270248413 0.84560108184814453
vn 0.46295130252838135 0.64854168891906738 -0.60421007871627808
vn 0.49618619680404663 0.45613494515419006 -0.73874229192733765
vn 0.46022167801856995 0.82359099388122559 -0.33150246739387512
vn 0.76131981611251831 0.024230170994997025 -0.64792364835739136
vn 0.98978817462921143 0.11956720799207687 -0.077607974410057068
vn 0.98299545049667358 0.021802764385938644 -0.18233092129230499
vn -0.10879521071910858 0.25176137685775757 -0.96165472269058228
vn -0.13313126564025879 0.73928123712539673 -0.66010552644729614
vn -0.048207119107246399 0.25152143836021423 -0.96665042638778687
vn -0.19343484938144684 0.16329459846019745 -0.96742844581604004
vn -0.25079235434532166 0.75610792636871338 -0.60448658466339111
vn -0.04457826167345047 0.76383638381958008 -0.64386862516403198
vn -0.066352412104606628 0.79741042852401733 -0.59977829456329346
vn 0.14214618504047394 0.79051625728607178 -0.59571683406829834
vn 0.17478156089782715 0.26317572593688965 -0.94878339767456055
vn 0.03939458355307579 0.21612009406089783 -0.97557169198989868
vn 0.057159055024385452 0.7545548677444458 -0.65374290943145752
vn 0.030881941318511963 0.21648657321929932 -0.97579705715179443
vn 0.10485125333070755 0.7904365062713623 -0.60350334644317627
vn 0.054829314351081848 0.20624749362468719 -0.97696250677108765
vn 0.053933378309011459 0.77437257766723633 -0.63042706251144409
vn 0.08164098858833313 0.90164637565612793 -0.42469826340675354
vn 0.0079396544024348259 0.18778868019580841 -0.98217737674713135
vn 0.014386638998985291 0.8330950140953064 -0.55294281244277954
vn 0.040712632238864899 0.88717234134674072 -0.45963868498802185
vn -0.0054988833144307137 0.67683464288711548 -0.73611456155776978
vn -0.017213247716426849 0.18249769508838654 -0.98305559158325195
vn -0.030793357640504837 0.73320627212524414 -0.67930871248245239
vn 0.10416485369205475 0.47079533338546753 -0.87607157230377197
vn 0.099761016666889191 0.98552638292312622 -0.13706028461456299
vn 0.079547032713890076 0.96804273128509521 -0.23783513903617859
vn 0.046694763004779816 0.99782425165176392 -0.046544276177883148
vn 0.076016314327716827 0.84468454122543335 0.5298391580581665
vn 0.047690685838460922 0.83013916015625 0.55551290512084961
vn 0.1084265261888504 0.9357985258102417 0.33544716238975525
vn 0.076973773539066315 0.68117719888687134 0.72806084156036377
vn 0.13561384379863739 0.93675333261489868 0.32264849543571472
vn 0.027534844353795052 0.95793789625167847 0.28565162420272827
vn -0.081399291753768921 0.34983217716217041 -0.93326932191848755
vn -0.1061209961771965 0.18456709384918213 -0.97707384824752808
vn -0.18247482180595398 0.35724720358848572 -0.91601169109344482
vn -0.074433401226997375 0.93328922986984253 -0.35132738947868347
vn -0.16708831489086151 0.9398036003112793 -0.29807829856872559
vn -0.30237942934036255 0.094587638974189758 -0.9484829306602478
vn -0.40039235353469849 0.49303969740867615 -0.77239745855331421
vn -0.22779344022274017 0.22857916355133057 -0.94649970531463623
vn 0.41938278079032898 0.25117021799087524 -0.87237125635147095
vn 0.43229478597640991 0.79879480600357056 -0.41838744282722473
vn 0.51936084032058716 0.73012650012969971 -0.44404906034469604
vn 0.29234680533409119 0.19559118151664734 -0.9360969066619873
vn 0.36684161424636841 0.73691129684448242 -0.56779301166534424
vn 0.076393976807594299 0.59363561868667603 0.80109965801239014
vn 0.13361991941928864 0.53500211238861084 0.83421725034713745
vn 0.44146192073822021 0.82427209615707397 0.35452350974082947
vn 0.15706764161586761 0.4328916072845459 0.8876568078994751
vn 0.60959786176681519 0.70484548807144165 0.36274412274360657
vn 0.065575249493122101 0.26926353573799133 0.9608314037322998
vn 0.60562300682067871 0.49389070272445679 0.62393331527709961
vn 0.086542092263698578 0.97759503126144409 -0.19188126921653748
vn 0.1354830265045166 0.8724219799041748 -0.46960005164146423
vn 0.13234885036945343 0.92001622915267944 -0.36885485053062439
vn 0.01585780642926693 0.86687976121902466 -0.49826499819755554
vn 0.083010487258434296 0.73989754915237427 -0.66757833957672119
vn -0.044740013778209686 0.99208915233612061 -0.11729233711957932
vn 0.037236627191305161 0.98667234182357788 0.15840183198451996
vn -0.019048774614930153 0.92687743902206421 0.37488043308258057
vn 0.075919561088085175 0.97283947467803955 0.21867695450782776
vn -0.056072775274515152 0.90208518505096436 0.42789971828460693
vn -0.12357945740222931 0.92393869161605835 -0.36202952265739441
vn 0.72728997468948364 0.17878799140453339 -0.66263425350189209
vn 0.66124796867370605 0.22542828321456909 -0.71549504995346069
vn 0.83040624856948853 0.55661261081695557 0.024654755368828773
vn -0.76626002788543701 -8.7052125309128314E-05 -0.64253062009811401
vn -0.75314885377883911 -0.00010459900659043342 -0.65785014629364014
vn -0.71515423059463501 -1.9440485630184412E-05 -0.69896668195724487
vn -0.1611388623714447 0.87679100036621094 0.4530692994594574
vn -0.34567186236381531 0.93197691440582275 -0.10922451317310333
vn -0.37088379263877869 0.92376250028610229 -0.095435969531536102
vn -0.094263657927513123 0.89809739589691162 0.42957583069801331
vn -0.26657810807228088 0.93987953662872314 -0.21345393359661102
vn -0.048871815204620361 0.9230339527130127 -0.38160175085067749
vn -0.051740977913141251 0.2274884432554245 -0.97240519523620605
vn 0.041551455855369568 0.30985575914382935 -0.94987517595291138
vn 0.49673596024513245 0.83393973112106323 -0.24041199684143066
vn 0.53655683994293213 0.26669618487358093 -0.80061221122741699
vn 0.44453591108322144 0.30441811680793762 -0.84244728088378906
vn 0.58478260040283203 0.79719036817550659 -0.15005619823932648
vn 0.58436137437820435 0.23250846564769745 -0.77747124433517456
vn 0.69277417659759521 0.36467605829238892 -0.62215381860733032
vn 0.68433201313018799 0.70286029577255249 -0.19410589337348938
vn -0.41508018970489502 0.86188298463821411 -0.29131802916526794
vn -0.44834241271018982 0.43227019906044006 -0.78238832950592041
vn -0.43220812082290649 0.86592984199523926 -0.25171735882759094
vn -0.35083913803100586 0.31782892346382141 -0.88084995746612549
vn -0.34171560406684875 0.1678190678358078 -0.92469847202301025
vn -0.21987578272819519 0.24637061357498169 -0.94390475749969482
vn -0.25302308797836304 0.1562197208404541 -0.95476424694061279
vn -0.35024845600128174 0.83064329624176025 -0.43284833431243896
vn -0.0099403252825140953 0.91816860437393188 -0.39606517553329468
vn -0.03839946910738945 0.28650680184364319 -0.95730841159820557
vn -0.064022980630397797 0.91070711612701416 -0.40806078910827637
vn 0.036957882344722748 0.94051337242126465 -0.33774051070213318
vn 0.023646052926778793 0.34070190787315369 -0.93987399339675903
vn 0.075085192918777466 0.94587463140487671 -0.31572678685188293
vn 0.13175475597381592 0.92489516735076904 -0.35666462779045105
vn 0.080587722361087799 0.28998774290084839 -0.95363134145736694
vn 0.04978528618812561 0.34639304876327515 -0.93676745891571045
vn -0.052139062434434891 0.26320391893386841 -0.96333026885986328
vn 0.096615709364414215 0.97845399379730225 0.18246415257453918
vn 0.16300325095653534 0.93671292066574097 -0.30983671545982361
vn 0.1271451860666275 0.97462528944015503 -0.1842271089553833
vn 0.22033469378948212 0.91748040914535522 -0.33118322491645813
vn 0.20219297707080841 0.33266046643257141 -0.9211161732673645
vn 0.093903973698616028 0.37535029649734497 -0.92211401462554932
vn 0.2283589243888855 0.22320631146430969 -0.94764506816864014
vn 0.29747733473777771 0.89895886182785034 -0.3215278685092926
vn 0.18650160729885101 0.28262612223625183 -0.94092488288879395
vn 0.27657490968704224 0.76198047399520874 -0.58556985855102539
vn 0.26029390096664429 0.18308767676353455 -0.94801157712936401
vn 0.1972988098859787 0.85209423303604126 -0.48477688431739807
vn -0.94953489303588867 0.19145168364048004 0.24845464527606964
vn -0.95918732881546021 0.17662881314754486 0.22082100808620453
vn -0.95226132869720459 0.085397504270076752 0.29309672117233276
vn -0.92999064922332764 0.037132468074560165 0.36570286750793457
vn -0.94658964872360229 0.02580721490085125 0.32140624523162842
vn -0.93153059482574463 0.2887711226940155 0.22104746103286743
vn -0.9060637354850769 0.37814924120903015 0.18987274169921875
vn -0.86294078826904297 0.48473182320594788 0.14271742105484009
vn -0.9053882360458374 0.39805018901824951 0.1477435976266861
vn -0.9344896674156189 0.30713894963264465 0.17998529970645905
vn -0.86797231435775757 0.46119371056556702 0.18418595194816589
vn -0.062273584306240082 0.89947760105133057 0.4325067400932312
vn -0.29664427042007446 0.94409680366516113 -0.14381730556488037
vn -0.22750471532344818 0.9537619948387146 -0.19641704857349396
vn -0.14290472865104675 0.88157147169113159 0.44989991188049316
vn -0.45554074645042419 0.59308791160583496 -0.66387450695037842
vn -0.42972081899642944 0.72769558429718018 -0.53460180759429932
vn -0.43542096018791199 0.79762518405914307 -0.41737586259841919
vn 0.0035006389953196049 0.91176176071166992 0.41070455312728882
vn -0.13930051028728485 0.9475170373916626 -0.28776168823242188
vn -0.10202714055776596 0.91817080974578857 0.382822185754776
vn 0.76814508438110352 0.23394294083118439 0.59600657224655151
vn 0.78591686487197876 0.34451410174369812 0.51346343755722046
vn 0.25349900126457214 0.20731598138809204 0.94485890865325928
vn 0.18782462179660797 0.08554907888174057 0.9784698486328125
vn 0.80323058366775513 0.13998055458068848 0.57898712158203125
vn 0.77013194561004639 0.035507109016180038 0.63689565658569336
vn 0.38202527165412903 0.30409443378448486 -0.87268739938735962
vn 0.30065441131591797 0.15203575789928436 -0.94153708219528198
vn 0.26858487725257874 0.28491827845573425 -0.92015421390533447
vn 0.31708607077598572 0.88222432136535645 -0.34804695844650269
vn 0.43978005647659302 0.32759568095207214 -0.83622640371322632
vn 0.41387885808944702 0.86397677659988403 -0.28678983449935913
vn 0.29438096284866333 0.15881361067295074 -0.94240015745162964
vn 0.2214723527431488 0.26216351985931396 -0.93926584720611572
vn 0.30385756492614746 0.67602044343948364 -0.67131727933883667
vn 0.72139805555343628 0.097840756177902222 -0.6855742335319519
vn 0.60495835542678833 0.06352657824754715 -0.79371893405914307
vn 0.85826766490936279 0.39902454614639282 -0.32273212075233459
vn -0.2290351390838623 0.76855266094207764 -0.59738576412200928
vn -0.075642719864845276 0.7391970157623291 -0.66922789812088013
vn -0.21925798058509827 0.78465902805328369 -0.57985877990722656
vn -0.0058469967916607857 0.67899441719055176 -0.73412013053894043
vn -0.090751178562641144 0.68822580575942993 -0.71979820728302002
vn 0.12138773500919342 0.62954330444335938 -0.76742440462112427
vn 0.097359366714954376 0.57418763637542725 -0.81291437149047852
vn 0.20397591590881348 0.58038204908370972 -0.78838473558425903
vn 0.38682475686073303 0.62948286533355713 -0.67388272285461426
vn 0.27912789583206177 0.73526662588119507 -0.61763304471969604
vn 0.22296337783336639 0.71051812171936035 -0.66742140054702759
vn -0.39287114143371582 0.85997468233108521 -0.32572349905967712
vn -0.42020609974861145 0.84004616737365723 -0.34314620494842529
vn -0.30988526344299316 0.84777170419692993 -0.43041178584098816
vn -0.35326617956161499 0.82195878028869629 -0.44675135612487793
vn -0.2715737521648407 0.83202290534973145 -0.48372060060501099
vn -0.38727587461471558 0.83195149898529053 -0.39733374118804932
vn -0.11360680311918259 0.78973442316055298 -0.60283744335174561
vn 0.087046653032302856 0.71520984172821045 -0.69346791505813599
vn 0.16818656027317047 0.68056923151016235 -0.7131190299987793
vn 0.14717993140220642 0.77914994955062866 -0.60931390523910522
vn -0.1994645893573761 0.83277100324630737 -0.51643615961074829
vn 0.26673531532287598 0.51317340135574341 -0.81578510999679565
vn 0.38048666715621948 0.68458575010299683 -0.62174934148788452
vn -0.34644445776939392 0.87352800369262695 -0.34194302558898926
vn -0.27544605731964111 0.85839664936065674 -0.43276402354240417
vn 0.0030378967057913542 0.73707419633865356 -0.67580497264862061
vn 0.20021787285804749 0.72794067859649658 -0.65575546026229858
vn 0.12594975531101227 0.93986606597900391 -0.31747198104858398
vn 0.03534490242600441 0.25647401809692383 -0.96590465307235718
vn 0.027092611417174339 0.86979258060455322 -0.4926731288433075
vn -0.12206469476222992 0.95726454257965088 -0.26219227910041809
vn -0.1637568324804306 0.95376098155975342 -0.25203916430473328
vn -0.13616970181465149 0.95449137687683105 -0.2653374969959259
vn -0.19492800533771515 0.95510435104370117 -0.2231115847826004
vn -0.2347615510225296 0.94851601123809814 -0.21261321008205414
vn -0.30526912212371826 0.93555092811584473 -0.17763780057430267
vn -0.28832846879959106 0.94052803516387939 -0.17964890599250793
vn -0.39728948473930359 0.90862268209457397 -0.12870845198631287
vn -0.45304590463638306 0.8852088451385498 -0.10561606287956238
vn -0.46927282214164734 0.87840431928634644 -0.090492300689220428
vn -0.35491025447845459 0.92269158363342285 -0.15059541165828705
vn -0.5564807653427124 0.82899510860443115 -0.055643875151872635
vn -0.55381268262863159 0.83133506774902344 -0.046621166169643402
vn -0.49404385685920715 0.86655664443969727 -0.070712193846702576
vn -0.60138189792633057 0.79895031452178955 -0.0042693750001490116
vn -0.68758976459503174 0.72369652986526489 0.059022825211286545
vn -0.64942151308059692 0.76038217544555664 -0.008402753621339798
vn -0.84260594844818115 0.52964645624160767 0.097415491938591003
vn -0.80823761224746704 0.57910943031311035 0.10669659823179245
vn -0.75304508209228516 0.65437978506088257 0.06863066554069519
vn 0.41720202565193176 -0.0001092704405891709 -0.90881377458572388
vn 0.36900219321250916 -1.3991333617013879E-05 -0.92942851781845093
vn 0.39545980095863342 -3.5279434086987749E-05 -0.91848325729370117
vn 0.41318270564079285 -9.0777415607590228E-05 -0.9106481671333313
vn 0.42987468838691711 -2.7619968022918329E-05 -0.90288853645324707
vn 0.46469756960868835 -8.1215453974436969E-05 -0.88546943664550781
vn 0.46337211132049561 -5.4141852160682902E-05 -0.88616377115249634
vn 0.50159263610839844 -0.00011894956696778536 -0.86510396003723145
vn 0.49452418088912964 -5.2750816394109279E-05 -0.8691638708114624
vn 0.36103132367134094 -8.4251827502157539E-05 -0.93255370855331421
vn 0.63432961702346802 0.00032623822335153818 -0.77306258678436279
vn 0.66648763418197632 -0.00032919255318120122 -0.74551600217819214
vn 0.63104444742202759 0.00012728426372632384 -0.77574664354324341
vn 0.57087951898574829 -0.00045128769124858081 -0.82103371620178223
vn 0.25446408987045288 0.86905574798583984 -0.42425248026847839
vn 0.38333392143249512 0.76455903053283691 -0.51817429065704346
vn 0.28867512941360474 0.85381144285202026 -0.43321210145950317
vn 0.15488506853580475 0.91096436977386475 -0.38230159878730774
vn 0.17668804526329041 0.8776475191116333 -0.44555148482322693
vn 0.24632546305656433 0.83581656217575073 -0.49064698815345764
vn 0.36122828722000122 0.75025016069412231 -0.55374979972839355
vn 0.15547744929790497 0.92743945121765137 -0.3401218056678772
vn 0.43983092904090881 0.69653189182281494 -0.56691455841064453
vn 0.41828492283821106 0.76481384038925171 -0.48999747633934021
vn 0.023607859387993813 0.95277094841003418 -0.30277085304260254
vn 0.016855780035257339 0.96202737092971802 -0.27243199944496155
vn 0.052083283662796021 0.9573778510093689 -0.28410372138023376
vn 0.12380457669496536 0.90822160243988037 -0.39975738525390625
vn 0.51679658889770508 0.85528218746185303 0.037599164992570877
vn 0.5038677453994751 0.86302536725997925 0.036118779331445694
vn 0.61914986371994019 0.78362101316452026 0.05090736597776413
vn 0.40962839126586914 0.91193443536758423 0.024085994809865952
vn 0.41172671318054199 0.91098648309707642 0.02418239414691925
vn 0.7206958532333374 0.6901279091835022 0.065733902156352997
vn 0.63072413206100464 0.77424198389053345 0.05231056734919548
vn 0.75071406364440918 0.65707111358642578 0.068454377353191376
vn 0.35165005922317505 0.93600112199783325 0.015626801177859306
vn 0.92677319049835205 0.36301326751708984 0.09650285542011261
vn 0.96489322185516357 0.24127432703971863 0.10376762598752975
vn 0.96096253395080566 0.25694942474365234 0.10260580480098724
vn 0.99361634254455566 0.021326290443539619 0.11077810823917389
vn 0.98623239994049072 0.12444338947534561 0.1089015007019043
vn 0.99342119693756104 0.027404634281992912 0.11119037121534348
vn 0.98361152410507202 0.14451782405376434 0.10781005769968033
vn 0.81080484390258789 0.5801578164100647 0.077539741992950439
vn -0.149527907371521 0.98861819505691528 0.016597922891378403
vn -0.15290053188800812 0.98807644844055176 0.018064083531498909
vn -0.097941741347312927 0.99512588977813721 0.011481364257633686
vn -0.24025556445121765 0.97068995237350464 0.006188894622027874
vn -0.30322805047035217 0.95290344953536987 -0.005267046857625246
vn -0.36459910869598389 0.9311414361000061 -0.0065694749355316162
vn -0.36709403991699219 0.93015938997268677 -0.0067452164366841316
vn -0.33608680963516235 0.94183069467544556 -0.00078574579674750566
vn -0.30958592891693115 0.95084917545318604 -0.0065105301328003407
vn -0.34774357080459595 0.93758946657180786 0.00061487196944653988
vn 0.43133360147476196 0.90219151973724365 -0.0013372995890676975
vn 0.43146598339080811 0.90212851762771606 -0.0011036313371732831
vn 0.38865533471107483 0.9213830828666687 0.00053122569806873798
vn 0.045526325702667236 0.9989631175994873 -0.00017434812616556883
vn 0.23774625360965729 0.97132390737533569 0.0025669718161225319
vn 0.097904384136199951 0.99519580602645874 -0.00014315795851871371
vn -0.089393660426139832 0.99599456787109375 -0.001898000598885119
vn -0.1011710911989212 0.98979443311691284 0.1003560945391655
vn -0.063093721866607666 0.99796509742736816 -0.0092116883024573326
vn -0.044272955507040024 0.99901920557022095 0.000741806928999722
vn -0.01867016963660717 0.9998248815536499 0.0012588388053700328
vn 0.0054572774097323418 0.99998444318771362 0.00115097442176193
vn -0.008162287063896656 0.99996662139892578 0.00040922302287071943
vn 0.012368954718112946 0.99992311000823975 0.00090008391998708248
vn 0.010530239902436733 0.99994456768035889 0.00013048302207607776
vn 0.20431526005268097 0.97880721092224121 -0.013848360627889633
vn 0.32148772478103638 0.94690948724746704 -0.0028430742677301168
vn 0.22881430387496948 0.97344291210174561 -0.0072710970416665077
vn 0.11091729998588562 0.99374711513519287 -0.012805383652448654
vn 0.044786654412746429 0.99880057573318481 -0.019788196310400963
vn -0.010931665077805519 0.99983984231948853 -0.014169195666909218
vn -0.069979794323444366 0.99743789434432983 -0.014848518185317516
vn -0.12247830629348755 0.9923740029335022 -0.01389011088758707
vn -0.21509774029254913 0.97655314207077026 -0.0087702060118317604
vn -0.174118772149086 0.98466759920120239 -0.010598504915833473
vn 0.027408160269260406 -8.4229090134613216E-05 -0.99962431192398071
vn 0.031427264213562012 0.00010287403711117804 -0.99950605630874634
vn 0.040390975773334503 0.00064467807533219457 -0.99918371438980103
vn -0.032882522791624069 -0.00036572979297488928 -0.99945914745330811
vn -0.021893866360187531 6.2140024965628982E-05 -0.99976027011871338
vn -0.037016995251178741 -0.00062248407630249858 -0.99931442737579346
vn -0.0071709132753312588 -0.00026861333753913641 -0.99997425079345703
vn -0.01743541844189167 0.0002705234510358423 -0.99984794855117798
vn -0.18080818653106689 0.0062794126570224762 -0.98349833488464355
vn -0.26874080300331116 0.0024024918675422668 -0.96320950984954834
vn -0.26716667413711548 -0.0020063491538167 -0.96364825963973999
vn -0.030746888369321823 0.0012819261755794287 -0.99952638149261475
vn -0.0473347008228302 -0.0023745389189571142 -0.99887627363204956
vn -0.073800660669803619 -0.0028148861601948738 -0.99726903438568115
vn -0.10032421350479126 0.017068834975361824 -0.9948083758354187
vn -0.15696094930171967 -0.0024970623198896646 -0.987601637840271
vn -0.21568217873573303 0.88811957836151123 -0.40586310625076294
vn -0.26860231161117554 0.87193381786346436 -0.40937051177024841
vn -0.27511942386627197 0.89275383949279785 -0.35679107904434204
vn -0.27518874406814575 0.89930176734924316 -0.33989337086677551
vn -0.37128806114196777 0.88843441009521484 -0.26986941695213318
vn -0.39899334311485291 0.87137705087661743 -0.28549322485923767
vn -0.41268408298492432 0.87584304809570312 -0.25018161535263062
vn -0.1438029557466507 0.89951860904693604 -0.41253727674484253
vn -0.0400509312748909 0.88977730274200439 -0.45463421940803528
vn -0.058392886072397232 0.8848145604133606 -0.46226993203163147
vn 0.0085794785991311073 0.89432686567306519 -0.44733196496963501
vn -0.36118018627166748 0.86579334735870361 -0.34633916616439819
vn -0.42730787396430969 0.85286682844161987 -0.30004358291625977
vn -0.062256384640932083 0.87652069330215454 -0.47732135653495789
vn -0.14921864867210388 0.87383228540420532 -0.4627644419670105
vn -0.12534783780574799 0.88128125667572021 -0.45566576719284058
vn -0.03300875797867775 0.88436031341552734 -0.46563634276390076
vn 0.62990385293960571 0.7459944486618042 -0.21613278985023499
vn 0.6999434232711792 0.69214409589767456 -0.17611289024353027
vn 0.57009351253509521 0.25283646583557129 -0.78170782327651978
vn 0.56698489189147949 0.72101336717605591 -0.39833137392997742
vn 0.47667786478996277 0.18015776574611664 -0.86041933298110962
vn 0.52328002452850342 0.73364275693893433 -0.43352770805358887
vn 0.42665836215019226 0.1494564563035965 -0.89197838306427002
vn 0.35681989789009094 -5.1310245908098295E-05 -0.93417316675186157
vn 0.35821047425270081 -1.8894084860221483E-05 -0.93364083766937256
vn 0.37902715802192688 -0.00021589915559161454 -0.92538553476333618
vn 0.034613292664289474 -4.0662249375600368E-05 -0.999400794506073
vn 0.079805493354797363 4.434464244695846E-06 -0.9968104362487793
vn 0.040642060339450836 -7.6562260801438242E-05 -0.99917376041412354
vn -0.05191349983215332 -3.7656714994227514E-05 -0.99865156412124634
vn -0.040277663618326187 -8.856572094373405E-05 -0.99918854236602783
vn -0.07711637020111084 -1.7359898265567608E-05 -0.99702209234237671
vn -0.11058077216148376 -5.7570883654989302E-05 -0.99386715888977051
vn -0.11630456149578094 -2.9526668186008465E-06 -0.99321359395980835
vn -0.15627889335155487 -6.8024040956515819E-05 -0.98771297931671143
vn -0.17472152411937714 -1.3926452993473504E-05 -0.98461788892745972
vn -0.20440506935119629 -1.8018181435763836E-05 -0.97888636589050293
vn -0.21360690891742706 -4.6315111831063405E-05 -0.97691971063613892
vn -0.25019189715385437 -1.6596075511188246E-05 -0.96819627285003662
vn 0.046045728027820587 -6.2075181631371379E-05 -0.99893933534622192
vn 0.071905575692653656 2.6489788069739006E-05 -0.99741142988204956
vn 0.044259820133447647 -8.3961240306962281E-05 -0.9990200400352478
vn 0.19991248846054077 -0.00010399795428384095 -0.97981375455856323
vn 0.17336142063140869 -2.6651803182176081E-06 -0.98485827445983887
vn 0.13840162754058838 4.2130763176828623E-05 -0.99037617444992065
vn 0.23526185750961304 -6.589414260815829E-05 -0.97193199396133423
vn 0.20043753087520599 1.9490551494527608E-05 -0.97970646619796753
vn 0.25917020440101624 2.4414525796601083E-06 -0.96583163738250732
vn 0.30273815989494324 -5.1627663196995854E-05 -0.95307374000549316
vn 0.31219646334648132 -7.6853328209836036E-05 -0.95001757144927979
vn 0.35982421040534973 -1.6870702893356793E-05 -0.93302011489868164
vn 0.95335978269577026 0.082439742982387543 0.29035976529121399
vn 0.97518765926361084 0.0055808508768677711 0.22130942344665527
vn 0.9688904881477356 0.05346791073679924 -0.24164529144763947
vn 0.7926364541053772 0.0015636583557352424 -0.60969251394271851
vn 0.69131898880004883 0.007971547544002533 -0.72250574827194214
vn 0.98656636476516724 0.15591302514076233 -0.048764575272798538
vn 0.94669169187545776 0.2781144380569458 0.16256456077098846
vn 0.76809829473495483 0.091613732278347015 -0.63374435901641846
vn 0.89699834585189819 0.43073746562004089 0.099293440580368042
vn 0.71608525514602661 0.15382768213748932 -0.68085163831710815
vn 0.77124601602554321 -0.028262021020054817 0.63590943813323975
vn -0.13598653674125671 0.85475999116897583 0.5008922815322876
vn -0.16576308012008667 0.81811290979385376 0.55064857006072998
vn -0.092166416347026825 0.88168835639953613 0.46274286508560181
vn -0.074178136885166168 0.88157707452774048 0.466175377368927
vn -0.047183014452457428 0.90077751874923706 0.43171006441116333
vn -0.090731315314769745 0.87223416566848755 0.48059901595115662
vn -0.054514747112989426 0.88672274351119995 0.45907619595527649
vn -0.00095826922915875912 0.91813701391220093 0.39626196026802063
vn -0.0036480757407844067 0.95536762475967407 0.29539704322814941
vn -0.025426065549254417 0.92342859506607056 0.3829270601272583
vn -0.11195299029350281 0.89788812398910522 0.42575043439865112
vn -0.15200766921043396 0.83360958099365234 0.53102612495422363
vn -0.015288475900888443 0.89070987701416016 0.45431503653526306
vn 0.0028673300985246897 0.89142227172851562 0.45316454768180847
vn 0.28236576914787292 0.90620666742324829 -0.31473645567893982
vn 0.26298084855079651 0.26927980780601501 -0.92646068334579468
vn 0.4445531964302063 0.30553287267684937 -0.84203451871871948
vn 0.095656558871269226 0.92618125677108765 -0.36474388837814331
vn 0.16133405268192291 0.27161186933517456 -0.94878780841827393
vn -0.0077192410826683044 0.91007161140441895 -0.41437911987304688
vn -0.11722058802843094 0.33129340410232544 0.93621790409088135
vn -0.11215701699256897 0.31337451934814453 0.94298315048217773
vn -0.11738741397857666 0.34828737378120422 0.9300086498260498
vn 0.010651838034391403 0.14640061557292938 0.98916804790496826
vn 0.002640322083607316 0.17358402907848358 0.98481553792953491
vn 0.017961088567972183 0.0572674460709095 0.99819731712341309
vn 0.015797747299075127 -0.0069284439086914062 0.99985122680664062
vn 0.017455011606216431 0.063726246356964111 0.99781477451324463
vn 0.22089074552059174 -0.0015846963506191969 -0.97529727220535278
vn 0.067390687763690948 8.0525824159849435E-05 -0.9977266788482666
vn 0.12919442355632782 -0.00076264521339908242 -0.99161899089813232
vn 0.4319348931312561 1.5457224435522221E-05 -0.90190482139587402
vn 0.35105276107788086 -0.00056715955724939704 -0.93635553121566772
vn 0.34466460347175598 -0.0012468493077903986 -0.9387250542640686
vn 0.25065428018569946 -0.002763265511021018 -0.96807271242141724
vn 0.58525460958480835 0.00020634804968722165 -0.81084954738616943
vn 0.56090074777603149 0.00042380930972285569 -0.82788294553756714
vn 0.60382574796676636 1.4701222426083405E-05 -0.79711633920669556
vn 0.49656680226325989 0.00039014869253151119 -0.86799842119216919
vn 0.54375553131103516 0.00032382324570789933 -0.83924359083175659
vn 0.49527284502983093 0.00079009472392499447 -0.86873710155487061
vn 0.44364684820175171 0.00019470199185889214 -0.89620167016983032
vn 0.46086803078651428 0.00022440787870436907 -0.88746863603591919
vn 0.42888811230659485 0.00043837874545715749 -0.90335750579833984
vn 0.40687090158462524 0.00024429164477623999 -0.91348564624786377
vn 0.37970134615898132 0.00028581541846506298 -0.92510908842086792
vn 0.40002822875976562 -0.00019501615315675735 -0.91650277376174927
vn -0.25698444247245789 0.71964222192764282 0.64503806829452515
vn -0.21416904032230377 0.77233529090881348 0.59802156686782837
vn -0.18173420429229736 0.81677049398422241 0.54759347438812256
vn -0.14535419642925262 0.85653156042098999 0.49520280957221985
vn -0.17616751790046692 0.84524255990982056 0.50450968742370605
vn -0.2348877489566803 0.79456382989883423 0.55990719795227051
vn -0.22460752725601196 0.76699501276016235 0.60105746984481812
vn -0.29905921220779419 0.65372151136398315 0.69513440132141113
vn -0.32933637499809265 0.57214832305908203 0.75112169981002808
vn -0.30551150441169739 0.66348010301589966 0.68297648429870605
vn -0.32274740934371948 0.53546571731567383 0.78045535087585449
vn -0.29922261834144592 0.51683104038238525 0.80209195613861084
vn -0.29498833417892456 0.38124483823776245 0.87614738941192627
vn -0.32330280542373657 0.39600282907485962 0.85945159196853638
vn -0.19300810992717743 0.8208305835723877 0.53757321834564209
vn -0.16725911200046539 0.81307828426361084 0.55760926008224487
vn -0.21920134127140045 0.77737230062484741 0.58961266279220581
vn -0.33198988437652588 0.6284947395324707 0.70340394973754883
vn -0.3677295446395874 0.5156291127204895 0.77388733625411987
vn -0.39004340767860413 0.40890023112297058 0.82502532005310059
vn -0.36248779296875 0.4430946409702301 0.81992053985595703
vn -0.38226574659347534 0.29465010762214661 0.87581628561019897
vn -0.33026227355003357 0.29180908203125 0.89764928817749023
vn -0.24693039059638977 0.27004802227020264 0.93064463138580322
vn 0.1951383501291275 0.9807702898979187 0.0032729047816246748
vn 0.1573590487241745 0.98754137754440308 0.00041733364923857152
vn 0.21393615007400513 0.97683733701705933 0.0044936183840036392
vn 0.26383346319198608 0.9645378589630127 0.0076584154739975929
vn 0.33969557285308838 0.94040405750274658 0.01572074368596077
vn 0.33388450741767883 0.94249242544174194 0.015137871727347374
vn 0.27311092615127563 0.9619404673576355 0.0089971451088786125
vn 0.33140361309051514 0.90609699487686157 -0.26298260688781738
vn 0.33721211552619934 0.89581590890884399 -0.28948545455932617
vn 0.26270714402198792 0.91589635610580444 -0.30351078510284424
vn 0.40980780124664307 0.88361603021621704 -0.22645141184329987
vn 0.40803232789039612 0.87685596942901611 -0.25423067808151245
vn 0.49107939004898071 0.85616660118103027 -0.16068544983863831
vn 0.47608664631843567 0.85772722959518433 -0.19402465224266052
vn 0.26402729749679565 0.91275537014007568 -0.31171649694442749
vn 0.19754081964492798 0.92396581172943115 -0.32751303911209106
vn 0.15519705414772034 0.92815899848937988 -0.33828210830688477
vn 0.21229760348796844 0.9268384575843811 -0.30967763066291809
vn 0.26629924774169922 0.91887658834457397 -0.29111951589584351
vn 0.052106097340583801 0.9059099555015564 0.42025244235992432
vn 0.062647797167301178 0.92462122440338135 0.37570053339004517
vn 0.052158895879983902 0.90336650609970093 0.42568585276603699
vn 0.034955520182847977 0.90650320053100586 -0.42074942588806152
vn 0.015918007120490074 0.90594667196273804 -0.42309245467185974
vn 0.00036700634518638253 0.90009015798568726 -0.43570351600646973
vn 0.054602973163127899 0.91568124294281006 -0.39817884564399719
vn 0.074904754757881165 0.92123579978942871 -0.38172483444213867
vn 0.061290252953767776 0.91839927434921265 -0.39087888598442078
vn 0.043311700224876404 0.91364055871963501 -0.40420907735824585
vn -0.027862930670380592 0.88853251934051514 -0.45796680450439453
vn 0.0054118810221552849 0.8941110372543335 -0.44781261682510376
vn 0.096641995012760162 0.92667621374130249 -0.3632238507270813
vn 0.08209826797246933 0.92257219552993774 -0.37698867917060852
vn 0.12518380582332611 0.93110948801040649 -0.34258446097373962
vn 0.21625144779682159 0.90278971195220947 -0.3717607855796814
vn 0.37189370393753052 0.86239713430404663 -0.34346219897270203
vn 0.30931991338729858 0.34898507595062256 -0.88460761308670044
vn 0.40956073999404907 0.39835160970687866 -0.8207167387008667
vn 0.43904337286949158 0.26693186163902283 -0.85789757966995239
vn 0.40425914525985718 0.14681728184223175 -0.90278416872024536
vn -0.055841296911239624 0.99843961000442505 0.0003031340311281383
vn -0.062244828790426254 0.99806088209152222 0.00033954295213334262
vn -0.023844955489039421 0.99971550703048706 0.00053445820230990648
vn 0.017016220837831497 0.99985510110855103 0.00052015844266861677
vn 0.038958307355642319 0.99923962354660034 -0.0015390128828585148
vn -0.0046211350709199905 0.99998933076858521 -0.00013769244833383709
vn 0.058300457894802094 0.99829906225204468 9.0621520939748734E-05
vn 0.073821775615215302 0.99727141857147217 0.00024957669666036963
vn 0.12853226065635681 0.99170535802841187 -1.6686866501913755E-06
vn 0.10483554750680923 0.99448943138122559 0.00051349087152630091
vn 0.14240650832653046 0.98980814218521118 0.00050806731451302767
vn -0.89442992210388184 -0.00012203428195789456 -0.44720810651779175
vn -0.84973716735839844 -0.00024519991711713374 -0.52720654010772705
vn -0.88000714778900146 -0.00010693520016502589 -0.47496038675308228
vn -0.81014180183410645 0.00057080434635281563 -0.58623367547988892
vn -0.79584205150604248 0.00020631529332604259 -0.60550421476364136
vn -0.72451388835906982 -0.00034191904705949128 -0.68926012516021729
vn 0.055172242224216461 0.72134304046630859 0.690376877784729
vn 0.055090788751840591 0.73350274562835693 0.67745018005371094
vn 0.06278623640537262 0.70192623138427734 0.70947688817977905
vn 0.064630404114723206 0.66233342885971069 0.74641633033752441
vn 0.51172763109207153 0.84762167930603027 -0.1402580589056015
vn 0.48474135994911194 0.85617810487747192 -0.17884324491024017
vn 0.53796082735061646 0.83749032020568848 -0.095959201455116272
vn 0.78165709972381592 0.59520447254180908 0.18639695644378662
vn 0.72741729021072388 0.67455905675888062 0.1258338987827301
vn 0.75000607967376709 0.61836904287338257 0.23475648462772369
vn 0.80216723680496216 0.50595861673355103 0.31707024574279785
vn 0.84766840934753418 0.45744502544403076 0.26870495080947876
vn 0.8956490159034729 0.28995504975318909 0.3372519314289093
vn 0.85022276639938354 0.35101032257080078 0.3923175036907196
vn 0.92067897319793701 0.082355700433254242 0.38153344392776489
vn 0.90980589389801025 0.1970449686050415 0.36527594923973083
vn 0.88005530834197998 0.14175829291343689 0.45321869850158691
vn 0.49830815196037292 0.85227179527282715 -0.15912811458110809
vn 0.57322186231613159 0.81847083568572998 -0.039015743881464005
vn 0.63671958446502686 0.76846396923065186 0.063649646937847137
vn 0.58583378791809082 0.80946445465087891 -0.039574205875396729
vn 0.69082605838775635 0.70772117376327515 0.14795303344726562
vn 0.65800720453262329 0.75188946723937988 0.041095081716775894
vn -0.039029628038406372 0.0002994872338604182 -0.99923801422119141
vn -0.028436861932277679 -0.00018295019981451333 -0.99959558248519897
vn -0.032147269695997238 -0.0001545280683785677 -0.99948310852050781
vn -0.015504795126616955 -7.8706936619710177E-05 -0.99987977743148804
vn -0.030028622597455978 -2.4797820515232161E-05 -0.99954903125762939
vn 0.0067440527491271496 -4.8740297643234953E-05 -0.9999772310256958
vn 0.0039438563399016857 -8.4061684901826084E-05 -0.99999219179153442
vn -0.005186768714338541 -7.9216122685465962E-05 -0.99998652935028076
vn 0.0201459601521492 -0.00010601290705380961 -0.99979704618453979
vn 0.031028570607304573 -0.00010034250590251759 -0.99951851367950439
vn 0.010596715845167637 -8.7226399045903236E-05 -0.99994385242462158
vn 0.033982221037149429 6.4115054556168616E-05 -0.99942243099212646
vn 0.040979944169521332 -0.00017575961828697473 -0.99915993213653564
vn -0.22556902468204498 -0.016134493052959442 0.97409355640411377
vn -0.25570395588874817 0.0059316898696124554 0.96673691272735596
vn -0.23026862740516663 0.004923615138977766 0.97311466932296753
vn -0.22166228294372559 0.064504623413085938 0.97298765182495117
vn -0.26831775903701782 0.019870469346642494 0.96312552690505981
vn -0.26651620864868164 0.19211280345916748 0.94449019432067871
vn -0.31847852468490601 0.2857576310634613 0.90383297204971313
vn -0.27585345506668091 0.31438270211219788 0.90833276510238647
vn -0.2675761878490448 0.095814093947410583 0.95876097679138184
vn -0.33143991231918335 0.14862550795078278 0.93169635534286499
vn -0.23441135883331299 0.10642801970243454 0.96629416942596436
vn -0.0043888543732464314 -0.00012670339492615312 -0.99999034404754639
vn -0.019380414858460426 1.9151793821947649E-05 -0.99981218576431274
vn 0.002350575989112258 -0.00017212718375958502 -0.99999719858169556
vn 0.024708952754735947 -0.00011010017624357715 -0.99969470500946045
vn 0.015563618391752243 -7.1442547778133303E-05 -0.99987888336181641
vn -0.030829844996333122 1.668771801632829E-05 -0.99952465295791626
vn -0.021991012617945671 -0.00022348464699462056 -0.99975812435150146
vn 0.025384511798620224 -0.00022969661222305149 -0.99967771768569946
vn 0.23694486916065216 0.0091311018913984299 -0.97148019075393677
vn 0.34728962182998657 0.0077973781153559685 -0.9377254843711853
vn 0.27020964026451111 0.011504106223583221 -0.96273279190063477
vn 0.14913219213485718 0.0019937653560191393 -0.98881524801254272
vn -0.024794267490506172 -5.6805380154401064E-05 -0.99969255924224854
vn -0.027672549709677696 9.7731157438829541E-05 -0.99961704015731812
vn -0.03074347972869873 -1.6279947885777801E-05 -0.99952733516693115
vn -0.023100735619664192 -5.1409901061560959E-05 -0.99973315000534058
vn -0.010527316480875015 -4.1509487346047536E-05 -0.99994456768035889
vn -0.0016624254640191793 -4.1058458009501919E-05 -0.99999862909317017
vn 0.0089225061237812042 -5.5805674492148682E-05 -0.99996018409729004
vn -0.013127047568559647 -7.0646288804709911E-05 -0.99991381168365479
vn 0.022906418889760971 -0.0001613341155461967 -0.99973762035369873
vn 0.021625656634569168 5.0674421800067648E-05 -0.99976611137390137
vn 0.014909651130437851 5.2128136303508654E-05 -0.9998888373374939
vn 0.011109394021332264 -3.2057057978818193E-05 -0.99993830919265747
vn 0.034142240881919861 0.90296643972396851 0.42835262417793274
vn 0.038676351308822632 0.93340694904327393 0.35672900080680847
vn 0.0055526806972920895 0.89675670862197876 0.44248902797698975
vn 0.06306031346321106 0.91718828678131104 0.39343240857124329
vn 0.088060393929481506 0.96034336090087891 0.26454856991767883
vn 0.027972064912319183 0.88448405265808105 0.46573111414909363
vn 0.045409511774778366 0.89389050006866455 0.44597956538200378
vn 0.0422467440366745 0.95468223094940186 0.29461339116096497
vn -0.00040968440589495003 0.95660144090652466 0.29139930009841919
vn 0.052621588110923767 0.92207497358322144 0.38341709971427917
vn 0.060097083449363708 0.86030632257461548 0.50622260570526123
vn 0.049873683601617813 0.92139625549316406 0.3854108452796936
vn 0.030793240293860435 0.83208030462265015 0.55379974842071533
vn 0.036138236522674561 0.78676402568817139 0.61619508266448975
vn -0.012255786918103695 0.8017544150352478 0.59752792119979858
vn -0.0010984952095896006 0.76327306032180786 0.64607512950897217
vn -0.036015089601278305 0.75712794065475464 0.65227311849594116
vn -0.054592858999967575 0.77240914106369019 0.63277465105056763
vn 0.039927534759044647 0.89831507205963135 0.43753382563591003
vn 0.37174758315086365 9.0896814072038978E-05 -0.9283338189125061
vn 0.37414854764938354 -4.2169584048679098E-05 -0.92736876010894775
vn 0.37254345417022705 4.6805173042230308E-05 -0.92801475524902344
vn 0.46628883481025696 0.84534406661987305 -0.26070702075958252
vn 0.5131722092628479 0.56088781356811523 -0.64966082572937012
vn 0.394704669713974 0.91855013370513916 -0.021769024431705475
vn 0.0416671521961689 0.51305180788040161 0.85734570026397705
vn 0.076737761497497559 0.5858415961265564 0.80678433179855347
vn 0.076650895178318024 0.55693221092224121 0.82701343297958374
vn -0.028966763988137245 0.40633347630500793 0.91326558589935303
vn -0.030615627765655518 0.44745054841041565 0.89378446340560913
vn 0.041204076260328293 0.47040358185768127 0.88148891925811768
vn -0.12885220348834991 0.34894979000091553 0.92824089527130127
vn -0.086861647665500641 0.36778706312179565 0.92584431171417236
vn -0.11079097539186478 0.33781367540359497 0.9346696138381958
vn -0.84049642086029053 0.19893406331539154 0.50397521257400513
vn -0.84315574169158936 0.053740482777357101 0.53497695922851562
vn -0.84214824438095093 0.10506168007850647 0.52891248464584351
vn -0.81856900453567505 0.37456339597702026 0.43548479676246643
vn -0.83828920125961304 0.2310321182012558 0.49385762214660645
vn -0.75304991006851196 0.59111952781677246 0.28895246982574463
vn -0.69442737102508545 0.66585606336593628 0.27277514338493347
vn -0.77200037240982056 0.52571278810501099 0.35726949572563171
vn -0.84216105937957764 0.028500847518444061 0.53847235441207886
vn -0.18401709198951721 0.001793859526515007 -0.98292142152786255
vn -0.20050124824047089 0.003026928286999464 -0.97968876361846924
vn -0.27205774188041687 -0.0006917213904671371 -0.96228069067001343
vn -0.0513174869120121 0.0021622213535010815 -0.99868005514144897
vn 0.18436793982982635 0.00052798446267843246 -0.98285716772079468
vn 0.24891625344753265 0.0015215174062177539 -0.96852380037307739
vn 0.11366352438926697 0.00046512053813785315 -0.99351918697357178
vn -0.32952246069908142 0.18097952008247375 -0.92663979530334473
vn -0.36457878351211548 0.74761605262756348 -0.55511492490768433
vn -0.39960050582885742 0.71079057455062866 -0.57887494564056396
vn -0.23926901817321777 0.25464656949043274 -0.93696612119674683
vn -0.062173105776309967 0.22304119169712067 -0.9728243350982666
vn -0.23803958296775818 0.66056275367736816 -0.71203511953353882
vn 0.2434743195772171 0.81878000497817993 -0.51992261409759521
vn 0.27076712250709534 0.75457596778869629 -0.59774595499038696
vn 0.35408058762550354 0.72781503200531006 -0.58729225397109985
vn 0.45139393210411072 0.58188778162002563 -0.6764984130859375
vn 0.43531668186187744 0.67032366991043091 -0.60097050666809082
vn 0.39855754375457764 0.64888155460357666 -0.64815479516983032
vn 0.14967416226863861 0.82033812999725342 -0.55194473266601562
vn -0.37550410628318787 -0.0016605465207248926 -0.92681926488876343
vn -0.2555539608001709 -0.0025441686157137156 -0.96679145097732544
vn -0.27629277110099792 0.00079409597674384713 -0.96107316017150879
vn -0.70395058393478394 -0.0025990444701164961 -0.71024417877197266
vn -0.70475614070892334 -0.00016175926430150867 -0.70944958925247192
vn -0.62379270792007446 0.00046354689402505755 -0.78158968687057495
vn -0.042874082922935486 -0.00034562070504762232 -0.99908041954040527
vn -0.037948772311210632 -0.00024000061966944486 -0.9992796778678894
vn -0.064702749252319336 0.00044501310912892222 -0.99790447950363159
vn -0.15263886749744415 -0.00055097258882597089 -0.98828190565109253
vn -0.49012669920921326 0.78317224979400635 -0.38264477252960205
vn -0.30773946642875671 0.34044957160949707 -0.88847649097442627
vn -0.44984489679336548 0.28066420555114746 -0.84786033630371094
vn -0.32790276408195496 0.89009213447570801 -0.31656879186630249
vn -0.14145131409168243 0.2880629301071167 -0.94710677862167358
vn -0.18270574510097504 0.12751825153827667 -0.97486293315887451
vn -0.079915516078472137 0.92050963640213013 -0.38245987892150879
vn -0.071427911520004272 0.29168045520782471 -0.95384514331817627
vn -0.18135637044906616 0.92839902639389038 -0.32432258129119873
vn -0.99111157655715942 0.13061067461967468 0.025273093953728676
vn -0.95450127124786377 0.020448166877031326 -0.29750487208366394
vn -0.9929313063621521 0.044764827936887741 0.10992519557476044
vn -0.075800053775310516 0.76588863134384155 0.63848960399627686
vn -0.07784290611743927 0.77068191766738892 0.63244754076004028
vn -0.074479743838310242 0.76122307777404785 0.64419889450073242
vn -0.043034788221120834 0.76401442289352417 0.64376235008239746
vn -0.050979305058717728 0.76535630226135254 0.64158457517623901
vn -0.010050891898572445 0.76502925157546997 0.64391708374023438
vn 0.016006151214241982 0.75715553760528564 0.65303850173950195
vn -0.039583850651979446 0.80071395635604858 -0.59773761034011841
vn -0.036709658801555634 0.28288513422012329 -0.9584510326385498
vn -0.10258303582668304 0.84578144550323486 -0.52357470989227295
vn -0.01278301328420639 0.79691195487976074 -0.60396015644073486
vn 0.0024648515973240137 0.23756325244903564 -0.97136896848678589
vn 0.026594309136271477 0.7683679461479187 -0.63945555686950684
vn 0.011044100858271122 0.86478710174560547 -0.50201719999313354
vn -0.047528140246868134 0.19082558155059814 -0.98047268390655518
vn 0.025604169815778732 0.20172464847564697 -0.9791075587272644
vn -0.25247982144355774 0.69676905870437622 0.67139172554016113
vn -0.46123865246772766 0.87381643056869507 0.15396006405353546
vn -0.35999888181686401 0.73241466283798218 0.57790100574493408
vn -0.25944143533706665 0.86898684501647949 0.42136925458908081
vn -0.37114828824996948 0.92045551538467407 0.12251768261194229
vn -0.3064635694026947 0.94400864839553833 -0.12217894941568375
vn -0.19088022410869598 0.92296302318572998 0.33422142267227173
vn -0.23633205890655518 0.96775555610656738 -0.087156929075717926
vn -0.30235752463340759 -1.9507679098751396E-05 -0.95319461822509766
vn -0.30024680495262146 -0.00034430171945132315 -0.95386147499084473
vn -0.30388239026069641 0.000677965406794101 -0.95270931720733643
vn -0.12215690314769745 0.95710057020187378 0.26274728775024414
vn -0.060587707906961441 0.97577393054962158 0.21022461354732513
vn -0.10104125738143921 0.96830004453659058 -0.22844183444976807
vn -0.020738869905471802 0.98041945695877075 0.19582553207874298
vn -0.036322206258773804 0.98286855220794678 -0.18069326877593994
vn -0.065430037677288055 0.99600028991699219 -0.060846880078315735
vn 0.0074392780661582947 0.99930030107498169 0.036653965711593628
vn -0.0019256355008110404 0.99216568470001221 -0.12491423636674881
vn -0.24665828049182892 0.00053816131548956037 -0.96910238265991211
vn -0.26658198237419128 0.00027310074074193835 -0.96381223201751709
vn -0.16265957057476044 0.00026003684615716338 -0.9866822361946106
vn -0.22358949482440948 5.6304164900211617E-05 -0.97468340396881104
vn -0.11946582794189453 8.6003077740315348E-05 -0.99283832311630249
vn -0.28486207127571106 -0.00013239345571491867 -0.9585685133934021
vn 0.32585465908050537 6.3737177697476E-05 -0.94541984796524048
vn 0.36350473761558533 0.00032145631848834455 -0.93159228563308716
vn 0.36167573928833008 2.0495923308772035E-05 -0.93230396509170532
vn -0.8108406662940979 0.56653988361358643 -0.14686703681945801
vn -0.69072800874710083 0.20132221281528473 -0.69452446699142456
vn -0.89083391427993774 0.42102649807929993 -0.17073862254619598
vn -0.68722397089004517 0.71052783727645874 -0.15123967826366425
vn -0.58895206451416016 0.74960976839065552 -0.30202755331993103
vn -0.51478713750839233 0.24330884218215942 -0.8220674991607666
vn -0.4489995539188385 0.37944242358207703 -0.8089640736579895
vn -0.49919182062149048 0.84686881303787231 -0.18335968255996704
vn -0.89444589614868164 0.06699679046869278 -0.44212889671325684
vn -0.96510171890258789 0.26026403903961182 0.029006101191043854
vn -0.94604891538619995 0.31210267543792725 -0.08708278089761734
vn -0.79659867286682129 0.11669223010540009 -0.59313869476318359
vn -0.9840283989906311 0.15529128909111023 -0.087021477520465851
vn -0.43763729929924011 0.68532806634902954 0.58206450939178467
vn -0.70245635509490967 0.62271589040756226 0.34464472532272339
vn -0.37474024295806885 0.54814600944519043 0.7477337121963501
vn -0.67466503381729126 0.72830742597579956 0.11998102813959122
vn -0.55776137113571167 0.80852168798446655 0.18760323524475098
vn -0.85084223747253418 0.030451051890850067 0.52453809976577759
vn -0.47252967953681946 0.019787190482020378 0.8810926079750061
vn -0.48601576685905457 0.10673192143440247 0.86740821599960327
vn -0.90503966808319092 0.15132199227809906 0.39749819040298462
vn -0.39822426438331604 0.17718389630317688 0.90001296997070312
vn -0.85766899585723877 0.25571885704994202 0.44610735774040222
vn -0.47702229022979736 0.28253045678138733 0.8322417140007019
vn -0.5204463005065918 0.42325064539909363 0.74161618947982788
vn -0.84162521362304688 0.3685966432094574 0.39471948146820068
vn -0.43351495265960693 0.29218119382858276 0.85246402025222778
vn -0.47177714109420776 0.51133793592453003 0.71830344200134277
vn -0.83469003438949585 0.47465518116950989 0.2792758047580719
vn -0.39683210849761963 0.52824360132217407 0.75065505504608154
vn -0.72611361742019653 0.59851568937301636 0.33843466639518738
vn -0.19726520776748657 0.98033618927001953 0.0052357790991663933
vn -0.10873794555664062 0.99406963586807251 -0.0012839424889534712
vn -0.16148129105567932 0.98687553405761719 0.00071348762139678001
vn -0.28680291771888733 0.95766645669937134 0.024881012737751007
vn -0.33331355452537537 0.94225645065307617 0.032479304820299149
vn -0.40968278050422668 0.90892171859741211 0.077596992254257202
vn -0.51813322305679321 0.84716856479644775 0.11765805631875992
vn -0.47432824969291687 0.87692016363143921 0.077612429857254028
vn -0.74946898221969604 0.59686827659606934 0.28643414378166199
vn -0.69282734394073486 0.68878751993179321 0.21345251798629761
vn -0.70090919733047485 0.6613306999206543 0.26714783906936646
vn -0.51188391447067261 0.85036337375640869 0.12188910692930222
vn -0.61596357822418213 0.76665639877319336 0.18118177354335785
vn -0.60968804359436035 0.77841430902481079 0.14950466156005859
vn -0.72355759143829346 0.6660991907119751 -0.18104217946529388
vn -0.61951720714569092 0.17666712403297424 -0.76484453678131104
vn -0.83149725198745728 0.54342919588088989 -0.11531265825033188
vn -0.59961807727813721 0.78079181909561157 -0.17556281387805939
vn -0.55138915777206421 0.24144123494625092 -0.79854625463485718
vn -0.46441927552223206 0.29321861267089844 -0.83566594123840332
vn -0.37448039650917053 0.81133639812469482 -0.44888490438461304
vn -0.2171478271484375 0.21702201664447784 -0.95170807838439941
vn -0.39525267481803894 0.31348219513893127 -0.86342591047286987
vn -0.16568094491958618 0.33912423253059387 -0.9260370135307312
vn -0.29080790281295776 0.89796602725982666 -0.33028444647789001
vn -0.18039113283157349 0.81652390956878662 -0.54840469360351562
vn -0.066963344812393188 0.23552626371383667 -0.96955829858779907
vn -0.11373972147703171 0.95519179105758667 -0.27326157689094543
vn -0.12564501166343689 0.95377320051193237 -0.27300176024436951
vn -0.076216384768486023 0.94901913404464722 -0.30586564540863037
vn -0.042519044131040573 0.94772630929946899 -0.31623876094818115
vn -0.04443499818444252 0.94081407785415649 -0.33599767088890076
vn -0.081018432974815369 0.95143222808837891 -0.29700636863708496
vn -0.016859382390975952 0.93437999486923218 -0.35587888956069946
vn -0.012444074265658855 0.9392019510269165 -0.34313967823982239
vn -0.0026564705185592175 0.95072060823440552 -0.31003746390342712
vn 0.0071479515172541142 0.93136531114578247 -0.36401581764221191
vn -0.066359922289848328 0.95546996593475342 -0.28752991557121277
vn -0.034779425710439682 0.95598459243774414 -0.29134824872016907
vn 0.0083538182079792023 0.92750704288482666 -0.37371233105659485
vn 0.019604887813329697 0.92090940475463867 -0.38928335905075073
vn 0.014581887982785702 0.96203851699829102 -0.27252388000488281
vn 0.012983407825231552 0.95411956310272217 -0.29914435744285583
vn -0.00012879997666459531 0.9576343297958374 -0.28798690438270569
vn -0.046848531812429428 0.94469982385635376 -0.32457268238067627
vn -0.044984415173530579 0.33348900079727173 -0.94168013334274292
vn -0.091694891452789307 0.91401243209838867 -0.39518767595291138
vn -0.01981629990041256 0.30329501628875732 -0.95269066095352173
vn 0.011477612890303135 0.30947482585906982 -0.95083838701248169
vn -0.0029258537106215954 0.06824638694524765 -0.99766421318054199
vn -0.0093887122347950935 0.93996649980545044 -0.34113755822181702
vn 0.021223658695816994 0.92315787076950073 -0.38383468985557556
vn 0.023910887539386749 0.29516729712486267 -0.95514637231826782
vn -0.89673888683319092 0.44040852785110474 0.043585233390331268
vn -0.88679099082946777 0.10579723864793777 -0.44989854097366333
vn -0.93454474210739136 0.3078976571559906 0.17839616537094116
vn -0.059468735009431839 -0.001506390399299562 -0.99822902679443359
vn -0.085782855749130249 0.0010486972751095891 -0.99631333351135254
vn -0.039217595010995865 0.00016135507030412555 -0.99923068284988403
vn -0.18381713330745697 0.0016230044420808554 -0.9829590916633606
vn -0.24077224731445312 0.0029409341514110565 -0.9705771803855896
vn -0.14087441563606262 0.0015650066779926419 -0.99002623558044434
vn -0.1464417427778244 0.0026014759205281734 -0.98921585083007812
vn -0.20894591510295868 0.0044571803882718086 -0.97791701555252075
vn -0.17996501922607422 0.0025956414174288511 -0.98366957902908325
vn -0.27855619788169861 0.0047336956486105919 -0.96040827035903931
vn -0.097279384732246399 -0.0023944810964167118 -0.99525421857833862
vn -0.16930130124092102 -0.00024055952962953597 -0.98556429147720337
vn -0.2537257969379425 -7.4138100899290293E-05 -0.96727615594863892
vn -0.33463102579116821 0.0047346358187496662 -0.94233733415603638
vn -0.3191283643245697 0.0025392419192939997 -0.94770807027816772
vn -0.42235216498374939 0.0038388327229768038 -0.90642368793487549
vn -0.46018809080123901 0.0019482441712170839 -0.88781929016113281
vn -0.50465726852416992 0.0022529386915266514 -0.86331683397293091
vn -0.39578291773796082 0.0022855233401060104 -0.91834127902984619
vn -0.59179043769836426 0.00037653269828297198 -0.80609172582626343
vn -0.54321587085723877 0.001061952905729413 -0.83959239721298218
vn -0.6820029616355896 -0.00032138318056240678 -0.73134934902191162
vn -0.43038144707679749 -0.0011625236365944147 -0.90264636278152466
vn -0.48138609528541565 -0.00094039877876639366 -0.87650817632675171
vn -0.93593937158584595 0.17994651198387146 0.30271562933921814
vn -0.94514715671539307 0.070197120308876038 -0.31901296973228455
vn -0.99621617794036865 0.034558892250061035 0.079743221402168274
vn -0.026006115600466728 -0.82390785217285156 0.56612676382064819
vn -0.054038789123296738 -0.82938486337661743 0.55605804920196533
vn -0.027501730248332024 -0.84747487306594849 0.53012263774871826
vn 0.33624327182769775 -0.92525345087051392 0.17563176155090332
vn 0.33237677812576294 -0.9326026439666748 0.14063417911529541
vn 0.21058523654937744 -0.94006329774856567 0.26820674538612366
vn 0.40818452835083008 -0.90441924333572388 0.1241418793797493
vn 0.3931635320186615 -0.90247923135757446 0.17593668401241302
vn 0.49621772766113281 -0.84866052865982056 0.18314816057682037
vn 0.42181706428527832 -0.86230587959289551 0.28017663955688477
vn 0.38846978545188904 -0.89739429950714111 0.20922407507896423
vn 0.37303406000137329 -0.87786746025085449 0.30032366514205933
vn 0.0074011287651956081 -0.7931482195854187 0.60898369550704956
vn -0.011409327387809753 -0.76091873645782471 0.64874684810638428
vn -0.035143081098794937 -0.70076555013656616 0.71252548694610596
vn -0.033893924206495285 -0.63218408823013306 0.77407652139663696
vn -0.0095353079959750175 -0.70559334754943848 0.70855283737182617
vn -0.0098022501915693283 -0.56038683652877808 0.82817298173904419
vn 0.051629893481731415 -0.62011122703552246 0.78281313180923462
vn 0.18941731750965118 -0.72746080160140991 0.65948605537414551
vn 0.13433834910392761 -0.72489368915557861 0.67563480138778687
vn 0.12544891238212585 -0.65009522438049316 0.74942559003829956
vn 0.26402372121810913 -0.75114339590072632 0.60504138469696045
vn 0.32013574242591858 -0.7933342456817627 0.51781642436981201
vn 0.035802517086267471 -0.67950725555419922 0.73279470205307007
vn 0.74621737003326416 -0.50341594219207764 0.43558236956596375
vn 0.70662373304367065 -0.49002626538276672 0.51044797897338867
vn 0.67486315965652466 -0.69705706834793091 0.24222128093242645
vn 0.60823965072631836 -0.77290874719619751 0.1807112991809845
vn 0.69106358289718628 -0.61401307582855225 0.3813384473323822
vn 0.54689699411392212 -0.83027034997940063 0.10749324411153793
vn 0.64183425903320312 -0.75177192687988281 0.15128684043884277
vn 0.77842998504638672 -0.56723934412002563 0.26886111497879028
vn 0.26043343544006348 -0.96322005987167358 0.066192924976348877
vn 0.33986172080039978 -0.94018256664276123 0.023468583822250366
vn 0.44840079545974731 -0.89148437976837158 0.064748078584671021
vn 0.86694216728210449 -0.21369130909442902 0.45027464628219604
vn 0.87920647859573364 -0.21201668679714203 0.42666724324226379
vn 0.84321361780166626 -0.11659563332796097 0.52478206157684326
vn 0.7922292947769165 -0.2014634907245636 0.57600802183151245
vn 0.81406468152999878 -0.13003849983215332 0.566028892993927
vn 0.83874940872192383 -0.33601605892181396 0.42847713828086853
vn 0.88255661725997925 -0.31173554062843323 0.35201534628868103
vn 0.75650858879089355 -0.32641342282295227 0.56670016050338745
vn 0.79065412282943726 -0.54919630289077759 0.27064642310142517
vn 0.84249061346054077 -0.46836575865745544 0.26616364717483521
vn 0.83877241611480713 -0.029906632378697395 0.54366016387939453
vn 0.87236481904983521 -0.02803923562169075 0.4880506694316864
vn 0.85435992479324341 0.010535629466176033 0.51957494020462036
vn 0.77440518140792847 -0.60288852453231812 0.19189070165157318
vn 0.76537257432937622 -0.4706784188747406 0.43893805146217346
vn 0.13386884331703186 -0.9718596339225769 0.19382457435131073
vn 0.2103322297334671 -0.97165125608444214 0.10795469582080841
vn 0.091058805584907532 -0.95236074924468994 0.29106235504150391
vn 0.089348234236240387 -0.95958131551742554 0.2668718695640564
vn 0.045488066971302032 -0.91887766122817993 0.39191156625747681
vn 0.32513135671615601 -0.94369679689407349 0.061040181666612625
vn 0.40413549542427063 -0.91205918788909912 0.069444447755813599
vn 0.32406455278396606 -0.94494760036468506 0.045345287770032883
vn 0.044403422623872757 -0.92463165521621704 0.37826529145240784
vn 0.01771942712366581 -0.87946850061416626 0.47562718391418457
vn -0.0017973164794966578 -0.83053892850875854 0.5569576621055603
vn 0.020843414589762688 -0.88188272714614868 0.47100788354873657
vn 0.0049367314204573631 -0.82955914735794067 0.55839705467224121
vn -0.0078439423814415932 -0.77683877944946289 0.62965071201324463
vn 0.0066737723536789417 -0.79672574996948242 0.60430419445037842
vn 0.010664592497050762 -0.12083049118518829 0.99261587858200073
vn -0.12278727442026138 0.55529600381851196 0.82253849506378174
vn 0.071259133517742157 -0.6134791374206543 0.78648936748504639
vn 0.1743236631155014 -0.29296940565109253 0.94009584188461304
vn -0.386598140001297 -0.0058163618668913841 0.92222994565963745
vn 0.13458208739757538 -0.39016756415367126 0.91085505485534668
vn 0.33407232165336609 0.73922818899154663 0.58475410938262939
vn 0.065937213599681854 -0.28742522001266479 0.95553076267242432
vn 0.026440685614943504 0.42623713612556458 0.90422499179840088
vn 0.077274203300476074 0.69081968069076538 0.71888583898544312
vn 0.17649438977241516 0.70210874080657959 0.68985003232955933
vn 0.036500997841358185 -0.39419358968734741 0.91830229759216309
vn 0.052800167351961136 -0.84897607564926147 0.52578681707382202
vn -0.066351316869258881 -0.79742801189422607 -0.59975498914718628
vn -0.044548936188220978 -0.7638811469078064 -0.64381754398345947
vn 0.11122206598520279 -0.96582436561584473 -0.23412153124809265
vn 0.1424037367105484 -0.97759687900543213 -0.15500174462795258
vn 0.027823621407151222 -0.95714432001113892 0.28827175498008728
vn 0.01676001213490963 -0.96119683980941772 -0.27535387873649597
vn -0.26885676383972168 -0.7609439492225647 -0.59049159288406372
vn -0.35720610618591309 -0.75695645809173584 -0.54719346761703491
vn 0.68512779474258423 -0.63246119022369385 0.36137622594833374
vn -0.14278745651245117 -0.94261562824249268 -0.30180701613426208
vn -0.10951217263936996 -0.95507389307022095 -0.27539229393005371
vn -0.36754634976387024 -0.92614895105361938 -0.084603577852249146
vn -0.1708093136548996 -0.98310774564743042 -0.065752424299716949
vn -0.33164927363395691 -0.19716890156269073 -0.92256879806518555
vn 0.57658118009567261 -0.23622621595859528 -0.78214532136917114
vn 0.64039742946624756 -0.74472182989120483 -0.18783114850521088
vn 0.73056596517562866 -0.63389748334884644 -0.25386470556259155
vn 0.082221321761608124 -0.25538501143455505 -0.9633370041847229
vn 0.11818628758192062 -0.98140615224838257 -0.1512414813041687
vn -0.050634868443012238 -0.19059012830257416 -0.98036295175552368
vn 0.10179679095745087 -0.16145539283752441 -0.98161578178405762
vn 0.056332655251026154 -0.56024855375289917 -0.82640677690505981
vn 0.15559422969818115 -0.95830053091049194 -0.23968829214572906
vn 0.22035092115402222 -0.90385180711746216 -0.36673891544342041
vn 0.21818733215332031 -0.29075619578361511 -0.93158739805221558
vn 0.28546705842018127 -0.93804699182510376 -0.19640883803367615
vn 0.14737209677696228 -0.74710851907730103 -0.64815914630889893
vn 0.33009323477745056 -0.80689865350723267 -0.48985004425048828
vn -0.060677111148834229 -0.91165304183959961 0.40645664930343628
vn -0.31850677728652954 -0.94621586799621582 -0.056823872029781342
vn -0.1131751537322998 -0.83791935443878174 0.53393125534057617
vn -0.043881256133317947 -0.96237081289291382 -0.26817324757575989
vn 0.008413814939558506 -0.97293901443481445 -0.23090885579586029
vn 0.81025582551956177 -0.26148125529289246 0.52451217174530029
vn 0.44757738709449768 -0.27892044186592102 -0.84963393211364746
vn 0.44451898336410522 -0.87905538082122803 -0.17223377525806427
vn 0.50733155012130737 -0.4845140278339386 -0.71264356374740601
vn 0.47266918420791626 -0.27844220399856567 -0.83609437942504883
vn -0.37962520122528076 -0.92513930797576904 -0.0014099286636337638
vn -0.37957897782325745 -0.92515408992767334 0.0031133922748267651
vn -0.35402268171310425 -0.93520301580429077 -0.0079553304240107536
vn 0.52307742834091187 -0.73438119888305664 -0.43252086639404297
vn 0.42742630839347839 -0.15137073397636414 -0.89128762483596802
vn 0.87283194065093994 -0.13788296282291412 -0.46813741326332092
vn 0.88936114311218262 -0.43597865104675293 0.13769294321537018
vn 0.29020503163337708 -0.89980858564376831 -0.32576912641525269
vn 0.37760910391807556 -0.2893407940864563 -0.87959837913513184
vn 0.45548352599143982 -0.37233889102935791 -0.80863994359970093
vn -0.11300221830606461 -0.58658558130264282 -0.80196499824523926
vn -0.34926572442054749 -0.89501631259918213 -0.27741524577140808
vn -0.42556935548782349 -0.32005077600479126 -0.84643852710723877
vn -0.49223968386650085 -0.85034006834030151 -0.18606957793235779
vn -0.456512451171875 -0.17556625604629517 -0.87222295999526978
vn -0.97971755266189575 -0.16829957067966461 0.10876025259494781
vn -0.093376196920871735 -0.80643767118453979 -0.58389997482299805
vn -0.049032870680093765 -0.19824165105819702 -0.97892594337463379
vn -0.52013558149337769 -0.82837235927581787 0.2079860121011734
vn -0.097515471279621124 -0.96812176704406738 0.23071835935115814
vn -0.15422062575817108 -0.97971922159194946 -0.12793079018592834
vn -0.088130071759223938 -0.97491377592086792 -0.2043924480676651
vn -0.12972888350486755 -0.93935281038284302 0.31746932864189148
vn -0.47620251774787903 -0.24132992327213287 -0.84557139873504639
vn -0.44313523173332214 -0.37031668424606323 -0.81639254093170166
vn -0.49918141961097717 -0.84822678565979004 -0.17700059711933136
vn -0.088552497327327728 0.016883905977010727 0.99592840671539307
vn -0.36959224939346313 -0.001438614446669817 0.92919290065765381
vn -0.078584447503089905 -0.99690723419189453 0.00068436108995229006
vn -0.087951257824897766 -0.99612456560134888 -0.00061047868803143501
vn -0.11973481625318527 -0.9928056001663208 -0.0008036624058149755
vn -0.77342534065246582 -0.61573934555053711 0.150593101978302
vn -0.069487124681472778 -0.25433006882667542 -0.96461790800094604
vn -0.47598579525947571 -0.8305591344833374 -0.28915229439735413
vn -0.046425357460975647 -0.13181358575820923 -0.99018681049346924
vn -0.0060582682490348816 0.75091361999511719 0.66037267446517944
vn 0.42892992496490479 -0.14337129890918732 0.89188778400421143
vn -0.30020636320114136 -0.011606818065047264 0.9538036584854126
vn -0.53062504529953003 -0.52399635314941406 0.66623187065124512
vn -0.052166186273097992 -0.4924791157245636 0.86875945329666138
vn 0.029827237129211426 0.26396936178207397 0.96406978368759155
vn -0.083772145211696625 -0.54488641023635864 0.83431470394134521
vn -0.040665235370397568 0.24371258914470673 0.9689946174621582
vn -0.294120192527771 -0.56637680530548096 0.76987701654434204
vn 0.13722595572471619 -0.23080286383628845 0.96327519416809082
vn 0.39190801978111267 -0.4373643696308136 0.80939513444900513
vn -0.57280135154724121 -0.46319648623466492 0.67627483606338501
vn 0.023549320176243782 -0.53474503755569458 0.84468525648117065
vn 0.084371447563171387 0.15775422751903534 0.98386740684509277
vn 0.05496395006775856 0.85171175003051758 0.52112001180648804
vn 0.28817173838615417 -0.7792547345161438 0.55652409791946411
vn 0.84851264953613281 0.45428386330604553 -0.27138984203338623
vn 0.46571367979049683 0.29813072085380554 -0.83320397138595581
vn 0.4366544783115387 0.14638140797615051 -0.88764029741287231
vn 0.48608717322349548 0.41662785410881042 -0.76820600032806396
vn 0.13196440041065216 0.97123891115188599 -0.19819264113903046
vn 0.016585670411586761 0.95962274074554443 -0.28080081939697266
vn -0.35513061285018921 0.75626540184020996 -0.54949510097503662
vn -0.26852858066558838 0.76087319850921631 -0.59073203802108765
vn -0.42503967881202698 0.79945540428161621 -0.42451423406600952
vn 0.5972934365272522 0.77385634183883667 0.2106819748878479
vn 0.68913781642913818 0.61553502082824707 0.3823685348033905
vn 0.021570237353444099 0.82391315698623657 0.56630539894104004
vn -0.10018113255500793 0.80019384622573853 -0.59131515026092529
vn 0.85007363557815552 0.50182324647903442 0.15983814001083374
vn 0.72889542579650879 0.66014909744262695 -0.18142387270927429
vn 0.75753533840179443 0.65267181396484375 0.012640131637454033
vn 0.51427751779556274 0.11164414882659912 -0.85032594203948975
vn 0.13312885165214539 0.944629967212677 -0.29991817474365234
vn 0.1574479341506958 0.91437554359436035 -0.37299796938896179
vn 0.091678664088249207 0.98282259702682495 0.16017115116119385
vn -0.15933480858802795 0.85055691003799438 0.5011640191078186
vn -0.17181490361690521 0.98288804292678833 -0.066413149237632751
vn -0.19050043821334839 0.8492169976234436 -0.49248355627059937
vn -0.14990958571434021 0.19647319614887238 -0.96898162364959717
vn -0.35779520869255066 0.31226330995559692 -0.88004213571548462
vn -0.31172290444374084 0.81002116203308105 -0.4966835081577301
vn -0.38906955718994141 0.87899541854858398 -0.27566638588905334
vn 0.44307073950767517 0.12633523344993591 -0.88754028081893921
vn 0.43668973445892334 0.86315667629241943 -0.25350067019462585
vn -0.2231028825044632 0.40622672438621521 -0.88611793518066406
vn -0.27794891595840454 0.92551809549331665 -0.25721719861030579
vn -0.016561582684516907 0.321309894323349 -0.94682925939559937
vn 0.035874679684638977 0.045874573290348053 -0.99830281734466553
vn 0.43471872806549072 0.51995289325714111 -0.73530173301696777
vn 0.3489852249622345 0.26886504888534546 -0.89773094654083252
vn 0.41247701644897461 0.18894563615322113 -0.89115780591964722
vn 0.042296767234802246 0.99178844690322876 -0.12069262564182281
vn 0.052189167588949203 0.97375798225402832 0.22152118384838104
vn 0.10400087386369705 0.18207105994224548 -0.97776991128921509
vn 0.12024856358766556 0.9395442008972168 -0.3206196129322052
vn 0.13475367426872253 0.10056676715612411 -0.98576253652572632
vn 0.32998740673065186 0.8075445294380188 -0.4888559877872467
vn 0.1177634671330452 0.40750005841255188 -0.90558016300201416
vn 0.15521751344203949 0.90138757228851318 -0.4042375385761261
vn -0.17353808879852295 0.94328689575195312 -0.28300949931144714
vn -0.34659445285797119 0.93080419301986694 -0.11608531326055527
vn -0.11683064699172974 0.79725104570388794 -0.59223419427871704
vn -0.081467650830745697 0.95407676696777344 -0.2882716953754425
vn -0.4475492537021637 0.82378941774368286 -0.34795209765434265
vn -0.36780461668968201 0.23852278292179108 -0.89879179000854492
vn -0.042382154613733292 0.9519696831703186 -0.30324482917785645
vn 0.0079887146130204201 0.97122597694396973 -0.23802585899829865
vn 0.65516126155853271 0.47242456674575806 0.58955812454223633
vn 0.42663422226905823 0.53471451997756958 -0.72942692041397095
vn -0.2509726881980896 0.9679827094078064 -0.0047071231529116631
vn 0.39510548114776611 0.00068593834294006228 -0.91863548755645752
vn 0.3961530327796936 -3.0634448194177821E-05 -0.91818451881408691
vn 0.39622500538825989 -7.9874174844007939E-05 -0.91815346479415894
vn 0.35197919607162476 0.16160440444946289 -0.9219515323638916
vn 0.42260625958442688 0.87175488471984863 -0.24788582324981689
vn 0.081858336925506592 0.26739734411239624 -0.96010303497314453
vn -0.097156785428524017 0.64165771007537842 -0.76081269979476929
vn 0.082040652632713318 0.28505504131317139 -0.95499372482299805
vn -0.35632804036140442 0.18157149851322174 -0.91654902696609497
vn -0.81333917379379272 0.0230703204870224 -0.58133220672607422
vn -0.07303425669670105 0.90393179655075073 -0.42139443755149841
vn -0.1679571121931076 0.97942209243774414 -0.11190507560968399
vn -0.13020481169223785 0.92058801651000977 0.36819073557853699
vn -0.15532574057579041 0.98012453317642212 -0.12340922653675079
vn -0.76773685216903687 0.089578524231910706 -0.63447284698486328
vn -0.72841447591781616 0.18659308552742004 -0.65923845767974854
vn -0.4719049334526062 0.8316531777381897 -0.29267507791519165
vn -0.05008232593536377 0.17798309028148651 -0.98275822401046753
vn -0.81464689970016479 0.1472429484128952 -0.56095445156097412
vn -0.85850828886032104 0.51107990741729736 -0.041962452232837677
vn -0.35422718524932861 -0.0012165247462689877 -0.93515861034393311
vn -0.63732457160949707 0.00018933703540824354 -0.77059543132781982
vn -0.57136821746826172 -0.00061752100009471178 -0.82069355249404907
vn -0.94140750169754028 0.2740122377872467 0.19664479792118073
vn -0.048884272575378418 -0.81842666864395142 0.57252782583236694
vn -0.069744154810905457 -0.82869911193847656 0.55533194541931152
vn 0.19204312562942505 0.80505502223968506 0.56125378608703613
vn 0.27735432982444763 0.87677860260009766 0.39285352826118469
vn 0.062218297272920609 -0.42743951082229614 0.90190041065216064
vn 0.040303297340869904 0.35700133442878723 0.93323397636413574
vn 0.035807587206363678 0.44127297401428223 0.89665824174880981
vn 0.29738661646842957 0.83063465356826782 0.47075179219245911
vn 0.5333259105682373 0.65022486448287964 0.54108327627182007
vn -0.54951047897338867 0.53633850812911987 0.64060848951339722
vn -0.39330396056175232 0.1664370596408844 0.90421825647354126
vn -0.44767558574676514 0.19676387310028076 0.87227892875671387
vn -0.55309957265853882 0.043196678161621094 0.83199453353881836
vn -0.57853323221206665 0.037644311785697937 0.81478965282440186
vn -0.84057295322418213 0.13120733201503754 0.52556800842285156
vn -0.36998859047889709 -0.20664812624454498 -0.90576213598251343
vn 0.91936498880386353 -0.38795989751815796 -0.065231390297412872
vn -0.37227565050125122 -0.85338282585144043 -0.3648952841758728
vn -0.40481892228126526 -0.85994672775268555 -0.31082668900489807
vn -0.33482798933982849 -0.87048935890197754 -0.36074721813201904
vn -0.3090488612651825 -0.93462669849395752 -0.17595939338207245
vn 0.046894136816263199 -0.99889987707138062 -0.00011537015961948782
vn 0.020523013547062874 -0.99978923797607422 -0.00056744168978184462
vn 0.095037646591663361 -0.99547368288040161 -0.00019452303240541369
vn -0.13977175951004028 -0.99009770154953003 -0.013054023496806622
vn -0.10147499293088913 -0.99473899602890015 -0.014043096452951431
vn 0.40681269764900208 -0.89721417427062988 -0.17178535461425781
vn 0.12580470740795135 -0.21944402158260345 -0.96747994422912598
vn 0.46149212121963501 -0.00019728629558812827 -0.88714426755905151
vn 0.088604465126991272 -0.00031130301067605615 -0.9960668683052063
vn -0.25042945146560669 -8.9047163783106953E-05 -0.96813482046127319
vn -0.28354737162590027 -0.0020675475243479013 -0.95895600318908691
vn -0.19484671950340271 -0.001416541519574821 -0.98083269596099854
vn -0.62397098541259766 -0.00085881404811516404 -0.78144699335098267
vn -0.70538902282714844 0.0025906027294695377 -0.70881563425064087
vn -0.62446469068527222 -0.00046996129094623029 -0.78105288743972778
vn -0.48038038611412048 0.0020310818217694759 -0.87705790996551514
vn 0.026749948039650917 -0.19489765167236328 -0.98045873641967773
vn -0.16221871972084045 -4.7425422962987795E-05 -0.98675483465194702
vn 0.36393049359321594 -3.6868132156087086E-05 -0.93142610788345337
vn 0.31654679775238037 -0.00011674946290440857 -0.94857686758041382
vn -0.96602773666381836 -0.15973557531833649 -0.20316235721111298
vn -0.8149147629737854 -0.2059171199798584 -0.54176759719848633
vn -0.44982290267944336 -0.55057090520858765 0.70322901010513306
vn -0.01292490866035223 -0.066893137991428375 -0.99767643213272095
vn -0.80281996726989746 0.02081695944070816 -0.59585803747177124
vn -0.064467698335647583 0.29706063866615295 0.95267987251281738
vn 0.048975829035043716 0.01572558656334877 0.99867618083953857
vn 0.58297562599182129 -0.62338411808013916 0.52108699083328247
vn 0.041266947984695435 0.10026076436042786 0.99410504102706909
vn 0.6338157057762146 -0.52646374702453613 0.56666886806488037
vn 0.68010526895523071 -0.28295984864234924 0.67630654573440552
vn 0.17178444564342499 -0.048136845231056213 0.98395776748657227
vn 0.043637380003929138 0.51195782423019409 0.85790151357650757
vn -0.73257660865783691 -0.091821923851966858 0.67446291446685791
vn -0.53549486398696899 -0.037452135235071182 0.8437076210975647
vn -0.80897796154022217 -0.12218981981277466 0.57499939203262329
vn 0.57795077562332153 0.018104942515492439 -0.81587076187133789
vn 0.95156991481781006 0.16307111084461212 -0.26061958074569702
vn -0.18614928424358368 0.12663242220878601 -0.97432678937911987
vn -0.2873767614364624 0.17375995218753815 -0.94192469120025635
vn -0.93867689371109009 -0.0045480248518288136 0.34476810693740845
vn -0.93580198287963867 0.15077033638954163 0.31865811347961426
vn -0.93114209175109863 0.23762360215187073 0.27660343050956726
vn -0.8028334379196167 0.5805242657661438 0.13583104312419891
vn -0.82509344816207886 0.55168020725250244 0.12194178998470306
vn 0.92282778024673462 0.36984696984291077 -0.10771317780017853
vn 0.020454274490475655 0.99979060888290405 -0.00056504074018448591
vn 0.015670383349061012 8.9613058662507683E-05 -0.9998772144317627
vn 0.0090971328318119049 -3.0377505026990548E-05 -0.99995863437652588
vn -0.44755664467811584 0.84119337797164917 -0.30345800518989563
vn -0.4423336386680603 0.85294681787490845 -0.27716907858848572
vn 0.61919170618057251 -3.9521168218925595E-05 -0.7852398157119751
vn 0.60275405645370483 9.3429640401154757E-05 -0.79792702198028564
vn 0.6501198410987854 -0.00030751200392842293 -0.75983160734176636
vn -0.8924105167388916 -0.00043719497625716031 -0.45122417807579041
vn -0.25801685452461243 0.037480108439922333 0.96541315317153931
vn -0.27398809790611267 0.080301210284233093 0.95837479829788208
vn -0.37922820448875427 0.20687885582447052 0.90187972784042358
vn 0.031172368675470352 0.93493568897247314 0.35344517230987549
vn 0.44503292441368103 0.23471683263778687 -0.86420696973800659
vn -0.081677496433258057 0.40434753894805908 0.91095107793807983
vn -0.067691557109355927 0.00036327922134660184 -0.99770623445510864
vn 0.047085355967283249 0.0012130035320296884 -0.99889016151428223
vn 0.31221520900726318 -0.0007442065398208797 -0.95001113414764404
vn 0.055667903274297714 0.72263741493225098 0.68898200988769531
vn 0.061943456530570984 0.73682284355163574 0.67324227094650269
vn 0.29694420099258423 0.0001495250326115638 -0.95489484071731567
vn 0.24061037600040436 0.00020723576017189771 -0.97062176465988159
vn -0.89397001266479492 0.42796948552131653 -0.13288983702659607
vn -0.32710111141204834 0.72092735767364502 0.61095714569091797
vn -0.47010260820388794 0.84595596790313721 0.25171813368797302
vn -0.76125341653823853 -0.0059679374098777771 0.64842700958251953
vn -0.86431431770324707 0.32946270704269409 0.38001987338066101
vn -0.87086385488510132 0.038648892194032669 -0.49000242352485657
vn -0.089669018983840942 -0.84531891345977783 0.52668339014053345
vn 0.16418543457984924 -0.93426531553268433 0.31653043627738953
vn 0.064616948366165161 -0.88715720176696777 0.45692095160484314
vn 0.063589908182621002 -0.89457911252975464 0.44236242771148682
vn -0.037291981279850006 -0.45551374554634094 0.88944733142852783
vn 0.47144532203674316 -0.83968287706375122 0.26957735419273376
vn -0.24578885734081268 -0.94902020692825317 -0.19735367596149445
vn 0.56555682420730591 -0.72498154640197754 -0.39312499761581421
vn 0.77011817693710327 -0.18483917415142059 -0.61053460836410522
vn 0.46293672919273376 -0.0002394691837253049 -0.886391282081604
vn -0.18006327748298645 -0.82622206211090088 0.53379243612289429
vn 0.059033334255218506 -0.74811148643493652 0.6609419584274292
vn -0.00064292881870642304 -0.47515401244163513 0.8799024224281311
vn -0.24942168593406677 0.0006828217301517725 -0.96839475631713867
vn -0.15330815315246582 -3.9075071981642395E-05 -0.98817843198776245
vn -0.68596392869949341 6.8476874730549753E-05 -0.72763556241989136
vn 0.1526368260383606 0.3226759135723114 -0.93412113189697266
vn 0.2940962016582489 0.3074624240398407 -0.90497195720672607
vn -0.30576157569885254 -0.0014876442728564143 -0.95210695266723633
vn 0.67648524045944214 -0.00069808826083317399 -0.73645585775375366
vn -0.29218298196792603 0.37923786044120789 0.8779565691947937
vn -0.54073315858840942 0.00089095561997964978 -0.84119373559951782
vn -0.40340346097946167 -0.0025306062307208776 -0.91501873731613159
vn -0.091308020055294037 0.0010448567336425185 -0.99582213163375854
vn -0.17040476202964783 0.8942558765411377 0.41384613513946533
vn -0.093769893050193787 0.87115961313247681 0.48196277022361755
vn -0.16689938306808472 0.90150052309036255 0.39930114150047302
vn 0.84870576858520508 -0.45813241600990295 -0.26422181725502014
vn 0.010544594377279282 -0.99973338842391968 0.020542697980999947
vn 0.039771925657987595 -0.97377473115921021 0.22401116788387299
vn 0.94596737623214722 -0.16273950040340424 -0.28046667575836182
vn -0.34007826447486877 -0.94036096334457397 -0.0082482369616627693
vn -0.019329722970724106 -0.9042971134185791 0.42646580934524536
vn 0.11608497053384781 -0.99323928356170654 -8.8299333583563566E-05
vn -0.71108907461166382 -0.64159715175628662 0.28758546710014343
vn -0.78079932928085327 -0.52916127443313599 0.33217588067054749
vn -0.32605704665184021 -0.72152155637741089 0.61081379652023315
vn -0.90678530931472778 -0.11259832978248596 0.40627828240394592
vn -0.42419049143791199 -0.28010913729667664 0.86116278171539307
vn -0.47906592488288879 -0.87411743402481079 0.080091118812561035
vn 0.39544644951820374 0.91708904504776001 0.050693009048700333
vn 0.7652631402015686 0.57872259616851807 0.28187316656112671
vn 0.76536232233047485 0.47067531943321228 0.43895930051803589
vn 0.1829906702041626 -0.77489155530929565 0.60502684116363525
vn 0.11994416266679764 -0.78265112638473511 0.61079502105712891
vn 0.020747952163219452 0.64683699607849121 0.76234596967697144
vn 0.046239055693149567 -0.49814778566360474 0.86585837602615356
vn 0.59800821542739868 -0.32386568188667297 0.73314195871353149
vn -0.55991566181182861 -0.11408882588148117 0.82065719366073608
vn 0.65027540922164917 0.13463170826435089 -0.74767380952835083
vn 0.27242130041122437 0.67794430255889893 -0.68277239799499512
vn 0.0096499528735876083 0.999603271484375 0.026460574939846992
vn 0.24619890749454498 -0.0093390168622136116 0.96917432546615601
vn 0.9558594822883606 0.20459863543510437 -0.2108839750289917
vn 0.085722319781780243 0.077506586909294128 -0.99329978227615356
vn 0.20804460346698761 0.1556050032377243 -0.96566271781921387
vn -0.23911464214324951 0.97096395492553711 0.007289328146725893
vn -0.30478090047836304 0.95241433382034302 -0.0039461948908865452
vn 0.30842575430870056 0.95124274492263794 0.0032862292136996984
vn -0.33931419253349304 0.88160413503646851 -0.32808548212051392
vn -0.16394786536693573 0.82845795154571533 0.53551703691482544
vn -0.074558980762958527 0.28222036361694336 0.95644789934158325
vn -0.10068169236183167 0.30302891135215759 0.94764798879623413
vn -0.042851600795984268 0.25205099582672119 0.96676474809646606
vn 0.52848082780838013 0.0004232974024489522 -0.84894514083862305
vn 0.071220681071281433 0.64387845993041992 0.76180589199066162
vn 0.070343434810638428 0.59347599744796753 0.80177181959152222
vn -0.26182466745376587 0.16695424914360046 0.9505651593208313
vn -0.029149485751986504 1.6266691091004759E-05 -0.99957507848739624
vn -0.29685160517692566 -0.00041990817408077419 -0.95492351055145264
vn 0.0021899733692407608 -0.86082273721694946 0.5089002251625061
vn -0.020131068304181099 -0.82654982805252075 0.5625033974647522
vn 0.87212979793548584 -0.10437159985303879 0.47801274061203003
vn 0.82578551769256592 -0.080715261399745941 0.5581786036491394
vn 0.24743174016475677 -0.96531569957733154 0.083325520157814026
vn 0.028296541422605515 -0.47510382533073425 0.87947463989257812
vn 0.035439226776361465 0.54933172464370728 0.83485251665115356
vn 0.036457635462284088 -0.47187027335166931 0.88091391324996948
vn -0.62680119276046753 0.69588226079940796 0.35052546858787537
vn -0.56925350427627563 0.76692754030227661 0.2962644100189209
vn 0.27921751141548157 -0.80717897415161133 -0.52009588479995728
vn -0.267112135887146 -0.78758871555328369 -0.55529731512069702
vn 0.26622095704078674 -0.78064090013504028 -0.56544333696365356
vn -0.10611075907945633 -0.69936913251876831 -0.7068403959274292
vn -0.17915309965610504 -0.0060142260044813156 -0.98380279541015625
vn -0.040223360061645508 -0.89000397920608521 0.45417505502700806
vn 0.544697105884552 -0.00050319527508690953 -0.83863270282745361
vn -0.16958159208297729 -0.83336257934570312 0.52606934309005737
vn -0.17164643108844757 -0.85027045011520386 0.49757176637649536
vn -0.21278882026672363 -0.81306850910186768 0.5418860912322998
vn 0.016878042370080948 -0.99985742568969727 0.0005600322037935257
vn -0.2843354344367981 -0.34641933441162109 0.89395022392272949
vn -0.27548423409461975 -0.25208196043968201 0.92766541242599487
vn -0.29887279868125916 -0.0048768236301839352 -0.95428049564361572
vn -0.97737580537796021 0.033430304378271103 -0.20885163545608521
vn 0.41694533824920654 0.86823701858520508 0.26892572641372681
vn 0.34626579284667969 0.87443822622299194 0.33979085087776184
vn 0.4064563512802124 0.85885500907897949 0.31170710921287537
vn 0.14704166352748871 0.72888809442520142 0.66865605115890503
vn 0.78807514905929565 0.57959824800491333 0.20737260580062866
vn -0.61950606107711792 -0.38281005620956421 0.68532377481460571
vn -0.30351540446281433 0.093072578310966492 0.94826996326446533
vn -0.55830413103103638 -0.75363576412200928 0.34688559174537659
vn -0.56948685646057129 -0.76677459478378296 0.29621177911758423
vn -0.0034276142250746489 0.16290827095508575 -0.98663526773452759
vn 0.31058621406555176 0.57309836149215698 -0.75834983587265015
vn 0.42729821801185608 0.5600622296333313 -0.70975100994110107
vn 0.35917001962661743 0.51067280769348145 -0.78115952014923096
vn -0.79371929168701172 0.59501641988754272 0.12635344266891479
vn -0.37748578190803528 0.92601144313812256 0.0026952230837196112
vn -0.37110048532485962 0.92859262228012085 0.00036015297519043088
vn 0.00059010554105043411 5.2003615564899519E-05 -0.99999982118606567
vn 0.18334530293941498 4.8658662308298517E-06 -0.98304855823516846
vn 0.18003104627132416 -0.00011946977610932663 -0.98366093635559082
vn 0.12220928072929382 -2.4198476239689626E-05 -0.99250435829162598
vn 0.38317671418190002 0.00077953998697921634 -0.92367470264434814
vn 0.12854112684726715 0.99170339107513428 -0.0012397064128890634
vn 0.071186207234859467 0.56305617094039917 0.82334697246551514
vn -0.20372240245342255 0.048971362411975861 0.97780317068099976
vn -0.27474728226661682 0.26376268267631531 0.92463135719299316
vn -0.83997827768325806 -0.012318886816501617 0.54248017072677612
vn 0.32111036777496338 0.00041850464185699821 -0.94704169034957886
vn 0.39362558722496033 0.0021267400588840246 -0.91926836967468262
vn -0.091302312910556793 0.00039215761353261769 -0.99582314491271973
vn -0.094685100018978119 0.99550127983093262 -0.003460699925199151
vn -0.12346835434436798 0.86276686191558838 -0.49029472470283508
vn -0.091158077120780945 -0.85414391756057739 0.51198470592498779
vn -0.14209792017936707 -0.89879864454269409 0.41469162702560425
vn 0.33543661236763 -0.85133951902389526 0.40336498618125916
vn 0.23242947459220886 -0.78567618131637573 0.57331448793411255
vn -0.90369153022766113 0.29219713807106018 0.3129895031452179
vn -0.98332101106643677 -0.011781474575400352 0.18149653077125549
vn -0.96316367387771606 0.027868594974279404 0.26746779680252075
vn -0.24777139723300934 0.89420104026794434 0.37284556031227112
vn -0.33467841148376465 0.87824082374572754 0.34158962965011597
vn 0.45817321538925171 -0.2963193953037262 -0.8380168080329895
vn 0.12500175833702087 -0.18085455894470215 -0.97553378343582153
vn 0.081980414688587189 -0.13844059407711029 -0.98697185516357422
vn -0.91840255260467529 -0.33871692419052124 0.20446912944316864
vn 0.018067123368382454 -0.633719801902771 -0.77335166931152344
vn -0.66162198781967163 -0.74882608652114868 0.038933571428060532
vn -0.74471175670623779 -0.66035324335098267 0.096633270382881165
vn -0.071664921939373016 -0.99742871522903442 0.00024981074966490269
vn -0.037071581929922104 0.00062426552176475525 -0.99931240081787109
vn -0.00078905327245593071 -0.95483845472335815 0.29712429642677307
vn 0.0023133321665227413 -0.17389889061450958 0.9847608208656311
vn 0.14292983710765839 -0.98973280191421509 -0.00016768254863563925
vn 0.48798331618309021 -0.85753941535949707 -0.16278353333473206
vn 0.47602969408035278 -0.85774910449981689 -0.19406740367412567
vn 0.21687453985214233 -0.89347571134567261 -0.39327672123908997
vn 0.39638102054595947 -0.91808605194091797 -0.00025168168940581381
vn 0.39638102054595947 -0.91808605194091797 -0.00025168168940581381
vn 0.39638102054595947 -0.91808605194091797 -0.00025168168940581381
vn 0.89416956901550293 -0.28499722480773926 0.34530767798423767
vn 0.86398458480834961 -0.26844769716262817 0.42598879337310791
vn 0.84658318758010864 -0.36735442280769348 0.38515928387641907
vn 0.9208991527557373 -0.0086380830034613609 0.38970521092414856
vn -0.29986774921417236 -0.2966884970664978 0.90667265653610229
vn 0.061427690088748932 -0.5681261420249939 0.82064568996429443
vn -0.4780009388923645 0.0014506480656564236 -0.87835812568664551
vn -0.06860361248254776 -0.76572412252426147 0.63949990272521973
vn -0.037452105432748795 -0.76368814706802368 0.64449810981750488
vn 0.15726585686206818 -5.4283613280858845E-05 -0.98755627870559692
vn 0.07109425961971283 -5.2590432460419834E-05 -0.99746960401535034
vn 0.014348925091326237 -0.96222841739654541 -0.27186492085456848
vn -0.00046398575068451464 -0.9869614839553833 -0.16095596551895142
vn -0.92641639709472656 -0.28181993961334229 0.2496601939201355
vn 0.26402658224105835 0.75114446878433228 0.60503882169723511
vn 0.32128274440765381 0.9468536376953125 0.01567080058157444
vn 0.39331948757171631 0.91719704866409302 0.06363464891910553
vn -0.96798431873321533 -0.086307980120182037 0.23570601642131805
vn -0.26634159684181213 -0.90152162313461304 0.34105846285820007
vn -0.15470884740352631 -0.89887923002243042 0.40997713804244995
vn -0.23911154270172119 -0.89578181505203247 0.3747006356716156
vn 0.093652382493019104 0.70834016799926758 0.69963091611862183
vn -0.26726889610290527 0.91279077529907227 -0.30883702635765076
vn -0.96284013986587524 0.054019372910261154 0.26461446285247803
vn -0.95841795206069946 0.0035461836960166693 0.28534612059593201
vn 0.16094951331615448 0.30953529477119446 0.93716764450073242
vn 0.023484747856855392 0.93361520767211914 -0.35750681161880493
vn -0.065246410667896271 0.99786710739135742 0.0020314198918640614
vn -0.2803819477558136 0.95988386869430542 -0.0029943869449198246
vn -0.33056682348251343 0.9437825083732605 0.00042872081394307315
vn -0.057331252843141556 0.92729610204696655 0.36991229653358459
vn -0.15685147047042847 0.86164426803588867 0.48266628384590149
vn -0.27229210734367371 0.73356360197067261 0.622688889503479
vn 0.15889890491962433 0.93296194076538086 -0.32300639152526855
vn 0.11349827796220779 0.92720115184783936 -0.35695400834083557
vn 0.86687713861465454 0.24160172045230865 0.43606489896774292
vn -0.50363993644714355 2.835667874023784E-05 -0.86391365528106689
vn 0.024330936372280121 0.76064658164978027 0.64871007204055786
vn -0.75494647026062012 0.14619103074073792 -0.63928395509719849
vn 0.39789062738418579 -0.8531343936920166 0.33740895986557007
vn 0.829353928565979 -0.031485285609960556 0.55783569812774658
vn -0.94042503833770752 -0.28568652272224426 0.18434737622737885
vn -0.90176737308502197 -0.40771740674972534 0.14346487820148468
vn -0.010305480100214481 -0.99984651803970337 -0.01416634488850832
vn 0.061396006494760513 -0.72784024477005005 0.68299281597137451
vn 0.2553991973400116 -0.94026470184326172 0.22510780394077301
vn -0.039434138685464859 -0.54484254121780396 0.83761060237884521
vn -0.0231007169932127 -0.73673588037490845 0.67578589916229248
vn -0.043000731617212296 -0.1821230947971344 -0.98233503103256226
vn -0.078189320862293243 4.9788599426392466E-05 -0.99693852663040161
vn 0.9811822772026062 -0.010172284208238125 0.19281551241874695
vn -0.23496332764625549 -0.10399453341960907 0.96642506122589111
vn -0.26234427094459534 -0.045315992087125778 0.96390974521636963
vn -0.00034170079743489623 -0.95649206638336182 0.29175817966461182
vn -0.30324944853782654 -0.00037062913179397583 -0.9529111385345459
vn -0.14276634156703949 -0.75051546096801758 0.64524745941162109
vn -0.15814518928527832 -0.91912943124771118 0.36082011461257935
vn -0.00083670008461922407 0.85895538330078125 0.51204979419708252
vn -0.043000202625989914 0.18211422860622406 -0.98233669996261597
vn 0.15707366168498993 0.96231001615524292 -0.22200740873813629
vn -0.34715169668197632 0.12879100441932678 -0.92892336845397949
vn 0.36887469887733459 0.07207915186882019 -0.92668014764785767
vn 0.028172781690955162 0.70831960439682007 -0.70532947778701782
vn 0.039578568190336227 0.00059618434170261025 -0.99921625852584839
vn -0.29891401529312134 0.46915504336357117 0.83098971843719482
vn 0.060828283429145813 0.96667230129241943 0.24868574738502502
vn -0.075302973389625549 0.76257473230361938 0.64250236749649048
vn -0.15387462079524994 9.3820985057391226E-05 -0.9880903959274292
vn -0.50642591714859009 0.78177577257156372 -0.36381232738494873
vn -0.10718762129545212 0.95534670352935791 -0.27536064386367798
vn -0.1590869277715683 0.9550243616104126 -0.25023943185806274
vn 0.014051683247089386 0.9347042441368103 -0.35514858365058899
vn 0.24742144346237183 -0.34202057123184204 -0.90653437376022339
vn -0.99968898296356201 0.0094929113984107971 0.023060517385601997
vn 0.74622011184692383 0.50338822603225708 0.43560969829559326
vn 0.73148542642593384 0.36330950260162354 0.57700538635253906
vn 0.73322385549545288 -0.3466336727142334 0.58500248193740845
vn -0.29485520720481873 0.89711326360702515 0.32901090383529663
vn 0.98956584930419922 -0.094217255711555481 0.1090068519115448
vn 0.99355107545852661 0.020238762721419334 0.11156450212001801
vn 0.99370485544204712 0.01211964339017868 0.11137236654758453
vn 0.35661229491233826 -0.93413490056991577 0.014819028787314892
vn 0.11024542152881622 -0.99381357431411743 -0.013436157256364822
vn 0.038027141243219376 -0.99908334016799927 -0.019657080993056297
vn 0.35810685157775879 -0.93367987871170044 -0.0011763832299038768
vn 0.49657860398292542 -0.8527405858039856 -0.16199761629104614
vn 0.84846150875091553 -0.45532014966011047 0.26980859041213989
vn -0.20747865736484528 -0.070468686521053314 0.97569811344146729
vn 0.056025445461273193 0.002537161111831665 -0.99842613935470581
vn 0.067046873271465302 0.0036943166051059961 -0.99774301052093506
vn 0.12808626890182495 0.00065571296727284789 -0.99176281690597534
vn 0.0042107296176254749 -0.90430694818496704 0.42686206102371216
vn 0.15730737149715424 -0.80727821588516235 -0.56882005929946899
vn 0.24164502322673798 -0.80789601802825928 -0.53750509023666382
vn 0.17146642506122589 -0.78764033317565918 -0.59179556369781494
vn -0.10281983762979507 0.8594512939453125 0.5007709264755249
vn -0.14753517508506775 0.90369981527328491 0.40194523334503174
vn 0.75559037923812866 0.34559404850006104 0.55646020174026489
vn 0.83826857805252075 -0.016573252156376839 0.54500561952590942
vn 0.82935649156570435 -0.0096249384805560112 0.55863684415817261
vn -0.90777403116226196 0.34986180067062378 0.23139362037181854
vn 0.096312396228313446 0.93917697668075562 -0.32965219020843506
vn 0.35989612340927124 0.93286824226379395 0.015217792242765427
vn 0.90195560455322266 0.4217541515827179 0.092733889818191528
vn 0.35424619913101196 0.93515056371688843 -0.0017471425235271454
vn -0.058737382292747498 -3.6398028896655887E-05 -0.99827349185943604
vn -0.027120372280478477 0.94075304269790649 0.33800625801086426
vn -0.026362739503383636 0.2329275906085968 0.97213667631149292
vn -0.28537136316299438 0.70019501447677612 0.65443873405456543
vn 0.045789748430252075 0.92721426486968994 0.37172165513038635
vn 0.07584594190120697 0.95444607734680176 0.28858286142349243
vn -0.29143452644348145 0.36278000473976135 0.88513082265853882
vn -0.29803887009620667 0.44858390092849731 0.84258252382278442
vn 0.054582100361585617 -0.003163851797580719 -0.99850428104400635
vn 0.055979058146476746 -0.0023260205052793026 -0.99842923879623413
vn 0.12380976229906082 -0.0012124783825129271 -0.9923052191734314
vn 0.00083908479427918792 0.86268234252929688 0.50574547052383423
vn -0.82300317287445068 0.3623090386390686 0.43749052286148071
vn -0.79568332433700562 0.4777197539806366 0.37238675355911255
vn 0.8243257999420166 0.0080294515937566757 0.56605875492095947
vn 0.35643133521080017 -0.0059450413100421429 -0.93430262804031372
vn 0.3476121723651886 -0.0077341296710073948 -0.93760651350021362
vn 0.082586601376533508 0.82685756683349609 -0.55631464719772339
vn 0.40802183747291565 -0.87685865163803101 -0.25423836708068848
vn 0.14652490615844727 -0.96879208087921143 0.1999308317899704
vn -0.15517915785312653 0.0028539190534502268 -0.98788219690322876
vn -0.39163544774055481 0.87680166959762573 -0.27899906039237976
vn -0.39868500828742981 0.86186444759368896 -0.31343242526054382
vn -0.37160664796829224 0.87235921621322632 -0.31764432787895203
vn -0.84274584054946899 0.52903366088867188 0.099512822926044464
vn -0.30922466516494751 0.59955382347106934 0.73818379640579224
vn -0.55478888750076294 0.77640241384506226 0.29901260137557983
vn -0.69148463010787964 5.949125625193119E-05 -0.72239118814468384
vn -0.10032991319894791 -0.017051279544830322 -0.99480807781219482
vn -0.073998585343360901 0.0028015892021358013 -0.99725443124771118
vn -0.047431554645299911 0.0024270706344395876 -0.9988715648651123
vn -0.030745502561330795 -0.0012698195641860366 -0.99952644109725952
vn -0.017064435407519341 -0.88915300369262695 -0.45729169249534607
vn 0.14838945865631104 5.0778157856257167E-06 -0.98892897367477417
vn -0.22257336974143982 -0.33081996440887451 0.91707104444503784
vn -0.39254382252693176 -0.36629524827003479 0.84364515542984009
vn -0.30069416761398315 -0.24275109171867371 0.92230957746505737
vn -0.062548257410526276 -0.99804186820983887 0.00039941605064086616
vn 0.88275575637817383 0.026269951835274696 0.46909719705581665
vn 0.02690935879945755 1.1826429727079812E-05 -0.9996379017829895
vn -0.4009779691696167 -0.85078716278076172 -0.33967322111129761
vn -0.41688913106918335 -0.83958041667938232 -0.34829321503639221
vn -0.41484901309013367 -0.85834276676177979 -0.30190721154212952
vn 0.20270517468452454 -0.86871474981307983 -0.4519350528717041
vn -0.76941698789596558 -0.18837849795818329 -0.61033684015274048
vn 0.3306540846824646 -0.44362059235572815 0.83298778533935547
vn -0.76246362924575806 0.64482998847961426 0.053324043750762939
vn 0.8509136438369751 0.51864343881607056 0.083396539092063904
vn -0.017072344198822975 0.88915127515792847 -0.45729485154151917
vn 0.053919631987810135 -5.851700552739203E-05 -0.99854528903961182
vn -0.033306781202554703 0.94502002000808716 0.32531189918518066
vn 0.042015910148620605 6.6269611124880612E-05 -0.99911695718765259
vn -0.70140212774276733 0.00026086493744514883 -0.71276569366455078
vn 0.019582424312829971 -9.7180141892749816E-05 -0.99980825185775757
vn 0.35460114479064941 0.0061790957115590572 -0.93499726057052612
vn 0.17334234714508057 0.88041520118713379 -0.44138583540916443
vn -0.15150444209575653 -0.0011939129326492548 -0.98845583200454712
vn 0.35443201661109924 -0.87414568662643433 0.33203503489494324
vn 0.89324086904525757 -0.44035032391548157 0.090621761977672577
vn 0.18679428100585938 0.0024715003091841936 -0.98239594697952271
vn 0.34081622958183289 -0.93999707698822021 0.015804868191480637
vn -0.062870681285858154 -0.77802538871765137 0.62507897615432739
vn 0.31140762567520142 -0.74001103639602661 -0.59616184234619141
vn -0.010285103693604469 0.75826239585876465 0.65186834335327148
vn 0.78274595737457275 0.59342974424362183 0.18748313188552856
vn -0.13818131387233734 -0.88806825876235962 0.43845266103744507
vn -0.33993563055992126 -0.87652277946472168 0.34081017971038818
vn 0.14090842008590698 0.90315300226211548 -0.40553596615791321
vn 0.16135871410369873 0.93212300539016724 -0.32420676946640015
vn 0.88258230686187744 0.036209017038345337 0.46876159310340881
vn -0.0023221117444336414 -7.0318987127393484E-05 -0.99999731779098511
vn 0.0016100921202450991 0.93506419658660889 0.35447484254837036
vn 0.0093042682856321335 0.88929516077041626 0.45723903179168701
vn -0.28233066201210022 0.00079010333865880966 -0.95931684970855713
vn 0.76181745529174805 -0.62191790342330933 0.18125183880329132
vn 0.40099608898162842 -0.91321063041687012 0.072446681559085846
vn -0.56042689085006714 0.75189661979675293 0.3472365140914917
vn 0.37942734360694885 0.0094083212316036224 -0.92517369985580444
vn -0.11743995547294617 -0.87835806608200073 0.46335184574127197
vn -0.82392269372940063 -0.54504919052124023 0.1551540195941925
vn 0.048715047538280487 0.91763341426849365 -0.39443099498748779
vn 0.14714342355728149 0.92903447151184082 -0.33947572112083435
usemtl vc_000000__Personalizza
f 3113//3113 3114//3114 3115//3115
f 3113//3113 3116//3116 3117//3117
f 3118//3118 3119//3119 3120//3120
f 3121//3121 3120//3120 3122//3122
f 3123//3123 3124//3124 3125//3125
f 3126//3126 3127//3127 3128//3128
f 3129//3129 3130//3130 3126//3126
f 3126//3126 3130//3130 3131//3131
f 3126//3126 3132//3132 3133//3133
f 3136//3136 5288//5288 3134//3134 3135//3135
f 3137//3137 3138//3138 3139//3139
f 3140//3140 3141//3141 3142//3142
f 3143//3143 3140//3140 3142//3142
f 3144//3144 3140//3140 3143//3143
f 3145//3145 3146//3146 3147//3147
f 3146//3146 3145//3145 3148//3148
f 3149//3149 3147//3147 3146//3146
f 3150//3150 3151//3151 3152//3152
f 3153//3153 3154//3154 3155//3155
f 3156//3156 3157//3157 3158//3158
f 3159//3159 3160//3160 3161//3161
f 3162//3162 3163//3163 3160//3160
f 3164//3164 3165//3165 3166//3166
f 3167//3167 3168//3168 3169//3169
f 3170//3170 3171//3171 3172//3172
f 3170//3170 5103//5103 3173//3173 3174//3174
f 3175//3175 3176//3176 3177//3177
f 3178//3178 3179//3179 3180//3180
f 3178//3178 3181//3181 3179//3179
f 3178//3178 3180//3180 3182//3182
f 3178//3178 3182//3182 3183//3183
f 3184//3184 3185//3185 3186//3186
f 3187//3187 3186//3186 3185//3185
f 3185//3185 3188//3188 3189//3189
f 3190//3190 3191//3191 3192//3192
f 3191//3191 3193//3193 3192//3192
f 3194//3194 3190//3190 3192//3192
f 3197//3197 5453//5453 3195//3195 3196//3196
f 3198//3198 3197//3197 3196//3196
f 3199//3199 3198//3198 3200//3200
f 3201//3201 3202//3202 3203//3203
f 3204//3204 3199//3199 3200//3200
f 3205//3205 5505//5505 3199//3199 3204//3204
f 3203//3203 3202//3202 3206//3206
f 3207//3207 3208//3208 3209//3209
f 3209//3209 3210//3210 3207//3207
f 3211//3211 3212//3212 3213//3213
f 3212//3212 3214//3214 3213//3213
f 3215//3215 3216//3216 3217//3217
f 3218//3218 3219//3219 3220//3220
f 3219//3219 3221//3221 3220//3220
f 3215//3215 3222//3222 3216//3216
f 3223//3223 3224//3224 3218//3218
f 3224//3224 3219//3219 3218//3218
f 3225//3225 3215//3215 3219//3219
f 3224//3224 3225//3225 3219//3219
f 3225//3225 3226//3226 3215//3215
f 3227//3227 3228//3228 3229//3229
f 3228//3228 3230//3230 3231//3231
f 3232//3232 3233//3233 3234//3234
f 3235//3235 3232//3232 3236//3236
f 3237//3237 3238//3238 3239//3239
f 3239//3239 3238//3238 3240//3240
f 3241//3241 3242//3242 3243//3243
f 3244//3244 3241//3241 3245//3245
f 3246//3246 3247//3247 3242//3242
f 3248//3248 3246//3246 3241//3241
f 3249//3249 3244//3244 3250//3250
f 3249//3249 3248//3248 3244//3244
f 3247//3247 3251//3251 3242//3242
f 3251//3251 3247//3247 3252//3252
f 3253//3253 3254//3254 3255//3255
f 3256//3256 3257//3257 3254//3254
f 3253//3253 3256//3256 3254//3254
f 3258//3258 3253//3253 3259//3259
f 3260//3260 3261//3261 3262//3262
f 3263//3263 3260//3260 3264//3264
f 3265//3265 3266//3266 3267//3267
f 3268//3268 3269//3269 3270//3270
f 3271//3271 3268//3268 3272//3272
f 3273//3273 3274//3274 3275//3275
f 3274//3274 3276//3276 3277//3277
f 3278//3278 3273//3273 3279//3279
f 3280//3280 3281//3281 3282//3282
f 3283//3283 3284//3284 3285//3285
f 3283//3283 3280//3280 3284//3284
f 3286//3286 3287//3287 3280//3280
f 3288//3288 3286//3286 3283//3283
f 3283//3283 3289//3289 3288//3288
f 3290//3290 3291//3291 3292//3292
f 3293//3293 3291//3291 3294//3294
f 3295//3295 3292//3292 3296//3296
f 3297//3297 3298//3298 3299//3299
f 3300//3300 3301//3301 3299//3299
f 3299//3299 3302//3302 3297//3297
f 3303//3303 3304//3304 3305//3305
f 3306//3306 3307//3307 3308//3308
f 3309//3309 3310//3310 3306//3306
f 3311//3311 3312//3312 3313//3313
f 3312//3312 3314//3314 3315//3315
f 3316//3316 3317//3317 3318//3318
f 3317//3317 3319//3319 3320//3320
f 3321//3321 3319//3319 3317//3317
f 3322//3322 3323//3323 3324//3324
f 3323//3323 3321//3321 3324//3324
f 3325//3325 3326//3326 3327//3327
f 3328//3328 3329//3329 3330//3330
f 3331//3331 3332//3332 3333//3333
f 3328//3328 3334//3334 3335//3335
f 3336//3336 3337//3337 3338//3338
f 3339//3339 3340//3340 3341//3341
f 3342//3342 3339//3339 3343//3343
f 3344//3344 3342//3342 3337//3337
f 3345//3345 3344//3344 3336//3336
f 3346//3346 3347//3347 3348//3348
f 3348//3348 3349//3349 3346//3346
f 3350//3350 3351//3351 3352//3352
f 3353//3353 3354//3354 3355//3355
f 3356//3356 3357//3357 3358//3358
f 3356//3356 3359//3359 3357//3357
f 3360//3360 3361//3361 3362//3362
f 3365//3365 3367//3367 3363//3363 3364//3364
f 3361//3361 3360//3360 3366//3366
f 3365//3365 3361//3361 3366//3366
f 3367//3367 3365//3365 3368//3368
f 3370//3370 5570//5570 3371//3371 3369//3369
f 3361//3361 3365//3365 3364//3364 3372//3372
f 3373//3373 3362//3362 3372//3372
f 3367//3367 5513//5513 3374//3374 3363//3363
f 3370//3370 3369//3369 3375//3375 3374//3374
f 3376//3376 3377//3377 3378//3378
f 3379//3379 3376//3376 3378//3378
f 3380//3380 3381//3381 3379//3379
f 3382//3382 3383//3383 3384//3384
f 3385//3385 3383//3383 3382//3382
f 3386//3386 3384//3384 3383//3383
f 3387//3387 3388//3388 3389//3389
f 3390//3390 3391//3391 3392//3392
f 3393//3393 3390//3390 3394//3394
f 3393//3393 3394//3394 3395//3395
f 3396//3396 3397//3397 3395//3395
f 3398//3398 3391//3391 3390//3390
f 3399//3399 3400//3400 3401//3401
f 3402//3402 3403//3403 3399//3399
f 3404//3404 3405//3405 3406//3406
f 3407//3407 3408//3408 3409//3409
f 3410//3410 3411//3411 3412//3412
f 3412//3412 3413//3413 3414//3414
f 3415//3415 3416//3416 3414//3414
f 3417//3417 3418//3418 3416//3416
f 3419//3419 3420//3420 3417//3417
f 3420//3420 3421//3421 3418//3418
f 3422//3422 3423//3423 3424//3424
f 3425//3425 3426//3426 3422//3422
f 3423//3423 3422//3422 3427//3427
f 3428//3428 3423//3423 3429//3429
f 3428//3428 3429//3429 3430//3430
f 3429//3429 3423//3423 3427//3427
f 3427//3427 3431//3431 3429//3429
f 3412//3412 3414//3414 3410//3410
f 3416//3416 3415//3415 3417//3417
f 3424//3424 3428//3428 3432//3432
f 3428//3428 3430//3430 3433//3433
f 3434//3434 3433//3433 3430//3430
f 3435//3435 3436//3436 3437//3437
f 3438//3438 3439//3439 3440//3440
f 3437//3437 3438//3438 3435//3435
f 3442//3442 3453//3453 3443//3443 3441//3441
f 3444//3444 3445//3445 3446//3446
f 3446//3446 3447//3447 3448//3448
f 3449//3449 3450//3450 3451//3451
f 3452//3452 3443//3443 3453//3453
f 3455//3455 3450//3450 3456//3456 3454//3454
f 3445//3445 3441//3441 3457//3457
f 3458//3458 3450//3450 3449//3449
f 3459//3459 5381//5381 3449//3449 3451//3451
f 3446//3446 3460//3460 3444//3444
f 3461//3461 3442//3442 3445//3445
f 3462//3462 3463//3463 3464//3464
f 3465//3465 3466//3466 3462//3462
f 3467//3467 3466//3466 3465//3465
f 3468//3468 3467//3467 3465//3465
f 3463//3463 3462//3462 3466//3466
f 3469//3469 3470//3470 3471//3471
f 3472//3472 3471//3471 3473//3473
f 3474//3474 3473//3473 3475//3475
f 3476//3476 3477//3477 3478//3478
f 3479//3479 3480//3480 3481//3481
f 3482//3482 3483//3483 3484//3484
f 3487//3487 5691//5691 3485//3485 3486//3486
f 3488//3488 3489//3489 3490//3490
f 3491//3491 3489//3489 3492//3492
f 3491//3491 3490//3490 3489//3489
f 3493//3493 3494//3494 3495//3495
f 3496//3496 3497//3497 3498//3498
f 3499//3499 3500//3500 3501//3501
f 3502//3502 3503//3503 3504//3504
f 3505//3505 3506//3506 3507//3507
f 3508//3508 3509//3509 3510//3510
f 3511//3511 3512//3512 3508//3508
f 3513//3513 3514//3514 3515//3515
f 3516//3516 3517//3517 3518//3518
f 3517//3517 3519//3519 3518//3518
f 3520//3520 3521//3521 3522//3522
f 3523//3523 3524//3524 3525//3525
f 3526//3526 3523//3523 3525//3525
f 3527//3527 3528//3528 3529//3529
f 3530//3530 3531//3531 3528//3528
f 3532//3532 3533//3533 3534//3534
f 3535//3535 3536//3536 3534//3534
f 3535//3535 3537//3537 3536//3536
f 3538//3538 3539//3539 3540//3540
f 3543//3543 3546//3546 3541//3541 3542//3542
f 3545//3545 3551//3551 3546//3546 3544//3544
f 3544//3544 3547//3547 3545//3545
f 3548//3548 3549//3549 3550//3550
f 3550//3550 3542//3542 3548//3548
f 3548//3548 3542//3542 3541//3541 3551//3551
f 3552//3552 3553//3553 3554//3554
f 3542//3542 3550//3550 3555//3555 3543//3543
f 3556//3556 3547//3547 3557//3557
f 3546//3546 3543//3543 3558//3558
f 3559//3559 3547//3547 3544//3544
f 3547//3547 3559//3559 3560//3560
f 3561//3561 3562//3562 3563//3563
f 3564//3564 3561//3561 3563//3563
f 3565//3565 3566//3566 3567//3567
f 3568//3568 3567//3567 3569//3569
f 3569//3569 3570//3570 3568//3568
f 3570//3570 3571//3571 3572//3572
f 3572//3572 3568//3568 3570//3570
f 3573//3573 3571//3571 3574//3574
f 3574//3574 3575//3575 3576//3576
f 3577//3577 3578//3578 3579//3579
f 3580//3580 3581//3581 3579//3579
f 3582//3582 3583//3583 3584//3584
f 3585//3585 3583//3583 3586//3586
f 3586//3586 3587//3587 3588//3588
f 3589//3589 3590//3590 3591//3591
f 3592//3592 3593//3593 3594//3594
f 3595//3595 3596//3596 3597//3597
f 3598//3598 3599//3599 3600//3600
f 3601//3601 3594//3594 3593//3593
f 3602//3602 3592//3592 3597//3597
f 3595//3595 3603//3603 3596//3596
f 3604//3604 3605//3605 3606//3606
f 3607//3607 3608//3608 3604//3604
f 3607//3607 3609//3609 3608//3608
f 3610//3610 3611//3611 3612//3612
f 3613//3613 3623//3623 3614//3614 3615//3615
f 3616//3616 3625//3625 3617//3617 3618//3618
f 3619//3619 3610//3610 3612//3612
f 3621//3621 3615//3615 3614//3614 3620//3620
f 3619//3619 3612//3612 3622//3622
f 3620//3620 3611//3611 3621//3621
f 3624//3624 3615//3615 3621//3621
f 3614//3614 3623//3623 3622//3622
f 3626//3626 3627//3627 3628//3628
f 3626//3626 3629//3629 3630//3630
f 3631//3631 3632//3632 3633//3633
f 3634//3634 3635//3635 3636//3636
f 3636//3636 3631//3631 3633//3633 3634//3634
f 3632//3632 3637//3637 3633//3633
f 3637//3637 3632//3632 3638//3638
f 3639//3639 3640//3640 3641//3641
f 3642//3642 3643//3643 3644//3644
f 3647//3647 5692//5692 3645//3645 3646//3646
f 3648//3648 3647//3647 3649//3649
f 3651//3651 3653//3653 3652//3652 3650//3650
f 3653//3653 3651//3651 3654//3654 3655//3655
f 3656//3656 3657//3657 3658//3658
f 3659//3659 3660//3660 3661//3661
f 3662//3662 3663//3663 3660//3660
f 3666//3666 3672//3672 3664//3664 3665//3665
f 3667//3667 3666//3666 3668//3668
f 3669//3669 3667//3667 3668//3668
f 3670//3670 3669//3669 3668//3668
f 3671//3671 3674//3674 3672//3672 3673//3673
f 3675//3675 3676//3676 3677//3677
f 3678//3678 3679//3679 3680//3680
f 3670//3670 3675//3675 3681//3681
f 3675//3675 3668//3668 3682//3682
f 3683//3683 3684//3684 3676//3676
f 3676//3676 3675//3675 3683//3683
f 3673//3673 3679//3679 3671//3671
f 3680//3680 3681//3681 3678//3678
f 3685//3685 3686//3686 3687//3687
f 3688//3688 3685//3685 3687//3687
f 3688//3688 3689//3689 3690//3690
f 3693//3693 5651//5651 3691//3691 3692//3692
f 3696//3696 3700//3700 3694//3694 3695//3695
f 3696//3696 3695//3695 3697//3697
f 3692//3692 3698//3698 3697//3697
f 3695//3695 3699//3699 3697//3697
f 3700//3700 3701//3701 3694//3694
f 3702//3702 3703//3703 3704//3704
f 3705//3705 3706//3706 3707//3707
f 3709//3709 3717//3717 3710//3710 3708//3708
f 3712//3712 3719//3719 3713//3713 3711//3711
f 3709//3709 3708//3708 3714//3714 3715//3715
f 3716//3716 3710//3710 3717//3717
f 3719//3719 3712//3712 3720//3720 3718//3718
f 3721//3721 3722//3722 3723//3723
f 3721//3721 3724//3724 3725//3725
f 3721//3721 3726//3726 3727//3727
f 3728//3728 3729//3729 3727//3727
f 3730//3730 3731//3731 3732//3732
f 3733//3733 3734//3734 3735//3735
f 3730//3730 5465//5465 3735//3735 3734//3734
f 3736//3736 3737//3737 3738//3738
f 3739//3739 3740//3740 3741//3741
f 3741//3741 3742//3742 3739//3739
f 3743//3743 3742//3742 3744//3744
f 3743//3743 3739//3739 3742//3742
f 3745//3745 3741//3741 3740//3740
f 3746//3746 3747//3747 3744//3744
f 3748//3748 3749//3749 3750//3750
f 3751//3751 3752//3752 3749//3749
f 3751//3751 3753//3753 3754//3754
f 3755//3755 3754//3754 3753//3753
f 3754//3754 3752//3752 3751//3751
f 3756//3756 3757//3757 3758//3758
f 3759//3759 3762//3762 3760//3760 3756//3756
f 3761//3761 3762//3762 3759//3759
f 3763//3763 3772//3772 3764//3764 3765//3765
f 3756//3756 3760//3760 3757//3757
f 3766//3766 3767//3767 3768//3768
f 3758//3758 3757//3757 3769//3769 3767//3767
f 3757//3757 3770//3770 3769//3769
f 3762//3762 3761//3761 3771//3771
f 3773//3773 3774//3774 3775//3775
f 3776//3776 3775//3775 3777//3777
f 3778//3778 3779//3779 3780//3780
f 3781//3781 3780//3780 3779//3779
f 3782//3782 3781//3781 3779//3779
f 3782//3782 3774//3774 3783//3783
f 3784//3784 3785//3785 3786//3786
f 3786//3786 3787//3787 3788//3788
f 3790//3790 5579//5579 3791//3791 3789//3789
f 3789//3789 3792//3792 3790//3790
f 3784//3784 3793//3793 3785//3785
f 3784//3784 3794//3794 3795//3795
f 3796//3796 3797//3797 3798//3798
f 3799//3799 3800//3800 3801//3801
f 3801//3801 3800//3800 3802//3802
f 3803//3803 3804//3804 3805//3805
f 3806//3806 3807//3807 3808//3808
f 3810//3810 5619//5619 3811//3811 3809//3809
f 3814//3814 3810//3810 3812//3812 3813//3813
f 3816//3816 5619//5619 3810//3810 3815//3815
f 3817//3817 3815//3815 3810//3810 3814//3814
f 3818//3818 3819//3819 3820//3820
f 3820//3820 3819//3819 3821//3821
f 3822//3822 3823//3823 3821//3821
f 3824//3824 3825//3825 3822//3822
f 3825//3825 3824//3824 3826//3826
f 3821//3821 3823//3823 3820//3820
f 3825//3825 3826//3826 3827//3827
f 3828//3828 3827//3827 3826//3826
f 3820//3820 3823//3823 3829//3829
f 3823//3823 3822//3822 3825//3825
f 3830//3830 3831//3831 3832//3832
f 3831//3831 3830//3830 3833//3833
f 3834//3834 3835//3835 3836//3836
f 3837//3837 3838//3838 3839//3839
f 3840//3840 3839//3839 3838//3838
f 3841//3841 3842//3842 3843//3843
f 3837//3837 3844//3844 3845//3845
f 3840//3840 3838//3838 3842//3842
f 3848//3848 5312//5312 3846//3846 3847//3847
f 3849//3849 3850//3850 3851//3851
f 3853//3853 3854//3854 3852//3852 3850//3850
f 3854//3854 5309//5309 3855//3855 3852//3852
f 3856//3856 3857//3857 3858//3858
f 3859//3859 3858//3858 3860//3860
f 3861//3861 3859//3859 3862//3862
f 3863//3863 3864//3864 3865//3865
f 3866//3866 3867//3867 3868//3868
f 3871//3871 5388//5388 3869//3869 3870//3870
f 3872//3872 3873//3873 3874//3874
f 3875//3875 3876//3876 3877//3877
f 3878//3878 3875//3875 3879//3879
f 3880//3880 3876//3876 3875//3875
f 3881//3881 5165//5165 3882//3882 3883//3883
f 3884//3884 3885//3885 3883//3883
f 3886//3886 3887//3887 3888//3888
f 3889//3889 3890//3890 3891//3891
f 3892//3892 3893//3893 3894//3894
f 3892//3892 3895//3895 3893//3893
f 3896//3896 3895//3895 3892//3892
f 3897//3897 3898//3898 3894//3894
f 3899//3899 3900//3900 3901//3901
f 3902//3902 3899//3899 3903//3903
f 3904//3904 3905//3905 3906//3906
f 3907//3907 3908//3908 3902//3902
f 3909//3909 3910//3910 3911//3911
f 3912//3912 3913//3913 3914//3914
f 3915//3915 3912//3912 3916//3916
f 3917//3917 3918//3918 3919//3919
f 3920//3920 3917//3917 3919//3919
f 3921//3921 3922//3922 3923//3923
f 3918//3918 3924//3924 3919//3919
f 3925//3925 3926//3926 3924//3924
f 3927//3927 3928//3928 3925//3925
f 3922//3922 3929//3929 3930//3930
f 3931//3931 3920//3920 3919//3919
f 3928//3928 3927//3927 3932//3932
f 3933//3933 3934//3934 3935//3935
f 3936//3936 3933//3933 3935//3935
f 3937//3937 3938//3938 3939//3939
f 3940//3940 3941//3941 3942//3942
f 3943//3943 3944//3944 3945//3945
f 3940//3940 3942//3942 3943//3943
f 3946//3946 3947//3947 3948//3948
f 3949//3949 3947//3947 3950//3950
f 3951//3951 3949//3949 3952//3952
f 3948//3948 3953//3953 3946//3946
f 3954//3954 3955//3955 3956//3956
f 3955//3955 3954//3954 3957//3957
f 3958//3958 3959//3959 3960//3960
f 3960//3960 3961//3961 3958//3958
f 3962//3962 3963//3963 3964//3964
f 3965//3965 3963//3963 3966//3966
f 3961//3961 3960//3960 3967//3967
f 3967//3967 3968//3968 3961//3961
f 3965//3965 3966//3966 3969//3969
f 3970//3970 3971//3971 3972//3972
f 3973//3973 3970//3970 3972//3972
f 3974//3974 3973//3973 3975//3975
f 3976//3976 3977//3977 3978//3978
f 3979//3979 3976//3976 3978//3978
f 3976//3976 3979//3979 3980//3980
f 3980//3980 3979//3979 3981//3981
f 3981//3981 3982//3982 3980//3980
f 3983//3983 3984//3984 3985//3985
f 3987//3987 3999//3999 3988//3988 3986//3986
f 3989//3989 3983//3983 3990//3990
f 3990//3990 3985//3985 3991//3991 3992//3992
f 3988//3988 3999//3999 3984//3984 3993//3993
f 3988//3988 3993//3993 3994//3994
f 3995//3995 3996//3996 3994//3994
f 3996//3996 3995//3995 3997//3997
f 3998//3998 3991//3991 3985//3985
f 3997//3997 5539//5539 3986//3986 3996//3996
f 3987//3987 3998//3998 3999//3999
f 4000//4000 4001//4001 4002//4002
f 4003//4003 4000//4000 4002//4002
f 4004//4004 4000//4000 4003//4003
f 4005//4005 4001//4001 4000//4000
f 4006//4006 4004//4004 4003//4003
f 4006//4006 4003//4003 4007//4007
f 4005//4005 4008//4008 4001//4001
f 4009//4009 4010//4010 4011//4011
f 4012//4012 4013//4013 4009//4009
f 4014//4014 4015//4015 4016//4016
f 4017//4017 4018//4018 4014//4014
f 4019//4019 4018//4018 4017//4017
f 4020//4020 4016//4016 4015//4015
f 4020//4020 4021//4021 4016//4016
f 4021//4021 4022//4022 4023//4023
f 4021//4021 4024//4024 4022//4022
f 4025//4025 4026//4026 4027//4027
f 4024//4024 4028//4028 4029//4029
f 4030//4030 4031//4031 4032//4032
f 4034//4034 4039//4039 4035//4035 4033//4033
f 4035//4035 4036//4036 4037//4037
f 4036//4036 5623//5623 4038//4038 4037//4037
f 4040//4040 4041//4041 4042//4042
f 4043//4043 4044//4044 4045//4045
f 4045//4045 4046//4046 4043//4043
f 4047//4047 4043//4043 4046//4046
f 4042//4042 4048//4048 4049//4049
f 4046//4046 4050//4050 4047//4047
f 4051//4051 4052//4052 4053//4053
f 4054//4054 4055//4055 4056//4056
f 4054//4054 4057//4057 4058//4058
f 4059//4059 4060//4060 4061//4061
f 4062//4062 4063//4063 4064//4064
f 4065//4065 4066//4066 4056//4056
f 4059//4059 4058//4058 4060//4060
f 4066//4066 4065//4065 4062//4062
f 4066//4066 4057//4057 4056//4056
f 4054//4054 4056//4056 4057//4057
f 4068//4068 4070//4070 4069//4069 4067//4067
f 4070//4070 4071//4071 4069//4069
f 4070//4070 4072//4072 4071//4071
f 4073//4073 4074//4074 4075//4075
f 4069//4069 4071//4071 4076//4076
f 4077//4077 4078//4078 4079//4079
f 4080//4080 4081//4081 4077//4077
f 4082//4082 4083//4083 4084//4084
f 4085//4085 4086//4086 4087//4087
f 4077//4077 4083//4083 4078//4078
f 4087//4087 4084//4084 4085//4085
f 4088//4088 4089//4089 4079//4079
f 4090//4090 4091//4091 4092//4092
f 4093//4093 4094//4094 4090//4090
f 4095//4095 4092//4092 4096//4096
f 4097//4097 4098//4098 4099//4099
f 4096//4096 4100//4100 4101//4101
f 4092//4092 4095//4095 4090//4090
f 4099//4099 4093//4093 4097//4097
f 4102//4102 4103//4103 4104//4104
f 4105//4105 4106//4106 4104//4104
f 4107//4107 4108//4108 4109//4109
f 4110//4110 4111//4111 4109//4109
f 4111//4111 4112//4112 4109//4109
f 4113//4113 4114//4114 4115//4115
f 4116//4116 4117//4117 4113//4113
f 4113//4113 4115//4115 4116//4116
f 4118//4118 4119//4119 4120//4120
f 4121//4121 4122//4122 4119//4119
f 4119//4119 4123//4123 4121//4121
f 4124//4124 4121//4121 4123//4123
f 4125//4125 4126//4126 4127//4127
f 4128//4128 4129//4129 4125//4125
f 4130//4130 4131//4131 4132//4132
f 4133//4133 4134//4134 4135//4135
f 4136//4136 4137//4137 4138//4138
f 4137//4137 4139//4139 4140//4140
f 4141//4141 4142//4142 4143//4143
f 4143//4143 4144//4144 4145//4145
f 4144//4144 4143//4143 4146//4146
f 4147//4147 4148//4148 4149//4149
f 4150//4150 4151//4151 4152//4152
f 4153//4153 4154//4154 4155//4155
f 4157//4157 5195//5195 4158//4158 4156//4156
f 4159//4159 4160//4160 4161//4161
f 4162//4162 4163//4163 4164//4164
f 4165//4165 4166//4166 4167//4167
f 4165//4165 4168//4168 4166//4166
f 4169//4169 4170//4170 4171//4171
f 4172//4172 4173//4173 4174//4174
f 4175//4175 4172//4172 4174//4174
f 4176//4176 4177//4177 4178//4178
f 4179//4179 4178//4178 4180//4180
f 4181//4181 4182//4182 4183//4183
f 4186//4186 4189//4189 4184//4184 4185//4185
f 4187//4187 4188//4188 4189//4189
f 4190//4190 4193//4193 4191//4191 4192//4192
f 4188//4188 4194//4194 4195//4195
f 4196//4196 4197//4197 4198//4198
f 4199//4199 4200//4200 4201//4201
f 4203//4203 5699//5699 4199//4199 4202//4202
f 4204//4204 4201//4201 4200//4200
f 4205//4205 4206//4206 4207//4207
f 4208//4208 4209//4209 4210//4210
f 4211//4211 4212//4212 4208//4208
f 4213//4213 4214//4214 4215//4215
f 4215//4215 4216//4216 4213//4213
f 4217//4217 4213//4213 4216//4216
f 4218//4218 4219//4219 4213//4213
f 4220//4220 4218//4218 4213//4213
f 4221//4221 4222//4222 4223//4223
f 4224//4224 4225//4225 4226//4226
f 4227//4227 4228//4228 4229//4229
f 4230//4230 4231//4231 4227//4227
f 4232//4232 4229//4229 4233//4233
f 4234//4234 4235//4235 4236//4236
f 4234//4234 4236//4236 4237//4237
f 4238//4238 4239//4239 4240//4240
f 4241//4241 4242//4242 4239//4239
f 4243//4243 4241//4241 4238//4238
f 4244//4244 4245//4245 4241//4241
f 4246//4246 4244//4244 4241//4241
f 4247//4247 4246//4246 4243//4243
f 4247//4247 4248//4248 4246//4246
f 4249//4249 4240//4240 4239//4239
f 4250//4250 4251//4251 4252//4252
f 4253//4253 4252//4252 4254//4254
f 4253//4253 4250//4250 4252//4252
f 4255//4255 4250//4250 4253//4253
f 4253//4253 4256//4256 4255//4255
f 4256//4256 4257//4257 4255//4255
f 4258//4258 4254//4254 4252//4252
f 4259//4259 4260//4260 4261//4261
f 4262//4262 4259//4259 4263//4263
f 4264//4264 4265//4265 4266//4266
f 4267//4267 4268//4268 4269//4269
f 4270//4270 4271//4271 4267//4267
f 4272//4272 4273//4273 4274//4274
f 4275//4275 4276//4276 4273//4273
f 4277//4277 4278//4278 4275//4275
f 4279//4279 4280//4280 4281//4281
f 4282//4282 4283//4283 4279//4279
f 4284//4284 4282//4282 4285//4285
f 4286//4286 4284//4284 4285//4285
f 4287//4287 4285//4285 4279//4279
f 4284//4284 4288//4288 4289//4289
f 4290//4290 4291//4291 4292//4292
f 4293//4293 4294//4294 4295//4295
f 4296//4296 4297//4297 4298//4298
f 4299//4299 4300//4300 4296//4296
f 4301//4301 4302//4302 4303//4303
f 4304//4304 4305//4305 4306//4306
f 4305//4305 4307//4307 4308//4308
f 4309//4309 4308//4308 4310//4310
f 4311//4311 4312//4312 4313//4313
f 4314//4314 4315//4315 4312//4312
f 4316//4316 4317//4317 4314//4314
f 4318//4318 4316//4316 4314//4314
f 4319//4319 4320//4320 4321//4321
f 4322//4322 4323//4323 4319//4319
f 4324//4324 4323//4323 4322//4322
f 4325//4325 4326//4326 4327//4327
f 4320//4320 4328//4328 4321//4321
f 4329//4329 4330//4330 4331//4331
f 4332//4332 4333//4333 4334//4334
f 4335//4335 4333//4333 4336//4336
f 4337//4337 4338//4338 4339//4339
f 4337//4337 4340//4340 4338//4338
f 4341//4341 4342//4342 4343//4343
f 4344//4344 4343//4343 4345//4345
f 4346//4346 4350//4350 4342//4342 4341//4341
f 4347//4347 4348//4348 4349//4349
f 4347//4347 4349//4349 4350//4350 4346//4346
f 4347//4347 5628//5628 4351//4351 4348//4348
f 4352//4352 4353//4353 4354//4354
f 4355//4355 4353//4353 4352//4352
f 4356//4356 4357//4357 4358//4358
f 4359//4359 4360//4360 4361//4361
f 4362//4362 4363//4363 4364//4364
f 4365//4365 4366//4366 4364//4364
f 4367//4367 4366//4366 4365//4365
f 4368//4368 4369//4369 4370//4370
f 4371//4371 4368//4368 4370//4370
f 4372//4372 4368//4368 4373//4373
f 4374//4374 4375//4375 4376//4376
f 4377//4377 4378//4378 4379//4379
f 4380//4380 4381//4381 4382//4382
f 4383//4383 4381//4381 4384//4384
f 4385//4385 4386//4386 4387//4387
f 4388//4388 4389//4389 4390//4390
f 4391//4391 4392//4392 4393//4393
f 4394//4394 4395//4395 4396//4396
f 4395//4395 4394//4394 4382//4382
f 4397//4397 4395//4395 4382//4382
f 4398//4398 5590//5590 4383//4383 4385//4385
f 4385//4385 4399//4399 4398//4398
f 4389//4389 4400//4400 4390//4390
f 4397//4397 4401//4401 4395//4395
f 4390//4390 4400//4400 4399//4399
f 4386//4386 4383//4383 4384//4384
f 4386//4386 4402//4402 4387//4387
f 4388//4388 4403//4403 4389//4389
f 4391//4391 4393//4393 4405//4405 4404//4404
f 4381//4381 4406//4406 4397//4397
f 4399//4399 4407//4407 4398//4398
f 4408//4408 4409//4409 4410//4410
f 4411//4411 4415//4415 4412//4412 4413//4413
f 4414//4414 4415//4415 4411//4411
f 4416//4416 4417//4417 4418//4418
f 4419//4419 4420//4420 4421//4421
f 4417//4417 4416//4416 4414//4414
f 4423//4423 4420//4420 4419//4419 4422//4422
f 4420//4420 4423//4423 4425//4425 4424//4424
f 4425//4425 4423//4423 4427//4427 4426//4426
f 4423//4423 4422//4422 4427//4427
f 4430//4430 5679//5679 4428//4428 4429//4429
f 4431//4431 4432//4432 4433//4433
f 4434//4434 4435//4435 4436//4436
f 4435//4435 4437//4437 4436//4436
f 4438//4438 4436//4436 4439//4439
f 4437//4437 4439//4439 4436//4436
f 4440//4440 4433//4433 4432//4432
f 4441//4441 4442//4442 4443//4443
f 4441//4441 4443//4443 4444//4444
f 4445//4445 4446//4446 4447//4447
f 4447//4447 4448//4448 4445//4445
f 4449//4449 4450//4450 4445//4445
f 4450//4450 4446//4446 4445//4445
f 4446//4446 4450//4450 4451//4451
f 4452//4452 4449//4449 4445//4445
f 4446//4446 4451//4451 4453//4453
f 4446//4446 4454//4454 4447//4447
f 4455//4455 4456//4456 4457//4457
f 4447//4447 4458//4458 4448//4448
f 4459//4459 4460//4460 4461//4461
f 4460//4460 4459//4459 4462//4462 4463//4463
f 4464//4464 4465//4465 4466//4466
f 4462//4462 5630//5630 4467//4467 4463//4463
f 4468//4468 4469//4469 4470//4470
f 4471//4471 4474//4474 4472//4472 4473//4473
f 4474//4474 4470//4470 4469//4469 4472//4472
f 4475//4475 4464//4464 4466//4466
f 4476//4476 4477//4477 4478//4478
f 4479//4479 5431//5431 4477//4477 4476//4476
f 4482//4482 5432//5432 4480//4480 4481//4481
f 4483//4483 4484//4484 4485//4485
f 4486//4486 4487//4487 4488//4488
f 4489//4489 4490//4490 4491//4491
f 4492//4492 4493//4493 4494//4494
f 4492//4492 4494//4494 4495//4495
f 4496//4496 4497//4497 4498//4498
f 4497//4497 4499//4499 4500//4500
f 4498//4498 4497//4497 4500//4500
f 4501//4501 4502//4502 4503//4503
f 4503//4503 4504//4504 4501//4501
f 4505//4505 4501//4501 4504//4504
f 4505//4505 4504//4504 4506//4506
f 4506//4506 4507//4507 4505//4505
f 4508//4508 4509//4509 4510//4510
f 4511//4511 4512//4512 4513//4513
f 4514//4514 4515//4515 4516//4516
f 4517//4517 4515//4515 4518//4518
f 4519//4519 4520//4520 4521//4521
f 4522//4522 4523//4523 4524//4524
f 4525//4525 4526//4526 4524//4524
f 4528//4528 5434//5434 4529//4529 4527//4527
f 4529//4529 5434//5434 4531//4531 4530//4530
f 4531//4531 4532//4532 4533//4533
f 4534//4534 4535//4535 4536//4536
f 4535//4535 4537//4537 4536//4536
f 4538//4538 4539//4539 4532//4532
f 4540//4540 4541//4541 4542//4542
f 4543//4543 4540//4540 4536//4536
f 4544//4544 4545//4545 4546//4546
f 4544//4544 4546//4546 4547//4547
f 4548//4548 4547//4547 4546//4546
f 4547//4547 4548//4548 4549//4549
f 4549//4549 4548//4548 4550//4550
f 4551//4551 4552//4552 4553//4553
f 4554//4554 4555//4555 4556//4556
f 4557//4557 4558//4558 4559//4559
f 4560//4560 4561//4561 4559//4559
f 4560//4560 4562//4562 4561//4561
f 4563//4563 4562//4562 4560//4560
f 4562//4562 4563//4563 4564//4564
f 4564//4564 4565//4565 4566//4566
f 4567//4567 4568//4568 4569//4569
f 4570//4570 4571//4571 4572//4572
f 4573//4573 4574//4574 4575//4575
f 4576//4576 4577//4577 4575//4575
f 4577//4577 4576//4576 4578//4578
f 4579//4579 4580//4580 4581//4581
f 4581//4581 4582//4582 4583//4583
f 4584//4584 4579//4579 4581//4581
f 4585//4585 4584//4584 4586//4586
f 4583//4583 4586//4586 4584//4584
f 4587//4587 4585//4585 4586//4586
f 4587//4587 4586//4586 4588//4588
f 4589//4589 4580//4580 4579//4579
f 4590//4590 4591//4591 4592//4592
f 4594//4594 5558//5558 4592//4592 4593//4593
f 4596//4596 4594//4594 4593//4593 4595//4595
f 4597//4597 4598//4598 4599//4599
f 4600//4600 4590//4590 4592//4592
f 4593//4593 4592//4592 4601//4601 4595//4595
f 4602//4602 4599//4599 4596//4596
f 4603//4603 4597//4597 4602//4602
f 4604//4604 4605//4605 4606//4606
f 4607//4607 4608//4608 4604//4604
f 4607//4607 4609//4609 4608//4608
f 4610//4610 4611//4611 4612//4612
f 4613//4613 4614//4614 4615//4615
f 4616//4616 4617//4617 4615//4615
f 4618//4618 4619//4619 4620//4620
f 4621//4621 4622//4622 4623//4623
f 4618//4618 4620//4620 4624//4624
f 4618//4618 4624//4624 4623//4623 4622//4622
f 4625//4625 4626//4626 4627//4627
f 4628//4628 4629//4629 4630//4630
f 4631//4631 4632//4632 4633//4633
f 4633//4633 4634//4634 4631//4631
f 4635//4635 4634//4634 4636//4636
f 4637//4637 4638//4638 4639//4639
f 4640//4640 4641//4641 4639//4639
f 4639//4639 4641//4641 4642//4642 4643//4643
f 4637//4637 4643//4643 4644//4644
f 4645//4645 4646//4646 4647//4647
f 4648//4648 4649//4649 4650//4650
f 4651//4651 4652//4652 4653//4653
f 4644//4644 4645//4645 4654//4654
f 4645//4645 4655//4655 4654//4654
f 4656//4656 4655//4655 4657//4657
f 4658//4658 4656//4656 4657//4657
f 4658//4658 4657//4657 4650//4650 4659//4659
f 4659//4659 4660//4660 4658//4658
f 4661//4661 4662//4662 4663//4663
f 4664//4664 4661//4661 4663//4663
f 4665//4665 4666//4666 4667//4667
f 4668//4668 4671//4671 4669//4669 4670//4670
f 4671//4671 4672//4672 4669//4669
f 4674//4674 4672//4672 4671//4671 4673//4673
f 4669//4669 4675//4675 4670//4670
f 4677//4677 5701//5701 4678//4678 4676//4676
f 4678//4678 4679//4679 4670//4670
f 4680//4680 4681//4681 4682//4682
f 4683//4683 4686//4686 4684//4684 4685//4685
f 4687//4687 4688//4688 4689//4689
f 4691//4691 4683//4683 4685//4685 4690//4690
f 4683//4683 4687//4687 4686//4686
f 4692//4692 4693//4693 4688//4688 4687//4687
f 4694//4694 5562//5562 4693//4693 4692//4692
f 4695//4695 4696//4696 4697//4697
f 4698//4698 4699//4699 4700//4700
f 4701//4701 4702//4702 4703//4703
f 4704//4704 4705//4705 4706//4706
f 4705//4705 4707//4707 4708//4708
f 4709//4709 4710//4710 4711//4711
f 4712//4712 4713//4713 4714//4714
f 4715//4715 4713//4713 4712//4712
f 4716//4716 4715//4715 4717//4717
f 4715//4715 4716//4716 4713//4713
f 4718//4718 4719//4719 4720//4720
f 4721//4721 4718//4718 4720//4720
f 4722//4722 4723//4723 4724//4724
f 4725//4725 4726//4726 4727//4727
f 4725//4725 4727//4727 4728//4728 4729//4729
f 4730//4730 4729//4729 4731//4731
f 4732//4732 4733//4733 4734//4734
f 4735//4735 4736//4736 4724//4724
f 4736//4736 4737//4737 4738//4738
f 4737//4737 4739//4739 4740//4740
f 4726//4726 4739//4739 4727//4727
f 4741//4741 4742//4742 4743//4743
f 4744//4744 4745//4745 4742//4742
f 4746//4746 4747//4747 4748//4748
f 4749//4749 4750//4750 4751//4751
f 4752//4752 4750//4750 4753//4753
f 4751//4751 4747//4747 4746//4746
f 4751//4751 4746//4746 4749//4749
f 4754//4754 4755//4755 4756//4756
f 4757//4757 4758//4758 4756//4756
f 4759//4759 4760//4760 4761//4761
f 4758//4758 4757//4757 4762//4762
f 4764//4764 5357//5357 4763//4763 4759//4759
f 4765//4765 4766//4766 4767//4767
f 4767//4767 4768//4768 4769//4769
f 4770//4770 4766//4766 4771//4771
f 4769//4769 4768//4768 4772//4772
f 4773//4773 4774//4774 4775//4775
f 4773//4773 4775//4775 4776//4776
f 4777//4777 4778//4778 4779//4779
f 4779//4779 4780//4780 4777//4777
f 4781//4781 4784//4784 4777//4777 4780//4780
f 4782//4782 4783//4783 4784//4784
f 4787//4787 4788//4788 4785//4785 4786//4786
f 4783//4783 4788//4788 4787//4787
f 4788//4788 4783//4783 4782//4782
f 4790//4790 5704//5704 4791//4791 4789//4789
f 4790//4790 4792//4792 4793//4793
f 4795//4795 4792//4792 4789//4789 4794//4794
f 4797//4797 5704//5704 4790//4790 4796//4796
f 4791//4791 5705//5705 4794//4794 4789//4789
f 4798//4798 4799//4799 4800//4800
f 4801//4801 4802//4802 4803//4803
f 4804//4804 4805//4805 4806//4806
f 4801//4801 4807//4807 4799//4799
f 4802//4802 4801//4801 4799//4799
f 4808//4808 4809//4809 4810//4810
f 4811//4811 4812//4812 4813//4813
f 4814//4814 4815//4815 4816//4816
f 4817//4817 4818//4818 4819//4819
f 4820//4820 4821//4821 4822//4822
f 4823//4823 4824//4824 4825//4825
f 4826//4826 4823//4823 4827//4827
f 4828//4828 4829//4829 4830//4830
f 4825//4825 4824//4824 4831//4831
f 4832//4832 4833//4833 4834//4834
f 4832//4832 5362//5362 4835//4835 4833//4833
f 4838//4838 5363//5363 4836//4836 4837//4837
f 4839//4839 4840//4840 4841//4841
f 4842//4842 4840//4840 4839//4839
f 4843//4843 4844//4844 4842//4842
f 4845//4845 4846//4846 4847//4847
f 4848//4848 4849//4849 4850//4850
f 4851//4851 4846//4846 4845//4845
f 4852//4852 4853//4853 4854//4854
f 4855//4855 4856//4856 4857//4857
f 4858//4858 4859//4859 4860//4860
f 4861//4861 4854//4854 4853//4853
f 4862//4862 4863//4863 4864//4864
f 4863//4863 4862//4862 4865//4865
f 4866//4866 4867//4867 4863//4863
f 4868//4868 4869//4869 4870//4870
f 4871//4871 4872//4872 4873//4873
f 4874//4874 4875//4875 4876//4876
f 4877//4877 4878//4878 4879//4879
f 4874//4874 4876//4876 4878//4878
f 4879//4879 4880//4880 4877//4877
f 4881//4881 4882//4882 4883//4883
f 4884//4884 4885//4885 4881//4881
f 4884//4884 4886//4886 4885//4885
f 4886//4886 4884//4884 4887//4887
f 4882//4882 4888//4888 4883//4883
f 4885//4885 4886//4886 4889//4889
f 4890//4890 4891//4891 4892//4892
f 4893//4893 4894//4894 4890//4890
f 4893//4893 4895//4895 4894//4894
f 4896//4896 4897//4897 4893//4893
f 4898//4898 4899//4899 4900//4900
f 4901//4901 4902//4902 4903//4903
f 4906//4906 4902//4902 4904//4904 4905//4905
f 4907//4907 4908//4908 4904//4904
f 4909//4909 4910//4910 4911//4911
f 4912//4912 5595//5595 4913//4913 4911//4911
f 4914//4914 4910//4910 4909//4909
f 4915//4915 4916//4916 4917//4917
f 4918//4918 4919//4919 4920//4920
f 4921//4921 4919//4919 4918//4918
f 4922//4922 4923//4923 4921//4921
f 4924//4924 4923//4923 4922//4922
f 4922//4922 4925//4925 4924//4924
f 4926//4926 4927//4927 4928//4928
f 4929//4929 4926//4926 4928//4928
f 4926//4926 4930//4930 4927//4927
f 4931//4931 4932//4932 4933//4933
f 4934//4934 4932//4932 4931//4931
f 4935//4935 4934//4934 4931//4931
f 4936//4936 4937//4937 4938//4938
f 4938//4938 4939//4939 4936//4936
f 4940//4940 4941//4941 4939//4939
f 4940//4940 4942//4942 4941//4941
f 4943//4943 4944//4944 4945//4945
f 4943//4943 4946//4946 4947//4947
f 4948//4948 4949//4949 4946//4946
f 4950//4950 4951//4951 4952//4952
f 4952//4952 4953//4953 4950//4950
f 4954//4954 4953//4953 4955//4955
f 4955//4955 4956//4956 4957//4957
f 4958//4958 4959//4959 4960//4960
f 4961//4961 4962//4962 4963//4963
f 4959//4959 4963//4963 4962//4962
f 4964//4964 4965//4965 4966//4966
f 4967//4967 4968//4968 4964//4964
f 4968//4968 4967//4967 4969//4969
f 4970//4970 4971//4971 4972//4972
f 4970//4970 4974//4974 4973//4973 4971//4971
f 4975//4975 4973//4973 4974//4974
f 4976//4976 4973//4973 4975//4975
f 4977//4977 4978//4978 4979//4979
f 4980//4980 4981//4981 4982//4982
f 4980//4980 4983//4983 4981//4981
f 4984//4984 4983//4983 4980//4980
f 4980//4980 4988//4988 4985//4985 4984//4984
f 4985//4985 4986//4986 4984//4984
f 4980//4980 4987//4987 4988//4988
f 4987//4987 4980//4980 4982//4982
f 4989//4989 4986//4986 4990//4990
f 4985//4985 4991//4991 4992//4992
f 4993//4993 4985//4985 4988//4988
f 4994//4994 4995//4995 4996//4996
f 4997//4997 4995//4995 4994//4994
f 4997//4997 4998//4998 4999//4999
f 4998//4998 4997//4997 5000//5000
f 5001//5001 4998//4998 5000//5000
f 5002//5002 4998//4998 5001//5001
f 5003//5003 5004//5004 5005//5005
f 5006//5006 5007//5007 5008//5008
f 5009//5009 5010//5010 5011//5011
f 5012//5012 5007//5007 5013//5013
f 5014//5014 5013//5013 5011//5011
f 5013//5013 5014//5014 5015//5015
f 5016//5016 5007//5007 5006//5006
f 5011//5011 5007//5007 5016//5016
f 5017//5017 5018//5018 5009//5009
f 5015//5015 5010//5010 5019//5019
f 5019//5019 5020//5020 5021//5021
f 5022//5022 5023//5023 5024//5024
f 5023//5023 5022//5022 5025//5025
f 5025//5025 5026//5026 5027//5027
f 5028//5028 5029//5029 5024//5024
f 5030//5030 5031//5031 5032//5032
f 5033//5033 5280//5280 5034//5034 5035//5035
f 5038//5038 5573//5573 5036//5036 5037//5037
f 5039//5039 5040//5040 5041//5041
f 5042//5042 5043//5043 5044//5044
f 5045//5045 5046//5046 5047//5047
f 5048//5048 5049//5049 5047//5047
f 5050//5050 5051//5051 5048//5048
f 5051//5051 5052//5052 5053//5053
f 5052//5052 5054//5054 5055//5055
f 5052//5052 5055//5055 5056//5056
f 5057//5057 5049//5049 5051//5051
f 5058//5058 5059//5059 5060//5060
f 5061//5061 5060//5060 5062//5062
f 5060//5060 5061//5061 5063//5063
f 5060//5060 5064//5064 5065//5065
f 5066//5066 5067//5067 5068//5068
f 5069//5069 5070//5070 5071//5071
f 5072//5072 5074//5074 5069//5069 5073//5073
f 5074//5074 5075//5075 5069//5069
f 5076//5076 5074//5074 5072//5072
f 5077//5077 5078//5078 5074//5074
f 5081//5081 5647//5647 5079//5079 5080//5080
f 5075//5075 5070//5070 5069//5069
f 5082//5082 5078//5078 5077//5077
f 5083//5083 5074//5074 5076//5076
f 5084//5084 5085//5085 5086//5086
f 5087//5087 5084//5084 5088//5088
f 5089//5089 5090//5090 5091//5091
f 5092//5092 5088//5088 5093//5093
f 5092//5092 5087//5087 5088//5088
f 5093//5093 5094//5094 5095//5095
f 5092//5092 5093//5093 5095//5095
f 5096//5096 5097//5097 5098//5098
f 3120//3120 3119//3119 3122//3122
f 3155//3155 3154//3154 3152//3152
f 3153//3153 3155//3155 5099//5099
f 3157//3157 3150//3150 3158//3158
f 3159//3159 3161//3161 5100//5100
f 3164//3164 3166//3166 5101//5101
f 3168//3168 3167//3167 5102//5102
f 3170//3170 3172//3172 5103//5103
f 3175//3175 3177//3177 5104//5104
f 5105//5105 3176//3176 3175//3175
f 5106//5106 5107//5107 5108//5108
f 5106//5106 5108//5108 5109//5109
f 5110//5110 5107//5107 5106//5106
f 3182//3182 3180//3180 5111//5111
f 3188//3188 3185//3185 3184//3184
f 3185//3185 3189//3189 3187//3187
f 3215//3215 3221//3221 3219//3219
f 3226//3226 3222//3222 3215//3215
f 3233//3233 5112//5112 3234//3234
f 3232//3232 3234//3234 3236//3236
f 5112//5112 3233//3233 5113//5113
f 3246//3246 3242//3242 3241//3241
f 3248//3248 3241//3241 3244//3244
f 3253//3253 3255//3255 5114//5114
f 3253//3253 5114//5114 5115//5115
f 5116//5116 5117//5117 3254//3254
f 3254//3254 3257//3257 5116//5116
f 3260//3260 3262//3262 3264//3264
f 3266//3266 5118//5118 5119//5119
f 3266//3266 5119//5119 3267//3267
f 3268//3268 3270//3270 3272//3272
f 3273//3273 3275//3275 5120//5120
f 3273//3273 5120//5120 3279//3279
f 3276//3276 3274//3274 3273//3273
f 3280//3280 3282//3282 3284//3284
f 3283//3283 3285//3285 5121//5121
f 3286//3286 3280//3280 3283//3283
f 5122//5122 3289//3289 3283//3283
f 3291//3291 3290//3290 3294//3294
f 3301//3301 3302//3302 3299//3299
f 3312//3312 3315//3315 3313//3313
f 3314//3314 5123//5123 3315//3315
f 3311//3311 3313//3313 5124//5124
f 3321//3321 3317//3317 3316//3316
f 3322//3322 3324//3324 5125//5125
f 3325//3325 3327//3327 5126//5126
f 5127//5127 5126//5126 5128//5128
f 3333//3333 3329//3329 3328//3328
f 3333//3333 3332//3332 3329//3329
f 3335//3335 3333//3333 3328//3328
f 3339//3339 3341//3341 3343//3343
f 3342//3342 3343//3343 3337//3337
f 3344//3344 3337//3337 3336//3336
f 3345//3345 3336//3336 5129//5129
f 5130//5130 3344//3344 3345//3345
f 3341//3341 3340//3340 5131//5131
f 5132//5132 5133//5133 3347//3347
f 3351//3351 3350//3350 5134//5134
f 5135//5135 3354//3354 5136//5136
f 5135//5135 5136//5136 5137//5137
f 3356//3356 3358//3358 5138//5138
f 3359//3359 5139//5139 3357//3357
f 5140//5140 3377//3377 3376//3376
f 3376//3376 3379//3379 5141//5141
f 5142//5142 3376//3376 5141//5141
f 3387//3387 3389//3389 5143//5143
f 3387//3387 5143//5143 5144//5144
f 3390//3390 3392//3392 5145//5145
f 3390//3390 5145//5145 3394//3394
f 3402//3402 3399//3399 5146//5146
f 5146//5146 5147//5147 3402//3402
f 3405//3405 5148//5148 3406//3406
f 5149//5149 5148//5148 3405//3405
f 5150//5150 5151//5151 5152//5152
f 3564//3564 5153//5153 5154//5154
f 5155//5155 3606//3606 5156//5156
f 5157//5157 5158//5158 3628//3628
f 5157//5157 5159//5159 5158//5158
f 3626//3626 3630//3630 3627//3627
f 3859//3859 3860//3860 5160//5160
f 3859//3859 5160//5160 3862//3862
f 5161//5161 5162//5162 3876//3876
f 5163//5163 5164//5164 5162//5162
f 3882//3882 3884//3884 3883//3883
f 5166//5166 5167//5167 3893//3893
f 3899//3899 3901//3901 3903//3903
f 3902//3902 3903//3903 3907//3907
f 3905//3905 5168//5168 3906//3906
f 3904//3904 3906//3906 3900//3900
f 3904//3904 3900//3900 3899//3899
f 5169//5169 5170//5170 5171//5171
f 3913//3913 5171//5171 3914//3914
f 5172//5172 5170//5170 5169//5169
f 5169//5169 5171//5171 3913//3913
f 3912//3912 3914//3914 3916//3916
f 3936//3936 3935//3935 5173//5173
f 5174//5174 5175//5175 3936//3936 5173//5173
f 3952//3952 5176//5176 5177//5177
f 5178//5178 5179//5179 5180//5180
f 3973//3973 3972//3972 3975//3975
f 5181//5181 3971//3971 3970//3970
f 3981//3981 3979//3979 5182//5182
f 5183//5183 3977//3977 3976//3976
f 4008//4008 5184//5184 4001//4001
f 4037//4037 4033//4033 4035//4035
f 4055//4055 4063//4063 4065//4065
f 5185//5185 4107//4107 4109//4109
f 4112//4112 5185//5185 4109//4109
f 4133//4133 4135//4135 5186//5186
f 4137//4137 4136//4136 5187//5187
f 4140//4140 4138//4138 4137//4137
f 5187//5187 4136//4136 5188//5188
f 4142//4142 5189//5189 5190//5190
f 4141//4141 5189//5189 4142//4142
f 5190//5190 5189//5189 5191//5191
f 4143//4143 4145//4145 4141//4141
f 5192//5192 4149//4149 5193//5193
f 4147//4147 4149//4149 5192//5192
f 4151//4151 5194//5194 4152//4152
f 4157//4157 4153//4153 5195//5195
f 5196//5196 4170//4170 4169//4169
f 4175//4175 4174//4174 5197//5197
f 5198//5198 5199//5199 4173//4173
f 4173//4173 4172//4172 5198//5198
f 4177//4177 5200//5200 4178//4178
f 4178//4178 5200//5200 4180//4180
f 5201//5201 4206//4206 4205//4205
f 4212//4212 4209//4209 4208//4208
f 4219//4219 4214//4214 4213//4213
f 4220//4220 4213//4213 4217//4217
f 5202//5202 4222//4222 4221//4221
f 5203//5203 5204//5204 5202//5202
f 4228//4228 4233//4233 4229//4229
f 4231//4231 4228//4228 4227//4227
f 4241//4241 4239//4239 4238//4238
f 4246//4246 4241//4241 4243//4243
f 5205//5205 4250//4250 4255//4255
f 4258//4258 4252//4252 5206//5206
f 4259//4259 4261//4261 4263//4263
f 5207//5207 5208//5208 4266//4266
f 4265//4265 5207//5207 4266//4266
f 5209//5209 5207//5207 4265//4265
f 4271//4271 4268//4268 4267//4267
f 4274//4274 4273//4273 5210//5210
f 5211//5211 4276//4276 4275//4275
f 4278//4278 5211//5211 4275//4275
f 4283//4283 4280//4280 4279//4279
f 4282//4282 4279//4279 4285//4285
f 4286//4286 4285//4285 5212//5212
f 5213//5213 4282//4282 4284//4284
f 4286//4286 4288//4288 4284//4284
f 4290//4290 4292//4292 5214//5214
f 4291//4291 5215//5215 5216//5216
f 5215//5215 4291//4291 5217//5217
f 5218//5218 5219//5219 5220//5220
f 4296//4296 4298//4298 5221//5221
f 4300//4300 4297//4297 4296//4296
f 4299//4299 5222//5222 4300//4300
f 5223//5223 4302//4302 4301//4301
f 5224//5224 4302//4302 5223//5223
f 5225//5225 5226//5226 5227//5227
f 4305//4305 5228//5228 4306//4306
f 4306//4306 5229//5229 4304//4304
f 4314//4314 4312//4312 4311//4311
f 4318//4318 5230//5230 4316//4316
f 5231//5231 5230//5230 4318//4318
f 5232//5232 4320//4320 4319//4319
f 4323//4323 5232//5232 4319//4319
f 4327//4327 4323//4323 4324//4324
f 4325//4325 4327//4327 4324//4324
f 4326//4326 5233//5233 4327//4327
f 5234//5234 5235//5235 5236//5236
f 4331//4331 5237//5237 5238//5238
f 4329//4329 4331//4331 5238//5238
f 4333//4333 5239//5239 4334//4334
f 4332//4332 4334//4334 5240//5240
f 4333//4333 5241//5241 5239//5239
f 4336//4336 4333//4333 4332//4332
f 4338//4338 5242//5242 4339//4339
f 5243//5243 4340//4340 4337//4337
f 5244//5244 4340//4340 5243//5243
f 4354//4354 5245//5245 4352//4352
f 5246//5246 4353//4353 4355//4355
f 5247//5247 5248//5248 5245//5245
f 4356//4356 4358//4358 5249//5249
f 4357//4357 4356//4356 5250//5250
f 5251//5251 4360//4360 4359//4359
f 5252//5252 5251//5251 4359//4359
f 5253//5253 5553//5553 4364//4364 4363//4363
f 4366//4366 4362//4362 4364//4364
f 4376//4376 5254//5254 4374//4374
f 4509//4509 5255//5255 4510//4510
f 5256//5256 5257//5257 5258//5258
f 4605//4605 5259//5259 4606//4606
f 4604//4604 4606//4606 5260//5260
f 4608//4608 4605//4605 4604//4604
f 4609//4609 5261//5261 4608//4608
f 4639//4639 4638//4638 4652//4652
f 4844//4844 4840//4840 4842//4842
f 5262//5262 4844//4844 4843//4843
f 5263//5263 5262//5262 4843//4843
f 4863//4863 5264//5264 4864//4864
f 4869//4869 4866//4866 4870//4870
f 5265//5265 4872//4872 4871//4871
f 4881//4881 4883//4883 5266//5266
f 4885//4885 4882//4882 4881//4881
f 4894//4894 4891//4891 4890//4890
f 4897//4897 4895//4895 4893//4893
f 5267//5267 4897//4897 4896//4896
f 4896//4896 5268//5268 5267//5267
f 4903//4903 5269//5269 4901//4901
f 4908//4908 4905//4905 4904//4904
f 4923//4923 4919//4919 4921//4921
f 4920//4920 4919//4919 5270//5270
f 4965//4965 5271//5271 4966//4966
f 4968//4968 4965//4965 4964//4964
f 4970//4970 4972//4972 5272//5272
f 4996//4996 4995//4995 5273//5273
f 5274//5274 5004//5004 5003//5003
f 5003//5003 5275//5275 5274//5274
f 5018//5018 5276//5276 5020//5020
f 5024//5024 5020//5020 5028//5028
f 5026//5026 5022//5022 5029//5029
f 5277//5277 5026//5026 5278//5278
f 5279//5279 5031//5031 5030//5030
f 5034//5034 5280//5280 5281//5281
f 5048//5048 5047//5047 5050//5050
f 5094//5094 5097//5097 5096//5096
f 3113//3113 3115//3115 3116//3116
f 3113//3113 5282//5282 5283//5283
f 5284//5284 5285//5285 5286//5286
f 3126//3126 3128//3128 3129//3129
f 3126//3126 3133//3133 3127//3127
f 5287//5287 3126//3126 3131//3131
f 5289//5289 5290//5290 5291//5291
f 5292//5292 5293//5293 5294//5294
f 3229//3229 3228//3228 3231//3231
f 3306//3306 3308//3308 3309//3309
f 3331//3331 5295//5295 3332//3332
f 3407//3407 3409//3409 5296//5296
f 5297//5297 5298//5298 5299//5299
f 3451//3451 3455//3455 5300//5300
f 5301//5301 5302//5302 5303//5303
f 5304//5304 5305//5305 3526//3526
f 3526//3526 3525//3525 5304//5304
f 3531//3531 3530//3530 3532//3532
f 3583//3583 3582//3582 3586//3586
f 3586//3586 3588//3588 3585//3585
f 3602//3602 3593//3593 3592//3592
f 5159//5159 5157//5157 5306//5306
f 5307//5307 3629//3629 3626//3626
f 3644//3644 3643//3643 3640//3640
f 5308//5308 3658//3658 3657//3657
f 5309//5309 3847//3847 3846//3846 3855//3855
f 5310//5310 5311//5311 5312//5312
f 5313//5313 5314//5314 5315//5315
f 3870//3870 3869//3869 5316//5316
f 3897//3897 3894//3894 5317//5317
f 3931//3931 5318//5318 3920//3920
f 5319//5319 5320//5320 3932//3932
f 3938//3938 5321//5321 3939//3939
f 5322//5322 3937//3937 3939//3939
f 3942//3942 3944//3944 3943//3943
f 3954//3954 5323//5323 3957//3957
f 4001//4001 5324//5324 4002//4002
f 4005//4005 4000//4000 4004//4004
f 4010//4010 5325//5325 4011//4011
f 4102//4102 4104//4104 4106//4106
f 4119//4119 5326//5326 4120//4120
f 4128//4128 4125//4125 4127//4127
f 4127//4127 5327//5327 4128//4128
f 5328//5328 5329//5329 5330//5330
f 5186//5186 5331//5331 5332//5332
f 4167//4167 5333//5333 4165//4165
f 5334//5334 5335//5335 5336//5336
f 5337//5337 5338//5338 4224//4224
f 4224//4224 5338//5338 4225//4225
f 5339//5339 5226//5226 5340//5340
f 5340//5340 5226//5226 5225//5225
f 5341//5341 4344//4344 4345//4345
f 5343//5343 4346//4346 4341//4341 5342//5342
f 4348//4348 4351//4351 5344//5344 5345//5345
f 4371//4371 4373//4373 4368//4368
f 4377//4377 4379//4379 5346//5346
f 4453//4453 4454//4454 4446//4446
f 4491//4491 5347//5347 4489//4489
f 5348//5348 4511//4511 5349//5349
f 4519//4519 4521//4521 4526//4526
f 4526//4526 4525//4525 4519//4519
f 4539//4539 5350//5350 5351//5351
f 4563//4563 4565//4565 4564//4564
f 4581//4581 4583//4583 4584//4584
f 5352//5352 5353//5353 5354//5354
f 4627//4627 5354//5354 5353//5353 4625//4625
f 4645//4645 4657//4657 4655//4655
f 5355//5355 4712//4712 4714//4714
f 4742//4742 4745//4745 4743//4743
f 4764//4764 5493//5493 5356//5356 5357//5357
f 4763//4763 5358//5358 4759//4759
f 4800//4800 4807//4807 5359//5359
f 4811//4811 5360//5360 4812//4812
f 4820//4820 5361//5361 4821//4821
f 5363//5363 4838//4838 4835//4835 5362//5362
f 5364//5364 5496//5496 4837//4837 4836//4836
f 5365//5365 4880//4880 5366//5366
f 5367//5367 4915//4915 5368//5368
f 4928//4928 5369//5369 4929//4929
f 5370//5370 5371//5371 4935//4935
f 4937//4937 4936//4936 5372//5372
f 5373//5373 4941//4941 4942//4942
f 4954//4954 4950//4950 4953//4953
f 4997//4997 4994//4994 5000//5000
f 5004//5004 5374//5374 5005//5005
f 5375//5375 5034//5034 5281//5281
f 5376//5376 5377//5377 5378//5378
f 5068//5068 5063//5063 5061//5061
f 3223//3223 5379//5379 3224//3224
f 3277//3277 5380//5380 3274//3274
f 3316//3316 3324//3324 3321//3321
f 3325//3325 5126//5126 5127//5127
f 3438//3438 3440//3440 3435//3435
f 3453//3453 5381//5381 3459//3459
f 3474//3474 3475//3475 3479//3479
f 3564//3564 5382//5382 5153//5153
f 5155//5155 5156//5156 5383//5383
f 3659//3659 3661//3661 5308//5308 5384//5384
f 3664//3664 5385//5385 3665//3665
f 3727//3727 3722//3722 3721//3721
f 3750//3750 5386//5386 3748//3748
f 3832//3832 5387//5387 3830//3830
f 3871//3871 3867//3867 5388//5388
f 3921//3921 3929//3929 3922//3922
f 3921//3921 3923//3923 5389//5389
f 5389//5389 5318//5318 3921//3921
f 5320//5320 3928//3928 3932//3932
f 4287//4287 4279//4279 4281//4281
f 4294//4294 5390//5390 4295//4295
f 5226//5226 5339//5339 5224//5224
f 4305//4305 4304//4304 4307//4307
f 5391//5391 4409//4409 4408//4408
f 4408//4408 5392//5392 5391//5391
f 4418//4418 4420//4420 4424//4424
f 4435//4435 4434//4434 4433//4433
f 4520//4520 5393//5393 4521//4521
f 5354//5354 5394//5394 5352//5352
f 4696//4696 4698//4698 4697//4697
f 4761//4761 4760//4760 5395//5395
f 5396//5396 4852//4852 5397//5397
f 4866//4866 4865//4865 4870//4870
f 4878//4878 4877//4877 4874//4874
f 5007//5007 5398//5398 5008//5008
f 5047//5047 5049//5049 5045//5045
f 3113//3113 3117//3117 5282//5282
f 3132//3132 3126//3126 5287//5287
f 5399//5399 5400//5400 5401//5401
f 3212//3212 3211//3211 5402//5402
f 3253//3253 5115//5115 3259//3259
f 5403//5403 3352//3352 5404//5404
f 5296//5296 3409//3409 5405//5405
f 3496//3496 3488//3488 3497//3497
f 3503//3503 5152//5152 5406//5406
f 3515//3515 3514//3514 3518//3518
f 3608//3608 3605//3605 3604//3604
f 3604//3604 3606//3606 5155//5155
f 5407//5407 3613//3613 3624//3624 3618//3618
f 3656//3656 5461//5461 3655//3655 3654//3654
f 3737//3737 3731//3731 5408//5408
f 3796//3796 3798//3798 3799//3799
f 3799//3799 3798//3798 3800//3800
f 5387//5387 3832//3832 3836//3836
f 5409//5409 5410//5410 3843//3843
f 3943//3943 3945//3945 5411//5411
f 5412//5412 3947//3947 3949//3949
f 3949//3949 3950//3950 3952//3952
f 3956//3956 3955//3955 5413//5413
f 5414//5414 3962//3962 3964//3964
f 4067//4067 5415//5415 4068//4068
f 4080//4080 4079//4079 4089//4089
f 4086//4086 5416//5416 5417//5417
f 4105//4105 4104//4104 5418//5418
f 4109//4109 5419//5419 4110//4110
f 5185//5185 4112//4112 5420//5420
f 5420//5420 4112//4112 5421//5421
f 4119//4119 4118//4118 4123//4123
f 4130//4130 4132//4132 5422//5422
f 4182//4182 5423//5423 4183//4183
f 5424//5424 4206//4206 5201//5201
f 4212//4212 4211//4211 4215//4215
f 5425//5425 4235//4235 4234//4234
f 5205//5205 4255//4255 4257//4257
f 5223//5223 5226//5226 5224//5224
f 5237//5237 5426//5426 5238//5238
f 4367//4367 4365//4365 5427//5427
f 4377//4377 5346//5346 5428//5428
f 4409//4409 5391//5391 5429//5429
f 5391//5391 5392//5392 5430//5430
f 4479//4479 4480//4480 5432//5432 5431//5431
f 5433//5433 4488//4488 4487//4487
f 4496//4496 4498//4498 4495//4495
f 4532//4532 4531//4531 5434//5434
f 4591//4591 4590//4590 5435//5435
f 5436//5436 5437//5437 5438//5438
f 4626//4626 5439//5439 4627//4627
f 4708//4708 4710//4710 4709//4709
f 4721//4721 5440//5440 5441//5441
f 4764//4764 5442//5442 4757//4757
f 4767//4767 4769//4769 4765//4765
f 4770//4770 4771//4771 5443//5443
f 4863//4863 4865//4865 4866//4866
f 4899//4899 4898//4898 5444//5444
f 4935//4935 4931//4931 5370//5370
f 5445//5445 5378//5378 5446//5446
f 5040//5040 5039//5039 5037//5037 5036//5036
f 5065//5065 5058//5058 5060//5060
f 5079//5079 5447//5447 5080//5080
f 5071//5071 5447//5447 5079//5079 5448//5448
f 5089//5089 5449//5449 5085//5085
f 4629//4629 5439//5439 4630//4630
f 5450//5450 3121//3121 3122//3122
f 5451//5451 5452//5452 3125//3125
f 3195//3195 5453//5453 5454//5454
f 3404//3404 3406//3406 5455//5455
f 5456//5456 3414//3414 3416//3416
f 3424//3424 3421//3421 3420//3420 3422//3422
f 5457//5457 3431//3431 3427//3427
f 3416//3416 5458//5458 5456//5456
f 3472//3472 3473//3473 3474//3474
f 3480//3480 3473//3473 3483//3483
f 3504//3504 3499//3499 3502//3502
f 3518//3518 3514//3514 3516//3516
f 3535//3535 3534//3534 3533//3533
f 3540//3540 3539//3539 5459//5459
f 3566//3566 3569//3569 3567//3567
f 5407//5407 5460//5460 3613//3613
f 3662//3662 3660//3660 3659//3659
f 3666//3666 3667//3667 3672//3672
f 5462//5462 5385//5385 3664//3664
f 5462//5462 3674//3674 5463//5463
f 5464//5464 3674//3674 3671//3671
f 3685//3685 3688//3688 3690//3690
f 3712//3712 3711//3711 3714//3714
f 3730//3730 3732//3732 5465//5465
f 3732//3732 3731//3731 3737//3737
f 3789//3789 3791//3791 5466//5466
f 3788//3788 5467//5467 3791//3791
f 3837//3837 3845//3845 3838//3838
f 3871//3871 3868//3868 3867//3867
f 5163//5163 5162//5162 5161//5161
f 3947//3947 5412//5412 3948//3948
f 4015//4015 4018//4018 5468//5468
f 5469//5469 4032//4032 4031//4031
f 5470//5470 4052//4052 4051//4051
f 5471//5471 5472//5472 4061//4061
f 4058//4058 5473//5473 4060//4060
f 4085//4085 5474//5474 4086//4086
f 4099//4099 4094//4094 4093//4093
f 4111//4111 5421//5421 4112//4112
f 5196//5196 5475//5475 5476//5476
f 5477//5477 4185//4185 5478//5478
f 4194//4194 4188//4188 4187//4187
f 5479//5479 5232//5232 4323//4323
f 4395//4395 4393//4393 4396//4396
f 4399//4399 4387//4387 5480//5480 4390//4390
f 5481//5481 5480//5480 5482//5482
f 4430//4430 4429//4429 5483//5483 4426//4426
f 5484//5484 5485//5485 4482//4482 4481//4481
f 4511//4511 5348//5348 4512//4512
f 4517//4517 4518//4518 5486//5486
f 5487//5487 5488//5488 5489//5489
f 4575//4575 4577//4577 4573//4573
f 4635//4635 4636//4636 5490//5490
f 4661//4661 5491//5491 4662//4662
f 4664//4664 4663//4663 4667//4667
f 4704//4704 4706//4706 4703//4703
f 4707//4707 4705//4705 4704//4704
f 4708//4708 4707//4707 4710//4710
f 5440//5440 4721//4721 4720//4720
f 5441//5441 5440//5440 5492//5492
f 4722//4722 4724//4724 4738//4738
f 4738//4738 4724//4724 4736//4736
f 4756//4756 5493//5493 4757//4757
f 5442//5442 4764//4764 4759//4759 5494//5494
f 4765//4765 4771//4771 4766//4766
f 4789//4789 4792//4792 4790//4790
f 4831//4831 4824//4824 5495//5495
f 5497//5497 5710//5710 5496//5496 5364//5364
f 5498//5498 4860//4860 4861//4861
f 4940//4940 4939//4939 4938//4938
f 4943//4943 4947//4947 4944//4944
f 4949//4949 4947//4947 4946//4946
f 4951//4951 5499//5499 4952//4952
f 4975//4975 5500//5500 4976//4976
f 5010//5010 5020//5020 5019//5019
f 5375//5375 5501//5501 5502//5502
f 5503//5503 5504//5504 5056//5056
f 5053//5053 5052//5052 5504//5504
f 5096//5096 5098//5098 5095//5095
f 5151//5151 5406//5406 5152//5152
f 4211//4211 4216//4216 4215//4215
f 3503//3503 5406//5406 3504//3504
f 3152//3152 3151//3151 3155//3155
f 3151//3151 3150//3150 3157//3157
f 3205//3205 3202//3202 3201//3201 5505//5505
f 3206//3206 5506//5506 5507//5507
f 5508//5508 5399//5399 5401//5401
f 5509//5509 3210//3210 3209//3209
f 3326//3326 5510//5510 3327//3327
f 5511//5511 3354//3354 3353//3353
f 3356//3356 5138//5138 5512//5512
f 3370//3370 3374//3374 5513//5513
f 3397//3397 3393//3393 3395//3395
f 3412//3412 5297//5297 3413//3413
f 5514//5514 5458//5458 3421//3421
f 3424//3424 5514//5514 3421//3421
f 5514//5514 3424//3424 3432//3432
f 3419//3419 3425//3425 3420//3420
f 3459//3459 3452//3452 3453//3453
f 3447//3447 5515//5515 5516//5516
f 3448//3448 3447//3447 5516//5516
f 3444//3444 3461//3461 3445//3445
f 3475//3475 3473//3473 3480//3480
f 3484//3484 3483//3483 3473//3473
f 3478//3478 3482//3482 3484//3484
f 3480//3480 3479//3479 3475//3475
f 3487//3487 3495//3495 3494//3494
f 3499//3499 3501//3501 3502//3502
f 3513//3513 3515//3515 5517//5517
f 3537//3537 5518//5518 3536//3536
f 3545//3545 3547//3547 3556//3556
f 5155//5155 3607//3607 3604//3604
f 3616//3616 3618//3618 5519//5519
f 5407//5407 3617//3617 5460//5460
f 3638//3638 3639//3639 5520//5520
f 5520//5520 3639//3639 3641//3641
f 3680//3680 3673//3673 3669//3669
f 3670//3670 3681//3681 3680//3680
f 3687//3687 3686//3686 5521//5521
f 3691//3691 5651//5651 5523//5523 5522//5522
f 3722//3722 5524//5524 3723//3723
f 5525//5525 5526//5526 5527//5527
f 3752//3752 3750//3750 3749//3749
f 5528//5528 5529//5529 5530//5530
f 3765//3765 5531//5531 3763//3763
f 5529//5529 5528//5528 3764//3764 3772//3772
f 3789//3789 5466//5466 5532//5532
f 3835//3835 3834//3834 5533//5533
f 3835//3835 5387//5387 3836//3836
f 5534//5534 5313//5313 5315//5315
f 3880//3880 5161//5161 3876//3876
f 3890//3890 5535//5535 5536//5536
f 3888//3888 5536//5536 3886//3886
f 3892//3892 3894//3894 3898//3898
f 5166//5166 3893//3893 3895//3895
f 3924//3924 5537//5537 5538//5538
f 5180//5180 3959//3959 3958//3958
f 3963//3963 3962//3962 3966//3966
f 5539//5539 3987//3987 3986//3986
f 4004//4004 4006//4006 5540//5540
f 4021//4021 4023//4023 4016//4016
f 4024//4024 4029//4029 4022//4022
f 5541//5541 4030//4030 4032//4032
f 4041//4041 4048//4048 4042//4042
f 4040//4040 4044//4044 4041//4041
f 4058//4058 5542//5542 4054//4054
f 4058//4058 4059//4059 5542//5542
f 4057//4057 5473//5473 4058//4058
f 4101//4101 5543//5543 5544//5544
f 5196//5196 5476//5476 4170//4170
f 4191//4191 4196//4196 5545//5545
f 4194//4194 4193//4193 4190//4190 4195//4195
f 4192//4192 5545//5545 4198//4198
f 5546//5546 5547//5547 5548//5548
f 5548//5548 5699//5699 4203//4203 5546//5546
f 4256//4256 5549//5549 4257//4257
f 5550//5550 4263//4263 4261//4261
f 4345//4345 5551//5551 5552//5552
f 4384//4384 4381//4381 4380//4380
f 4401//4401 4393//4393 4395//4395
f 4382//4382 4394//4394 4380//4380
f 4405//4405 4393//4393 4401//4401
f 4458//4458 5713//5713 5554//5554 4448//4448
f 4476//4476 4478//4478 5555//5555
f 4496//4496 4495//4495 4494//4494
f 4508//4508 4507//4507 4506//4506
f 4508//4508 4510//4510 4507//4507
f 5255//5255 5556//5556 5557//5557
f 4600//4600 5559//5559 4590//4590
f 4613//4613 4615//4615 4617//4617
f 4634//4634 4633//4633 4636//4636
f 4646//4646 4644//4644 5560//5560
f 4644//4644 4646//4646 4645//4645
f 5561//5561 5714//5714 5562//5562 4694//4694
f 4730//4730 4731//4731 5563//5563
f 4730//4730 5563//5563 4733//4733
f 4814//4814 4816//4816 4819//4819
f 5564//5564 5396//5396 5397//5397
f 4857//4857 4856//4856 5396//5396
f 5396//5396 5564//5564 4857//4857
f 5565//5565 4880//4880 4879//4879
f 4983//4983 4984//4984 4989//4989
f 4985//4985 4993//4993 4991//4991
f 5275//5275 5566//5566 5274//5274
f 5010//5010 5014//5014 5011//5011
f 5017//5017 5009//5009 5011//5011
f 5022//5022 5026//5026 5025//5025
f 5026//5026 5277//5277 5027//5027
f 5051//5051 5049//5049 5048//5048
f 5567//5567 5503//5503 5056//5056
f 5448//5448 5079//5079 5568//5568
f 5569//5569 5570//5570 5513//5513
f 3618//3618 3624//3624 5519//5519
f 5556//5556 5255//5255 4509//4509
f 4632//4632 4628//4628 4630//4630
f 5023//5023 5021//5021 5024//5024
f 5305//5305 5304//5304 5571//5571
f 5572//5572 3887//3887 3886//3886
f 5376//5376 5038//5038 5377//5377
f 5573//5573 5038//5038 5376//5376
f 5574//5574 5575//5575 3119//3119
f 3119//3119 5575//5575 3122//3122
f 3250//3250 5576//5576 3249//3249
f 3418//3418 5458//5458 3416//3416
f 3528//3528 3531//3531 3529//3529
f 3564//3564 3563//3563 5382//5382
f 3578//3578 3580//3580 3579//3579
f 3581//3581 5577//5577 3579//3579
f 3609//3609 5578//5578 3608//3608
f 3627//3627 5157//5157 3628//3628
f 5579//5579 3790//3790 5580//5580
f 3809//3809 3811//3811 5581//5581 3812//3812
f 3857//3857 3860//3860 3858//3858
f 3909//3909 5582//5582 3910//3910
f 5583//5583 5584//5584 5172//5172
f 3926//3926 5537//5537 3924//3924
f 3988//3988 3994//3994 3986//3986
f 4048//4048 5585//5585 4049//4049
f 4094//4094 4091//4091 4090//4090
f 4247//4247 5586//5586 4248//4248
f 5587//5587 5205//5205 4257//4257
f 4307//4307 4310//4310 4308//4308
f 4356//4356 5588//5588 5250//5250
f 5589//5589 4374//4374 5254//5254
f 5590//5590 4406//4406 4381//4381
f 4512//4512 5591//5591 4513//4513
f 5486//5486 5349//5349 4517//4517
f 4527//4527 4530//4530 4534//4534 4542//4542
f 4581//4581 4580//4580 4582//4582
f 4650//4650 4657//4657 4647//4647
f 4648//4648 5592//5592 4649//4649
f 4803//4803 4802//4802 4804//4804
f 4800//4800 5359//5359 5593//5593
f 4875//4875 5594//5594 4876//4876
f 4902//4902 4906//4906 4903//4903
f 4967//4967 5596//5596 4969//4969
f 4979//4979 4978//4978 4982//4982
f 5597//5597 4982//4982 4978//4978 5598//5598
f 4986//4986 5599//5599 4990//4990
f 5012//5012 5398//5398 5007//5007
f 5017//5017 5011//5011 5016//5016
f 5029//5029 5022//5022 5024//5024
f 5029//5029 5278//5278 5026//5026
f 5078//5078 5075//5075 5074//5074
f 5136//5136 5600//5600 5137//5137
f 4276//4276 5210//5210 4273//4273
f 4873//4873 4872//4872 5601//5601
f 5378//5378 5377//5377 5446//5446
f 3445//3445 3457//3457 3447//3447
f 5602//5602 4072//4072 5603//5603
f 5604//5604 5059//5059 5058//5058
f 5605//5605 5509//5509 5508//5508
f 5509//5509 5605//5605 3210//3210
f 3429//3429 3431//3431 3430//3430
f 3428//3428 3433//3433 3432//3432
f 3425//3425 3422//3422 3420//3420
f 3443//3443 3457//3457 3441//3441
f 3473//3473 3471//3471 3470//3470
f 3473//3473 3470//3470 3476//3476 3484//3484
f 3493//3493 3495//3495 5606//5606
f 3493//3493 5606//5606 5607//5607 5608//5608
f 3496//3496 3498//3498 5609//5609
f 5301//5301 5303//5303 3511//3511
f 3511//3511 3508//3508 3510//3510
f 3512//3512 3511//3511 5303//5303
f 3520//3520 3522//3522 5610//5610
f 5611//5611 5610//5610 3522//3522
f 5611//5611 5571//5571 5610//5610
f 5571//5571 5611//5611 5305//5305
f 3521//3521 5612//5612 3522//3522
f 3533//3533 3532//3532 3530//3530
f 3637//3637 3638//3638 5520//5520
f 3656//3656 3658//3658 5461//5461
f 3674//3674 5462//5462 3672//3672
f 3670//3670 3668//3668 3675//3675
f 3670//3670 3680//3680 3669//3669
f 3696//3696 3697//3697 3698//3698
f 5613//5613 3767//3767 3769//3769
f 3771//3771 5614//5614 5530//5530
f 3775//3775 3776//3776 3773//3773
f 3788//3788 3791//3791 5579//5579 5615//5615
f 3788//3788 3787//3787 5467//5467
f 5616//5616 5617//5617 5618//5618
f 5620//5620 5621//5621 5622//5622
f 3872//3872 3874//3874 3866//3866
f 3866//3866 3868//3868 3872//3872
f 5535//5535 3890//3890 3889//3889
f 3985//3985 3984//3984 3999//3999
f 4015//4015 4014//4014 4018//4018
f 4038//4038 5623//5623 5624//5624
f 4061//4061 5472//5472 4059//4059
f 4065//4065 4063//4063 4062//4062
f 4082//4082 4087//4087 5625//5625
f 5626//5626 4078//4078 5627//5627
f 4191//4191 5545//5545 4192//4192
f 4342//4342 5551//5551 4343//4343
f 4346//4346 5343//5343 5628//5628 4347//4347
f 4388//4388 5480//5480 5481//5481
f 5590//5590 4398//4398 4406//4406
f 4452//4452 5629//5629 4457//4457
f 4468//4468 4470//4470 5631//5631
f 5433//5433 4490//4490 4488//4488
f 5632//5632 4502//4502 4501//4501
f 5349//5349 5486//5486 5348//5348
f 4518//4518 4515//4515 4514//4514
f 4529//4529 4530//4530 4527//4527
f 4558//4558 5633//5633 4559//4559
f 5634//5634 5558//5558 4594//4594
f 5437//5437 4611//4611 4610//4610
f 5438//5438 5635//5635 5436//5436
f 5635//5635 5438//5438 4614//4614
f 4632//4632 4631//4631 4628//4628
f 4644//4644 4654//4654 5636//5636
f 4681//4681 5637//5637 5638//5638
f 4729//4729 4728//4728 4731//4731
f 5639//5639 4761//4761 5640//5640
f 5639//5639 5494//5494 4761//4761
f 5641//5641 5642//5642 5643//5643
f 5644//5644 4807//4807 4801//4801
f 4814//4814 4819//4819 4818//4818
f 4826//4826 5645//5645 5646//5646
f 5646//5646 4830//4830 4826//4826
f 4826//4826 4827//4827 5645//5645
f 4852//4852 4854//4854 5397//5397
f 4961//4961 4963//4963 4957//4957
f 4959//4959 4962//4962 4960//4960
f 5056//5056 5504//5504 5052//5052
f 5071//5071 5070//5070 5447//5447
f 5077//5077 5074//5074 5083//5083
f 5300//5300 3452//3452 3459//3459
f 3551//3551 3541//3541 3546//3546
f 3555//3555 3550//3550 3553//3553
f 3544//3544 3546//3546 3558//3558
f 5308//5308 3657//3657 5384//5384
f 5648//5648 5649//5649 3804//3804
f 5313//5313 5534//5534 5316//5316
f 3870//3870 5316//5316 5534//5534
f 4538//4538 4532//4532 5434//5434 4528//4528
f 4527//4527 4541//4541 4528//4528
f 4614//4614 4613//4613 5635//5635
f 4638//4638 5636//5636 4653//4653
f 4846//4846 4851//4851 5650//5650
f 4402//4402 5480//5480 4387//4387
f 4087//4087 4086//4086 5417//5417
f 5652//5652 5086//5086 5085//5085
f 3540//3540 5459//5459 5653//5653
f 4399//4399 4385//4385 4387//4387
f 4490//4490 5433//5433 4491//4491
f 4801//4801 4803//4803 5644//5644
f 5654//5654 5655//5655 5656//5656
f 5508//5508 5401//5401 5605//5605
f 3890//3890 5536//5536 3888//3888
f 4348//4348 5657//5657 4349//4349
f 4648//4648 4647//4647 5658//5658
f 3124//3124 5451//5451 3125//3125
f 3206//3206 5507//5507 3203//3203
f 3207//3207 5659//5659 3208//3208
f 3291//3291 3296//3296 3292//3292
f 3304//3304 5660//5660 3305//3305
f 3354//3354 5135//5135 3355//3355
f 3411//3411 5297//5297 3412//3412
f 3420//3420 3418//3418 3417//3417
f 3426//3426 3427//3427 3422//3422
f 3414//3414 5456//5456 3410//3410
f 3450//3450 3455//3455 3451//3451
f 3442//3442 3441//3441 3445//3445
f 5653//5653 5459//5459 5661//5661
f 5661//5661 5662//5662 5653//5653
f 5663//5663 5662//5662 5661//5661
f 5663//5663 5664//5664 5662//5662
f 3554//3554 3553//3553 3550//3550 3549//3549
f 3547//3547 5665//5665 3557//3557
f 3592//3592 5666//5666 3597//3597
f 3611//3611 3620//3620 3612//3612
f 3617//3617 5407//5407 3618//3618
f 3676//3676 5667//5667 3677//3677
f 3675//3675 3677//3677 3681//3681
f 3675//3675 3682//3682 5668//5668
f 3675//3675 5668//5668 3683//3683
f 5669//5669 3676//3676 3684//3684
f 3692//3692 3697//3697 3693//3693
f 3693//3693 3697//3697 3699//3699
f 3713//3713 3715//3715 3711//3711
f 3733//3733 3735//3735 5670//5670
f 3737//3737 5408//5408 3738//3738
f 3761//3761 5614//5614 3771//3771
f 3767//3767 5613//5613 3768//3768
f 5671//5671 3763//3763 5531//5531
f 3797//3797 5672//5672 3798//3798
f 3803//3803 3805//3805 5618//5618
f 3812//3812 3810//3810 3809//3809
f 5673//5673 5674//5674 5675//5675
f 3841//3841 3840//3840 3842//3842
f 3841//3841 3843//3843 5410//5410
f 5621//5621 5620//5620 5676//5676
f 3878//3878 3880//3880 3875//3875
f 3928//3928 3926//3926 3925//3925
f 3934//3934 5677//5677 3935//3935
f 5414//5414 3968//3968 3967//3967
f 4044//4044 4040//4040 4045//4045
f 4056//4056 4055//4055 4065//4065
f 4067//4067 4069//4069 4076//4076
f 5415//5415 4075//4075 4068//4068
f 4072//4072 5602//5602 4071//4071
f 4092//4092 4100//4100 4096//4096
f 4163//4163 5678//5678 4164//4164
f 4187//4187 4189//4189 4186//4186
f 4199//4199 4201//4201 4202//4202
f 4291//4291 5216//5216 4292//4292
f 4343//4343 5551//5551 4345//4345
f 4385//4385 4383//4383 4386//4386
f 4392//4392 4396//4396 4393//4393
f 4381//4381 4397//4397 4382//4382
f 4381//4381 4383//4383 5590//5590
f 4420//4420 4418//4418 4421//4421
f 4416//4416 4415//4415 4414//4414
f 5679//5679 4430//4430 4427//4427
f 5629//5629 4448//4448 5554//5554 4455//4455
f 4461//4461 4465//4465 4464//4464
f 5631//5631 5680//5680 4468//4468
f 4475//4475 4466//4466 5680//5680
f 4524//4524 4523//4523 4525//4525
f 4532//4532 4539//4539 5351//5351 4533//4533
f 4537//4537 5681//5681 4536//4536
f 4568//4568 5682//5682 4569//4569
f 4598//4598 5683//5683 4599//4599
f 5437//5437 5436//5436 4611//4611
f 5684//5684 4620//4620 4619//4619
f 4637//4637 4644//4644 5636//5636
f 4645//4645 4647//4647 4657//4657
f 4650//4650 4649//4649 4659//4659
f 4648//4648 4650//4650 4647//4647
f 4652//4652 4638//4638 4653//4653
f 4668//4668 4670//4670 4679//4679
f 4676//4676 4670//4670 4675//4675
f 4678//4678 4670//4670 4676//4676
f 4687//4687 4689//4689 4686//4686
f 4701//4701 4703//4703 4706//4706
f 4715//4715 5685//5685 4717//4717
f 4723//4723 4735//4735 4724//4724
f 4737//4737 4740//4740 4738//4738
f 4750//4750 5686//5686 4751//4751
f 5494//5494 4759//4759 4761//4761
f 5493//5493 4755//4755 5356//5356
f 4774//4774 5687//5687 4775//4775
f 4773//4773 4776//4776 5643//5643
f 4784//4784 4781//4781 4782//4782
f 4799//4799 4807//4807 4800//4800
f 4804//4804 4806//4806 4803//4803
f 4817//4817 5361//5361 4818//4818
f 5361//5361 4817//4817 4821//4821
f 4828//4828 4830//4830 5646//5646
f 4851//4851 4845//4845 5688//5688
f 4861//4861 4853//4853 5689//5689
f 4910//4910 4912//4912 4911//4911
f 4981//4981 4979//4979 4982//4982
f 4985//4985 4992//4992 5599//5599 4986//4986
f 5014//5014 5010//5010 5015//5015
f 5020//5020 5010//5010 5018//5018
f 5503//5503 5567//5567 5690//5690
f 5059//5059 5062//5062 5060//5060
f 5060//5060 5063//5063 5064//5064
f 5084//5084 5086//5086 5088//5088
f 3352//3352 3351//3351 5404//5404
f 5179//5179 3959//3959 5180//5180
f 4314//4314 4311//4311 4318//4318
f 3805//3805 3804//3804 5649//5649
f 4638//4638 4637//4637 5636//5636
f 4880//4880 5565//5565 5366//5366
f 5052//5052 5051//5051 5054//5054
f 5680//5680 5631//5631 4475//4475
f 3488//3488 3490//3490 3497//3497
f 5414//5414 3964//3964 3968//3968
f 5439//5439 4629//4629 4627//4627
f 5021//5021 5020//5020 5024//5024
f 3667//3667 3673//3673 3672//3672
f 3674//3674 5464//5464 5463//5463
f 4426//4426 4427//4427 4430//4430
f 4686//4686 4689//4689 4684//4684
f 5498//5498 4861//4861 5689//5689
f 5458//5458 3418//3418 3421//3421
f 3478//3478 3484//3484 3476//3476
f 3487//3487 3494//3494 5691//5691
f 4083//4083 4077//4077 4084//4084
f 4345//4345 5552//5552 5341//5341
f 4984//4984 4986//4986 4989//4989
f 3367//3367 3368//3368 5569//5569 5513//5513
f 5297//5297 5299//5299 3413//3413
f 3424//3424 3423//3423 3428//3428
f 5462//5462 3664//3664 3672//3672
f 4740//4740 4739//4739 4726//4726
f 5300//5300 3459//3459 3451//3451
f 3163//3163 3161//3161 3160//3160
f 3198//3198 3196//3196 3200//3200
f 3370//3370 5513//5513 5570//5570
f 3365//3365 3366//3366 3368//3368
f 3403//3403 3400//3400 3399//3399
f 3413//3413 3415//3415 3414//3414
f 3445//3445 3447//3447 3446//3446
f 3450//3450 3458//3458 3456//3456
f 3448//3448 3460//3460 3446//3446
f 3491//3491 3492//3492 3485//3485
f 3486//3486 3485//3485 3492//3492
f 3559//3559 3544//3544 3558//3558
f 3571//3571 3575//3575 3574//3574
f 3613//3613 3615//3615 3624//3624
f 3614//3614 3622//3622 3612//3612 3620//3620
f 3623//3623 3613//3613 5460//5460
f 5692//5692 3647//3647 3648//3648
f 3679//3679 3673//3673 3680//3680
f 3689//3689 5693//5693 3690//3690
f 3744//3744 3747//3747 3743//3743
f 3766//3766 3758//3758 3767//3767
f 3760//3760 3770//3770 3757//3757
f 3786//3786 3788//3788 5615//5615 3784//3784
f 3794//3794 3784//3784 5615//5615 5580//5580
f 3803//3803 5618//5618 5617//5617
f 3828//3828 3826//3826 5694//5694
f 3864//3864 5695//5695 3865//3865
f 3924//3924 5538//5538 3919//3919
f 4020//4020 4015//4015 5468//5468
f 4063//4063 5696//5696 4064//4064
f 4071//4071 5697//5697 4076//4076
f 4077//4077 4079//4079 4080//4080
f 4081//4081 4084//4084 4077//4077
f 4082//4082 4084//4084 4087//4087
f 4084//4084 4081//4081 4085//4085
f 5416//5416 4086//4086 5474//5474
f 4087//4087 5417//5417 5625//5625
f 4198//4198 5545//5545 4196//4196
f 5547//5547 5698//5698 5548//5548
f 5700//5700 4249//4249 4239//4239
f 5342//5342 4343//4343 4344//4344
f 4341//4341 4343//4343 5342//5342
f 5657//5657 4348//4348 5345//5345
f 4388//4388 4390//4390 5480//5480
f 5482//5482 5480//5480 4402//4402
f 4417//4417 4421//4421 4418//4418
f 4448//4448 5629//5629 4445//4445
f 5629//5629 4452//4452 4445//4445
f 5629//5629 4455//4455 4457//4457
f 4460//4460 4465//4465 4461//4461
f 4540//4540 4542//4542 4536//4536
f 4591//4591 4601//4601 4592//4592
f 4594//4594 4599//4599 5634//5634
f 4597//4597 4599//4599 4602//4602
f 4600//4600 4592//4592 5558//5558
f 4599//4599 4594//4594 4596//4596
f 4637//4637 4639//4639 4643//4643
f 5560//5560 4644//4644 4643//4643 4642//4642
f 4646//4646 5658//5658 4647//4647
f 4666//4666 4664//4664 4667//4667
f 4734//4734 5702//5702 4732//4732
f 4755//4755 5493//5493 4756//4756
f 5442//5442 4762//4762 4757//4757
f 4761//4761 5395//5395 5640//5640
f 4783//4783 5703//5703 4784//4784
f 4790//4790 4793//4793 4796//4796
f 4823//4823 4825//4825 4827//4827
f 4833//4833 5706//5706 4834//4834
f 4849//4849 4847//4847 4850//4850
f 4858//4858 4860//4860 5498//5498
f 4954//4954 4955//4955 4957//4957
f 4987//4987 4982//4982 5597//5597
f 5007//5007 5011//5011 5013//5013
f 5018//5018 5010//5010 5009//5009
f 5051//5051 5053//5053 5057//5057
f 5064//5064 5707//5707 5065//5065
f 5073//5073 5071//5071 5448//5448
f 5069//5069 5071//5071 5073//5073
f 5094//5094 5096//5096 5095//5095
f 5020//5020 5276//5276 5028//5028
f 5375//5375 5281//5281 5501//5501
f 3643//3643 3641//3641 3640//3640
f 5310//5310 5312//5312 3848//3848
f 5318//5318 5389//5389 3920//3920
f 3850//3850 3849//3849 3853//3853
f 4764//4764 4757//4757 5493//5493
f 5708//5708 5063//5063 5068//5068
f 5453//5453 5709//5709 5454//5454
f 3791//3791 5467//5467 5466//5466
f 4185//4185 4184//4184 5478//5478
f 5501//5501 5711//5711 5502//5502
f 5050//5050 5054//5054 5051//5051
f 3362//3362 3361//3361 3372//3372
f 3448//3448 5516//5516 5712//5712
f 3673//3673 3667//3667 3669//3669
f 5528//5528 5530//5530 5614//5614
f 3990//3990 3983//3983 3985//3985
f 4542//4542 4534//4534 4536//4536
f 5563//5563 4734//4734 4733//4733
f 5615//5615 5579//5579 5580//5580
f 3715//3715 3714//3714 3711//3711
f 3994//3994 3996//3996 3986//3986
f 3457//3457 5515//5515 3447//3447
f 3985//3985 3999//3999 3998//3998
f 4542//4542 4541//4541 4527//4527
f 5641//5641 5643//5643 4776//4776
f 5652//5652 5085//5085 5449//5449
