# Dual color encoding: per-vertex RGB for Rerun, face MTL colors for legacy RViz.
mtllib sim_gene01_l_hand_palm.mtl
# Rhino

g sim_gene01_l_hand_palm
v -15.252013152041306 32.71163698462005 -27.425514739278817 0.0980392157 0.0980392157 0.0980392157
v -30.832698743818398 29.6327066402323 -26.301472743964442 0.0980392157 0.0980392157 0.0980392157
v -28.322133419897774 27.354802754733619 -3.0459895375630981 0.0980392157 0.0980392157 0.0980392157
v -24.462199675016862 23.670996099490566 -79.806037370895112 0.0980392157 0.0980392157 0.0980392157
v -20.793797546545033 30.615955526807141 -48.92841012315521 0.0980392157 0.0980392157 0.0980392157
v 2.3031265514552475 29.341093333203986 -59.584029285855593 0.0980392157 0.0980392157 0.0980392157
v -4.595842147683058 30.327066847510761 -5.0939558311369417 0.0980392157 0.0980392157 0.0980392157
v 6.4159048716625957 32.88498026544454 -35.077505556088134 0.0980392157 0.0980392157 0.0980392157
v 19.157451445940183 31.312562145241117 -31.062417766873075 0.0980392157 0.0980392157 0.0980392157
v 18.78322679121505 19.656912675414183 -95.880148684580774 0.0980392157 0.0980392157 0.0980392157
v 18.121341044485867 27.781364783547026 -62.006035505963943 0.0980392157 0.0980392157 0.0980392157
v 28.2388616994198 28.507429497780976 -46.994926041311693 0.0980392157 0.0980392157 0.0980392157
v 22.407560639984691 27.307408366170815 -8.0437800698458748 0.0980392157 0.0980392157 0.0980392157
v 38.110197428267227 25.426281858219088 -36.186385117738332 0.0980392157 0.0980392157 0.0980392157
v -61.588060314018179 17.28373810852197 -75.507876614069545 0.0980392157 0.0980392157 0.0980392157
v -38.628005882838217 25.399070256904778 -61.054300961959676 0.0980392157 0.0980392157 0.0980392157
v -64.915848616730202 14.705702126212429 -107.97832874260688 0.0980392157 0.0980392157 0.0980392157
v -48.750032477409107 21.508937679395348 -52.388347711216781 0.0980392157 0.0980392157 0.0980392157
v -40.908180175373893 24.259164274429033 -23.730260448480646 0.0980392157 0.0980392157 0.0980392157
v -1.6999135508383532 14.097494847955019 -125.55897007949554 0.0980392157 0.0980392157 0.0980392157
v -53.619316391932102 13.775434603405348 -116.9397712759164 0.0980392157 0.0980392157 0.0980392157
v -38.411361991166174 20.906784650862409 -2.1192489991733119 0.0980392157 0.0980392157 0.0980392157
v -34.236973362066983 23.358556307827936 -52.825001979523499 0.0980392157 0.0980392157 0.0980392157
v -27.53192138671875 24.759525299072266 -53.562007904052734 0.0980392157 0.0980392157 0.0980392157
v -28.047312802398061 25.979982981678621 -35.924505927755021 0.0980392157 0.0980392157 0.0980392157
v -23.439225354018788 17.914973636906602 -53.791201469772851 0.0980392157 0.0980392157 0.0980392157
v -27.53192138671875 24.759525299072266 -53.562007904052734 0.0980392157 0.0980392157 0.0980392157
v -34.236973362066983 23.358556307827936 -52.825001979523499 0.0980392157 0.0980392157 0.0980392157
v -27.53192138671875 24.759525299072266 -53.562007904052734 0.0980392157 0.0980392157 0.0980392157
v -23.439225354018788 17.914973636906602 -53.791201469772851 0.0980392157 0.0980392157 0.0980392157
v -21.73931259634384 19.062980625175495 -42.716001739694661 0.0980392157 0.0980392157 0.0980392157
v -22.965801398600263 18.142982998613284 -4.3553880125750144 0.0980392157 0.0980392157 0.0980392157
v -4.595842147683058 30.327066847510761 -5.0939558311369417 0.0980392157 0.0980392157 0.0980392157
v -28.322133419897774 27.354802754733619 -3.0459895375630981 0.0980392157 0.0980392157 0.0980392157
v -2.0360212150936823 21.063738349218806 -1.8598768377382133 0.0980392157 0.0980392157 0.0980392157
v -22.965801398600263 18.142982998613284 -4.3553880125750144 0.0980392157 0.0980392157 0.0980392157
v 22.616967632954015 20.66825409044483 -4.439697538368323 0.0980392157 0.0980392157 0.0980392157
v 22.407560639984691 27.307408366170815 -8.0437800698458748 0.0980392157 0.0980392157 0.0980392157
v -4.595842147683058 30.327066847510761 -5.0939558311369417 0.0980392157 0.0980392157 0.0980392157
v 36.154371588390994 16.240360093690686 -93.461495292281995 0.0980392157 0.0980392157 0.0980392157
v 33.647027419041294 19.254445236491076 -7.9101090775987055 0.0980392157 0.0980392157 0.0980392157
v 43.313174984558628 19.850087174761576 -35.938532127311994 0.0980392157 0.0980392157 0.0980392157
v -79.697743758196381 5.6693365746928954 -117.80168530992567 0.0980392157 0.0980392157 0.0980392157
v -69.920527691848932 5.1523935655581816 -79.200494137946734 0.0980392157 0.0980392157 0.0980392157
v -52.092954673703424 15.589335101334088 -42.263428945370791 0.0980392157 0.0980392157 0.0980392157
v -42.009912372803093 14.949944712538095 -0.71746679529425827 0.0980392157 0.0980392157 0.0980392157
v -41.282880571860339 16.737160461082006 -44.681040301776463 0.0980392157 0.0980392157 0.0980392157
v -39.135765075683594 18.043994903564453 -53.504074096679688 0.0980392157 0.0980392157 0.0980392157
v -34.236973362066983 23.358556307827936 -52.825001979523499 0.0980392157 0.0980392157 0.0980392157
v -34.010013399335037 11.696514493972549 -51.954169367400986 0.0980392157 0.0980392157 0.0980392157
v -34.236973362066983 23.358556307827936 -52.825001979523499 0.0980392157 0.0980392157 0.0980392157
v -39.135765075683594 18.043994903564453 -53.504074096679688 0.0980392157 0.0980392157 0.0980392157
v -41.282880571860339 16.737160461082006 -44.681040301776463 0.0980392157 0.0980392157 0.0980392157
v -34.010013399335037 11.696514493972549 -51.954169367400986 0.0980392157 0.0980392157 0.0980392157
v -39.135765075683594 18.043994903564453 -53.504074096679688 0.0980392157 0.0980392157 0.0980392157
v -23.439225354018788 17.914973636906602 -53.791201469772851 0.0980392157 0.0980392157 0.0980392157
v -34.236973362066983 23.358556307827936 -52.825001979523499 0.0980392157 0.0980392157 0.0980392157
v -36.963466644287109 17.676855087280273 -57.72747802734375 0.0980392157 0.0980392157 0.0980392157
v -34.010013399335037 11.696514493972549 -51.954169367400986 0.0980392157 0.0980392157 0.0980392157
v -36.963466644287109 17.676855087280273 -57.72747802734375 0.0980392157 0.0980392157 0.0980392157
v -34.236973362066983 23.358556307827936 -52.825001979523499 0.0980392157 0.0980392157 0.0980392157
v -38.845944337335048 17.797420192534304 -38.802647093513897 0.0980392157 0.0980392157 0.0980392157
v -33.2954862918968 24.716103956026718 -41.868441881580829 0.0980392157 0.0980392157 0.0980392157
v -32.266215086111849 11.607586281082352 -40.642446699659651 0.0980392157 0.0980392157 0.0980392157
v -38.845944337335048 17.797420192534304 -38.802647093513897 0.0980392157 0.0980392157 0.0980392157
v -33.2954862918968 24.716103956026718 -41.868441881580829 0.0980392157 0.0980392157 0.0980392157
v -31.302789688110352 12.782243728637695 -35.403644561767578 0.0980392157 0.0980392157 0.0980392157
v -33.2954862918968 24.716103956026718 -41.868441881580829 0.0980392157 0.0980392157 0.0980392157
v -28.047312802398061 25.979982981678621 -35.924505927755021 0.0980392157 0.0980392157 0.0980392157
v -32.266215086111849 11.607586281082352 -40.642446699659651 0.0980392157 0.0980392157 0.0980392157
v -33.2954862918968 24.716103956026718 -41.868441881580829 0.0980392157 0.0980392157 0.0980392157
v -31.302789688110352 12.782243728637695 -35.403644561767578 0.0980392157 0.0980392157 0.0980392157
v -25.929609725963616 13.462604266082767 -35.979787507401085 0.0980392157 0.0980392157 0.0980392157
v -31.302789688110352 12.782243728637695 -35.403644561767578 0.0980392157 0.0980392157 0.0980392157
v -28.047312802398061 25.979982981678621 -35.924505927755021 0.0980392157 0.0980392157 0.0980392157
v -22.965801398600263 18.142982998613284 -4.3553880125750144 0.0980392157 0.0980392157 0.0980392157
v -28.322133419897774 27.354802754733619 -3.0459895375630981 0.0980392157 0.0980392157 0.0980392157
v -38.411361991166174 20.906784650862409 -2.1192489991733119 0.0980392157 0.0980392157 0.0980392157
v -23.439225354018788 17.914973636906602 -53.791201469772851 0.0980392157 0.0980392157 0.0980392157
v -36.963466644287109 17.676855087280273 -57.72747802734375 0.0980392157 0.0980392157 0.0980392157
v -28.125827789306641 17.025634765625 -65.110572814941406 0.0980392157 0.0980392157 0.0980392157
v -29.193304826440677 10.749646059950631 -58.257879026157383 0.0980392157 0.0980392157 0.0980392157
v -28.125827789306641 17.025634765625 -65.110572814941406 0.0980392157 0.0980392157 0.0980392157
v -32.578974911314511 14.570354965298261 -64.429381750906089 0.0980392157 0.0980392157 0.0980392157
v -29.193304826440677 10.749646059950631 -58.257879026157383 0.0980392157 0.0980392157 0.0980392157
v -32.578974911314511 14.570354965298261 -64.429381750906089 0.0980392157 0.0980392157 0.0980392157
v -36.963466644287109 17.676855087280273 -57.72747802734375 0.0980392157 0.0980392157 0.0980392157
v -29.193304826440677 10.749646059950631 -58.257879026157383 0.0980392157 0.0980392157 0.0980392157
v -23.439225354018788 17.914973636906602 -53.791201469772851 0.0980392157 0.0980392157 0.0980392157
v -28.125827789306641 17.025634765625 -65.110572814941406 0.0980392157 0.0980392157 0.0980392157
v -34.010013399335037 11.696514493972549 -51.954169367400986 0.0980392157 0.0980392157 0.0980392157
v -25.929609725963616 13.462604266082767 -35.979787507401085 0.0980392157 0.0980392157 0.0980392157
v -28.047312802398061 25.979982981678621 -35.924505927755021 0.0980392157 0.0980392157 0.0980392157
v -21.73931259634384 19.062980625175495 -42.716001739694661 0.0980392157 0.0980392157 0.0980392157
v -15.517127765224245 7.0673277925622529 -135.55191941857527 0.0980392157 0.0980392157 0.0980392157
v -25.929609725963616 13.462604266082767 -35.979787507401085 0.0980392157 0.0980392157 0.0980392157
v -21.73931259634384 19.062980625175495 -42.716001739694661 0.0980392157 0.0980392157 0.0980392157
v -15.361131458495619 12.166968836750458 -1.1177283110576195 0.0980392157 0.0980392157 0.0980392157
v 16.307833348588229 11.190231935875396 -0.95896708782797735 0.0980392157 0.0980392157 0.0980392157
v 20.84632079017301 13.225397448350774 -3.4017701214622922 0.0980392157 0.0980392157 0.0980392157
v 20.84632079017301 13.225397448350774 -3.4017701214622922 0.0980392157 0.0980392157 0.0980392157
v 16.307833348588229 11.190231935875396 -0.95896708782797735 0.0980392157 0.0980392157 0.0980392157
v 34.413321048883411 11.23636508647121 -128.26122071279212 0.0980392157 0.0980392157 0.0980392157
v 30.979723701685117 6.1179313209009436 -138.15126121768506 0.0980392157 0.0980392157 0.0980392157
v 33.647027419041294 19.254445236491076 -7.9101090775987055 0.0980392157 0.0980392157 0.0980392157
v 22.616967632954015 20.66825409044483 -4.439697538368323 0.0980392157 0.0980392157 0.0980392157
v 20.077908666548819 17.209639892210134 -61.173548370910268 0.0980392157 0.0980392157 0.0980392157
v 21.431646347045898 20.628881454467773 -69.046737670898438 0.0980392157 0.0980392157 0.0980392157
v 28.784468507771397 17.419310267377494 -65.61122426749094 0.0980392157 0.0980392157 0.0980392157
v 30.82488751741619 7.990336547519135 -64.725671439941323 0.0980392157 0.0980392157 0.0980392157
v 28.784468507771397 17.419310267377494 -65.61122426749094 0.0980392157 0.0980392157 0.0980392157
v 21.431646347045898 20.628881454467773 -69.046737670898438 0.0980392157 0.0980392157 0.0980392157
v 20.271950935973841 6.9684121334045201 -73.04902970354496 0.0980392157 0.0980392157 0.0980392157
v 21.431646347045898 20.628881454467773 -69.046737670898438 0.0980392157 0.0980392157 0.0980392157
v 20.077908666548819 17.209639892210134 -61.173548370910268 0.0980392157 0.0980392157 0.0980392157
v 30.82488751741619 7.990336547519135 -64.725671439941323 0.0980392157 0.0980392157 0.0980392157
v 21.431646347045898 20.628881454467773 -69.046737670898438 0.0980392157 0.0980392157 0.0980392157
v 20.271950935973841 6.9684121334045201 -73.04902970354496 0.0980392157 0.0980392157 0.0980392157
v 30.82488751741619 7.990336547519135 -64.725671439941323 0.0980392157 0.0980392157 0.0980392157
v 19.505553497788156 4.362384705607667 -60.042966019709233 0.0980392157 0.0980392157 0.0980392157
v 20.077908666548819 17.209639892210134 -61.173548370910268 0.0980392157 0.0980392157 0.0980392157
v 44.4295165190373 8.9898449486578151 -123.19135770901818 0.0980392157 0.0980392157 0.0980392157
v 44.079077692291307 12.862532038520158 -85.56386238695282 0.0980392157 0.0980392157 0.0980392157
v 52.659878029285203 -0.7289358633389007 -111.96953297755819 0.0980392157 0.0980392157 0.0980392157
v -68.229897610722674 7.5511755167363219 -123.2196566097743 0.0980392157 0.0980392157 0.0980392157
v -78.961566137541638 1.6155334731691218 -117.02234323512238 0.0980392157 0.0980392157 0.0980392157
v -79.697743758196381 5.6693365746928954 -117.80168530992567 0.0980392157 0.0980392157 0.0980392157
v -58.712703704833984 8.0085773468017578 -106.73531341552734 0.0980392157 0.0980392157 0.0980392157
v -67.629043125338086 11.906437274209773 -110.52696342377115 0.0980392157 0.0980392157 0.0980392157
v -66.324618489262633 9.7997165228952241 -116.23799691839966 0.0980392157 0.0980392157 0.0980392157
v -60.780580335949765 2.8941629977284435 -109.62440994643121 0.0980392157 0.0980392157 0.0980392157
v -67.629043125338086 11.906437274209773 -110.52696342377115 0.0980392157 0.0980392157 0.0980392157
v -58.712703704833984 8.0085773468017578 -106.73531341552734 0.0980392157 0.0980392157 0.0980392157
v -60.780580335949765 2.8941629977284435 -109.62440994643121 0.0980392157 0.0980392157 0.0980392157
v -67.047224366191116 7.1948537415185285 -102.4843446498554 0.0980392157 0.0980392157 0.0980392157
v -67.629043125338086 11.906437274209773 -110.52696342377115 0.0980392157 0.0980392157 0.0980392157
v -67.047224366191116 7.1948537415185285 -102.4843446498554 0.0980392157 0.0980392157 0.0980392157
v -76.221215969572995 4.6227910231193192 -108.3437721419005 0.0980392157 0.0980392157 0.0980392157
v -67.629043125338086 11.906437274209773 -110.52696342377115 0.0980392157 0.0980392157 0.0980392157
v -59.032598171351268 5.154459818952243 -52.157424322620656 0.0980392157 0.0980392157 0.0980392157
v -68.229897610722674 7.5511755167363219 -123.2196566097743 0.0980392157 0.0980392157 0.0980392157
v -46.982014363756136 8.6418758173551424 -123.86275341247841 0.0980392157 0.0980392157 0.0980392157
v -66.324618489262633 9.7997165228952241 -116.23799691839966 0.0980392157 0.0980392157 0.0980392157
v -50.159150213535398 7.895307511327248 -107.63186149907601 0.0980392157 0.0980392157 0.0980392157
v -58.712703704833984 8.0085773468017578 -106.73531341552734 0.0980392157 0.0980392157 0.0980392157
v -66.324618489262633 9.7997165228952241 -116.23799691839966 0.0980392157 0.0980392157 0.0980392157
v -49.840995231994285 11.146818047474028 -118.52100729064497 0.0980392157 0.0980392157 0.0980392157
v -55.053153494624965 1.4280603363040782 -109.44094450443133 0.0980392157 0.0980392157 0.0980392157
v -58.712703704833984 8.0085773468017578 -106.73531341552734 0.0980392157 0.0980392157 0.0980392157
v -50.159150213535398 7.895307511327248 -107.63186149907601 0.0980392157 0.0980392157 0.0980392157
v -60.780580335949765 2.8941629977284435 -109.62440994643121 0.0980392157 0.0980392157 0.0980392157
v -50.213814987972199 6.9532619590194313 -28.646448266170985 0.0980392157 0.0980392157 0.0980392157
v -41.369612198159089 5.7019192882952545 -129.10604655878043 0.0980392157 0.0980392157 0.0980392157
v -53.058379334609768 5.807954704921805 -66.004403459858793 0.0980392157 0.0980392157 0.0980392157
v -47.712261543509065 15.762136578862442 -59.081652631468963 0.0980392157 0.0980392157 0.0980392157
v -57.39912587048795 12.323686511233721 -59.982161111275339 0.0980392157 0.0980392157 0.0980392157
v -57.39912587048795 12.323686511233721 -59.982161111275339 0.0980392157 0.0980392157 0.0980392157
v -47.712261543509065 15.762136578862442 -59.081652631468963 0.0980392157 0.0980392157 0.0980392157
v -52.664202205545728 9.1615670153039606 -43.23297618644154 0.0980392157 0.0980392157 0.0980392157
v -39.451508845860388 15.57629388494537 -60.139204080916173 0.0980392157 0.0980392157 0.0980392157
v -47.712261543509065 15.762136578862442 -59.081652631468963 0.0980392157 0.0980392157 0.0980392157
v -52.467529296875 11.461265563964844 -67.168342590332031 0.0980392157 0.0980392157 0.0980392157
v -53.058379334609768 5.807954704921805 -66.004403459858793 0.0980392157 0.0980392157 0.0980392157
v -52.467529296875 11.461265563964844 -67.168342590332031 0.0980392157 0.0980392157 0.0980392157
v -47.712261543509065 15.762136578862442 -59.081652631468963 0.0980392157 0.0980392157 0.0980392157
v -15.517127765224245 7.0673277925622529 -135.55191941857527 0.0980392157 0.0980392157 0.0980392157
v -41.369612198159089 5.7019192882952545 -129.10604655878043 0.0980392157 0.0980392157 0.0980392157
v -68.229897610722674 7.5511755167363219 -123.2196566097743 0.0980392157 0.0980392157 0.0980392157
v -39.626308924267889 6.880875689913398 -114.52529364613893 0.0980392157 0.0980392157 0.0980392157
v -49.840995231994285 11.146818047474028 -118.52100729064497 0.0980392157 0.0980392157 0.0980392157
v -46.982014363756136 8.6418758173551424 -123.86275341247841 0.0980392157 0.0980392157 0.0980392157
v -39.626308924267889 6.880875689913398 -114.52529364613893 0.0980392157 0.0980392157 0.0980392157
v -49.840995231994285 11.146818047474028 -118.52100729064497 0.0980392157 0.0980392157 0.0980392157
v -38.544187193948829 -2.9458675848953391 -113.76686439591637 0.0980392157 0.0980392157 0.0980392157
v -50.159150213535398 7.895307511327248 -107.63186149907601 0.0980392157 0.0980392157 0.0980392157
v -39.626308924267889 6.880875689913398 -114.52529364613893 0.0980392157 0.0980392157 0.0980392157
v -45.080574035644531 14.142786026000977 -67.681045532226562 0.0980392157 0.0980392157 0.0980392157
v -39.451508845860388 15.57629388494537 -60.139204080916173 0.0980392157 0.0980392157 0.0980392157
v -52.467529296875 11.461265563964844 -67.168342590332031 0.0980392157 0.0980392157 0.0980392157
v -42.094695843514671 4.5389453483723834 -73.488763341590754 0.0980392157 0.0980392157 0.0980392157
v -45.080574035644531 14.142786026000977 -67.681045532226562 0.0980392157 0.0980392157 0.0980392157
v -52.467529296875 11.461265563964844 -67.168342590332031 0.0980392157 0.0980392157 0.0980392157
v -42.094695843514671 4.5389453483723834 -73.488763341590754 0.0980392157 0.0980392157 0.0980392157
v -52.467529296875 11.461265563964844 -67.168342590332031 0.0980392157 0.0980392157 0.0980392157
v -53.058379334609768 5.807954704921805 -66.004403459858793 0.0980392157 0.0980392157 0.0980392157
v -38.057479752803914 9.0028679368301141 -65.493992973444747 0.0980392157 0.0980392157 0.0980392157
v -39.451508845860388 15.57629388494537 -60.139204080916173 0.0980392157 0.0980392157 0.0980392157
v -45.080574035644531 14.142786026000977 -67.681045532226562 0.0980392157 0.0980392157 0.0980392157
v -38.057479752803914 9.0028679368301141 -65.493992973444747 0.0980392157 0.0980392157 0.0980392157
v -45.080574035644531 14.142786026000977 -67.681045532226562 0.0980392157 0.0980392157 0.0980392157
v -42.094695843514671 4.5389453483723834 -73.488763341590754 0.0980392157 0.0980392157 0.0980392157
v -34.010013399335037 11.696514493972549 -51.954169367400986 0.0980392157 0.0980392157 0.0980392157
v -47.712261543509065 15.762136578862442 -59.081652631468963 0.0980392157 0.0980392157 0.0980392157
v -39.451508845860388 15.57629388494537 -60.139204080916173 0.0980392157 0.0980392157 0.0980392157
v -34.023339654626803 6.7067043398577439 -51.717537636238468 0.0980392157 0.0980392157 0.0980392157
v -34.010013399335037 11.696514493972549 -51.954169367400986 0.0980392157 0.0980392157 0.0980392157
v -39.451508845860388 15.57629388494537 -60.139204080916173 0.0980392157 0.0980392157 0.0980392157
v -29.193304826440677 10.749646059950631 -58.257879026157383 0.0980392157 0.0980392157 0.0980392157
v -34.023339654626803 6.7067043398577439 -51.717537636238468 0.0980392157 0.0980392157 0.0980392157
v -39.451508845860388 15.57629388494537 -60.139204080916173 0.0980392157 0.0980392157 0.0980392157
v -32.578974911314511 14.570354965298261 -64.429381750906089 0.0980392157 0.0980392157 0.0980392157
v -29.193304826440677 10.749646059950631 -58.257879026157383 0.0980392157 0.0980392157 0.0980392157
v -39.451508845860388 15.57629388494537 -60.139204080916173 0.0980392157 0.0980392157 0.0980392157
v -32.578974911314511 14.570354965298261 -64.429381750906089 0.0980392157 0.0980392157 0.0980392157
v -39.451508845860388 15.57629388494537 -60.139204080916173 0.0980392157 0.0980392157 0.0980392157
v -38.057479752803914 9.0028679368301141 -65.493992973444747 0.0980392157 0.0980392157 0.0980392157
v -41.282880571860339 16.737160461082006 -44.681040301776463 0.0980392157 0.0980392157 0.0980392157
v -47.712261543509065 15.762136578862442 -59.081652631468963 0.0980392157 0.0980392157 0.0980392157
v -34.010013399335037 11.696514493972549 -51.954169367400986 0.0980392157 0.0980392157 0.0980392157
v -51.046411003588595 14.460154219135799 -43.854093866193125 0.0980392157 0.0980392157 0.0980392157
v -47.712261543509065 15.762136578862442 -59.081652631468963 0.0980392157 0.0980392157 0.0980392157
v -41.282880571860339 16.737160461082006 -44.681040301776463 0.0980392157 0.0980392157 0.0980392157
v -52.664202205545728 9.1615670153039606 -43.23297618644154 0.0980392157 0.0980392157 0.0980392157
v -47.712261543509065 15.762136578862442 -59.081652631468963 0.0980392157 0.0980392157 0.0980392157
v -51.046411003588595 14.460154219135799 -43.854093866193125 0.0980392157 0.0980392157 0.0980392157
v -38.845944337335048 17.797420192534304 -38.802647093513897 0.0980392157 0.0980392157 0.0980392157
v -39.279598236083984 9.0024814605712891 -124.62625122070312 0.0980392157 0.0980392157 0.0980392157
v -39.626308924267889 6.880875689913398 -114.52529364613893 0.0980392157 0.0980392157 0.0980392157
v -46.982014363756136 8.6418758173551424 -123.86275341247841 0.0980392157 0.0980392157 0.0980392157
v -31.517244570562209 -0.44406866836811787 -120.16083627523324 0.0980392157 0.0980392157 0.0980392157
v -39.279598236083984 9.0024814605712891 -124.62625122070312 0.0980392157 0.0980392157 0.0980392157
v -46.982014363756136 8.6418758173551424 -123.86275341247841 0.0980392157 0.0980392157 0.0980392157
v -31.517244570562209 -0.44406866836811787 -120.16083627523324 0.0980392157 0.0980392157 0.0980392157
v -46.982014363756136 8.6418758173551424 -123.86275341247841 0.0980392157 0.0980392157 0.0980392157
v -41.369612198159089 5.7019192882952545 -129.10604655878043 0.0980392157 0.0980392157 0.0980392157
v -34.023339654626803 6.7067043398577439 -51.717537636238468 0.0980392157 0.0980392157 0.0980392157
v -41.282880571860339 16.737160461082006 -44.681040301776463 0.0980392157 0.0980392157 0.0980392157
v -34.010013399335037 11.696514493972549 -51.954169367400986 0.0980392157 0.0980392157 0.0980392157
v -32.266215086111849 11.607586281082352 -40.642446699659651 0.0980392157 0.0980392157 0.0980392157
v -30.011358535531478 12.807885096365354 -24.960385404110784 0.0980392157 0.0980392157 0.0980392157
v -35.69403076171875 17.932027816772461 -24.369819641113281 0.0980392157 0.0980392157 0.0980392157
v -43.940493896013002 16.497631992755675 -18.463756674832638 0.0980392157 0.0980392157 0.0980392157
v -35.69403076171875 17.932027816772461 -24.369819641113281 0.0980392157 0.0980392157 0.0980392157
v -46.215762398588389 10.788201196486591 -21.980711768246 0.0980392157 0.0980392157 0.0980392157
v -38.845944337335048 17.797420192534304 -38.802647093513897 0.0980392157 0.0980392157 0.0980392157
v -43.940493896013002 16.497631992755675 -18.463756674832638 0.0980392157 0.0980392157 0.0980392157
v -29.787289096481185 18.661378425497837 -22.235731920416487 0.0980392157 0.0980392157 0.0980392157
v -30.011358535531478 12.807885096365354 -24.960385404110784 0.0980392157 0.0980392157 0.0980392157
v -29.787289096481185 18.661378425497837 -22.235731920416487 0.0980392157 0.0980392157 0.0980392157
v -35.69403076171875 17.932027816772461 -24.369819641113281 0.0980392157 0.0980392157 0.0980392157
v -30.006553356100163 16.231241777017349 -12.291378060346267 0.0980392157 0.0980392157 0.0980392157
v -29.787289096481185 18.661378425497837 -22.235731920416487 0.0980392157 0.0980392157 0.0980392157
v -37.921350865620418 19.814501481751915 -7.0254051664851831 0.0980392157 0.0980392157 0.0980392157
v -43.940493896013002 16.497631992755675 -18.463756674832638 0.0980392157 0.0980392157 0.0980392157
v -30.006553356100163 16.231241777017349 -12.291378060346267 0.0980392157 0.0980392157 0.0980392157
v -42.297570306302681 12.180051171466134 -6.3300677542692299 0.0980392157 0.0980392157 0.0980392157
v -43.940493896013002 16.497631992755675 -18.463756674832638 0.0980392157 0.0980392157 0.0980392157
v -37.921350865620418 19.814501481751915 -7.0254051664851831 0.0980392157 0.0980392157 0.0980392157
v -22.965801398600263 18.142982998613284 -4.3553880125750144 0.0980392157 0.0980392157 0.0980392157
v -38.411361991166174 20.906784650862409 -2.1192489991733119 0.0980392157 0.0980392157 0.0980392157
v -37.921350865620418 19.814501481751915 -7.0254051664851831 0.0980392157 0.0980392157 0.0980392157
v -42.009912372803093 14.949944712538095 -0.71746679529425827 0.0980392157 0.0980392157 0.0980392157
v -37.921350865620418 19.814501481751915 -7.0254051664851831 0.0980392157 0.0980392157 0.0980392157
v -38.411361991166174 20.906784650862409 -2.1192489991733119 0.0980392157 0.0980392157 0.0980392157
v -30.006553356100163 16.231241777017349 -12.291378060346267 0.0980392157 0.0980392157 0.0980392157
v -22.965801398600263 18.142982998613284 -4.3553880125750144 0.0980392157 0.0980392157 0.0980392157
v -37.921350865620418 19.814501481751915 -7.0254051664851831 0.0980392157 0.0980392157 0.0980392157
v -30.006553356100163 16.231241777017349 -12.291378060346267 0.0980392157 0.0980392157 0.0980392157
v -37.921350865620418 19.814501481751915 -7.0254051664851831 0.0980392157 0.0980392157 0.0980392157
v -42.009912372803093 14.949944712538095 -0.71746679529425827 0.0980392157 0.0980392157 0.0980392157
v -30.006553356100163 16.231241777017349 -12.291378060346267 0.0980392157 0.0980392157 0.0980392157
v -42.297570306302681 12.180051171466134 -6.3300677542692299 0.0980392157 0.0980392157 0.0980392157
v -37.921350865620418 19.814501481751915 -7.0254051664851831 0.0980392157 0.0980392157 0.0980392157
v -20.383680066860226 9.1804971510434417 -126.65593149804599 0.0980392157 0.0980392157 0.0980392157
v -39.279598236083984 9.0024814605712891 -124.62625122070312 0.0980392157 0.0980392157 0.0980392157
v -41.369612198159089 5.7019192882952545 -129.10604655878043 0.0980392157 0.0980392157 0.0980392157
v -31.517244570562209 -0.44406866836811787 -120.16083627523324 0.0980392157 0.0980392157 0.0980392157
v -41.369612198159089 5.7019192882952545 -129.10604655878043 0.0980392157 0.0980392157 0.0980392157
v -39.279598236083984 9.0024814605712891 -124.62625122070312 0.0980392157 0.0980392157 0.0980392157
v -31.517244570562209 -0.44406866836811787 -120.16083627523324 0.0980392157 0.0980392157 0.0980392157
v -39.279598236083984 9.0024814605712891 -124.62625122070312 0.0980392157 0.0980392157 0.0980392157
v -20.383680066860226 9.1804971510434417 -126.65593149804599 0.0980392157 0.0980392157 0.0980392157
v -31.517244570562209 -0.44406866836811787 -120.16083627523324 0.0980392157 0.0980392157 0.0980392157
v -39.626308924267889 6.880875689913398 -114.52529364613893 0.0980392157 0.0980392157 0.0980392157
v -39.279598236083984 9.0024814605712891 -124.62625122070312 0.0980392157 0.0980392157 0.0980392157
v -32.266215086111849 11.607586281082352 -40.642446699659651 0.0980392157 0.0980392157 0.0980392157
v -31.302789688110352 12.782243728637695 -35.403644561767578 0.0980392157 0.0980392157 0.0980392157
v -25.929609725963616 13.462604266082767 -35.979787507401085 0.0980392157 0.0980392157 0.0980392157
v -34.010013399335037 11.696514493972549 -51.954169367400986 0.0980392157 0.0980392157 0.0980392157
v -19.847806277432596 6.1323433875780893 -131.86391735979046 0.0980392157 0.0980392157 0.0980392157
v -27.342723133726313 1.5565384676951766 -122.06844964237166 0.0980392157 0.0980392157 0.0980392157
v -29.193304826440677 10.749646059950631 -58.257879026157383 0.0980392157 0.0980392157 0.0980392157
v -13.532146267456213 1.1238336040827033 -124.91454385624367 0.0980392157 0.0980392157 0.0980392157
v -27.342723133726313 1.5565384676951766 -122.06844964237166 0.0980392157 0.0980392157 0.0980392157
v -20.383680066860226 9.1804971510434417 -126.65593149804599 0.0980392157 0.0980392157 0.0980392157
v -13.532146267456213 1.1238336040827033 -124.91454385624367 0.0980392157 0.0980392157 0.0980392157
v -20.383680066860226 9.1804971510434417 -126.65593149804599 0.0980392157 0.0980392157 0.0980392157
v -19.847806277432596 6.1323433875780893 -131.86391735979046 0.0980392157 0.0980392157 0.0980392157
v -0.088340193621991858 -4.1661861378203895 -131.7092458937731 0.0980392157 0.0980392157 0.0980392157
v -15.517127765224245 7.0673277925622529 -135.55191941857527 0.0980392157 0.0980392157 0.0980392157
v 13.359339569358632 5.7793405057393699 -136.62482149606481 0.0980392157 0.0980392157 0.0980392157
v 13.359339569358632 5.7793405057393699 -136.62482149606481 0.0980392157 0.0980392157 0.0980392157
v -15.517127765224245 7.0673277925622529 -135.55191941857527 0.0980392157 0.0980392157 0.0980392157
v 30.979723701685117 6.1179313209009436 -138.15126121768506 0.0980392157 0.0980392157 0.0980392157
v 17.447486879592667 9.0404587466330142 -129.60153399221079 0.0980392157 0.0980392157 0.0980392157
v 13.359339569358632 5.7793405057393699 -136.62482149606481 0.0980392157 0.0980392157 0.0980392157
v 30.979723701685117 6.1179313209009436 -138.15126121768506 0.0980392157 0.0980392157 0.0980392157
v 11.272443148751378 -4.1428422044112381 -127.11849403956032 0.0980392157 0.0980392157 0.0980392157
v 13.359339569358632 5.7793405057393699 -136.62482149606481 0.0980392157 0.0980392157 0.0980392157
v 17.447486879592667 9.0404587466330142 -129.60153399221079 0.0980392157 0.0980392157 0.0980392157
v 30.977483652431349 0.42513812619803559 -127.13463378775279 0.0980392157 0.0980392157 0.0980392157
v 11.272443148751378 -4.1428422044112381 -127.11849403956032 0.0980392157 0.0980392157 0.0980392157
v 17.447486879592667 9.0404587466330142 -129.60153399221079 0.0980392157 0.0980392157 0.0980392157
v 37.764300549690759 10.503496988019215 -7.7962890237667066 0.0980392157 0.0980392157 0.0980392157
v 33.647027419041294 19.254445236491076 -7.9101090775987055 0.0980392157 0.0980392157 0.0980392157
v 22.616967632954015 20.66825409044483 -4.439697538368323 0.0980392157 0.0980392157 0.0980392157
v 20.84632079017301 13.225397448350774 -3.4017701214622922 0.0980392157 0.0980392157 0.0980392157
v 28.91186599443142 11.09770633317445 -13.847035572550091 0.0980392157 0.0980392157 0.0980392157
v 22.616967632954015 20.66825409044483 -4.439697538368323 0.0980392157 0.0980392157 0.0980392157
v 37.764300549690759 10.503496988019215 -7.7962890237667066 0.0980392157 0.0980392157 0.0980392157
v 22.616967632954015 20.66825409044483 -4.439697538368323 0.0980392157 0.0980392157 0.0980392157
v 28.91186599443142 11.09770633317445 -13.847035572550091 0.0980392157 0.0980392157 0.0980392157
v 32.107742309570312 8.352203369140625 -130.32266235351562 0.0980392157 0.0980392157 0.0980392157
v 42.17358785204442 4.9454536743522901 -136.17864063170251 0.0980392157 0.0980392157 0.0980392157
v 30.977483652431349 0.42513812619803559 -127.13463378775279 0.0980392157 0.0980392157 0.0980392157
v 32.107742309570312 8.352203369140625 -130.32266235351562 0.0980392157 0.0980392157 0.0980392157
v 30.979723701685117 6.1179313209009436 -138.15126121768506 0.0980392157 0.0980392157 0.0980392157
v 46.93428024585576 12.239752127254874 -35.147241072672038 0.0980392157 0.0980392157 0.0980392157
v 37.764300549690759 10.503496988019215 -7.7962890237667066 0.0980392157 0.0980392157 0.0980392157
v 50.026140575260513 2.8564359110642492 -132.7874911280874 0.0980392157 0.0980392157 0.0980392157
v -81.075509698630185 -0.6889364749450877 -114.24245133625445 0.0980392157 0.0980392157 0.0980392157
v -78.961566137541638 1.6155334731691218 -117.02234323512238 0.0980392157 0.0980392157 0.0980392157
v -67.629043125338086 11.906437274209773 -110.52696342377115 0.0980392157 0.0980392157 0.0980392157
v -78.961566137541638 1.6155334731691218 -117.02234323512238 0.0980392157 0.0980392157 0.0980392157
v -81.075509698630185 -0.6889364749450877 -114.24245133625445 0.0980392157 0.0980392157 0.0980392157
v -76.221215969572995 4.6227910231193192 -108.3437721419005 0.0980392157 0.0980392157 0.0980392157
v -78.961566137541638 1.6155334731691218 -117.02234323512238 0.0980392157 0.0980392157 0.0980392157
v -67.629043125338086 11.906437274209773 -110.52696342377115 0.0980392157 0.0980392157 0.0980392157
v -76.221215969572995 4.6227910231193192 -108.3437721419005 0.0980392157 0.0980392157 0.0980392157
v -67.047224366191116 7.1948537415185285 -102.4843446498554 0.0980392157 0.0980392157 0.0980392157
v -66.995090588507608 -0.33313437407588253 -99.130159719525579 0.0980392157 0.0980392157 0.0980392157
v -66.995090588507608 -0.33313437407588253 -99.130159719525579 0.0980392157 0.0980392157 0.0980392157
v -60.780580335949765 2.8941629977284435 -109.62440994643121 0.0980392157 0.0980392157 0.0980392157
v -69.248444899962365 -7.0186972666470595 -72.374176342136849 0.0980392157 0.0980392157 0.0980392157
v -55.053153494624965 1.4280603363040782 -109.44094450443133 0.0980392157 0.0980392157 0.0980392157
v -57.870539907206393 -4.616304483151275 -104.53866802197737 0.0980392157 0.0980392157 0.0980392157
v -60.780580335949765 2.8941629977284435 -109.62440994643121 0.0980392157 0.0980392157 0.0980392157
v -57.39912587048795 12.323686511233721 -59.982161111275339 0.0980392157 0.0980392157 0.0980392157
v -52.664202205545728 9.1615670153039606 -43.23297618644154 0.0980392157 0.0980392157 0.0980392157
v -57.87463291176536 -1.4443151196178468 -52.975536572514365 0.0980392157 0.0980392157 0.0980392157
v -46.266352792886849 -4.7828289430345521 -103.9400808059272 0.0980392157 0.0980392157 0.0980392157
v -55.053153494624965 1.4280603363040782 -109.44094450443133 0.0980392157 0.0980392157 0.0980392157
v -50.159150213535398 7.895307511327248 -107.63186149907601 0.0980392157 0.0980392157 0.0980392157
v -42.094695843514671 4.5389453483723834 -73.488763341590754 0.0980392157 0.0980392157 0.0980392157
v -53.058379334609768 5.807954704921805 -66.004403459858793 0.0980392157 0.0980392157 0.0980392157
v -51.034948342292203 5.4238785033855805 -73.391338168335963 0.0980392157 0.0980392157 0.0980392157
v -48.664842279722592 0.6935152784763543 -29.319722761515585 0.0980392157 0.0980392157 0.0980392157
v -51.046411003588595 14.460154219135799 -43.854093866193125 0.0980392157 0.0980392157 0.0980392157
v -46.215762398588389 10.788201196486591 -21.980711768246 0.0980392157 0.0980392157 0.0980392157
v -45.481894882008667 2.5672929361614245 -0.27135148154904165 0.0980392157 0.0980392157 0.0980392157
v -38.544187193948829 -2.9458675848953391 -113.76686439591637 0.0980392157 0.0980392157 0.0980392157
v -46.266352792886849 -4.7828289430345521 -103.9400808059272 0.0980392157 0.0980392157 0.0980392157
v -50.159150213535398 7.895307511327248 -107.63186149907601 0.0980392157 0.0980392157 0.0980392157
v -30.006553356100163 16.231241777017349 -12.291378060346267 0.0980392157 0.0980392157 0.0980392157
v -42.009912372803093 14.949944712538095 -0.71746679529425827 0.0980392157 0.0980392157 0.0980392157
v -42.297570306302681 12.180051171466134 -6.3300677542692299 0.0980392157 0.0980392157 0.0980392157
v -42.009912372803093 14.949944712538095 -0.71746679529425827 0.0980392157 0.0980392157 0.0980392157
v -43.098589595495604 2.0578516365536048 0.82671649239230971 0.0980392157 0.0980392157 0.0980392157
v -43.098589595495604 2.0578516365536048 0.82671649239230971 0.0980392157 0.0980392157 0.0980392157
v -42.009912372803093 14.949944712538095 -0.71746679529425827 0.0980392157 0.0980392157 0.0980392157
v -45.481894882008667 2.5672929361614245 -0.27135148154904165 0.0980392157 0.0980392157 0.0980392157
v -38.301774363456559 -3.0142985468941035 -64.167954233958142 0.0980392157 0.0980392157 0.0980392157
v -38.057479752803914 9.0028679368301141 -65.493992973444747 0.0980392157 0.0980392157 0.0980392157
v -42.094695843514671 4.5389453483723834 -73.488763341590754 0.0980392157 0.0980392157 0.0980392157
v -39.626308924267889 6.880875689913398 -114.52529364613893 0.0980392157 0.0980392157 0.0980392157
v -31.517244570562209 -0.44406866836811787 -120.16083627523324 0.0980392157 0.0980392157 0.0980392157
v -32.578974911314511 14.570354965298261 -64.429381750906089 0.0980392157 0.0980392157 0.0980392157
v -38.057479752803914 9.0028679368301141 -65.493992973444747 0.0980392157 0.0980392157 0.0980392157
v -38.301774363456559 -3.0142985468941035 -64.167954233958142 0.0980392157 0.0980392157 0.0980392157
v -32.578974911314511 14.570354965298261 -64.429381750906089 0.0980392157 0.0980392157 0.0980392157
v -32.194972947872969 -3.6404791893651023 -64.211773871245612 0.0980392157 0.0980392157 0.0980392157
v -28.399579802091623 0.70484881476860739 -55.121417245679908 0.0980392157 0.0980392157 0.0980392157
v -28.399579802091623 0.70484881476860739 -55.121417245679908 0.0980392157 0.0980392157 0.0980392157
v -34.023339654626803 6.7067043398577439 -51.717537636238468 0.0980392157 0.0980392157 0.0980392157
v -29.193304826440677 10.749646059950631 -58.257879026157383 0.0980392157 0.0980392157 0.0980392157
v -34.023339654626803 6.7067043398577439 -51.717537636238468 0.0980392157 0.0980392157 0.0980392157
v -34.010013399335037 11.696514493972549 -51.954169367400986 0.0980392157 0.0980392157 0.0980392157
v -41.282880571860339 16.737160461082006 -44.681040301776463 0.0980392157 0.0980392157 0.0980392157
v -32.266215086111849 11.607586281082352 -40.642446699659651 0.0980392157 0.0980392157 0.0980392157
v -34.010013399335037 11.696514493972549 -51.954169367400986 0.0980392157 0.0980392157 0.0980392157
v -34.023339654626803 6.7067043398577439 -51.717537636238468 0.0980392157 0.0980392157 0.0980392157
v -34.023339654626803 6.7067043398577439 -51.717537636238468 0.0980392157 0.0980392157 0.0980392157
v -28.399579802091623 0.70484881476860739 -55.121417245679908 0.0980392157 0.0980392157 0.0980392157
v -26.051896947637598 3.0062909829237525 -40.855469084220495 0.0980392157 0.0980392157 0.0980392157
v -30.011358535531478 12.807885096365354 -24.960385404110784 0.0980392157 0.0980392157 0.0980392157
v -32.266215086111849 11.607586281082352 -40.642446699659651 0.0980392157 0.0980392157 0.0980392157
v -25.726226932619902 8.6563515386893535 -40.924581147474363 0.0980392157 0.0980392157 0.0980392157
v -26.051896947637598 3.0062909829237525 -40.855469084220495 0.0980392157 0.0980392157 0.0980392157
v -25.726226932619902 8.6563515386893535 -40.924581147474363 0.0980392157 0.0980392157 0.0980392157
v -32.266215086111849 11.607586281082352 -40.642446699659651 0.0980392157 0.0980392157 0.0980392157
v -22.761962676416864 -0.49128080460271106 -23.766772018031972 0.0980392157 0.0980392157 0.0980392157
v -30.011358535531478 12.807885096365354 -24.960385404110784 0.0980392157 0.0980392157 0.0980392157
v -23.974567652307055 9.8614423843405064 -25.17711913237288 0.0980392157 0.0980392157 0.0980392157
v -21.408910676149564 0.074532084170812807 -15.175543159781094 0.0980392157 0.0980392157 0.0980392157
v -29.787289096481185 18.661378425497837 -22.235731920416487 0.0980392157 0.0980392157 0.0980392157
v -30.011358535531478 12.807885096365354 -24.960385404110784 0.0980392157 0.0980392157 0.0980392157
v -21.408910676149564 0.074532084170812807 -15.175543159781094 0.0980392157 0.0980392157 0.0980392157
v -30.011358535531478 12.807885096365354 -24.960385404110784 0.0980392157 0.0980392157 0.0980392157
v -22.761962676416864 -0.49128080460271106 -23.766772018031972 0.0980392157 0.0980392157 0.0980392157
v -22.965801398600263 18.142982998613284 -4.3553880125750144 0.0980392157 0.0980392157 0.0980392157
v -30.006553356100163 16.231241777017349 -12.291378060346267 0.0980392157 0.0980392157 0.0980392157
v -15.795098345890024 11.821942040604766 -8.9198033825580865 0.0980392157 0.0980392157 0.0980392157
v -21.408910676149564 0.074532084170812807 -15.175543159781094 0.0980392157 0.0980392157 0.0980392157
v -30.006553356100163 16.231241777017349 -12.291378060346267 0.0980392157 0.0980392157 0.0980392157
v -29.787289096481185 18.661378425497837 -22.235731920416487 0.0980392157 0.0980392157 0.0980392157
v -19.737197456838469 9.0968935351749511 -15.865235840351682 0.0980392157 0.0980392157 0.0980392157
v -15.795098345890024 11.821942040604766 -8.9198033825580865 0.0980392157 0.0980392157 0.0980392157
v -30.006553356100163 16.231241777017349 -12.291378060346267 0.0980392157 0.0980392157 0.0980392157
v -21.408910676149564 0.074532084170812807 -15.175543159781094 0.0980392157 0.0980392157 0.0980392157
v -19.737197456838469 9.0968935351749511 -15.865235840351682 0.0980392157 0.0980392157 0.0980392157
v -30.006553356100163 16.231241777017349 -12.291378060346267 0.0980392157 0.0980392157 0.0980392157
v -22.761962676416864 -0.49128080460271106 -23.766772018031972 0.0980392157 0.0980392157 0.0980392157
v -23.974567652307055 9.8614423843405064 -25.17711913237288 0.0980392157 0.0980392157 0.0980392157
v -25.726226932619902 8.6563515386893535 -40.924581147474363 0.0980392157 0.0980392157 0.0980392157
v -26.051896947637598 3.0062909829237525 -40.855469084220495 0.0980392157 0.0980392157 0.0980392157
v -15.361131458495619 12.166968836750458 -1.1177283110576195 0.0980392157 0.0980392157 0.0980392157
v -15.795098345890024 11.821942040604766 -8.9198033825580865 0.0980392157 0.0980392157 0.0980392157
v -15.246152136421202 -7.3432556470005235 -8.7585931526924536 0.0980392157 0.0980392157 0.0980392157
v -13.532146267456213 1.1238336040827033 -124.91454385624367 0.0980392157 0.0980392157 0.0980392157
v -16.870916249615483 -0.35806088810572589 -116.36464696582556 0.0980392157 0.0980392157 0.0980392157
v -27.342723133726313 1.5565384676951766 -122.06844964237166 0.0980392157 0.0980392157 0.0980392157
v -13.532146267456213 1.1238336040827033 -124.91454385624367 0.0980392157 0.0980392157 0.0980392157
v -11.851635952910581 -4.0982729245250011 -126.38394709266835 0.0980392157 0.0980392157 0.0980392157
v -16.870916249615483 -0.35806088810572589 -116.36464696582556 0.0980392157 0.0980392157 0.0980392157
v -13.729785313784813 -0.67425196955343658 -87.63740705442693 0.0980392157 0.0980392157 0.0980392157
v -14.823536394133026 5.0707395963066935 -82.024994812091876 0.0980392157 0.0980392157 0.0980392157
v -21.151891054006075 4.700204268387516 -78.222412563894565 0.0980392157 0.0980392157 0.0980392157
v -0.088340193621991858 -4.1661861378203895 -131.7092458937731 0.0980392157 0.0980392157 0.0980392157
v -13.532146267456213 1.1238336040827033 -124.91454385624367 0.0980392157 0.0980392157 0.0980392157
v -15.517127765224245 7.0673277925622529 -135.55191941857527 0.0980392157 0.0980392157 0.0980392157
v -15.007391505505522 -7.8369458257805933 0.64737856928400461 0.0980392157 0.0980392157 0.0980392157
v 4.0025472642488449 -14.219280907737025 1.2214345473128261 0.0980392157 0.0980392157 0.0980392157
v 15.382663262293102 -6.3367537758420402 0.38012542238881908 0.0980392157 0.0980392157 0.0980392157
v -7.0981879920388593 6.0881641200844712 -87.042370203457622 0.0980392157 0.0980392157 0.0980392157
v -8.1818653100584999 -0.87136614195819106 -84.81125406620022 0.0980392157 0.0980392157 0.0980392157
v -8.9627188982116035 -0.32134271950911497 -92.098652977076227 0.0980392157 0.0980392157 0.0980392157
v -7.0981879920388593 6.0881641200844712 -87.042370203457622 0.0980392157 0.0980392157 0.0980392157
v 2.8012401381187404 -1.575812353814932 -86.276751533873806 0.0980392157 0.0980392157 0.0980392157
v -8.1818653100584999 -0.87136614195819106 -84.81125406620022 0.0980392157 0.0980392157 0.0980392157
v -10.214034465401076 -1.3765410390296609 -66.238140036367838 0.0980392157 0.0980392157 0.0980392157
v -6.6013243330922649 6.8093561506626763 -70.269744761462221 0.0980392157 0.0980392157 0.0980392157
v -6.1832772497887003 7.542294287588085 -64.876917066252645 0.0980392157 0.0980392157 0.0980392157
v -1.7949998880704356 -0.52484706546059101 -74.415949603874722 0.0980392157 0.0980392157 0.0980392157
v -6.6013243330922649 6.8093561506626763 -70.269744761462221 0.0980392157 0.0980392157 0.0980392157
v -10.214034465401076 -1.3765410390296609 -66.238140036367838 0.0980392157 0.0980392157 0.0980392157
v 12.929412672026125 7.1371647297031213 -66.065264248501904 0.0980392157 0.0980392157 0.0980392157
v -6.1832772497887003 7.542294287588085 -64.876917066252645 0.0980392157 0.0980392157 0.0980392157
v -6.6013243330922649 6.8093561506626763 -70.269744761462221 0.0980392157 0.0980392157 0.0980392157
v -2.7805890102702966 2.9067059389072085 -61.014900764907694 0.0980392157 0.0980392157 0.0980392157
v -6.1832772497887003 7.542294287588085 -64.876917066252645 0.0980392157 0.0980392157 0.0980392157
v 12.929412672026125 7.1371647297031213 -66.065264248501904 0.0980392157 0.0980392157 0.0980392157
v -2.7805890102702966 2.9067059389072085 -61.014900764907694 0.0980392157 0.0980392157 0.0980392157
v -10.214034465401076 -1.3765410390296609 -66.238140036367838 0.0980392157 0.0980392157 0.0980392157
v -6.1832772497887003 7.542294287588085 -64.876917066252645 0.0980392157 0.0980392157 0.0980392157
v 11.811738305715153 -3.9645719978048675 -59.25986207442552 0.0980392157 0.0980392157 0.0980392157
v 11.272443148751378 -4.1428422044112381 -127.11849403956032 0.0980392157 0.0980392157 0.0980392157
v 16.253734068887596 -0.99947324417911076 -93.001174364149662 0.0980392157 0.0980392157 0.0980392157
v 13.732469473204873 5.3226518471243329 -92.289985384521515 0.0980392157 0.0980392157 0.0980392157
v 7.6319752806951229 6.3614118492894711 -91.995820174066807 0.0980392157 0.0980392157 0.0980392157
v 7.7947001457214355 -2.0228018760681152 -98.239967346191406 0.0980392157 0.0980392157 0.0980392157
v 7.6319752806951229 6.3614118492894711 -91.995820174066807 0.0980392157 0.0980392157 0.0980392157
v 2.8012401381187404 -1.575812353814932 -86.276751533873806 0.0980392157 0.0980392157 0.0980392157
v 16.253734068887596 -0.99947324417911076 -93.001174364149662 0.0980392157 0.0980392157 0.0980392157
v 7.6319752806951229 6.3614118492894711 -91.995820174066807 0.0980392157 0.0980392157 0.0980392157
v 7.7947001457214355 -2.0228018760681152 -98.239967346191406 0.0980392157 0.0980392157 0.0980392157
v 11.766529405756316 1.3100593469074937 -81.67158296844957 0.0980392157 0.0980392157 0.0980392157
v 7.6319752806951229 6.3614118492894711 -91.995820174066807 0.0980392157 0.0980392157 0.0980392157
v 13.732469473204873 5.3226518471243329 -92.289985384521515 0.0980392157 0.0980392157 0.0980392157
v 11.766529405756316 1.3100593469074937 -81.67158296844957 0.0980392157 0.0980392157 0.0980392157
v 2.8012401381187404 -1.575812353814932 -86.276751533873806 0.0980392157 0.0980392157 0.0980392157
v 7.6319752806951229 6.3614118492894711 -91.995820174066807 0.0980392157 0.0980392157 0.0980392157
v 16.253734068887596 -0.99947324417911076 -93.001174364149662 0.0980392157 0.0980392157 0.0980392157
v 11.766529405756316 1.3100593469074937 -81.67158296844957 0.0980392157 0.0980392157 0.0980392157
v 13.732469473204873 5.3226518471243329 -92.289985384521515 0.0980392157 0.0980392157 0.0980392157
v 20.271950935973841 6.9684121334045201 -73.04902970354496 0.0980392157 0.0980392157 0.0980392157
v 19.505553497788156 4.362384705607667 -60.042966019709233 0.0980392157 0.0980392157 0.0980392157
v 12.929412672026125 7.1371647297031213 -66.065264248501904 0.0980392157 0.0980392157 0.0980392157
v 20.271950935973841 6.9684121334045201 -73.04902970354496 0.0980392157 0.0980392157 0.0980392157
v 19.505553497788156 4.362384705607667 -60.042966019709233 0.0980392157 0.0980392157 0.0980392157
v -1.7949998880704356 -0.52484706546059101 -74.415949603874722 0.0980392157 0.0980392157 0.0980392157
v 20.271950935973841 6.9684121334045201 -73.04902970354496 0.0980392157 0.0980392157 0.0980392157
v -6.6013243330922649 6.8093561506626763 -70.269744761462221 0.0980392157 0.0980392157 0.0980392157
v 39.088236313698168 8.3107025410744555 -44.910004457758319 0.0980392157 0.0980392157 0.0980392157
v 19.505553497788156 4.362384705607667 -60.042966019709233 0.0980392157 0.0980392157 0.0980392157
v 30.82488751741619 7.990336547519135 -64.725671439941323 0.0980392157 0.0980392157 0.0980392157
v 20.84632079017301 13.225397448350774 -3.4017701214622922 0.0980392157 0.0980392157 0.0980392157
v 20.116508483886719 11.98417854309082 -12.038051605224609 0.0980392157 0.0980392157 0.0980392157
v 28.91186599443142 11.09770633317445 -13.847035572550091 0.0980392157 0.0980392157 0.0980392157
v 26.343724858350836 1.5214234517812582 -13.190151482804257 0.0980392157 0.0980392157 0.0980392157
v 28.91186599443142 11.09770633317445 -13.847035572550091 0.0980392157 0.0980392157 0.0980392157
v 20.116508483886719 11.98417854309082 -12.038051605224609 0.0980392157 0.0980392157 0.0980392157
v 15.5 6.0472307205200195 -5.9990720748901367 0.0980392157 0.0980392157 0.0980392157
v 20.116508483886719 11.98417854309082 -12.038051605224609 0.0980392157 0.0980392157 0.0980392157
v 20.84632079017301 13.225397448350774 -3.4017701214622922 0.0980392157 0.0980392157 0.0980392157
v 22.589205203366593 0.38761874235645033 -13.430858306006227 0.0980392157 0.0980392157 0.0980392157
v 20.116508483886719 11.98417854309082 -12.038051605224609 0.0980392157 0.0980392157 0.0980392157
v 15.5 6.0472307205200195 -5.9990720748901367 0.0980392157 0.0980392157 0.0980392157
v 26.343724858350836 1.5214234517812582 -13.190151482804257 0.0980392157 0.0980392157 0.0980392157
v 20.116508483886719 11.98417854309082 -12.038051605224609 0.0980392157 0.0980392157 0.0980392157
v 22.589205203366593 0.38761874235645033 -13.430858306006227 0.0980392157 0.0980392157 0.0980392157
v 16.307833348588229 11.190231935875396 -0.95896708782797735 0.0980392157 0.0980392157 0.0980392157
v 31.243729397343671 6.7411375125030304 -73.928758820799018 0.0980392157 0.0980392157 0.0980392157
v 30.82488751741619 7.990336547519135 -64.725671439941323 0.0980392157 0.0980392157 0.0980392157
v 20.271950935973841 6.9684121334045201 -73.04902970354496 0.0980392157 0.0980392157 0.0980392157
v 26.343724858350836 1.5214234517812582 -13.190151482804257 0.0980392157 0.0980392157 0.0980392157
v 37.764300549690759 10.503496988019215 -7.7962890237667066 0.0980392157 0.0980392157 0.0980392157
v 28.91186599443142 11.09770633317445 -13.847035572550091 0.0980392157 0.0980392157 0.0980392157
v 36.99955091629441 9.3899738185334449 -12.821300365501033 0.0980392157 0.0980392157 0.0980392157
v 26.343724858350836 1.5214234517812582 -13.190151482804257 0.0980392157 0.0980392157 0.0980392157
v 28.91186599443142 11.09770633317445 -13.847035572550091 0.0980392157 0.0980392157 0.0980392157
v 41.920530480855007 6.3566594897493616 -78.831041959610545 0.0980392157 0.0980392157 0.0980392157
v 45.940477279946805 7.8593663092015129 -42.39936501519535 0.0980392157 0.0980392157 0.0980392157
v 28.980829770231878 -1.4150886241578746 -76.960539415022495 0.0980392157 0.0980392157 0.0980392157
v 29.915539962999361 5.0173081392983114 -78.994932413392206 0.0980392157 0.0980392157 0.0980392157
v 31.243729397343671 6.7411375125030304 -73.928758820799018 0.0980392157 0.0980392157 0.0980392157
v 39.088236313698168 8.3107025410744555 -44.910004457758319 0.0980392157 0.0980392157 0.0980392157
v 41.386973216988459 4.2807580734074779 -22.382864487243811 0.0980392157 0.0980392157 0.0980392157
v 36.372244740224467 10.730025927044556 -25.253819261220332 0.0980392157 0.0980392157 0.0980392157
v 29.885499412131011 10.942046041111578 -24.0702002815135 0.0980392157 0.0980392157 0.0980392157
v 26.343724858350836 1.5214234517812582 -13.190151482804257 0.0980392157 0.0980392157 0.0980392157
v 29.885499412131011 10.942046041111578 -24.0702002815135 0.0980392157 0.0980392157 0.0980392157
v 28.91186599443142 11.09770633317445 -13.847035572550091 0.0980392157 0.0980392157 0.0980392157
v 36.99955091629441 9.3899738185334449 -12.821300365501033 0.0980392157 0.0980392157 0.0980392157
v 28.91186599443142 11.09770633317445 -13.847035572550091 0.0980392157 0.0980392157 0.0980392157
v 36.372244740224467 10.730025927044556 -25.253819261220332 0.0980392157 0.0980392157 0.0980392157
v 41.386973216988459 4.2807580734074779 -22.382864487243811 0.0980392157 0.0980392157 0.0980392157
v 36.99955091629441 9.3899738185334449 -12.821300365501033 0.0980392157 0.0980392157 0.0980392157
v 36.372244740224467 10.730025927044556 -25.253819261220332 0.0980392157 0.0980392157 0.0980392157
v 41.386973216988459 4.2807580734074779 -22.382864487243811 0.0980392157 0.0980392157 0.0980392157
v 36.372244740224467 10.730025927044556 -25.253819261220332 0.0980392157 0.0980392157 0.0980392157
v 41.662197113037109 9.9208869934082031 -24.548585891723633 0.0980392157 0.0980392157 0.0980392157
v 30.977483652431349 0.42513812619803559 -127.13463378775279 0.0980392157 0.0980392157 0.0980392157
v 30.979723701685117 6.1179313209009436 -138.15126121768506 0.0980392157 0.0980392157 0.0980392157
v 42.17358785204442 4.9454536743522901 -136.17864063170251 0.0980392157 0.0980392157 0.0980392157
v 29.915539962999361 5.0173081392983114 -78.994932413392206 0.0980392157 0.0980392157 0.0980392157
v 39.420619416883078 -3.3144674922630015 -84.770039763757737 0.0980392157 0.0980392157 0.0980392157
v 41.920530480855007 6.3566594897493616 -78.831041959610545 0.0980392157 0.0980392157 0.0980392157
v 29.915539962999361 5.0173081392983114 -78.994932413392206 0.0980392157 0.0980392157 0.0980392157
v 40.141670066651287 9.8814761733265328 -40.992539322008909 0.0980392157 0.0980392157 0.0980392157
v 34.899278562484469 2.6425085994417614 -42.504504564016401 0.0980392157 0.0980392157 0.0980392157
v 39.088236313698168 8.3107025410744555 -44.910004457758319 0.0980392157 0.0980392157 0.0980392157
v 40.141670066651287 9.8814761733265328 -40.992539322008909 0.0980392157 0.0980392157 0.0980392157
v 34.899278562484469 2.6425085994417614 -42.504504564016401 0.0980392157 0.0980392157 0.0980392157
v 40.141670066651287 9.8814761733265328 -40.992539322008909 0.0980392157 0.0980392157 0.0980392157
v 34.08521334868658 9.4727048698907499 -40.825766131474822 0.0980392157 0.0980392157 0.0980392157
v 34.899278562484469 2.6425085994417614 -42.504504564016401 0.0980392157 0.0980392157 0.0980392157
v 34.08521334868658 9.4727048698907499 -40.825766131474822 0.0980392157 0.0980392157 0.0980392157
v 30.175101167040381 2.0742993086107417 -35.941997655018106 0.0980392157 0.0980392157 0.0980392157
v 40.141670066651287 9.8814761733265328 -40.992539322008909 0.0980392157 0.0980392157 0.0980392157
v 36.372244740224467 10.730025927044556 -25.253819261220332 0.0980392157 0.0980392157 0.0980392157
v 34.08521334868658 9.4727048698907499 -40.825766131474822 0.0980392157 0.0980392157 0.0980392157
v 31.057306584923989 6.108509847037908 -30.795412562583298 0.0980392157 0.0980392157 0.0980392157
v 34.08521334868658 9.4727048698907499 -40.825766131474822 0.0980392157 0.0980392157 0.0980392157
v 36.372244740224467 10.730025927044556 -25.253819261220332 0.0980392157 0.0980392157 0.0980392157
v 30.175101167040381 2.0742993086107417 -35.941997655018106 0.0980392157 0.0980392157 0.0980392157
v 41.662197113037109 9.9208869934082031 -24.548585891723633 0.0980392157 0.0980392157 0.0980392157
v 41.386973216988459 4.2807580734074779 -22.382864487243811 0.0980392157 0.0980392157 0.0980392157
v 31.057306584923989 6.108509847037908 -30.795412562583298 0.0980392157 0.0980392157 0.0980392157
v 36.372244740224467 10.730025927044556 -25.253819261220332 0.0980392157 0.0980392157 0.0980392157
v 41.386973216988459 4.2807580734074779 -22.382864487243811 0.0980392157 0.0980392157 0.0980392157
v 41.662197113037109 9.9208869934082031 -24.548585891723633 0.0980392157 0.0980392157 0.0980392157
v 40.141670066651287 9.8814761733265328 -40.992539322008909 0.0980392157 0.0980392157 0.0980392157
v 41.386973216988459 4.2807580734074779 -22.382864487243811 0.0980392157 0.0980392157 0.0980392157
v 40.141670066651287 9.8814761733265328 -40.992539322008909 0.0980392157 0.0980392157 0.0980392157
v 44.612880706787109 3.1075050830841064 -34.104473114013672 0.0980392157 0.0980392157 0.0980392157
v 47.15115787590544 -3.2896505517001362 -40.687893440317609 0.0980392157 0.0980392157 0.0980392157
v 40.141670066651287 9.8814761733265328 -40.992539322008909 0.0980392157 0.0980392157 0.0980392157
v 45.940477279946805 7.8593663092015129 -42.39936501519535 0.0980392157 0.0980392157 0.0980392157
v 34.899278562484469 2.6425085994417614 -42.504504564016401 0.0980392157 0.0980392157 0.0980392157
v 44.612880706787109 3.1075050830841064 -34.104473114013672 0.0980392157 0.0980392157 0.0980392157
v 40.141670066651287 9.8814761733265328 -40.992539322008909 0.0980392157 0.0980392157 0.0980392157
v 34.899278562484469 2.6425085994417614 -42.504504564016401 0.0980392157 0.0980392157 0.0980392157
v 40.813560438731997 2.6245629921238347 -121.70377292139933 0.0980392157 0.0980392157 0.0980392157
v 40.693426052422033 -3.558315690672444 -119.16321913906484 0.0980392157 0.0980392157 0.0980392157
v 30.977483652431349 0.42513812619803559 -127.13463378775279 0.0980392157 0.0980392157 0.0980392157
v 40.813560438731997 2.6245629921238347 -121.70377292139933 0.0980392157 0.0980392157 0.0980392157
v 39.420619416883078 -3.3144674922630015 -84.770039763757737 0.0980392157 0.0980392157 0.0980392157
v 42.784677823842898 6.0162878886752296 -85.191246966361732 0.0980392157 0.0980392157 0.0980392157
v 41.920530480855007 6.3566594897493616 -78.831041959610545 0.0980392157 0.0980392157 0.0980392157
v 49.554424223906238 1.35921832924884 -85.369394955849586 0.0980392157 0.0980392157 0.0980392157
v 42.784677823842898 6.0162878886752296 -85.191246966361732 0.0980392157 0.0980392157 0.0980392157
v 41.920530480855007 6.3566594897493616 -78.831041959610545 0.0980392157 0.0980392157 0.0980392157
v 49.554424223906238 1.35921832924884 -85.369394955849586 0.0980392157 0.0980392157 0.0980392157
v 45.940477279946805 7.8593663092015129 -42.39936501519535 0.0980392157 0.0980392157 0.0980392157
v 51.498325111363144 -4.9585414618174024 -126.42535740809093 0.0980392157 0.0980392157 0.0980392157
v 42.17358785204442 4.9454536743522901 -136.17864063170251 0.0980392157 0.0980392157 0.0980392157
v 50.026140575260513 2.8564359110642492 -132.7874911280874 0.0980392157 0.0980392157 0.0980392157
v 48.969100952148438 1.1982450485229492 -124.87113952636719 0.0980392157 0.0980392157 0.0980392157
v 40.813560438731997 2.6245629921238347 -121.70377292139933 0.0980392157 0.0980392157 0.0980392157
v 42.17358785204442 4.9454536743522901 -136.17864063170251 0.0980392157 0.0980392157 0.0980392157
v 51.498325111363144 -4.9585414618174024 -126.42535740809093 0.0980392157 0.0980392157 0.0980392157
v 48.969100952148438 1.1982450485229492 -124.87113952636719 0.0980392157 0.0980392157 0.0980392157
v 42.17358785204442 4.9454536743522901 -136.17864063170251 0.0980392157 0.0980392157 0.0980392157
v 51.498325111363144 -4.9585414618174024 -126.42535740809093 0.0980392157 0.0980392157 0.0980392157
v 40.813560438731997 2.6245629921238347 -121.70377292139933 0.0980392157 0.0980392157 0.0980392157
v 48.969100952148438 1.1982450485229492 -124.87113952636719 0.0980392157 0.0980392157 0.0980392157
v 40.693426052422033 -3.558315690672444 -119.16321913906484 0.0980392157 0.0980392157 0.0980392157
v 50.173336579507648 0.28786250610612285 -50.063198201191291 0.0980392157 0.0980392157 0.0980392157
v -75.901351538746951 -16.989581305357998 -113.9421099629803 0.0980392157 0.0980392157 0.0980392157
v -81.075509698630185 -0.6889364749450877 -114.24245133625445 0.0980392157 0.0980392157 0.0980392157
v -78.961566137541638 1.6155334731691218 -117.02234323512238 0.0980392157 0.0980392157 0.0980392157
v -75.901351538746951 -16.989581305357998 -113.9421099629803 0.0980392157 0.0980392157 0.0980392157
v -75.326558147241883 -13.837972762764279 -95.362280232585405 0.0980392157 0.0980392157 0.0980392157
v -81.075509698630185 -0.6889364749450877 -114.24245133625445 0.0980392157 0.0980392157 0.0980392157
v -75.901351538746951 -16.989581305357998 -113.9421099629803 0.0980392157 0.0980392157 0.0980392157
v -78.961566137541638 1.6155334731691218 -117.02234323512238 0.0980392157 0.0980392157 0.0980392157
v -76.877498331986516 -3.7139976609697225 -104.42107065466845 0.0980392157 0.0980392157 0.0980392157
v -72.896055997198772 -12.411809658863662 -102.05118154929633 0.0980392157 0.0980392157 0.0980392157
v -76.877498331986516 -3.7139976609697225 -104.42107065466845 0.0980392157 0.0980392157 0.0980392157
v -66.995090588507608 -0.33313437407588253 -99.130159719525579 0.0980392157 0.0980392157 0.0980392157
v -63.621365082018457 -11.503445528227182 -102.66038200337404 0.0980392157 0.0980392157 0.0980392157
v -72.896055997198772 -12.411809658863662 -102.05118154929633 0.0980392157 0.0980392157 0.0980392157
v -66.995090588507608 -0.33313437407588253 -99.130159719525579 0.0980392157 0.0980392157 0.0980392157
v -57.870539907206393 -4.616304483151275 -104.53866802197737 0.0980392157 0.0980392157 0.0980392157
v -66.995090588507608 -0.33313437407588253 -99.130159719525579 0.0980392157 0.0980392157 0.0980392157
v -60.780580335949765 2.8941629977284435 -109.62440994643121 0.0980392157 0.0980392157 0.0980392157
v -57.870539907206393 -4.616304483151275 -104.53866802197737 0.0980392157 0.0980392157 0.0980392157
v -55.072108767463419 -10.93006175105694 -108.18966860192374 0.0980392157 0.0980392157 0.0980392157
v -57.870539907206393 -4.616304483151275 -104.53866802197737 0.0980392157 0.0980392157 0.0980392157
v -55.053153494624965 1.4280603363040782 -109.44094450443133 0.0980392157 0.0980392157 0.0980392157
v -55.072108767463419 -10.93006175105694 -108.18966860192374 0.0980392157 0.0980392157 0.0980392157
v -59.957615955445014 -11.283174293494788 -108.36574266401068 0.0980392157 0.0980392157 0.0980392157
v -57.870539907206393 -4.616304483151275 -104.53866802197737 0.0980392157 0.0980392157 0.0980392157
v -55.510709680414308 -8.5112364744329341 -62.36270743896614 0.0980392157 0.0980392157 0.0980392157
v -57.39912587048795 12.323686511233721 -59.982161111275339 0.0980392157 0.0980392157 0.0980392157
v -57.87463291176536 -1.4443151196178468 -52.975536572514365 0.0980392157 0.0980392157 0.0980392157
v -53.058379334609768 5.807954704921805 -66.004403459858793 0.0980392157 0.0980392157 0.0980392157
v -57.39912587048795 12.323686511233721 -59.982161111275339 0.0980392157 0.0980392157 0.0980392157
v -55.510709680414308 -8.5112364744329341 -62.36270743896614 0.0980392157 0.0980392157 0.0980392157
v -54.914891277478795 -5.9044060106337506 -43.426734550447954 0.0980392157 0.0980392157 0.0980392157
v -49.068097614729851 -3.2889908010172175 -26.362684810435212 0.0980392157 0.0980392157 0.0980392157
v -52.685213061555714 -5.2125252790785126 -102.67191615451711 0.0980392157 0.0980392157 0.0980392157
v -55.053153494624965 1.4280603363040782 -109.44094450443133 0.0980392157 0.0980392157 0.0980392157
v -46.266352792886849 -4.7828289430345521 -103.9400808059272 0.0980392157 0.0980392157 0.0980392157
v -55.072108767463419 -10.93006175105694 -108.18966860192374 0.0980392157 0.0980392157 0.0980392157
v -55.053153494624965 1.4280603363040782 -109.44094450443133 0.0980392157 0.0980392157 0.0980392157
v -52.685213061555714 -5.2125252790785126 -102.67191615451711 0.0980392157 0.0980392157 0.0980392157
v -50.479165741361676 -9.2218503567935457 -74.420880439473649 0.0980392157 0.0980392157 0.0980392157
v -42.094695843514671 4.5389453483723834 -73.488763341590754 0.0980392157 0.0980392157 0.0980392157
v -51.034948342292203 5.4238785033855805 -73.391338168335963 0.0980392157 0.0980392157 0.0980392157
v -38.544187193948829 -2.9458675848953391 -113.76686439591637 0.0980392157 0.0980392157 0.0980392157
v -42.405300377054417 -2.432613708772692 -102.92911291643658 0.0980392157 0.0980392157 0.0980392157
v -46.266352792886849 -4.7828289430345521 -103.9400808059272 0.0980392157 0.0980392157 0.0980392157
v -46.266352792886849 -4.7828289430345521 -103.9400808059272 0.0980392157 0.0980392157 0.0980392157
v -42.405300377054417 -2.432613708772692 -102.92911291643658 0.0980392157 0.0980392157 0.0980392157
v -44.938353926245888 -9.8691800743951177 -86.543966113593456 0.0980392157 0.0980392157 0.0980392157
v -31.905499580213004 -10.426940793798451 -83.488517174324954 0.0980392157 0.0980392157 0.0980392157
v -34.276137403112052 -0.23177239866138066 -96.927767663394576 0.0980392157 0.0980392157 0.0980392157
v -38.544187193948829 -2.9458675848953391 -113.76686439591637 0.0980392157 0.0980392157 0.0980392157
v -37.045323577994296 -11.88143160377682 -111.76319073947697 0.0980392157 0.0980392157 0.0980392157
v -31.517244570562209 -0.44406866836811787 -120.16083627523324 0.0980392157 0.0980392157 0.0980392157
v -37.045323577994296 -11.88143160377682 -111.76319073947697 0.0980392157 0.0980392157 0.0980392157
v -38.544187193948829 -2.9458675848953391 -113.76686439591637 0.0980392157 0.0980392157 0.0980392157
v -44.739665985107422 1.1088690757751465 -93.890670776367188 0.0980392157 0.0980392157 0.0980392157
v -42.405300377054417 -2.432613708772692 -102.92911291643658 0.0980392157 0.0980392157 0.0980392157
v -34.276137403112052 -0.23177239866138066 -96.927767663394576 0.0980392157 0.0980392157 0.0980392157
v -44.938353926245888 -9.8691800743951177 -86.543966113593456 0.0980392157 0.0980392157 0.0980392157
v -42.405300377054417 -2.432613708772692 -102.92911291643658 0.0980392157 0.0980392157 0.0980392157
v -44.739665985107422 1.1088690757751465 -93.890670776367188 0.0980392157 0.0980392157 0.0980392157
v -37.10584085080967 -0.76078770554802588 -85.408653137173516 0.0980392157 0.0980392157 0.0980392157
v -44.739665985107422 1.1088690757751465 -93.890670776367188 0.0980392157 0.0980392157 0.0980392157
v -34.276137403112052 -0.23177239866138066 -96.927767663394576 0.0980392157 0.0980392157 0.0980392157
v -31.905499580213004 -10.426940793798451 -83.488517174324954 0.0980392157 0.0980392157 0.0980392157
v -37.10584085080967 -0.76078770554802588 -85.408653137173516 0.0980392157 0.0980392157 0.0980392157
v -34.276137403112052 -0.23177239866138066 -96.927767663394576 0.0980392157 0.0980392157 0.0980392157
v -44.938353926245888 -9.8691800743951177 -86.543966113593456 0.0980392157 0.0980392157 0.0980392157
v -44.739665985107422 1.1088690757751465 -93.890670776367188 0.0980392157 0.0980392157 0.0980392157
v -37.10584085080967 -0.76078770554802588 -85.408653137173516 0.0980392157 0.0980392157 0.0980392157
v -43.010989127273199 -9.426991939370966 -82.096518270135959 0.0980392157 0.0980392157 0.0980392157
v -44.938353926245888 -9.8691800743951177 -86.543966113593456 0.0980392157 0.0980392157 0.0980392157
v -37.10584085080967 -0.76078770554802588 -85.408653137173516 0.0980392157 0.0980392157 0.0980392157
v -31.905499580213004 -10.426940793798451 -83.488517174324954 0.0980392157 0.0980392157 0.0980392157
v -43.010989127273199 -9.426991939370966 -82.096518270135959 0.0980392157 0.0980392157 0.0980392157
v -37.10584085080967 -0.76078770554802588 -85.408653137173516 0.0980392157 0.0980392157 0.0980392157
v -38.302993297823903 -11.807276216887082 -69.092819730903344 0.0980392157 0.0980392157 0.0980392157
v -35.324181802731957 -0.034246230657162258 -79.041602513171782 0.0980392157 0.0980392157 0.0980392157
v -30.984827498289754 0.30974578084343918 -73.241239923318204 0.0980392157 0.0980392157 0.0980392157
v -41.69494327598678 -10.334525060191528 -76.172863883406976 0.0980392157 0.0980392157 0.0980392157
v -35.324181802731957 -0.034246230657162258 -79.041602513171782 0.0980392157 0.0980392157 0.0980392157
v -38.302993297823903 -11.807276216887082 -69.092819730903344 0.0980392157 0.0980392157 0.0980392157
v -28.70976396518742 -0.83483244896871867 -85.136095943522918 0.0980392157 0.0980392157 0.0980392157
v -35.324181802731957 -0.034246230657162258 -79.041602513171782 0.0980392157 0.0980392157 0.0980392157
v -41.69494327598678 -10.334525060191528 -76.172863883406976 0.0980392157 0.0980392157 0.0980392157
v -28.203868404597344 -4.9898231123029735 -54.96131419961911 0.0980392157 0.0980392157 0.0980392157
v -28.203868404597344 -4.9898231123029735 -54.96131419961911 0.0980392157 0.0980392157 0.0980392157
v -32.194972947872969 -3.6404791893651023 -64.211773871245612 0.0980392157 0.0980392157 0.0980392157
v -38.301774363456559 -3.0142985468941035 -64.167954233958142 0.0980392157 0.0980392157 0.0980392157
v -32.508353850702512 -7.8784822954807892 -40.914795114773632 0.0980392157 0.0980392157 0.0980392157
v -28.399579802091623 0.70484881476860739 -55.121417245679908 0.0980392157 0.0980392157 0.0980392157
v -28.203868404597344 -4.9898231123029735 -54.96131419961911 0.0980392157 0.0980392157 0.0980392157
v -32.508353850702512 -7.8784822954807892 -40.914795114773632 0.0980392157 0.0980392157 0.0980392157
v -26.051896947637598 3.0062909829237525 -40.855469084220495 0.0980392157 0.0980392157 0.0980392157
v -28.399579802091623 0.70484881476860739 -55.121417245679908 0.0980392157 0.0980392157 0.0980392157
v -28.076430413047383 -11.960082558437094 -121.37242042212702 0.0980392157 0.0980392157 0.0980392157
v -32.189145467791057 -11.663665012265394 -120.13572775195146 0.0980392157 0.0980392157 0.0980392157
v -31.517244570562209 -0.44406866836811787 -120.16083627523324 0.0980392157 0.0980392157 0.0980392157
v -35.324181802731957 -0.034246230657162258 -79.041602513171782 0.0980392157 0.0980392157 0.0980392157
v -21.151891054006075 4.700204268387516 -78.222412563894565 0.0980392157 0.0980392157 0.0980392157
v -30.984827498289754 0.30974578084343918 -73.241239923318204 0.0980392157 0.0980392157 0.0980392157
v -21.151891054006075 4.700204268387516 -78.222412563894565 0.0980392157 0.0980392157 0.0980392157
v -35.324181802731957 -0.034246230657162258 -79.041602513171782 0.0980392157 0.0980392157 0.0980392157
v -28.70976396518742 -0.83483244896871867 -85.136095943522918 0.0980392157 0.0980392157 0.0980392157
v -29.419243390192015 -13.223543686822559 -70.813004140133742 0.0980392157 0.0980392157 0.0980392157
v -38.302993297823903 -11.807276216887082 -69.092819730903344 0.0980392157 0.0980392157 0.0980392157
v -30.984827498289754 0.30974578084343918 -73.241239923318204 0.0980392157 0.0980392157 0.0980392157
v -29.419243390192015 -13.223543686822559 -70.813004140133742 0.0980392157 0.0980392157 0.0980392157
v -30.984827498289754 0.30974578084343918 -73.241239923318204 0.0980392157 0.0980392157 0.0980392157
v -28.439365887722317 -4.5833783067534384 -70.232041596631319 0.0980392157 0.0980392157 0.0980392157
v -28.439365887722317 -4.5833783067534384 -70.232041596631319 0.0980392157 0.0980392157 0.0980392157
v -30.984827498289754 0.30974578084343918 -73.241239923318204 0.0980392157 0.0980392157 0.0980392157
v -20.931786774392521 3.0579642121518731 -72.881693805354814 0.0980392157 0.0980392157 0.0980392157
v -25.917376424845976 -2.3961370474508286 -40.039054538964876 0.0980392157 0.0980392157 0.0980392157
v -26.051896947637598 3.0062909829237525 -40.855469084220495 0.0980392157 0.0980392157 0.0980392157
v -32.508353850702512 -7.8784822954807892 -40.914795114773632 0.0980392157 0.0980392157 0.0980392157
v -18.631682164014766 -11.722111804475068 -14.774126490245061 0.0980392157 0.0980392157 0.0980392157
v -27.819909436535411 -6.8751828535521433 -116.88459638706689 0.0980392157 0.0980392157 0.0980392157
v -28.076430413047383 -11.960082558437094 -121.37242042212702 0.0980392157 0.0980392157 0.0980392157
v -27.342723133726313 1.5565384676951766 -122.06844964237166 0.0980392157 0.0980392157 0.0980392157
v -20.343547038224962 -12.401598471695236 -114.61856484639269 0.0980392157 0.0980392157 0.0980392157
v -28.076430413047383 -11.960082558437094 -121.37242042212702 0.0980392157 0.0980392157 0.0980392157
v -27.819909436535411 -6.8751828535521433 -116.88459638706689 0.0980392157 0.0980392157 0.0980392157
v -27.819909436535411 -6.8751828535521433 -116.88459638706689 0.0980392157 0.0980392157 0.0980392157
v -27.342723133726313 1.5565384676951766 -122.06844964237166 0.0980392157 0.0980392157 0.0980392157
v -16.870916249615483 -0.35806088810572589 -116.36464696582556 0.0980392157 0.0980392157 0.0980392157
v -31.905499580213004 -10.426940793798451 -83.488517174324954 0.0980392157 0.0980392157 0.0980392157
v -13.729785313784813 -0.67425196955343658 -87.63740705442693 0.0980392157 0.0980392157 0.0980392157
v -28.70976396518742 -0.83483244896871867 -85.136095943522918 0.0980392157 0.0980392157 0.0980392157
v -28.439365887722317 -4.5833783067534384 -70.232041596631319 0.0980392157 0.0980392157 0.0980392157
v -20.931786774392521 3.0579642121518731 -72.881693805354814 0.0980392157 0.0980392157 0.0980392157
v -23.618657356409535 0.98797409738939646 -66.015638403999503 0.0980392157 0.0980392157 0.0980392157
v -20.343547038224962 -12.401598471695236 -114.61856484639269 0.0980392157 0.0980392157 0.0980392157
v -27.819909436535411 -6.8751828535521433 -116.88459638706689 0.0980392157 0.0980392157 0.0980392157
v -16.870916249615483 -0.35806088810572589 -116.36464696582556 0.0980392157 0.0980392157 0.0980392157
v -13.135384559631348 -5.315730094909668 -74.345977783203125 0.0980392157 0.0980392157 0.0980392157
v -20.931786774392521 3.0579642121518731 -72.881693805354814 0.0980392157 0.0980392157 0.0980392157
v -21.151891054006075 4.700204268387516 -78.222412563894565 0.0980392157 0.0980392157 0.0980392157
v -11.325867515886632 -8.7920766373994539 -80.156877509741435 0.0980392157 0.0980392157 0.0980392157
v -21.151891054006075 4.700204268387516 -78.222412563894565 0.0980392157 0.0980392157 0.0980392157
v -14.823536394133026 5.0707395963066935 -82.024994812091876 0.0980392157 0.0980392157 0.0980392157
v -19.94871711730957 -6.3167195320129395 -85.787338256835938 0.0980392157 0.0980392157 0.0980392157
v -13.135384559631348 -5.315730094909668 -74.345977783203125 0.0980392157 0.0980392157 0.0980392157
v -21.151891054006075 4.700204268387516 -78.222412563894565 0.0980392157 0.0980392157 0.0980392157
v -11.325867515886632 -8.7920766373994539 -80.156877509741435 0.0980392157 0.0980392157 0.0980392157
v -19.94871711730957 -6.3167195320129395 -85.787338256835938 0.0980392157 0.0980392157 0.0980392157
v -21.151891054006075 4.700204268387516 -78.222412563894565 0.0980392157 0.0980392157 0.0980392157
v -14.450742999116585 -4.4613161957637715 -62.989256800922611 0.0980392157 0.0980392157 0.0980392157
v -15.494137516340992 1.8625113768430275 -63.530892664300623 0.0980392157 0.0980392157 0.0980392157
v -23.618657356409535 0.98797409738939646 -66.015638403999503 0.0980392157 0.0980392157 0.0980392157
v -20.931786774392521 3.0579642121518731 -72.881693805354814 0.0980392157 0.0980392157 0.0980392157
v -14.450742999116585 -4.4613161957637715 -62.989256800922611 0.0980392157 0.0980392157 0.0980392157
v -15.494137516340992 1.8625113768430275 -63.530892664300623 0.0980392157 0.0980392157 0.0980392157
v -20.931786774392521 3.0579642121518731 -72.881693805354814 0.0980392157 0.0980392157 0.0980392157
v -19.129764851077766 4.4562606758959795 -30.333924984453493 0.0980392157 0.0980392157 0.0980392157
v -23.618657356409535 0.98797409738939646 -66.015638403999503 0.0980392157 0.0980392157 0.0980392157
v -15.494137516340992 1.8625113768430275 -63.530892664300623 0.0980392157 0.0980392157 0.0980392157
v -19.129764851077766 4.4562606758959795 -30.333924984453493 0.0980392157 0.0980392157 0.0980392157
v -21.87543333361269 -1.9493973147176717 -34.699956602869506 0.0980392157 0.0980392157 0.0980392157
v -12.508113133191532 5.3558450016425319 -32.241867311739362 0.0980392157 0.0980392157 0.0980392157
v -15.494137516340992 1.8625113768430275 -63.530892664300623 0.0980392157 0.0980392157 0.0980392157
v -12.508113133191532 5.3558450016425319 -32.241867311739362 0.0980392157 0.0980392157 0.0980392157
v -15.494137516340992 1.8625113768430275 -63.530892664300623 0.0980392157 0.0980392157 0.0980392157
v -8.7727246647776411 3.1010251412391101 -45.48445023463367 0.0980392157 0.0980392157 0.0980392157
v -10.106822715551591 -1.4071766121998444 -29.148796947357642 0.0980392157 0.0980392157 0.0980392157
v -19.129764851077766 4.4562606758959795 -30.333924984453493 0.0980392157 0.0980392157 0.0980392157
v -12.508113133191532 5.3558450016425319 -32.241867311739362 0.0980392157 0.0980392157 0.0980392157
v -21.297502517700195 -1.3775527477264404 -29.332403182983398 0.0980392157 0.0980392157 0.0980392157
v -15.795098345890024 11.821942040604766 -8.9198033825580865 0.0980392157 0.0980392157 0.0980392157
v -19.737197456838469 9.0968935351749511 -15.865235840351682 0.0980392157 0.0980392157 0.0980392157
v -15.246152136421202 -7.3432556470005235 -8.7585931526924536 0.0980392157 0.0980392157 0.0980392157
v -11.325867515886632 -8.7920766373994539 -80.156877509741435 0.0980392157 0.0980392157 0.0980392157
v -14.823536394133026 5.0707395963066935 -82.024994812091876 0.0980392157 0.0980392157 0.0980392157
v -13.729785313784813 -0.67425196955343658 -87.63740705442693 0.0980392157 0.0980392157 0.0980392157
v -15.184157322063911 -9.9504965371246001 -86.455903922828384 0.0980392157 0.0980392157 0.0980392157
v -11.325867515886632 -8.7920766373994539 -80.156877509741435 0.0980392157 0.0980392157 0.0980392157
v -13.729785313784813 -0.67425196955343658 -87.63740705442693 0.0980392157 0.0980392157 0.0980392157
v -8.1818653100584999 -0.87136614195819106 -84.81125406620022 0.0980392157 0.0980392157 0.0980392157
v -15.184157322063911 -9.9504965371246001 -86.455903922828384 0.0980392157 0.0980392157 0.0980392157
v -13.729785313784813 -0.67425196955343658 -87.63740705442693 0.0980392157 0.0980392157 0.0980392157
v -1.4059990453822273 -1.702253106171014 -56.061772077908849 0.0980392157 0.0980392157 0.0980392157
v -1.4315062761306763 -6.6660847663879395 -50.522590637207031 0.0980392157 0.0980392157 0.0980392157
v -8.7727246647776411 3.1010251412391101 -45.48445023463367 0.0980392157 0.0980392157 0.0980392157
v -2.7805890102702966 2.9067059389072085 -61.014900764907694 0.0980392157 0.0980392157 0.0980392157
v -8.7727246647776411 3.1010251412391101 -45.48445023463367 0.0980392157 0.0980392157 0.0980392157
v -15.494137516340992 1.8625113768430275 -63.530892664300623 0.0980392157 0.0980392157 0.0980392157
v -1.4059990453822273 -1.702253106171014 -56.061772077908849 0.0980392157 0.0980392157 0.0980392157
v -2.7805890102702966 2.9067059389072085 -61.014900764907694 0.0980392157 0.0980392157 0.0980392157
v -15.494137516340992 1.8625113768430275 -63.530892664300623 0.0980392157 0.0980392157 0.0980392157
v -14.450742999116585 -4.4613161957637715 -62.989256800922611 0.0980392157 0.0980392157 0.0980392157
v -11.093068110165271 -10.237656732987887 -60.281332431406675 0.0980392157 0.0980392157 0.0980392157
v -15.494137516340992 1.8625113768430275 -63.530892664300623 0.0980392157 0.0980392157 0.0980392157
v -8.7491006604985238 -3.1442160732961462 -38.039638153465212 0.0980392157 0.0980392157 0.0980392157
v -12.508113133191532 5.3558450016425319 -32.241867311739362 0.0980392157 0.0980392157 0.0980392157
v -8.7727246647776411 3.1010251412391101 -45.48445023463367 0.0980392157 0.0980392157 0.0980392157
v -10.106822715551591 -1.4071766121998444 -29.148796947357642 0.0980392157 0.0980392157 0.0980392157
v -4.3647524392283543 -13.406233660137101 -129.72032691848889 0.0980392157 0.0980392157 0.0980392157
v -11.851635952910581 -4.0982729245250011 -126.38394709266835 0.0980392157 0.0980392157 0.0980392157
v -13.532146267456213 1.1238336040827033 -124.91454385624367 0.0980392157 0.0980392157 0.0980392157
v -4.3647524392283543 -13.406233660137101 -129.72032691848889 0.0980392157 0.0980392157 0.0980392157
v -6.9939758720916974 -14.850473791921914 -124.2089690918733 0.0980392157 0.0980392157 0.0980392157
v -11.851635952910581 -4.0982729245250011 -126.38394709266835 0.0980392157 0.0980392157 0.0980392157
v -18.302135467529297 -2.3250281810760498 -101.69442749023438 0.0980392157 0.0980392157 0.0980392157
v -16.870916249615483 -0.35806088810572589 -116.36464696582556 0.0980392157 0.0980392157 0.0980392157
v -11.851635952910581 -4.0982729245250011 -126.38394709266835 0.0980392157 0.0980392157 0.0980392157
v -16.502450509485776 -12.324268613628693 -92.958896296595412 0.0980392157 0.0980392157 0.0980392157
v -16.870916249615483 -0.35806088810572589 -116.36464696582556 0.0980392157 0.0980392157 0.0980392157
v -18.302135467529297 -2.3250281810760498 -101.69442749023438 0.0980392157 0.0980392157 0.0980392157
v -13.729785313784813 -0.67425196955343658 -87.63740705442693 0.0980392157 0.0980392157 0.0980392157
v -4.8346260623754418 -11.824952011712156 -96.103460888377469 0.0980392157 0.0980392157 0.0980392157
v -8.9627188982116035 -0.32134271950911497 -92.098652977076227 0.0980392157 0.0980392157 0.0980392157
v -16.502450509485776 -12.324268613628693 -92.958896296595412 0.0980392157 0.0980392157 0.0980392157
v -18.302135467529297 -2.3250281810760498 -101.69442749023438 0.0980392157 0.0980392157 0.0980392157
v -13.729785313784813 -0.67425196955343658 -87.63740705442693 0.0980392157 0.0980392157 0.0980392157
v -15.184157322063911 -9.9504965371246001 -86.455903922828384 0.0980392157 0.0980392157 0.0980392157
v -8.1818653100584999 -0.87136614195819106 -84.81125406620022 0.0980392157 0.0980392157 0.0980392157
v -8.9627188982116035 -0.32134271950911497 -92.098652977076227 0.0980392157 0.0980392157 0.0980392157
v -3.8768434524536133 -7.2762937545776367 -96.755317687988281 0.0980392157 0.0980392157 0.0980392157
v -7.0981879920388593 6.0881641200844712 -87.042370203457622 0.0980392157 0.0980392157 0.0980392157
v -8.9627188982116035 -0.32134271950911497 -92.098652977076227 0.0980392157 0.0980392157 0.0980392157
v -4.8346260623754418 -11.824952011712156 -96.103460888377469 0.0980392157 0.0980392157 0.0980392157
v -3.8768434524536133 -7.2762937545776367 -96.755317687988281 0.0980392157 0.0980392157 0.0980392157
v -8.9627188982116035 -0.32134271950911497 -92.098652977076227 0.0980392157 0.0980392157 0.0980392157
v -1.4059990453822273 -1.702253106171014 -56.061772077908849 0.0980392157 0.0980392157 0.0980392157
v -10.214034465401076 -1.3765410390296609 -66.238140036367838 0.0980392157 0.0980392157 0.0980392157
v -2.7805890102702966 2.9067059389072085 -61.014900764907694 0.0980392157 0.0980392157 0.0980392157
v -2.7805890102702966 2.9067059389072085 -61.014900764907694 0.0980392157 0.0980392157 0.0980392157
v 1.1772103198330406 -6.8281523535359199 -55.120400884155906 0.0980392157 0.0980392157 0.0980392157
v -1.4059990453822273 -1.702253106171014 -56.061772077908849 0.0980392157 0.0980392157 0.0980392157
v -2.7805890102702966 2.9067059389072085 -61.014900764907694 0.0980392157 0.0980392157 0.0980392157
v -4.3647524392283543 -13.406233660137101 -129.72032691848889 0.0980392157 0.0980392157 0.0980392157
v -13.532146267456213 1.1238336040827033 -124.91454385624367 0.0980392157 0.0980392157 0.0980392157
v -0.088340193621991858 -4.1661861378203895 -131.7092458937731 0.0980392157 0.0980392157 0.0980392157
v 11.768001496589775 -7.4858695513885323 -98.562699845700536 0.0980392157 0.0980392157 0.0980392157
v 4.2610466307018413 -12.85007637187644 -131.4236927711645 0.0980392157 0.0980392157 0.0980392157
v -4.3647524392283543 -13.406233660137101 -129.72032691848889 0.0980392157 0.0980392157 0.0980392157
v -0.088340193621991858 -4.1661861378203895 -131.7092458937731 0.0980392157 0.0980392157 0.0980392157
v 7.7947001457214355 -2.0228018760681152 -98.239967346191406 0.0980392157 0.0980392157 0.0980392157
v 2.8012401381187404 -1.575812353814932 -86.276751533873806 0.0980392157 0.0980392157 0.0980392157
v -7.0981879920388593 6.0881641200844712 -87.042370203457622 0.0980392157 0.0980392157 0.0980392157
v 11.768001496589775 -7.4858695513885323 -98.562699845700536 0.0980392157 0.0980392157 0.0980392157
v 7.7947001457214355 -2.0228018760681152 -98.239967346191406 0.0980392157 0.0980392157 0.0980392157
v -7.0981879920388593 6.0881641200844712 -87.042370203457622 0.0980392157 0.0980392157 0.0980392157
v 8.1381919887052909 -13.805847389069921 -126.59817858782783 0.0980392157 0.0980392157 0.0980392157
v -0.088340193621991858 -4.1661861378203895 -131.7092458937731 0.0980392157 0.0980392157 0.0980392157
v 11.272443148751378 -4.1428422044112381 -127.11849403956032 0.0980392157 0.0980392157 0.0980392157
v 8.1381919887052909 -13.805847389069921 -126.59817858782783 0.0980392157 0.0980392157 0.0980392157
v 4.2610466307018413 -12.85007637187644 -131.4236927711645 0.0980392157 0.0980392157 0.0980392157
v -0.088340193621991858 -4.1661861378203895 -131.7092458937731 0.0980392157 0.0980392157 0.0980392157
v 10.22174100041666 -10.18443701754336 -81.498513743376307 0.0980392157 0.0980392157 0.0980392157
v 2.8012401381187404 -1.575812353814932 -86.276751533873806 0.0980392157 0.0980392157 0.0980392157
v 11.766529405756316 1.3100593469074937 -81.67158296844957 0.0980392157 0.0980392157 0.0980392157
v 8.8391574490074731 -10.869209930633259 -85.29053788474485 0.0980392157 0.0980392157 0.0980392157
v 2.8012401381187404 -1.575812353814932 -86.276751533873806 0.0980392157 0.0980392157 0.0980392157
v 10.22174100041666 -10.18443701754336 -81.498513743376307 0.0980392157 0.0980392157 0.0980392157
v 11.768001496589775 -7.4858695513885323 -98.562699845700536 0.0980392157 0.0980392157 0.0980392157
v 11.811738305715153 -3.9645719978048675 -59.25986207442552 0.0980392157 0.0980392157 0.0980392157
v 1.1772103198330406 -6.8281523535359199 -55.120400884155906 0.0980392157 0.0980392157 0.0980392157
v -2.7805890102702966 2.9067059389072085 -61.014900764907694 0.0980392157 0.0980392157 0.0980392157
v 16.337997234359626 -3.8360722764083377 -121.27398282552068 0.0980392157 0.0980392157 0.0980392157
v 19.132090798781199 -0.72476529347262897 -83.609995130837348 0.0980392157 0.0980392157 0.0980392157
v 16.253734068887596 -0.99947324417911076 -93.001174364149662 0.0980392157 0.0980392157 0.0980392157
v 11.768001496589775 -7.4858695513885323 -98.562699845700536 0.0980392157 0.0980392157 0.0980392157
v 9.3735329441258664 -2.9341315297070265 -108.85851195923546 0.0980392157 0.0980392157 0.0980392157
v 16.253734068887596 -0.99947324417911076 -93.001174364149662 0.0980392157 0.0980392157 0.0980392157
v 11.766529405756316 1.3100593469074937 -81.67158296844957 0.0980392157 0.0980392157 0.0980392157
v 15.153543743187093 -1.8857840445201801 -5.4604925671587567 0.0980392157 0.0980392157 0.0980392157
v 15.382663262293102 -6.3367537758420402 0.38012542238881908 0.0980392157 0.0980392157 0.0980392157
v 15.153543743187093 -1.8857840445201801 -5.4604925671587567 0.0980392157 0.0980392157 0.0980392157
v 16.307833348588229 11.190231935875396 -0.95896708782797735 0.0980392157 0.0980392157 0.0980392157
v 10.431885240796593 -10.10222160762693 -120.32776978681372 0.0980392157 0.0980392157 0.0980392157
v 21.277045185865404 -8.847208623554053 -115.5720208066532 0.0980392157 0.0980392157 0.0980392157
v 16.337997234359626 -3.8360722764083377 -121.27398282552068 0.0980392157 0.0980392157 0.0980392157
v 21.688369697759729 -12.93016103308948 -117.99349277695565 0.0980392157 0.0980392157 0.0980392157
v 10.431885240796593 -10.10222160762693 -120.32776978681372 0.0980392157 0.0980392157 0.0980392157
v 16.337997234359626 -3.8360722764083377 -121.27398282552068 0.0980392157 0.0980392157 0.0980392157
v 10.431885240796593 -10.10222160762693 -120.32776978681372 0.0980392157 0.0980392157 0.0980392157
v 11.272443148751378 -4.1428422044112381 -127.11849403956032 0.0980392157 0.0980392157 0.0980392157
v 9.3735329441258664 -2.9341315297070265 -108.85851195923546 0.0980392157 0.0980392157 0.0980392157
v 11.768001496589775 -7.4858695513885323 -98.562699845700536 0.0980392157 0.0980392157 0.0980392157
v 23.145960645304051 -9.6785037129615752 -90.212861230558445 0.0980392157 0.0980392157 0.0980392157
v 19.132090798781199 -0.72476529347262897 -83.609995130837348 0.0980392157 0.0980392157 0.0980392157
v 16.337997234359626 -3.8360722764083377 -121.27398282552068 0.0980392157 0.0980392157 0.0980392157
v 21.277045185865404 -8.847208623554053 -115.5720208066532 0.0980392157 0.0980392157 0.0980392157
v 39.088236313698168 8.3107025410744555 -44.910004457758319 0.0980392157 0.0980392157 0.0980392157
v 27.749407620909167 -2.7208500232071904 -44.639356132893042 0.0980392157 0.0980392157 0.0980392157
v 11.811738305715153 -3.9645719978048675 -59.25986207442552 0.0980392157 0.0980392157 0.0980392157
v 19.505553497788156 4.362384705607667 -60.042966019709233 0.0980392157 0.0980392157 0.0980392157
v 39.088236313698168 8.3107025410744555 -44.910004457758319 0.0980392157 0.0980392157 0.0980392157
v 34.899278562484469 2.6425085994417614 -42.504504564016401 0.0980392157 0.0980392157 0.0980392157
v 28.4620230398885 -4.7559990582919767 -122.29718582643989 0.0980392157 0.0980392157 0.0980392157
v 16.337997234359626 -3.8360722764083377 -121.27398282552068 0.0980392157 0.0980392157 0.0980392157
v 11.272443148751378 -4.1428422044112381 -127.11849403956032 0.0980392157 0.0980392157 0.0980392157
v 28.4620230398885 -4.7559990582919767 -122.29718582643989 0.0980392157 0.0980392157 0.0980392157
v 21.688369697759729 -12.93016103308948 -117.99349277695565 0.0980392157 0.0980392157 0.0980392157
v 16.337997234359626 -3.8360722764083377 -121.27398282552068 0.0980392157 0.0980392157 0.0980392157
v 30.977483652431349 0.42513812619803559 -127.13463378775279 0.0980392157 0.0980392157 0.0980392157
v 28.4620230398885 -4.7559990582919767 -122.29718582643989 0.0980392157 0.0980392157 0.0980392157
v 11.272443148751378 -4.1428422044112381 -127.11849403956032 0.0980392157 0.0980392157 0.0980392157
v 41.386973216988459 4.2807580734074779 -22.382864487243811 0.0980392157 0.0980392157 0.0980392157
v 29.885499412131011 10.942046041111578 -24.0702002815135 0.0980392157 0.0980392157 0.0980392157
v 31.057306584923989 6.108509847037908 -30.795412562583298 0.0980392157 0.0980392157 0.0980392157
v 26.343724858350836 1.5214234517812582 -13.190151482804257 0.0980392157 0.0980392157 0.0980392157
v 26.528044425736773 -4.136627286397454 -29.792959882065695 0.0980392157 0.0980392157 0.0980392157
v 29.885499412131011 10.942046041111578 -24.0702002815135 0.0980392157 0.0980392157 0.0980392157
v 31.615804847708766 -13.391387705158131 -126.34479281661302 0.0980392157 0.0980392157 0.0980392157
v 27.023067675472515 -13.16848352174026 -124.96850308464828 0.0980392157 0.0980392157 0.0980392157
v 28.4620230398885 -4.7559990582919767 -122.29718582643989 0.0980392157 0.0980392157 0.0980392157
v 30.977483652431349 0.42513812619803559 -127.13463378775279 0.0980392157 0.0980392157 0.0980392157
v 27.023067675472515 -13.16848352174026 -124.96850308464828 0.0980392157 0.0980392157 0.0980392157
v 37.581920978958756 -11.479095613226292 -82.771539213648595 0.0980392157 0.0980392157 0.0980392157
v 29.915539962999361 5.0173081392983114 -78.994932413392206 0.0980392157 0.0980392157 0.0980392157
v 29.796138359723528 -17.733255380715036 -76.936218483441024 0.0980392157 0.0980392157 0.0980392157
v 28.980829770231878 -1.4150886241578746 -76.960539415022495 0.0980392157 0.0980392157 0.0980392157
v 41.758691477154635 -3.2378248615043139 -26.733420624962282 0.0980392157 0.0980392157 0.0980392157
v 30.175101167040381 2.0742993086107417 -35.941997655018106 0.0980392157 0.0980392157 0.0980392157
v 31.057306584923989 6.108509847037908 -30.795412562583298 0.0980392157 0.0980392157 0.0980392157
v 41.758691477154635 -3.2378248615043139 -26.733420624962282 0.0980392157 0.0980392157 0.0980392157
v 31.057306584923989 6.108509847037908 -30.795412562583298 0.0980392157 0.0980392157 0.0980392157
v 26.528044425736773 -4.136627286397454 -29.792959882065695 0.0980392157 0.0980392157 0.0980392157
v 37.645735640241696 -4.7743553851888727 -12.716333544938468 0.0980392157 0.0980392157 0.0980392157
v 36.99955091629441 9.3899738185334449 -12.821300365501033 0.0980392157 0.0980392157 0.0980392157
v 41.386973216988459 4.2807580734074779 -22.382864487243811 0.0980392157 0.0980392157 0.0980392157
v 31.987983374203658 -6.3245050021456741 -122.36952848760889 0.0980392157 0.0980392157 0.0980392157
v 31.615804847708766 -13.391387705158131 -126.34479281661302 0.0980392157 0.0980392157 0.0980392157
v 30.977483652431349 0.42513812619803559 -127.13463378775279 0.0980392157 0.0980392157 0.0980392157
v 34.364458469188534 -12.061555430427646 -123.62411693285607 0.0980392157 0.0980392157 0.0980392157
v 31.615804847708766 -13.391387705158131 -126.34479281661302 0.0980392157 0.0980392157 0.0980392157
v 31.987983374203658 -6.3245050021456741 -122.36952848760889 0.0980392157 0.0980392157 0.0980392157
v 40.693426052422033 -3.558315690672444 -119.16321913906484 0.0980392157 0.0980392157 0.0980392157
v 31.987983374203658 -6.3245050021456741 -122.36952848760889 0.0980392157 0.0980392157 0.0980392157
v 30.977483652431349 0.42513812619803559 -127.13463378775279 0.0980392157 0.0980392157 0.0980392157
v 41.758691477154635 -3.2378248615043139 -26.733420624962282 0.0980392157 0.0980392157 0.0980392157
v 38.254948143709093 -9.2045943497325631 -5.8849890125525981 0.0980392157 0.0980392157 0.0980392157
v 41.648765878420086 -2.3074723599209617 -18.833651460632808 0.0980392157 0.0980392157 0.0980392157
v 34.364458469188534 -12.061555430427646 -123.62411693285607 0.0980392157 0.0980392157 0.0980392157
v 31.987983374203658 -6.3245050021456741 -122.36952848760889 0.0980392157 0.0980392157 0.0980392157
v 40.693426052422033 -3.558315690672444 -119.16321913906484 0.0980392157 0.0980392157 0.0980392157
v 39.992514823677631 -9.2729411390396024 -118.98685550286355 0.0980392157 0.0980392157 0.0980392157
v 49.554424223906238 1.35921832924884 -85.369394955849586 0.0980392157 0.0980392157 0.0980392157
v 39.420619416883078 -3.3144674922630015 -84.770039763757737 0.0980392157 0.0980392157 0.0980392157
v 43.031324410599126 -0.39483324937715292 -91.49778797212069 0.0980392157 0.0980392157 0.0980392157
v 43.803108215332031 -2.5448951721191406 -33.540981292724609 0.0980392157 0.0980392157 0.0980392157
v 44.612880706787109 3.1075050830841064 -34.104473114013672 0.0980392157 0.0980392157 0.0980392157
v 47.15115787590544 -3.2896505517001362 -40.687893440317609 0.0980392157 0.0980392157 0.0980392157
v 43.803108215332031 -2.5448951721191406 -33.540981292724609 0.0980392157 0.0980392157 0.0980392157
v 34.899278562484469 2.6425085994417614 -42.504504564016401 0.0980392157 0.0980392157 0.0980392157
v 50.061489105224609 -7.460331916809082 -90.294204711914062 0.0980392157 0.0980392157 0.0980392157
v 43.031324410599126 -0.39483324937715292 -91.49778797212069 0.0980392157 0.0980392157 0.0980392157
v 40.005443572998047 -6.7308797836303711 -90.521125793457031 0.0980392157 0.0980392157 0.0980392157
v 50.081343949854677 -6.7586850861616528 -84.812862216672102 0.0980392157 0.0980392157 0.0980392157
v 49.554424223906238 1.35921832924884 -85.369394955849586 0.0980392157 0.0980392157 0.0980392157
v 43.031324410599126 -0.39483324937715292 -91.49778797212069 0.0980392157 0.0980392157 0.0980392157
v 50.081343949854677 -6.7586850861616528 -84.812862216672102 0.0980392157 0.0980392157 0.0980392157
v 43.031324410599126 -0.39483324937715292 -91.49778797212069 0.0980392157 0.0980392157 0.0980392157
v 50.061489105224609 -7.460331916809082 -90.294204711914062 0.0980392157 0.0980392157 0.0980392157
v 50.081343949854677 -6.7586850861616528 -84.812862216672102 0.0980392157 0.0980392157 0.0980392157
v 47.15115787590544 -3.2896505517001362 -40.687893440317609 0.0980392157 0.0980392157 0.0980392157
v 49.554424223906238 1.35921832924884 -85.369394955849586 0.0980392157 0.0980392157 0.0980392157
v 49.190743511255036 -9.3813960503942404 -46.960236983307482 0.0980392157 0.0980392157 0.0980392157
v 43.898349761962891 -2.9203722476959229 -113.55557250976562 0.0980392157 0.0980392157 0.0980392157
v 40.693426052422033 -3.558315690672444 -119.16321913906484 0.0980392157 0.0980392157 0.0980392157
v 51.498325111363144 -4.9585414618174024 -126.42535740809093 0.0980392157 0.0980392157 0.0980392157
v 51.576717433416626 -7.910047017393544 -102.20112426233105 0.0980392157 0.0980392157 0.0980392157
v 51.498325111363144 -4.9585414618174024 -126.42535740809093 0.0980392157 0.0980392157 0.0980392157
v 49.326288077233109 -9.8052219236405485 -124.78017073732066 0.0980392157 0.0980392157 0.0980392157
v 39.992514823677631 -9.2729411390396024 -118.98685550286355 0.0980392157 0.0980392157 0.0980392157
v 40.693426052422033 -3.558315690672444 -119.16321913906484 0.0980392157 0.0980392157 0.0980392157
v 43.898349761962891 -2.9203722476959229 -113.55557250976562 0.0980392157 0.0980392157 0.0980392157
v 51.358732139779022 -1.9862639516917042 -103.41120254194931 0.0980392157 0.0980392157 0.0980392157
v 51.358732139779022 -1.9862639516917042 -103.41120254194931 0.0980392157 0.0980392157 0.0980392157
v 40.287025451660156 -0.097629688680171967 -107.68101501464844 0.0980392157 0.0980392157 0.0980392157
v 39.742408734852916 -8.0286054545494814 -102.72429583973285 0.0980392157 0.0980392157 0.0980392157
v 43.898349761962891 -2.9203722476959229 -113.55557250976562 0.0980392157 0.0980392157 0.0980392157
v 40.287025451660156 -0.097629688680171967 -107.68101501464844 0.0980392157 0.0980392157 0.0980392157
v 43.637294769287109 -1.4516310691833496 -96.767784118652344 0.0980392157 0.0980392157 0.0980392157
v 39.742408734852916 -8.0286054545494814 -102.72429583973285 0.0980392157 0.0980392157 0.0980392157
v 40.287025451660156 -0.097629688680171967 -107.68101501464844 0.0980392157 0.0980392157 0.0980392157
v 43.637294769287109 -1.4516310691833496 -96.767784118652344 0.0980392157 0.0980392157 0.0980392157
v 51.576717433416626 -7.910047017393544 -102.20112426233105 0.0980392157 0.0980392157 0.0980392157
v 43.637294769287109 -1.4516310691833496 -96.767784118652344 0.0980392157 0.0980392157 0.0980392157
v 51.358732139779022 -1.9862639516917042 -103.41120254194931 0.0980392157 0.0980392157 0.0980392157
v 51.576717433416626 -7.910047017393544 -102.20112426233105 0.0980392157 0.0980392157 0.0980392157
v 39.742408734852916 -8.0286054545494814 -102.72429583973285 0.0980392157 0.0980392157 0.0980392157
v 43.637294769287109 -1.4516310691833496 -96.767784118652344 0.0980392157 0.0980392157 0.0980392157
v 51.150819119292699 -8.2411929424740933 -80.334546741178514 0.0980392157 0.0980392157 0.0980392157
v 51.498325111363144 -4.9585414618174024 -126.42535740809093 0.0980392157 0.0980392157 0.0980392157
v 53.060487931651878 -10.354728143443207 -108.58456921517879 0.0980392157 0.0980392157 0.0980392157
v -72.896055997198772 -12.411809658863662 -102.05118154929633 0.0980392157 0.0980392157 0.0980392157
v -59.957615955445014 -11.283174293494788 -108.36574266401068 0.0980392157 0.0980392157 0.0980392157
v -63.621365082018457 -11.503445528227182 -102.66038200337404 0.0980392157 0.0980392157 0.0980392157
v -57.870539907206393 -4.616304483151275 -104.53866802197737 0.0980392157 0.0980392157 0.0980392157
v -54.191449890162325 -14.549617901044709 -55.810258181199046 0.0980392157 0.0980392157 0.0980392157
v -46.266352792886849 -4.7828289430345521 -103.9400808059272 0.0980392157 0.0980392157 0.0980392157
v -55.072108767463419 -10.93006175105694 -108.18966860192374 0.0980392157 0.0980392157 0.0980392157
v -52.685213061555714 -5.2125252790785126 -102.67191615451711 0.0980392157 0.0980392157 0.0980392157
v -49.004952243361181 -11.301917164519352 -41.013237121130366 0.0980392157 0.0980392157 0.0980392157
v -52.460109710693359 -10.467263221740723 -46.881011962890625 0.0980392157 0.0980392157 0.0980392157
v -44.195770323215413 -7.670827301123051 0.55425435796237343 0.0980392157 0.0980392157 0.0980392157
v -55.072108767463419 -10.93006175105694 -108.18966860192374 0.0980392157 0.0980392157 0.0980392157
v -46.266352792886849 -4.7828289430345521 -103.9400808059272 0.0980392157 0.0980392157 0.0980392157
v -47.634586573020201 -11.844114652074399 -99.498190850937121 0.0980392157 0.0980392157 0.0980392157
v -50.479165741361676 -9.2218503567935457 -74.420880439473649 0.0980392157 0.0980392157 0.0980392157
v -38.302993297823903 -11.807276216887082 -69.092819730903344 0.0980392157 0.0980392157 0.0980392157
v -42.094695843514671 4.5389453483723834 -73.488763341590754 0.0980392157 0.0980392157 0.0980392157
v -41.44217322243427 -9.403420503039678 1.0278930903261232 0.0980392157 0.0980392157 0.0980392157
v -47.634586573020201 -11.844114652074399 -99.498190850937121 0.0980392157 0.0980392157 0.0980392157
v -46.266352792886849 -4.7828289430345521 -103.9400808059272 0.0980392157 0.0980392157 0.0980392157
v -38.302993297823903 -11.807276216887082 -69.092819730903344 0.0980392157 0.0980392157 0.0980392157
v -36.580181380946144 -8.7512661653166717 -54.530132423473205 0.0980392157 0.0980392157 0.0980392157
v -28.203868404597344 -4.9898231123029735 -54.96131419961911 0.0980392157 0.0980392157 0.0980392157
v -38.301774363456559 -3.0142985468941035 -64.167954233958142 0.0980392157 0.0980392157 0.0980392157
v -36.580181380946144 -8.7512661653166717 -54.530132423473205 0.0980392157 0.0980392157 0.0980392157
v -32.189145467791057 -11.663665012265394 -120.13572775195146 0.0980392157 0.0980392157 0.0980392157
v -37.045323577994296 -11.88143160377682 -111.76319073947697 0.0980392157 0.0980392157 0.0980392157
v -31.517244570562209 -0.44406866836811787 -120.16083627523324 0.0980392157 0.0980392157 0.0980392157
v -36.580181380946144 -8.7512661653166717 -54.530132423473205 0.0980392157 0.0980392157 0.0980392157
v -32.508353850702512 -7.8784822954807892 -40.914795114773632 0.0980392157 0.0980392157 0.0980392157
v -28.203868404597344 -4.9898231123029735 -54.96131419961911 0.0980392157 0.0980392157 0.0980392157
v -26.100733674510384 -12.248844174759256 -61.653909000392339 0.0980392157 0.0980392157 0.0980392157
v -29.419243390192015 -13.223543686822559 -70.813004140133742 0.0980392157 0.0980392157 0.0980392157
v -28.439365887722317 -4.5833783067534384 -70.232041596631319 0.0980392157 0.0980392157 0.0980392157
v -21.87543333361269 -1.9493973147176717 -34.699956602869506 0.0980392157 0.0980392157 0.0980392157
v -32.508353850702512 -7.8784822954807892 -40.914795114773632 0.0980392157 0.0980392157 0.0980392157
v -22.761962676416864 -0.49128080460271106 -23.766772018031972 0.0980392157 0.0980392157 0.0980392157
v -25.917376424845976 -2.3961370474508286 -40.039054538964876 0.0980392157 0.0980392157 0.0980392157
v -10.106822715551591 -1.4071766121998444 -29.148796947357642 0.0980392157 0.0980392157 0.0980392157
v -21.87543333361269 -1.9493973147176717 -34.699956602869506 0.0980392157 0.0980392157 0.0980392157
v -21.297502517700195 -1.3775527477264404 -29.332403182983398 0.0980392157 0.0980392157 0.0980392157
v -17.509536743164062 3.9258773326873779 -35.564590454101562 0.0980392157 0.0980392157 0.0980392157
v -21.87543333361269 -1.9493973147176717 -34.699956602869506 0.0980392157 0.0980392157 0.0980392157
v -10.106822715551591 -1.4071766121998444 -29.148796947357642 0.0980392157 0.0980392157 0.0980392157
v -10.838094592525678 -9.3258932570782633 -31.006610945981027 0.0980392157 0.0980392157 0.0980392157
v -21.87543333361269 -1.9493973147176717 -34.699956602869506 0.0980392157 0.0980392157 0.0980392157
v -17.509536743164062 3.9258773326873779 -35.564590454101562 0.0980392157 0.0980392157 0.0980392157
v -28.700092965626482 -5.2055980819014147 -14.410153473289439 0.0980392157 0.0980392157 0.0980392157
v -21.408910676149564 0.074532084170812807 -15.175543159781094 0.0980392157 0.0980392157 0.0980392157
v -18.631682164014766 -11.722111804475068 -14.774126490245061 0.0980392157 0.0980392157 0.0980392157
v -21.408910676149564 0.074532084170812807 -15.175543159781094 0.0980392157 0.0980392157 0.0980392157
v -28.700092965626482 -5.2055980819014147 -14.410153473289439 0.0980392157 0.0980392157 0.0980392157
v -20.343547038224962 -12.401598471695236 -114.61856484639269 0.0980392157 0.0980392157 0.0980392157
v -16.870916249615483 -0.35806088810572589 -116.36464696582556 0.0980392157 0.0980392157 0.0980392157
v -12.83098915235308 -14.456819007991452 -74.230011471567366 0.0980392157 0.0980392157 0.0980392157
v -13.135384559631348 -5.315730094909668 -74.345977783203125 0.0980392157 0.0980392157 0.0980392157
v -19.94871711730957 -6.3167195320129395 -85.787338256835938 0.0980392157 0.0980392157 0.0980392157
v -16.921036922994816 -10.215177152524632 -63.917700067481299 0.0980392157 0.0980392157 0.0980392157
v -14.450742999116585 -4.4613161957637715 -62.989256800922611 0.0980392157 0.0980392157 0.0980392157
v -13.135384559631348 -5.315730094909668 -74.345977783203125 0.0980392157 0.0980392157 0.0980392157
v -12.83098915235308 -14.456819007991452 -74.230011471567366 0.0980392157 0.0980392157 0.0980392157
v -11.325867515886632 -8.7920766373994539 -80.156877509741435 0.0980392157 0.0980392157 0.0980392157
v -12.83098915235308 -14.456819007991452 -74.230011471567366 0.0980392157 0.0980392157 0.0980392157
v -19.94871711730957 -6.3167195320129395 -85.787338256835938 0.0980392157 0.0980392157 0.0980392157
v -11.983956221917564 -19.707144284839693 -56.394037978350077 0.0980392157 0.0980392157 0.0980392157
v -16.921036922994816 -10.215177152524632 -63.917700067481299 0.0980392157 0.0980392157 0.0980392157
v -11.093068110165271 -10.237656732987887 -60.281332431406675 0.0980392157 0.0980392157 0.0980392157
v -14.450742999116585 -4.4613161957637715 -62.989256800922611 0.0980392157 0.0980392157 0.0980392157
v -11.983956221917564 -19.707144284839693 -56.394037978350077 0.0980392157 0.0980392157 0.0980392157
v -17.509536743164062 3.9258773326873779 -35.564590454101562 0.0980392157 0.0980392157 0.0980392157
v -10.106822715551591 -1.4071766121998444 -29.148796947357642 0.0980392157 0.0980392157 0.0980392157
v -8.7491006604985238 -3.1442160732961462 -38.039638153465212 0.0980392157 0.0980392157 0.0980392157
v -8.9909139074074602 -11.760008737496946 -83.839409999078086 0.0980392157 0.0980392157 0.0980392157
v -11.093068110165271 -10.237656732987887 -60.281332431406675 0.0980392157 0.0980392157 0.0980392157
v -10.214034465401076 -1.3765410390296609 -66.238140036367838 0.0980392157 0.0980392157 0.0980392157
v -1.4059990453822273 -1.702253106171014 -56.061772077908849 0.0980392157 0.0980392157 0.0980392157
v -11.093068110165271 -10.237656732987887 -60.281332431406675 0.0980392157 0.0980392157 0.0980392157
v -6.2436218261384653 -18.275776453342608 -64.930428817875651 0.0980392157 0.0980392157 0.0980392157
v -10.214034465401076 -1.3765410390296609 -66.238140036367838 0.0980392157 0.0980392157 0.0980392157
v -6.2436218261384653 -18.275776453342608 -64.930428817875651 0.0980392157 0.0980392157 0.0980392157
v 1.2252239052871872 -17.509281537128174 -72.785691073032396 0.0980392157 0.0980392157 0.0980392157
v 1.1772103198330406 -6.8281523535359199 -55.120400884155906 0.0980392157 0.0980392157 0.0980392157
v -0.4333662082662979 -16.177525647524281 -42.276003672430882 0.0980392157 0.0980392157 0.0980392157
v -1.4315062761306763 -6.6660847663879395 -50.522590637207031 0.0980392157 0.0980392157 0.0980392157
v -5.2378130530142943 -15.770168996228904 -32.586681510674197 0.0980392157 0.0980392157 0.0980392157
v -8.7491006604985238 -3.1442160732961462 -38.039638153465212 0.0980392157 0.0980392157 0.0980392157
v -1.5449517965316772 -21.97807502746582 -33.511886596679688 0.0980392157 0.0980392157 0.0980392157
v -0.4333662082662979 -16.177525647524281 -42.276003672430882 0.0980392157 0.0980392157 0.0980392157
v -7.549468375142812 -27.977781487545059 -40.06150172128487 0.0980392157 0.0980392157 0.0980392157
v -1.5449517965316772 -21.97807502746582 -33.511886596679688 0.0980392157 0.0980392157 0.0980392157
v -0.4333662082662979 -16.177525647524281 -42.276003672430882 0.0980392157 0.0980392157 0.0980392157
v 1.5269822589660684 -20.390806274950616 -41.325639900917764 0.0980392157 0.0980392157 0.0980392157
v 1.5269822589660684 -20.390806274950616 -41.325639900917764 0.0980392157 0.0980392157 0.0980392157
v -7.0272717475891113 -26.941532135009766 -45.974956512451172 0.0980392157 0.0980392157 0.0980392157
v -0.4333662082662979 -16.177525647524281 -42.276003672430882 0.0980392157 0.0980392157 0.0980392157
v -7.549468375142812 -27.977781487545059 -40.06150172128487 0.0980392157 0.0980392157 0.0980392157
v -0.4333662082662979 -16.177525647524281 -42.276003672430882 0.0980392157 0.0980392157 0.0980392157
v -7.0272717475891113 -26.941532135009766 -45.974956512451172 0.0980392157 0.0980392157 0.0980392157
v -11.093068110165271 -10.237656732987887 -60.281332431406675 0.0980392157 0.0980392157 0.0980392157
v -1.4315062761306763 -6.6660847663879395 -50.522590637207031 0.0980392157 0.0980392157 0.0980392157
v -1.4059990453822273 -1.702253106171014 -56.061772077908849 0.0980392157 0.0980392157 0.0980392157
v 1.1772103198330406 -6.8281523535359199 -55.120400884155906 0.0980392157 0.0980392157 0.0980392157
v -1.4315062761306763 -6.6660847663879395 -50.522590637207031 0.0980392157 0.0980392157 0.0980392157
v -11.093068110165271 -10.237656732987887 -60.281332431406675 0.0980392157 0.0980392157 0.0980392157
v -4.8346260623754418 -11.824952011712156 -96.103460888377469 0.0980392157 0.0980392157 0.0980392157
v 10.453947702412846 -12.532762236332124 -98.111908319764183 0.0980392157 0.0980392157 0.0980392157
v -3.8768434524536133 -7.2762937545776367 -96.755317687988281 0.0980392157 0.0980392157 0.0980392157
v 1.1772103198330406 -6.8281523535359199 -55.120400884155906 0.0980392157 0.0980392157 0.0980392157
v -11.093068110165271 -10.237656732987887 -60.281332431406675 0.0980392157 0.0980392157 0.0980392157
v -1.4059990453822273 -1.702253106171014 -56.061772077908849 0.0980392157 0.0980392157 0.0980392157
v 11.317228280741094 -11.055795491317369 -2.053253696573544 0.0980392157 0.0980392157 0.0980392157
v 8.8391574490074731 -10.869209930633259 -85.29053788474485 0.0980392157 0.0980392157 0.0980392157
v -0.26025836089056753 -16.623949353420748 -84.515874900335163 0.0980392157 0.0980392157 0.0980392157
v 14.339270821730054 -14.01594301955879 -75.559297974585903 0.0980392157 0.0980392157 0.0980392157
v -1.7949998880704356 -0.52484706546059101 -74.415949603874722 0.0980392157 0.0980392157 0.0980392157
v 1.2252239052871872 -17.509281537128174 -72.785691073032396 0.0980392157 0.0980392157 0.0980392157
v 10.453947702412846 -12.532762236332124 -98.111908319764183 0.0980392157 0.0980392157 0.0980392157
v 8.1381919887052909 -13.805847389069921 -126.59817858782783 0.0980392157 0.0980392157 0.0980392157
v 10.431885240796593 -10.10222160762693 -120.32776978681372 0.0980392157 0.0980392157 0.0980392157
v 11.768001496589775 -7.4858695513885323 -98.562699845700536 0.0980392157 0.0980392157 0.0980392157
v 26.343724858350836 1.5214234517812582 -13.190151482804257 0.0980392157 0.0980392157 0.0980392157
v 22.589205203366593 0.38761874235645033 -13.430858306006227 0.0980392157 0.0980392157 0.0980392157
v 15.153543743187093 -1.8857840445201801 -5.4604925671587567 0.0980392157 0.0980392157 0.0980392157
v 24.667793315729302 -11.747011935164622 -8.5273007577393827 0.0980392157 0.0980392157 0.0980392157
v 26.343724858350836 1.5214234517812582 -13.190151482804257 0.0980392157 0.0980392157 0.0980392157
v 15.153543743187093 -1.8857840445201801 -5.4604925671587567 0.0980392157 0.0980392157 0.0980392157
v 15.382663262293102 -6.3367537758420402 0.38012542238881908 0.0980392157 0.0980392157 0.0980392157
v 24.667793315729302 -11.747011935164622 -8.5273007577393827 0.0980392157 0.0980392157 0.0980392157
v 15.153543743187093 -1.8857840445201801 -5.4604925671587567 0.0980392157 0.0980392157 0.0980392157
v 21.688369697759729 -12.93016103308948 -117.99349277695565 0.0980392157 0.0980392157 0.0980392157
v 21.277045185865404 -8.847208623554053 -115.5720208066532 0.0980392157 0.0980392157 0.0980392157
v 10.431885240796593 -10.10222160762693 -120.32776978681372 0.0980392157 0.0980392157 0.0980392157
v 27.023067675472515 -13.16848352174026 -124.96850308464828 0.0980392157 0.0980392157 0.0980392157
v 21.688369697759729 -12.93016103308948 -117.99349277695565 0.0980392157 0.0980392157 0.0980392157
v 28.4620230398885 -4.7559990582919767 -122.29718582643989 0.0980392157 0.0980392157 0.0980392157
v 22.809423109210861 -12.380045198440065 -96.774265708414092 0.0980392157 0.0980392157 0.0980392157
v 21.688369697759729 -12.93016103308948 -117.99349277695565 0.0980392157 0.0980392157 0.0980392157
v 28.980829770231878 -1.4150886241578746 -76.960539415022495 0.0980392157 0.0980392157 0.0980392157
v 28.147417006101978 -6.119186902312574 -15.172169207228459 0.0980392157 0.0980392157 0.0980392157
v 26.528044425736773 -4.136627286397454 -29.792959882065695 0.0980392157 0.0980392157 0.0980392157
v 26.343724858350836 1.5214234517812582 -13.190151482804257 0.0980392157 0.0980392157 0.0980392157
v 41.758691477154635 -3.2378248615043139 -26.733420624962282 0.0980392157 0.0980392157 0.0980392157
v 26.528044425736773 -4.136627286397454 -29.792959882065695 0.0980392157 0.0980392157 0.0980392157
v 30.175101167040381 2.0742993086107417 -35.941997655018106 0.0980392157 0.0980392157 0.0980392157
v 37.645735640241696 -4.7743553851888727 -12.716333544938468 0.0980392157 0.0980392157 0.0980392157
v 28.147417006101978 -6.119186902312574 -15.172169207228459 0.0980392157 0.0980392157 0.0980392157
v 26.343724858350836 1.5214234517812582 -13.190151482804257 0.0980392157 0.0980392157 0.0980392157
v 37.039855421608152 -25.639681461142047 -78.627773164937807 0.0980392157 0.0980392157 0.0980392157
v 30.175101167040381 2.0742993086107417 -35.941997655018106 0.0980392157 0.0980392157 0.0980392157
v 27.749407620909167 -2.7208500232071904 -44.639356132893042 0.0980392157 0.0980392157 0.0980392157
v 34.899278562484469 2.6425085994417614 -42.504504564016401 0.0980392157 0.0980392157 0.0980392157
v 24.816512761061869 -3.9260886660532743 -35.111354246913763 0.0980392157 0.0980392157 0.0980392157
v 27.749407620909167 -2.7208500232071904 -44.639356132893042 0.0980392157 0.0980392157 0.0980392157
v 30.175101167040381 2.0742993086107417 -35.941997655018106 0.0980392157 0.0980392157 0.0980392157
v 24.882539012260509 -10.812099522109055 -27.828317589960875 0.0980392157 0.0980392157 0.0980392157
v 24.816512761061869 -3.9260886660532743 -35.111354246913763 0.0980392157 0.0980392157 0.0980392157
v 30.175101167040381 2.0742993086107417 -35.941997655018106 0.0980392157 0.0980392157 0.0980392157
v 26.528044425736773 -4.136627286397454 -29.792959882065695 0.0980392157 0.0980392157 0.0980392157
v 30.175101167040381 2.0742993086107417 -35.941997655018106 0.0980392157 0.0980392157 0.0980392157
v 38.254948143709093 -9.2045943497325631 -5.8849890125525981 0.0980392157 0.0980392157 0.0980392157
v 26.343724858350836 1.5214234517812582 -13.190151482804257 0.0980392157 0.0980392157 0.0980392157
v 46.188320159912109 -15.135570526123047 -121.14575958251953 0.0980392157 0.0980392157 0.0980392157
v 34.364458469188534 -12.061555430427646 -123.62411693285607 0.0980392157 0.0980392157 0.0980392157
v 39.992514823677631 -9.2729411390396024 -118.98685550286355 0.0980392157 0.0980392157 0.0980392157
v 50.081343949854677 -6.7586850861616528 -84.812862216672102 0.0980392157 0.0980392157 0.0980392157
v 50.061489105224609 -7.460331916809082 -90.294204711914062 0.0980392157 0.0980392157 0.0980392157
v 40.005443572998047 -6.7308797836303711 -90.521125793457031 0.0980392157 0.0980392157 0.0980392157
v 46.904560414635363 -12.675744787937596 -84.298548475700542 0.0980392157 0.0980392157 0.0980392157
v 50.081343949854677 -6.7586850861616528 -84.812862216672102 0.0980392157 0.0980392157 0.0980392157
v 39.420619416883078 -3.3144674922630015 -84.770039763757737 0.0980392157 0.0980392157 0.0980392157
v 37.581920978958756 -11.479095613226292 -82.771539213648595 0.0980392157 0.0980392157 0.0980392157
v 39.992514823677631 -9.2729411390396024 -118.98685550286355 0.0980392157 0.0980392157 0.0980392157
v 39.742408734852916 -8.0286054545494814 -102.72429583973285 0.0980392157 0.0980392157 0.0980392157
v 51.576717433416626 -7.910047017393544 -102.20112426233105 0.0980392157 0.0980392157 0.0980392157
v 47.456268357984591 -16.956769589208569 -129.2819283816342 0.0980392157 0.0980392157 0.0980392157
v 39.992514823677631 -9.2729411390396024 -118.98685550286355 0.0980392157 0.0980392157 0.0980392157
v 49.326288077233109 -9.8052219236405485 -124.78017073732066 0.0980392157 0.0980392157 0.0980392157
v 47.456268357984591 -16.956769589208569 -129.2819283816342 0.0980392157 0.0980392157 0.0980392157
v 46.188320159912109 -15.135570526123047 -121.14575958251953 0.0980392157 0.0980392157 0.0980392157
v 39.992514823677631 -9.2729411390396024 -118.98685550286355 0.0980392157 0.0980392157 0.0980392157
v 43.457526586771628 -18.122614156908782 -54.402775689302281 0.0980392157 0.0980392157 0.0980392157
v 47.15115787590544 -3.2896505517001362 -40.687893440317609 0.0980392157 0.0980392157 0.0980392157
v 47.51954249015526 -11.251816442466748 -72.926756840003364 0.0980392157 0.0980392157 0.0980392157
v 50.081343949854677 -6.7586850861616528 -84.812862216672102 0.0980392157 0.0980392157 0.0980392157
v 46.904560414635363 -12.675744787937596 -84.298548475700542 0.0980392157 0.0980392157 0.0980392157
v 47.456268357984591 -16.956769589208569 -129.2819283816342 0.0980392157 0.0980392157 0.0980392157
v 49.326288077233109 -9.8052219236405485 -124.78017073732066 0.0980392157 0.0980392157 0.0980392157
v 51.498325111363144 -4.9585414618174024 -126.42535740809093 0.0980392157 0.0980392157 0.0980392157
v 49.928980770255869 -19.840223114689202 -105.95518403241924 0.0980392157 0.0980392157 0.0980392157
v -71.771455699872746 -20.921256263832397 -119.75039181883206 0.0980392157 0.0980392157 0.0980392157
v -75.901351538746951 -16.989581305357998 -113.9421099629803 0.0980392157 0.0980392157 0.0980392157
v -74.946279825940167 -16.505352825099578 -118.91398629910009 0.0980392157 0.0980392157 0.0980392157
v -60.727977752685547 -11.833154678344727 -107.57623291015625 0.0980392157 0.0980392157 0.0980392157
v -74.946279825940167 -16.505352825099578 -118.91398629910009 0.0980392157 0.0980392157 0.0980392157
v -75.901351538746951 -16.989581305357998 -113.9421099629803 0.0980392157 0.0980392157 0.0980392157
v -66.803584421322924 -20.391557616243425 -98.738766263932817 0.0980392157 0.0980392157 0.0980392157
v -75.901351538746951 -16.989581305357998 -113.9421099629803 0.0980392157 0.0980392157 0.0980392157
v -67.873470973621835 -22.728063478176008 -112.80675907999959 0.0980392157 0.0980392157 0.0980392157
v -75.901351538746951 -16.989581305357998 -113.9421099629803 0.0980392157 0.0980392157 0.0980392157
v -66.803584421322924 -20.391557616243425 -98.738766263932817 0.0980392157 0.0980392157 0.0980392157
v -67.873470973621835 -22.728063478176008 -112.80675907999959 0.0980392157 0.0980392157 0.0980392157
v -60.727977752685547 -11.833154678344727 -107.57623291015625 0.0980392157 0.0980392157 0.0980392157
v -75.901351538746951 -16.989581305357998 -113.9421099629803 0.0980392157 0.0980392157 0.0980392157
v -60.727977752685547 -11.833154678344727 -107.57623291015625 0.0980392157 0.0980392157 0.0980392157
v -71.771455699872746 -20.921256263832397 -119.75039181883206 0.0980392157 0.0980392157 0.0980392157
v -74.946279825940167 -16.505352825099578 -118.91398629910009 0.0980392157 0.0980392157 0.0980392157
v -66.803584421322924 -20.391557616243425 -98.738766263932817 0.0980392157 0.0980392157 0.0980392157
v -72.896055997198772 -12.411809658863662 -102.05118154929633 0.0980392157 0.0980392157 0.0980392157
v -63.621365082018457 -11.503445528227182 -102.66038200337404 0.0980392157 0.0980392157 0.0980392157
v -65.782259153221332 -17.20269824755524 -69.616478053984196 0.0980392157 0.0980392157 0.0980392157
v -54.4418798976128 -12.99191548543841 -78.924732117364229 0.0980392157 0.0980392157 0.0980392157
v -63.621365082018457 -11.503445528227182 -102.66038200337404 0.0980392157 0.0980392157 0.0980392157
v -59.957615955445014 -11.283174293494788 -108.36574266401068 0.0980392157 0.0980392157 0.0980392157
v -55.468319765342862 -17.711206154080656 -91.675027091690993 0.0980392157 0.0980392157 0.0980392157
v -54.4418798976128 -12.99191548543841 -78.924732117364229 0.0980392157 0.0980392157 0.0980392157
v -59.957615955445014 -11.283174293494788 -108.36574266401068 0.0980392157 0.0980392157 0.0980392157
v -55.468319765342862 -17.711206154080656 -91.675027091690993 0.0980392157 0.0980392157 0.0980392157
v -59.957615955445014 -11.283174293494788 -108.36574266401068 0.0980392157 0.0980392157 0.0980392157
v -59.441903648667648 -23.105718904247482 -99.724113294163814 0.0980392157 0.0980392157 0.0980392157
v -54.119640350341797 -25.479072570800781 -108.65792846679688 0.0980392157 0.0980392157 0.0980392157
v -59.957615955445014 -11.283174293494788 -108.36574266401068 0.0980392157 0.0980392157 0.0980392157
v -55.072108767463419 -10.93006175105694 -108.18966860192374 0.0980392157 0.0980392157 0.0980392157
v -59.422716908807871 -25.528581078325956 -107.94296045134196 0.0980392157 0.0980392157 0.0980392157
v -59.422716908807871 -25.528581078325956 -107.94296045134196 0.0980392157 0.0980392157 0.0980392157
v -65.661473015674119 -21.597072293632195 -85.938849577156859 0.0980392157 0.0980392157 0.0980392157
v -66.803584421322924 -20.391557616243425 -98.738766263932817 0.0980392157 0.0980392157 0.0980392157
v -63.621365082018457 -11.503445528227182 -102.66038200337404 0.0980392157 0.0980392157 0.0980392157
v -61.702243804931641 -10.002630233764648 -86.653244018554688 0.0980392157 0.0980392157 0.0980392157
v -63.621365082018457 -11.503445528227182 -102.66038200337404 0.0980392157 0.0980392157 0.0980392157
v -54.4418798976128 -12.99191548543841 -78.924732117364229 0.0980392157 0.0980392157 0.0980392157
v -61.702243804931641 -10.002630233764648 -86.653244018554688 0.0980392157 0.0980392157 0.0980392157
v -58.489656844088785 -8.8049985673302231 -76.206210597064171 0.0980392157 0.0980392157 0.0980392157
v -54.4418798976128 -12.99191548543841 -78.924732117364229 0.0980392157 0.0980392157 0.0980392157
v -66.479261897739605 -19.073580771696498 -78.727816418724487 0.0980392157 0.0980392157 0.0980392157
v -61.702243804931641 -10.002630233764648 -86.653244018554688 0.0980392157 0.0980392157 0.0980392157
v -58.489656844088785 -8.8049985673302231 -76.206210597064171 0.0980392157 0.0980392157 0.0980392157
v -66.479261897739605 -19.073580771696498 -78.727816418724487 0.0980392157 0.0980392157 0.0980392157
v -56.657328764836343 -17.751041215954473 -71.508105823625641 0.0980392157 0.0980392157 0.0980392157
v -58.489656844088785 -8.8049985673302231 -76.206210597064171 0.0980392157 0.0980392157 0.0980392157
v -54.4418798976128 -12.99191548543841 -78.924732117364229 0.0980392157 0.0980392157 0.0980392157
v -56.657328764836343 -17.751041215954473 -71.508105823625641 0.0980392157 0.0980392157 0.0980392157
v -64.815818786621094 -17.438581466674805 -73.465263366699219 0.0980392157 0.0980392157 0.0980392157
v -58.489656844088785 -8.8049985673302231 -76.206210597064171 0.0980392157 0.0980392157 0.0980392157
v -53.463067253615314 -13.848753229184727 -97.239586447744898 0.0980392157 0.0980392157 0.0980392157
v -55.072108767463419 -10.93006175105694 -108.18966860192374 0.0980392157 0.0980392157 0.0980392157
v -47.634586573020201 -11.844114652074399 -99.498190850937121 0.0980392157 0.0980392157 0.0980392157
v -53.11015189694519 -22.942811549772784 -100.05349263370651 0.0980392157 0.0980392157 0.0980392157
v -54.119640350341797 -25.479072570800781 -108.65792846679688 0.0980392157 0.0980392157 0.0980392157
v -55.072108767463419 -10.93006175105694 -108.18966860192374 0.0980392157 0.0980392157 0.0980392157
v -53.443775484075246 -15.238458442784925 -64.935035188303715 0.0980392157 0.0980392157 0.0980392157
v -50.479165741361676 -9.2218503567935457 -74.420880439473649 0.0980392157 0.0980392157 0.0980392157
v -53.058379334609768 5.807954704921805 -66.004403459858793 0.0980392157 0.0980392157 0.0980392157
v -54.191449890162325 -14.549617901044709 -55.810258181199046 0.0980392157 0.0980392157 0.0980392157
v -55.510709680414308 -8.5112364744329341 -62.36270743896614 0.0980392157 0.0980392157 0.0980392157
v -46.322513384625616 -17.87124538113363 -47.205688225316031 0.0980392157 0.0980392157 0.0980392157
v -54.191449890162325 -14.549617901044709 -55.810258181199046 0.0980392157 0.0980392157 0.0980392157
v -36.002483367919922 -8.7120132446289062 -51.65338134765625 0.0980392157 0.0980392157 0.0980392157
v -52.460109710693359 -10.467263221740723 -46.881011962890625 0.0980392157 0.0980392157 0.0980392157
v -49.004952243361181 -11.301917164519352 -41.013237121130366 0.0980392157 0.0980392157 0.0980392157
v -46.322513384625616 -17.87124538113363 -47.205688225316031 0.0980392157 0.0980392157 0.0980392157
v -52.460109710693359 -10.467263221740723 -46.881011962890625 0.0980392157 0.0980392157 0.0980392157
v -36.002483367919922 -8.7120132446289062 -51.65338134765625 0.0980392157 0.0980392157 0.0980392157
v -45.481894882008667 2.5672929361614245 -0.27135148154904165 0.0980392157 0.0980392157 0.0980392157
v -44.195770323215413 -7.670827301123051 0.55425435796237343 0.0980392157 0.0980392157 0.0980392157
v -43.098589595495604 2.0578516365536048 0.82671649239230971 0.0980392157 0.0980392157 0.0980392157
v -48.661062694468995 -23.057903906181529 -99.307653679168169 0.0980392157 0.0980392157 0.0980392157
v -53.463067253615314 -13.848753229184727 -97.239586447744898 0.0980392157 0.0980392157 0.0980392157
v -47.634586573020201 -11.844114652074399 -99.498190850937121 0.0980392157 0.0980392157 0.0980392157
v -52.195980072021484 -17.69007682800293 -92.72430419921875 0.0980392157 0.0980392157 0.0980392157
v -44.938353926245888 -9.8691800743951177 -86.543966113593456 0.0980392157 0.0980392157 0.0980392157
v -48.661062694468995 -23.057903906181529 -99.307653679168169 0.0980392157 0.0980392157 0.0980392157
v -47.634586573020201 -11.844114652074399 -99.498190850937121 0.0980392157 0.0980392157 0.0980392157
v -52.195980072021484 -17.69007682800293 -92.72430419921875 0.0980392157 0.0980392157 0.0980392157
v -41.69494327598678 -10.334525060191528 -76.172863883406976 0.0980392157 0.0980392157 0.0980392157
v -50.479165741361676 -9.2218503567935457 -74.420880439473649 0.0980392157 0.0980392157 0.0980392157
v -54.4418798976128 -12.99191548543841 -78.924732117364229 0.0980392157 0.0980392157 0.0980392157
v -53.443775484075246 -15.238458442784925 -64.935035188303715 0.0980392157 0.0980392157 0.0980392157
v -54.4418798976128 -12.99191548543841 -78.924732117364229 0.0980392157 0.0980392157 0.0980392157
v -50.479165741361676 -9.2218503567935457 -74.420880439473649 0.0980392157 0.0980392157 0.0980392157
v -38.302993297823903 -11.807276216887082 -69.092819730903344 0.0980392157 0.0980392157 0.0980392157
v -50.479165741361676 -9.2218503567935457 -74.420880439473649 0.0980392157 0.0980392157 0.0980392157
v -41.69494327598678 -10.334525060191528 -76.172863883406976 0.0980392157 0.0980392157 0.0980392157
v -43.739558933267986 -13.192364124606511 -29.321874604052436 0.0980392157 0.0980392157 0.0980392157
v -41.718116573623988 -12.137644025607116 -11.783892704623382 0.0980392157 0.0980392157 0.0980392157
v -41.69494327598678 -10.334525060191528 -76.172863883406976 0.0980392157 0.0980392157 0.0980392157
v -41.69494327598678 -10.334525060191528 -76.172863883406976 0.0980392157 0.0980392157 0.0980392157
v -55.468319765342862 -17.711206154080656 -91.675027091690993 0.0980392157 0.0980392157 0.0980392157
v -44.938353926245888 -9.8691800743951177 -86.543966113593456 0.0980392157 0.0980392157 0.0980392157
v -47.990776069762454 -25.332921776928266 -89.39100575265995 0.0980392157 0.0980392157 0.0980392157
v -44.938353926245888 -9.8691800743951177 -86.543966113593456 0.0980392157 0.0980392157 0.0980392157
v -55.468319765342862 -17.711206154080656 -91.675027091690993 0.0980392157 0.0980392157 0.0980392157
v -47.990776069762454 -25.332921776928266 -89.39100575265995 0.0980392157 0.0980392157 0.0980392157
v -52.195980072021484 -17.69007682800293 -92.72430419921875 0.0980392157 0.0980392157 0.0980392157
v -44.938353926245888 -9.8691800743951177 -86.543966113593456 0.0980392157 0.0980392157 0.0980392157
v -31.905499580213004 -10.426940793798451 -83.488517174324954 0.0980392157 0.0980392157 0.0980392157
v -41.69494327598678 -10.334525060191528 -76.172863883406976 0.0980392157 0.0980392157 0.0980392157
v -43.010989127273199 -9.426991939370966 -82.096518270135959 0.0980392157 0.0980392157 0.0980392157
v -35.667270233801162 -14.313559296359461 -48.623552293891407 0.0980392157 0.0980392157 0.0980392157
v -28.950856640261133 -10.953098224480183 -15.15896243614867 0.0980392157 0.0980392157 0.0980392157
v -28.700092965626482 -5.2055980819014147 -14.410153473289439 0.0980392157 0.0980392157 0.0980392157
v -36.580181380946144 -8.7512661653166717 -54.530132423473205 0.0980392157 0.0980392157 0.0980392157
v -35.667270233801162 -14.313559296359461 -48.623552293891407 0.0980392157 0.0980392157 0.0980392157
v -28.700092965626482 -5.2055980819014147 -14.410153473289439 0.0980392157 0.0980392157 0.0980392157
v -32.508353850702512 -7.8784822954807892 -40.914795114773632 0.0980392157 0.0980392157 0.0980392157
v -36.580181380946144 -8.7512661653166717 -54.530132423473205 0.0980392157 0.0980392157 0.0980392157
v -43.739558933267986 -13.192364124606511 -29.321874604052436 0.0980392157 0.0980392157 0.0980392157
v -28.950856640261133 -10.953098224480183 -15.15896243614867 0.0980392157 0.0980392157 0.0980392157
v -35.667270233801162 -14.313559296359461 -48.623552293891407 0.0980392157 0.0980392157 0.0980392157
v -45.725004358586787 -15.971577827850858 -42.090483510385141 0.0980392157 0.0980392157 0.0980392157
v -46.322513384625616 -17.87124538113363 -47.205688225316031 0.0980392157 0.0980392157 0.0980392157
v -38.922272809982687 -21.672035366263465 -48.48979122814012 0.0980392157 0.0980392157 0.0980392157
v -46.322513384625616 -17.87124538113363 -47.205688225316031 0.0980392157 0.0980392157 0.0980392157
v -35.667270233801162 -14.313559296359461 -48.623552293891407 0.0980392157 0.0980392157 0.0980392157
v -38.922272809982687 -21.672035366263465 -48.48979122814012 0.0980392157 0.0980392157 0.0980392157
v -40.346239382855096 -24.997324582819672 -69.634462062830124 0.0980392157 0.0980392157 0.0980392157
v -33.088009479942571 -13.40548505539525 -112.00846916853602 0.0980392157 0.0980392157 0.0980392157
v -37.045323577994296 -11.88143160377682 -111.76319073947697 0.0980392157 0.0980392157 0.0980392157
v -32.189145467791057 -11.663665012265394 -120.13572775195146 0.0980392157 0.0980392157 0.0980392157
v -32.701712015371186 -25.063616297203971 -112.76596737427691 0.0980392157 0.0980392157 0.0980392157
v -33.088009479942571 -13.40548505539525 -112.00846916853602 0.0980392157 0.0980392157 0.0980392157
v -32.189145467791057 -11.663665012265394 -120.13572775195146 0.0980392157 0.0980392157 0.0980392157
v -28.157832040378619 -25.336646912979326 -122.18520804717105 0.0980392157 0.0980392157 0.0980392157
v -34.365568129348986 -25.377960527890099 -121.73282273092785 0.0980392157 0.0980392157 0.0980392157
v -32.701712015371186 -25.063616297203971 -112.76596737427691 0.0980392157 0.0980392157 0.0980392157
v -32.189145467791057 -11.663665012265394 -120.13572775195146 0.0980392157 0.0980392157 0.0980392157
v -34.365568129348986 -25.377960527890099 -121.73282273092785 0.0980392157 0.0980392157 0.0980392157
v -28.936902658491615 -18.199198907488768 -103.43267844423914 0.0980392157 0.0980392157 0.0980392157
v -33.088009479942571 -13.40548505539525 -112.00846916853602 0.0980392157 0.0980392157 0.0980392157
v -32.701712015371186 -25.063616297203971 -112.76596737427691 0.0980392157 0.0980392157 0.0980392157
v -31.990491313796159 -11.638895384853727 -98.272998458383853 0.0980392157 0.0980392157 0.0980392157
v -37.045323577994296 -11.88143160377682 -111.76319073947697 0.0980392157 0.0980392157 0.0980392157
v -33.088009479942571 -13.40548505539525 -112.00846916853602 0.0980392157 0.0980392157 0.0980392157
v -28.936902658491615 -18.199198907488768 -103.43267844423914 0.0980392157 0.0980392157 0.0980392157
v -31.990491313796159 -11.638895384853727 -98.272998458383853 0.0980392157 0.0980392157 0.0980392157
v -33.088009479942571 -13.40548505539525 -112.00846916853602 0.0980392157 0.0980392157 0.0980392157
v -31.990491313796159 -11.638895384853727 -98.272998458383853 0.0980392157 0.0980392157 0.0980392157
v -31.905499580213004 -10.426940793798451 -83.488517174324954 0.0980392157 0.0980392157 0.0980392157
v -24.790103535085859 -18.580358574691246 -103.83525220364794 0.0980392157 0.0980392157 0.0980392157
v -20.931719622181852 -12.487632729215687 -100.95554156735741 0.0980392157 0.0980392157 0.0980392157
v -31.990491313796159 -11.638895384853727 -98.272998458383853 0.0980392157 0.0980392157 0.0980392157
v -28.936902658491615 -18.199198907488768 -103.43267844423914 0.0980392157 0.0980392157 0.0980392157
v -28.520440753376548 -14.434710600790009 -90.922816693808201 0.0980392157 0.0980392157 0.0980392157
v -31.990491313796159 -11.638895384853727 -98.272998458383853 0.0980392157 0.0980392157 0.0980392157
v -16.502450509485776 -12.324268613628693 -92.958896296595412 0.0980392157 0.0980392157 0.0980392157
v -31.905499580213004 -10.426940793798451 -83.488517174324954 0.0980392157 0.0980392157 0.0980392157
v -31.990491313796159 -11.638895384853727 -98.272998458383853 0.0980392157 0.0980392157 0.0980392157
v -28.520440753376548 -14.434710600790009 -90.922816693808201 0.0980392157 0.0980392157 0.0980392157
v -28.157832040378619 -25.336646912979326 -122.18520804717105 0.0980392157 0.0980392157 0.0980392157
v -28.076430413047383 -11.960082558437094 -121.37242042212702 0.0980392157 0.0980392157 0.0980392157
v -26.47153932275079 -14.706304047161124 -113.19144383559617 0.0980392157 0.0980392157 0.0980392157
v -16.921036922994816 -10.215177152524632 -63.917700067481299 0.0980392157 0.0980392157 0.0980392157
v -29.419243390192015 -13.223543686822559 -70.813004140133742 0.0980392157 0.0980392157 0.0980392157
v -26.100733674510384 -12.248844174759256 -61.653909000392339 0.0980392157 0.0980392157 0.0980392157
v -29.419243390192015 -13.223543686822559 -70.813004140133742 0.0980392157 0.0980392157 0.0980392157
v -16.921036922994816 -10.215177152524632 -63.917700067481299 0.0980392157 0.0980392157 0.0980392157
v -18.358928092727673 -21.254124913617581 -63.724334960413238 0.0980392157 0.0980392157 0.0980392157
v -26.100733674510384 -12.248844174759256 -61.653909000392339 0.0980392157 0.0980392157 0.0980392157
v -18.54013306508471 -20.920628584713015 -62.273394309532591 0.0980392157 0.0980392157 0.0980392157
v -16.921036922994816 -10.215177152524632 -63.917700067481299 0.0980392157 0.0980392157 0.0980392157
v -21.526420105256321 -13.630027181289528 -33.745675749809308 0.0980392157 0.0980392157 0.0980392157
v -21.526420105256321 -13.630027181289528 -33.745675749809308 0.0980392157 0.0980392157 0.0980392157
v -20.343547038224962 -12.401598471695236 -114.61856484639269 0.0980392157 0.0980392157 0.0980392157
v -26.47153932275079 -14.706304047161124 -113.19144383559617 0.0980392157 0.0980392157 0.0980392157
v -28.076430413047383 -11.960082558437094 -121.37242042212702 0.0980392157 0.0980392157 0.0980392157
v -21.533402668728812 -23.457942240081287 -113.45109398624203 0.0980392157 0.0980392157 0.0980392157
v -26.47153932275079 -14.706304047161124 -113.19144383559617 0.0980392157 0.0980392157 0.0980392157
v -20.343547038224962 -12.401598471695236 -114.61856484639269 0.0980392157 0.0980392157 0.0980392157
v -24.790103535085859 -18.580358574691246 -103.83525220364794 0.0980392157 0.0980392157 0.0980392157
v -20.343547038224962 -12.401598471695236 -114.61856484639269 0.0980392157 0.0980392157 0.0980392157
v -20.931719622181852 -12.487632729215687 -100.95554156735741 0.0980392157 0.0980392157 0.0980392157
v -21.533402668728812 -23.457942240081287 -113.45109398624203 0.0980392157 0.0980392157 0.0980392157
v -20.343547038224962 -12.401598471695236 -114.61856484639269 0.0980392157 0.0980392157 0.0980392157
v -24.790103535085859 -18.580358574691246 -103.83525220364794 0.0980392157 0.0980392157 0.0980392157
v -16.502450509485776 -12.324268613628693 -92.958896296595412 0.0980392157 0.0980392157 0.0980392157
v -20.931719622181852 -12.487632729215687 -100.95554156735741 0.0980392157 0.0980392157 0.0980392157
v -20.343547038224962 -12.401598471695236 -114.61856484639269 0.0980392157 0.0980392157 0.0980392157
v -16.502450509485776 -12.324268613628693 -92.958896296595412 0.0980392157 0.0980392157 0.0980392157
v -31.905499580213004 -10.426940793798451 -83.488517174324954 0.0980392157 0.0980392157 0.0980392157
v -28.520440753376548 -14.434710600790009 -90.922816693808201 0.0980392157 0.0980392157 0.0980392157
v -15.184157322063911 -9.9504965371246001 -86.455903922828384 0.0980392157 0.0980392157 0.0980392157
v -10.838094592525678 -9.3258932570782633 -31.006610945981027 0.0980392157 0.0980392157 0.0980392157
v -17.509536743164062 3.9258773326873779 -35.564590454101562 0.0980392157 0.0980392157 0.0980392157
v -18.358928092727673 -21.254124913617581 -63.724334960413238 0.0980392157 0.0980392157 0.0980392157
v -12.83098915235308 -14.456819007991452 -74.230011471567366 0.0980392157 0.0980392157 0.0980392157
v -11.325867515886632 -8.7920766373994539 -80.156877509741435 0.0980392157 0.0980392157 0.0980392157
v -15.184157322063911 -9.9504965371246001 -86.455903922828384 0.0980392157 0.0980392157 0.0980392157
v -18.54013306508471 -20.920628584713015 -62.273394309532591 0.0980392157 0.0980392157 0.0980392157
v -8.9909139074074602 -11.760008737496946 -83.839409999078086 0.0980392157 0.0980392157 0.0980392157
v -12.83098915235308 -14.456819007991452 -74.230011471567366 0.0980392157 0.0980392157 0.0980392157
v -15.184157322063911 -9.9504965371246001 -86.455903922828384 0.0980392157 0.0980392157 0.0980392157
v -10.838094592525678 -9.3258932570782633 -31.006610945981027 0.0980392157 0.0980392157 0.0980392157
v -8.7491006604985238 -3.1442160732961462 -38.039638153465212 0.0980392157 0.0980392157 0.0980392157
v -5.2378130530142943 -15.770168996228904 -32.586681510674197 0.0980392157 0.0980392157 0.0980392157
v -21.526420105256321 -13.630027181289528 -33.745675749809308 0.0980392157 0.0980392157 0.0980392157
v -10.838094592525678 -9.3258932570782633 -31.006610945981027 0.0980392157 0.0980392157 0.0980392157
v -5.2378130530142943 -15.770168996228904 -32.586681510674197 0.0980392157 0.0980392157 0.0980392157
v -7.0235601450063747 -16.84145291706929 -26.440089998640044 0.0980392157 0.0980392157 0.0980392157
v -21.526420105256321 -13.630027181289528 -33.745675749809308 0.0980392157 0.0980392157 0.0980392157
v -5.2378130530142943 -15.770168996228904 -32.586681510674197 0.0980392157 0.0980392157 0.0980392157
v -9.3539218902587891 -26.969524383544922 -28.716962814331055 0.0980392157 0.0980392157 0.0980392157
v -7.0235601450063747 -16.84145291706929 -26.440089998640044 0.0980392157 0.0980392157 0.0980392157
v -5.2378130530142943 -15.770168996228904 -32.586681510674197 0.0980392157 0.0980392157 0.0980392157
v -9.8395033830422598 -26.704419649889832 -35.472518103758937 0.0980392157 0.0980392157 0.0980392157
v -9.3539218902587891 -26.969524383544922 -28.716962814331055 0.0980392157 0.0980392157 0.0980392157
v -5.2378130530142943 -15.770168996228904 -32.586681510674197 0.0980392157 0.0980392157 0.0980392157
v -1.5449517965316772 -21.97807502746582 -33.511886596679688 0.0980392157 0.0980392157 0.0980392157
v -9.8395033830422598 -26.704419649889832 -35.472518103758937 0.0980392157 0.0980392157 0.0980392157
v -5.2378130530142943 -15.770168996228904 -32.586681510674197 0.0980392157 0.0980392157 0.0980392157
v -6.3989464079143907 -25.264121039230822 -123.66885847502267 0.0980392157 0.0980392157 0.0980392157
v -6.9939758720916974 -14.850473791921914 -124.2089690918733 0.0980392157 0.0980392157 0.0980392157
v -4.3647524392283543 -13.406233660137101 -129.72032691848889 0.0980392157 0.0980392157 0.0980392157
v 8.1381919887052909 -13.805847389069921 -126.59817858782783 0.0980392157 0.0980392157 0.0980392157
v 5.0438606895682456 -14.022991696984484 -119.51509588099965 0.0980392157 0.0980392157 0.0980392157
v -5.6923091075544932 -14.001111519736675 -118.67019297909154 0.0980392157 0.0980392157 0.0980392157
v 8.1381919887052909 -13.805847389069921 -126.59817858782783 0.0980392157 0.0980392157 0.0980392157
v -6.9939758720916974 -14.850473791921914 -124.2089690918733 0.0980392157 0.0980392157 0.0980392157
v 4.6455088040445709 -23.988828790598763 -121.30551749609269 0.0980392157 0.0980392157 0.0980392157
v 4.6455088040445709 -23.988828790598763 -121.30551749609269 0.0980392157 0.0980392157 0.0980392157
v -6.9939758720916974 -14.850473791921914 -124.2089690918733 0.0980392157 0.0980392157 0.0980392157
v -6.3989464079143907 -25.264121039230822 -123.66885847502267 0.0980392157 0.0980392157 0.0980392157
v -7.1587145842648967 -25.088810474178231 -129.67568990940219 0.0980392157 0.0980392157 0.0980392157
v -6.3989464079143907 -25.264121039230822 -123.66885847502267 0.0980392157 0.0980392157 0.0980392157
v -4.3647524392283543 -13.406233660137101 -129.72032691848889 0.0980392157 0.0980392157 0.0980392157
v 3.0565065020006763 -19.196514565866778 -117.07366323522984 0.0980392157 0.0980392157 0.0980392157
v -5.6923091075544932 -14.001111519736675 -118.67019297909154 0.0980392157 0.0980392157 0.0980392157
v 5.0438606895682456 -14.022991696984484 -119.51509588099965 0.0980392157 0.0980392157 0.0980392157
v -7.5509211372902882 -23.530328676254811 -118.78224611354912 0.0980392157 0.0980392157 0.0980392157
v -1.196092963218689 -19.565937042236328 -114.14774322509766 0.0980392157 0.0980392157 0.0980392157
v -5.6923091075544932 -14.001111519736675 -118.67019297909154 0.0980392157 0.0980392157 0.0980392157
v -7.5509211372902882 -23.530328676254811 -118.78224611354912 0.0980392157 0.0980392157 0.0980392157
v -5.6923091075544932 -14.001111519736675 -118.67019297909154 0.0980392157 0.0980392157 0.0980392157
v -4.8346260623754418 -11.824952011712156 -96.103460888377469 0.0980392157 0.0980392157 0.0980392157
v -6.9939758720916974 -14.850473791921914 -124.2089690918733 0.0980392157 0.0980392157 0.0980392157
v -2.8312713738021493 -16.029532867064489 -104.76224339322917 0.0980392157 0.0980392157 0.0980392157
v -4.8346260623754418 -11.824952011712156 -96.103460888377469 0.0980392157 0.0980392157 0.0980392157
v -5.6923091075544932 -14.001111519736675 -118.67019297909154 0.0980392157 0.0980392157 0.0980392157
v 4.2777100862231521 -25.116931499979341 -130.44669641016949 0.0980392157 0.0980392157 0.0980392157
v -4.3647524392283543 -13.406233660137101 -129.72032691848889 0.0980392157 0.0980392157 0.0980392157
v 4.2610466307018413 -12.85007637187644 -131.4236927711645 0.0980392157 0.0980392157 0.0980392157
v -7.1587145842648967 -25.088810474178231 -129.67568990940219 0.0980392157 0.0980392157 0.0980392157
v 6.3999470269120593 -15.854797621534075 -104.76719301727313 0.0980392157 0.0980392157 0.0980392157
v 10.453947702412846 -12.532762236332124 -98.111908319764183 0.0980392157 0.0980392157 0.0980392157
v -4.8346260623754418 -11.824952011712156 -96.103460888377469 0.0980392157 0.0980392157 0.0980392157
v 4.6455088040445709 -23.988828790598763 -121.30551749609269 0.0980392157 0.0980392157 0.0980392157
v 4.2610466307018413 -12.85007637187644 -131.4236927711645 0.0980392157 0.0980392157 0.0980392157
v 8.1381919887052909 -13.805847389069921 -126.59817858782783 0.0980392157 0.0980392157 0.0980392157
v 4.2777100862231521 -25.116931499979341 -130.44669641016949 0.0980392157 0.0980392157 0.0980392157
v 10.453947702412846 -12.532762236332124 -98.111908319764183 0.0980392157 0.0980392157 0.0980392157
v 5.0438606895682456 -14.022991696984484 -119.51509588099965 0.0980392157 0.0980392157 0.0980392157
v 6.3999470269120593 -15.854797621534075 -104.76719301727313 0.0980392157 0.0980392157 0.0980392157
v 6.3999470269120593 -15.854797621534075 -104.76719301727313 0.0980392157 0.0980392157 0.0980392157
v 3.0565065020006763 -19.196514565866778 -117.07366323522984 0.0980392157 0.0980392157 0.0980392157
v 5.0438606895682456 -14.022991696984484 -119.51509588099965 0.0980392157 0.0980392157 0.0980392157
v 27.749407620909167 -2.7208500232071904 -44.639356132893042 0.0980392157 0.0980392157 0.0980392157
v 24.816512761061869 -3.9260886660532743 -35.111354246913763 0.0980392157 0.0980392157 0.0980392157
v 11.811738305715153 -3.9645719978048675 -59.25986207442552 0.0980392157 0.0980392157 0.0980392157
v 19.655498504638672 -16.385469436645508 -77.809013366699219 0.0980392157 0.0980392157 0.0980392157
v 10.22174100041666 -10.18443701754336 -81.498513743376307 0.0980392157 0.0980392157 0.0980392157
v 19.132090798781199 -0.72476529347262897 -83.609995130837348 0.0980392157 0.0980392157 0.0980392157
v 3.6101493661037019 -24.624577031413239 -35.097395869810228 0.0980392157 0.0980392157 0.0980392157
v 1.1772103198330406 -6.8281523535359199 -55.120400884155906 0.0980392157 0.0980392157 0.0980392157
v 22.095509297318365 -16.797832112705446 -25.035169943444487 0.0980392157 0.0980392157 0.0980392157
v 19.655498504638672 -16.385469436645508 -77.809013366699219 0.0980392157 0.0980392157 0.0980392157
v 19.132090798781199 -0.72476529347262897 -83.609995130837348 0.0980392157 0.0980392157 0.0980392157
v 23.145960645304051 -9.6785037129615752 -90.212861230558445 0.0980392157 0.0980392157 0.0980392157
v 38.254948143709093 -9.2045943497325631 -5.8849890125525981 0.0980392157 0.0980392157 0.0980392157
v 26.343724858350836 1.5214234517812582 -13.190151482804257 0.0980392157 0.0980392157 0.0980392157
v 24.667793315729302 -11.747011935164622 -8.5273007577393827 0.0980392157 0.0980392157 0.0980392157
v 27.023067675472515 -13.16848352174026 -124.96850308464828 0.0980392157 0.0980392157 0.0980392157
v 28.276296615600586 -12.824160575866699 -105.13502502441406 0.0980392157 0.0980392157 0.0980392157
v 21.688369697759729 -12.93016103308948 -117.99349277695565 0.0980392157 0.0980392157 0.0980392157
v 22.809423109210861 -12.380045198440065 -96.774265708414092 0.0980392157 0.0980392157 0.0980392157
v 29.661419662453355 -11.23419219863723 -92.310987768078419 0.0980392157 0.0980392157 0.0980392157
v 23.145960645304051 -9.6785037129615752 -90.212861230558445 0.0980392157 0.0980392157 0.0980392157
v 26.812827199800967 -15.325229921152172 -96.152554845152352 0.0980392157 0.0980392157 0.0980392157
v 29.661419662453355 -11.23419219863723 -92.310987768078419 0.0980392157 0.0980392157 0.0980392157
v 22.809423109210861 -12.380045198440065 -96.774265708414092 0.0980392157 0.0980392157 0.0980392157
v 30.164369583129883 -17.048904418945312 -84.782760620117188 0.0980392157 0.0980392157 0.0980392157
v 23.145960645304051 -9.6785037129615752 -90.212861230558445 0.0980392157 0.0980392157 0.0980392157
v 29.661419662453355 -11.23419219863723 -92.310987768078419 0.0980392157 0.0980392157 0.0980392157
v 35.513553471151013 -14.098404965606772 -19.697406647719365 0.0980392157 0.0980392157 0.0980392157
v 26.528044425736773 -4.136627286397454 -29.792959882065695 0.0980392157 0.0980392157 0.0980392157
v 28.147417006101978 -6.119186902312574 -15.172169207228459 0.0980392157 0.0980392157 0.0980392157
v 35.513553471151013 -14.098404965606772 -19.697406647719365 0.0980392157 0.0980392157 0.0980392157
v 24.882539012260509 -10.812099522109055 -27.828317589960875 0.0980392157 0.0980392157 0.0980392157
v 26.528044425736773 -4.136627286397454 -29.792959882065695 0.0980392157 0.0980392157 0.0980392157
v 35.513553471151013 -14.098404965606772 -19.697406647719365 0.0980392157 0.0980392157 0.0980392157
v 28.147417006101978 -6.119186902312574 -15.172169207228459 0.0980392157 0.0980392157 0.0980392157
v 37.645735640241696 -4.7743553851888727 -12.716333544938468 0.0980392157 0.0980392157 0.0980392157
v 29.274439131689967 -18.737217626554791 -109.1358843188407 0.0980392157 0.0980392157 0.0980392157
v 27.023067675472515 -13.16848352174026 -124.96850308464828 0.0980392157 0.0980392157 0.0980392157
v 26.541667619301485 -23.119685182152569 -117.66919837322718 0.0980392157 0.0980392157 0.0980392157
v 32.291019220810931 -24.600822993828835 -127.58136670202315 0.0980392157 0.0980392157 0.0980392157
v 31.615804847708766 -13.391387705158131 -126.34479281661302 0.0980392157 0.0980392157 0.0980392157
v 25.569273905783238 -25.367443208694191 -126.86103238596688 0.0980392157 0.0980392157 0.0980392157
v 26.541667619301485 -23.119685182152569 -117.66919837322718 0.0980392157 0.0980392157 0.0980392157
v 27.023067675472515 -13.16848352174026 -124.96850308464828 0.0980392157 0.0980392157 0.0980392157
v 25.569273905783238 -25.367443208694191 -126.86103238596688 0.0980392157 0.0980392157 0.0980392157
v 29.274439131689967 -18.737217626554791 -109.1358843188407 0.0980392157 0.0980392157 0.0980392157
v 28.276296615600586 -12.824160575866699 -105.13502502441406 0.0980392157 0.0980392157 0.0980392157
v 27.023067675472515 -13.16848352174026 -124.96850308464828 0.0980392157 0.0980392157 0.0980392157
v 39.075059169229093 -12.473240397985082 -103.6029164560716 0.0980392157 0.0980392157 0.0980392157
v 33.95342623174578 -12.882040725925215 -99.338358406140443 0.0980392157 0.0980392157 0.0980392157
v 28.276296615600586 -12.824160575866699 -105.13502502441406 0.0980392157 0.0980392157 0.0980392157
v 42.72566919813751 -23.473092368782471 -98.994478383444743 0.0980392157 0.0980392157 0.0980392157
v 33.95342623174578 -12.882040725925215 -99.338358406140443 0.0980392157 0.0980392157 0.0980392157
v 39.075059169229093 -12.473240397985082 -103.6029164560716 0.0980392157 0.0980392157 0.0980392157
v 41.272271645428681 -23.380195097208908 -106.15957830497136 0.0980392157 0.0980392157 0.0980392157
v 39.075059169229093 -12.473240397985082 -103.6029164560716 0.0980392157 0.0980392157 0.0980392157
v 29.274439131689967 -18.737217626554791 -109.1358843188407 0.0980392157 0.0980392157 0.0980392157
v 30.164369583129883 -17.048904418945312 -84.782760620117188 0.0980392157 0.0980392157 0.0980392157
v 29.661419662453355 -11.23419219863723 -92.310987768078419 0.0980392157 0.0980392157 0.0980392157
v 26.812827199800967 -15.325229921152172 -96.152554845152352 0.0980392157 0.0980392157 0.0980392157
v 37.401560563567244 -13.346855127806414 -27.148743008448822 0.0980392157 0.0980392157 0.0980392157
v 35.977622725432532 -17.696813975189663 -115.66710381570871 0.0980392157 0.0980392157 0.0980392157
v 31.615804847708766 -13.391387705158131 -126.34479281661302 0.0980392157 0.0980392157 0.0980392157
v 34.364458469188534 -12.061555430427646 -123.62411693285607 0.0980392157 0.0980392157 0.0980392157
v 39.998948816548108 -23.353767167274906 -122.57100293460871 0.0980392157 0.0980392157 0.0980392157
v 34.364458469188534 -12.061555430427646 -123.62411693285607 0.0980392157 0.0980392157 0.0980392157
v 46.188320159912109 -15.135570526123047 -121.14575958251953 0.0980392157 0.0980392157 0.0980392157
v 39.998948816548108 -23.353767167274906 -122.57100293460871 0.0980392157 0.0980392157 0.0980392157
v 35.977622725432532 -17.696813975189663 -115.66710381570871 0.0980392157 0.0980392157 0.0980392157
v 34.364458469188534 -12.061555430427646 -123.62411693285607 0.0980392157 0.0980392157 0.0980392157
v 33.422413537964935 -23.282981668484084 -116.72899335296471 0.0980392157 0.0980392157 0.0980392157
v 32.291019220810931 -24.600822993828835 -127.58136670202315 0.0980392157 0.0980392157 0.0980392157
v 31.615804847708766 -13.391387705158131 -126.34479281661302 0.0980392157 0.0980392157 0.0980392157
v 37.140853881835938 -18.672262191772461 -91.203285217285156 0.0980392157 0.0980392157 0.0980392157
v 39.075059169229093 -12.473240397985082 -103.6029164560716 0.0980392157 0.0980392157 0.0980392157
v 38.643032073974609 -11.649824142456055 -95.1544189453125 0.0980392157 0.0980392157 0.0980392157
v 42.72566919813751 -23.473092368782471 -98.994478383444743 0.0980392157 0.0980392157 0.0980392157
v 39.075059169229093 -12.473240397985082 -103.6029164560716 0.0980392157 0.0980392157 0.0980392157
v 37.140853881835938 -18.672262191772461 -91.203285217285156 0.0980392157 0.0980392157 0.0980392157
v 47.669782094153135 -15.872796959810721 -112.44857471289346 0.0980392157 0.0980392157 0.0980392157
v 38.334590911865234 -13.353656768798828 -111.18720245361328 0.0980392157 0.0980392157 0.0980392157
v 41.272271645428681 -23.380195097208908 -106.15957830497136 0.0980392157 0.0980392157 0.0980392157
v 40.404990896174837 -22.278761378497599 -111.64923729799854 0.0980392157 0.0980392157 0.0980392157
v 39.075059169229093 -12.473240397985082 -103.6029164560716 0.0980392157 0.0980392157 0.0980392157
v 48.059225313400461 -15.545539054358553 -95.439057201677869 0.0980392157 0.0980392157 0.0980392157
v 47.51954249015526 -11.251816442466748 -72.926756840003364 0.0980392157 0.0980392157 0.0980392157
v 46.904560414635363 -12.675744787937596 -84.298548475700542 0.0980392157 0.0980392157 0.0980392157
v 37.581920978958756 -11.479095613226292 -82.771539213648595 0.0980392157 0.0980392157 0.0980392157
v 43.059081937131154 -20.293382233202315 -73.063752064806707 0.0980392157 0.0980392157 0.0980392157
v 47.51954249015526 -11.251816442466748 -72.926756840003364 0.0980392157 0.0980392157 0.0980392157
v 37.581920978958756 -11.479095613226292 -82.771539213648595 0.0980392157 0.0980392157 0.0980392157
v 39.998948816548108 -23.353767167274906 -122.57100293460871 0.0980392157 0.0980392157 0.0980392157
v 46.188320159912109 -15.135570526123047 -121.14575958251953 0.0980392157 0.0980392157 0.0980392157
v 47.456268357984591 -16.956769589208569 -129.2819283816342 0.0980392157 0.0980392157 0.0980392157
v 40.404990896174837 -22.278761378497599 -111.64923729799854 0.0980392157 0.0980392157 0.0980392157
v 47.669782094153135 -15.872796959810721 -112.44857471289346 0.0980392157 0.0980392157 0.0980392157
v 38.334590911865234 -13.353656768798828 -111.18720245361328 0.0980392157 0.0980392157 0.0980392157
v 42.72566919813751 -23.473092368782471 -98.994478383444743 0.0980392157 0.0980392157 0.0980392157
v 47.669782094153135 -15.872796959810721 -112.44857471289346 0.0980392157 0.0980392157 0.0980392157
v 40.404990896174837 -22.278761378497599 -111.64923729799854 0.0980392157 0.0980392157 0.0980392157
v 48.059225313400461 -15.545539054358553 -95.439057201677869 0.0980392157 0.0980392157 0.0980392157
v 37.140853881835938 -18.672262191772461 -91.203285217285156 0.0980392157 0.0980392157 0.0980392157
v 38.643032073974609 -11.649824142456055 -95.1544189453125 0.0980392157 0.0980392157 0.0980392157
v 34.364458469188534 -12.061555430427646 -123.62411693285607 0.0980392157 0.0980392157 0.0980392157
v 47.456268357984591 -16.956769589208569 -129.2819283816342 0.0980392157 0.0980392157 0.0980392157
v 39.667815415481599 -23.529007610978141 -136.38668396627816 0.0980392157 0.0980392157 0.0980392157
v 38.385109142525977 -23.410203896370849 -127.2195945422654 0.0980392157 0.0980392157 0.0980392157
v 47.456268357984591 -16.956769589208569 -129.2819283816342 0.0980392157 0.0980392157 0.0980392157
v 34.364458469188534 -12.061555430427646 -123.62411693285607 0.0980392157 0.0980392157 0.0980392157
v 39.998948816548108 -23.353767167274906 -122.57100293460871 0.0980392157 0.0980392157 0.0980392157
v 47.456268357984591 -16.956769589208569 -129.2819283816342 0.0980392157 0.0980392157 0.0980392157
v 38.385109142525977 -23.410203896370849 -127.2195945422654 0.0980392157 0.0980392157 0.0980392157
v 46.418333094703748 -17.993943182181923 -77.294303135831754 0.0980392157 0.0980392157 0.0980392157
v -75.901351538746951 -16.989581305357998 -113.9421099629803 0.0980392157 0.0980392157 0.0980392157
v -66.923181147073947 -23.418826321970325 -97.272048845531359 0.0980392157 0.0980392157 0.0980392157
v -65.057503782493484 -23.767674045839801 -77.979918731943414 0.0980392157 0.0980392157 0.0980392157
v -67.873470973621835 -22.728063478176008 -112.80675907999959 0.0980392157 0.0980392157 0.0980392157
v -71.771455699872746 -20.921256263832397 -119.75039181883206 0.0980392157 0.0980392157 0.0980392157
v -60.727977752685547 -11.833154678344727 -107.57623291015625 0.0980392157 0.0980392157 0.0980392157
v -60.543467094905282 -25.308213834032319 -118.43013364689247 0.0980392157 0.0980392157 0.0980392157
v -71.771455699872746 -20.921256263832397 -119.75039181883206 0.0980392157 0.0980392157 0.0980392157
v -66.803584421322924 -20.391557616243425 -98.738766263932817 0.0980392157 0.0980392157 0.0980392157
v -59.441903648667648 -23.105718904247482 -99.724113294163814 0.0980392157 0.0980392157 0.0980392157
v -59.422716908807871 -25.528581078325956 -107.94296045134196 0.0980392157 0.0980392157 0.0980392157
v -55.468319765342862 -17.711206154080656 -91.675027091690993 0.0980392157 0.0980392157 0.0980392157
v -66.803584421322924 -20.391557616243425 -98.738766263932817 0.0980392157 0.0980392157 0.0980392157
v -65.661473015674119 -21.597072293632195 -85.938849577156859 0.0980392157 0.0980392157 0.0980392157
v -55.468319765342862 -17.711206154080656 -91.675027091690993 0.0980392157 0.0980392157 0.0980392157
v -59.441903648667648 -23.105718904247482 -99.724113294163814 0.0980392157 0.0980392157 0.0980392157
v -66.803584421322924 -20.391557616243425 -98.738766263932817 0.0980392157 0.0980392157 0.0980392157
v -56.657328764836343 -17.751041215954473 -71.508105823625641 0.0980392157 0.0980392157 0.0980392157
v -66.479261897739605 -19.073580771696498 -78.727816418724487 0.0980392157 0.0980392157 0.0980392157
v -64.815818786621094 -17.438581466674805 -73.465263366699219 0.0980392157 0.0980392157 0.0980392157
v -54.4418798976128 -12.99191548543841 -78.924732117364229 0.0980392157 0.0980392157 0.0980392157
v -66.479261897739605 -19.073580771696498 -78.727816418724487 0.0980392157 0.0980392157 0.0980392157
v -56.657328764836343 -17.751041215954473 -71.508105823625641 0.0980392157 0.0980392157 0.0980392157
v -58.374382019042969 -24.801059722900391 -79.755058288574219 0.0980392157 0.0980392157 0.0980392157
v -66.479261897739605 -19.073580771696498 -78.727816418724487 0.0980392157 0.0980392157 0.0980392157
v -54.4418798976128 -12.99191548543841 -78.924732117364229 0.0980392157 0.0980392157 0.0980392157
v -54.158699311933113 -19.528623049426081 -56.065096165049127 0.0980392157 0.0980392157 0.0980392157
v -52.065013885498047 -25.225936889648438 -74.134941101074219 0.0980392157 0.0980392157 0.0980392157
v -56.657328764836343 -17.751041215954473 -71.508105823625641 0.0980392157 0.0980392157 0.0980392157
v -54.4418798976128 -12.99191548543841 -78.924732117364229 0.0980392157 0.0980392157 0.0980392157
v -46.29027945318974 -15.84728692587475 -34.400665330101056 0.0980392157 0.0980392157 0.0980392157
v -53.11015189694519 -22.942811549772784 -100.05349263370651 0.0980392157 0.0980392157 0.0980392157
v -59.441903648667648 -23.105718904247482 -99.724113294163814 0.0980392157 0.0980392157 0.0980392157
v -59.422716908807871 -25.528581078325956 -107.94296045134196 0.0980392157 0.0980392157 0.0980392157
v -48.661062694468995 -23.057903906181529 -99.307653679168169 0.0980392157 0.0980392157 0.0980392157
v -53.11015189694519 -22.942811549772784 -100.05349263370651 0.0980392157 0.0980392157 0.0980392157
v -53.463067253615314 -13.848753229184727 -97.239586447744898 0.0980392157 0.0980392157 0.0980392157
v -54.4418798976128 -12.99191548543841 -78.924732117364229 0.0980392157 0.0980392157 0.0980392157
v -55.468319765342862 -17.711206154080656 -91.675027091690993 0.0980392157 0.0980392157 0.0980392157
v -41.69494327598678 -10.334525060191528 -76.172863883406976 0.0980392157 0.0980392157 0.0980392157
v -47.990776069762454 -25.332921776928266 -89.39100575265995 0.0980392157 0.0980392157 0.0980392157
v -55.468319765342862 -17.711206154080656 -91.675027091690993 0.0980392157 0.0980392157 0.0980392157
v -65.661473015674119 -21.597072293632195 -85.938849577156859 0.0980392157 0.0980392157 0.0980392157
v -51.427830192426327 -22.204310556514528 -64.050229388171715 0.0980392157 0.0980392157 0.0980392157
v -54.4418798976128 -12.99191548543841 -78.924732117364229 0.0980392157 0.0980392157 0.0980392157
v -53.443775484075246 -15.238458442784925 -64.935035188303715 0.0980392157 0.0980392157 0.0980392157
v -52.065013885498047 -25.225936889648438 -74.134941101074219 0.0980392157 0.0980392157 0.0980392157
v -45.525276960708517 -21.288078737249084 -57.614593473583703 0.0980392157 0.0980392157 0.0980392157
v -53.443775484075246 -15.238458442784925 -64.935035188303715 0.0980392157 0.0980392157 0.0980392157
v -45.503120422363281 -22.978591918945312 -63.917434692382812 0.0980392157 0.0980392157 0.0980392157
v -51.427830192426327 -22.204310556514528 -64.050229388171715 0.0980392157 0.0980392157 0.0980392157
v -53.443775484075246 -15.238458442784925 -64.935035188303715 0.0980392157 0.0980392157 0.0980392157
v -38.852352142333984 -15.37973690032959 -66.313430786132812 0.0980392157 0.0980392157 0.0980392157
v -53.443775484075246 -15.238458442784925 -64.935035188303715 0.0980392157 0.0980392157 0.0980392157
v -45.525276960708517 -21.288078737249084 -57.614593473583703 0.0980392157 0.0980392157 0.0980392157
v -38.852352142333984 -15.37973690032959 -66.313430786132812 0.0980392157 0.0980392157 0.0980392157
v -39.497935009342072 -17.619760921484858 1.0736184343661661 0.0980392157 0.0980392157 0.0980392157
v -41.44217322243427 -9.403420503039678 1.0278930903261232 0.0980392157 0.0980392157 0.0980392157
v -47.990776069762454 -25.332921776928266 -89.39100575265995 0.0980392157 0.0980392157 0.0980392157
v -48.661062694468995 -23.057903906181529 -99.307653679168169 0.0980392157 0.0980392157 0.0980392157
v -52.195980072021484 -17.69007682800293 -92.72430419921875 0.0980392157 0.0980392157 0.0980392157
v -45.725004358586787 -15.971577827850858 -42.090483510385141 0.0980392157 0.0980392157 0.0980392157
v -36.002483367919922 -8.7120132446289062 -51.65338134765625 0.0980392157 0.0980392157 0.0980392157
v -49.004952243361181 -11.301917164519352 -41.013237121130366 0.0980392157 0.0980392157 0.0980392157
v -46.322513384625616 -17.87124538113363 -47.205688225316031 0.0980392157 0.0980392157 0.0980392157
v -36.002483367919922 -8.7120132446289062 -51.65338134765625 0.0980392157 0.0980392157 0.0980392157
v -45.725004358586787 -15.971577827850858 -42.090483510385141 0.0980392157 0.0980392157 0.0980392157
v -45.725004358586787 -15.971577827850858 -42.090483510385141 0.0980392157 0.0980392157 0.0980392157
v -29.538443427495899 -23.603155203731664 -0.57809795315278856 0.0980392157 0.0980392157 0.0980392157
v -34.798610687255859 -25.389726638793945 -70.384292602539062 0.0980392157 0.0980392157 0.0980392157
v -40.346239382855096 -24.997324582819672 -69.634462062830124 0.0980392157 0.0980392157 0.0980392157
v -35.187461853027344 -26.298490524291992 -75.822036743164062 0.0980392157 0.0980392157 0.0980392157
v -34.798610687255859 -25.389726638793945 -70.384292602539062 0.0980392157 0.0980392157 0.0980392157
v -29.419243390192015 -13.223543686822559 -70.813004140133742 0.0980392157 0.0980392157 0.0980392157
v -27.123003820414525 -26.5457897494265 -75.078981478712919 0.0980392157 0.0980392157 0.0980392157
v -35.187461853027344 -26.298490524291992 -75.822036743164062 0.0980392157 0.0980392157 0.0980392157
v -29.419243390192015 -13.223543686822559 -70.813004140133742 0.0980392157 0.0980392157 0.0980392157
v -21.533402668728812 -23.457942240081287 -113.45109398624203 0.0980392157 0.0980392157 0.0980392157
v -28.157832040378619 -25.336646912979326 -122.18520804717105 0.0980392157 0.0980392157 0.0980392157
v -26.47153932275079 -14.706304047161124 -113.19144383559617 0.0980392157 0.0980392157 0.0980392157
v -7.1587145842648967 -25.088810474178231 -129.67568990940219 0.0980392157 0.0980392157 0.0980392157
v 2.6042725199068855 -24.598598382677416 -142.15873213245064 0.0980392157 0.0980392157 0.0980392157
v -28.157832040378619 -25.336646912979326 -122.18520804717105 0.0980392157 0.0980392157 0.0980392157
v -37.592657431526234 -22.839919033618543 -105.92581062098628 0.0980392157 0.0980392157 0.0980392157
v -28.936902658491615 -18.199198907488768 -103.43267844423914 0.0980392157 0.0980392157 0.0980392157
v -32.701712015371186 -25.063616297203971 -112.76596737427691 0.0980392157 0.0980392157 0.0980392157
v -33.335601243810999 -25.034893585488032 -98.693894722986059 0.0980392157 0.0980392157 0.0980392157
v -24.790103535085859 -18.580358574691246 -103.83525220364794 0.0980392157 0.0980392157 0.0980392157
v -28.936902658491615 -18.199198907488768 -103.43267844423914 0.0980392157 0.0980392157 0.0980392157
v -33.335601243810999 -25.034893585488032 -98.693894722986059 0.0980392157 0.0980392157 0.0980392157
v -28.936902658491615 -18.199198907488768 -103.43267844423914 0.0980392157 0.0980392157 0.0980392157
v -37.592657431526234 -22.839919033618543 -105.92581062098628 0.0980392157 0.0980392157 0.0980392157
v -33.335601243810999 -25.034893585488032 -98.693894722986059 0.0980392157 0.0980392157 0.0980392157
v -16.190304161404057 -25.59260640054443 -106.4358001015233 0.0980392157 0.0980392157 0.0980392157
v -24.790103535085859 -18.580358574691246 -103.83525220364794 0.0980392157 0.0980392157 0.0980392157
v -27.123003820414525 -26.5457897494265 -75.078981478712919 0.0980392157 0.0980392157 0.0980392157
v -29.419243390192015 -13.223543686822559 -70.813004140133742 0.0980392157 0.0980392157 0.0980392157
v -18.358928092727673 -21.254124913617581 -63.724334960413238 0.0980392157 0.0980392157 0.0980392157
v -18.54013306508471 -20.920628584713015 -62.273394309532591 0.0980392157 0.0980392157 0.0980392157
v -26.100733674510384 -12.248844174759256 -61.653909000392339 0.0980392157 0.0980392157 0.0980392157
v -22.910635394782787 -24.824309958024067 -55.270903715053436 0.0980392157 0.0980392157 0.0980392157
v -26.225463231841214 -15.057364237506883 -49.897926620865192 0.0980392157 0.0980392157 0.0980392157
v -22.910635394782787 -24.824309958024067 -55.270903715053436 0.0980392157 0.0980392157 0.0980392157
v -21.526420105256321 -13.630027181289528 -33.745675749809308 0.0980392157 0.0980392157 0.0980392157
v -26.225463231841214 -15.057364237506883 -49.897926620865192 0.0980392157 0.0980392157 0.0980392157
v -26.100733674510384 -12.248844174759256 -61.653909000392339 0.0980392157 0.0980392157 0.0980392157
v -7.0974455453215484 -14.241389276740307 -6.7145211776815668 0.0980392157 0.0980392157 0.0980392157
v -15.246152136421202 -7.3432556470005235 -8.7585931526924536 0.0980392157 0.0980392157 0.0980392157
v -18.631682164014766 -11.722111804475068 -14.774126490245061 0.0980392157 0.0980392157 0.0980392157
v -16.190304161404057 -25.59260640054443 -106.4358001015233 0.0980392157 0.0980392157 0.0980392157
v -21.533402668728812 -23.457942240081287 -113.45109398624203 0.0980392157 0.0980392157 0.0980392157
v -24.790103535085859 -18.580358574691246 -103.83525220364794 0.0980392157 0.0980392157 0.0980392157
v -14.083955764770508 -21.741664886474609 -70.54736328125 0.0980392157 0.0980392157 0.0980392157
v -7.0805010795593262 -10.689362525939941 -9.0934715270996094 0.0980392157 0.0980392157 0.0980392157
v -15.246152136421202 -7.3432556470005235 -8.7585931526924536 0.0980392157 0.0980392157 0.0980392157
v -9.4591510588339993 -10.080010269992414 -20.535960484012801 0.0980392157 0.0980392157 0.0980392157
v -7.0974455453215484 -14.241389276740307 -6.7145211776815668 0.0980392157 0.0980392157 0.0980392157
v -9.4591510588339993 -10.080010269992414 -20.535960484012801 0.0980392157 0.0980392157 0.0980392157
v -15.246152136421202 -7.3432556470005235 -8.7585931526924536 0.0980392157 0.0980392157 0.0980392157
v -5.2120643111925258 -19.328815286824963 -19.928748249208116 0.0980392157 0.0980392157 0.0980392157
v -15.246152136421202 -7.3432556470005235 -8.7585931526924536 0.0980392157 0.0980392157 0.0980392157
v -7.0805010795593262 -10.689362525939941 -9.0934715270996094 0.0980392157 0.0980392157 0.0980392157
v -5.2120643111925258 -19.328815286824963 -19.928748249208116 0.0980392157 0.0980392157 0.0980392157
v -7.0974455453215484 -14.241389276740307 -6.7145211776815668 0.0980392157 0.0980392157 0.0980392157
v -15.246152136421202 -7.3432556470005235 -8.7585931526924536 0.0980392157 0.0980392157 0.0980392157
v -18.897898571348811 -26.691838402434804 -77.51620952328274 0.0980392157 0.0980392157 0.0980392157
v -14.083955764770508 -21.741664886474609 -70.54736328125 0.0980392157 0.0980392157 0.0980392157
v -12.83098915235308 -14.456819007991452 -74.230011471567366 0.0980392157 0.0980392157 0.0980392157
v -8.082746757638688 -25.102926067291079 -78.492078909337607 0.0980392157 0.0980392157 0.0980392157
v -18.897898571348811 -26.691838402434804 -77.51620952328274 0.0980392157 0.0980392157 0.0980392157
v -12.83098915235308 -14.456819007991452 -74.230011471567366 0.0980392157 0.0980392157 0.0980392157
v -11.983956221917564 -19.707144284839693 -56.394037978350077 0.0980392157 0.0980392157 0.0980392157
v -5.7055645829791661 -26.74258342570236 -52.9713274506217 0.0980392157 0.0980392157 0.0980392157
v -6.2436218261384653 -18.275776453342608 -64.930428817875651 0.0980392157 0.0980392157 0.0980392157
v -11.983956221917564 -19.707144284839693 -56.394037978350077 0.0980392157 0.0980392157 0.0980392157
v -5.7055645829791661 -26.74258342570236 -52.9713274506217 0.0980392157 0.0980392157 0.0980392157
v -11.983956221917564 -19.707144284839693 -56.394037978350077 0.0980392157 0.0980392157 0.0980392157
v -22.910635394782787 -24.824309958024067 -55.270903715053436 0.0980392157 0.0980392157 0.0980392157
v -18.54013306508471 -20.920628584713015 -62.273394309532591 0.0980392157 0.0980392157 0.0980392157
v -22.910635394782787 -24.824309958024067 -55.270903715053436 0.0980392157 0.0980392157 0.0980392157
v -11.983956221917564 -19.707144284839693 -56.394037978350077 0.0980392157 0.0980392157 0.0980392157
v -7.0974455453215484 -14.241389276740307 -6.7145211776815668 0.0980392157 0.0980392157 0.0980392157
v -18.631682164014766 -11.722111804475068 -14.774126490245061 0.0980392157 0.0980392157 0.0980392157
v -9.4591510588339993 -10.080010269992414 -20.535960484012801 0.0980392157 0.0980392157 0.0980392157
v -5.2120643111925258 -19.328815286824963 -19.928748249208116 0.0980392157 0.0980392157 0.0980392157
v -9.4591510588339993 -10.080010269992414 -20.535960484012801 0.0980392157 0.0980392157 0.0980392157
v -18.631682164014766 -11.722111804475068 -14.774126490245061 0.0980392157 0.0980392157 0.0980392157
v -5.2120643111925258 -19.328815286824963 -19.928748249208116 0.0980392157 0.0980392157 0.0980392157
v -7.0805010795593262 -10.689362525939941 -9.0934715270996094 0.0980392157 0.0980392157 0.0980392157
v -9.4591510588339993 -10.080010269992414 -20.535960484012801 0.0980392157 0.0980392157 0.0980392157
v -4.4659183475058981 -14.268197908258296 1.0199891549153794 0.0980392157 0.0980392157 0.0980392157
v -0.26025836089056753 -16.623949353420748 -84.515874900335163 0.0980392157 0.0980392157 0.0980392157
v 0.58436321658591694 -18.968790358430013 -79.54029451098296 0.0980392157 0.0980392157 0.0980392157
v -4.7895230162551838 -26.126415287213387 -84.518250849866178 0.0980392157 0.0980392157 0.0980392157
v 0.58436321658591694 -18.968790358430013 -79.54029451098296 0.0980392157 0.0980392157 0.0980392157
v -0.26025836089056753 -16.623949353420748 -84.515874900335163 0.0980392157 0.0980392157 0.0980392157
v 0.15052016908731503 -25.16977508032771 -66.818882278212897 0.0980392157 0.0980392157 0.0980392157
v 1.2252239052871872 -17.509281537128174 -72.785691073032396 0.0980392157 0.0980392157 0.0980392157
v -6.2436218261384653 -18.275776453342608 -64.930428817875651 0.0980392157 0.0980392157 0.0980392157
v 3.0565065020006763 -19.196514565866778 -117.07366323522984 0.0980392157 0.0980392157 0.0980392157
v 4.6455088040445709 -23.988828790598763 -121.30551749609269 0.0980392157 0.0980392157 0.0980392157
v -6.3989464079143907 -25.264121039230822 -123.66885847502267 0.0980392157 0.0980392157 0.0980392157
v 3.0565065020006763 -19.196514565866778 -117.07366323522984 0.0980392157 0.0980392157 0.0980392157
v -6.3989464079143907 -25.264121039230822 -123.66885847502267 0.0980392157 0.0980392157 0.0980392157
v -7.5509211372902882 -23.530328676254811 -118.78224611354912 0.0980392157 0.0980392157 0.0980392157
v 4.2777100862231521 -25.116931499979341 -130.44669641016949 0.0980392157 0.0980392157 0.0980392157
v -4.9932894706726074 -26.585454940795898 -107.02076721191406 0.0980392157 0.0980392157 0.0980392157
v -2.8312713738021493 -16.029532867064489 -104.76224339322917 0.0980392157 0.0980392157 0.0980392157
v -1.196092963218689 -19.565937042236328 -114.14774322509766 0.0980392157 0.0980392157 0.0980392157
v -4.9932894706726074 -26.585454940795898 -107.02076721191406 0.0980392157 0.0980392157 0.0980392157
v -1.196092963218689 -19.565937042236328 -114.14774322509766 0.0980392157 0.0980392157 0.0980392157
v -7.5509211372902882 -23.530328676254811 -118.78224611354912 0.0980392157 0.0980392157 0.0980392157
v 5.850274294722059 -26.895881729635974 -108.81054850609387 0.0980392157 0.0980392157 0.0980392157
v 6.3999470269120593 -15.854797621534075 -104.76719301727313 0.0980392157 0.0980392157 0.0980392157
v -2.8312713738021493 -16.029532867064489 -104.76224339322917 0.0980392157 0.0980392157 0.0980392157
v -2.8312713738021493 -16.029532867064489 -104.76224339322917 0.0980392157 0.0980392157 0.0980392157
v 8.045210287669132 -26.053576763828282 -85.444007813123335 0.0980392157 0.0980392157 0.0980392157
v -4.7895230162551838 -26.126415287213387 -84.518250849866178 0.0980392157 0.0980392157 0.0980392157
v 8.4581136897340627 -27.590568530147216 -72.028166075632811 0.0980392157 0.0980392157 0.0980392157
v 25.569273905783238 -25.367443208694191 -126.86103238596688 0.0980392157 0.0980392157 0.0980392157
v 4.6455088040445709 -23.988828790598763 -121.30551749609269 0.0980392157 0.0980392157 0.0980392157
v 5.850274294722059 -26.895881729635974 -108.81054850609387 0.0980392157 0.0980392157 0.0980392157
v 13.605363592706411 -25.7456954297487 -113.87201628175885 0.0980392157 0.0980392157 0.0980392157
v 3.0565065020006763 -19.196514565866778 -117.07366323522984 0.0980392157 0.0980392157 0.0980392157
v 5.850274294722059 -26.895881729635974 -108.81054850609387 0.0980392157 0.0980392157 0.0980392157
v 13.605363592706411 -25.7456954297487 -113.87201628175885 0.0980392157 0.0980392157 0.0980392157
v 4.6455088040445709 -23.988828790598763 -121.30551749609269 0.0980392157 0.0980392157 0.0980392157
v 3.0565065020006763 -19.196514565866778 -117.07366323522984 0.0980392157 0.0980392157 0.0980392157
v 9.0390533242066642 -25.351655387224422 -80.781396406187454 0.0980392157 0.0980392157 0.0980392157
v 8.045210287669132 -26.053576763828282 -85.444007813123335 0.0980392157 0.0980392157 0.0980392157
v 8.8391574490074731 -10.869209930633259 -85.29053788474485 0.0980392157 0.0980392157 0.0980392157
v 1.5269822589660684 -20.390806274950616 -41.325639900917764 0.0980392157 0.0980392157 0.0980392157
v 1.1772103198330406 -6.8281523535359199 -55.120400884155906 0.0980392157 0.0980392157 0.0980392157
v 15.382663262293102 -6.3367537758420402 0.38012542238881908 0.0980392157 0.0980392157 0.0980392157
v 11.317228280741094 -11.055795491317369 -2.053253696573544 0.0980392157 0.0980392157 0.0980392157
v 17.386795652715477 -10.261945441366747 -11.820203993467931 0.0980392157 0.0980392157 0.0980392157
v 9.0390533242066642 -25.351655387224422 -80.781396406187454 0.0980392157 0.0980392157 0.0980392157
v 10.22174100041666 -10.18443701754336 -81.498513743376307 0.0980392157 0.0980392157 0.0980392157
v 19.655498504638672 -16.385469436645508 -77.809013366699219 0.0980392157 0.0980392157 0.0980392157
v 19.298533284361586 -19.297253237584705 -12.845403211699164 0.0980392157 0.0980392157 0.0980392157
v 17.386795652715477 -10.261945441366747 -11.820203993467931 0.0980392157 0.0980392157 0.0980392157
v 11.317228280741094 -11.055795491317369 -2.053253696573544 0.0980392157 0.0980392157 0.0980392157
v 15.382663262293102 -6.3367537758420402 0.38012542238881908 0.0980392157 0.0980392157 0.0980392157
v 17.386795652715477 -10.261945441366747 -11.820203993467931 0.0980392157 0.0980392157 0.0980392157
v 24.667793315729302 -11.747011935164622 -8.5273007577393827 0.0980392157 0.0980392157 0.0980392157
v 24.667793315729302 -11.747011935164622 -8.5273007577393827 0.0980392157 0.0980392157 0.0980392157
v 17.386795652715477 -10.261945441366747 -11.820203993467931 0.0980392157 0.0980392157 0.0980392157
v 19.298533284361586 -19.297253237584705 -12.845403211699164 0.0980392157 0.0980392157 0.0980392157
v 25.101444244384766 -16.426996231079102 -78.283660888671875 0.0980392157 0.0980392157 0.0980392157
v 19.655498504638672 -16.385469436645508 -77.809013366699219 0.0980392157 0.0980392157 0.0980392157
v 23.145960645304051 -9.6785037129615752 -90.212861230558445 0.0980392157 0.0980392157 0.0980392157
v 24.989103317260742 -24.140924453735352 -81.471023559570312 0.0980392157 0.0980392157 0.0980392157
v 23.145960645304051 -9.6785037129615752 -90.212861230558445 0.0980392157 0.0980392157 0.0980392157
v 24.502119064331055 -25.311700820922852 -86.665458679199219 0.0980392157 0.0980392157 0.0980392157
v 25.101444244384766 -16.426996231079102 -78.283660888671875 0.0980392157 0.0980392157 0.0980392157
v 29.99641227722168 -24.886934280395508 -87.147377014160156 0.0980392157 0.0980392157 0.0980392157
v 23.145960645304051 -9.6785037129615752 -90.212861230558445 0.0980392157 0.0980392157 0.0980392157
v 30.164369583129883 -17.048904418945312 -84.782760620117188 0.0980392157 0.0980392157 0.0980392157
v 29.99641227722168 -24.886934280395508 -87.147377014160156 0.0980392157 0.0980392157 0.0980392157
v 24.502119064331055 -25.311700820922852 -86.665458679199219 0.0980392157 0.0980392157 0.0980392157
v 23.145960645304051 -9.6785037129615752 -90.212861230558445 0.0980392157 0.0980392157 0.0980392157
v 21.874574661254883 -11.677678108215332 -23.998706817626953 0.0980392157 0.0980392157 0.0980392157
v 24.882539012260509 -10.812099522109055 -27.828317589960875 0.0980392157 0.0980392157 0.0980392157
v 35.513553471151013 -14.098404965606772 -19.697406647719365 0.0980392157 0.0980392157 0.0980392157
v 22.095509297318365 -16.797832112705446 -25.035169943444487 0.0980392157 0.0980392157 0.0980392157
v 24.882539012260509 -10.812099522109055 -27.828317589960875 0.0980392157 0.0980392157 0.0980392157
v 21.874574661254883 -11.677678108215332 -23.998706817626953 0.0980392157 0.0980392157 0.0980392157
v 32.047687530517578 -18.69648551940918 -20.805892944335938 0.0980392157 0.0980392157 0.0980392157
v 21.874574661254883 -11.677678108215332 -23.998706817626953 0.0980392157 0.0980392157 0.0980392157
v 35.513553471151013 -14.098404965606772 -19.697406647719365 0.0980392157 0.0980392157 0.0980392157
v 24.882539012260509 -10.812099522109055 -27.828317589960875 0.0980392157 0.0980392157 0.0980392157
v 32.047687530517578 -18.69648551940918 -20.805892944335938 0.0980392157 0.0980392157 0.0980392157
v 35.513553471151013 -14.098404965606772 -19.697406647719365 0.0980392157 0.0980392157 0.0980392157
v 22.095509297318365 -16.797832112705446 -25.035169943444487 0.0980392157 0.0980392157 0.0980392157
v 35.363559722900391 -17.33631706237793 -88.677253723144531 0.0980392157 0.0980392157 0.0980392157
v 30.164369583129883 -17.048904418945312 -84.782760620117188 0.0980392157 0.0980392157 0.0980392157
v 26.812827199800967 -15.325229921152172 -96.152554845152352 0.0980392157 0.0980392157 0.0980392157
v 33.95342623174578 -12.882040725925215 -99.338358406140443 0.0980392157 0.0980392157 0.0980392157
v 35.229729914835417 -23.319037458344845 -90.121780731908359 0.0980392157 0.0980392157 0.0980392157
v 30.164369583129883 -17.048904418945312 -84.782760620117188 0.0980392157 0.0980392157 0.0980392157
v 35.363559722900391 -17.33631706237793 -88.677253723144531 0.0980392157 0.0980392157 0.0980392157
v 35.229729914835417 -23.319037458344845 -90.121780731908359 0.0980392157 0.0980392157 0.0980392157
v 29.99641227722168 -24.886934280395508 -87.147377014160156 0.0980392157 0.0980392157 0.0980392157
v 30.164369583129883 -17.048904418945312 -84.782760620117188 0.0980392157 0.0980392157 0.0980392157
v 32.291019220810931 -24.600822993828835 -127.58136670202315 0.0980392157 0.0980392157 0.0980392157
v 33.422413537964935 -23.282981668484084 -116.72899335296471 0.0980392157 0.0980392157 0.0980392157
v 28.149247364226621 -27.189308579176942 -103.02747460264074 0.0980392157 0.0980392157 0.0980392157
v 29.274439131689967 -18.737217626554791 -109.1358843188407 0.0980392157 0.0980392157 0.0980392157
v 28.062249701307657 -24.941811147892857 -109.23790138434018 0.0980392157 0.0980392157 0.0980392157
v 33.95342623174578 -12.882040725925215 -99.338358406140443 0.0980392157 0.0980392157 0.0980392157
v 35.229729914835417 -23.319037458344845 -90.121780731908359 0.0980392157 0.0980392157 0.0980392157
v 35.363559722900391 -17.33631706237793 -88.677253723144531 0.0980392157 0.0980392157 0.0980392157
v 42.72566919813751 -23.473092368782471 -98.994478383444743 0.0980392157 0.0980392157 0.0980392157
v 33.95342623174578 -12.882040725925215 -99.338358406140443 0.0980392157 0.0980392157 0.0980392157
v 37.140853881835938 -18.672262191772461 -91.203285217285156 0.0980392157 0.0980392157 0.0980392157
v 42.72566919813751 -23.473092368782471 -98.994478383444743 0.0980392157 0.0980392157 0.0980392157
v 35.229729914835417 -23.319037458344845 -90.121780731908359 0.0980392157 0.0980392157 0.0980392157
v 33.95342623174578 -12.882040725925215 -99.338358406140443 0.0980392157 0.0980392157 0.0980392157
v 42.72566919813751 -23.473092368782471 -98.994478383444743 0.0980392157 0.0980392157 0.0980392157
v 37.140853881835938 -18.672262191772461 -91.203285217285156 0.0980392157 0.0980392157 0.0980392157
v 33.95342623174578 -12.882040725925215 -99.338358406140443 0.0980392157 0.0980392157 0.0980392157
v 43.059081937131154 -20.293382233202315 -73.063752064806707 0.0980392157 0.0980392157 0.0980392157
v 37.581920978958756 -11.479095613226292 -82.771539213648595 0.0980392157 0.0980392157 0.0980392157
v 37.039855421608152 -25.639681461142047 -78.627773164937807 0.0980392157 0.0980392157 0.0980392157
v 24.882539012260509 -10.812099522109055 -27.828317589960875 0.0980392157 0.0980392157 0.0980392157
v 35.513553471151013 -14.098404965606772 -19.697406647719365 0.0980392157 0.0980392157 0.0980392157
v 37.401560563567244 -13.346855127806414 -27.148743008448822 0.0980392157 0.0980392157 0.0980392157
v 32.988508231872466 -20.620804362070189 -26.010116311291302 0.0980392157 0.0980392157 0.0980392157
v 24.882539012260509 -10.812099522109055 -27.828317589960875 0.0980392157 0.0980392157 0.0980392157
v 37.401560563567244 -13.346855127806414 -27.148743008448822 0.0980392157 0.0980392157 0.0980392157
v 32.988508231872466 -20.620804362070189 -26.010116311291302 0.0980392157 0.0980392157 0.0980392157
v 40.579292048718393 -20.017530552384905 -39.867285391021575 0.0980392157 0.0980392157 0.0980392157
v 38.254948143709093 -9.2045943497325631 -5.8849890125525981 0.0980392157 0.0980392157 0.0980392157
v 35.605093136375309 -19.589508003984623 -18.564429202878021 0.0980392157 0.0980392157 0.0980392157
v 40.404990896174837 -22.278761378497599 -111.64923729799854 0.0980392157 0.0980392157 0.0980392157
v 41.272271645428681 -23.380195097208908 -106.15957830497136 0.0980392157 0.0980392157 0.0980392157
v 42.72566919813751 -23.473092368782471 -98.994478383444743 0.0980392157 0.0980392157 0.0980392157
v 37.140853881835938 -18.672262191772461 -91.203285217285156 0.0980392157 0.0980392157 0.0980392157
v 48.059225313400461 -15.545539054358553 -95.439057201677869 0.0980392157 0.0980392157 0.0980392157
v 38.385109142525977 -23.410203896370849 -127.2195945422654 0.0980392157 0.0980392157 0.0980392157
v 34.364458469188534 -12.061555430427646 -123.62411693285607 0.0980392157 0.0980392157 0.0980392157
v 39.667815415481599 -23.529007610978141 -136.38668396627816 0.0980392157 0.0980392157 0.0980392157
v 48.225207846144649 -23.647328781396652 -60.366288031020993 0.0980392157 0.0980392157 0.0980392157
v 46.418333094703748 -17.993943182181923 -77.294303135831754 0.0980392157 0.0980392157 0.0980392157
v 51.150819119292699 -8.2411929424740933 -80.334546741178514 0.0980392157 0.0980392157 0.0980392157
v 48.225207846144649 -23.647328781396652 -60.366288031020993 0.0980392157 0.0980392157 0.0980392157
v 46.308462624224163 -16.479780028112192 -45.857542856498853 0.0980392157 0.0980392157 0.0980392157
v 48.225207846144649 -23.647328781396652 -60.366288031020993 0.0980392157 0.0980392157 0.0980392157
v -71.771455699872746 -20.921256263832397 -119.75039181883206 0.0980392157 0.0980392157 0.0980392157
v -60.543467094905282 -25.308213834032319 -118.43013364689247 0.0980392157 0.0980392157 0.0980392157
v -58.374382019042969 -24.801059722900391 -79.755058288574219 0.0980392157 0.0980392157 0.0980392157
v -65.661473015674119 -21.597072293632195 -85.938849577156859 0.0980392157 0.0980392157 0.0980392157
v -66.479261897739605 -19.073580771696498 -78.727816418724487 0.0980392157 0.0980392157 0.0980392157
v -49.229464255973966 -26.675023778030162 -79.973526389767031 0.0980392157 0.0980392157 0.0980392157
v -58.374382019042969 -24.801059722900391 -79.755058288574219 0.0980392157 0.0980392157 0.0980392157
v -54.4418798976128 -12.99191548543841 -78.924732117364229 0.0980392157 0.0980392157 0.0980392157
v -56.657328764836343 -17.751041215954473 -71.508105823625641 0.0980392157 0.0980392157 0.0980392157
v -52.065013885498047 -25.225936889648438 -74.134941101074219 0.0980392157 0.0980392157 0.0980392157
v -58.374382019042969 -24.801059722900391 -79.755058288574219 0.0980392157 0.0980392157 0.0980392157
v -56.657328764836343 -17.751041215954473 -71.508105823625641 0.0980392157 0.0980392157 0.0980392157
v -52.065013885498047 -25.225936889648438 -74.134941101074219 0.0980392157 0.0980392157 0.0980392157
v -47.008697209383683 -22.794055301913787 -56.191211325852166 0.0980392157 0.0980392157 0.0980392157
v -59.422716908807871 -25.528581078325956 -107.94296045134196 0.0980392157 0.0980392157 0.0980392157
v -59.441903648667648 -23.105718904247482 -99.724113294163814 0.0980392157 0.0980392157 0.0980392157
v -53.11015189694519 -22.942811549772784 -100.05349263370651 0.0980392157 0.0980392157 0.0980392157
v -47.990776069762454 -25.332921776928266 -89.39100575265995 0.0980392157 0.0980392157 0.0980392157
v -45.503120422363281 -22.978591918945312 -63.917434692382812 0.0980392157 0.0980392157 0.0980392157
v -40.346239382855096 -24.997324582819672 -69.634462062830124 0.0980392157 0.0980392157 0.0980392157
v -51.427830192426327 -22.204310556514528 -64.050229388171715 0.0980392157 0.0980392157 0.0980392157
v -39.60878290883057 -23.013029672505581 -36.927604056927535 0.0980392157 0.0980392157 0.0980392157
v -45.503120422363281 -22.978591918945312 -63.917434692382812 0.0980392157 0.0980392157 0.0980392157
v -38.852352142333984 -15.37973690032959 -66.313430786132812 0.0980392157 0.0980392157 0.0980392157
v -45.525276960708517 -21.288078737249084 -57.614593473583703 0.0980392157 0.0980392157 0.0980392157
v -38.922272809982687 -21.672035366263465 -48.48979122814012 0.0980392157 0.0980392157 0.0980392157
v -34.365568129348986 -25.377960527890099 -121.73282273092785 0.0980392157 0.0980392157 0.0980392157
v 2.6042725199068855 -24.598598382677416 -142.15873213245064 0.0980392157 0.0980392157 0.0980392157
v -60.543467094905282 -25.308213834032319 -118.43013364689247 0.0980392157 0.0980392157 0.0980392157
v -37.592657431526234 -22.839919033618543 -105.92581062098628 0.0980392157 0.0980392157 0.0980392157
v -59.422716908807871 -25.528581078325956 -107.94296045134196 0.0980392157 0.0980392157 0.0980392157
v -53.11015189694519 -22.942811549772784 -100.05349263370651 0.0980392157 0.0980392157 0.0980392157
v -53.11015189694519 -22.942811549772784 -100.05349263370651 0.0980392157 0.0980392157 0.0980392157
v -48.661062694468995 -23.057903906181529 -99.307653679168169 0.0980392157 0.0980392157 0.0980392157
v -33.335601243810999 -25.034893585488032 -98.693894722986059 0.0980392157 0.0980392157 0.0980392157
v -32.701712015371186 -25.063616297203971 -112.76596737427691 0.0980392157 0.0980392157 0.0980392157
v -37.617105144052893 -18.623167908598418 -9.565324784846597 0.0980392157 0.0980392157 0.0980392157
v -28.950856640261133 -10.953098224480183 -15.15896243614867 0.0980392157 0.0980392157 0.0980392157
v -41.718116573623988 -12.137644025607116 -11.783892704623382 0.0980392157 0.0980392157 0.0980392157
v -29.538443427495899 -23.603155203731664 -0.57809795315278856 0.0980392157 0.0980392157 0.0980392157
v -37.617105144052893 -18.623167908598418 -9.565324784846597 0.0980392157 0.0980392157 0.0980392157
v -29.538443427495899 -23.603155203731664 -0.57809795315278856 0.0980392157 0.0980392157 0.0980392157
v -28.950856640261133 -10.953098224480183 -15.15896243614867 0.0980392157 0.0980392157 0.0980392157
v -37.617105144052893 -18.623167908598418 -9.565324784846597 0.0980392157 0.0980392157 0.0980392157
v 2.6042725199068855 -24.598598382677416 -142.15873213245064 0.0980392157 0.0980392157 0.0980392157
v -54.495386616131093 -26.83161339178281 -114.39103142781954 0.0980392157 0.0980392157 0.0980392157
v -60.543467094905282 -25.308213834032319 -118.43013364689247 0.0980392157 0.0980392157 0.0980392157
v -34.798610687255859 -25.389726638793945 -70.384292602539062 0.0980392157 0.0980392157 0.0980392157
v -35.187461853027344 -26.298490524291992 -75.822036743164062 0.0980392157 0.0980392157 0.0980392157
v -25.041210174560547 -14.390542030334473 -39.267635345458984 0.0980392157 0.0980392157 0.0980392157
v -21.526420105256321 -13.630027181289528 -33.745675749809308 0.0980392157 0.0980392157 0.0980392157
v -32.830971852368712 -23.226987723730023 -37.832495132604521 0.0980392157 0.0980392157 0.0980392157
v -31.445219039916992 -12.725184440612793 -33.907569885253906 0.0980392157 0.0980392157 0.0980392157
v -32.830971852368712 -23.226987723730023 -37.832495132604521 0.0980392157 0.0980392157 0.0980392157
v -21.526420105256321 -13.630027181289528 -33.745675749809308 0.0980392157 0.0980392157 0.0980392157
v -26.708737111772447 -25.323559754780668 -38.26001270760581 0.0980392157 0.0980392157 0.0980392157
v -25.041210174560547 -14.390542030334473 -39.267635345458984 0.0980392157 0.0980392157 0.0980392157
v -32.830971852368712 -23.226987723730023 -37.832495132604521 0.0980392157 0.0980392157 0.0980392157
v -25.041210174560547 -14.390542030334473 -39.267635345458984 0.0980392157 0.0980392157 0.0980392157
v -26.708737111772447 -25.323559754780668 -38.26001270760581 0.0980392157 0.0980392157 0.0980392157
v -27.529451457308465 -24.905364215494565 -49.092412628094486 0.0980392157 0.0980392157 0.0980392157
v -28.950856640261133 -10.953098224480183 -15.15896243614867 0.0980392157 0.0980392157 0.0980392157
v -31.445219039916992 -12.725184440612793 -33.907569885253906 0.0980392157 0.0980392157 0.0980392157
v -21.526420105256321 -13.630027181289528 -33.745675749809308 0.0980392157 0.0980392157 0.0980392157
v -29.538443427495899 -23.603155203731664 -0.57809795315278856 0.0980392157 0.0980392157 0.0980392157
v -31.445219039916992 -12.725184440612793 -33.907569885253906 0.0980392157 0.0980392157 0.0980392157
v -28.950856640261133 -10.953098224480183 -15.15896243614867 0.0980392157 0.0980392157 0.0980392157
v -32.830971852368712 -23.226987723730023 -37.832495132604521 0.0980392157 0.0980392157 0.0980392157
v -18.631682164014766 -11.722111804475068 -14.774126490245061 0.0980392157 0.0980392157 0.0980392157
v 2.6042725199068855 -24.598598382677416 -142.15873213245064 0.0980392157 0.0980392157 0.0980392157
v 3.5234901167261654 -26.443616482976765 -126.61259014154309 0.0980392157 0.0980392157 0.0980392157
v -18.603276334773881 -27.668575815285273 -96.927916837361195 0.0980392157 0.0980392157 0.0980392157
v -16.190304161404057 -25.59260640054443 -106.4358001015233 0.0980392157 0.0980392157 0.0980392157
v -22.025843613716859 -25.844419659130903 -49.687614262047262 0.0980392157 0.0980392157 0.0980392157
v -22.025843613716859 -25.844419659130903 -49.687614262047262 0.0980392157 0.0980392157 0.0980392157
v -26.225463231841214 -15.057364237506883 -49.897926620865192 0.0980392157 0.0980392157 0.0980392157
v -27.529451457308465 -24.905364215494565 -49.092412628094486 0.0980392157 0.0980392157 0.0980392157
v -18.631682164014766 -11.722111804475068 -14.774126490245061 0.0980392157 0.0980392157 0.0980392157
v -7.0235601450063747 -16.84145291706929 -26.440089998640044 0.0980392157 0.0980392157 0.0980392157
v -5.2120643111925258 -19.328815286824963 -19.928748249208116 0.0980392157 0.0980392157 0.0980392157
v -18.631682164014766 -11.722111804475068 -14.774126490245061 0.0980392157 0.0980392157 0.0980392157
v -7.0235601450063747 -16.84145291706929 -26.440089998640044 0.0980392157 0.0980392157 0.0980392157
v -15.007391505505522 -7.8369458257805933 0.64737856928400461 0.0980392157 0.0980392157 0.0980392157
v -15.246152136421202 -7.3432556470005235 -8.7585931526924536 0.0980392157 0.0980392157 0.0980392157
v -6.3989464079143907 -25.264121039230822 -123.66885847502267 0.0980392157 0.0980392157 0.0980392157
v -7.5509211372902882 -23.530328676254811 -118.78224611354912 0.0980392157 0.0980392157 0.0980392157
v -21.533402668728812 -23.457942240081287 -113.45109398624203 0.0980392157 0.0980392157 0.0980392157
v -7.5509211372902882 -23.530328676254811 -118.78224611354912 0.0980392157 0.0980392157 0.0980392157
v -21.533402668728812 -23.457942240081287 -113.45109398624203 0.0980392157 0.0980392157 0.0980392157
v -16.190304161404057 -25.59260640054443 -106.4358001015233 0.0980392157 0.0980392157 0.0980392157
v -27.123003820414525 -26.5457897494265 -75.078981478712919 0.0980392157 0.0980392157 0.0980392157
v -14.083955764770508 -21.741664886474609 -70.54736328125 0.0980392157 0.0980392157 0.0980392157
v -18.897898571348811 -26.691838402434804 -77.51620952328274 0.0980392157 0.0980392157 0.0980392157
v -18.897898571348811 -26.691838402434804 -77.51620952328274 0.0980392157 0.0980392157 0.0980392157
v -8.082746757638688 -25.102926067291079 -78.492078909337607 0.0980392157 0.0980392157 0.0980392157
v -5.2120643111925258 -19.328815286824963 -19.928748249208116 0.0980392157 0.0980392157 0.0980392157
v -7.0235601450063747 -16.84145291706929 -26.440089998640044 0.0980392157 0.0980392157 0.0980392157
v -9.3539218902587891 -26.969524383544922 -28.716962814331055 0.0980392157 0.0980392157 0.0980392157
v -7.2249012566060271 -25.841134657642225 -2.8164330178385444 0.0980392157 0.0980392157 0.0980392157
v -7.0974455453215484 -14.241389276740307 -6.7145211776815668 0.0980392157 0.0980392157 0.0980392157
v -5.2120643111925258 -19.328815286824963 -19.928748249208116 0.0980392157 0.0980392157 0.0980392157
v -4.4659183475058981 -14.268197908258296 1.0199891549153794 0.0980392157 0.0980392157 0.0980392157
v -4.4659183475058981 -14.268197908258296 1.0199891549153794 0.0980392157 0.0980392157 0.0980392157
v -7.0974455453215484 -14.241389276740307 -6.7145211776815668 0.0980392157 0.0980392157 0.0980392157
v -7.2249012566060271 -25.841134657642225 -2.8164330178385444 0.0980392157 0.0980392157 0.0980392157
v -4.9932894706726074 -26.585454940795898 -107.02076721191406 0.0980392157 0.0980392157 0.0980392157
v -7.5509211372902882 -23.530328676254811 -118.78224611354912 0.0980392157 0.0980392157 0.0980392157
v -4.7895230162551838 -26.126415287213387 -84.518250849866178 0.0980392157 0.0980392157 0.0980392157
v -8.082746757638688 -25.102926067291079 -78.492078909337607 0.0980392157 0.0980392157 0.0980392157
v 0.58436321658591694 -18.968790358430013 -79.54029451098296 0.0980392157 0.0980392157 0.0980392157
v 0.15052016908731503 -25.16977508032771 -66.818882278212897 0.0980392157 0.0980392157 0.0980392157
v -6.2436218261384653 -18.275776453342608 -64.930428817875651 0.0980392157 0.0980392157 0.0980392157
v -5.7055645829791661 -26.74258342570236 -52.9713274506217 0.0980392157 0.0980392157 0.0980392157
v 5.850274294722059 -26.895881729635974 -108.81054850609387 0.0980392157 0.0980392157 0.0980392157
v 28.149247364226621 -27.189308579176942 -103.02747460264074 0.0980392157 0.0980392157 0.0980392157
v 8.045210287669132 -26.053576763828282 -85.444007813123335 0.0980392157 0.0980392157 0.0980392157
v 1.2252239052871872 -17.509281537128174 -72.785691073032396 0.0980392157 0.0980392157 0.0980392157
v 4.4437060356140137 -24.963872909545898 -2.5736424922943115 0.0980392157 0.0980392157 0.0980392157
v 4.3383621721119487 -14.691046750318145 -7.8158957935617934 0.0980392157 0.0980392157 0.0980392157
v 4.0025472642488449 -14.219280907737025 1.2214345473128261 0.0980392157 0.0980392157 0.0980392157
v 19.298533284361586 -19.297253237584705 -12.845403211699164 0.0980392157 0.0980392157 0.0980392157
v 11.317228280741094 -11.055795491317369 -2.053253696573544 0.0980392157 0.0980392157 0.0980392157
v 4.3383621721119487 -14.691046750318145 -7.8158957935617934 0.0980392157 0.0980392157 0.0980392157
v 19.298533284361586 -19.297253237584705 -12.845403211699164 0.0980392157 0.0980392157 0.0980392157
v 4.3383621721119487 -14.691046750318145 -7.8158957935617934 0.0980392157 0.0980392157 0.0980392157
v 9.8347396850585938 -26.190231323242188 -7.640678882598877 0.0980392157 0.0980392157 0.0980392157
v 13.605363592706411 -25.7456954297487 -113.87201628175885 0.0980392157 0.0980392157 0.0980392157
v 11.515947666783326 -20.405185974222931 -29.820393757593465 0.0980392157 0.0980392157 0.0980392157
v 3.6101493661037019 -24.624577031413239 -35.097395869810228 0.0980392157 0.0980392157 0.0980392157
v 22.095509297318365 -16.797832112705446 -25.035169943444487 0.0980392157 0.0980392157 0.0980392157
v 21.062162399291992 -22.415079116821289 -4.2463459968566895 0.0980392157 0.0980392157 0.0980392157
v 24.667793315729302 -11.747011935164622 -8.5273007577393827 0.0980392157 0.0980392157 0.0980392157
v 19.298533284361586 -19.297253237584705 -12.845403211699164 0.0980392157 0.0980392157 0.0980392157
v 39.667815415481599 -23.529007610978141 -136.38668396627816 0.0980392157 0.0980392157 0.0980392157
v 20.43002037769687 -26.379938798277525 -132.58285034869277 0.0980392157 0.0980392157 0.0980392157
v 2.6042725199068855 -24.598598382677416 -142.15873213245064 0.0980392157 0.0980392157 0.0980392157
v 26.541667619301485 -23.119685182152569 -117.66919837322718 0.0980392157 0.0980392157 0.0980392157
v 4.6455088040445709 -23.988828790598763 -121.30551749609269 0.0980392157 0.0980392157 0.0980392157
v 29.274439131689967 -18.737217626554791 -109.1358843188407 0.0980392157 0.0980392157 0.0980392157
v 26.541667619301485 -23.119685182152569 -117.66919837322718 0.0980392157 0.0980392157 0.0980392157
v 13.605363592706411 -25.7456954297487 -113.87201628175885 0.0980392157 0.0980392157 0.0980392157
v 37.039855421608152 -25.639681461142047 -78.627773164937807 0.0980392157 0.0980392157 0.0980392157
v 32.988508231872466 -20.620804362070189 -26.010116311291302 0.0980392157 0.0980392157 0.0980392157
v 22.095509297318365 -16.797832112705446 -25.035169943444487 0.0980392157 0.0980392157 0.0980392157
v 32.047687530517578 -18.69648551940918 -20.805892944335938 0.0980392157 0.0980392157 0.0980392157
v 30.325948497345244 -20.913234332903031 -3.4967544801387485 0.0980392157 0.0980392157 0.0980392157
v 21.062162399291992 -22.415079116821289 -4.2463459968566895 0.0980392157 0.0980392157 0.0980392157
v 30.325948497345244 -20.913234332903031 -3.4967544801387485 0.0980392157 0.0980392157 0.0980392157
v 38.254948143709093 -9.2045943497325631 -5.8849890125525981 0.0980392157 0.0980392157 0.0980392157
v 24.667793315729302 -11.747011935164622 -8.5273007577393827 0.0980392157 0.0980392157 0.0980392157
v 39.667815415481599 -23.529007610978141 -136.38668396627816 0.0980392157 0.0980392157 0.0980392157
v 28.062249701307657 -24.941811147892857 -109.23790138434018 0.0980392157 0.0980392157 0.0980392157
v 29.274439131689967 -18.737217626554791 -109.1358843188407 0.0980392157 0.0980392157 0.0980392157
v 13.605363592706411 -25.7456954297487 -113.87201628175885 0.0980392157 0.0980392157 0.0980392157
v 28.062249701307657 -24.941811147892857 -109.23790138434018 0.0980392157 0.0980392157 0.0980392157
v 32.988508231872466 -20.620804362070189 -26.010116311291302 0.0980392157 0.0980392157 0.0980392157
v 32.047687530517578 -18.69648551940918 -20.805892944335938 0.0980392157 0.0980392157 0.0980392157
v 24.882539012260509 -10.812099522109055 -27.828317589960875 0.0980392157 0.0980392157 0.0980392157
v 35.229729914835417 -23.319037458344845 -90.121780731908359 0.0980392157 0.0980392157 0.0980392157
v 29.99641227722168 -24.886934280395508 -87.147377014160156 0.0980392157 0.0980392157 0.0980392157
v 30.325948497345244 -20.913234332903031 -3.4967544801387485 0.0980392157 0.0980392157 0.0980392157
v 47.331385869897964 -24.394196540314098 -47.127842853482733 0.0980392157 0.0980392157 0.0980392157
v 38.256425223630274 -25.917862810810512 -27.750344726741538 0.0980392157 0.0980392157 0.0980392157
v 45.386832673968179 -24.906742138359398 -104.37428631816461 0.0980392157 0.0980392157 0.0980392157
v 37.018313350457788 -25.41845015351354 -115.97079341026593 0.0980392157 0.0980392157 0.0980392157
v 47.331385869897964 -24.394196540314098 -47.127842853482733 0.0980392157 0.0980392157 0.0980392157
v 48.225207846144649 -23.647328781396652 -60.366288031020993 0.0980392157 0.0980392157 0.0980392157
v 46.308462624224163 -16.479780028112192 -45.857542856498853 0.0980392157 0.0980392157 0.0980392157
v 41.274377975287763 -27.158205116108149 -93.341091385114197 0.0980392157 0.0980392157 0.0980392157
v 44.655110484244005 -33.536981776882619 -82.823237355261384 0.0980392157 0.0980392157 0.0980392157
v 41.274377975287763 -27.158205116108149 -93.341091385114197 0.0980392157 0.0980392157 0.0980392157
v 46.418333094703748 -17.993943182181923 -77.294303135831754 0.0980392157 0.0980392157 0.0980392157
v 50.004423496199109 -30.537237303209203 -74.794570071313672 0.0980392157 0.0980392157 0.0980392157
v 44.655110484244005 -33.536981776882619 -82.823237355261384 0.0980392157 0.0980392157 0.0980392157
v 46.418333094703748 -17.993943182181923 -77.294303135831754 0.0980392157 0.0980392157 0.0980392157
v 48.225207846144649 -23.647328781396652 -60.366288031020993 0.0980392157 0.0980392157 0.0980392157
v 50.004423496199109 -30.537237303209203 -74.794570071313672 0.0980392157 0.0980392157 0.0980392157
v 46.418333094703748 -17.993943182181923 -77.294303135831754 0.0980392157 0.0980392157 0.0980392157
v -55.697018918417299 -28.264712041625049 -79.281994659285715 0.0980392157 0.0980392157 0.0980392157
v -52.223594803313539 -26.155445485198953 -99.199058648199198 0.0980392157 0.0980392157 0.0980392157
v -35.663989479222785 -24.297550473479369 -15.821795836914173 0.0980392157 0.0980392157 0.0980392157
v -39.497935009342072 -17.619760921484858 1.0736184343661661 0.0980392157 0.0980392157 0.0980392157
v -27.123003820414525 -26.5457897494265 -75.078981478712919 0.0980392157 0.0980392157 0.0980392157
v -35.187461853027344 -26.298490524291992 -75.822036743164062 0.0980392157 0.0980392157 0.0980392157
v -22.508950424534572 -26.929340747697026 -22.42697113364072 0.0980392157 0.0980392157 0.0980392157
v -32.830971852368712 -23.226987723730023 -37.832495132604521 0.0980392157 0.0980392157 0.0980392157
v -22.025843613716859 -25.844419659130903 -49.687614262047262 0.0980392157 0.0980392157 0.0980392157
v -27.529451457308465 -24.905364215494565 -49.092412628094486 0.0980392157 0.0980392157 0.0980392157
v -26.708737111772447 -25.323559754780668 -38.26001270760581 0.0980392157 0.0980392157 0.0980392157
v -9.1871642227820303 -30.021700070200353 -106.45816501115144 0.0980392157 0.0980392157 0.0980392157
v 1.5269822589660684 -20.390806274950616 -41.325639900917764 0.0980392157 0.0980392157 0.0980392157
v -5.7055645829791661 -26.74258342570236 -52.9713274506217 0.0980392157 0.0980392157 0.0980392157
v -7.0272717475891113 -26.941532135009766 -45.974956512451172 0.0980392157 0.0980392157 0.0980392157
v -14.867226325737541 -26.466401075415416 -28.330833169923928 0.0980392157 0.0980392157 0.0980392157
v -9.3539218902587891 -26.969524383544922 -28.716962814331055 0.0980392157 0.0980392157 0.0980392157
v -9.8395033830422598 -26.704419649889832 -35.472518103758937 0.0980392157 0.0980392157 0.0980392157
v -14.867226325737541 -26.466401075415416 -28.330833169923928 0.0980392157 0.0980392157 0.0980392157
v -5.2120643111925258 -19.328815286824963 -19.928748249208116 0.0980392157 0.0980392157 0.0980392157
v -9.3539218902587891 -26.969524383544922 -28.716962814331055 0.0980392157 0.0980392157 0.0980392157
v -9.8395033830422598 -26.704419649889832 -35.472518103758937 0.0980392157 0.0980392157 0.0980392157
v -1.5449517965316772 -21.97807502746582 -33.511886596679688 0.0980392157 0.0980392157 0.0980392157
v -7.549468375142812 -27.977781487545059 -40.06150172128487 0.0980392157 0.0980392157 0.0980392157
v -7.2249012566060271 -25.841134657642225 -2.8164330178385444 0.0980392157 0.0980392157 0.0980392157
v -5.2120643111925258 -19.328815286824963 -19.928748249208116 0.0980392157 0.0980392157 0.0980392157
v -14.867226325737541 -26.466401075415416 -28.330833169923928 0.0980392157 0.0980392157 0.0980392157
v -14.105127711514507 -25.409614937411138 -1.3728768159224642 0.0980392157 0.0980392157 0.0980392157
v -4.4659183475058981 -14.268197908258296 1.0199891549153794 0.0980392157 0.0980392157 0.0980392157
v -7.2249012566060271 -25.841134657642225 -2.8164330178385444 0.0980392157 0.0980392157 0.0980392157
v -12.167555742199472 -27.799206330498379 -0.011947482643835924 0.0980392157 0.0980392157 0.0980392157
v -4.4659183475058981 -14.268197908258296 1.0199891549153794 0.0980392157 0.0980392157 0.0980392157
v -14.105127711514507 -25.409614937411138 -1.3728768159224642 0.0980392157 0.0980392157 0.0980392157
v -12.167555742199472 -27.799206330498379 -0.011947482643835924 0.0980392157 0.0980392157 0.0980392157
v 4.0025472642488449 -14.219280907737025 1.2214345473128261 0.0980392157 0.0980392157 0.0980392157
v -4.4659183475058981 -14.268197908258296 1.0199891549153794 0.0980392157 0.0980392157 0.0980392157
v -7.549468375142812 -27.977781487545059 -40.06150172128487 0.0980392157 0.0980392157 0.0980392157
v -7.0272717475891113 -26.941532135009766 -45.974956512451172 0.0980392157 0.0980392157 0.0980392157
v 1.5269822589660684 -20.390806274950616 -41.325639900917764 0.0980392157 0.0980392157 0.0980392157
v -7.549468375142812 -27.977781487545059 -40.06150172128487 0.0980392157 0.0980392157 0.0980392157
v 1.5269822589660684 -20.390806274950616 -41.325639900917764 0.0980392157 0.0980392157 0.0980392157
v -7.549468375142812 -27.977781487545059 -40.06150172128487 0.0980392157 0.0980392157 0.0980392157
v -7.0272717475891113 -26.941532135009766 -45.974956512451172 0.0980392157 0.0980392157 0.0980392157
v 11.658474741785497 -26.518478582427552 -1.7365756375064649 0.0980392157 0.0980392157 0.0980392157
v 4.3383621721119487 -14.691046750318145 -7.8158957935617934 0.0980392157 0.0980392157 0.0980392157
v 4.4437060356140137 -24.963872909545898 -2.5736424922943115 0.0980392157 0.0980392157 0.0980392157
v 11.658474741785497 -26.518478582427552 -1.7365756375064649 0.0980392157 0.0980392157 0.0980392157
v 4.4437060356140137 -24.963872909545898 -2.5736424922943115 0.0980392157 0.0980392157 0.0980392157
v 4.0025472642488449 -14.219280907737025 1.2214345473128261 0.0980392157 0.0980392157 0.0980392157
v 11.658474741785497 -26.518478582427552 -1.7365756375064649 0.0980392157 0.0980392157 0.0980392157
v 9.8347396850585938 -26.190231323242188 -7.640678882598877 0.0980392157 0.0980392157 0.0980392157
v 4.3383621721119487 -14.691046750318145 -7.8158957935617934 0.0980392157 0.0980392157 0.0980392157
v 11.658474741785497 -26.518478582427552 -1.7365756375064649 0.0980392157 0.0980392157 0.0980392157
v 11.658474741785497 -26.518478582427552 -1.7365756375064649 0.0980392157 0.0980392157 0.0980392157
v 19.298533284361586 -19.297253237584705 -12.845403211699164 0.0980392157 0.0980392157 0.0980392157
v 9.8347396850585938 -26.190231323242188 -7.640678882598877 0.0980392157 0.0980392157 0.0980392157
v 23.413305659513355 -53.01317222719058 -77.592644278286897 0.0980392157 0.0980392157 0.0980392157
v 21.062162399291992 -22.415079116821289 -4.2463459968566895 0.0980392157 0.0980392157 0.0980392157
v 9.0390533242066642 -25.351655387224422 -80.781396406187454 0.0980392157 0.0980392157 0.0980392157
v 24.989103317260742 -24.140924453735352 -81.471023559570312 0.0980392157 0.0980392157 0.0980392157
v 24.502119064331055 -25.311700820922852 -86.665458679199219 0.0980392157 0.0980392157 0.0980392157
v 11.515947666783326 -20.405185974222931 -29.820393757593465 0.0980392157 0.0980392157 0.0980392157
v 14.444712570221327 -25.668830066687793 -23.043110719362247 0.0980392157 0.0980392157 0.0980392157
v 11.897134113461945 -29.638235616965748 -111.84761831970971 0.0980392157 0.0980392157 0.0980392157
v 26.973073446386252 -32.571308945729896 -21.516645568638619 0.0980392157 0.0980392157 0.0980392157
v 22.095509297318365 -16.797832112705446 -25.035169943444487 0.0980392157 0.0980392157 0.0980392157
v 32.988508231872466 -20.620804362070189 -26.010116311291302 0.0980392157 0.0980392157 0.0980392157
v 26.973073446386252 -32.571308945729896 -21.516645568638619 0.0980392157 0.0980392157 0.0980392157
v 14.444712570221327 -25.668830066687793 -23.043110719362247 0.0980392157 0.0980392157 0.0980392157
v 22.095509297318365 -16.797832112705446 -25.035169943444487 0.0980392157 0.0980392157 0.0980392157
v 30.325948497345244 -20.913234332903031 -3.4967544801387485 0.0980392157 0.0980392157 0.0980392157
v 33.266164542733435 -29.81346411277223 -102.32021853261622 0.0980392157 0.0980392157 0.0980392157
v 40.84856860660814 -32.022328822702356 -31.849252782874114 0.0980392157 0.0980392157 0.0980392157
v 26.973073446386252 -32.571308945729896 -21.516645568638619 0.0980392157 0.0980392157 0.0980392157
v 40.579292048718393 -20.017530552384905 -39.867285391021575 0.0980392157 0.0980392157 0.0980392157
v 45.223996182175711 -31.205381772616533 -79.344681711864311 0.0980392157 0.0980392157 0.0980392157
v 43.059081937131154 -20.293382233202315 -73.063752064806707 0.0980392157 0.0980392157 0.0980392157
v 55.504869100192074 -37.983522800701927 -67.186644025298619 0.0980392157 0.0980392157 0.0980392157
v 43.059081937131154 -20.293382233202315 -73.063752064806707 0.0980392157 0.0980392157 0.0980392157
v 45.223996182175711 -31.205381772616533 -79.344681711864311 0.0980392157 0.0980392157 0.0980392157
v 54.246590579882678 -38.170991429740262 -57.860263121302133 0.0980392157 0.0980392157 0.0980392157
v 43.457526586771628 -18.122614156908782 -54.402775689302281 0.0980392157 0.0980392157 0.0980392157
v 43.059081937131154 -20.293382233202315 -73.063752064806707 0.0980392157 0.0980392157 0.0980392157
v 47.704698620149223 -31.011817206892729 -44.564694909803251 0.0980392157 0.0980392157 0.0980392157
v 40.579292048718393 -20.017530552384905 -39.867285391021575 0.0980392157 0.0980392157 0.0980392157
v 40.579292048718393 -20.017530552384905 -39.867285391021575 0.0980392157 0.0980392157 0.0980392157
v 46.83096086456618 -34.291391799525712 -37.079560618090078 0.0980392157 0.0980392157 0.0980392157
v 55.556413994106236 -40.758479704501255 -79.167520761529673 0.0980392157 0.0980392157 0.0980392157
v 44.655110484244005 -33.536981776882619 -82.823237355261384 0.0980392157 0.0980392157 0.0980392157
v 55.504869100192074 -37.983522800701927 -67.186644025298619 0.0980392157 0.0980392157 0.0980392157
v -34.897425414886357 -26.000422260649977 -58.823598413279534 0.0980392157 0.0980392157 0.0980392157
v -26.363500914552503 -28.695630451782012 -19.009844321660093 0.0980392157 0.0980392157 0.0980392157
v -29.538443427495899 -23.603155203731664 -0.57809795315278856 0.0980392157 0.0980392157 0.0980392157
v -2.3767338911119573 -29.883773976056684 -74.832611108596041 0.0980392157 0.0980392157 0.0980392157
v -12.846152332434388 -29.242524679766198 -54.570539782073261 0.0980392157 0.0980392157 0.0980392157
v -5.053788467039432 -29.759210077110392 -61.265135207696424 0.0980392157 0.0980392157 0.0980392157
v -8.0173359456084299 -31.444839870379653 -30.899623039683224 0.0980392157 0.0980392157 0.0980392157
v -12.846152332434388 -29.242524679766198 -54.570539782073261 0.0980392157 0.0980392157 0.0980392157
v -12.167555742199472 -27.799206330498379 -0.011947482643835924 0.0980392157 0.0980392157 0.0980392157
v -14.105127711514507 -25.409614937411138 -1.3728768159224642 0.0980392157 0.0980392157 0.0980392157
v -29.538443427495899 -23.603155203731664 -0.57809795315278856 0.0980392157 0.0980392157 0.0980392157
v -22.910635394782787 -24.824309958024067 -55.270903715053436 0.0980392157 0.0980392157 0.0980392157
v -5.7055645829791661 -26.74258342570236 -52.9713274506217 0.0980392157 0.0980392157 0.0980392157
v -4.4382477436774526 -34.50805937573142 -54.47207923833065 0.0980392157 0.0980392157 0.0980392157
v -12.846152332434388 -29.242524679766198 -54.570539782073261 0.0980392157 0.0980392157 0.0980392157
v -5.053788467039432 -29.759210077110392 -61.265135207696424 0.0980392157 0.0980392157 0.0980392157
v -5.394246906711599 -31.857937684593331 -46.229758174995553 0.0980392157 0.0980392157 0.0980392157
v -7.0272717475891113 -26.941532135009766 -45.974956512451172 0.0980392157 0.0980392157 0.0980392157
v -7.549468375142812 -27.977781487545059 -40.06150172128487 0.0980392157 0.0980392157 0.0980392157
v -5.394246906711599 -31.857937684593331 -46.229758174995553 0.0980392157 0.0980392157 0.0980392157
v 1.5269822589660684 -20.390806274950616 -41.325639900917764 0.0980392157 0.0980392157 0.0980392157
v -7.0272717475891113 -26.941532135009766 -45.974956512451172 0.0980392157 0.0980392157 0.0980392157
v 3.6101493661037019 -24.624577031413239 -35.097395869810228 0.0980392157 0.0980392157 0.0980392157
v -5.394246906711599 -31.857937684593331 -46.229758174995553 0.0980392157 0.0980392157 0.0980392157
v -7.549468375142812 -27.977781487545059 -40.06150172128487 0.0980392157 0.0980392157 0.0980392157
v 7.4293151869252654 -37.439481369435782 -71.258674676332973 0.0980392157 0.0980392157 0.0980392157
v -2.3767338911119573 -29.883773976056684 -74.832611108596041 0.0980392157 0.0980392157 0.0980392157
v 7.447433683982589 -32.545584394669575 -70.896303313807181 0.0980392157 0.0980392157 0.0980392157
v 7.4293151869252654 -37.439481369435782 -71.258674676332973 0.0980392157 0.0980392157 0.0980392157
v -5.053788467039432 -29.759210077110392 -61.265135207696424 0.0980392157 0.0980392157 0.0980392157
v -2.3767338911119573 -29.883773976056684 -74.832611108596041 0.0980392157 0.0980392157 0.0980392157
v -5.394246906711599 -31.857937684593331 -46.229758174995553 0.0980392157 0.0980392157 0.0980392157
v 0.33784807027527464 -42.039308595289654 -48.582289008079528 0.0980392157 0.0980392157 0.0980392157
v -5.7055645829791661 -26.74258342570236 -52.9713274506217 0.0980392157 0.0980392157 0.0980392157
v -5.394246906711599 -31.857937684593331 -46.229758174995553 0.0980392157 0.0980392157 0.0980392157
v -5.7055645829791661 -26.74258342570236 -52.9713274506217 0.0980392157 0.0980392157 0.0980392157
v 1.5269822589660684 -20.390806274950616 -41.325639900917764 0.0980392157 0.0980392157 0.0980392157
v -0.81044789536450779 -37.789714851562003 -33.010148402874663 0.0980392157 0.0980392157 0.0980392157
v -5.394246906711599 -31.857937684593331 -46.229758174995553 0.0980392157 0.0980392157 0.0980392157
v 3.6101493661037019 -24.624577031413239 -35.097395869810228 0.0980392157 0.0980392157 0.0980392157
v -0.81044789536450779 -37.789714851562003 -33.010148402874663 0.0980392157 0.0980392157 0.0980392157
v 7.447433683982589 -32.545584394669575 -70.896303313807181 0.0980392157 0.0980392157 0.0980392157
v 8.1843652725219727 -28.601251602172852 -79.887626647949219 0.0980392157 0.0980392157 0.0980392157
v 4.9070077937756835 -41.503720510977892 -66.353065234790094 0.0980392157 0.0980392157 0.0980392157
v 5.9144093128608759 -37.193361011106106 -26.074642916454366 0.0980392157 0.0980392157 0.0980392157
v 11.515947666783326 -20.405185974222931 -29.820393757593465 0.0980392157 0.0980392157 0.0980392157
v 4.156707231507216 -39.871304787904677 -31.6057652725904 0.0980392157 0.0980392157 0.0980392157
v 3.6101493661037019 -24.624577031413239 -35.097395869810228 0.0980392157 0.0980392157 0.0980392157
v 5.9144093128608759 -37.193361011106106 -26.074642916454366 0.0980392157 0.0980392157 0.0980392157
v 4.156707231507216 -39.871304787904677 -31.6057652725904 0.0980392157 0.0980392157 0.0980392157
v -0.81044789536450779 -37.789714851562003 -33.010148402874663 0.0980392157 0.0980392157 0.0980392157
v 3.6101493661037019 -24.624577031413239 -35.097395869810228 0.0980392157 0.0980392157 0.0980392157
v 8.0632136372595014 -30.009276124009183 -85.075969446020423 0.0980392157 0.0980392157 0.0980392157
v 13.007961413477751 -32.400153503936266 -76.383454567532084 0.0980392157 0.0980392157 0.0980392157
v 8.1843652725219727 -28.601251602172852 -79.887626647949219 0.0980392157 0.0980392157 0.0980392157
v 8.0632136372595014 -30.009276124009183 -85.075969446020423 0.0980392157 0.0980392157 0.0980392157
v 7.4293151869252654 -37.439481369435782 -71.258674676332973 0.0980392157 0.0980392157 0.0980392157
v 7.447433683982589 -32.545584394669575 -70.896303313807181 0.0980392157 0.0980392157 0.0980392157
v 8.1843652725219727 -28.601251602172852 -79.887626647949219 0.0980392157 0.0980392157 0.0980392157
v 13.007961413477751 -32.400153503936266 -76.383454567532084 0.0980392157 0.0980392157 0.0980392157
v 7.4293151869252654 -37.439481369435782 -71.258674676332973 0.0980392157 0.0980392157 0.0980392157
v 8.1843652725219727 -28.601251602172852 -79.887626647949219 0.0980392157 0.0980392157 0.0980392157
v 12.243437370206939 -36.6896408418432 -23.094134935849599 0.0980392157 0.0980392157 0.0980392157
v 11.515947666783326 -20.405185974222931 -29.820393757593465 0.0980392157 0.0980392157 0.0980392157
v 14.444712570221327 -25.668830066687793 -23.043110719362247 0.0980392157 0.0980392157 0.0980392157
v 12.243437370206939 -36.6896408418432 -23.094134935849599 0.0980392157 0.0980392157 0.0980392157
v 5.9144093128608759 -37.193361011106106 -26.074642916454366 0.0980392157 0.0980392157 0.0980392157
v 11.515947666783326 -20.405185974222931 -29.820393757593465 0.0980392157 0.0980392157 0.0980392157
v 29.016111055838312 -29.428297263466099 -93.013476353256777 0.0980392157 0.0980392157 0.0980392157
v 24.7449143678936 -32.960803661450981 -80.612592992940719 0.0980392157 0.0980392157 0.0980392157
v 13.007961413477751 -32.400153503936266 -76.383454567532084 0.0980392157 0.0980392157 0.0980392157
v 8.0632136372595014 -30.009276124009183 -85.075969446020423 0.0980392157 0.0980392157 0.0980392157
v 24.7449143678936 -32.960803661450981 -80.612592992940719 0.0980392157 0.0980392157 0.0980392157
v 25.166601647741373 -39.838439553780333 -80.688683889149132 0.0980392157 0.0980392157 0.0980392157
v 13.007961413477751 -32.400153503936266 -76.383454567532084 0.0980392157 0.0980392157 0.0980392157
v 26.973073446386252 -32.571308945729896 -21.516645568638619 0.0980392157 0.0980392157 0.0980392157
v 12.243437370206939 -36.6896408418432 -23.094134935849599 0.0980392157 0.0980392157 0.0980392157
v 14.444712570221327 -25.668830066687793 -23.043110719362247 0.0980392157 0.0980392157 0.0980392157
v 26.122873503628 -28.114769960910031 -88.12487144224778 0.0980392157 0.0980392157 0.0980392157
v 26.122873503628 -28.114769960910031 -88.12487144224778 0.0980392157 0.0980392157 0.0980392157
v 11.658474741785497 -26.518478582427552 -1.7365756375064649 0.0980392157 0.0980392157 0.0980392157
v 19.053539521587766 -28.120767385578624 -13.565030787644652 0.0980392157 0.0980392157 0.0980392157
v 30.325948497345244 -20.913234332903031 -3.4967544801387485 0.0980392157 0.0980392157 0.0980392157
v 25.166601647741373 -39.838439553780333 -80.688683889149132 0.0980392157 0.0980392157 0.0980392157
v 24.7449143678936 -32.960803661450981 -80.612592992940719 0.0980392157 0.0980392157 0.0980392157
v 26.122873503628 -28.114769960910031 -88.12487144224778 0.0980392157 0.0980392157 0.0980392157
v 26.122873503628 -28.114769960910031 -88.12487144224778 0.0980392157 0.0980392157 0.0980392157
v 34.696022279240196 -35.314141740312103 -82.779176054381011 0.0980392157 0.0980392157 0.0980392157
v 25.166601647741373 -39.838439553780333 -80.688683889149132 0.0980392157 0.0980392157 0.0980392157
v 24.488039020869728 -30.886883790021965 -19.079771315966511 0.0980392157 0.0980392157 0.0980392157
v 35.605093136375309 -19.589508003984623 -18.564429202878021 0.0980392157 0.0980392157 0.0980392157
v 19.053539521587766 -28.120767385578624 -13.565030787644652 0.0980392157 0.0980392157 0.0980392157
v 34.696022279240196 -35.314141740312103 -82.779176054381011 0.0980392157 0.0980392157 0.0980392157
v 26.122873503628 -28.114769960910031 -88.12487144224778 0.0980392157 0.0980392157 0.0980392157
v 29.016111055838312 -29.428297263466099 -93.013476353256777 0.0980392157 0.0980392157 0.0980392157
v 38.256425223630274 -25.917862810810512 -27.750344726741538 0.0980392157 0.0980392157 0.0980392157
v 35.605093136375309 -19.589508003984623 -18.564429202878021 0.0980392157 0.0980392157 0.0980392157
v 24.488039020869728 -30.886883790021965 -19.079771315966511 0.0980392157 0.0980392157 0.0980392157
v 34.696022279240196 -35.314141740312103 -82.779176054381011 0.0980392157 0.0980392157 0.0980392157
v 29.016111055838312 -29.428297263466099 -93.013476353256777 0.0980392157 0.0980392157 0.0980392157
v 41.274377975287763 -27.158205116108149 -93.341091385114197 0.0980392157 0.0980392157 0.0980392157
v 45.214034082549858 -43.81173367592055 -83.781645121042345 0.0980392157 0.0980392157 0.0980392157
v 38.815917805336809 -36.820962289247625 -28.348442454738759 0.0980392157 0.0980392157 0.0980392157
v 54.178648327966911 -46.408385850051701 -84.839758847634243 0.0980392157 0.0980392157 0.0980392157
v 44.655110484244005 -33.536981776882619 -82.823237355261384 0.0980392157 0.0980392157 0.0980392157
v 55.556413994106236 -40.758479704501255 -79.167520761529673 0.0980392157 0.0980392157 0.0980392157
v 55.504869100192074 -37.983522800701927 -67.186644025298619 0.0980392157 0.0980392157 0.0980392157
v 58.07809682951455 -43.865385674277654 -57.148351857584316 0.0980392157 0.0980392157 0.0980392157
v -12.167555742199472 -27.799206330498379 -0.011947482643835924 0.0980392157 0.0980392157 0.0980392157
v 2.0722534588690635 -30.706405500702878 -17.705696366322236 0.0980392157 0.0980392157 0.0980392157
v -4.4382477436774526 -34.50805937573142 -54.47207923833065 0.0980392157 0.0980392157 0.0980392157
v 1.5151002888029268 -45.184130911386063 -56.012108271670286 0.0980392157 0.0980392157 0.0980392157
v -8.0173359456084299 -31.444839870379653 -30.899623039683224 0.0980392157 0.0980392157 0.0980392157
v -4.4382477436774526 -34.50805937573142 -54.47207923833065 0.0980392157 0.0980392157 0.0980392157
v -5.053788467039432 -29.759210077110392 -61.265135207696424 0.0980392157 0.0980392157 0.0980392157
v 13.624460402369436 -45.645930312672931 -75.25286954088665 0.0980392157 0.0980392157 0.0980392157
v 7.4293151869252654 -37.439481369435782 -71.258674676332973 0.0980392157 0.0980392157 0.0980392157
v 22.512644162989936 -40.712510498718601 -24.327793299712834 0.0980392157 0.0980392157 0.0980392157
v 24.488039020869728 -30.886883790021965 -19.079771315966511 0.0980392157 0.0980392157 0.0980392157
v 19.053539521587766 -28.120767385578624 -13.565030787644652 0.0980392157 0.0980392157 0.0980392157
v 32.059015717945528 -56.365230628571169 -81.003295130081099 0.0980392157 0.0980392157 0.0980392157
v 32.126693587648944 -41.706678778077503 -27.187598696119387 0.0980392157 0.0980392157 0.0980392157
v 24.488039020869728 -30.886883790021965 -19.079771315966511 0.0980392157 0.0980392157 0.0980392157
v 32.059015717945528 -56.365230628571169 -81.003295130081099 0.0980392157 0.0980392157 0.0980392157
v 45.214034082549858 -43.81173367592055 -83.781645121042345 0.0980392157 0.0980392157 0.0980392157
v 48.482110852767178 -57.311413299320293 -87.514205880807552 0.0980392157 0.0980392157 0.0980392157
v 34.696022279240196 -35.314141740312103 -82.779176054381011 0.0980392157 0.0980392157 0.0980392157
v 44.655110484244005 -33.536981776882619 -82.823237355261384 0.0980392157 0.0980392157 0.0980392157
v 45.410407554436823 -42.88378905013478 -39.743220089726108 0.0980392157 0.0980392157 0.0980392157
v 45.214034082549858 -43.81173367592055 -83.781645121042345 0.0980392157 0.0980392157 0.0980392157
v 55.556413994106236 -40.758479704501255 -79.167520761529673 0.0980392157 0.0980392157 0.0980392157
v 45.223996182175711 -31.205381772616533 -79.344681711864311 0.0980392157 0.0980392157 0.0980392157
v 56.474911211560539 -52.192855812612287 -55.767095852073979 0.0980392157 0.0980392157 0.0980392157
v 56.474911211560539 -52.192855812612287 -55.767095852073979 0.0980392157 0.0980392157 0.0980392157
v 55.504869100192074 -37.983522800701927 -67.186644025298619 0.0980392157 0.0980392157 0.0980392157
v 45.223996182175711 -31.205381772616533 -79.344681711864311 0.0980392157 0.0980392157 0.0980392157
v 55.556413994106236 -40.758479704501255 -79.167520761529673 0.0980392157 0.0980392157 0.0980392157
v 2.8121441294218705 -46.779855435225798 -39.966993062645976 0.0980392157 0.0980392157 0.0980392157
v 8.3076974564574435 -48.93112314394218 -42.365871468460668 0.0980392157 0.0980392157 0.0980392157
v -0.81044789536450779 -37.789714851562003 -33.010148402874663 0.0980392157 0.0980392157 0.0980392157
v 4.156707231507216 -39.871304787904677 -31.6057652725904 0.0980392157 0.0980392157 0.0980392157
v 11.324417217103658 -50.389106181043033 -70.955978780924994 0.0980392157 0.0980392157 0.0980392157
v 18.23687470686194 -55.973483166588672 -68.080009135042545 0.0980392157 0.0980392157 0.0980392157
v 8.3076974564574435 -48.93112314394218 -42.365871468460668 0.0980392157 0.0980392157 0.0980392157
v 5.9144093128608759 -37.193361011106106 -26.074642916454366 0.0980392157 0.0980392157 0.0980392157
v 18.23687470686194 -55.973483166588672 -68.080009135042545 0.0980392157 0.0980392157 0.0980392157
v 23.413305659513355 -53.01317222719058 -77.592644278286897 0.0980392157 0.0980392157 0.0980392157
v 4.9070077937756835 -41.503720510977892 -66.353065234790094 0.0980392157 0.0980392157 0.0980392157
v 33.459059418445449 -45.634249105790147 -33.106981331714721 0.0980392157 0.0980392157 0.0980392157
v 12.243437370206939 -36.6896408418432 -23.094134935849599 0.0980392157 0.0980392157 0.0980392157
v 23.080744644618797 -53.863742930470991 -41.622018739720545 0.0980392157 0.0980392157 0.0980392157
v 39.714762916266352 -66.679381054773359 -84.749537638334914 0.0980392157 0.0980392157 0.0980392157
v 54.178648327966911 -46.408385850051701 -84.839758847634243 0.0980392157 0.0980392157 0.0980392157
v 55.556413994106236 -40.758479704501255 -79.167520761529673 0.0980392157 0.0980392157 0.0980392157
v 45.214034082549858 -43.81173367592055 -83.781645121042345 0.0980392157 0.0980392157 0.0980392157
v 56.474911211560539 -52.192855812612287 -55.767095852073979 0.0980392157 0.0980392157 0.0980392157
v 55.504869100192074 -37.983522800701927 -67.186644025298619 0.0980392157 0.0980392157 0.0980392157
v 56.474911211560539 -52.192855812612287 -55.767095852073979 0.0980392157 0.0980392157 0.0980392157
v 55.504869100192074 -37.983522800701927 -67.186644025298619 0.0980392157 0.0980392157 0.0980392157
v 58.07809682951455 -43.865385674277654 -57.148351857584316 0.0980392157 0.0980392157 0.0980392157
v 48.482110852767178 -57.311413299320293 -87.514205880807552 0.0980392157 0.0980392157 0.0980392157
v 54.178648327966911 -46.408385850051701 -84.839758847634243 0.0980392157 0.0980392157 0.0980392157
v 45.214034082549858 -43.81173367592055 -83.781645121042345 0.0980392157 0.0980392157 0.0980392157
v 42.55044212356843 -63.64571695956802 -54.868195705592122 0.0980392157 0.0980392157 0.0980392157
v 50.667888187935162 -60.547689079298138 -54.389228385073785 0.0980392157 0.0980392157 0.0980392157
v 31.198276803771876 -68.000035165746993 -73.060815645615818 0.0980392157 0.0980392157 0.0980392157
v 23.413305659513355 -53.01317222719058 -77.592644278286897 0.0980392157 0.0980392157 0.0980392157
v 31.198276803771876 -68.000035165746993 -73.060815645615818 0.0980392157 0.0980392157 0.0980392157
v 23.413305659513355 -53.01317222719058 -77.592644278286897 0.0980392157 0.0980392157 0.0980392157
v 18.23687470686194 -55.973483166588672 -68.080009135042545 0.0980392157 0.0980392157 0.0980392157
v 22.488239578724702 -57.616760320549602 -44.055708338955846 0.0980392157 0.0980392157 0.0980392157
v 20.050713149177774 -59.321197711321922 -51.651216928740439 0.0980392157 0.0980392157 0.0980392157
v 22.488239578724702 -57.616760320549602 -44.055708338955846 0.0980392157 0.0980392157 0.0980392157
v 31.198276803771876 -68.000035165746993 -73.060815645615818 0.0980392157 0.0980392157 0.0980392157
v 11.324417217103658 -50.389106181043033 -70.955978780924994 0.0980392157 0.0980392157 0.0980392157
v 39.714762916266352 -66.679381054773359 -84.749537638334914 0.0980392157 0.0980392157 0.0980392157
v 34.033619338939793 -68.962964847743891 -78.627017797796753 0.0980392157 0.0980392157 0.0980392157
v 31.64559593023969 -66.637685030890111 -63.416627322477638 0.0980392157 0.0980392157 0.0980392157
v 18.23687470686194 -55.973483166588672 -68.080009135042545 0.0980392157 0.0980392157 0.0980392157
v 8.3076974564574435 -48.93112314394218 -42.365871468460668 0.0980392157 0.0980392157 0.0980392157
v 23.080744644618797 -53.863742930470991 -41.622018739720545 0.0980392157 0.0980392157 0.0980392157
v 34.033619338939793 -68.962964847743891 -78.627017797796753 0.0980392157 0.0980392157 0.0980392157
v 32.059015717945528 -56.365230628571169 -81.003295130081099 0.0980392157 0.0980392157 0.0980392157
v 31.198276803771876 -68.000035165746993 -73.060815645615818 0.0980392157 0.0980392157 0.0980392157
v 39.714762916266352 -66.679381054773359 -84.749537638334914 0.0980392157 0.0980392157 0.0980392157
v 32.059015717945528 -56.365230628571169 -81.003295130081099 0.0980392157 0.0980392157 0.0980392157
v 34.033619338939793 -68.962964847743891 -78.627017797796753 0.0980392157 0.0980392157 0.0980392157
v 50.667888187935162 -60.547689079298138 -54.389228385073785 0.0980392157 0.0980392157 0.0980392157
v 42.55044212356843 -63.64571695956802 -54.868195705592122 0.0980392157 0.0980392157 0.0980392157
v 56.474911211560539 -52.192855812612287 -55.767095852073979 0.0980392157 0.0980392157 0.0980392157
v 31.198276803771876 -68.000035165746993 -73.060815645615818 0.0980392157 0.0980392157 0.0980392157
v 31.64559593023969 -66.637685030890111 -63.416627322477638 0.0980392157 0.0980392157 0.0980392157
v 42.55044212356843 -63.64571695956802 -54.868195705592122 0.0980392157 0.0980392157 0.0980392157
v 31.64559593023969 -66.637685030890111 -63.416627322477638 0.0980392157 0.0980392157 0.0980392157
v 39.310267773212992 -66.084037248187457 -54.360923194879931 0.0980392157 0.0980392157 0.0980392157
v 31.64559593023969 -66.637685030890111 -63.416627322477638 0.0980392157 0.0980392157 0.0980392157
v 42.55044212356843 -63.64571695956802 -54.868195705592122 0.0980392157 0.0980392157 0.0980392157
v 50.667888187935162 -60.547689079298138 -54.389228385073785 0.0980392157 0.0980392157 0.0980392157
v 39.310267773212992 -66.084037248187457 -54.360923194879931 0.0980392157 0.0980392157 0.0980392157
v 42.55044212356843 -63.64571695956802 -54.868195705592122 0.0980392157 0.0980392157 0.0980392157
v 11.324417217103658 -50.389106181043033 -70.955978780924994 0.0980392157 0.0980392157 0.0980392157
v 34.033619338939793 -68.962964847743891 -78.627017797796753 0.0980392157 0.0980392157 0.0980392157
v 39.310267773212992 -66.084037248187457 -54.360923194879931 0.0980392157 0.0980392157 0.0980392157
v -19.847806277432596 6.1323433875780893 -131.86391735979046 0.0980392157 0.0980392157 0.0980392157
v 15.5 6.0472307205200195 -5.9990720748901367 0.0980392157 0.0980392157 0.0980392157
v -41.69494327598678 -10.334525060191528 -76.172863883406976 0.0980392157 0.0980392157 0.0980392157
v -31.905499580213004 -10.426940793798451 -83.488517174324954 0.0980392157 0.0980392157 0.0980392157
v -28.70976396518742 -0.83483244896871867 -85.136095943522918 0.0980392157 0.0980392157 0.0980392157
v -6.9939758720916974 -14.850473791921914 -124.2089690918733 0.0980392157 0.0980392157 0.0980392157
v 43.803108215332031 -2.5448951721191406 -33.540981292724609 0.0980392157 0.0980392157 0.0980392157
v -1.196092963218689 -19.565937042236328 -114.14774322509766 0.0980392157 0.0980392157 0.0980392157
v -2.8312713738021493 -16.029532867064489 -104.76224339322917 0.0980392157 0.0980392157 0.0980392157
v 1.1772103198330406 -6.8281523535359199 -55.120400884155906 0.0980392157 0.0980392157 0.0980392157
v 22.809423109210861 -12.380045198440065 -96.774265708414092 0.0980392157 0.0980392157 0.0980392157
v -14.083955764770508 -21.741664886474609 -70.54736328125 0.0980392157 0.0980392157 0.0980392157
v -27.123003820414525 -26.5457897494265 -75.078981478712919 0.0980392157 0.0980392157 0.0980392157
v -18.358928092727673 -21.254124913617581 -63.724334960413238 0.0980392157 0.0980392157 0.0980392157
v 24.989103317260742 -24.140924453735352 -81.471023559570312 0.0980392157 0.0980392157 0.0980392157
v 47.456268357984591 -16.956769589208569 -129.2819283816342 0.0980392157 0.0980392157 0.0980392157
v -4.7895230162551838 -26.126415287213387 -84.518250849866178 0.0980392157 0.0980392157 0.0980392157
v 54.178648327966911 -46.408385850051701 -84.839758847634243 0.0980392157 0.0980392157 0.0980392157
v -68.229897610722674 7.5511755167363219 -123.2196566097743 0.0980392157 0.0980392157 0.0980392157
v -51.046411003588595 14.460154219135799 -43.854093866193125 0.0980392157 0.0980392157 0.0980392157
v -38.845944337335048 17.797420192534304 -38.802647093513897 0.0980392157 0.0980392157 0.0980392157
v -46.215762398588389 10.788201196486591 -21.980711768246 0.0980392157 0.0980392157 0.0980392157
v -76.877498331986516 -3.7139976609697225 -104.42107065466845 0.0980392157 0.0980392157 0.0980392157
v 28.980829770231878 -1.4150886241578746 -76.960539415022495 0.0980392157 0.0980392157 0.0980392157
v 31.243729397343671 6.7411375125030304 -73.928758820799018 0.0980392157 0.0980392157 0.0980392157
v -34.276137403112052 -0.23177239866138066 -96.927767663394576 0.0980392157 0.0980392157 0.0980392157
v -25.917376424845976 -2.3961370474508286 -40.039054538964876 0.0980392157 0.0980392157 0.0980392157
v -15.184157322063911 -9.9504965371246001 -86.455903922828384 0.0980392157 0.0980392157 0.0980392157
v -13.729785313784813 -0.67425196955343658 -87.63740705442693 0.0980392157 0.0980392157 0.0980392157
v -21.297502517700195 -1.3775527477264404 -29.332403182983398 0.0980392157 0.0980392157 0.0980392157
v 9.3735329441258664 -2.9341315297070265 -108.85851195923546 0.0980392157 0.0980392157 0.0980392157
v 11.272443148751378 -4.1428422044112381 -127.11849403956032 0.0980392157 0.0980392157 0.0980392157
v 39.742408734852916 -8.0286054545494814 -102.72429583973285 0.0980392157 0.0980392157 0.0980392157
v -15.184157322063911 -9.9504965371246001 -86.455903922828384 0.0980392157 0.0980392157 0.0980392157
v -8.9909139074074602 -11.760008737496946 -83.839409999078086 0.0980392157 0.0980392157 0.0980392157
v -64.815818786621094 -17.438581466674805 -73.465263366699219 0.0980392157 0.0980392157 0.0980392157
v -41.718116573623988 -12.137644025607116 -11.783892704623382 0.0980392157 0.0980392157 0.0980392157
v 29.274439131689967 -18.737217626554791 -109.1358843188407 0.0980392157 0.0980392157 0.0980392157
v 39.075059169229093 -12.473240397985082 -103.6029164560716 0.0980392157 0.0980392157 0.0980392157
v 28.276296615600586 -12.824160575866699 -105.13502502441406 0.0980392157 0.0980392157 0.0980392157
v 38.643032073974609 -11.649824142456055 -95.1544189453125 0.0980392157 0.0980392157 0.0980392157
v 48.059225313400461 -15.545539054358553 -95.439057201677869 0.0980392157 0.0980392157 0.0980392157
v 47.51954249015526 -11.251816442466748 -72.926756840003364 0.0980392157 0.0980392157 0.0980392157
v 41.272271645428681 -23.380195097208908 -106.15957830497136 0.0980392157 0.0980392157 0.0980392157
v 29.274439131689967 -18.737217626554791 -109.1358843188407 0.0980392157 0.0980392157 0.0980392157
v 28.149247364226621 -27.189308579176942 -103.02747460264074 0.0980392157 0.0980392157 0.0980392157
v -32.701712015371186 -25.063616297203971 -112.76596737427691 0.0980392157 0.0980392157 0.0980392157
v -37.592657431526234 -22.839919033618543 -105.92581062098628 0.0980392157 0.0980392157 0.0980392157
v -4.7895230162551838 -26.126415287213387 -84.518250849866178 0.0980392157 0.0980392157 0.0980392157
v 41.274377975287763 -27.158205116108149 -93.341091385114197 0.0980392157 0.0980392157 0.0980392157
v -7.2249012566060271 -25.841134657642225 -2.8164330178385444 0.0980392157 0.0980392157 0.0980392157
v 8.1843652725219727 -28.601251602172852 -79.887626647949219 0.0980392157 0.0980392157 0.0980392157
v 8.0632136372595014 -30.009276124009183 -85.075969446020423 0.0980392157 0.0980392157 0.0980392157
v 19.053539521587766 -28.120767385578624 -13.565030787644652 0.0980392157 0.0980392157 0.0980392157
v 42.55044212356843 -63.64571695956802 -54.868195705592122 0.0980392157 0.0980392157 0.0980392157
v 26.812827199800967 -15.325229921152172 -96.152554845152352 0.0980392157 0.0980392157 0.0980392157
v 22.809423109210861 -12.380045198440065 -96.774265708414092 0.0980392157 0.0980392157 0.0980392157
v 33.95342623174578 -12.882040725925215 -99.338358406140443 0.0980392157 0.0980392157 0.0980392157
v -26.225463231841214 -15.057364237506883 -49.897926620865192 0.0980392157 0.0980392157 0.0980392157
v -25.041210174560547 -14.390542030334473 -39.267635345458984 0.0980392157 0.0980392157 0.0980392157
v -14.105127711514507 -25.409614937411138 -1.3728768159224642 0.0980392157 0.0980392157 0.0980392157
v 38.256425223630274 -25.917862810810512 -27.750344726741538 0.0980392157 0.0980392157 0.0980392157
v 19.505553497788156 4.362384705607667 -60.042966019709233 0.0980392157 0.0980392157 0.0980392157
v -32.194972947872969 -3.6404791893651023 -64.211773871245612 0.0980392157 0.0980392157 0.0980392157
v 29.885499412131011 10.942046041111578 -24.0702002815135 0.0980392157 0.0980392157 0.0980392157
v -13.729785313784813 -0.67425196955343658 -87.63740705442693 0.0980392157 0.0980392157 0.0980392157
v 11.766529405756316 1.3100593469074937 -81.67158296844957 0.0980392157 0.0980392157 0.0980392157
v 11.272443148751378 -4.1428422044112381 -127.11849403956032 0.0980392157 0.0980392157 0.0980392157
v 26.343724858350836 1.5214234517812582 -13.190151482804257 0.0980392157 0.0980392157 0.0980392157
v 43.031324410599126 -0.39483324937715292 -91.49778797212069 0.0980392157 0.0980392157 0.0980392157
v 39.420619416883078 -3.3144674922630015 -84.770039763757737 0.0980392157 0.0980392157 0.0980392157
v 40.005443572998047 -6.7308797836303711 -90.521125793457031 0.0980392157 0.0980392157 0.0980392157
v 49.326288077233109 -9.8052219236405485 -124.78017073732066 0.0980392157 0.0980392157 0.0980392157
v -18.631682164014766 -11.722111804475068 -14.774126490245061 0.0980392157 0.0980392157 0.0980392157
v -28.700092965626482 -5.2055980819014147 -14.410153473289439 0.0980392157 0.0980392157 0.0980392157
v -28.950856640261133 -10.953098224480183 -15.15896243614867 0.0980392157 0.0980392157 0.0980392157
v 35.977622725432532 -17.696813975189663 -115.66710381570871 0.0980392157 0.0980392157 0.0980392157
v 31.198276803771876 -68.000035165746993 -73.060815645615818 0.0980392157 0.0980392157 0.0980392157
v -32.578974911314511 14.570354965298261 -64.429381750906089 0.0980392157 0.0980392157 0.0980392157
v 28.784468507771397 17.419310267377494 -65.61122426749094 0.0980392157 0.0980392157 0.0980392157
v -49.840995231994285 11.146818047474028 -118.52100729064497 0.0980392157 0.0980392157 0.0980392157
v -22.965801398600263 18.142982998613284 -4.3553880125750144 0.0980392157 0.0980392157 0.0980392157
v -15.795098345890024 11.821942040604766 -8.9198033825580865 0.0980392157 0.0980392157 0.0980392157
v -15.361131458495619 12.166968836750458 -1.1177283110576195 0.0980392157 0.0980392157 0.0980392157
v 42.784677823842898 6.0162878886752296 -85.191246966361732 0.0980392157 0.0980392157 0.0980392157
v 39.420619416883078 -3.3144674922630015 -84.770039763757737 0.0980392157 0.0980392157 0.0980392157
v 49.554424223906238 1.35921832924884 -85.369394955849586 0.0980392157 0.0980392157 0.0980392157
v -51.034948342292203 5.4238785033855805 -73.391338168335963 0.0980392157 0.0980392157 0.0980392157
v -18.631682164014766 -11.722111804475068 -14.774126490245061 0.0980392157 0.0980392157 0.0980392157
v 31.057306584923989 6.108509847037908 -30.795412562583298 0.0980392157 0.0980392157 0.0980392157
v 45.940477279946805 7.8593663092015129 -42.39936501519535 0.0980392157 0.0980392157 0.0980392157
v 38.334590911865234 -13.353656768798828 -111.18720245361328 0.0980392157 0.0980392157 0.0980392157
v -54.119640350341797 -25.479072570800781 -108.65792846679688 0.0980392157 0.0980392157 0.0980392157
v 0.58436321658591694 -18.968790358430013 -79.54029451098296 0.0980392157 0.0980392157 0.0980392157
v -4.9932894706726074 -26.585454940795898 -107.02076721191406 0.0980392157 0.0980392157 0.0980392157
v 10.22174100041666 -10.18443701754336 -81.498513743376307 0.0980392157 0.0980392157 0.0980392157
v 25.101444244384766 -16.426996231079102 -78.283660888671875 0.0980392157 0.0980392157 0.0980392157
v 32.107742309570312 8.352203369140625 -130.32266235351562 0.0980392157 0.0980392157 0.0980392157
v -32.266215086111849 11.607586281082352 -40.642446699659651 0.0980392157 0.0980392157 0.0980392157
v -19.847806277432596 6.1323433875780893 -131.86391735979046 0.0980392157 0.0980392157 0.0980392157
v -1.4059990453822273 -1.702253106171014 -56.061772077908849 0.0980392157 0.0980392157 0.0980392157
v 11.768001496589775 -7.4858695513885323 -98.562699845700536 0.0980392157 0.0980392157 0.0980392157
v -6.9939758720916974 -14.850473791921914 -124.2089690918733 0.0980392157 0.0980392157 0.0980392157
v 11.324417217103658 -50.389106181043033 -70.955978780924994 0.0980392157 0.0980392157 0.0980392157
v -28.047312802398061 25.979982981678621 -35.924505927755021 0.0980392157 0.0980392157 0.0980392157
v -38.845944337335048 17.797420192534304 -38.802647093513897 0.0980392157 0.0980392157 0.0980392157
v -76.877498331986516 -3.7139976609697225 -104.42107065466845 0.0980392157 0.0980392157 0.0980392157
v -29.193304826440677 10.749646059950631 -58.257879026157383 0.0980392157 0.0980392157 0.0980392157
v -23.974567652307055 9.8614423843405064 -25.17711913237288 0.0980392157 0.0980392157 0.0980392157
v -15.007391505505522 -7.8369458257805933 0.64737856928400461 0.0980392157 0.0980392157 0.0980392157
v -27.342723133726313 1.5565384676951766 -122.06844964237166 0.0980392157 0.0980392157 0.0980392157
v 39.420619416883078 -3.3144674922630015 -84.770039763757737 0.0980392157 0.0980392157 0.0980392157
v -53.463067253615314 -13.848753229184727 -97.239586447744898 0.0980392157 0.0980392157 0.0980392157
v 35.513553471151013 -14.098404965606772 -19.697406647719365 0.0980392157 0.0980392157 0.0980392157
v 35.977622725432532 -17.696813975189663 -115.66710381570871 0.0980392157 0.0980392157 0.0980392157
v -26.225463231841214 -15.057364237506883 -49.897926620865192 0.0980392157 0.0980392157 0.0980392157
v 4.0025472642488449 -14.219280907737025 1.2214345473128261 0.0980392157 0.0980392157 0.0980392157
v 4.3383621721119487 -14.691046750318145 -7.8158957935617934 0.0980392157 0.0980392157 0.0980392157
v 44.655110484244005 -33.536981776882619 -82.823237355261384 0.0980392157 0.0980392157 0.0980392157
vn -0.077777519822120667 0.99480992555618286 0.065604239702224731
vn -0.3174852728843689 0.9468228816986084 0.052244991064071655
vn -0.2906787097454071 0.9467158317565918 0.13869041204452515
vn -0.069810286164283752 0.97520601749420166 -0.2099994570016861
vn -0.12422771751880646 0.9806816577911377 -0.15109908580780029
vn 0.024897145107388496 0.97578138113021851 -0.2173265665769577
vn 0.0028600941877812147 0.99646353721618652 0.083977565169334412
vn 0.052615910768508911 0.99804121255874634 -0.03384321928024292
vn 0.14793515205383301 0.98755514621734619 0.053385164588689804
vn 0.11990901082754135 0.96998453140258789 -0.21154633164405823
vn 0.13417640328407288 0.96730387210845947 -0.21522065997123718
vn 0.29045382142066956 0.94446277618408203 -0.15370948612689972
vn 0.3063296377658844 0.89635765552520752 0.3204764723777771
vn 0.57355993986129761 0.81889766454696655 -0.020870933309197426
vn -0.57734495401382446 0.8050459623336792 0.13628579676151276
vn -0.23214323818683624 0.96631771326065063 -0.11108386516571045
vn -0.17755980789661407 0.96851891279220581 -0.17448118329048157
vn -0.51704877614974976 0.85133743286132812 0.08879842609167099
vn -0.62436825037002563 0.76941633224487305 0.13476927578449249
vn -0.010692630894482136 0.95290714502334595 -0.3030737042427063
vn -0.074943944811820984 0.95088928937911987 -0.30032148957252502
vn -0.70710688829421997 0.69267278909683228 0.14214144647121429
vn 0.27331843972206116 -0.95780831575393677 0.088883571326732635
vn 0.21178802847862244 -0.96971410512924194 0.12165676057338715
vn 0.31021887063980103 -0.94640398025512695 -0.089909866452217102
vn 0.076431907713413239 0.0012942312750965357 0.9970739483833313
vn 0.10997643321752548 0.056233476847410202 0.99234217405319214
vn 0.058161858469247818 -0.028413547202944756 0.99790275096893311
vn -0.8378027081489563 -0.51950126886367798 0.16794359683990479
vn -0.84620887041091919 -0.4898991584777832 0.20959334075450897
vn -0.81025493144989014 -0.56212228536605835 0.16584791243076324
vn 0.15042966604232788 -0.11955348402261734 0.98136532306671143
vn -0.12462374567985535 0.042167287319898605 0.99130761623382568
vn 0.15771172940731049 -0.12268791347742081 0.97983402013778687
vn -0.0049270829185843468 0.25300303101539612 0.96745294332504272
vn -0.11643048375844955 0.36655083298683167 0.92308419942855835
vn 0.083127744495868683 0.31522789597511292 0.94536828994750977
vn 0.26590880751609802 0.70970070362091064 0.652393639087677
vn 0.059001781046390533 0.4902367889881134 0.86958992481231689
vn 0.34671851992607117 0.92206478118896484 -0.17199654877185822
vn 0.79116314649581909 0.55892378091812134 0.24832458794116974
vn 0.79997068643569946 0.59342610836029053 0.088838808238506317
vn -0.7887001633644104 0.61342614889144897 0.040748268365859985
vn -0.90896302461624146 0.28264367580413818 0.30642908811569214
vn -0.85595083236694336 0.44212034344673157 0.26810035109519958
vn -0.89589035511016846 0.41848751902580261 0.14915989339351654
vn 0.69508582353591919 -0.71770614385604858 -0.041875328868627548
vn 0.68753314018249512 -0.72041726112365723 0.091088809072971344
vn 0.73412364721298218 -0.67895936965942383 0.0087535334751009941
vn -0.052987433969974518 0.2080506831407547 0.97668176889419556
vn -0.19187162816524506 0.057543512433767319 0.97973161935806274
vn -0.085148200392723083 0.17418795824050903 0.98102414608001709
vn 0.83405512571334839 0.48978352546691895 0.25389793515205383
vn 0.83405512571334839 0.48978352546691895 0.25389793515205383
vn 0.83405512571334839 0.48978352546691895 0.25389793515205383
vn -0.22831887006759644 -0.57051765918731689 0.78891068696975708
vn -0.22831887006759644 -0.57051765918731689 0.78891068696975708
vn -0.22831887006759644 -0.57051765918731689 0.78891068696975708
vn 0.83757507801055908 0.068927615880966187 -0.54195666313171387
vn 0.83757507801055908 0.068927615880966187 -0.54195666313171387
vn 0.83757507801055908 0.068927615880966187 -0.54195666313171387
vn 0.71465128660202026 -0.62909567356109619 -0.30579757690429688
vn 0.42322295904159546 -0.90581703186035156 0.019438829272985458
vn -0.16407144069671631 -0.11959671229124069 -0.97917169332504272
vn -0.16058304905891418 -0.1155366450548172 -0.98023688793182373
vn -0.14305078983306885 -0.093882195651531219 -0.98525255918502808
vn 0.88449960947036743 -0.077690541744232178 -0.46002680063247681
vn 0.88449960947036743 -0.077690541744232178 -0.46002680063247681
vn 0.88449960947036743 -0.077690541744232178 -0.46002680063247681
vn 0.98530519008636475 0.14046546816825867 -0.097175642848014832
vn 0.98530519008636475 0.14046546816825867 -0.097175642848014832
vn 0.98530519008636475 0.14046546816825867 -0.097175642848014832
vn -0.16567663848400116 0.10041545331478119 -0.98105454444885254
vn -0.12150523066520691 0.1333187073469162 -0.98359674215316772
vn -0.22927810251712799 0.051815636456012726 -0.97198081016540527
vn 0.21771004796028137 -0.12036741524934769 0.96856284141540527
vn 0.30541172623634338 0.10036139935255051 0.94691669940948486
vn 0.16707634925842285 -0.23277491331100464 0.95807164907455444
vn -0.00041363667696714401 -0.99617761373519897 0.087349765002727509
vn -0.00037885838537476957 -0.99616307020187378 0.087515659630298615
vn -1.9581766537157819E-05 -0.99619156122207642 0.087191730737686157
vn 0.19680197536945343 0.29383736848831177 0.93537616729736328
vn 0.19680197536945343 0.29383736848831177 0.93537616729736328
vn 0.19680197536945343 0.29383736848831177 0.93537616729736328
vn 0.64924722909927368 0.72158241271972656 0.24040965735912323
vn 0.64443480968475342 0.71825593709945679 0.26232078671455383
vn 0.65021902322769165 0.72223621606826782 0.23577545583248138
vn -0.85980349779129028 0.47835901379585266 0.17863552272319794
vn -0.83477848768234253 0.54208749532699585 0.096363827586174011
vn -0.76856338977813721 0.50911027193069458 0.38744950294494629
vn 0.65544790029525757 0.72563105821609497 0.20939812064170837
vn -0.85173332691192627 0.009997115470468998 -0.52388012409210205
vn -0.85173332691192627 0.009997115470468998 -0.52388012409210205
vn -0.85173332691192627 0.009997115470468998 -0.52388012409210205
vn -0.074603214859962463 0.82190877199172974 -0.56471258401870728
vn -0.75971966981887817 0.65024673938751221 0.0022856267169117928
vn -0.77566736936569214 0.63054889440536499 0.027353076264262199
vn -0.026425866410136223 0.12464760988950729 0.99184912443161011
vn 0.025115581229329109 0.064494900405406952 0.99760192632675171
vn -0.017771977931261063 -0.096276402473449707 0.99519598484039307
vn 0.35326126217842102 0.2556125819683075 0.89992702007293701
vn 0.3799947202205658 0.27291342616081238 0.88381123542785645
vn 0.14767570793628693 0.95503556728363037 -0.25709706544876099
vn 0.06698773056268692 0.86388421058654785 -0.49921610951423645
vn 0.26927638053894043 0.28593766689300537 0.91963571310043335
vn 0.28406214714050293 0.38158875703811646 0.87960147857666016
vn -0.14843745529651642 -0.90394079685211182 -0.40107032656669617
vn -0.14843745529651642 -0.90394079685211182 -0.40107032656669617
vn -0.14843745529651642 -0.90394079685211182 -0.40107032656669617
vn -0.11782117933034897 0.08973228931427002 0.98897236585617065
vn -0.11782117933034897 0.08973228931427002 0.98897236585617065
vn -0.11782117933034897 0.08973228931427002 0.98897236585617065
vn 0.9947807788848877 -0.10200699418783188 0.0024083568714559078
vn 0.98983824253082275 -0.060139227658510208 0.12885458767414093
vn 0.98742413520812988 0.011797497980296612 0.15765267610549927
vn -0.56556034088134766 -0.0087194992229342461 0.82466083765029907
vn -0.53735727071762085 -0.26354330778121948 0.80111926794052124
vn -0.56328713893890381 0.047831576317548752 0.8248755931854248
vn -0.30315420031547546 -0.091475993394851685 -0.94854080677032471
vn -0.29709973931312561 -0.078462690114974976 -0.95161724090576172
vn -0.30283606052398682 -0.08021218329668045 -0.94966113567352295
vn 0.46249085664749146 0.87607842683792114 -0.1363409161567688
vn 0.63330787420272827 0.76971238851547241 -0.08039846271276474
vn 0.9453311562538147 0.32283145189285278 -0.046139184385538101
vn -0.20447486639022827 -0.50618833303451538 -0.83783257007598877
vn -0.13576811552047729 -0.53495532274246216 -0.8339003324508667
vn -0.16887073218822479 -0.47466480731964111 -0.86381477117538452
vn -0.48882588744163513 -0.83349692821502686 0.25755017995834351
vn -0.48882588744163513 -0.83349692821502686 0.25755017995834351
vn -0.48882588744163513 -0.83349692821502686 0.25755017995834351
vn 0.52576583623886108 0.30476042628288269 -0.79416078329086304
vn 0.52576583623886108 0.30476042628288269 -0.79416078329086304
vn 0.52576583623886108 0.30476042628288269 -0.79416078329086304
vn -0.6008002758026123 -0.56846988201141357 -0.56203287839889526
vn -0.79021924734115601 -0.4975789487361908 -0.35772722959518433
vn -0.72134500741958618 -0.52174276113510132 -0.45546227693557739
vn 0.48268747329711914 -0.65285784006118774 -0.58377176523208618
vn 0.48268747329711914 -0.65285784006118774 -0.58377176523208618
vn 0.48268747329711914 -0.65285784006118774 -0.58377176523208618
vn -0.90878355503082275 0.13931748270988464 0.39332312345504761
vn 0.21633632481098175 -0.859183669090271 0.46368312835693359
vn 0.087476320564746857 -0.84281384944915771 0.53104871511459351
vn 0.24121087789535522 -0.8795771598815918 0.41007477045059204
vn -0.028517035767436028 -0.96314078569412231 -0.26748198270797729
vn 0.010856548324227333 -0.97613143920898438 -0.21690915524959564
vn 0.0427699014544487 -0.97602927684783936 -0.2133953869342804
vn 0.049104213714599609 -0.95328372716903687 -0.29805862903594971
vn -0.059899900108575821 0.38430243730545044 -0.92126196622848511
vn -0.075448811054229736 0.37519839406013489 -0.92386883497238159
vn -0.27608764171600342 0.24480202794075012 -0.92943400144577026
vn 0.05700993537902832 0.44833004474639893 -0.89204823970794678
vn -0.96682590246200562 0.091000378131866455 0.23867669701576233
vn 0.078272640705108643 -0.81189233064651489 0.57853633165359497
vn 0.40930864214897156 -0.3849429190158844 0.82721543312072754
vn 0.20748212933540344 -0.52601718902587891 0.82477700710296631
vn 0.38588231801986694 -0.40351250767707825 0.82962191104888916
vn 0.46825253963470459 -0.84629195928573608 -0.25402647256851196
vn 0.5602380633354187 -0.80742841958999634 -0.18491272628307343
vn 0.60594362020492554 -0.77448379993438721 -0.18167874217033386
vn 0.03650963306427002 -0.86820727586746216 0.49485674500465393
vn 0.03650963306427002 -0.86820727586746216 0.49485674500465393
vn 0.03650963306427002 -0.86820727586746216 0.49485674500465393
vn 0.90614819526672363 -0.38393250107765198 -0.17745772004127502
vn 0.90614819526672363 -0.38393250107765198 -0.17745772004127502
vn 0.90614819526672363 -0.38393250107765198 -0.17745772004127502
vn -0.15306518971920013 -0.58027946949005127 -0.7999042272567749
vn -0.19540268182754517 -0.56366920471191406 -0.80255520343780518
vn -0.22160591185092926 -0.5418052077293396 -0.81076377630233765
vn -0.5341336727142334 -0.72970455884933472 0.42688697576522827
vn -0.5341336727142334 -0.72970455884933472 0.42688697576522827
vn -0.5341336727142334 -0.72970455884933472 0.42688697576522827
vn -0.37565028667449951 -0.90885019302368164 -0.18132340908050537
vn -0.26818445324897766 -0.93745619058609009 -0.22193004190921783
vn -0.70219427347183228 -0.13497325778007507 -0.69907468557357788
vn -0.51470679044723511 -0.075565479695796967 -0.85402971506118774
vn -0.69630485773086548 -0.068022362887859344 -0.7145155668258667
vn 0.17467533051967621 -0.98209303617477417 0.070581734180450439
vn 0.30196070671081543 -0.95163047313690186 0.056738071143627167
vn 0.34393846988677979 -0.93756115436553955 0.051820565015077591
vn 0.23785226047039032 -0.49549773335456848 0.83540904521942139
vn 0.23785226047039032 -0.49549773335456848 0.83540904521942139
vn 0.23785226047039032 -0.49549773335456848 0.83540904521942139
vn 0.58040755987167358 0.037323214113712311 0.81347036361694336
vn 0.58040755987167358 0.037323214113712311 0.81347036361694336
vn 0.58040755987167358 0.037323214113712311 0.81347036361694336
vn -0.44138345122337341 -0.68245536088943481 0.58261078596115112
vn -0.44138345122337341 -0.68245536088943481 0.58261078596115112
vn -0.44138345122337341 -0.68245536088943481 0.58261078596115112
vn -0.45201811194419861 -0.39065515995025635 0.80191528797149658
vn -0.45201811194419861 -0.39065515995025635 0.80191528797149658
vn -0.45201811194419861 -0.39065515995025635 0.80191528797149658
vn -0.046696141362190247 -0.88766306638717651 -0.45811983942985535
vn -0.046696141362190247 -0.88766306638717651 -0.45811983942985535
vn -0.046696141362190247 -0.88766306638717651 -0.45811983942985535
vn -0.96826189756393433 -0.066608920693397522 0.24089860916137695
vn -0.95071244239807129 0.017035415396094322 0.30960565805435181
vn -0.94919085502624512 -0.13088354468345642 0.28619271516799927
vn -0.41067510843276978 -0.59450531005859375 -0.69130992889404297
vn -0.41067510843276978 -0.59450531005859375 -0.69130992889404297
vn -0.41067510843276978 -0.59450531005859375 -0.69130992889404297
vn -0.1187310591340065 -0.90275585651397705 -0.41344264149665833
vn -0.1187310591340065 -0.90275585651397705 -0.41344264149665833
vn -0.1187310591340065 -0.90275585651397705 -0.41344264149665833
vn 0.26533344388008118 -0.058608848601579666 0.96237373352050781
vn 0.13222916424274445 -0.17624290287494659 0.97542500495910645
vn 0.013532646931707859 -0.27363380789756775 0.96173876523971558
vn -0.38154301047325134 -0.87724447250366211 0.29131954908370972
vn -0.41147917509078979 -0.90763193368911743 0.083001181483268738
vn -0.3963659405708313 -0.89501506090164185 0.20455336570739746
vn 0.21451495587825775 -0.97584116458892822 -0.041441693902015686
vn 0.0043603843078017235 -0.99667906761169434 0.081312917172908783
vn 0.065216496586799622 -0.99577128887176514 0.064701840281486511
vn 0.87282061576843262 -0.17783346772193909 0.45448806881904602
vn 0.87282061576843262 -0.17783346772193909 0.45448806881904602
vn 0.87282061576843262 -0.17783346772193909 0.45448806881904602
vn 0.03286304697394371 -0.99625921249389648 0.079922482371330261
vn 0.017519077286124229 -0.97516602277755737 -0.22078125178813934
vn -0.062011171132326126 -0.98997503519058228 -0.12690185010433197
vn -0.013443326577544212 -0.98939311504364014 -0.14463935792446136
vn 0.070624105632305145 0.57450282573699951 0.81545001268386841
vn 0.070624105632305145 0.57450282573699951 0.81545001268386841
vn 0.070624105632305145 0.57450282573699951 0.81545001268386841
vn -0.576241135597229 -0.69190311431884766 0.43498986959457397
vn -0.58834326267242432 -0.59871810674667358 0.54349684715270996
vn -0.56048744916915894 -0.74930953979492188 0.35268831253051758
vn -0.86985480785369873 -0.25150945782661438 -0.42437675595283508
vn -0.86985480785369873 -0.25150945782661438 -0.42437675595283508
vn -0.86985480785369873 -0.25150945782661438 -0.42437675595283508
vn -0.65438789129257202 -0.73177105188369751 0.19049303233623505
vn -0.69537270069122314 -0.69584858417510986 0.17958715558052063
vn -0.6617436408996582 -0.73761719465255737 0.1342245489358902
vn 0.10889635235071182 -0.99336081743240356 -0.037093404680490494
vn -0.023505378514528275 -0.99378001689910889 0.10885217040777206
vn 0.81494641304016113 -0.19110405445098877 0.54712122678756714
vn 0.81494641304016113 -0.19110405445098877 0.54712122678756714
vn 0.81494641304016113 -0.19110405445098877 0.54712122678756714
vn -0.12866292893886566 -0.9686240553855896 0.21263420581817627
vn 0.13836801052093506 0.041231054812669754 0.98952227830886841
vn 0.13836801052093506 0.041231054812669754 0.98952227830886841
vn 0.13836801052093506 0.041231054812669754 0.98952227830886841
vn -0.07352350652217865 -0.98077380657196045 -0.18076789379119873
vn 0.020953105762600899 -0.94039279222488403 -0.33944427967071533
vn -0.0070113674737513065 -0.8842657208442688 0.46693146228790283
vn -0.0070113674737513065 -0.8842657208442688 0.46693146228790283
vn -0.0070113674737513065 -0.8842657208442688 0.46693146228790283
vn 0.90340065956115723 -0.37091156840324402 -0.21515534818172455
vn 0.91203540563583374 -0.34788995981216431 -0.21717271208763123
vn 0.7567824125289917 -0.62307184934616089 -0.1976407915353775
vn -0.10896415263414383 -0.99403434991836548 -0.004749068059027195
vn -0.10896415263414383 -0.99403434991836548 -0.004749068059027195
vn -0.10896415263414383 -0.99403434991836548 -0.004749068059027195
vn 0.77811545133590698 -0.58000296354293823 -0.24110779166221619
vn 0.77811545133590698 -0.58000296354293823 -0.24110779166221619
vn 0.77811545133590698 -0.58000296354293823 -0.24110779166221619
vn -0.14264553785324097 -0.90047580003738403 0.41084733605384827
vn -0.14264553785324097 -0.90047580003738403 0.41084733605384827
vn -0.14264553785324097 -0.90047580003738403 0.41084733605384827
vn 0.66927772760391235 0.3021470308303833 0.67880368232727051
vn 0.66927772760391235 0.3021470308303833 0.67880368232727051
vn 0.66927772760391235 0.3021470308303833 0.67880368232727051
vn -0.40961307287216187 0.24033476412296295 -0.8800320029258728
vn -0.43964886665344238 0.033954143524169922 -0.89752769470214844
vn -0.3796955943107605 0.37189963459968567 -0.84706664085388184
vn 0.092211119830608368 -0.83530676364898682 0.5419960618019104
vn 0.09944809228181839 -0.83541601896286011 0.54054611921310425
vn 0.099743865430355072 -0.84123259782791138 0.53139334917068481
vn 0.85139483213424683 0.34641188383102417 -0.39385995268821716
vn 0.84933733940124512 0.36220049858093262 -0.38397502899169922
vn 0.83458435535430908 0.43916374444961548 -0.33257207274436951
vn -0.17856450378894806 -0.47291401028633118 -0.86282503604888916
vn -0.085060708224773407 -0.45640289783477783 -0.88569808006286621
vn -0.11653792858123779 -0.32742443680763245 -0.93766313791275024
vn -0.60444563627243042 -0.70625591278076172 -0.36857575178146362
vn -0.60444563627243042 -0.70625591278076172 -0.36857575178146362
vn -0.60444563627243042 -0.70625591278076172 -0.36857575178146362
vn -0.16644537448883057 0.98509365320205688 -0.043432638049125671
vn -0.16589590907096863 0.983653724193573 -0.070027835667133331
vn -0.17356015741825104 0.98420494794845581 -0.034892652183771133
vn -0.065703906118869781 0.99638307094573975 -0.053886570036411285
vn 0.095552690327167511 -0.82169818878173828 0.56185567378997803
vn -0.15392476320266724 -0.41832265257835388 -0.89516109228134155
vn -0.045015785843133926 0.97246271371841431 -0.22866977751255035
vn -0.2659907341003418 -0.45425435900688171 -0.85023635625839233
vn -0.15257713198661804 -0.49284669756889343 -0.85663431882858276
vn -0.17987172305583954 -0.48427248001098633 -0.85622793436050415
vn -0.90720218420028687 0.030948590487241745 0.4195549488067627
vn -0.90720218420028687 0.030948590487241745 0.4195549488067627
vn -0.90720218420028687 0.030948590487241745 0.4195549488067627
vn 0.18223847448825836 -0.29249948263168335 -0.93874019384384155
vn -0.11302027106285095 -0.0073610036633908749 -0.99356544017791748
vn 0.027965191751718521 -0.61335498094558716 -0.78931212425231934
vn -0.055796533823013306 0.25063347816467285 -0.96647274494171143
vn -0.10828620195388794 0.36109510064125061 -0.92622047662734985
vn -0.022726695984601974 0.013431399129331112 -0.99965149164199829
vn 0.00014002964599058032 -0.87316930294036865 0.48741698265075684
vn 0.028248043730854988 -0.83375364542007446 0.55141359567642212
vn -0.051241189241409302 -0.86277621984481812 0.50298261642456055
vn 0.90694397687911987 -0.036590356379747391 -0.4196590781211853
vn 0.99981200695037842 -0.0024277025368064642 -0.019238363951444626
vn 0.99130076169967651 -0.012404312379658222 -0.1310301274061203
vn -0.18561086058616638 -0.19874414801597595 -0.96231460571289062
vn 0.0088123036548495293 -0.10074713081121445 -0.994873046875
vn -0.12078658491373062 -0.33646678924560547 -0.93391686677932739
vn 0.14238086342811584 0.11526959389448166 0.98307710886001587
vn 0.14238086342811584 0.11526959389448166 0.98307710886001587
vn 0.14238086342811584 0.11526959389448166 0.98307710886001587
vn 0.82414883375167847 -0.10429254174232483 0.55668818950653076
vn 0.82414883375167847 -0.10429254174232483 0.55668818950653076
vn 0.82414883375167847 -0.10429254174232483 0.55668818950653076
vn -0.20340248942375183 -0.68599766492843628 0.69859474897384644
vn -0.24468289315700531 -0.65215033292770386 0.71751672029495239
vn -0.13241270184516907 -0.71498984098434448 0.68648117780685425
vn -0.058787431567907333 -0.33219832181930542 -0.941375732421875
vn 0.31337368488311768 0.84869563579559326 -0.42604300379753113
vn -0.99927186965942383 -0.036121584475040436 0.012288491241633892
vn -0.98915582895278931 0.10040441155433655 0.10718995332717896
vn -0.99155229330062866 -0.12084276229143143 -0.047127831727266312
vn 0.9529539942741394 0.22306710481643677 0.20523104071617126
vn 0.9296836256980896 0.27361786365509033 0.24662047624588013
vn 0.81355100870132446 0.56309914588928223 -0.14510010182857513
vn -0.10562297701835632 -0.62840038537979126 -0.77068585157394409
vn -0.13159725069999695 -0.58961617946624756 -0.79689079523086548
vn 0.29157102108001709 -0.9090505838394165 0.29768005013465881
vn 0.59547251462936401 -0.75039905309677124 0.28690370917320251
vn -0.97208905220031738 0.12501110136508942 0.19853237271308899
vn 0.91454893350601196 -0.383414626121521 -0.12881578505039215
vn 0.9386296272277832 -0.3244042694568634 -0.11720211058855057
vn 0.45380291342735291 -0.88176745176315308 0.1286432147026062
vn 0.65335088968276978 -0.24370189011096954 -0.71675795316696167
vn 0.63669687509536743 -0.26588967442512512 -0.72382301092147827
vn 0.64515060186386108 -0.25303518772125244 -0.72093957662582397
vn -0.86810624599456787 -0.29744932055473328 -0.39738580584526062
vn -0.92504620552062988 -0.073746085166931152 -0.37262725830078125
vn -0.91832709312438965 -0.00087450264254584908 0.39582139253616333
vn -0.1267876923084259 -0.60162627696990967 -0.78865116834640503
vn -0.1267876923084259 -0.60162627696990967 -0.78865116834640503
vn -0.1267876923084259 -0.60162627696990967 -0.78865116834640503
vn 0.86802196502685547 -0.41643169522285461 -0.27041178941726685
vn 0.92314672470092773 -0.17348077893257141 -0.3430810272693634
vn 0.90092176198959351 0.05817069485783577 -0.4300653338432312
vn 0.40580365061759949 -0.11138725280761719 -0.90714734792709351
vn 0.26245966553688049 -0.10171523690223694 -0.95956707000732422
vn 0.35310608148574829 -0.22579258680343628 -0.90792828798294067
vn 0.079678311944007874 -0.99283373355865479 -0.089064553380012512
vn 0.079678311944007874 -0.99283373355865479 -0.089064553380012512
vn 0.079678311944007874 -0.99283373355865479 -0.089064553380012512
vn 0.96223998069763184 0.10514116287231445 -0.25107690691947937
vn 0.90035158395767212 -0.33292311429977417 -0.28023070096969604
vn 0.96096706390380859 -0.16515548527240753 -0.22195941209793091
vn -0.98002117872238159 0.04601699486374855 0.19349655508995056
vn -0.74087440967559814 -0.4276699423789978 -0.51788371801376343
vn -0.74087440967559814 -0.4276699423789978 -0.51788371801376343
vn -0.74087440967559814 -0.4276699423789978 -0.51788371801376343
vn 0.4154738187789917 -0.86087507009506226 0.29372718930244446
vn 0.4154738187789917 -0.86087507009506226 0.29372718930244446
vn 0.4154738187789917 -0.86087507009506226 0.29372718930244446
vn 0.89584547281265259 -0.3509543240070343 -0.27256542444229126
vn 0.95501226186752319 -0.066401064395904541 -0.28903719782829285
vn -0.51159942150115967 -0.047360990196466446 0.85791778564453125
vn -0.52286261320114136 0.3508715033531189 0.77685511112213135
vn -0.51877748966217041 -0.15088862180709839 0.8414883017539978
vn -0.97796094417572021 0.025122303515672684 0.20727087557315826
vn -0.98544073104858398 -0.0056128250434994698 0.16992659866809845
vn -0.99123865365982056 -0.057069685310125351 0.11911760270595551
vn -0.47509029507637024 -0.40263009071350098 -0.78241819143295288
vn -0.80546605587005615 -0.026832219213247299 -0.59203416109085083
vn 0.017528111115098 0.084565103054046631 0.99626380205154419
vn 0.018064100295305252 0.085459612309932709 0.99617785215377808
vn 0.018053479492664337 0.085443928837776184 0.99617940187454224
vn -0.90696918964385986 -0.24088196456432343 0.34551805257797241
vn -0.90860557556152344 0.059779204428195953 0.41335505247116089
vn -0.96386569738388062 -0.0058583696372807026 0.26632419228553772
vn -0.59262371063232422 0.048973973840475082 -0.8039892315864563
vn -0.59262371063232422 0.048973973840475082 -0.8039892315864563
vn -0.59262371063232422 0.048973973840475082 -0.8039892315864563
vn 0.61836725473403931 0.067373111844062805 0.78299599885940552
vn 0.61836725473403931 0.067373111844062805 0.78299599885940552
vn 0.61836725473403931 0.067373111844062805 0.78299599885940552
vn -0.99100404977798462 0.011701268143951893 0.1333191990852356
vn -0.99100440740585327 0.011685323901474476 0.13331831991672516
vn -0.99100565910339355 0.011617086827754974 0.1333145797252655
vn -0.73564600944519043 -0.62532788515090942 0.26036512851715088
vn -0.56444633007049561 -0.81883507966995239 0.10444860905408859
vn -0.77701890468597412 -0.57931441068649292 0.24624466896057129
vn -0.30037280917167664 -0.94747751951217651 0.10982926934957504
vn -0.48633724451065063 -0.87006634473800659 0.080378443002700806
vn -0.41810864210128784 -0.90820610523223877 -0.018624244257807732
vn 0.11133506149053574 0.091035217046737671 0.98960453271865845
vn 0.11133506149053574 0.091035217046737671 0.98960453271865845
vn 0.11133506149053574 0.091035217046737671 0.98960453271865845
vn 0.13395565748214722 -0.084750756621360779 -0.98735666275024414
vn 0.13395565748214722 -0.084750756621360779 -0.98735666275024414
vn 0.13395565748214722 -0.084750756621360779 -0.98735666275024414
vn -0.76384657621383667 -0.061966214329004288 0.64241623878479004
vn -0.72330313920974731 0.089420042932033539 0.68471646308898926
vn -0.74604487419128418 0.013740295544266701 0.66575390100479126
vn -0.85803508758544922 -0.49646833539009094 0.13151031732559204
vn -0.85803508758544922 -0.49646833539009094 0.13151031732559204
vn -0.85803508758544922 -0.49646833539009094 0.13151031732559204
vn -0.033319208770990372 -0.9886743426322937 0.14633128046989441
vn -0.10461841523647308 -0.95894414186477661 0.26359269022941589
vn 0.027246348559856415 -0.99756306409835815 0.064230404794216156
vn -0.86119318008422852 -0.41760239005088806 -0.28974908590316772
vn -0.85131072998046875 -0.48098316788673401 -0.20958361029624939
vn -0.80779850482940674 -0.58214801549911499 0.09254879504442215
vn -0.43753668665885925 -0.59219670295715332 0.67665702104568481
vn -0.4536902904510498 -0.58203399181365967 0.6748344898223877
vn -0.33819222450256348 -0.64809942245483398 0.68234390020370483
vn 0.3278191089630127 0.096623033285140991 0.93978649377822876
vn 0.22207768261432648 0.0067900293506681919 0.97500532865524292
vn 0.39661258459091187 0.089502297341823578 0.9136124849319458
vn -0.98352861404418945 -0.16356702148914337 0.076923675835132599
vn -0.99022316932678223 -0.046760570257902145 -0.13142129778862
vn -0.97760927677154541 0.03598254919052124 0.20732919871807098
vn -0.97623705863952637 0.019536770880222321 0.21582289040088654
vn -0.98925572633743286 -0.090203873813152313 0.11504955589771271
vn -0.99979704618453979 0.01782429963350296 -0.0093894805759191513
vn -0.99939483404159546 0.027695473283529282 -0.021044673398137093
vn -1.8077134882332757E-06 -0.99619537591934204 0.087148316204547882
vn -1.8577557057142258E-06 -0.99619537591934204 0.08714824914932251
vn -1.7425766145606758E-06 -0.99619531631469727 0.087148405611515045
vn -0.92871242761611938 -0.032103337347507477 -0.36940851807594299
vn -0.87440156936645508 -0.042259130626916885 -0.48335912823677063
vn -0.96676510572433472 -0.021350866183638573 -0.25477322936058044
vn 0.97143107652664185 0.14464987814426422 0.18814384937286377
vn 0.97143107652664185 0.14464987814426422 0.18814384937286377
vn 0.97143107652664185 0.14464987814426422 0.18814384937286377
vn -0.55293893814086914 -0.82618892192840576 -0.1080297976732254
vn -0.075883910059928894 -0.86918681859970093 -0.48862650990486145
vn -0.19162279367446899 -0.89722472429275513 -0.39782968163490295
vn -0.034235138446092606 0.056701585650444031 0.99780404567718506
vn 0.008685743436217308 0.071656100451946259 0.99739158153533936
vn 0.11002498120069504 0.021222004666924477 0.993702232837677
vn 0.99398291110992432 -0.01500876247882843 -0.10850206017494202
vn 0.99423962831497192 -0.011876374483108521 -0.10652022063732147
vn 0.99442952871322632 -0.009442928247153759 -0.10497964918613434
vn -0.10866782814264297 -0.29508119821548462 -0.94927257299423218
vn -0.023464435711503029 -0.095726482570171356 -0.99513107538223267
vn -0.11677039414644241 -0.1221335381269455 -0.98562067747116089
vn 0.86089831590652466 -0.48202899098396301 -0.16279472410678864
vn 0.88281118869781494 -0.45346567034721375 -0.12252888828516006
vn 0.90418487787246704 -0.42009562253952026 -0.077261574566364288
vn 0.66564679145812988 0.11793766915798187 0.73688876628875732
vn 0.66352057456970215 0.037029515951871872 0.74724107980728149
vn 0.66751688718795776 0.13410525023937225 0.73241859674453735
vn 0.044129710644483566 -0.99807733297348022 0.043523155152797699
vn -0.033372383564710617 -0.99073177576065063 0.13166937232017517
vn -0.034070961177349091 -0.99819028377532959 0.04955131933093071
vn -0.1756657212972641 -0.56575816869735718 -0.80564212799072266
vn -0.12596897780895233 -0.59131503105163574 -0.79654145240783691
vn 0.097431987524032593 -0.43756377696990967 -0.89389312267303467
vn 0.32580840587615967 -0.12340418994426727 -0.93734747171401978
vn 0.32580840587615967 -0.12340418994426727 -0.93734747171401978
vn 0.32580840587615967 -0.12340418994426727 -0.93734747171401978
vn -0.23085683584213257 -0.52509236335754395 -0.81913560628890991
vn 0.26410475373268127 -0.65700185298919678 -0.70611417293548584
vn 0.087017446756362915 0.14424531161785126 0.98570847511291504
vn 0.087017446756362915 0.14424531161785126 0.98570847511291504
vn 0.087017446756362915 0.14424531161785126 0.98570847511291504
vn 0.92584067583084106 -0.1745634526014328 0.33518144488334656
vn 0.92584067583084106 -0.1745634526014328 0.33518144488334656
vn 0.92584067583084106 -0.1745634526014328 0.33518144488334656
vn -0.44245842099189758 -0.40170937776565552 0.80178558826446533
vn -0.39044913649559021 -0.54474037885665894 0.74216395616531372
vn -0.44306978583335876 -0.39973697066307068 0.80243349075317383
vn -0.039576288312673569 -0.91407680511474609 -0.40360537171363831
vn -0.041526321321725845 -0.91477566957473755 -0.40182220935821533
vn -0.042838349938392639 -0.91524207592010498 -0.40062057971954346
vn 0.49733346700668335 -0.57459205389022827 -0.65000259876251221
vn 0.49733346700668335 -0.57459205389022827 -0.65000259876251221
vn 0.49733346700668335 -0.57459205389022827 -0.65000259876251221
vn -0.90248590707778931 -0.3456045389175415 -0.25705394148826599
vn -0.90248590707778931 -0.3456045389175415 -0.25705394148826599
vn -0.90248590707778931 -0.3456045389175415 -0.25705394148826599
vn 0.070972539484500885 -0.98969954252243042 0.12432906031608582
vn -0.4785819947719574 -0.79883283376693726 -0.36445221304893494
vn -0.4785819947719574 -0.79883283376693726 -0.36445221304893494
vn -0.4785819947719574 -0.79883283376693726 -0.36445221304893494
vn 0.68166124820709229 -0.18353663384914398 -0.70827412605285645
vn 0.1188097819685936 -0.43659147620201111 0.8917803168296814
vn 0.054412022233009338 -0.47282040119171143 0.87947726249694824
vn 0.094930239021778107 -0.41517534852027893 0.90477496385574341
vn -0.14275865256786346 -0.79310208559036255 -0.59212249517440796
vn 0.22074267268180847 -0.9387437105178833 -0.26463735103607178
vn 0.15582306683063507 -0.93010717630386353 -0.33259561657905579
vn 0.38171130418777466 -0.86409193277359009 0.32808786630630493
vn 0.054958254098892212 -0.99509662389755249 0.082233212888240814
vn 0.11138862371444702 -0.97322118282318115 0.20107981562614441
vn 0.17794716358184814 0.086310692131519318 0.98024755716323853
vn 0.17794716358184814 0.086310692131519318 0.98024755716323853
vn 0.17794716358184814 0.086310692131519318 0.98024755716323853
vn 0.78366351127624512 -0.62086522579193115 0.019947310909628868
vn 0.78228467702865601 -0.62275880575180054 -0.014218089170753956
vn 0.80557829141616821 -0.58099883794784546 0.11612070351839066
vn 0.74754542112350464 0.053621698170900345 0.66204267740249634
vn 0.74646830558776855 0.090168014168739319 0.65928357839584351
vn 0.7467610239982605 0.074072271585464478 0.66095483303070068
vn -0.23669068515300751 -0.015047005377709866 0.97146850824356079
vn -0.22411110997200012 -0.239217609167099 0.9447481632232666
vn -0.23952564597129822 0.028281461447477341 0.97047805786132812
vn 0.80499792098999023 -0.58014214038848877 0.1241508424282074
vn 0.093254223465919495 -0.9898267388343811 0.10745570808649063
vn -0.13521701097488403 -0.97414422035217285 0.18099568784236908
vn -0.050732415169477463 -0.98039728403091431 0.19038736820220947
vn -0.50905495882034302 0.27257868647575378 0.81643366813659668
vn -0.70189666748046875 -0.12414821237325668 0.70137602090835571
vn -0.6368708610534668 0.066437341272830963 0.76810258626937866
vn 0.11924236267805099 -0.10486169904470444 -0.98731213808059692
vn 0.16791321337223053 -0.037405788898468018 -0.98509186506271362
vn 0.13098332285881042 -0.087149865925312042 -0.98754656314849854
vn -0.022955993190407753 -0.99627828598022461 0.083081625401973724
vn -0.0091080628335475922 -0.99981898069381714 0.016705198213458061
vn 0.96691155433654785 -0.17134591937065125 -0.1890043169260025
vn 0.96691155433654785 -0.17134591937065125 -0.1890043169260025
vn 0.96691155433654785 -0.17134591937065125 -0.1890043169260025
vn -0.10767517983913422 -0.9928596019744873 0.051340389996767044
vn 0.065646566450595856 0.3862890899181366 0.92003875970840454
vn 0.065646566450595856 0.3862890899181366 0.92003875970840454
vn 0.065646566450595856 0.3862890899181366 0.92003875970840454
vn 0.99378478527069092 -0.083884254097938538 0.073179274797439575
vn 0.88777643442153931 -0.45696768164634705 -0.055077292025089264
vn 0.92800486087799072 -0.30907410383224487 0.20803895592689514
vn -0.094772808253765106 -0.99547243118286133 0.0072664390318095684
vn -0.15185686945915222 -0.98688632249832153 0.05472525954246521
vn 0.071515582501888275 -0.99459916353225708 0.075219735503196716
vn -0.7574201226234436 -0.65213453769683838 -0.032177291810512543
vn -0.7641146183013916 -0.60578298568725586 -0.22171111404895782
vn -0.79249078035354614 -0.6098710298538208 0.0039579505100846291
vn -0.035459689795970917 -0.089849121868610382 -0.99532395601272583
vn -0.035459689795970917 -0.089849121868610382 -0.99532395601272583
vn -0.035459689795970917 -0.089849121868610382 -0.99532395601272583
vn 0.15025050938129425 -0.92318028211593628 -0.35378378629684448
vn 0.10642474144697189 -0.90748530626296997 -0.40637943148612976
vn 0.077228210866451263 -0.95410782098770142 -0.28933387994766235
vn 0.20706067979335785 -0.94630444049835205 0.24826148152351379
vn 0.23582135140895844 -0.13391709327697754 0.96252506971359253
vn 0.10320482403039932 -0.44229623675346375 0.89091122150421143
vn 0.15579816699028015 -0.37852951884269714 0.91238278150558472
vn -0.13818779587745667 -0.98546957969665527 0.098761327564716339
vn 0.79751825332641602 -0.60304725170135498 -0.017280880361795425
vn 0.79751825332641602 -0.60304725170135498 -0.017280880361795425
vn 0.79751825332641602 -0.60304725170135498 -0.017280880361795425
vn 0.08075452595949173 -0.29429325461387634 0.95229732990264893
vn 0.08075452595949173 -0.29429325461387634 0.95229732990264893
vn 0.08075452595949173 -0.29429325461387634 0.95229732990264893
vn 0.83608394861221313 -0.060447376221418381 0.5452612042427063
vn 0.83853721618652344 -0.094844669103622437 0.53652572631835938
vn 0.88400673866271973 -0.10864373296499252 0.45467424392700195
vn 0.044248819351196289 -0.99434596300125122 0.096530787646770477
vn -0.099470362067222595 -0.99457317590713501 0.030494324862957001
vn 0.012294668704271317 -0.99411469697952271 0.10763289779424667
vn 0.82595807313919067 -0.56218147277832031 0.041775666177272797
vn 0.87840050458908081 -0.47703036665916443 0.029233571141958237
vn 0.70971548557281494 -0.69898277521133423 -0.087903626263141632
vn 0.88049793243408203 -0.46866583824157715 0.071243971586227417
vn -0.084669150412082672 -0.99633729457855225 0.011961920186877251
vn 0.67955648899078369 -0.21378515660762787 -0.70178264379501343
vn 0.67955648899078369 -0.21378515660762787 -0.70178264379501343
vn 0.67955648899078369 -0.21378515660762787 -0.70178264379501343
vn -0.97934651374816895 -0.010698413476347923 0.20190569758415222
vn -0.97934651374816895 -0.010698413476347923 0.20190569758415222
vn -0.97934651374816895 -0.010698413476347923 0.20190569758415222
vn -0.88889384269714355 -0.37844169139862061 -0.25816589593887329
vn -0.86490654945373535 -0.47298246622085571 0.16800087690353394
vn -0.86417281627655029 -0.50225800275802612 0.030694948509335518
vn 0.16971750557422638 -0.060746155679225922 -0.98361873626708984
vn 0.044111426919698715 -0.0021232899744063616 -0.99902433156967163
vn -0.038879904896020889 -0.1063322126865387 -0.99357020854949951
vn -0.64566123485565186 0.22836197912693024 0.72867852449417114
vn -0.64416122436523438 0.23694276809692383 0.72726500034332275
vn -0.62900429964065552 0.31076142191886902 0.71258747577667236
vn 0.16794924437999725 0.0056764492765069008 -0.9857792854309082
vn 0.2515920102596283 -0.96603524684906006 -0.058968681842088699
vn 0.75825899839401245 -0.22980131208896637 -0.61011034250259399
vn 0.83504736423492432 -0.073258325457572937 -0.54527896642684937
vn 0.66727828979492188 -0.36319705843925476 -0.65025192499160767
vn 0.92546176910400391 -0.37573596835136414 -0.048404388129711151
vn 0.92546176910400391 -0.37573596835136414 -0.048404388129711151
vn 0.92546176910400391 -0.37573596835136414 -0.048404388129711151
vn -0.12347809225320816 -0.99181622266769409 0.03246065229177475
vn -0.065581426024436951 -0.99589383602142334 0.062406554818153381
vn -0.64847922325134277 -0.75086361169815063 0.12521389126777649
vn -0.63964366912841797 -0.7561028003692627 0.13843612372875214
vn -0.66695421934127808 -0.7406916618347168 -0.080919213593006134
vn -0.16030758619308472 -0.62690269947052002 -0.76242673397064209
vn 0.046051766723394394 -0.62047219276428223 -0.7828751802444458
vn -0.017917061224579811 -0.61203134059906006 -0.7906305193901062
vn -0.29130455851554871 -0.92940020561218262 -0.2266206294298172
vn -0.29130455851554871 -0.92940020561218262 -0.2266206294298172
vn -0.29130455851554871 -0.92940020561218262 -0.2266206294298172
vn -0.73193567991256714 -0.66104942560195923 0.16517800092697144
vn -0.73193567991256714 -0.66104942560195923 0.16517800092697144
vn -0.73193567991256714 -0.66104942560195923 0.16517800092697144
vn -0.45248439908027649 -0.19846746325492859 -0.86940699815750122
vn -0.46824026107788086 -0.22297187149524689 -0.85500562191009521
vn -0.41704687476158142 -0.1451563835144043 -0.89721876382827759
vn -0.51735585927963257 -0.30324706435203552 -0.80024003982543945
vn 0.9929928183555603 0.062377210706472397 0.10037113726139069
vn -0.16742929816246033 0.00054380338406190276 -0.98588395118713379
vn -0.16742929816246033 0.00054380338406190276 -0.98588395118713379
vn -0.16742929816246033 0.00054380338406190276 -0.98588395118713379
vn -0.99424135684967041 -0.10113267600536346 -0.035445243120193481
vn -0.91914695501327515 -0.3366246223449707 0.20457950234413147
vn -0.96157944202423096 -0.27302181720733643 -0.028707411140203476
vn 0.95222115516662598 0.18194094300270081 -0.24530062079429626
vn 0.98787885904312134 0.15403041243553162 -0.019233813509345055
vn 0.92290067672729492 0.24022671580314636 -0.30090776085853577
vn 0.22202971577644348 -0.030290467664599419 -0.97456926107406616
vn 0.21003127098083496 -0.033794932067394257 -0.97711044549942017
vn 0.38094666600227356 0.017660720273852348 -0.92442834377288818
vn -0.09101308137178421 0.10139375180006027 -0.99067449569702148
vn -0.071851514279842377 0.089719362556934357 -0.99337190389633179
vn -0.23993323743343353 0.2278473824262619 -0.94367241859436035
vn -0.61147725582122803 -0.74093157052993774 -0.27769759297370911
vn -0.34865829348564148 -0.76732534170150757 -0.53819072246551514
vn -0.59300887584686279 -0.74697434902191162 -0.30061566829681396
vn -0.57079344987869263 -0.011904818937182426 -0.8210073709487915
vn -0.68328124284744263 -0.063810244202613831 -0.72736167907714844
vn -0.68328124284744263 -0.063810244202613831 -0.72736167907714844
vn -0.68328124284744263 -0.063810244202613831 -0.72736167907714844
vn 0.038119297474622726 0.35331046581268311 -0.93472915887832642
vn 0.038119297474622726 0.35331046581268311 -0.93472915887832642
vn 0.038119297474622726 0.35331046581268311 -0.93472915887832642
vn 0.98877614736557007 0.09846949577331543 0.11236336082220078
vn 0.98098403215408325 0.050443194806575775 0.18741884827613831
vn 0.98070752620697021 0.029571637511253357 0.19323118031024933
vn 0.35993918776512146 0.055200774222612381 0.93134129047393799
vn 0.41539174318313599 0.10521172732114792 0.9035375714302063
vn 0.36291632056236267 -0.013798915781080723 0.93171954154968262
vn -0.87727576494216919 -0.23153194785118103 0.42045235633850098
vn -0.95717513561248779 -0.20673331618309021 0.20267477631568909
vn -0.074356973171234131 -0.86347043514251709 -0.49888858199119568
vn -0.13535954058170319 -0.89307767152786255 -0.42905721068382263
vn -0.13502348959445953 -0.89293628931045532 -0.42945718765258789
vn 0.97490948438644409 -0.019278222694993019 -0.22176529467105865
vn 0.97490948438644409 -0.019278222694993019 -0.22176529467105865
vn 0.97490948438644409 -0.019278222694993019 -0.22176529467105865
vn 0.27700197696685791 0.11444506794214249 0.95402950048446655
vn 0.10085740685462952 0.12480159103870392 0.98704224824905396
vn 0.16237626969814301 0.19701267778873444 0.96686089038848877
vn 0.0014181151054799557 -0.99628973007202148 0.086051158607006073
vn -0.019550643861293793 -0.99700748920440674 0.074792243540287018
vn -0.0063506071455776691 -0.99650943279266357 0.083238616585731506
vn 0.76457458734512329 -0.63312697410583496 -0.12073066085577011
vn 0.82844918966293335 -0.5512273907661438 -0.09909733384847641
vn 0.91478174924850464 -0.33583483099937439 -0.22447556257247925
vn -0.94103372097015381 -0.26776659488677979 0.20677666366100311
vn -0.95400118827819824 -0.23793989419937134 0.18239052593708038
vn -0.991860032081604 -0.071788512170314789 0.10516691207885742
vn -0.94925141334533691 -0.26138481497764587 0.17492762207984924
vn -0.53743326663970947 -0.19872260093688965 -0.81955772638320923
vn -0.86063224077224731 -0.28960177302360535 -0.41885906457901001
vn -0.79713886976242065 -0.26254448294639587 -0.54372793436050415
vn 0.055484510958194733 -0.89470160007476807 0.44320487976074219
vn 0.019324710592627525 -0.87074559926986694 0.49135395884513855
vn 0.02218196913599968 -0.87276953458786011 0.4876282811164856
vn 0.94190770387649536 0.029273239895701408 0.33459371328353882
vn 0.94190770387649536 0.029273239895701408 0.33459371328353882
vn 0.94190770387649536 0.029273239895701408 0.33459371328353882
vn -0.051806002855300903 -0.9979824423789978 0.036704782396554947
vn -0.098386138677597046 -0.96935433149337769 -0.2251051664352417
vn -0.056981399655342102 -0.93955022096633911 -0.33763661980628967
vn -0.88386940956115723 -0.3552452027797699 -0.30426257848739624
vn -0.88386940956115723 -0.3552452027797699 -0.30426257848739624
vn -0.88386940956115723 -0.3552452027797699 -0.30426257848739624
vn 0.58234876394271851 -0.43017882108688354 -0.68979424238204956
vn 0.58234876394271851 -0.43017882108688354 -0.68979424238204956
vn 0.58234876394271851 -0.43017882108688354 -0.68979424238204956
vn 0.85387825965881348 -0.4805624783039093 -0.1998790055513382
vn 0.80627810955047607 -0.56634432077407837 -0.17079158127307892
vn 0.81565463542938232 -0.55103260278701782 -0.17626854777336121
vn -0.18776838481426239 -0.21698473393917084 -0.9579460620880127
vn -0.17366917431354523 -0.18264411389827728 -0.96771901845932007
vn -0.10370124876499176 0.048776473850011826 -0.99341177940368652
vn 0.969490647315979 -0.021250003948807716 -0.24420538544654846
vn 0.96950262784957886 -0.021314885467290878 -0.2441522628068924
vn 0.96951252222061157 -0.021274827420711517 -0.24411654472351074
vn 0.55554670095443726 -0.63180440664291382 -0.54054701328277588
vn 0.55554670095443726 -0.63180440664291382 -0.54054701328277588
vn 0.55554670095443726 -0.63180440664291382 -0.54054701328277588
vn 0.53866434097290039 -0.28301909565925598 0.79356217384338379
vn 0.53866434097290039 -0.28301909565925598 0.79356217384338379
vn 0.53866434097290039 -0.28301909565925598 0.79356217384338379
vn -0.95546227693557739 -0.0021785276476293802 0.29510515928268433
vn 0.10494621843099594 0.9797903299331665 0.1702856719493866
vn 0.10494621843099594 0.9797903299331665 0.1702856719493866
vn 0.10494621843099594 0.9797903299331665 0.1702856719493866
vn -0.81301289796829224 -0.090802587568759918 -0.57512164115905762
vn -0.81301289796829224 -0.090802587568759918 -0.57512164115905762
vn -0.81301289796829224 -0.090802587568759918 -0.57512164115905762
vn -0.88765943050384521 0.45749971270561218 0.052486192435026169
vn -0.85954457521438599 0.49430763721466064 0.1297808438539505
vn -0.90970450639724731 0.40781086683273315 -0.078281611204147339
vn -0.26990333199501038 -0.055735539644956589 -0.9612729549407959
vn -0.24128468334674835 -0.023226620629429817 -0.97017639875411987
vn -0.26841157674789429 -0.082914739847183228 -0.95972931385040283
vn 0.31518456339836121 -0.90841400623321533 -0.2746683657169342
vn 0.086325846612453461 -0.94146519899368286 -0.3258698582649231
vn 0.27791672945022583 -0.93886286020278931 -0.20322117209434509
vn 0.076876707375049591 -0.85025626420974731 0.52072471380233765
vn 0.264325350522995 -0.87308472394943237 0.40970137715339661
vn 0.15898086130619049 -0.85747396945953369 0.48935002088546753
vn -0.22498105466365814 -0.089523382484912872 -0.97024178504943848
vn -0.38117289543151855 -0.042795725166797638 -0.92351269721984863
vn -0.2635764479637146 -0.085529029369354248 -0.96083933115005493
vn 0.73375385999679565 -0.065188407897949219 -0.67628085613250732
vn 0.56930726766586304 -0.11354277282953262 -0.81424647569656372
vn 0.60449039936065674 -0.11650091409683228 -0.78804749250411987
vn 0.105251245200634 -0.28976178169250488 -0.95129400491714478
vn 0.105251245200634 -0.28976178169250488 -0.95129400491714478
vn 0.105251245200634 -0.28976178169250488 -0.95129400491714478
vn -0.05476248636841774 0.18894208967685699 0.98046004772186279
vn -0.05476248636841774 0.18894208967685699 0.98046004772186279
vn -0.05476248636841774 0.18894208967685699 0.98046004772186279
vn 0.3912927508354187 0.16803987324237823 0.90479421615600586
vn 0.98946207761764526 -0.012607424519956112 -0.14424224197864532
vn 0.98947310447692871 -0.012565608136355877 -0.14417029917240143
vn 0.98946326971054077 -0.01260302122682333 -0.14423467218875885
vn 0.03335997462272644 0.99202024936676025 -0.12158489227294922
vn 0.055765904486179352 0.9879181981086731 -0.14459528028964996
vn 0.3473207950592041 0.83078116178512573 -0.43493789434432983
vn 0.20182101428508759 -0.78566914796829224 -0.58480101823806763
vn 0.35390615463256836 -0.64313554763793945 -0.67906337976455688
vn 0.41905423998832703 -0.56449782848358154 -0.71115100383758545
vn 0.21117042005062103 0.04231652244925499 0.97653281688690186
vn -0.00055031100055202842 0.086894892156124115 0.99621731042861938
vn 0.2156519889831543 0.15791933238506317 0.96361595392227173
vn 0.72861349582672119 -0.67967116832733154 -0.084672749042510986
vn 0.76196473836898804 -0.63025087118148804 -0.14897516369819641
vn 0.76040470600128174 -0.64573681354522705 -0.069344498217105865
vn 0.34419146180152893 -0.051644876599311829 -0.93747800588607788
vn 0.14855450391769409 -0.069936864078044891 -0.98642808198928833
vn 0.4133506715297699 0.049358613789081573 -0.90923315286636353
vn -0.74722623825073242 -0.65735131502151489 -0.097684279084205627
vn -0.74722760915756226 -0.6573595404624939 -0.097618423402309418
vn -0.7472108006477356 -0.65726178884506226 -0.098401837050914764
vn -0.27874937653541565 -0.088534533977508545 -0.95627421140670776
vn -0.36644169688224792 -0.27084276080131531 -0.89014869928359985
vn -0.41696503758430481 -0.38868585228919983 -0.82162243127822876
vn -0.76647502183914185 -0.41225710511207581 0.49250388145446777
vn -0.76647502183914185 -0.41225710511207581 0.49250388145446777
vn -0.76647502183914185 -0.41225710511207581 0.49250388145446777
vn 0.50770771503448486 0.52525568008422852 -0.68289041519165039
vn 0.50770771503448486 0.52525568008422852 -0.68289041519165039
vn 0.50770771503448486 0.52525568008422852 -0.68289041519165039
vn -0.74724870920181274 -0.65748500823974609 -0.096606656908988953
vn 0.20163604617118835 -0.87241899967193604 -0.4452279806137085
vn 0.23118817806243896 -0.91166865825653076 -0.33972388505935669
vn 0.19328148663043976 -0.95019543170928955 -0.24448087811470032
vn -0.744331955909729 0.0878557488322258 0.66200554370880127
vn -0.76254302263259888 0.027227601036429405 0.64636433124542236
vn -0.84006130695343018 0.02990366704761982 0.54166668653488159
vn 0.20895519852638245 -0.97662609815597534 0.050389867275953293
vn 0.054949373006820679 -0.99111765623092651 0.12110476195812225
vn -0.016818460077047348 -0.97768032550811768 0.2094237357378006
vn 0.94767260551452637 -0.30168074369430542 -0.10442890226840973
vn 0.91871356964111328 -0.37532836198806763 -0.12285768240690231
vn 0.2681540846824646 -0.96121132373809814 0.064545780420303345
vn 0.18663434684276581 -0.9811701774597168 0.049726221710443497
vn -0.2931315004825592 -0.89732950925827026 0.32996013760566711
vn -0.39147120714187622 -0.92000484466552734 -0.018476909026503563
vn -0.33595564961433411 -0.92040044069290161 0.19999215006828308
vn -0.16656842827796936 -0.24503640830516815 -0.95509797334671021
vn 0.020683698356151581 -0.22800321877002716 -0.97344064712524414
vn -0.1382894366979599 -0.1898031085729599 -0.97203439474105835
vn 0.081692241132259369 -0.18031476438045502 -0.98021066188812256
vn -0.84798568487167358 0.0044268341735005379 0.53000062704086304
vn -0.88947665691375732 -0.085554920136928558 0.44890043139457703
vn -0.94722187519073486 -0.080199249088764191 0.31038492918014526
vn -0.96600675582885742 -0.23143960535526276 0.11518121510744095
vn -0.99502831697463989 -0.059993624687194824 0.079494684934616089
vn -0.98594361543655396 -0.12625087797641754 0.10943462699651718
vn -0.87024992704391479 0.21722882986068726 0.44212743639945984
vn -0.88701218366622925 0.11496499180793762 0.44720512628555298
vn -0.868397057056427 0.22559133172035217 0.44158250093460083
vn 0.42094230651855469 -0.011832564137876034 -0.90701025724411011
vn 0.338593989610672 -0.15853515267372131 -0.92748081684112549
vn 0.38310784101486206 -0.11620281636714935 -0.91636526584625244
vn -0.79808038473129272 -0.46790772676467896 -0.37964463233947754
vn -0.81503075361251831 -0.42469221353530884 -0.39415904879570007
vn -0.82658308744430542 -0.39703747630119324 -0.39890056848526001
vn 0.24476514756679535 -0.96644055843353271 -0.077991798520088196
vn 0.24476514756679535 -0.96644055843353271 -0.077991798520088196
vn 0.24476514756679535 -0.96644055843353271 -0.077991798520088196
vn -0.35872173309326172 0.45162227749824524 0.81691861152648926
vn -0.35872173309326172 0.45162227749824524 0.81691861152648926
vn -0.35872173309326172 0.45162227749824524 0.81691861152648926
vn -0.50896447896957397 0.098406262695789337 0.85514408349990845
vn -0.51404672861099243 0.1673043966293335 0.84128785133361816
vn -0.49780282378196716 0.0025541083887219429 0.86728650331497192
vn -0.86745941638946533 -0.47530177235603333 -0.14697737991809845
vn -0.86848282814025879 -0.49236175417900085 -0.057597585022449493
vn -0.83992832899093628 -0.42403531074523926 -0.33869519829750061
vn -0.86149942874908447 -0.50621587038040161 0.039549898356199265
vn -0.10036808252334595 0.36977827548980713 -0.92368298768997192
vn -0.0071974634192883968 0.39237666130065918 -0.91977643966674805
vn 0.0021282539237290621 0.39443895220756531 -0.91891968250274658
vn -0.70881432294845581 -0.46589598059654236 -0.5296444296836853
vn -0.81126844882965088 -0.37221884727478027 -0.45088428258895874
vn -0.8616299033164978 -0.50751233100891113 0.0050114905461668968
vn 0.041106045246124268 -0.99553823471069336 0.084934443235397339
vn 0.14996835589408875 -0.97843921184539795 0.14200755953788757
vn 0.1577794998884201 -0.98634785413742065 0.047154095023870468
vn 0.93391638994216919 0.27498710155487061 -0.22843433916568756
vn 0.90649795532226562 0.28499263525009155 0.31151357293128967
vn 0.95713126659393311 0.28922545909881592 -0.015761526301503181
vn -0.062675699591636658 -0.99083399772644043 0.11966536194086075
vn -0.97783035039901733 -0.1771889328956604 0.11158815771341324
vn -0.92263412475585938 -0.38375180959701538 0.038481194525957108
vn 0.93529504537582397 -0.34116080403327942 -0.093980982899665833
vn 0.87955868244171143 -0.072195284068584442 -0.47028115391731262
vn 0.98932754993438721 -0.13155819475650787 -0.062637344002723694
vn 0.98674613237380981 -0.16166117787361145 0.014062045142054558
vn -0.045431423932313919 -0.99700206518173218 0.062632732093334198
vn -0.012543167918920517 -0.99507999420166016 0.098277531564235687
vn 0.045670878142118454 -0.61486297845840454 0.78731042146682739
vn 0.076908387243747711 -0.61552393436431885 0.78435665369033813
vn 0.029561510309576988 -0.6105315089225769 0.79144006967544556
vn 0.75531309843063354 0.099930904805660248 0.64770054817199707
vn 0.75531309843063354 0.099930904805660248 0.64770054817199707
vn 0.75531309843063354 0.099930904805660248 0.64770054817199707
vn 0.70825928449630737 -0.17426079511642456 -0.68410670757293701
vn 0.71367460489273071 -0.15445336699485779 -0.68323695659637451
vn 0.69151532649993896 -0.22929488122463226 -0.68500399589538574
vn -0.81070584058761597 -0.48737999796867371 -0.32437130808830261
vn -0.80026227235794067 -0.46740248799324036 -0.37565305829048157
vn -0.79540103673934937 -0.49639827013015747 -0.34774404764175415
vn -0.78833937644958496 -0.52816349267959595 -0.3155381977558136
vn -0.57105475664138794 -0.071547195315361023 -0.81778812408447266
vn -0.57105475664138794 -0.071547195315361023 -0.81778812408447266
vn -0.57105475664138794 -0.071547195315361023 -0.81778812408447266
vn 0.14446632564067841 -0.57015508413314819 0.808735191822052
vn -0.16821068525314331 -0.085913874208927155 -0.98199999332427979
vn -0.16821068525314331 -0.085913874208927155 -0.98199999332427979
vn -0.16821068525314331 -0.085913874208927155 -0.98199999332427979
vn -0.44159430265426636 -0.89412814378738403 -0.074359610676765442
vn -0.44159430265426636 -0.89412814378738403 -0.074359610676765442
vn -0.44159430265426636 -0.89412814378738403 -0.074359610676765442
vn 0.733470618724823 -0.039081860333681107 0.67859667539596558
vn 0.733470618724823 -0.039081860333681107 0.67859667539596558
vn 0.733470618724823 -0.039081860333681107 0.67859667539596558
vn 0.21568214893341064 -0.24142138659954071 -0.94614845514297485
vn 0.21568214893341064 -0.24142138659954071 -0.94614845514297485
vn 0.21568214893341064 -0.24142138659954071 -0.94614845514297485
vn 0.53342175483703613 0.30631229281425476 -0.78843772411346436
vn 0.53342175483703613 0.30631229281425476 -0.78843772411346436
vn 0.53342175483703613 0.30631229281425476 -0.78843772411346436
vn 0.58049750328063965 -0.070967614650726318 -0.81116348505020142
vn 0.58049750328063965 -0.070967614650726318 -0.81116348505020142
vn 0.58049750328063965 -0.070967614650726318 -0.81116348505020142
vn 0.7636602520942688 0.40477463603019714 -0.50297170877456665
vn 0.7636602520942688 0.40477463603019714 -0.50297170877456665
vn 0.7636602520942688 0.40477463603019714 -0.50297170877456665
vn -0.47819617390632629 -0.26811370253562927 0.83632737398147583
vn -0.25837564468383789 -0.67626500129699707 -0.68986064195632935
vn -0.24781204760074615 -0.77936232089996338 -0.5754854679107666
vn -0.26160794496536255 -0.44512951374053955 -0.8564000129699707
vn 0.097389236092567444 -0.99217623472213745 0.078113101422786713
vn -0.000815700797829777 -0.99906927347183228 0.043126247823238373
vn 0.0034874659031629562 -0.99747163057327271 0.070979930460453033
vn 0.85254281759262085 -0.27288731932640076 -0.44576138257980347
vn 0.85254281759262085 -0.27288731932640076 -0.44576138257980347
vn 0.85254281759262085 -0.27288731932640076 -0.44576138257980347
vn -0.011945754289627075 -0.99935537576675415 0.033854696899652481
vn 0.74744176864624023 0.048472609370946884 0.66255658864974976
vn 0.99950319528579712 -0.031397268176078796 0.0027469058986753225
vn 0.99997079372406006 -0.0076145562343299389 0.00066618755226954818
vn 0.99997550249099731 0.0069766407832503319 -0.00061037717387080193
vn -0.35837289690971375 0.57069128751754761 0.73883718252182007
vn -0.35837289690971375 0.57069128751754761 0.73883718252182007
vn -0.35837289690971375 0.57069128751754761 0.73883718252182007
vn 0.10814207792282104 -0.16274529695510864 -0.98072385787963867
vn 0.10483688861131668 -0.42115342617034912 -0.90091007947921753
vn 0.10560900717973709 -0.3972536027431488 -0.91161191463470459
vn 0.95274674892425537 0.29645493626594543 0.066242389380931854
vn 0.89784431457519531 0.29535987973213196 0.32655501365661621
vn 0.95111376047134399 0.2846977710723877 -0.11970724165439606
vn 0.94498759508132935 0.27980762720108032 -0.16942887008190155
vn -0.95323997735977173 -0.30220809578895569 -0.001950749778188765
vn -0.93208986520767212 -0.35925087332725525 -0.04633881151676178
vn -0.80543482303619385 -0.58476686477661133 0.096553228795528412
vn -0.95558559894561768 -0.29470089077949524 0.0027490674983710051
vn 0.71753388643264771 -0.42350548505783081 -0.55298119783401489
vn 0.57133042812347412 -0.611164391040802 -0.54777699708938599
vn 0.53834831714630127 -0.60654789209365845 -0.58504766225814819
vn 0.57864242792129517 -0.55042028427124023 -0.60183924436569214
vn 0.5271114706993103 -0.53675895929336548 -0.65881961584091187
vn 0.71155047416687012 -0.41751396656036377 -0.5651354193687439
vn -0.043504256755113602 -0.99089193344116211 0.12743864953517914
vn -0.043504256755113602 -0.99089193344116211 0.12743864953517914
vn -0.043504256755113602 -0.99089193344116211 0.12743864953517914
vn -0.26489058136940002 0.0099315522238612175 -0.96422731876373291
vn -0.58756381273269653 -0.33192560076713562 -0.73796623945236206
vn -0.45998534560203552 -0.18647858500480652 -0.86812394857406616
vn 0.18501561880111694 -0.71084493398666382 -0.67857843637466431
vn 0.18501561880111694 -0.71084493398666382 -0.67857843637466431
vn 0.18501561880111694 -0.71084493398666382 -0.67857843637466431
vn -0.47362896800041199 -0.61167752742767334 0.63366097211837769
vn -0.47336527705192566 -0.61094945669174194 0.6345597505569458
vn -0.47937625646591187 -0.62780660390853882 0.61323511600494385
vn 0.95385903120040894 -0.27805700898170471 0.11330177634954453
vn 0.96305203437805176 -0.23618318140506744 0.12941509485244751
vn 0.94907140731811523 -0.29670265316963196 0.10597617924213409
vn -0.25465032458305359 -0.055473938584327698 -0.96544075012207031
vn -0.21063441038131714 -6.7134438722860068E-05 -0.97756493091583252
vn -0.99147975444793701 -0.011313371360301971 -0.12976880371570587
vn -0.99147975444793701 -0.011313371360301971 -0.12976880371570587
vn -0.99147975444793701 -0.011313371360301971 -0.12976880371570587
vn 0.46109670400619507 0.10697853565216064 0.88087767362594604
vn 0.70502293109893799 0.02025827020406723 0.70889514684677124
vn 0.32821351289749146 0.029892828315496445 0.94413042068481445
vn 0.92759943008422852 0.030502539128065109 0.37232896685600281
vn 0.73601704835891724 0.46704292297363281 -0.49005082249641418
vn 0.73601704835891724 0.46704292297363281 -0.49005082249641418
vn 0.73601704835891724 0.46704292297363281 -0.49005082249641418
vn -0.24439924955368042 0.046718377619981766 0.96854859590530396
vn -0.24439924955368042 0.046718377619981766 0.96854859590530396
vn -0.24439924955368042 0.046718377619981766 0.96854859590530396
vn -0.96559447050094604 0.14814212918281555 -0.21373163163661957
vn -0.91773253679275513 -0.13249355554580688 -0.3744494616985321
vn -0.95454758405685425 0.10530564188957214 -0.27883625030517578
vn 0.99301290512084961 -0.010271928273141384 -0.11755805462598801
vn 0.99302518367767334 -0.010214534588158131 -0.11745926737785339
vn 0.99301493167877197 -0.010262465104460716 -0.11754177510738373
vn 0.27409783005714417 0.89688676595687866 -0.34707996249198914
vn 0.27409783005714417 0.89688676595687866 -0.34707996249198914
vn 0.27409783005714417 0.89688676595687866 -0.34707996249198914
vn 0.3423289954662323 -0.74410521984100342 -0.5736883282661438
vn 0.38784372806549072 -0.70261287689208984 -0.59658390283584595
vn 0.34002918004989624 -0.74608290195465088 -0.57248616218566895
vn -0.9380723237991333 0.19763621687889099 -0.28453510999679565
vn 0.91050177812576294 -0.19004921615123749 0.36724352836608887
vn 0.95036524534225464 -0.17840607464313507 0.25490623712539673
vn 0.51272577047348022 0.12446781247854233 -0.84948223829269409
vn 0.43636366724967957 0.1610361635684967 -0.88524240255355835
vn 0.59130859375 0.083254918456077576 -0.80213636159896851
vn 0.64709174633026123 0.051335252821445465 -0.76068192720413208
vn 0.039719175547361374 -0.99658536911010742 0.072387441992759705
vn 0.078432999551296234 -0.99691015481948853 0.0042911414057016373
vn 0.023465605452656746 -0.99463820457458496 0.10071835666894913
vn -0.65481811761856079 0.16728644073009491 0.73704034090042114
vn -0.95071226358413696 0.12095214426517487 -0.28551137447357178
vn -0.49068096280097961 -0.86745578050613403 -0.082174859941005707
vn -0.49068096280097961 -0.86745578050613403 -0.082174859941005707
vn -0.49068096280097961 -0.86745578050613403 -0.082174859941005707
vn 0.074767924845218658 0.15016229450702667 0.98583012819290161
vn 0.12560369074344635 0.22268308699131012 0.96676570177078247
vn -0.021720455959439278 0.011557287536561489 0.99969726800918579
vn -0.81957000494003296 0.0092800818383693695 0.57290387153625488
vn -0.81957000494003296 0.0092800818383693695 0.57290387153625488
vn -0.81957000494003296 0.0092800818383693695 0.57290387153625488
vn -0.8193356990814209 -0.57145613431930542 0.046118240803480148
vn -0.8193356990814209 -0.57145613431930542 0.046118240803480148
vn -0.8193356990814209 -0.57145613431930542 0.046118240803480148
vn -0.99305057525634766 0.11443258076906204 -0.027490284293889999
vn -0.99336409568786621 -0.10556984692811966 -0.045637767761945724
vn -0.98647546768188477 -0.16078482568264008 -0.031849272549152374
vn 0.96175211668014526 -0.20327173173427582 0.18361228704452515
vn -0.064369440078735352 -0.98350012302398682 0.1690683513879776
vn -0.052706334739923477 -0.99315708875656128 0.10421653836965561
vn 0.0050501292571425438 -0.99734532833099365 0.072641916573047638
vn -0.99929100275039673 -0.037619445472955704 -0.0014991528587415814
vn -0.98094117641448975 0.13848860561847687 0.1362912505865097
vn -0.97561615705490112 0.16028431057929993 0.14994005858898163
vn 0.82181644439697266 -0.51402240991592407 -0.24576149880886078
vn 0.83247822523117065 -0.51877909898757935 -0.1945461630821228
vn 0.8476606011390686 -0.52995926141738892 0.024793097749352455
vn -0.18518225848674774 -0.98060077428817749 0.064262069761753082
vn -0.9988868236541748 -0.045105118304491043 -0.013809403404593468
vn -0.19154849648475647 -0.97692000865936279 0.094532743096351624
vn 0.86044228076934814 0.044410157948732376 0.50760889053344727
vn 0.86044228076934814 0.044410157948732376 0.50760889053344727
vn 0.86044228076934814 0.044410157948732376 0.50760889053344727
vn -0.16509373486042023 -0.98369264602661133 -0.071364082396030426
vn 0.91527706384658813 -0.25416764616966248 -0.31251680850982666
vn 0.91527706384658813 -0.25416764616966248 -0.31251680850982666
vn 0.91527706384658813 -0.25416764616966248 -0.31251680850982666
vn -0.60766887664794922 -0.083756960928440094 -0.78976154327392578
vn -0.60766887664794922 -0.083756960928440094 -0.78976154327392578
vn -0.60766887664794922 -0.083756960928440094 -0.78976154327392578
vn -0.027528079226613045 0.6131441593170166 -0.78949129581451416
vn -0.027528079226613045 0.6131441593170166 -0.78949129581451416
vn -0.027528079226613045 0.6131441593170166 -0.78949129581451416
vn 0.97340387105941772 -0.21553654968738556 0.07764580100774765
vn 0.98796343803405762 -0.056867126375436783 -0.14385533332824707
vn 0.98489671945571899 -0.17048504948616028 -0.03022177517414093
vn 0.89126729965209961 0.10005602985620499 -0.44230243563652039
vn -0.1932111382484436 0.94909369945526123 -0.2487783282995224
vn -0.32015752792358398 0.94026565551757812 -0.11575683951377869
vn -0.20106108486652374 0.94947344064712524 -0.24098667502403259
vn 0.98140722513198853 0.17877183854579926 0.069860376417636871
vn -0.14405925571918488 0.98236238956451416 -0.11921039968729019
vn -0.14405925571918488 0.98236238956451416 -0.11921039968729019
vn -0.14405925571918488 0.98236238956451416 -0.11921039968729019
vn 0.80185955762863159 0.47714155912399292 -0.35966256260871887
vn 0.8238292932510376 0.36917561292648315 -0.43013334274291992
vn -0.96133917570114136 -0.20878250896930695 0.17954622209072113
vn 0.6398693323135376 -0.062077596783638 -0.7659723162651062
vn 0.61009514331817627 -0.10999718308448792 -0.78465569019317627
vn 0.49698874354362488 -0.070805661380290985 -0.86486339569091797
vn -0.51398742198944092 0.08172886073589325 0.85389536619186401
vn -0.50551676750183105 0.052165310829877853 0.86123836040496826
vn -0.68248224258422852 0.11375416815280914 0.72199583053588867
vn 0.92529398202896118 0.32220473885536194 -0.20003782212734222
vn 0.79556304216384888 -0.58915603160858154 -0.14133170247077942
vn 0.96244847774505615 0.04838140681385994 -0.26711815595626831
vn -0.99863016605377197 -0.0096835996955633163 0.051419761031866074
vn -0.2869066596031189 0.79142636060714722 0.5397489070892334
vn -0.23215886950492859 0.80908507108688354 0.53989225625991821
vn -0.28381401300430298 0.79250240325927734 0.53980505466461182
vn -0.98134744167327881 0.018667152151465416 0.191334068775177
vn -0.074076078832149506 0.97927349805831909 -0.18851044774055481
vn 0.046506613492965698 0.9711374044418335 -0.23394301533699036
vn -0.068699970841407776 0.97925835847854614 -0.1906132847070694
vn -0.47174572944641113 0.88111859560012817 -0.032954279333353043
vn -0.42527318000793457 0.85829287767410278 0.28718650341033936
vn -0.46053612232208252 0.88570111989974976 -0.058652065694332123
vn 0.98397016525268555 0.054224524646997452 -0.16988956928253174
vn 0.97960424423217773 -0.010949946939945221 -0.20063796639442444
vn 0.9821590781211853 0.12728668749332428 -0.13842548429965973
vn 0.94792520999908447 0.24635015428066254 -0.20186479389667511
vn -0.60502630472183228 0.79215329885482788 0.080226778984069824
vn -0.58846008777618408 0.80604398250579834 -0.063307009637355804
vn -0.6507609486579895 0.75056731700897217 0.11471208930015564
vn 0.1410377025604248 0.98346936702728271 -0.11356209218502045
vn 0.1410377025604248 0.98346936702728271 -0.11356209218502045
vn 0.1410377025604248 0.98346936702728271 -0.11356209218502045
vn -0.47118011116981506 0.50310307741165161 0.7244836688041687
vn -0.47118011116981506 0.50310307741165161 0.7244836688041687
vn -0.47118011116981506 0.50310307741165161 0.7244836688041687
vn 0.28103223443031311 -0.04575764387845993 -0.95860683917999268
vn 0.25219640135765076 -0.086709946393966675 -0.9637833833694458
vn 0.15362662076950073 -0.27092671394348145 -0.95026183128356934
vn -0.57181030511856079 0.8203316330909729 0.0094339735805988312
vn -0.59204047918319702 0.80059564113616943 0.092383362352848053
vn 0.17217619717121124 0.11877923458814621 0.97787874937057495
vn 0.080102354288101196 0.2577911913394928 0.96287453174591064
vn 0.028420109301805496 0.27569761872291565 0.96082419157028198
vn 0.94225013256072998 -0.27191567420959473 -0.19551599025726318
vn 0.89593803882598877 -0.43639642000198364 -0.08278387039899826
vn -0.86004942655563354 0.04446779191493988 0.50826919078826904
vn -0.86004942655563354 0.04446779191493988 0.50826919078826904
vn -0.86004942655563354 0.04446779191493988 0.50826919078826904
vn -0.95960187911987305 0.1901877224445343 -0.20734725892543793
vn -0.94177913665771484 0.33323776721954346 0.044773101806640625
vn -0.9446101188659668 0.10693035274744034 -0.31028628349304199
vn -0.8770410418510437 -0.061841621994972229 -0.47641849517822266
vn -0.23574201762676239 -0.93834513425827026 -0.25285202264785767
vn -0.23574201762676239 -0.93834513425827026 -0.25285202264785767
vn -0.23574201762676239 -0.93834513425827026 -0.25285202264785767
vn -0.68907123804092407 0.20530807971954346 0.69500315189361572
vn -0.64893853664398193 0.22662718594074249 0.72630500793457031
vn 0.065598607063293457 0.30990400910377502 0.94850212335586548
vn -0.0022410748060792685 0.32523316144943237 0.94563120603561401
vn 0.1082025021314621 0.39948078989982605 0.91033363342285156
vn 0.58988797664642334 0.794403076171875 -0.14476163685321808
vn 0.58988797664642334 0.794403076171875 -0.14476163685321808
vn 0.58988797664642334 0.794403076171875 -0.14476163685321808
vn -0.17657984793186188 -0.1810489296913147 -0.96749204397201538
vn 0.69126969575881958 -0.5591241717338562 -0.45774048566818237
vn 0.69126969575881958 -0.5591241717338562 -0.45774048566818237
vn 0.69126969575881958 -0.5591241717338562 -0.45774048566818237
vn 0.74197649955749512 0.2559036910533905 0.61966454982757568
vn 0.80477023124694824 0.1432831883430481 0.57603371143341064
vn 0.75129604339599609 0.23046351969242096 0.61841797828674316
vn 0.66878253221511841 0.27526196837425232 0.69062346220016479
vn 0.66425955295562744 0.20500127971172333 0.71884191036224365
vn -0.74785447120666504 -0.48047971725463867 -0.45809713006019592
vn -0.80974400043487549 -0.43353015184402466 -0.39543169736862183
vn -0.77273303270339966 -0.44656127691268921 -0.4510728120803833
vn -0.81767827272415161 -0.42561784386634827 -0.38762316107749939
vn -0.68037956953048706 -0.45779845118522644 -0.57227987051010132
vn -0.81643873453140259 -0.42892983555793762 -0.38658368587493896
vn -0.81634294986724854 -0.42646217346191406 -0.38950511813163757
vn -0.81964790821075439 0.42830508947372437 0.38043662905693054
vn -0.81964790821075439 0.42830508947372437 0.38043662905693054
vn -0.81964790821075439 0.42830508947372437 0.38043662905693054
vn -0.68496543169021606 -0.55373126268386841 -0.47350183129310608
vn 0.57738971710205078 -0.21327541768550873 -0.78812098503112793
vn 0.57738971710205078 -0.21327541768550873 -0.78812098503112793
vn 0.57738971710205078 -0.21327541768550873 -0.78812098503112793
vn -0.83140486478805542 0.53774863481521606 -0.13997273147106171
vn -0.83151251077651978 0.5286828875541687 -0.1705324649810791
vn -0.82389873266220093 0.56605225801467896 -0.027852222323417664
vn -0.68766105175018311 0.54302549362182617 0.48191866278648376
vn -0.68766105175018311 0.54302549362182617 0.48191866278648376
vn -0.68766105175018311 0.54302549362182617 0.48191866278648376
vn -0.21436867117881775 -0.82960504293441772 0.51555943489074707
vn -0.21436867117881775 -0.82960504293441772 0.51555943489074707
vn -0.21436867117881775 -0.82960504293441772 0.51555943489074707
vn 0.086483493447303772 0.085125908255577087 0.99260979890823364
vn 0.094764143228530884 0.086394615471363068 0.99174380302429199
vn 0.087657414376735687 0.085293479263782501 0.9924924373626709
vn 0.35249504446983337 0.062312036752700806 -0.93373680114746094
vn 0.35249504446983337 0.062312036752700806 -0.93373680114746094
vn 0.35249504446983337 0.062312036752700806 -0.93373680114746094
vn 0.10148715972900391 -0.045194949954748154 0.99380970001220703
vn 0.025304205715656281 -0.090859390795230865 -0.99554216861724854
vn -0.1466967910528183 -0.056119125336408615 -0.98758834600448608
vn 0.16202333569526672 -0.028862699866294861 0.98636472225189209
vn 0.025717474520206451 0.1799776554107666 0.98333448171615601
vn 0.30981150269508362 0.17656111717224121 0.93426066637039185
vn 0.86967736482620239 -0.49272581934928894 -0.02970733679831028
vn 0.96058934926986694 -0.27460554242134094 -0.043127026408910751
vn 0.97979658842086792 -0.18837639689445496 -0.067178770899772644
vn 0.91022992134094238 -0.41157492995262146 -0.04568978026509285
vn -0.3074418306350708 0.89011156558990479 -0.33642372488975525
vn -0.3074418306350708 0.89011156558990479 -0.33642372488975525
vn -0.3074418306350708 0.89011156558990479 -0.33642372488975525
vn 0.47991341352462769 0.31628620624542236 0.81831908226013184
vn 0.54611462354660034 0.17051404714584351 0.82017302513122559
vn 0.49402791261672974 0.16621790826320648 0.85340964794158936
vn 0.66424959897994995 0.7006182074546814 0.26058894395828247
vn 0.66424959897994995 0.7006182074546814 0.26058894395828247
vn 0.66424959897994995 0.7006182074546814 0.26058894395828247
vn -0.3891017735004425 0.12733311951160431 0.91235196590423584
vn -0.41388154029846191 -0.0059240185655653477 0.91031146049499512
vn -0.3951532244682312 0.098288491368293762 0.91334182024002075
vn -0.05998842790722847 0.97910016775131226 -0.19433023035526276
vn 0.07760927826166153 0.96701979637145996 -0.24258911609649658
vn -0.019188039004802704 0.97770112752914429 -0.20912270247936249
vn -0.98297810554504395 -0.18335695564746857 0.011588637717068195
vn -0.98875367641448975 -0.14517365396022797 0.035928007215261459
vn 0.063758388161659241 0.019958421587944031 0.99776577949523926
vn 0.95759707689285278 0.28748074173927307 0.019042981788516045
vn 0.95759707689285278 0.28748074173927307 0.019042981788516045
vn 0.95759707689285278 0.28748074173927307 0.019042981788516045
vn -0.071698948740959167 -0.99629735946655273 -0.047442436218261719
vn -0.071698948740959167 -0.99629735946655273 -0.047442436218261719
vn -0.071698948740959167 -0.99629735946655273 -0.047442436218261719
vn 0.18177942931652069 -0.020990367978811264 -0.98311525583267212
vn 0.22156181931495667 0.053215391933917999 -0.97369319200515747
vn 0.18359841406345367 -0.015986256301403046 -0.98287135362625122
vn 0.40617227554321289 0.18273679912090302 0.89533865451812744
vn 0.19879959523677826 -0.97513991594314575 0.097881890833377838
vn 0.3246065080165863 -0.87769800424575806 0.35252922773361206
vn 0.25082105398178101 -0.94717860221862793 0.19985358417034149
vn 0.92944443225860596 -0.25759178400039673 0.26415812969207764
vn 0.92944443225860596 -0.25759178400039673 0.26415812969207764
vn 0.92944443225860596 -0.25759178400039673 0.26415812969207764
vn 0.6445954442024231 -0.56850659847259521 -0.51117211580276489
vn 0.58032292127609253 -0.57959288358688354 -0.57209914922714233
vn 0.46745830774307251 -0.48459503054618835 -0.73935806751251221
vn 0.93366432189941406 -0.24674919247627258 0.25958764553070068
vn 0.92336511611938477 -0.30894699692726135 0.22792229056358337
vn -0.70578187704086304 0.22822070121765137 0.6706618070602417
vn -0.75281268358230591 0.12364053726196289 0.64651840925216675
vn 0.35907220840454102 0.64177161455154419 -0.67764025926589966
vn 0.35907220840454102 0.64177161455154419 -0.67764025926589966
vn 0.35907220840454102 0.64177161455154419 -0.67764025926589966
vn 0.068443089723587036 0.99220144748687744 -0.10417196154594421
vn 0.074449002742767334 0.990578293800354 -0.11494359374046326
vn 0.068530991673469543 0.99217885732650757 -0.10432958602905273
vn 0.035149227827787399 0.10903982073068619 0.99341577291488647
vn 0.022106584161520004 0.095468103885650635 0.99518698453903198
vn 0.030232477933168411 0.10392666608095169 0.9941253662109375
vn 0.061369437724351883 0.13624508678913116 0.98877251148223877
vn 0.022664828225970268 0.99543523788452148 -0.09270920604467392
vn 0.0061427745968103409 0.99607217311859131 -0.088331647217273712
vn 0.010383989661931992 0.99513471126556396 -0.097974754869937897
vn -0.30052819848060608 0.68527817726135254 -0.66338270902633667
vn -0.30052819848060608 0.68527817726135254 -0.66338270902633667
vn -0.30052819848060608 0.68527817726135254 -0.66338270902633667
vn -0.69528144598007202 -0.69379925727844238 -0.18768675625324249
vn -0.69528144598007202 -0.69379925727844238 -0.18768675625324249
vn -0.69528144598007202 -0.69379925727844238 -0.18768675625324249
vn -0.93069416284561157 0.34292542934417725 -0.12732064723968506
vn -0.94984143972396851 0.23857586085796356 -0.20219498872756958
vn -0.92667609453201294 0.37486574053764343 -0.027332806959748268
vn -0.89814925193786621 0.43577316403388977 -0.058563899248838425
vn -0.8804282546043396 0.47291707992553711 -0.034576479345560074
vn -0.19885797798633575 0.72187900543212891 -0.66283196210861206
vn -0.19885797798633575 0.72187900543212891 -0.66283196210861206
vn -0.19885797798633575 0.72187900543212891 -0.66283196210861206
vn 0.83326983451843262 -0.55018156766891479 -0.054420769214630127
vn -0.92909669876098633 -0.36620765924453735 -0.051684234291315079
vn -0.86714255809783936 -0.41061109304428101 -0.28189069032669067
vn -0.89008104801177979 -0.43079939484596252 -0.14888779819011688
vn -0.34346222877502441 0.93822008371353149 0.042151682078838348
vn -0.34346222877502441 0.93822008371353149 0.042151682078838348
vn -0.34346222877502441 0.93822008371353149 0.042151682078838348
vn 0.93370163440704346 0.089174665510654449 -0.34676963090896606
vn 0.84383094310760498 0.51561558246612549 -0.1486266702413559
vn 0.41808402538299561 0.90830618143081665 -0.013625381514430046
vn 0.768382728099823 0.63662958145141602 -0.065504215657711029
vn 0.80524814128875732 0.58858370780944824 -0.071726188063621521
vn -0.2353530079126358 -0.28798073530197144 0.92826509475708008
vn -0.2353530079126358 -0.28798073530197144 0.92826509475708008
vn -0.2353530079126358 -0.28798073530197144 0.92826509475708008
vn 0.44894888997077942 0.46951526403427124 -0.76026332378387451
vn 0.44894888997077942 0.46951526403427124 -0.76026332378387451
vn 0.44894888997077942 0.46951526403427124 -0.76026332378387451
vn 0.10367582738399506 -0.44241070747375488 -0.89079970121383667
vn 0.10367582738399506 -0.44241070747375488 -0.89079970121383667
vn 0.10367582738399506 -0.44241070747375488 -0.89079970121383667
vn -0.80006670951843262 -0.39916649460792542 0.44783851504325867
vn -0.42873981595039368 -0.72592777013778687 0.53778350353240967
vn -0.4270499050617218 -0.90041649341583252 0.082936905324459076
vn -0.29129162430763245 -0.94490659236907959 -0.14933410286903381
vn -0.96671169996261597 -0.24683858454227448 0.067373558878898621
vn -0.97433966398239136 -0.18712742626667023 0.12508217990398407
vn -0.96189188957214355 -0.26947945356369019 0.046312488615512848
vn -0.86264050006866455 0.27219411730766296 0.42633521556854248
vn -0.9857824444770813 0.099238812923431396 0.13558994233608246
vn -0.97828406095504761 0.11627726256847382 0.17158062756061554
vn -0.01488819345831871 0.022648783400654793 -0.99963259696960449
vn 0.015587891452014446 -0.036630086600780487 -0.99920731782913208
vn 0.042220961302518845 -0.033564791083335876 -0.99854433536529541
vn -0.068096637725830078 0.0043453872203826904 -0.9976692795753479
vn -0.99539327621459961 0.047738686203956604 0.08314572274684906
vn 0.94089037179946899 -0.33855313062667847 -0.010346305556595325
vn 0.97443217039108276 -0.10749870538711548 0.1972966194152832
vn 0.98476904630661011 -0.15991242229938507 0.068249188363552094
vn -0.3286251425743103 -0.92471826076507568 0.19209791719913483
vn 0.086126632988452911 -0.99318790435791016 -0.07848542183637619
vn -0.12841302156448364 -0.97853541374206543 0.16117851436138153
vn 0.94003951549530029 -0.33562994003295898 0.06064852699637413
vn -0.53205645084381104 -0.8255535364151001 0.18808841705322266
vn -0.36734259128570557 -0.92459249496459961 0.10093650966882706
vn 0.81523984670639038 -0.56508678197860718 -0.12673163414001465
vn 0.80436503887176514 -0.57034188508987427 -0.16645410656929016
vn 0.79164743423461914 -0.5961642861366272 -0.13372556865215302
vn 0.92775017023086548 -0.33380565047264099 0.16689351201057434
vn -0.99621933698654175 0.0072272769175469875 0.086572520434856415
vn -0.99621933698654175 0.0072272769175469875 0.086572520434856415
vn -0.99621933698654175 0.0072272769175469875 0.086572520434856415
vn 0.074684090912342072 -0.44745182991027832 -0.89118409156799316
vn 0.18106983602046967 -0.41718214750289917 -0.8906024694442749
vn 0.056510187685489655 -0.45205286145210266 -0.89019930362701416
vn 0.0043344278819859028 -0.99992400407791138 -0.011539136990904808
vn 0.13411936163902283 -0.98595166206359863 -0.099555522203445435
vn 0.077463462948799133 -0.99260896444320679 -0.093417726457118988
vn 0.99494361877441406 0.037561304867267609 -0.093146592378616333
vn 0.98898708820343018 0.068831384181976318 -0.13102225959300995
vn 0.98204922676086426 0.022558404132723808 -0.18727113306522369
vn 0.97534775733947754 0.019254093989729881 0.2198319286108017
vn 0.97999322414398193 0.025365451350808144 0.19740796089172363
vn 0.9193146824836731 -0.010413229465484619 0.3933853805065155
vn 0.96420025825500488 0.10690832138061523 0.24266952276229858
vn 0.90754777193069458 0.12826895713806152 0.399880051612854
vn 0.52913433313369751 0.78021687269210815 -0.33358436822891235
vn 0.67078787088394165 0.69578862190246582 -0.25675234198570251
vn -0.04795297235250473 0.97964227199554443 0.19493985176086426
vn -0.04795297235250473 0.97964227199554443 0.19493985176086426
vn -0.04795297235250473 0.97964227199554443 0.19493985176086426
vn -0.25725105404853821 -0.17294207215309143 -0.95074337720870972
vn -0.25725105404853821 -0.17294207215309143 -0.95074337720870972
vn -0.25725105404853821 -0.17294207215309143 -0.95074337720870972
vn -0.49627459049224854 0.049335889518260956 0.86676263809204102
vn -0.51304692029953003 -0.10117588937282562 0.85237687826156616
vn -0.50637960433959961 0.032293993979692459 0.8617057204246521
vn -0.07531951367855072 0.082520484924316406 -0.99373906850814819
vn -0.07531951367855072 0.082520484924316406 -0.99373906850814819
vn -0.07531951367855072 0.082520484924316406 -0.99373906850814819
vn 0.78145718574523926 -0.62286132574081421 -0.036992024630308151
vn 0.79535520076751709 -0.60612863302230835 0.0042575555853545666
vn 0.85342228412628174 -0.076103866100311279 0.51563417911529541
vn 0.85342228412628174 -0.076103866100311279 0.51563417911529541
vn 0.85342228412628174 -0.076103866100311279 0.51563417911529541
vn -0.11877965927124023 -0.58638155460357666 0.80127900838851929
vn 0.085602045059204102 -0.54219502210617065 0.83588087558746338
vn 0.18813923001289368 -0.46337395906448364 0.86596083641052246
vn 0.91870599985122681 -0.39332872629165649 0.035662069916725159
vn 0.79776889085769653 -0.59177082777023315 -0.11563754826784134
vn 0.92877686023712158 -0.36665377020835876 0.054208267480134964
vn -0.064104408025741577 -0.99400025606155396 0.088623739778995514
vn -0.019967686384916306 -0.9770236611366272 0.21219339966773987
vn -0.033825386315584183 -0.99763709306716919 0.059800770133733749
vn 0.86158454418182373 0.46001750230789185 -0.21460650861263275
vn 0.90254461765289307 0.42365211248397827 -0.077020235359668732
vn 0.78315401077270508 -0.593666672706604 -0.18501268327236176
vn 0.49691459536552429 -0.77632832527160645 -0.38780170679092407
vn 0.75198745727539062 -0.57700455188751221 -0.31871718168258667
vn 0.58165961503982544 -0.7238847017288208 -0.37102976441383362
vn -0.42028984427452087 -0.087048448622226715 0.90320485830307007
vn -0.42028984427452087 -0.087048448622226715 0.90320485830307007
vn -0.42028984427452087 -0.087048448622226715 0.90320485830307007
vn 0.68352049589157104 0.03668491542339325 -0.72900885343551636
vn 0.68352049589157104 0.03668491542339325 -0.72900885343551636
vn 0.68352049589157104 0.03668491542339325 -0.72900885343551636
vn 0.03512534499168396 -0.96665483713150024 0.25366252660751343
vn 0.03512534499168396 -0.96665483713150024 0.25366252660751343
vn 0.03512534499168396 -0.96665483713150024 0.25366252660751343
vn -0.92102909088134766 0.36163890361785889 0.14464668929576874
vn -0.98134392499923706 0.016753576695919037 0.19152922928333282
vn -0.98136872053146362 0.01674145832657814 0.19140316545963287
vn -0.98272085189819336 0.016145002096891403 0.1843884289264679
vn -0.98161077499389648 0.016648204997181892 0.1901659220457077
vn -0.33164143562316895 0.94314682483673096 -0.022091718390583992
vn -0.034347739070653915 0.99600094556808472 -0.082476384937763214
vn 0.01089946273714304 0.99619138240814209 -0.086509615182876587
vn -0.087932787835597992 0.99006617069244385 -0.10971253365278244
vn -0.046765577048063278 0.99624937772750854 -0.072802037000656128
vn -0.29435926675796509 0.94951772689819336 -0.10848376899957657
vn -0.22341923415660858 0.95804399251937866 -0.17954258620738983
vn -0.31090235710144043 0.93718153238296509 -0.1582101583480835
vn -0.16483299434185028 -0.025167832151055336 -0.98600035905838013
vn -0.16483299434185028 -0.025167832151055336 -0.98600035905838013
vn -0.16483299434185028 -0.025167832151055336 -0.98600035905838013
vn -0.92695111036300659 0.36801621317863464 0.072977550327777863
vn -0.98820853233337402 0.1502060741186142 -0.029699523001909256
vn -0.16839863359928131 -0.98339194059371948 -0.06769166886806488
vn -0.11085515469312668 -0.99373430013656616 -0.014256769791245461
vn 0.004641139879822731 -0.9958072304725647 0.091358423233032227
vn -0.99927926063537598 -0.037811532616615295 0.003345963079482317
vn -0.99654883146286011 -0.040937919169664383 0.072211533784866333
vn -0.97123467922210693 -0.049152396619319916 -0.2329961359500885
vn -0.17136844992637634 0.11015379428863525 -0.97902959585189819
vn -0.95297437906265259 0.13432905077934265 0.27165326476097107
vn -0.95297437906265259 0.13432905077934265 0.27165326476097107
vn -0.95297437906265259 0.13432905077934265 0.27165326476097107
vn -0.077065914869308472 0.14177548885345459 -0.98689442873001099
vn -0.85905361175537109 0.02363239973783493 0.51133978366851807
vn -0.85905361175537109 0.02363239973783493 0.51133978366851807
vn -0.85905361175537109 0.02363239973783493 0.51133978366851807
vn -0.15553037822246552 -0.98279142379760742 0.099656030535697937
vn -0.29890558123588562 -0.91888326406478882 0.25750535726547241
vn -0.26848790049552917 -0.90153485536575317 0.33933639526367188
vn -0.88801491260528564 -0.39966526627540588 0.22737026214599609
vn -0.88034224510192871 -0.46476677060127258 0.094812266528606415
vn -0.91937315464019775 -0.3369031548500061 0.20309922099113464
vn -0.35010778903961182 -0.92671728134155273 0.136453777551651
vn -0.63093888759613037 -0.76220905780792236 0.14475303888320923
vn 0.19251531362533569 -0.40829452872276306 0.89231914281845093
vn 0.14439369738101959 -0.42189112305641174 0.89507448673248291
vn 0.011722390539944172 -0.41438877582550049 0.91002446413040161
vn -0.037863466888666153 -0.45659720897674561 0.88886743783950806
vn -0.040932241827249527 -0.69610542058944702 -0.71677178144454956
vn -0.011970349587500095 -0.68550848960876465 -0.72796624898910522
vn -0.18029963970184326 -0.55489999055862427 -0.81214410066604614
vn -0.99261331558227539 -0.037999395281076431 0.11521649360656738
vn -0.89617794752120972 -0.44154313206672668 0.043642863631248474
vn -0.89973253011703491 -0.4355977475643158 0.027129789814352989
vn 0.99549597501754761 0.015075861476361752 -0.093597263097763062
vn 0.99549597501754761 0.015075861476361752 -0.093597263097763062
vn 0.99549597501754761 0.015075861476361752 -0.093597263097763062
vn -0.040895875543355942 0.98960757255554199 -0.13785642385482788
vn -0.037932593375444412 0.98891448974609375 -0.14355906844139099
vn -0.0056601604446768761 0.97872835397720337 -0.20508235692977905
vn 0.34052491188049316 -0.097117416560649872 -0.93520641326904297
vn 0.31810986995697021 -0.15056349337100983 -0.93602174520492554
vn 0.35257577896118164 -0.0635642409324646 -0.93362194299697876
vn 0.19846892356872559 0.086005933582782745 0.97632628679275513
vn 0.17477472126483917 0.046585336327552795 0.98350578546524048
vn 0.18774209916591644 0.068093836307525635 0.97985517978668213
vn 0.98123383522033691 -0.041779156774282455 -0.18824091553688049
vn 0.27691110968589783 -0.091955669224262238 -0.95648545026779175
vn 0.51786541938781738 -0.76156991720199585 -0.38964939117431641
vn 0.50229144096374512 -0.76679021120071411 -0.39966991543769836
vn 0.43648809194564819 -0.84664797782897949 -0.30440977215766907
vn -0.16448119282722473 0.0082374438643455505 -0.98634582757949829
vn -0.16448119282722473 0.0082374438643455505 -0.98634582757949829
vn -0.16448119282722473 0.0082374438643455505 -0.98634582757949829
vn 0.86478668451309204 -0.49689352512359619 0.07239329069852829
vn 0.86369383335113525 -0.50336283445358276 -0.025666339322924614
vn 0.84538066387176514 -0.53406214714050293 0.010449175722897053
vn 0.93589544296264648 -0.048801388591527939 0.34888127446174622
vn 0.93589544296264648 -0.048801388591527939 0.34888127446174622
vn 0.93589544296264648 -0.048801388591527939 0.34888127446174622
vn 0.21327342092990875 -0.97548019886016846 0.054339449852705002
vn 0.21554076671600342 -0.97456377744674683 0.061380542814731598
vn 0.59913402795791626 -0.80064249038696289 -0.0031637931242585182
vn 0.34702250361442566 -0.93011724948883057 0.12023862451314926
vn -0.26491823792457581 -0.95569688081741333 0.12830354273319244
vn -0.047717809677124023 -0.98671483993530273 0.15529587864875793
vn 0.30870631337165833 -0.94309580326080322 0.1235746368765831
vn -0.68222641944885254 -0.48712620139122009 -0.54522943496704102
vn -0.57645022869110107 -0.49930253624916077 -0.64684009552001953
vn -0.86472928524017334 -0.077154181897640228 -0.4962766170501709
vn -0.76205325126647949 0.50342482328414917 0.40723252296447754
vn -0.76205325126647949 0.50342482328414917 0.40723252296447754
vn -0.76205325126647949 0.50342482328414917 0.40723252296447754
vn -0.78488212823867798 0.048783998936414719 0.6177217960357666
vn -0.29989117383956909 -0.88825732469558716 -0.34794285893440247
vn -0.077650986611843109 -0.88014489412307739 -0.46831107139587402
vn -0.13082559406757355 -0.93463987112045288 -0.33065533638000488
vn -0.56040585041046143 -0.21296937763690948 -0.80036824941635132
vn -0.53321194648742676 0.085450254380702972 -0.84165507555007935
vn -0.54817807674407959 -0.41742277145385742 -0.72474753856658936
vn 0.13291221857070923 0.38846823573112488 -0.91182607412338257
vn 0.13291221857070923 0.38846823573112488 -0.91182607412338257
vn 0.13291221857070923 0.38846823573112488 -0.91182607412338257
vn -0.18403877317905426 -0.96097147464752197 -0.20655150711536407
vn -0.18403877317905426 -0.96097147464752197 -0.20655150711536407
vn -0.18403877317905426 -0.96097147464752197 -0.20655150711536407
vn -0.91588383913040161 0.22085483372211456 -0.33523121476173401
vn -0.91588383913040161 0.22085483372211456 -0.33523121476173401
vn -0.91588383913040161 0.22085483372211456 -0.33523121476173401
vn -0.92223459482192993 0.37350904941558838 0.099871926009654999
vn -0.92223459482192993 0.37350904941558838 0.099871926009654999
vn -0.92223459482192993 0.37350904941558838 0.099871926009654999
vn 0.0011963433353230357 0.14813569188117981 -0.98896634578704834
vn 0.0011963433353230357 0.14813569188117981 -0.98896634578704834
vn 0.0011963433353230357 0.14813569188117981 -0.98896634578704834
vn -0.96687281131744385 -0.0074753435328602791 -0.25514903664588928
vn -0.96687281131744385 -0.0074753435328602791 -0.25514903664588928
vn -0.96687281131744385 -0.0074753435328602791 -0.25514903664588928
vn 0.19771406054496765 -0.97972792387008667 0.032284528017044067
vn 0.028534935787320137 -0.99613094329833984 0.083120062947273254
vn 0.0077185481786727905 -0.98444944620132446 0.1754985898733139
vn 0.1479010283946991 0.3648105263710022 0.91925978660583496
vn 0.075102329254150391 0.32213464379310608 0.94371020793914795
vn 0.096185490489006042 0.33980515599250793 0.93556445837020874
vn -0.35409671068191528 0.044310029596090317 0.93415850400924683
vn -0.35409671068191528 0.044310029596090317 0.93415850400924683
vn -0.35409671068191528 0.044310029596090317 0.93415850400924683
vn -0.97310352325439453 0.1908678412437439 0.1289922297000885
vn -0.97310352325439453 0.1908678412437439 0.1289922297000885
vn -0.97310352325439453 0.1908678412437439 0.1289922297000885
vn 0.010101810097694397 -0.19615153968334198 -0.980521559715271
vn 0.018171750009059906 -0.086439557373523712 -0.99609136581420898
vn -0.080659173429012299 -0.31933972239494324 -0.94420135021209717
vn -0.69718950986862183 0.006881440058350563 0.71685385704040527
vn -0.69718950986862183 0.006881440058350563 0.71685385704040527
vn -0.69718950986862183 0.006881440058350563 0.71685385704040527
vn 0.13248792290687561 0.039301101118326187 -0.99040514230728149
vn -0.65557670593261719 -0.74329447746276855 0.13316346704959869
vn -0.60269242525100708 -0.79240590333938599 0.094099611043930054
vn -0.65944826602935791 -0.73759192228317261 0.14521084725856781
vn -0.92611712217330933 -0.36281877756118774 0.10329393297433853
vn -0.95429933071136475 -0.28835666179656982 0.078506492078304291
vn -0.90376776456832886 -0.40325319766998291 0.14349442720413208
vn -0.13876695930957794 -0.0030921529978513718 -0.99032020568847656
vn -0.06052730605006218 0.016512816771864891 -0.99802994728088379
vn -0.19168297946453094 -0.031793743371963501 -0.9809417724609375
vn -0.008696405217051506 0.030473571270704269 -0.99949771165847778
vn 0.094511128962039948 -0.94088840484619141 0.32526394724845886
vn 0.17548590898513794 -0.78495234251022339 0.59418392181396484
vn -0.011582039296627045 -0.91308557987213135 0.40760347247123718
vn 0.98491364717483521 -0.094611242413520813 -0.14489234983921051
vn 0.98647445440292358 -0.088526472449302673 -0.13795360922813416
vn 0.94254690408706665 -0.20162039995193481 -0.26637300848960876
vn 0.99970757961273193 0.016526812687516212 -0.017653489485383034
vn -0.031877350062131882 -0.9956740140914917 0.087275803089141846
vn 0.15280631184577942 -0.98699206113815308 0.049969613552093506
vn 0.035599641501903534 -0.99439853429794312 0.099519684910774231
vn 0.98270368576049805 -0.05118192732334137 -0.17797140777111053
vn 0.97825157642364502 -0.18047691881656647 -0.10223463922739029
vn 0.94660294055938721 -0.31447041034698486 -0.071072079241275787
vn 0.22311969101428986 -0.97200912237167358 -0.07359284907579422
vn 0.22040963172912598 -0.97335642576217651 -0.063220404088497162
vn 0.14651928842067719 -0.98595356941223145 -0.080172963440418243
vn 0.082411035895347595 -0.49578183889389038 -0.86452805995941162
vn 0.031403638422489166 -0.34459429979324341 -0.93822628259658813
vn -0.090074606239795685 -0.042044356465339661 -0.99504715204238892
vn 0.54644662141799927 -0.57973659038543701 -0.60440188646316528
vn 0.56881463527679443 -0.58516645431518555 -0.57795339822769165
vn 0.60894101858139038 -0.60088682174682617 -0.51780873537063599
vn -0.90337443351745605 -0.19354090094566345 -0.38269639015197754
vn -0.6246071457862854 -0.69174271821975708 -0.36243343353271484
vn -0.83302277326583862 -0.39205113053321838 -0.39034464955329895
vn -0.36354181170463562 0.18860301375389099 0.91228628158569336
vn -0.38395470380783081 0.13554742932319641 0.91334861516952515
vn -0.022078271955251694 0.35812532901763916 0.93341243267059326
vn -0.060883484780788422 -0.99811297655105591 0.0079793678596615791
vn -0.018131660297513008 -0.99708056449890137 0.074172966182231903
vn -0.073297552764415741 -0.99459695816040039 -0.073514737188816071
vn -0.026085551828145981 -0.99807363748550415 0.056290298700332642
vn -0.024961024522781372 -0.99819427728652954 0.054636318236589432
vn -0.10613167285919189 -0.97903895378112793 0.17383560538291931
vn 0.020427921786904335 -0.38042131066322327 0.9245876669883728
vn 0.098197564482688904 -0.29510551691055298 0.95040518045425415
vn 0.0081676710397005081 -0.39335831999778748 0.91934895515441895
vn -0.13018909096717834 -0.69580543041229248 -0.7063325047492981
vn -0.13018909096717834 -0.69580543041229248 -0.7063325047492981
vn -0.13018909096717834 -0.69580543041229248 -0.7063325047492981
vn 0.70967555046081543 0.69833594560623169 -0.093206971883773804
vn 0.70967555046081543 0.69833594560623169 -0.093206971883773804
vn 0.70967555046081543 0.69833594560623169 -0.093206971883773804
vn 0.36624810099601746 -0.52390611171722412 -0.76901543140411377
vn 0.36111924052238464 -0.53201532363891602 -0.76586723327636719
vn 0.42368468642234802 -0.42464712262153625 -0.80010378360748291
vn -0.17045301198959351 -0.091562561690807343 -0.98110246658325195
vn -0.14696244895458221 -0.051452383399009705 -0.98780298233032227
vn -0.097159110009670258 0.032180353999137878 -0.99474847316741943
vn -0.93350881338119507 0.14060558378696442 0.32983529567718506
vn -0.93350881338119507 0.14060558378696442 0.32983529567718506
vn -0.93350881338119507 0.14060558378696442 0.32983529567718506
vn -0.14926682412624359 0.12985722720623016 -0.98023289442062378
vn -0.24027520418167114 -0.0055178795009851456 -0.97068911790847778
vn -0.98835152387619019 0.14487007260322571 0.046625800430774689
vn -0.99441933631896973 0.037980876863002777 -0.098425775766372681
vn -0.9943045973777771 0.036779653280973434 -0.10002832859754562
vn -0.051502026617527008 0.17162275314331055 -0.98381561040878296
vn -0.96890342235565186 -0.22419349849224091 0.10470625758171082
vn -0.96890342235565186 -0.22419349849224091 0.10470625758171082
vn -0.96890342235565186 -0.22419349849224091 0.10470625758171082
vn -0.18032422661781311 -0.9790380597114563 0.094697542488574982
vn 0.046068262308835983 -0.99534308910369873 0.084674753248691559
vn -6.6118808206283575E-09 -0.99619472026824951 0.087155818939208984
vn -0.10455536097288132 -0.11719155311584473 -0.98759013414382935
vn -0.10455536097288132 -0.11719155311584473 -0.98759013414382935
vn -0.10455536097288132 -0.11719155311584473 -0.98759013414382935
vn -0.35574862360954285 -0.32265472412109375 0.87711846828460693
vn -0.35574862360954285 -0.32265472412109375 0.87711846828460693
vn -0.35574862360954285 -0.32265472412109375 0.87711846828460693
vn -0.90685093402862549 0.32482942938804626 0.26852792501449585
vn -0.90685093402862549 0.32482942938804626 0.26852792501449585
vn -0.90685093402862549 0.32482942938804626 0.26852792501449585
vn -0.8463481068611145 0.40594017505645752 -0.34482955932617188
vn 0.35269373655319214 -0.85626089572906494 -0.37739157676696777
vn 0.37041100859642029 -0.88219529390335083 -0.29073554277420044
vn 0.36607193946838379 -0.87612324953079224 -0.31368672847747803
vn -0.02383185550570488 0.039959479123353958 -0.99891704320907593
vn 0.055734205991029739 0.0077459760941565037 -0.99841558933258057
vn 0.1081855371594429 0.044935502111911774 -0.9931146502494812
vn -0.95477038621902466 -0.28085866570472717 0.097631394863128662
vn -0.95477038621902466 -0.28085866570472717 0.097631394863128662
vn -0.95477038621902466 -0.28085866570472717 0.097631394863128662
vn 0.99329310655593872 0.091298945248126984 -0.070945881307125092
vn 0.98513728380203247 0.074906580150127411 -0.15457539260387421
vn 0.99023735523223877 0.091827511787414551 -0.10486979782581329
vn 0.97964823246002197 -0.20000241696834564 0.016982883214950562
vn 0.97964823246002197 -0.20000241696834564 0.016982883214950562
vn 0.97964823246002197 -0.20000241696834564 0.016982883214950562
vn 0.84371107816696167 0.36877906322479248 0.39006870985031128
vn 0.84371107816696167 0.36877906322479248 0.39006870985031128
vn 0.84371107816696167 0.36877906322479248 0.39006870985031128
vn -0.26048040390014648 -0.96276432275772095 0.072351716458797455
vn -0.26249504089355469 -0.96029376983642578 0.094510369002819061
vn 0.96631181240081787 0.21885994076728821 -0.13543200492858887
vn 0.96095424890518188 0.1805298775434494 -0.20970426499843597
vn 0.96090894937515259 0.276408851146698 -0.015878880396485329
vn -0.32521012425422668 -0.94312214851379395 0.068985588848590851
vn 0.11615246534347534 0.98359650373458862 -0.13800917565822601
vn 0.20827096700668335 0.96728718280792236 -0.14484021067619324
vn 0.083001263439655304 0.9949876070022583 -0.055771250277757645
vn -0.70154851675033569 0.32899421453475952 0.63213330507278442
vn -0.57338637113571167 0.59872251749038696 0.55924898386001587
vn -0.61595827341079712 0.52678662538528442 0.58573997020721436
vn -0.91652077436447144 0.36837548017501831 -0.15584982931613922
vn -0.85891926288604736 0.48426109552383423 -0.16658009588718414
vn -0.81895238161087036 0.57381254434585571 0.0074924472719430923
vn -0.031231401488184929 -0.1027078777551651 0.99422115087509155
vn 0.1633201390504837 0.084044791758060455 0.98298680782318115
vn 0.061204545199871063 -0.014646752737462521 0.99801778793334961
vn -0.50994586944580078 0.85938698053359985 -0.037540320307016373
vn -0.81589055061340332 0.56776803731918335 0.10937101393938065
vn -0.72019267082214355 0.66423088312149048 0.20029944181442261
vn -0.34029865264892578 -0.40474981069564819 -0.84874874353408813
vn -0.34029865264892578 -0.40474981069564819 -0.84874874353408813
vn -0.34029865264892578 -0.40474981069564819 -0.84874874353408813
vn 0.05975278839468956 0.73481577634811401 -0.67562961578369141
vn 0.05975278839468956 0.73481577634811401 -0.67562961578369141
vn 0.05975278839468956 0.73481577634811401 -0.67562961578369141
vn 0.20378375053405762 -0.15968750417232513 0.96590477228164673
vn 0.35765254497528076 0.025316590443253517 0.93351149559020996
vn 0.28191986680030823 -0.06875581294298172 0.95697116851806641
vn -0.3195989727973938 0.94734048843383789 -0.020063517615199089
vn -0.73831641674041748 0.6724163293838501 0.052394118160009384
vn -0.32242757081985474 0.94608384370803833 0.031077165156602859
vn 0.82444143295288086 -0.56184327602386475 0.068032726645469666
vn -0.83852171897888184 -0.53889226913452148 0.080476269125938416
vn -0.43542429804801941 -0.89732694625854492 0.072180680930614471
vn -0.61958295106887817 -0.75663989782333374 0.20883728563785553
vn 0.81224346160888672 -0.26524454355239868 -0.51952469348907471
vn 0.81224346160888672 -0.26524454355239868 -0.51952469348907471
vn 0.81224346160888672 -0.26524454355239868 -0.51952469348907471
vn 0.28257861733436584 0.95665687322616577 0.070405863225460052
vn 0.44960328936576843 0.88399285078048706 0.12811511754989624
vn 0.43736883997917175 0.81423795223236084 -0.38173946738243103
vn 0.27723094820976257 0.91318172216415405 -0.2987341582775116
vn 0.25702643394470215 0.95882582664489746 -0.12079073488712311
vn -0.28078877925872803 0.95617365837097168 0.083003900945186615
vn -0.24427551031112671 0.96931988000869751 -0.027356762439012527
vn -0.31813621520996094 0.94382083415985107 0.089395664632320404
vn 0.22403596341609955 0.5216374397277832 -0.82322674989700317
vn 0.22403596341609955 0.5216374397277832 -0.82322674989700317
vn 0.22403596341609955 0.5216374397277832 -0.82322674989700317
vn -0.011537891812622547 0.97013205289840698 -0.24230276048183441
vn -0.011537891812622547 0.97013205289840698 -0.24230276048183441
vn -0.011537891812622547 0.97013205289840698 -0.24230276048183441
vn -0.40271094441413879 0.84593337774276733 0.34960064291954041
vn -0.40271094441413879 0.84593337774276733 0.34960064291954041
vn -0.40271094441413879 0.84593337774276733 0.34960064291954041
vn 0.0076541993767023087 0.1732221394777298 -0.98485302925109863
vn 0.014746742323040962 0.18225966393947601 -0.98313981294631958
vn -0.092884421348571777 0.042730741202831268 -0.99475955963134766
vn -0.55187904834747314 -0.6929391622543335 0.46396645903587341
vn -0.75827336311340332 -0.2719491720199585 -0.59250754117965698
vn -0.75827336311340332 -0.2719491720199585 -0.59250754117965698
vn -0.75827336311340332 -0.2719491720199585 -0.59250754117965698
vn -0.82749426364898682 -0.52642762660980225 0.19526202976703644
vn -0.059873767197132111 -0.95088678598403931 0.30369293689727783
vn -0.040551614016294479 -0.95662927627563477 0.28847184777259827
vn -0.061817772686481476 -0.95027482509613037 0.30521523952484131
vn 0.17350789904594421 0.64359182119369507 -0.74544250965118408
vn 0.17350789904594421 0.64359182119369507 -0.74544250965118408
vn 0.17350789904594421 0.64359182119369507 -0.74544250965118408
vn 0.020638957619667053 -0.98868346214294434 0.14859023690223694
vn 0.079263947904109955 -0.94374620914459229 0.32103005051612854
vn -0.012727268040180206 -0.99871343374252319 0.049086526036262512
vn 0.34660106897354126 0.43216350674629211 0.83252769708633423
vn 0.21939302980899811 0.46518495678901672 0.85759526491165161
vn 0.20099207758903503 0.63099777698516846 0.74929565191268921
vn 0.93813741207122803 0.28755030035972595 -0.19290691614151001
vn 0.9855387806892395 0.16930852830410004 -0.0069215581752359867
vn 0.92405658960342407 0.29090034961700439 -0.24798464775085449
vn 0.98755228519439697 0.10879688709974289 -0.11359473317861557
vn 0.37833178043365479 0.90948653221130371 -0.17233492434024811
vn 0.61661869287490845 0.78450334072113037 0.065847598016262054
vn -0.0945778489112854 -0.22273014485836029 -0.97028154134750366
vn -0.09430086612701416 -0.22246876358985901 -0.97036850452423096
vn -0.094570234417915344 -0.22272296249866486 -0.97028392553329468
vn 0.06209230050444603 0.81422245502471924 0.57722300291061401
vn 0.06209230050444603 0.81422245502471924 0.57722300291061401
vn 0.06209230050444603 0.81422245502471924 0.57722300291061401
vn -0.094803012907505035 -0.22294259071350098 -0.97021079063415527
vn -0.39947521686553955 -0.24436908960342407 0.88357418775558472
vn -0.45087209343910217 -0.099595382809638977 0.88701468706130981
vn 0.81765878200531006 0.53036493062973022 0.22393554449081421
vn 0.84435391426086426 0.53544580936431885 0.019084366038441658
vn 0.83297818899154663 0.53523421287536621 0.14025574922561646
vn 0.58856856822967529 0.22746250033378601 0.77578854560852051
vn 0.58856856822967529 0.22746250033378601 0.77578854560852051
vn 0.58856856822967529 0.22746250033378601 0.77578854560852051
vn 0.70085018873214722 -0.68932521343231201 0.18341143429279327
vn 0.70085018873214722 -0.68932521343231201 0.18341143429279327
vn 0.70085018873214722 -0.68932521343231201 0.18341143429279327
vn 0.73290926218032837 0.61015820503234863 -0.3009168803691864
vn 0.058107621967792511 0.053741510957479477 0.99686276912689209
vn -0.26094600558280945 0.055595483630895615 -0.96375119686126709
vn -0.10485673695802689 0.15005409717559814 -0.98310166597366333
vn -0.85361385345458984 0.52026176452636719 -0.025905292481184006
vn -0.85361385345458984 0.52026176452636719 -0.025905292481184006
vn -0.85361385345458984 0.52026176452636719 -0.025905292481184006
vn -0.08246959000825882 0.45902764797210693 -0.88458597660064697
vn -0.08246959000825882 0.45902764797210693 -0.88458597660064697
vn -0.08246959000825882 0.45902764797210693 -0.88458597660064697
vn 0.66938483715057373 0.31841942667961121 -0.67121756076812744
vn 0.66938483715057373 0.31841942667961121 -0.67121756076812744
vn 0.66938483715057373 0.31841942667961121 -0.67121756076812744
vn -0.0013427699450403452 0.99814265966415405 0.060904614627361298
vn 0.03946903720498085 0.9917747974395752 0.1217576265335083
vn -0.011750412173569202 0.99992799758911133 0.0024399212561547756
vn -0.26676914095878601 0.7274630069732666 -0.6321643590927124
vn -0.26676914095878601 0.7274630069732666 -0.6321643590927124
vn -0.26676914095878601 0.7274630069732666 -0.6321643590927124
vn 0.018554169684648514 0.50350683927536011 0.86379200220108032
vn -0.091242007911205292 0.33619412779808044 0.93736249208450317
vn -0.0061100665479898453 0.45150551199913025 0.89224743843078613
vn -0.45227515697479248 0.81216591596603394 0.36855626106262207
vn -0.45818731188774109 0.88088864088058472 0.11874194443225861
vn -0.45670595765113831 0.88745737075805664 -0.061960179358720779
vn 0.40827953815460205 0.38744732737541199 0.82655453681945801
vn 0.34136170148849487 0.34867313504219055 0.87286835908889771
vn 0.35189336538314819 0.35485568642616272 0.86616885662078857
vn 0.64637124538421631 0.35697111487388611 -0.67437070608139038
vn 0.65637838840484619 0.35747054219245911 -0.66436606645584106
vn 0.71781182289123535 0.35896697640419006 -0.59656423330307007
vn 0.57128286361694336 0.48644301295280457 0.66106665134429932
vn 0.57128286361694336 0.48644301295280457 0.66106665134429932
vn 0.57128286361694336 0.48644301295280457 0.66106665134429932
vn 0.96876931190490723 0.24522091448307037 -0.036779884248971939
vn 0.96816718578338623 0.23364289104938507 -0.089795820415019989
vn 0.67790776491165161 -0.72959053516387939 -0.090214826166629791
vn 0.67485308647155762 -0.73495900630950928 -0.066396519541740417
vn 0.67340672016143799 -0.73637831211090088 -0.065348371863365173
vn -0.52946501970291138 -0.42369911074638367 0.73494613170623779
vn -0.52946501970291138 -0.42369911074638367 0.73494613170623779
vn -0.52946501970291138 -0.42369911074638367 0.73494613170623779
vn 0.60928863286972046 0.78364145755767822 -0.12113403528928757
vn 0.52885252237319946 0.77464038133621216 -0.34676682949066162
vn 0.59898597002029419 0.78521555662155151 -0.15701045095920563
vn -0.87943851947784424 -0.088046617805957794 -0.46779870986938477
vn -0.44702324271202087 -0.89230561256408691 0.062935791909694672
vn -0.33927950263023376 -0.94065636396408081 0.0074146273545920849
vn -0.48349830508232117 -0.87145662307739258 0.08241802453994751
vn 0.71784836053848267 0.69418424367904663 0.052932862192392349
vn 0.71784836053848267 0.69418424367904663 0.052932858467102051
vn 0.71784836053848267 0.69418424367904663 0.052932854741811752
vn 0.27096310257911682 0.65868973731994629 -0.70193076133728027
vn 0.27096310257911682 0.65868973731994629 -0.70193076133728027
vn 0.27096310257911682 0.65868973731994629 -0.70193076133728027
vn -0.74177843332290649 -0.63885802030563354 0.20402248203754425
vn -0.49276241660118103 -0.86609178781509399 0.084084831178188324
vn -0.73791998624801636 -0.67079591751098633 0.074208356440067291
vn -0.86475682258605957 0.38144403696060181 0.32664373517036438
vn -0.9349442720413208 0.29276660084724426 0.20041677355766296
vn -0.96111559867858887 0.22561579942703247 0.15923032164573669
vn -0.16420838236808777 0.31944674253463745 -0.93326812982559204
vn -0.15681490302085876 0.31130173802375793 -0.93728345632553101
vn -0.11055858433246613 0.31810450553894043 -0.94158715009689331
vn 0.78754603862762451 0.17795345187187195 0.59000325202941895
vn 0.69388246536254883 0.66200637817382812 0.28332781791687012
vn 0.55910080671310425 0.646564781665802 0.51899927854537964
vn 0.67235749959945679 0.65555965900421143 0.34376871585845947
vn 0.14403717219829559 0.79617714881896973 0.58766937255859375
vn 0.25746890902519226 0.68185847997665405 0.68467420339584351
vn 0.29596051573753357 0.59306639432907104 0.74878543615341187
vn -0.37846490740776062 0.88902342319488525 0.25768521428108215
vn -0.42760905623435974 0.84102553129196167 0.33140096068382263
vn -0.38569733500480652 0.88274025917053223 0.2683415412902832
vn 0.10612554103136063 -0.92424690723419189 -0.36674925684928894
vn 0.10612554103136063 -0.92424690723419189 -0.36674925684928894
vn 0.10612554103136063 -0.92424690723419189 -0.36674925684928894
vn 0.47762522101402283 0.31650495529174805 0.8195723295211792
vn 0.47762522101402283 0.31650495529174805 0.8195723295211792
vn 0.47762522101402283 0.31650495529174805 0.8195723295211792
vn -0.97843587398529053 -0.14741460978984833 0.1446797102689743
vn -0.96494126319885254 -0.26241981983184814 0.004922584630548954
vn -0.97470188140869141 -0.21372109651565552 0.065418362617492676
vn -0.032468650490045547 0.051410596817731857 0.99814963340759277
vn -0.48596221208572388 -0.83729457855224609 -0.25055643916130066
vn -0.36335542798042297 0.31309205293655396 -0.87746578454971313
vn -0.92697334289550781 0.26506400108337402 0.26544579863548279
vn -0.9842529296875 0.091409377753734589 0.15129609405994415
vn -0.97688031196594238 0.12480497360229492 0.17357581853866577
vn 0.84569025039672852 0.032849673181772232 0.53266209363937378
vn 0.81847143173217773 0.1389668881893158 0.55748790502548218
vn 0.79822677373886108 0.19897577166557312 0.56854432821273804
vn 0.065496012568473816 0.66941392421722412 -0.73999685049057007
vn 0.05847008153796196 0.69556885957717896 -0.71607625484466553
vn 0.16406866908073425 0.62492954730987549 -0.76324605941772461
vn -0.51468783617019653 0.8296697735786438 -0.21620480716228485
vn -0.51468783617019653 0.8296697735786438 -0.21620480716228485
vn -0.51468783617019653 0.8296697735786438 -0.21620480716228485
vn 0.045191772282123566 0.99755710363388062 0.053268317133188248
vn -0.93490874767303467 0.24774725735187531 -0.25410020351409912
vn -0.93490874767303467 0.24774725735187531 -0.25410020351409912
vn -0.93490874767303467 0.24774725735187531 -0.25410020351409912
vn -0.78325766324996948 0.59763014316558838 0.17130580544471741
vn -0.78325766324996948 0.59763014316558838 0.17130580544471741
vn -0.78325766324996948 0.59763014316558838 0.17130580544471741
vn 0.084225453436374664 -0.20802193880081177 0.97449111938476562
vn 0.055503837764263153 -0.21867167949676514 0.97421866655349731
vn 0.11616645008325577 -0.2034887820482254 0.97216135263442993
vn 0.030194075778126717 -0.86304903030395508 0.50421690940856934
vn -0.05047350749373436 0.033404931426048279 -0.99816656112670898
vn -0.13849914073944092 0.022962402552366257 -0.9900963306427002
vn 0.48279207944869995 0.21863609552383423 0.8480035662651062
vn -0.056845203042030334 0.99718111753463745 -0.048973958939313889
vn 0.088958777487277985 0.96121150255203247 -0.26107239723205566
vn 0.9711761474609375 0.17859400808811188 -0.15786407887935638
vn 0.074035346508026123 0.16136011481285095 0.98411464691162109
vn 0.074035346508026123 0.16136011481285095 0.98411464691162109
vn 0.074035346508026123 0.16136011481285095 0.98411464691162109
vn 0.54750490188598633 0.83629000186920166 -0.029282443225383759
vn 0.50479364395141602 0.84544509649276733 0.17437303066253662
vn 0.54654520750045776 0.83711272478103638 -0.023036079481244087
vn 0.99453747272491455 0.023805199190974236 -0.10162930190563202
vn 0.99426877498626709 0.022454831749200821 -0.10452465713024139
vn 0.99467724561691284 0.024528563022613525 -0.10007766634225845
vn 0.19497734308242798 -0.73838227987289429 -0.64558142423629761
vn 0.14323253929615021 -0.70895600318908691 -0.69055473804473877
vn 0.80673438310623169 -0.58777076005935669 0.060870036482810974
vn 0.58891236782073975 -0.80562931299209595 0.06437133252620697
vn 0.79939073324203491 -0.59968298673629761 -0.036807391792535782
vn 0.32189098000526428 0.30231750011444092 -0.89721250534057617
vn 0.26808947324752808 0.33587199449539185 -0.90294963121414185
vn 0.0049436618573963642 0.35864374041557312 -0.93346142768859863
vn 0.84077680110931396 0.14210779964923859 0.52239805459976196
vn 0.84077680110931396 0.14210779964923859 0.52239805459976196
vn 0.84077680110931396 0.14210779964923859 0.52239805459976196
vn -0.0028520897030830383 -0.86803406476974487 0.49649646878242493
vn -0.0028520897030830383 -0.86803406476974487 0.49649646878242493
vn -0.0028520897030830383 -0.86803406476974487 0.49649646878242493
vn -0.7048305869102478 0.22048492729663849 0.67424052953720093
vn -0.7657926082611084 0.12686420977115631 0.63044995069503784
vn -0.83559978008270264 -0.014735252596437931 0.54914098978042603
vn -0.057242866605520248 -0.80823349952697754 -0.58607321977615356
vn -0.057242866605520248 -0.80823349952697754 -0.58607321977615356
vn -0.057242866605520248 -0.80823349952697754 -0.58607321977615356
vn -0.10722462087869644 0.36326432228088379 -0.92549550533294678
vn -0.99684303998947144 -0.007951764389872551 0.078997991979122162
vn -0.99567210674285889 0.0019034614088013768 0.092916376888751984
vn -0.99744880199432373 -0.014366328716278076 0.069924630224704742
vn 0.73173731565475464 0.18244129419326782 -0.65671581029891968
vn 0.74371731281280518 0.22448669373989105 -0.62967473268508911
vn 0.74106043577194214 0.21459268033504486 -0.6362227201461792
vn -0.065985336899757385 -0.24415293335914612 -0.96748918294906616
vn -0.065985336899757385 -0.24415293335914612 -0.96748918294906616
vn -0.065985336899757385 -0.24415293335914612 -0.96748918294906616
vn -0.1544916033744812 -0.98746657371520996 -0.032281253486871719
vn -0.1544916033744812 -0.98746657371520996 -0.032281253486871719
vn -0.1544916033744812 -0.98746657371520996 -0.032281253486871719
vn 0.80542343854904175 0.039656594395637512 0.59137171506881714
vn 0.80542343854904175 0.039656594395637512 0.59137171506881714
vn 0.80542343854904175 0.039656594395637512 0.59137171506881714
vn 0.21510040760040283 -0.12860867381095886 -0.9680866003036499
vn 0.21510040760040283 -0.12860867381095886 -0.9680866003036499
vn 0.23016275465488434 -0.10642627626657486 -0.96731513738632202
vn -0.49186697602272034 0.28077083826065063 0.82415693998336792
vn -0.49186697602272034 0.28077083826065063 0.82415693998336792
vn -0.49186697602272034 0.28077083826065063 0.82415693998336792
vn 0.20133945345878601 -0.14859838783740997 -0.96818435192108154
vn -0.067964725196361542 -0.96311116218566895 -0.26037982106208801
vn -0.16600489616394043 -0.97469818592071533 -0.14968584477901459
vn -0.067225225269794464 -0.96294456720352173 -0.26118680834770203
vn 0.1035773903131485 -0.89362800121307373 -0.43669292330741882
vn -0.60052454471588135 -0.0696902796626091 -0.79656356573104858
vn -0.60052454471588135 -0.0696902796626091 -0.79656356573104858
vn -0.60052454471588135 -0.0696902796626091 -0.79656356573104858
vn -0.29652377963066101 0.28165608644485474 -0.91254782676696777
vn -0.29652377963066101 0.28165608644485474 -0.91254782676696777
vn -0.29652377963066101 0.28165608644485474 -0.91254782676696777
vn -0.15988460183143616 0.98537445068359375 0.058941677212715149
vn -0.23178508877754211 0.89520883560180664 -0.38062688708305359
vn -0.9988216757774353 0.0042297374457120895 0.04834689199924469
vn -0.9988216757774353 0.0042297374457120895 0.04834689199924469
vn -0.9988216757774353 0.0042297374457120895 0.04834689199924469
vn -0.99565374851226807 -0.005917559377849102 0.09294428676366806
vn -0.99540340900421143 -0.0035809334367513657 0.095704168081283569
vn -0.99372529983520508 0.0097482213750481606 0.11142268031835556
vn 0.83541262149810791 0.54960483312606812 -0.0045017586089670658
vn 0.83541262149810791 0.54960483312606812 -0.0045017586089670658
vn 0.83541262149810791 0.54960483312606812 -0.0045017586089670658
vn -0.30364963412284851 -0.25900653004646301 -0.9169037938117981
vn -0.30364963412284851 -0.25900653004646301 -0.9169037938117981
vn -0.30364963412284851 -0.25900653004646301 -0.9169037938117981
vn -0.67234987020492554 -0.73043763637542725 -0.12002719193696976
vn -0.78216063976287842 -0.62279254198074341 -0.018821351230144501
vn -0.80777418613433838 -0.58942049741744995 0.0091841267421841621
vn -0.88175696134567261 0.1916777491569519 0.4310038685798645
vn -0.74879884719848633 0.34126931428909302 0.56818616390228271
vn -0.79367905855178833 -0.22055244445800781 0.56694811582565308
vn 0.23475879430770874 0.96041208505630493 0.1499897837638855
vn 0.23950973153114319 0.96064954996109009 0.14066797494888306
vn 0.22848311066627502 0.95994067192077637 0.16220179200172424
vn 0.073687635362148285 0.0053349896334111691 -0.99726712703704834
vn 0.073687635362148285 0.0053349896334111691 -0.99726712703704834
vn 0.073687635362148285 0.0053349896334111691 -0.99726712703704834
vn -0.7983633279800415 0.19502311944961548 -0.56972098350524902
vn -0.91890120506286621 0.23414385318756104 -0.31748580932617188
vn 0.95322149991989136 -0.30003190040588379 0.036736864596605301
vn 0.83644729852676392 -0.43807306885719299 0.32931432127952576
vn -0.54290235042572021 0.82156133651733398 0.17405170202255249
vn -0.50916755199432373 0.85791712999343872 0.068750753998756409
vn -0.27298888564109802 0.7985953688621521 -0.53639769554138184
vn -0.27298888564109802 0.7985953688621521 -0.53639769554138184
vn -0.27298888564109802 0.7985953688621521 -0.53639769554138184
vn -0.93590062856674194 -0.31110307574272156 -0.16524185240268707
vn -0.93590062856674194 -0.31110307574272156 -0.16524185240268707
vn -0.93590062856674194 -0.31110307574272156 -0.16524185240268707
vn 0.66096013784408569 -0.46213048696517944 -0.59124201536178589
vn 0.66096013784408569 -0.46213048696517944 -0.59124201536178589
vn 0.66096013784408569 -0.46213048696517944 -0.59124201536178589
vn 0.99730014801025391 -0.073169849812984467 0.0062164808623492718
vn 0.91230422258377075 -0.37314993143081665 0.16870126128196716
vn 0.95401191711425781 -0.25777366757392883 0.1530163586139679
vn -0.57071608304977417 -0.81603014469146729 -0.09153139591217041
vn -0.14350767433643341 -0.98023241758346558 -0.13619834184646606
vn 0.27055257558822632 0.96267324686050415 0.0078415479511022568
vn 0.3281480073928833 0.93670684099197388 0.12206209450960159
vn 0.56177568435668945 0.79345649480819702 -0.23416838049888611
vn 0.078738883137702942 0.99583107233047485 -0.046050641685724258
vn 0.96960741281509399 -0.19865678250789642 -0.14281797409057617
vn 0.993175208568573 -0.11417701840400696 -0.023804506286978722
vn 0.99689966440200806 -0.06638316810131073 0.042241845279932022
vn 0.46052470803260803 0.75940179824829102 -0.45959317684173584
vn 0.46052470803260803 0.75940179824829102 -0.45959317684173584
vn 0.46052470803260803 0.75940179824829102 -0.45959317684173584
vn 0.13111878931522369 0.96748542785644531 -0.21628643572330475
vn -0.31101310253143311 -0.91051733493804932 0.2724500298500061
vn 0.091973491013050079 0.99547308683395386 -0.023962896317243576
vn 0.081736527383327484 0.9867699146270752 -0.14001540839672089
vn -0.013436384499073029 0.97896671295166016 -0.20357723534107208
vn 0.1502833217382431 0.97535580396652222 0.16154265403747559
vn 0.16185818612575531 0.94768112897872925 -0.27514073252677917
vn 0.038031008094549179 0.97108960151672363 -0.23566627502441406
vn 0.18775549530982971 0.90500348806381226 -0.38172844052314758
vn -0.52612096071243286 -0.84658730030059814 0.080539941787719727
vn 0.76289832592010498 -0.64090222120285034 0.085032194852828979
vn 0.76289832592010498 -0.64090222120285034 0.085032194852828979
vn 0.76289832592010498 -0.64090222120285034 0.085032194852828979
vn 0.35767734050750732 0.9214627742767334 -0.1515691876411438
vn -0.00048736139433458447 0.99835824966430664 0.05727623775601387
vn -0.1148909330368042 0.95205336809158325 0.28353908658027649
vn 0.080918379127979279 0.99668490886688232 -0.0084484945982694626
vn -0.12748141586780548 0.91174477338790894 -0.39047396183013916
vn -0.0040007787756621838 0.93778318166732788 -0.34719827771186829
vn -0.11589676886796951 0.94179606437683105 -0.31557592749595642
vn 0.094370901584625244 0.98928117752075195 0.11143115907907486
vn 0.14851796627044678 0.9635084867477417 0.22269675135612488
vn 0.13164302706718445 0.95940190553665161 0.24943564832210541
vn -0.25359940528869629 0.70609480142593384 -0.66114860773086548
vn 0.40703615546226501 0.33849358558654785 0.8483770489692688
vn 0.40703615546226501 0.33849358558654785 0.8483770489692688
vn 0.40703615546226501 0.33849358558654785 0.8483770489692688
vn 0.33905994892120361 0.89828509092330933 -0.27950352430343628
vn 0.70400452613830566 0.69887977838516235 -0.12627224624156952
vn -0.26964974403381348 0.69520479440689087 0.66631770133972168
vn -0.26964974403381348 0.69520479440689087 0.66631770133972168
vn -0.26964974403381348 0.69520479440689087 0.66631770133972168
vn 0.074937142431735992 -0.99221378564834595 0.099479787051677704
vn 0.0042804330587387085 -0.99983412027359009 -0.017703264951705933
vn -0.12859462201595306 -0.95567840337753296 -0.26484379172325134
vn 0.024370897561311722 0.98218202590942383 -0.18634526431560516
vn 0.0078067784197628498 0.98896306753158569 -0.14795626699924469
vn 0.70100522041320801 -0.687602698802948 0.18919363617897034
vn 0.70100522041320801 -0.687602698802948 0.18919363617897034
vn 0.70100522041320801 -0.687602698802948 0.18919363617897034
vn -0.1163611114025116 -0.34515294432640076 0.93130528926849365
vn -0.1163611114025116 -0.34515294432640076 0.93130528926849365
vn -0.1163611114025116 -0.34515294432640076 0.93130528926849365
vn 0.06018562987446785 0.082428611814975739 0.99477797746658325
vn 0.06018562987446785 0.082428611814975739 0.99477797746658325
vn 0.06018562987446785 0.082428611814975739 0.99477797746658325
vn 0.97075438499450684 -0.16400006413459778 -0.17532789707183838
vn 0.98410654067993164 -0.13100461661815643 -0.11988376826047897
vn 0.99681442975997925 -0.028372140601277351 -0.074538841843605042
vn -0.16779550909996033 -0.9788627028465271 0.11692938953638077
vn -0.16955938935279846 -0.98034441471099854 0.10086823999881744
vn -0.074641630053520203 -0.99546229839324951 0.059020377695560455
vn 0.97757607698440552 -0.21057827770709991 0.0013422236079350114
vn 0.98397856950759888 -0.048474531620740891 -0.17157027125358582
vn 0.97780251502990723 -0.17739123106002808 -0.11151030659675598
vn 0.9510188102722168 -0.037530411034822464 -0.30684629082679749
vn -0.093632504343986511 -0.98995709419250488 0.1059146523475647
vn -0.093197979032993317 -0.95561492443084717 -0.27948933839797974
vn -0.054747778922319412 -0.99064058065414429 -0.12503582239151001
vn 0.0064444500021636486 0.99555188417434692 0.093994066119194031
vn -0.054923404008150101 0.97091883420944214 0.23302371799945831
vn 0.93990719318389893 0.30916112661361694 -0.14489263296127319
vn -0.02203894779086113 0.019228633493185043 0.99957215785980225
vn -0.069929137825965881 -0.0041608652099967003 0.99754327535629272
vn 0.11386372148990631 0.085138998925685883 0.98984158039093018
vn -0.22071681916713715 -0.89746415615081787 0.38189283013343811
vn -0.24050498008728027 -0.94551390409469604 0.21945576369762421
vn -0.56966036558151245 -0.81439894437789917 -0.11064097285270691
vn -0.56966036558151245 -0.81439894437789917 -0.11064097285270691
vn -0.56966036558151245 -0.81439894437789917 -0.11064097285270691
vn -0.73288571834564209 -0.67483848333358765 0.086438201367855072
vn -0.76464146375656128 -0.6383516788482666 -0.088490322232246399
vn -0.028037924319505692 0.99378007650375366 -0.10777319967746735
vn -0.044577337801456451 0.91562014818191528 -0.39956545829772949
vn -0.1049596294760704 0.98562264442443848 -0.13240648806095123
vn 0.049985278397798538 0.96148675680160522 0.27026790380477905
vn 0.093547701835632324 0.99358654022216797 0.063518516719341278
vn 0.077157191932201385 0.96832621097564697 0.23746822774410248
vn -0.043582048267126083 0.82872909307479858 -0.55795049667358398
vn -0.043582048267126083 0.82872909307479858 -0.55795049667358398
vn -0.043582048267126083 0.82872909307479858 -0.55795049667358398
vn -0.094357624650001526 0.9898684024810791 -0.10609971731901169
vn -0.085871204733848572 0.99037629365921021 -0.10853979736566544
vn -0.91901576519012451 0.19048193097114563 0.34514728188514709
vn -0.91901576519012451 0.19048193097114563 0.34514728188514709
vn -0.91901576519012451 0.19048193097114563 0.34514728188514709
vn -0.99845504760742188 0.053484119474887848 0.015065384097397327
vn -0.99872469902038574 0.049451511353254318 -0.01017451286315918
vn -0.95397275686264038 0.020369920879602432 -0.29920074343681335
vn -0.44791993498802185 -0.87242525815963745 0.19555529952049255
vn -0.84398102760314941 0.05794065073132515 0.53323441743850708
vn -0.84398102760314941 0.05794065073132515 0.53323441743850708
vn -0.84398102760314941 0.05794065073132515 0.53323441743850708
vn 0.055689509958028793 0.99222981929779053 0.11125927418470383
vn 0.2556406557559967 0.93040335178375244 0.26267370581626892
vn -0.58558458089828491 0.8104206919670105 -0.017578676342964172
vn -0.58558458089828491 0.8104206919670105 -0.017578676342964172
vn -0.58558458089828491 0.8104206919670105 -0.017578676342964172
vn 0.72099006175994873 0.30136537551879883 0.62398093938827515
vn 0.70478832721710205 0.63577109575271606 0.31475150585174561
vn 0.64613187313079834 0.73727911710739136 0.19731491804122925
vn 0.0074543762020766735 0.99559932947158813 0.093415066599845886
vn -0.057957936078310013 0.99831861257553101 -0.0009334416245110333
vn -0.035830680280923843 0.99258965253829956 -0.11611182242631912
vn 0.66626310348510742 0.40196892619132996 0.62810391187667847
vn 0.99868106842041016 0.027957987040281296 0.043063897639513016
vn 0.99699229001998901 0.026003902778029442 -0.073007695376873016
vn 0.98685145378112793 0.029539462178945541 0.15890763700008392
vn -0.067420467734336853 -0.83160847425460815 0.5512547492980957
vn -0.067420467734336853 -0.83160847425460815 0.5512547492980957
vn -0.067420467734336853 -0.83160847425460815 0.5512547492980957
vn 0.24094146490097046 0.038553550839424133 0.96977359056472778
vn 0.46483710408210754 0.078340843319892883 0.88192355632781982
vn 0.44652688503265381 0.11226165294647217 0.88769984245300293
vn -0.056394990533590317 0.95036506652832031 0.30598348379135132
vn 0.29968950152397156 -0.89517998695373535 -0.32990759611129761
vn 0.29968950152397156 -0.89517998695373535 -0.32990759611129761
vn 0.29968950152397156 -0.89517998695373535 -0.32990759611129761
vn -0.68697702884674072 0.51463139057159424 0.51304692029953003
vn -0.68697702884674072 0.51463139057159424 0.51304692029953003
vn -0.68697702884674072 0.51463139057159424 0.51304692029953003
vn 0.33157798647880554 -0.9367070198059082 -0.11240986734628677
vn 0.0062773297540843487 -0.99576205015182495 -0.091752782464027405
vn -0.008150346577167511 -0.97477632761001587 -0.22303518652915955
vn -0.043576836585998535 0.98999887704849243 -0.13417632877826691
vn -0.05715738981962204 0.92030572891235352 0.38700181245803833
vn -0.13657280802726746 0.87184679508209229 -0.47035199403762817
vn -0.13657280802726746 0.87184679508209229 -0.47035199403762817
vn -0.13657280802726746 0.87184679508209229 -0.47035199403762817
vn -0.1172407865524292 -0.33596512675285339 0.93454909324645996
vn 0.36736947298049927 0.90093636512756348 -0.23098333179950714
vn 0.36736947298049927 0.90093636512756348 -0.23098333179950714
vn 0.36736947298049927 0.90093636512756348 -0.23098333179950714
vn 0.048295456916093826 0.47487562894821167 0.87872672080993652
vn -0.12277596443891525 0.40535596013069153 0.90587669610977173
vn -0.2387019544839859 0.50115722417831421 0.83178287744522095
vn -0.36447817087173462 0.38658937811851501 0.84717428684234619
vn -0.26839426159858704 0.47597810626029968 0.8375018835067749
vn -0.29629510641098022 0.94293999671936035 0.1518993079662323
vn -0.0049129649996757507 0.052247922867536545 0.99862205982208252
vn -0.097855307161808014 0.13037006556987762 0.98662453889846802
vn -0.31944826245307922 0.31355664134025574 0.89422315359115601
vn -0.22774416208267212 0.92554086446762085 0.30250075459480286
vn -0.79112595319747925 -0.60668957233428955 0.07776564359664917
vn -0.79112595319747925 -0.60668957233428955 0.07776564359664917
vn -0.79112595319747925 -0.60668957233428955 0.07776564359664917
vn -0.30741313099861145 0.92322415113449097 -0.23055222630500793
vn -0.19050729274749756 0.96455842256546021 -0.18257606029510498
vn 0.59720063209533691 -0.75750666856765747 0.2636951208114624
vn 0.84874647855758667 0.16489021480083466 0.50243473052978516
vn 0.86386013031005859 0.14465826749801636 0.48251387476921082
vn 0.60619688034057617 -0.79082655906677246 -0.084372617304325104
vn 0.20566312968730927 -0.96401894092559814 -0.16843438148498535
vn 0.91545015573501587 0.35254332423210144 0.19407279789447784
vn 0.94638067483901978 0.23284222185611725 -0.22393776476383209
vn 0.97004139423370361 0.13607212901115417 0.20125611126422882
vn 0.51710456609725952 -0.81308484077453613 0.26738724112510681
vn 0.99025774002075195 -0.039548344910144806 -0.13351219892501831
vn 0.99764370918273926 0.027304014191031456 0.062940634787082672
vn 0.98087567090988159 0.161513552069664 -0.1086108610033989
vn 0.41079181432723999 -0.011008203960955143 -0.91166269779205322
vn 0.41079181432723999 -0.011008203960955143 -0.91166269779205322
vn 0.41079181432723999 -0.011008203960955143 -0.91166269779205322
vn 0.88537520170211792 0.46191385388374329 0.052405178546905518
vn 0.86795884370803833 0.44025564193725586 -0.22983136773109436
vn 0.97064375877380371 0.2247401624917984 -0.085688792169094086
vn -0.13282927870750427 -0.98870819807052612 0.069371767342090607
vn -0.11761405318975449 -0.98770391941070557 -0.10299443453550339
vn -0.54212647676467896 -0.83300280570983887 0.11047711223363876
vn -0.80388772487640381 -0.58504825830459595 0.10715902596712112
vn -0.00062121968949213624 0.98913395404815674 -0.14701589941978455
vn 0.0093992035835981369 0.99175989627838135 -0.12776508927345276
vn 0.13831491768360138 0.99038183689117432 -0.0035713664256036282
vn 0.34843474626541138 0.9362562894821167 0.044915273785591125
vn 0.02459128201007843 0.99892717599868774 0.03924039751291275
vn 0.16125117242336273 0.98687416315078735 0.0088007906451821327
vn 0.25030890107154846 0.96463304758071899 0.082634873688220978
vn -0.061406746506690979 -0.98782509565353394 -0.14293637871742249
vn -0.628273606300354 0.77706736326217651 -0.037928380072116852
vn -0.628273606300354 0.77706736326217651 -0.037928380072116852
vn -0.628273606300354 0.77706736326217651 -0.037928380072116852
vn -0.0072655375115573406 0.99900352954864502 0.044036105275154114
vn 0.10426531732082367 0.99415135383605957 0.028139941394329071
vn 0.15315558016300201 0.98737943172454834 0.040313825011253357
vn -0.0023872391320765018 0.59841984510421753 -0.80117911100387573
vn -0.0023872391320765018 0.59841984510421753 -0.80117911100387573
vn -0.0023872391320765018 0.59841984510421753 -0.80117911100387573
vn 0.06389763206243515 0.7586016058921814 -0.64841395616531372
vn 0.06389763206243515 0.7586016058921814 -0.64841395616531372
vn 0.06389763206243515 0.7586016058921814 -0.64841395616531372
vn -0.63212877511978149 0.77322894334793091 -0.050301168113946915
vn -0.63101488351821899 0.77480208873748779 0.038755305111408234
vn -0.62834399938583374 0.7738075852394104 0.080035082995891571
vn -0.062964469194412231 0.2427339106798172 -0.9680473804473877
vn -0.062964469194412231 0.2427339106798172 -0.9680473804473877
vn -0.062964469194412231 0.2427339106798172 -0.9680473804473877
vn -0.7690092921257019 0.52031952142715454 0.37133857607841492
vn -0.7690092921257019 0.52031952142715454 0.37133857607841492
vn -0.7690092921257019 0.52031952142715454 0.37133857607841492
vn 0.036360252648591995 -0.063038885593414307 0.99734848737716675
vn 0.083076745271682739 -0.14950799942016602 0.98526424169540405
vn 0.014225698076188564 -0.19374078512191772 0.98094958066940308
vn 0.49359333515167236 -0.86960905790328979 -0.012071752920746803
vn 0.49359333515167236 -0.86960905790328979 -0.012071752920746803
vn 0.49359333515167236 -0.86960905790328979 -0.012071752920746803
vn 0.43720579147338867 -0.62537449598312378 -0.64634191989898682
vn 0.35709619522094727 -0.57501250505447388 -0.73609977960586548
vn 0.22306402027606964 0.97315424680709839 0.056685253977775574
vn 0.18843875825405121 0.97922265529632568 0.07492518424987793
vn 0.03952944278717041 0.51514345407485962 0.85619193315505981
vn 0.03952944278717041 0.51514345407485962 0.85619193315505981
vn 0.03952944278717041 0.51514345407485962 0.85619193315505981
vn 0.2063002735376358 0.33221918344497681 -0.9203643798828125
vn 0.2063002735376358 0.33221918344497681 -0.9203643798828125
vn 0.2063002735376358 0.33221918344497681 -0.9203643798828125
vn 0.82262623310089111 0.51856464147567749 -0.23318833112716675
vn 0.82262623310089111 0.51856464147567749 -0.23318833112716675
vn 0.82262623310089111 0.51856464147567749 -0.23318833112716675
vn 0.11898411065340042 -0.14816959202289581 0.98177826404571533
vn -0.22829404473304749 0.83958739042282104 0.49292474985122681
vn -0.16868524253368378 0.97451859712600708 0.14784736931324005
vn -0.48347535729408264 0.8568350076675415 0.17912380397319794
vn 0.40781158208847046 -0.04561668261885643 0.91192591190338135
vn -0.1886477917432785 0.88325989246368408 0.42925986647605896
vn -0.064857542514801025 0.9908905029296875 -0.11802317947149277
vn -0.09236038476228714 0.97715997695922852 -0.19138433039188385
vn -0.069587014615535736 0.98094987869262695 -0.18136975169181824
vn 0.60985028743743896 -0.48911777138710022 -0.62357556819915771
vn 0.57339966297149658 -0.59530079364776611 -0.56287634372711182
vn 0.017545683309435844 -0.97241663932800293 -0.23258993029594421
vn -0.24679334461688995 -0.1818004846572876 -0.95186221599578857
vn -0.11956286430358887 -0.23679742217063904 -0.96417409181594849
vn -0.038590654730796814 -0.15370990335941315 -0.98736214637756348
vn -0.014166257344186306 -0.45819449424743652 -0.88873904943466187
vn -0.014166257344186306 -0.45819449424743652 -0.88873904943466187
vn -0.014166257344186306 -0.45819449424743652 -0.88873904943466187
vn -0.19442863762378693 0.79954671859741211 0.56826275587081909
vn 0.13617101311683655 -0.98747563362121582 -0.079682357609272003
vn -0.78480625152587891 -0.14476856589317322 -0.60259538888931274
vn -0.33035615086555481 0.31943431496620178 -0.88815903663635254
vn -0.73006927967071533 -0.2535974383354187 -0.63457638025283813
vn -0.23970909416675568 -0.39857083559036255 0.88525748252868652
vn -0.29994258284568787 -0.57411330938339233 0.76185846328735352
vn -0.72625160217285156 -0.012053173035383224 0.68732333183288574
vn -0.58796936273574829 -0.62700849771499634 0.51103073358535767
vn -0.70245081186294556 -0.23779414594173431 0.67083293199539185
vn -0.88641279935836792 -0.4498569667339325 -0.1090918704867363
vn -0.85891079902648926 -0.50571525096893311 -0.080773249268531799
vn -0.79532510042190552 -0.525909423828125 0.30145850777626038
vn -0.87790745496749878 -0.30054554343223572 -0.37276110053062439
vn -0.91511350870132446 -0.26440146565437317 -0.30439966917037964
vn -0.76879996061325073 -0.40569579601287842 -0.49432533979415894
vn 0.83697992563247681 0.11405219882726669 0.53521651029586792
vn 0.77667891979217529 0.55220663547515869 -0.30304732918739319
vn 0.36889544129371643 0.84450262784957886 -0.38824152946472168
vn -0.84293657541275024 -0.53504133224487305 0.056468609720468521
vn -0.17118340730667114 -0.98349720239639282 0.058561611920595169
vn -0.26410406827926636 -0.96285164356231689 0.056265570223331451
vn -0.35323509573936462 -0.90201097726821899 0.24819588661193848
vn 0.007096538320183754 -0.99831676483154297 0.057560786604881287
vn -0.082959026098251343 -0.99508494138717651 -0.054071385413408279
vn -0.043523121625185013 -0.99755740165710449 -0.054635234177112579
vn -0.14718374609947205 -0.98892331123352051 0.019174814224243164
vn -0.35023647546768188 -0.93268400430679321 0.086226202547550201
vn 0.13508406281471252 0.83790165185928345 0.52884131669998169
vn 0.16200129687786102 0.83410322666168213 0.52728301286697388
vn 0.34785369038581848 0.78896790742874146 0.50648534297943115
vn -0.039488241076469421 0.99895566701889038 0.022982962429523468
vn 0.22054028511047363 0.97074532508850098 0.094949774444103241
vn -0.079575754702091217 -0.22597944736480713 -0.97087639570236206
vn -0.079575754702091217 -0.22597944736480713 -0.97087639570236206
vn -0.079575754702091217 -0.22597944736480713 -0.97087639570236206
vn 0.89414817094802856 0.29878383874893188 0.3335074782371521
vn 0.92608225345611572 0.28686457872390747 0.24511303007602692
vn 0.96142798662185669 0.26293689012527466 0.080749340355396271
vn -0.40095531940460205 -0.074500419199466705 0.91306328773498535
vn -0.40095531940460205 -0.074500419199466705 0.91306328773498535
vn -0.40095531940460205 -0.074500419199466705 0.91306328773498535
vn -0.46937623620033264 0.88080161809921265 -0.062245123088359833
vn -0.46937623620033264 0.88080161809921265 -0.062245123088359833
vn -0.46937623620033264 0.88080161809921265 -0.062245123088359833
vn 0.3408464789390564 -0.014781264588236809 -0.94000273942947388
vn 0.3408464789390564 -0.014781264588236809 -0.94000273942947388
vn 0.3408464789390564 -0.014781264588236809 -0.94000273942947388
vn -0.42075806856155396 -0.76412534713745117 -0.48895305395126343
vn -0.82186394929885864 -0.56461673974990845 0.075812570750713348
vn -0.57143598794937134 -0.74662232398986816 -0.34061118960380554
vn 0.91662609577178955 0.37575146555900574 0.13640913367271423
vn 0.8028523325920105 0.59449714422225952 0.044735677540302277
vn 0.95396113395690918 0.19881466031074524 0.22456814348697662
vn 0.88462221622467041 -0.36573377251625061 -0.28927889466285706
vn 0.88462221622467041 -0.36573377251625061 -0.28927889466285706
vn 0.88462221622467041 -0.36573377251625061 -0.28927889466285706
vn 0.91055822372436523 -0.27185705304145813 -0.31141200661659241
vn 0.86162889003753662 -0.21447421610355377 -0.45999613404273987
vn 0.90468084812164307 -0.26609379053115845 -0.33278611302375793
vn 0.76351332664489746 0.57117801904678345 -0.30133545398712158
vn -0.083038993179798126 -0.97000765800476074 -0.22845062613487244
vn 0.14077946543693542 -0.90768426656723022 -0.39533579349517822
vn 0.78784394264221191 0.37622353434562683 0.48760414123535156
vn 0.76505798101425171 -0.28456395864486694 -0.57767605781555176
vn 0.55913662910461426 -0.59861397743225098 -0.57360923290252686
vn 0.96070599555969238 -0.074945725500583649 -0.26725858449935913
vn 0.96070599555969238 -0.074945725500583649 -0.26725858449935913
vn 0.96070599555969238 -0.074945725500583649 -0.26725858449935913
vn 0.18395870923995972 -0.12817844748497009 -0.97454065084457397
vn 0.057728111743927002 -0.15006369352340698 -0.98698955774307251
vn 0.24445189535617828 -0.11672857403755188 -0.96260982751846313
vn 0.053947620093822479 -0.98655259609222412 0.15428410470485687
vn -0.6233934760093689 -0.71605479717254639 0.31407976150512695
vn -0.6233934760093689 -0.71605479717254639 0.31407976150512695
vn -0.6233934760093689 -0.71605479717254639 0.31407976150512695
vn -0.99849885702133179 0.007917516864836216 0.054197221994400024
vn -0.99849885702133179 0.007917516864836216 0.054197221994400024
vn -0.99849885702133179 0.007917516864836216 0.054197221994400024
vn -0.5218626856803894 -0.57731819152832031 -0.62798333168029785
vn -0.41692942380905151 -0.58411496877670288 -0.69640475511550903
vn -0.49152350425720215 -0.58028960227966309 -0.64936017990112305
vn 0.83004170656204224 -0.095714382827281952 -0.54942655563354492
vn 0.84797418117523193 -0.075914613902568817 -0.52457296848297119
vn 0.86396098136901855 -0.057015355676412582 -0.50032055377960205
vn 0.04598085954785347 -0.32424581050872803 -0.94485467672348022
vn 0.04598085954785347 -0.32424581050872803 -0.94485467672348022
vn 0.04598085954785347 -0.32424581050872803 -0.94485467672348022
vn 0.070431239902973175 -0.98907363414764404 0.12950989603996277
vn -0.11285682767629623 -0.88147640228271484 -0.45854410529136658
vn -0.049335822463035583 -0.96498119831085205 -0.25763788819313049
vn -0.0077688451856374741 -0.96469306945800781 -0.26326215267181396
vn -0.30117952823638916 -0.04465191438794136 -0.95252144336700439
vn -0.31243050098419189 -0.018201230093836784 -0.94976621866226196
vn -0.39830750226974487 0.00024653185391798615 -0.91725188493728638
vn -0.11809023469686508 -0.12011297047138214 -0.98571169376373291
vn -0.11809023469686508 -0.12011297047138214 -0.98571169376373291
vn -0.11809023469686508 -0.12011297047138214 -0.98571169376373291
vn 0.070044927299022675 -0.98224407434463501 0.1740410178899765
vn 0.018171453848481178 -0.8223908543586731 -0.56863266229629517
vn 0.16277249157428741 -0.97177952527999878 0.1707327663898468
vn 0.060113459825515747 -0.90836417675018311 0.41383683681488037
vn 0.40216726064682007 -0.90444761514663696 0.14225330948829651
vn -0.97199833393096924 0.098138004541397095 0.21351388096809387
vn -0.97199833393096924 0.098138004541397095 0.21351388096809387
vn -0.97199833393096924 0.098138004541397095 0.21351388096809387
vn -0.1192864254117012 -0.49496546387672424 -0.86068576574325562
vn -0.10447356104850769 -0.48950749635696411 -0.86571800708770752
vn -0.15930750966072083 -0.51112270355224609 -0.84461510181427002
vn 0.28911086916923523 -0.58771979808807373 0.75564563274383545
vn 0.47955670952796936 -0.46788871288299561 0.74236482381820679
vn 0.24845099449157715 -0.60851031541824341 0.75364935398101807
vn -0.81601977348327637 -0.55276554822921753 0.169002965092659
vn -0.81601977348327637 -0.55276554822921753 0.169002965092659
vn -0.81601977348327637 -0.55276554822921753 0.169002965092659
vn 0.47968706488609314 -0.64398843050003052 0.59596914052963257
vn 0.52165579795837402 -0.64096873998641968 0.56305801868438721
vn 0.56257116794586182 -0.63605666160583496 0.52815300226211548
vn 0.0922246053814888 -0.86896944046020508 -0.48619616031646729
vn 0.0032913703471422195 -0.88085353374481201 -0.47337749600410461
vn 0.33702543377876282 -0.79847210645675659 -0.49885484576225281
vn 0.090750053524971008 -0.12385169416666031 0.98814231157302856
vn 0.60841184854507446 -0.2640129029750824 0.74841982126235962
vn 0.60966426134109497 0.46613740921020508 -0.64111262559890747
vn 0.34425729513168335 0.48174542188644409 -0.80585873126983643
vn 0.61384934186935425 0.42880538105964661 -0.66280835866928101
vn 0.83064728975296021 0.55408889055252075 -0.054868560284376144
vn 0.93446767330169678 0.23711921274662018 0.2656024694442749
vn -0.062299404293298721 -0.97595369815826416 0.20888549089431763
vn -0.1998487263917923 -0.86533188819885254 0.45963162183761597
vn -0.42004406452178955 -0.88903295993804932 0.18216302990913391
vn -0.72001117467880249 -0.68334883451461792 -0.1209060475230217
vn -0.81076902151107788 -0.53276121616363525 0.24252644181251526
vn -0.85798543691635132 -0.43638533353805542 -0.27097749710083008
vn -0.86742305755615234 -0.3050445020198822 -0.39309680461883545
vn -0.50636011362075806 -0.17018300294876099 -0.84536218643188477
vn -0.602089524269104 -0.11573560535907745 -0.78999584913253784
vn 0.030388660728931427 -0.61749696731567383 0.78598606586456299
vn 0.40066277980804443 -0.37964192032814026 0.83387130498886108
vn 0.50135862827301025 -0.33402335643768311 0.79816532135009766
vn 0.36504009366035461 0.11103656888008118 0.92434656620025635
vn 0.31075865030288696 -0.59414488077163696 0.74190360307693481
vn 0.37473428249359131 -0.13944315910339355 0.91658598184585571
vn 0.28669530153274536 0.092687785625457764 0.95352756977081299
vn 0.17575742304325104 -0.053454890847206116 0.98298114538192749
vn -0.1845337301492691 0.14536108076572418 -0.97201722860336304
vn -0.10361518710851669 0.10358456522226334 -0.98920881748199463
vn -0.0089305555447936058 0.21229222416877747 -0.97716540098190308
vn -0.7224966287612915 0.26241883635520935 -0.63963663578033447
vn -0.43194451928138733 -0.017810916528105736 0.90172427892684937
vn -0.53056800365447998 -0.25390148162841797 0.80872225761413574
vn -0.52480238676071167 -0.55051851272583008 0.64923942089080811
vn -0.88921064138412476 -0.40656504034996033 -0.20978386700153351
vn -0.76915216445922852 0.25644177198410034 -0.58535677194595337
vn -0.76490277051925659 -0.64388501644134521 -0.018324460834264755
vn -0.76856535673141479 -0.61786806583404541 0.1659710705280304
vn -0.86850440502166748 -0.44422155618667603 0.21992574632167816
vn -0.5783616304397583 -0.77880102396011353 0.2428307980298996
vn 0.46830177307128906 0.65863454341888428 -0.58897709846496582
vn 0.40259024500846863 0.87595164775848389 -0.26576274633407593
vn 0.37654370069503784 0.85965806245803833 -0.34525769948959351
vn -0.71353328227996826 -0.55328017473220825 -0.42982712388038635
vn 0.55675756931304932 0.82210654020309448 0.11900362372398376
vn 0.60464781522750854 0.78498077392578125 -0.1349303275346756
vn 0.33248364925384521 0.76672607660293579 -0.54916822910308838
vn 0.60550409555435181 0.1527324765920639 0.78104901313781738
vn 0.48920047283172607 0.19153639674186707 0.850879967212677
vn 0.54078203439712524 0.16315546631813049 0.82518792152404785
vn -0.2751707136631012 0.64871543645858765 -0.70954161882400513
vn 0.1308395117521286 0.71088439226150513 -0.69103145599365234
vn 0.1153353825211525 0.76584607362747192 -0.63259589672088623
vn -0.40458410978317261 -0.064644336700439453 -0.91221314668655396
vn -0.16551144421100616 -0.83558827638626099 0.52383029460906982
vn -0.16551144421100616 -0.83558827638626099 0.52383029460906982
vn -0.16551144421100616 -0.83558827638626099 0.52383029460906982
vn 0.79504227638244629 -0.28043130040168762 0.53783458471298218
vn -0.98082160949707031 -0.19226484000682831 0.031988382339477539
vn 0.65223675966262817 -0.49821761250495911 -0.57128489017486572
vn 0.65223675966262817 -0.49821761250495911 -0.57128489017486572
vn 0.65223675966262817 -0.49821761250495911 -0.57128489017486572
vn 0.25399735569953918 -0.17304931581020355 0.95159828662872314
vn 0.17808014154434204 -0.4458276629447937 0.87722581624984741
vn 0.1070450097322464 -0.17483283579349518 0.97876191139221191
vn -0.25038552284240723 0.75159090757369995 -0.61026078462600708
vn 0.53708136081695557 -0.5830070972442627 0.60962808132171631
vn 0.49196109175682068 0.43916678428649902 0.7517358660697937
vn 0.47145366668701172 0.44856604933738708 0.75928908586502075
vn 0.95569461584091187 0.22120803594589233 0.1942029744386673
vn 0.95569461584091187 0.22120803594589233 0.1942029744386673
vn 0.95569461584091187 0.22120803594589233 0.1942029744386673
vn -0.17925028502941132 -0.83057612180709839 0.52726900577545166
vn -0.55754685401916504 -0.81220507621765137 0.17165187001228333
vn -0.17270708084106445 -0.8686748743057251 0.46430188417434692
vn -0.53119826316833496 -0.81106698513031006 -0.24494646489620209
vn -0.70091336965560913 -0.65049862861633301 -0.29252699017524719
vn -0.63761734962463379 -0.3239227831363678 -0.69894075393676758
vn -0.56768125295639038 -0.49794277548789978 -0.65558445453643799
vn 0.48594212532043457 0.86329871416091919 -0.13629242777824402
vn 0.64015376567840576 0.74899327754974365 0.17091590166091919
vn 0.74890369176864624 0.66258829832077026 0.010954915545880795
vn 0.6046147346496582 0.6845969557762146 -0.40714621543884277
vn 0.91329264640808105 0.16980081796646118 0.3702218234539032
vn 0.96210581064224243 0.01781606487929821 0.27209374308586121
vn 0.97169464826583862 0.10647011548280716 0.21088770031929016
vn 0.62650716304779053 -0.14161744713783264 0.7664419412612915
vn 0.41648820042610168 0.20318441092967987 0.88614541292190552
vn 0.6676209568977356 0.24077409505844116 0.70449274778366089
vn -0.0039531048387289047 -0.11837104707956314 -0.992961585521698
vn -0.21290890872478485 0.39850908517837524 -0.89211004972457886
vn 0.068382501602172852 -0.46168416738510132 -0.88440465927124023
vn -0.62868505716323853 -0.77444261312484741 -0.070666372776031494
vn -0.39750012755393982 -0.90007203817367554 0.17850473523139954
vn 0.099274314939975739 0.95850592851638794 -0.26722845435142517
vn 0.058574821799993515 0.99776488542556763 -0.032160036265850067
vn 0.41570910811424255 -0.82938426733016968 -0.3732394278049469
vn 0.41570910811424255 -0.82938426733016968 -0.3732394278049469
vn 0.41570910811424255 -0.82938426733016968 -0.3732394278049469
vn 0.14819318056106567 -0.58166831731796265 -0.799812912940979
vn 0.087414056062698364 -0.0066209794022142887 -0.99615007638931274
vn 0.11947593837976456 -0.26956406235694885 -0.95554208755493164
vn -0.63658630847930908 -0.7327430248260498 -0.24051098525524139
vn -0.72765570878982544 -0.663349449634552 -0.17459867894649506
vn 0.094608940184116364 -0.82212668657302856 0.56138831377029419
vn -0.15856236219406128 -0.57512784004211426 -0.80254966020584106
vn 1 0 0
vn 0.58921849727630615 0.21475021541118622 0.7789120078086853
vn 0.58089900016784668 0.17746257781982422 0.79439496994018555
vn 0.56307893991470337 0.10831093788146973 0.81927460432052612
vn -0.97220343351364136 -0.15806245803833008 0.17273329198360443
vn -0.93552827835083008 0.15851511061191559 -0.31568947434425354
vn -0.80905407667160034 -0.57610750198364258 0.11632569879293442
vn -0.82385420799255371 -0.55490362644195557 0.11552605032920837
vn 0.16908442974090576 -0.98097026348114014 -0.09543493390083313
vn 0.016237117350101471 -0.9926915168762207 0.11958227306604385
vn -0.36088386178016663 0.90735012292861938 -0.2155890017747879
vn -0.37415862083435059 0.90814906358718872 -0.18780480325222015
vn -0.38571539521217346 0.87449383735656738 -0.29408183693885803
vn -0.99665969610214233 -0.0062320544384419918 0.081428609788417816
vn 0.83864766359329224 -0.52734375 -0.13630379736423492
vn 0.18186022341251373 0.97706276178359985 -0.11079375445842743
vn 0.10794132202863693 0.34493783116340637 -0.93239825963973999
vn -0.20947763323783875 0.82957661151885986 -0.51761156320571899
vn 0.52201759815216064 -0.81619268655776978 -0.24764314293861389
vn 0.58441668748855591 -0.79651480913162231 -0.15498819947242737
vn 0.62602102756500244 -0.77656835317611694 -0.070987924933433533
vn 0.97615164518356323 0.016131335869431496 -0.21648956835269928
vn 0.032447010278701782 -0.37101274728775024 0.92806077003479004
vn 0.079070635139942169 -0.36309456825256348 0.92839115858078003
vn -0.026613079011440277 -0.99938881397247314 0.022665141150355339
vn -0.9724355936050415 0.012786450795829296 0.23282086849212646
vn 0.2020174115896225 0.10460737347602844 0.97377938032150269
vn 0.14123497903347015 0.0075559914112091064 0.98994725942611694
vn 0.9253077507019043 -0.35379230976104736 -0.13651569187641144
vn 0.054060801863670349 -0.99427580833435059 0.092157952487468719
vn 0.99885308742523193 0.017348373308777809 0.044626243412494659
vn 0.8315092921257019 -0.50607728958129883 0.22908079624176025
vn 0.28180804848670959 -0.28362685441970825 -0.91659152507781982
vn 0.29195648431777954 -0.26313793659210205 -0.9195215106010437
vn 0.80453729629516602 -0.58166229724884033 -0.11995304375886917
vn -0.057569902390241623 0.99534553289413452 -0.077284730970859528
vn 0.0069145411252975464 -0.46870356798171997 0.88332843780517578
vn 0.11740647256374359 -0.40949460864067078 0.90472644567489624
vn 0.041244316846132278 -0.45112660527229309 0.89150643348693848
vn -0.34039008617401123 -0.93669068813323975 0.082128815352916718
vn -0.88801074028015137 0.43936946988105774 -0.13561482727527618
vn -0.86460959911346436 0.49808356165885925 -0.066052883863449097
vn 0.047894291579723358 0.59191441535949707 0.804576575756073
vn -0.0078033600002527237 0.4858059287071228 0.87403184175491333
vn -0.011465201154351234 0.47659823298454285 0.87904644012451172
vn -0.052829280495643616 0.99096107482910156 -0.12330920249223709
vn 0.10273264348506927 0.9581184983253479 0.2673105001449585
vn 0.0056266407482326031 0.99738651514053345 -0.072031415998935699
vn 0.41092845797538757 -0.90759730339050293 0.086052194237709045
vn -0.0038243404123932123 0.99601846933364868 -0.089065149426460266
vn 0.088776156306266785 -0.9838259220123291 0.1555805504322052
vn 0.074593529105186462 -0.98016077280044556 0.18363176286220551
vn 0.22296495735645294 -0.97459834814071655 0.02108633890748024
vn -0.032138742506504059 0.77656543254852295 -0.62921637296676636
vn -0.09991145133972168 -0.62409824132919312 -0.77493166923522949
vn -0.094014853239059448 -0.60288053750991821 -0.79227286577224731
vn -0.069311544299125671 -0.65983670949935913 -0.74820548295974731
vn -0.00087222550064325333 -0.99634748697280884 0.085387222468852997
vn -0.018107620999217033 -0.99541521072387695 0.093918591737747192
vn 0.072049506008625031 0.96850842237472534 -0.23832826316356659
vn 0.41450974345207214 -0.25884115695953369 0.87245798110961914
vn 0.98948514461517334 -0.14449623227119446 0.0063218246214091778
vn 0.01943519338965416 0.087750926613807678 0.99595284461975098
vn 0.012677512131631374 -0.9950135350227356 0.098930850625038147
vn -0.029045321047306061 -0.83121728897094727 0.55518841743469238
vn -0.095788761973381042 -0.071662500500679016 -0.99281871318817139
vn 0.085998229682445526 -0.99521476030349731 0.046388126909732819
vn 0.1539495587348938 -0.061693519353866577 -0.98615080118179321
vn 0.99105912446975708 -0.084597453474998474 0.10317476093769073
vn 0.99079716205596924 -0.071949012577533722 0.11464857310056686
vn 0.99093842506408691 -0.10234124213457108 0.086990006268024445
vn 0.023135250434279442 0.99652945995330811 -0.079961284995079041
vn 0.060906320810317993 -0.064158491790294647 0.99607938528060913
vn 0.018315764144062996 -0.030078746378421783 0.99937969446182251
vn 0.017207421362400055 -0.076455898582935333 0.99692445993423462
vn -0.20487090945243835 0.86064261198043823 -0.466178297996521
vn 0.47333523631095886 0.8791770339012146 0.054785910993814468
vn -0.00014088503667153418 -0.99616754055023193 0.087465696036815643
vn -0.29580694437026978 -0.064859874546527863 -0.95304328203201294
vn 0.097947724163532257 -0.87344741821289062 0.47696530818939209
vn -0.64949852228164673 -0.75111484527587891 0.11822918057441711
vn -0.62390643358230591 -0.77844053506851196 0.06907324492931366
vn -0.63820797204971313 -0.76385402679443359 0.096008375287055969
vn 0.048877593129873276 0.10872442275285721 0.99286955595016479
vn 0.0062998551875352859 0.044943105429410934 0.9989696741104126
vn 0.047999624162912369 0.10741135478019714 0.99305528402328491
vn 0.97075992822647095 -0.053689707070589066 0.23397135734558105
vn -0.93098235130310059 0.017380084842443466 0.36465024948120117
vn 0.95475685596466064 -0.27435997128486633 0.11474312096834183
vn -0.98921447992324829 -0.052356209605932236 -0.13679742813110352
vn 0.96628499031066895 0.21835948526859283 -0.13642752170562744
vn -0.08176509290933609 -0.94363164901733398 0.3207395076751709
vn -0.46930426359176636 -0.82977783679962158 -0.30203023552894592
vn 0.078074254095554352 -0.2174733430147171 0.97293871641159058
vn 0.99498468637466431 0.026176122948527336 -0.096541918814182281
vn -0.077364042401313782 0.38169804215431213 -0.92104363441467285
vn -0.065109103918075562 -0.8850780725479126 0.46086612343788147
vn -0.80231499671936035 -0.53162354230880737 0.27141666412353516
vn -0.11710559576749802 -0.885933518409729 -0.44878515601158142
vn -0.50851255655288696 0.093548983335494995 0.85595768690109253
vn 0.095323167741298676 0.085850141942501068 0.9917374849319458
vn 0.045441959053277969 -0.98975288867950439 0.1353670209646225
vn -0.50879251956939697 -0.38658642768859863 -0.76920813322067261
vn -0.76938080787658691 -0.62684285640716553 0.12296853959560394
vn -0.68251526355743408 -0.69220346212387085 0.23457902669906616
vn 0.65671628713607788 -0.23885388672351837 -0.7153128981590271
vn -0.91351574659347534 -0.20962059497833252 0.34863767027854919
vn -0.43210336565971375 -0.89289629459381104 0.12658153474330902
vn -0.97932016849517822 -0.16865761578083038 0.11174345761537552
vn -0.27040481567382812 -0.092854753136634827 -0.95825845003128052
vn 0.062134671956300735 0.99373847246170044 -0.092860862612724304
vn 0.9988325834274292 -0.041444018483161926 0.024816697463393211
vn -0.78277653455734253 0.6061779260635376 -0.14074522256851196
vn 0.99273502826690674 0.058589782565832138 -0.10509254038333893
vn 0.9901813268661499 -0.074611477553844452 -0.11821198463439941
vn 0.35798761248588562 -0.92943257093429565 0.089442245662212372
vn 0.35315686464309692 -0.93199515342712402 0.081641346216201782
vn 0.26333263516426086 -0.82864290475845337 -0.49397048354148865
usemtl vc_191919__Default
f 3//3 7//7 1//1 2//2
f 4//4 5//5 6//6
f 7//7 8//8 1//1
f 8//8 6//6 5//5 1//1
f 7//7 13//13 9//9 8//8
f 10//10 6//6 11//11
f 12//12 11//11 6//6 8//8
f 12//12 8//8 9//9
f 9//9 13//13 14//14
f 15//15 16//16 17//17
f 18//18 16//16 15//15
f 2//2 18//18 19//19
f 2//2 16//16 18//18
f 4//4 17//17 16//16
f 20//20 21//21 4//4
f 22//22 3//3 19//19
f 23//23 24//24 25//25
f 26//26 27//27 28//28
f 29//29 30//30 31//31
f 32//32 33//33 34//34
f 35//35 33//33 36//36
f 20//20 4//4 6//6
f 37//37 38//38 39//39
f 10//10 20//20 6//6
f 10//10 11//11 40//40
f 14//14 123//123 40//40 12//12
f 41//41 42//42 14//14
f 43//43 15//15 17//17
f 44//44 15//15 43//43
f 45//45 19//19 18//18
f 46//46 19//19 45//45
f 46//46 22//22 19//19
f 49//49 63//63 47//47 48//48
f 50//50 51//51 52//52
f 53//53 54//54 55//55
f 56//56 57//57 58//58
f 59//59 60//60 61//61
f 62//62 47//47 63//63
f 64//64 65//65 66//66
f 67//67 68//68 69//69
f 70//70 71//71 72//72
f 73//73 74//74 75//75
f 76//76 77//77 78//78
f 79//79 80//80 81//81
f 82//82 83//83 84//84
f 85//85 86//86 87//87
f 88//88 89//89 90//90
f 91//91 85//85 87//87
f 92//92 93//93 94//94
f 95//95 21//21 20//20
f 96//96 97//97 88//88
f 35//35 36//36 98//98
f 99//99 39//39 35//35
f 100//100 37//37 39//39
f 101//101 39//39 102//102
f 103//103 20//20 10//10
f 104//104 95//95 20//20
f 105//105 13//13 106//106
f 107//107 108//108 109//109
f 110//110 111//111 112//112
f 113//113 114//114 115//115
f 116//116 117//117 118//118
f 119//119 120//120 121//121
f 40//40 103//103 10//10
f 122//122 103//103 40//40
f 123//123 122//122 40//40
f 42//42 124//124 14//14
f 125//125 126//126 127//127
f 128//128 129//129 130//130
f 131//131 132//132 133//133
f 134//134 135//135 136//136
f 137//137 138//138 139//139
f 45//45 15//15 44//44
f 140//140 45//45 44//44
f 141//141 142//142 143//143
f 144//144 145//145 146//146
f 144//144 146//146 147//147
f 148//148 149//149 150//150
f 148//148 151//151 149//149
f 45//45 140//140 152//152
f 141//141 153//153 142//142
f 154//154 155//155 156//156
f 157//157 158//158 159//159
f 160//160 161//161 162//162
f 163//163 164//164 165//165
f 152//152 46//46 45//45
f 166//166 167//167 168//168
f 169//169 170//170 171//171
f 172//172 144//144 173//173
f 174//174 175//175 176//176
f 177//177 178//178 179//179
f 180//180 181//181 182//182
f 183//183 184//184 185//185
f 186//186 187//187 188//188
f 189//189 190//190 191//191
f 192//192 193//193 194//194
f 195//195 196//196 197//197
f 198//198 199//199 200//200
f 201//201 202//202 203//203
f 204//204 205//205 206//206
f 207//207 208//208 209//209
f 210//210 211//211 212//212
f 213//213 214//214 215//215
f 216//216 210//210 212//212
f 217//217 218//218 219//219
f 220//220 221//221 222//222
f 223//223 224//224 225//225
f 226//226 227//227 228//228
f 231//231 2417//2417 229//229 230//230
f 232//232 216//216 233//233
f 234//234 235//235 236//236
f 237//237 232//232 233//233
f 238//238 239//239 240//240
f 241//241 232//232 242//242
f 243//243 244//244 245//245
f 246//246 247//247 248//248
f 249//249 250//250 251//251
f 252//252 253//253 254//254
f 255//255 256//256 257//257
f 258//258 259//259 260//260
f 261//261 262//262 263//263
f 264//264 265//265 266//266
f 267//267 268//268 269//269
f 270//270 271//271 272//272
f 273//273 274//274 275//275
f 276//276 277//277 278//278
f 279//279 276//276 278//278
f 266//266 280//280 264//264
f 281//281 270//270 272//272
f 279//279 278//278 282//282
f 283//283 284//284 285//285
f 286//286 287//287 288//288
f 98//98 99//99 35//35
f 289//289 290//290 291//291
f 292//292 293//293 294//294
f 295//295 296//296 297//297
f 298//298 299//299 300//300
f 301//301 302//302 303//303
f 304//304 305//305 306//306
f 307//307 308//308 309//309
f 310//310 311//311 312//312
f 301//301 303//303 313//313
f 314//314 104//104 103//103
f 315//315 316//316 317//317
f 42//42 41//41 319//319 318//318
f 314//314 103//103 122//122 320//320
f 318//318 124//124 42//42
f 124//124 320//320 123//123
f 321//321 127//127 322//322
f 323//323 324//324 141//141
f 44//44 43//43 325//325
f 143//143 323//323 141//141
f 326//326 327//327 328//328
f 331//331 2418//2418 329//329 330//330
f 332//332 135//135 333//333
f 140//140 44//44 334//334
f 335//335 336//336 337//337
f 338//338 339//339 340//340
f 341//341 342//342 343//343
f 344//344 345//345 346//346
f 347//347 340//340 339//339
f 347//347 339//339 348//348
f 347//347 348//348 349//349
f 350//350 46//46 152//152
f 351//351 352//352 353//353
f 349//349 246//246 347//347
f 354//354 355//355 356//356
f 357//357 358//358 246//246
f 359//359 360//360 361//361
f 362//362 363//363 364//364
f 174//174 365//365 366//366
f 367//367 368//368 369//369
f 370//370 371//371 372//372
f 373//373 374//374 375//375
f 376//376 377//377 378//378
f 379//379 380//380 381//381
f 382//382 383//383 384//384
f 387//387 2420//2420 385//385 386//386
f 388//388 389//389 390//390
f 391//391 392//392 393//393
f 394//394 395//395 396//396
f 397//397 398//398 399//399
f 400//400 401//401 402//402
f 403//403 404//404 405//405
f 406//406 407//407 408//408
f 409//409 410//410 411//411
f 412//412 413//413 414//414
f 412//412 414//414 415//415
f 418//418 2421//2421 416//416 417//417
f 419//419 420//420 421//421
f 422//422 423//423 424//424
f 425//425 426//426 427//427
f 428//428 429//429 430//430
f 432//432 99//99 98//98 431//431
f 433//433 99//99 432//432
f 434//434 435//435 436//436
f 437//437 438//438 439//439
f 440//440 441//441 442//442
f 443//443 444//444 445//445
f 446//446 447//447 448//448
f 449//449 450//450 451//451
f 452//452 453//453 454//454
f 455//455 449//449 451//451
f 289//289 291//291 456//456
f 457//457 458//458 459//459
f 460//460 461//461 462//462
f 463//463 464//464 465//465
f 466//466 467//467 468//468
f 469//469 470//470 471//471
f 472//472 473//473 474//474
f 475//475 446//446 448//448
f 476//476 477//477 478//478
f 479//479 455//455 451//451
f 480//480 481//481 482//482
f 483//483 484//484 485//485
f 486//486 487//487 488//488
f 489//489 490//490 491//491
f 492//492 493//493 494//494
f 495//495 496//496 497//497
f 498//498 499//499 500//500
f 501//501 492//492 494//494
f 502//502 503//503 504//504
f 505//505 506//506 507//507
f 508//508 509//509 510//510
f 502//502 511//511 503//503
f 511//511 512//512 503//503
f 513//513 514//514 515//515
f 516//516 503//503 512//512
f 517//517 518//518 519//519
f 520//520 521//521 522//522
f 523//523 524//524 525//525
f 526//526 527//527 528//528
f 529//529 530//530 531//531
f 532//532 533//533 534//534
f 511//511 502//502 535//535
f 536//536 537//537 538//538
f 512//512 539//539 516//516
f 540//540 541//541 542//542
f 543//543 544//544 545//545
f 546//546 547//547 548//548
f 549//549 550//550 551//551
f 552//552 553//553 554//554
f 552//552 555//555 553//553
f 556//556 550//550 549//549
f 557//557 558//558 559//559
f 560//560 561//561 562//562
f 563//563 564//564 565//565
f 566//566 567//567 568//568
f 569//569 570//570 571//571
f 566//566 572//572 567//567
f 573//573 532//532 534//534
f 574//574 575//575 576//576
f 577//577 578//578 579//579
f 580//580 511//511 581//581
f 582//582 583//583 584//584
f 585//585 586//586 587//587
f 588//588 589//589 590//590
f 591//591 592//592 593//593
f 594//594 595//595 596//596
f 594//594 597//597 595//595
f 598//598 124//124 318//318
f 599//599 600//600 601//601
f 602//602 603//603 604//604
f 605//605 606//606 607//607
f 334//334 44//44 325//325
f 608//608 609//609 610//610
f 611//611 612//612 613//613
f 614//614 615//615 616//616
f 617//617 611//611 613//613
f 618//618 619//619 620//620
f 621//621 622//622 623//623
f 624//624 625//625 626//626
f 627//627 628//628 629//629
f 630//630 152//152 140//140
f 631//631 152//152 630//630
f 632//632 633//633 634//634
f 635//635 636//636 637//637
f 638//638 639//639 640//640
f 350//350 152//152 631//631
f 641//641 642//642 643//643
f 644//644 645//645 646//646
f 647//647 648//648 649//649
f 647//647 649//649 650//650
f 651//651 652//652 653//653
f 654//654 655//655 656//656
f 657//657 658//658 659//659
f 660//660 661//661 662//662
f 663//663 664//664 665//665
f 666//666 667//667 668//668
f 669//669 670//670 671//671
f 672//672 673//673 674//674
f 675//675 676//676 677//677
f 678//678 679//679 680//680
f 681//681 682//682 683//683
f 684//684 372//372 371//371
f 685//685 686//686 687//687
f 688//688 689//689 690//690
f 691//691 692//692 693//693
f 694//694 695//695 696//696
f 697//697 698//698 699//699
f 700//700 701//701 702//702
f 703//703 704//704 705//705
f 706//706 707//707 708//708
f 709//709 710//710 711//711
f 712//712 713//713 714//714
f 715//715 410//410 409//409
f 716//716 717//717 718//718
f 719//719 720//720 721//721
f 722//722 723//723 724//724
f 725//725 726//726 727//727
f 728//728 729//729 730//730
f 731//731 732//732 733//733
f 734//734 735//735 736//736
f 737//737 738//738 739//739
f 740//740 741//741 742//742
f 743//743 744//744 745//745
f 746//746 735//735 734//734
f 747//747 748//748 749//749
f 750//750 751//751 752//752
f 753//753 754//754 755//755
f 728//728 730//730 756//756
f 757//757 728//728 756//756
f 758//758 753//753 759//759
f 760//760 761//761 762//762
f 763//763 764//764 765//765
f 763//763 766//766 764//764
f 767//767 768//768 769//769
f 770//770 771//771 772//772
f 773//773 774//774 775//775
f 776//776 777//777 778//778
f 779//779 780//780 781//781
f 782//782 783//783 784//784
f 785//785 786//786 787//787
f 788//788 789//789 790//790
f 791//791 792//792 793//793
f 791//791 794//794 792//792
f 795//795 796//796 797//797
f 798//798 799//799 800//800
f 801//801 802//802 803//803
f 804//804 805//805 806//806
f 807//807 801//801 803//803
f 800//800 808//808 809//809
f 810//810 811//811 812//812
f 813//813 810//810 812//812
f 814//814 807//807 815//815
f 816//816 817//817 818//818
f 819//819 820//820 821//821
f 822//822 823//823 824//824
f 779//779 781//781 825//825
f 826//826 827//827 828//828
f 829//829 830//830 831//831
f 832//832 817//817 816//816
f 833//833 834//834 835//835
f 836//836 837//837 838//838
f 839//839 840//840 841//841
f 842//842 843//843 844//844
f 845//845 846//846 847//847
f 848//848 849//849 850//850
f 851//851 852//852 853//853
f 854//854 463//463 465//465
f 855//855 856//856 857//857
f 858//858 859//859 860//860
f 861//861 862//862 863//863
f 860//860 859//859 864//864
f 495//495 497//497 865//865
f 866//866 867//867 868//868
f 869//869 870//870 871//871
f 872//872 873//873 874//874
f 875//875 876//876 877//877
f 878//878 875//875 877//877
f 879//879 880//880 881//881
f 879//879 881//881 882//882
f 883//883 884//884 885//885
f 886//886 887//887 885//885
f 883//883 888//888 884//884
f 889//889 890//890 891//891
f 892//892 893//893 894//894
f 895//895 896//896 897//897
f 898//898 899//899 900//900
f 901//901 902//902 903//903
f 904//904 905//905 301//301
f 906//906 907//907 908//908
f 909//909 536//536 910//910
f 911//911 910//910 912//912
f 909//909 910//910 911//911
f 913//913 914//914 915//915
f 916//916 917//917 918//918
f 919//919 920//920 921//921
f 922//922 923//923 924//924
f 925//925 926//926 927//927
f 928//928 929//929 930//930
f 931//931 919//919 921//921
f 932//932 933//933 319//319
f 934//934 935//935 936//936
f 937//937 934//934 936//936
f 938//938 939//939 940//940
f 941//941 570//570 569//569
f 921//921 942//942 931//931
f 943//943 944//944 945//945
f 933//933 318//318 319//319
f 946//946 947//947 948//948
f 949//949 950//950 951//951
f 952//952 953//953 954//954
f 956//956 2402//2402 957//957 955//955
f 933//933 958//958 318//318
f 959//959 960//960 961//961
f 962//962 963//963 964//964
f 965//965 966//966 967//967
f 968//968 959//959 961//961
f 962//962 969//969 963//963
f 970//970 959//959 968//968
f 971//971 972//972 973//973
f 974//974 970//970 968//968
f 975//975 976//976 977//977
f 978//978 979//979 980//980
f 981//981 982//982 983//983
f 598//598 984//984 124//124
f 985//985 320//320 124//124
f 986//986 985//985 124//124
f 984//984 986//986 124//124
f 987//987 605//605 607//607
f 988//988 989//989 990//990
f 991//991 624//624 626//626
f 992//992 993//993 994//994
f 995//995 996//996 347//347
f 997//997 350//350 631//631
f 998//998 999//999 1000//1000
f 1001//1001 1002//1002 1003//1003
f 347//347 358//358 1004//1004
f 1005//1005 1006//1006 646//646
f 1007//1007 362//362 364//364
f 1008//1008 1009//1009 1010//1010
f 1011//1011 362//362 1007//1007
f 1012//1012 1013//1013 1014//1014
f 1015//1015 1016//1016 1017//1017
f 1018//1018 1019//1019 1020//1020
f 1021//1021 1018//1018 1020//1020
f 1022//1022 1023//1023 1024//1024
f 1025//1025 1026//1026 1027//1027
f 1028//1028 1029//1029 1030//1030
f 1031//1031 1032//1032 1033//1033
f 1034//1034 1023//1023 1022//1022
f 1034//1034 1035//1035 1023//1023
f 1036//1036 1037//1037 1038//1038
f 1039//1039 1040//1040 810//810
f 1041//1041 1042//1042 1043//1043
f 1044//1044 1045//1045 1046//1046
f 1044//1044 1046//1046 1047//1047
f 1048//1048 1049//1049 1050//1050
f 1051//1051 750//750 1052//1052
f 1053//1053 1054//1054 1055//1055
f 1056//1056 1057//1057 1058//1058
f 438//438 1099//1099 1059//1059 439//439
f 1060//1060 1061//1061 1062//1062
f 1063//1063 1064//1064 1065//1065
f 443//443 445//445 1066//1066 1067//1067
f 1068//1068 1069//1069 1070//1070
f 1072//1072 1070//1070 1069//1069 1071//1071
f 1073//1073 1071//1071 1074//1074
f 1075//1075 1076//1076 1077//1077
f 1078//1078 1069//1069 1068//1068
f 1079//1079 1080//1080 1081//1081
f 1082//1082 1083//1083 1084//1084
f 1085//1085 1086//1086 1087//1087
f 1088//1088 1089//1089 1090//1090
f 1091//1091 1092//1092 1093//1093
f 1094//1094 1095//1095 1096//1096
f 1097//1097 433//433 432//432
f 1098//1098 1099//1099 438//438
f 1100//1100 1101//1101 1102//1102
f 1103//1103 1104//1104 1105//1105
f 1103//1103 1105//1105 1106//1106
f 1107//1107 1108//1108 1109//1109
f 1110//1110 1111//1111 1112//1112
f 1113//1113 1114//1114 1115//1115
f 1116//1116 1117//1117 1118//1118
f 1119//1119 1120//1120 1121//1121
f 1122//1122 882//882 1123//1123
f 1122//1122 879//879 882//882
f 1100//1100 911//911 1124//1124
f 1125//1125 1126//1126 1127//1127
f 1128//1128 1129//1129 1130//1130
f 1131//1131 1132//1132 1133//1133
f 1134//1134 909//909 911//911
f 1135//1135 1136//1136 1137//1137
f 1138//1138 1139//1139 1140//1140
f 1141//1141 1142//1142 1143//1143
f 1144//1144 1141//1141 1145//1145
f 1146//1146 506//506 1147//1147
f 1148//1148 1149//1149 1150//1150
f 1151//1151 1152//1152 1153//1153
f 1154//1154 1155//1155 1156//1156
f 1154//1154 1156//1156 1157//1157
f 1158//1158 1159//1159 1160//1160
f 1161//1161 1162//1162 1163//1163
f 1164//1164 1165//1165 1166//1166
f 1167//1167 1168//1168 955//955
f 1169//1169 1170//1170 1171//1171
f 958//958 1838//1838 984//984 598//598
f 1172//1172 1173//1173 1174//1174
f 985//985 986//986 1175//1175
f 1176//1176 1177//1177 1178//1178
f 1179//1179 1180//1180 1181//1181
f 1182//1182 1183//1183 987//987
f 1184//1184 1185//1185 1186//1186
f 1187//1187 1188//1188 1189//1189
f 1190//1190 1191//1191 1192//1192
f 1193//1193 1194//1194 1195//1195
f 1196//1196 334//334 603//603
f 1197//1197 1198//1198 1199//1199
f 630//630 334//334 1196//1196
f 1200//1200 1201//1201 1202//1202
f 1203//1203 1204//1204 1205//1205
f 1206//1206 1207//1207 1208//1208
f 1206//1206 1209//1209 1207//1207
f 1205//1205 1204//1204 1210//1210
f 1213//1213 1217//1217 1211//1211 1212//1212
f 1214//1214 1215//1215 1216//1216
f 1218//1218 1214//1214 1219//1219
f 1220//1220 1221//1221 1222//1222
f 1223//1223 1211//1211 1217//1217
f 1224//1224 1225//1225 1226//1226
f 1227//1227 1228//1228 1229//1229
f 1230//1230 1231//1231 1232//1232
f 1235//1235 2424//2424 1233//1233 1234//1234
f 1236//1236 1237//1237 1238//1238
f 1239//1239 1238//1238 1240//1240
f 1239//1239 1236//1236 1238//1238
f 1241//1241 1242//1242 996//996
f 1243//1243 1244//1244 1245//1245
f 1246//1246 1247//1247 1248//1248
f 1249//1249 1250//1250 1251//1251
f 1252//1252 1253//1253 1254//1254
f 1255//1255 1005//1005 1256//1256
f 1257//1257 1258//1258 1259//1259
f 1260//1260 1261//1261 1262//1262
f 1263//1263 1264//1264 1265//1265
f 1266//1266 1267//1267 1268//1268
f 1269//1269 995//995 347//347
f 347//347 1004//1004 1270//1270
f 1271//1271 646//646 669//669
f 1272//1272 1273//1273 1274//1274
f 1275//1275 1276//1276 1277//1277
f 1278//1278 1279//1279 1280//1280
f 1281//1281 1282//1282 1283//1283
f 1284//1284 1011//1011 1007//1007
f 1285//1285 1286//1286 1287//1287
f 1288//1288 1285//1285 1287//1287
f 1289//1289 1290//1290 1291//1291
f 1292//1292 1293//1293 1294//1294
f 1292//1292 1294//1294 1295//1295
f 1296//1296 1295//1295 1294//1294
f 1297//1297 1298//1298 1299//1299
f 1300//1300 1284//1284 1007//1007
f 1300//1300 1007//1007 1301//1301
f 1302//1302 1303//1303 1304//1304
f 1305//1305 1306//1306 1307//1307
f 1308//1308 695//695 694//694
f 1309//1309 1310//1310 1311//1311
f 1308//1308 1312//1312 695//695
f 1313//1313 1314//1314 1315//1315
f 1316//1316 1317//1317 1318//1318
f 1319//1319 1320//1320 1321//1321
f 1322//1322 1323//1323 1317//1317
f 1324//1324 1325//1325 1326//1326
f 1324//1324 1326//1326 1327//1327
f 1328//1328 1329//1329 1330//1330
f 1331//1331 1332//1332 1333//1333
f 1334//1334 1335//1335 1336//1336
f 1337//1337 1338//1338 1339//1339
f 1340//1340 1341//1341 1342//1342
f 1343//1343 1344//1344 1345//1345
f 1021//1021 1346//1346 1018//1018
f 1031//1031 1347//1347 1032//1032
f 1348//1348 1349//1349 1350//1350
f 1351//1351 1352//1352 1353//1353
f 1354//1354 1355//1355 1356//1356
f 1357//1357 1358//1358 1359//1359
f 1360//1360 1361//1361 1362//1362
f 1363//1363 1364//1364 1365//1365
f 1366//1366 1364//1364 1363//1363
f 1072//1072 1367//1367 1368//1368
f 1369//1369 1044//1044 1047//1047
f 1370//1370 1371//1371 1372//1372
f 1051//1051 1052//1052 1373//1373
f 1374//1374 1375//1375 1376//1376
f 1377//1377 1378//1378 1379//1379
f 1380//1380 1381//1381 1382//1382
f 1383//1383 1384//1384 1385//1385
f 1386//1386 1387//1387 1388//1388
f 1389//1389 1390//1390 1391//1391
f 1392//1392 1393//1393 1394//1394
f 1395//1395 1396//1396 1397//1397
f 1398//1398 1399//1399 1400//1400
f 1401//1401 1402//1402 1403//1403
f 1404//1404 1405//1405 1406//1406
f 1407//1407 1408//1408 1409//1409
f 1410//1410 1411//1411 1412//1412
f 1413//1413 1414//1414 1415//1415
f 1410//1410 1416//1416 1411//1411
f 1417//1417 1418//1418 1419//1419
f 1420//1420 1421//1421 1422//1422
f 1423//1423 1424//1424 1425//1425
f 1423//1423 1426//1426 1424//1424
f 1427//1427 1428//1428 1429//1429
f 1430//1430 1431//1431 1432//1432
f 1433//1433 1431//1431 1430//1430
f 1434//1434 1435//1435 1398//1398
f 1436//1436 1435//1435 1434//1434
f 1437//1437 1438//1438 1439//1439
f 1440//1440 1441//1441 1442//1442
f 1443//1443 1444//1444 1445//1445
f 1446//1446 1447//1447 1142//1142
f 1448//1448 1446//1446 1141//1141
f 1141//1141 1446//1446 1142//1142
f 1449//1449 1450//1450 1451//1451
f 1452//1452 1453//1453 1454//1454
f 1455//1455 1456//1456 1457//1457
f 1458//1458 1459//1459 1460//1460
f 1461//1461 1462//1462 1463//1463
f 1464//1464 1465//1465 1466//1466
f 1467//1467 1468//1468 1469//1469
f 1470//1470 1471//1471 1472//1472
f 1473//1473 1474//1474 1475//1475
f 1476//1476 1477//1477 1478//1478
f 1479//1479 905//905 1480//1480
f 1481//1481 1482//1482 1483//1483
f 1479//1479 1484//1484 905//905
f 1485//1485 1486//1486 1487//1487
f 1488//1488 1489//1489 1490//1490
f 1491//1491 1492//1492 1493//1493
f 1494//1494 1495//1495 1496//1496
f 1497//1497 1498//1498 1499//1499
f 1500//1500 2425//2425 919//919 931//931
f 1501//1501 1502//1502 1503//1503
f 1504//1504 1505//1505 1506//1506
f 1507//1507 1508//1508 1509//1509
f 1510//1510 1511//1511 1512//1512
f 1513//1513 1514//1514 1515//1515
f 1516//1516 1517//1517 1518//1518
f 1519//1519 1488//1488 1520//1520
f 1522//1522 2403//2403 1523//1523 1521//1521
f 1524//1524 1488//1488 1519//1519
f 1525//1525 1526//1526 1527//1527
f 1528//1528 1529//1529 1530//1530
f 1168//1168 1824//1824 1500//1500 931//931
f 1531//1531 1532//1532 1533//1533
f 1534//1534 1535//1535 1536//1536
f 1537//1537 1538//1538 1539//1539
f 1540//1540 1541//1541 1542//1542
f 1543//1543 1544//1544 1545//1545
f 1546//1546 1547//1547 1548//1548
f 1549//1549 1550//1550 1551//1551
f 1175//1175 986//986 984//984
f 1175//1175 984//984 1552//1552
f 1553//1553 1554//1554 603//603
f 1555//1555 603//603 1554//1554
f 603//603 1555//1555 1196//1196
f 1556//1556 1557//1557 1558//1558
f 1559//1559 1560//1560 1184//1184
f 1561//1561 1562//1562 1563//1563
f 1564//1564 1565//1565 1566//1566
f 1567//1567 1568//1568 1569//1569
f 1570//1570 1571//1571 1572//1572
f 1573//1573 1574//1574 1575//1575
f 1576//1576 1577//1577 1578//1578
f 1579//1579 630//630 1196//1196
f 1580//1580 1581//1581 1582//1582
f 1583//1583 630//630 1579//1579
f 1584//1584 1585//1585 1586//1586
f 1587//1587 1588//1588 1589//1589
f 1590//1590 1591//1591 1592//1592
f 1593//1593 1594//1594 1595//1595
f 1596//1596 1597//1597 1598//1598
f 1599//1599 1597//1597 1596//1596
f 1600//1600 1601//1601 1242//1242
f 1602//1602 1603//1603 1604//1604
f 1605//1605 1606//1606 1607//1607
f 1602//1602 1604//1604 1608//1608
f 1600//1600 1242//1242 1241//1241
f 1609//1609 1610//1610 1250//1250
f 1611//1611 1612//1612 1613//1613
f 1614//1614 1615//1615 1616//1616
f 1617//1617 1618//1618 1619//1619
f 1269//1269 1620//1620 995//995
f 1621//1621 1610//1610 1609//1609
f 704//704 703//703 1622//1622 1623//1623
f 1624//1624 1625//1625 1626//1626
f 1627//1627 1628//1628 1629//1629
f 1630//1630 1631//1631 1632//1632
f 1633//1633 1634//1634 1635//1635
f 1636//1636 1637//1637 1638//1638
f 1639//1639 1640//1640 1641//1641
f 1642//1642 1643//1643 1644//1644
f 1645//1645 1646//1646 1647//1647
f 1648//1648 1649//1649 1650//1650
f 1651//1651 1652//1652 1653//1653
f 1654//1654 1655//1655 1018//1018
f 1656//1656 1657//1657 1658//1658
f 1659//1659 1660//1660 1661//1661
f 1662//1662 1663//1663 1664//1664
f 1047//1047 1665//1665 1369//1369
f 1666//1666 1667//1667 1668//1668
f 1669//1669 1670//1670 1671//1671
f 1672//1672 1673//1673 1674//1674
f 1675//1675 1676//1676 1677//1677
f 1678//1678 1679//1679 1680//1680
f 1681//1681 1682//1682 1683//1683
f 1064//1064 1063//1063 1684//1684
f 1685//1685 1686//1686 1687//1687
f 1688//1688 1689//1689 1690//1690
f 1691//1691 1692//1692 1693//1693
f 1694//1694 1695//1695 1696//1696
f 1697//1697 1698//1698 1699//1699
f 1700//1700 1701//1701 1702//1702
f 1703//1703 432//432 431//431
f 1375//1375 1374//1374 1704//1704
f 1705//1705 1681//1681 1683//1683
f 1706//1706 1707//1707 1708//1708
f 1709//1709 1710//1710 1711//1711
f 1712//1712 1713//1713 1714//1714
f 1715//1715 1716//1716 1717//1717
f 1718//1718 1634//1634 1633//1633
f 1719//1719 1720//1720 1721//1721
f 1722//1722 1723//1723 1724//1724
f 1725//1725 1726//1726 1727//1727
f 1427//1427 1429//1429 1728//1728
f 1729//1729 1730//1730 1099//1099
f 1102//1102 1731//1731 1100//1100
f 1732//1732 1718//1718 1733//1733
f 1718//1718 1732//1732 1634//1634
f 1734//1734 1438//1438 1437//1437
f 1735//1735 1736//1736 1737//1737
f 1738//1738 1739//1739 1740//1740
f 1741//1741 1742//1742 1743//1743
f 1744//1744 1745//1745 1446//1446
f 1746//1746 1747//1747 1748//1748
f 1749//1749 1750//1750 1751//1751
f 1752//1752 1753//1753 1754//1754
f 1755//1755 1756//1756 1757//1757
f 1758//1758 1759//1759 1760//1760
f 1761//1761 1762//1762 1763//1763
f 1764//1764 1749//1749 1751//1751
f 1765//1765 1766//1766 1767//1767
f 1768//1768 1769//1769 1770//1770
f 1771//1771 1772//1772 1773//1773
f 1774//1774 1775//1775 1776//1776
f 1777//1777 1778//1778 1779//1779
f 1780//1780 1781//1781 1782//1782
f 1783//1783 1784//1784 1785//1785
f 1780//1780 1786//1786 1781//1781
f 1787//1787 1788//1788 1789//1789
f 1787//1787 1789//1789 1790//1790
f 1791//1791 1792//1792 1793//1793
f 1794//1794 1795//1795 1796//1796
f 1551//1551 1797//1797 1798//1798
f 1799//1799 1800//1800 1801//1801
f 1802//1802 1803//1803 1804//1804
f 1805//1805 1806//1806 1807//1807
f 1808//1808 1809//1809 1810//1810
f 1811//1811 1812//1812 1813//1813
f 1814//1814 1815//1815 1816//1816
f 1817//1817 1818//1818 1819//1819
f 1820//1820 1821//1821 1822//1822
f 1823//1823 1500//1500 1824//1824
f 1825//1825 1826//1826 933//933
f 1537//1537 1827//1827 1828//1828
f 1829//1829 1830//1830 1831//1831
f 1824//1824 1168//1168 1167//1167
f 1826//1826 1839//1839 958//958 933//933
f 1832//1832 1833//1833 1834//1834
f 1835//1835 1836//1836 1837//1837
f 1839//1839 1840//1840 958//958
f 1841//1841 1842//1842 1554//1554
f 1553//1553 1841//1841 1554//1554
f 1843//1843 1844//1844 1845//1845
f 1579//1579 1196//1196 1555//1555
f 1844//1844 1843//1843 1846//1846
f 1847//1847 1848//1848 1849//1849
f 1850//1850 1851//1851 1852//1852
f 1846//1846 1843//1843 1853//1853
f 1854//1854 1583//1583 1579//1579
f 1855//1855 1856//1856 1857//1857
f 1846//1846 1858//1858 1844//1844
f 1859//1859 1860//1860 1861//1861
f 1862//1862 1583//1583 1854//1854
f 1863//1863 1864//1864 1865//1865
f 1860//1860 1859//1859 1600//1600
f 1866//1866 1860//1860 1600//1600
f 1866//1866 1600//1600 1241//1241
f 1867//1867 1868//1868 1869//1869
f 1870//1870 1871//1871 1872//1872
f 1873//1873 1874//1874 1875//1875
f 1876//1876 1871//1871 1870//1870
f 1874//1874 1858//1858 1875//1875
f 1877//1877 1878//1878 1879//1879
f 1880//1880 1881//1881 1004//1004
f 1882//1882 1883//1883 1884//1884
f 1885//1885 1886//1886 1887//1887
f 1888//1888 1889//1889 1860//1860
f 1890//1890 1891//1891 1892//1892
f 1893//1893 1894//1894 1895//1895
f 1896//1896 1897//1897 1898//1898
f 1901//1901 2427//2427 1899//1899 1900//1900
f 1904//1904 1909//1909 1902//1902 1903//1903
f 1905//1905 1906//1906 1907//1907
f 1905//1905 1908//1908 1906//1906
f 1886//1886 1910//1910 1911//1911
f 1912//1912 1913//1913 1875//1875
f 1914//1914 1655//1655 1654//1654
f 1915//1915 1916//1916 1917//1917
f 1918//1918 1904//1904 1919//1919
f 1920//1920 1921//1921 1922//1922
f 1676//1676 1923//1923 1924//1924
f 1925//1925 1633//1633 1635//1635
f 1926//1926 1635//1635 1927//1927
f 1926//1926 1925//1925 1635//1635
f 1928//1928 1929//1929 1930//1930
f 1931//1931 1932//1932 1933//1933
f 1912//1912 1934//1934 1935//1935
f 1936//1936 1937//1937 1938//1938
f 1939//1939 1940//1940 1941//1941
f 1942//1942 1923//1923 1676//1676
f 1943//1943 1944//1944 1945//1945
f 1946//1946 1947//1947 1930//1930
f 1930//1930 1912//1912 1946//1946
f 1948//1948 1949//1949 1950//1950
f 1951//1951 1952//1952 1953//1953
f 1912//1912 1954//1954 1946//1946
f 1955//1955 1954//1954 1956//1956
f 1731//1731 1957//1957 1951//1951
f 1958//1958 1959//1959 1960//1960
f 1961//1961 1962//1962 1963//1963
f 1964//1964 1965//1965 1966//1966
f 1955//1955 1967//1967 1954//1954
f 1968//1968 1969//1969 1970//1970
f 1971//1971 1972//1972 1973//1973
f 1974//1974 1975//1975 1976//1976
f 1977//1977 1732//1732 1733//1733
f 1977//1977 1978//1978 1967//1967
f 1979//1979 1980//1980 1981//1981
f 1982//1982 911//911 1100//1100
f 1983//1983 1984//1984 1985//1985
f 1986//1986 1454//1454 1987//1987
f 1988//1988 1989//1989 1990//1990
f 1732//1732 1991//1991 1634//1634
f 1992//1992 1993//1993 1994//1994
f 1955//1955 1995//1995 1967//1967
f 1996//1996 1997//1997 1998//1998
f 1797//1797 1991//1991 1732//1732
f 1999//1999 1955//1955 2000//2000
f 1537//1537 1828//1828 1955//1955
f 1826//1826 1825//1825 2001//2001
f 1537//1537 1955//1955 1999//1999
f 2002//2002 1839//1839 1826//1826
f 2003//2003 2002//2002 1826//1826
f 2004//2004 2005//2005 1175//1175
f 2006//2006 2007//2007 2008//2008
f 2009//2009 2004//2004 1175//1175
f 1552//1552 2009//2009 1175//1175
f 2010//2010 2011//2011 2012//2012
f 2013//2013 2014//2014 2015//2015
f 2016//2016 2017//2017 2018//2018
f 1555//1555 1554//1554 2019//2019
f 1854//1854 1579//1579 2019//2019
f 2020//2020 1554//1554 1886//1886
f 2021//2021 1583//1583 1862//1862
f 2021//2021 2022//2022 1583//1583
f 1846//1846 1912//1912 1858//1858
f 1889//1889 1846//1846 1860//1860
f 2023//2023 1846//1846 2024//2024
f 1880//1880 2025//2025 2026//2026
f 2027//2027 2028//2028 2029//2029
f 2025//2025 2027//2027 2029//2029
f 1886//1886 1911//1911 2020//2020
f 2030//2030 2020//2020 1911//1911
f 2031//2031 2032//2032 2033//2033
f 2034//2034 2035//2035 2036//2036
f 2037//2037 2038//2038 2039//2039
f 2040//2040 2041//2041 2042//2042
f 2043//2043 2044//2044 2045//2045
f 2046//2046 2047//2047 2048//2048
f 2049//2049 2050//2050 2051//2051
f 2052//2052 2053//2053 2054//2054
f 2055//2055 2056//2056 2057//2057
f 1446//1446 2058//2058 2059//2059
f 2060//2060 2061//2061 2036//2036
f 2062//2062 2063//2063 2064//2064
f 2065//2065 2066//2066 2067//2067
f 2068//2068 2069//2069 2070//2070
f 2071//2071 2053//2053 2052//2052
f 2072//2072 2073//2073 2074//2074
f 2075//2075 1100//1100 1731//1731
f 2072//2072 2076//2076 2073//2073
f 2079//2079 1956//1956 2077//2077 2078//2078
f 2080//2080 1448//1448 2081//2081
f 2005//2005 2082//2082 1911//1911
f 2005//2005 1911//1911 1975//1975
f 2083//2083 2084//2084 2085//2085
f 2086//2086 2087//2087 2088//2088
f 2089//2089 2076//2076 2072//2072
f 2090//2090 2082//2082 2005//2005
f 2091//2091 2092//2092 1823//1823
f 2091//2091 1823//1823 2093//2093
f 2094//2094 2095//2095 1982//1982
f 2094//2094 1982//1982 1100//1100
f 2005//2005 2004//2004 2090//2090
f 2096//2096 2097//2097 2098//2098
f 2099//2099 2100//2100 2101//2101
f 2102//2102 2100//2100 2099//2099
f 2103//2103 2100//2100 2102//2102
f 2102//2102 2091//2091 2104//2104
f 2105//2105 2002//2002 2003//2003
f 2106//2106 2107//2107 2017//2017
f 2108//2108 2099//2099 2101//2101
f 2109//2109 1854//1854 2019//2019
f 1862//1862 1854//1854 2109//2109
f 2021//2021 1862//1862 2110//2110
f 2111//2111 2021//2021 2110//2110
f 2022//2022 2021//2021 2111//2111
f 2030//2030 2019//2019 2020//2020
f 2109//2109 2019//2019 2112//2112
f 2113//2113 2109//2109 2114//2114
f 2112//2112 2019//2019 2030//2030
f 2115//2115 2109//2109 2116//2116
f 2025//2025 2034//2034 2027//2027
f 2117//2117 2118//2118 2119//2119
f 2036//2036 2120//2120 2034//2034
f 2036//2036 2121//2121 2120//2120
f 2122//2122 2123//2123 2124//2124
f 2125//2125 2126//2126 2127//2127
f 2128//2128 2129//2129 2130//2130
f 2131//2131 2132//2132 2133//2133
f 2134//2134 2135//2135 2136//2136
f 2137//2137 2138//2138 2139//2139
f 2140//2140 2141//2141 2142//2142
f 2143//2143 2144//2144 2145//2145
f 2146//2146 2147//2147 2148//2148
f 2149//2149 2141//2141 2140//2140
f 2150//2150 2112//2112 2151//2151
f 1951//1951 2142//2142 2152//2152
f 2153//2153 1446//1446 2154//2154
f 2155//2155 2156//2156 2157//2157
f 2158//2158 2159//2159 2160//2160
f 2030//2030 2082//2082 2161//2161
f 2161//2161 2082//2082 2090//2090
f 2162//2162 2163//2163 2164//2164
f 2165//2165 2166//2166 2167//2167
f 2168//2168 2169//2169 2170//2170
f 2152//2152 1731//1731 1951//1951
f 2075//2075 1731//1731 2152//2152
f 2171//2171 2172//2172 2173//2173
f 2174//2174 2175//2175 2176//2176
f 2161//2161 2090//2090 2177//2177
f 2178//2178 2179//2179 2180//2180
f 2181//2181 2182//2182 2183//2183
f 2184//2184 2185//2185 2186//2186
f 2187//2187 2161//2161 2177//2177
f 2178//2178 2180//2180 2188//2188
f 2189//2189 2190//2190 2191//2191
f 2192//2192 2193//2193 2194//2194
f 2195//2195 2196//2196 2197//2197
f 2198//2198 2199//2199 2200//2200
f 2201//2201 2202//2202 2203//2203
f 2204//2204 2205//2205 2206//2206
f 2209//2209 2430//2430 2207//2207 2208//2208
f 2210//2210 2094//2094 1100//1100
f 2211//2211 2105//2105 2003//2003
f 2212//2212 2213//2213 2214//2214
f 2215//2215 2106//2106 2017//2017
f 2105//2105 2216//2216 2006//2006
f 2217//2217 2111//2111 2110//2110
f 2217//2217 2110//2110 2115//2115 2218//2218
f 2219//2219 2115//2115 2116//2116
f 2220//2220 2221//2221 2222//2222
f 2220//2220 2222//2222 2223//2223
f 2189//2189 2217//2217 2218//2218
f 2224//2224 2223//2223 2225//2225
f 2226//2226 2190//2190 2218//2218
f 2218//2218 2190//2190 2189//2189
f 2226//2226 2227//2227 2228//2228
f 2224//2224 2225//2225 2183//2183
f 2229//2229 1100//1100 2075//2075
f 2230//2230 2231//2231 2226//2226
f 2231//2231 2230//2230 2211//2211
f 2232//2232 2233//2233 1100//1100
f 2234//2234 2235//2235 2236//2236
f 2237//2237 2091//2091 2102//2102
f 2238//2238 2239//2239 2240//2240
f 2241//2241 2102//2102 2099//2099
f 2242//2242 2237//2237 2102//2102
f 2243//2243 2244//2244 2245//2245
f 2220//2220 2246//2246 2221//2221
f 2247//2247 2141//2141 2248//2248
f 2247//2247 2248//2248 2249//2249
f 2250//2250 2223//2223 2224//2224
f 2251//2251 2152//2152 2141//2141
f 2252//2252 2251//2251 2141//2141
f 2253//2253 2247//2247 2249//2249
f 2254//2254 2255//2255 2256//2256
f 2257//2257 2258//2258 2092//2092
f 2259//2259 2247//2247 2258//2258
f 2234//2234 2260//2260 2235//2235
f 2237//2237 2092//2092 2091//2091
f 2257//2257 2092//2092 2237//2237
f 2261//2261 2262//2262 2263//2263
f 2264//2264 2105//2105 2211//2211
f 2242//2242 2099//2099 2265//2265
f 2266//2266 2267//2267 2268//2268
f 2264//2264 2216//2216 2105//2105
f 2182//2182 2260//2260 2224//2224
f 2269//2269 2270//2270 2271//2271
f 2242//2242 2272//2272 2237//2237
f 2211//2211 2273//2273 2264//2264
f 2274//2274 2229//2229 2275//2275
f 2276//2276 2277//2277 2278//2278
f 2226//2226 2279//2279 2230//2230
f 2271//2271 2229//2229 2269//2269
f 2211//2211 2230//2230 2273//2273
f 2280//2280 2246//2246 2220//2220
f 2281//2281 2246//2246 2280//2280
f 2282//2282 2220//2220 2283//2283
f 2284//2284 2285//2285 2224//2224
f 2286//2286 2287//2287 2288//2288
f 2289//2289 2286//2286 2288//2288
f 2290//2290 2291//2291 2292//2292
f 2293//2293 2294//2294 2295//2295
f 2296//2296 2297//2297 2298//2298
f 2280//2280 2220//2220 2299//2299
f 2300//2300 2280//2280 2299//2299
f 2301//2301 2302//2302 2259//2259
f 2303//2303 2304//2304 2305//2305
f 2306//2306 2307//2307 2308//2308
f 2309//2309 2310//2310 2299//2299
f 2311//2311 2280//2280 2300//2300
f 166//166 2312//2312 167//167
f 1100//1100 1124//1124 1101//1101
f 867//867 2313//2313 868//868
f 2314//2314 2315//2315 2316//2316
f 2317//2317 808//808 800//800
f 1168//1168 931//931 2318//2318
f 1250//1250 1610//1610 1251//1251
f 2319//2319 2320//2320 1417//1417
f 1441//1441 2321//2321 1442//1442
f 1489//1489 2322//2322 1490//1490
f 2323//2323 2324//2324 2325//2325
f 1766//1766 2326//2326 1767//1767
f 1974//1974 2327//2327 1175//1175
f 1846//1846 1853//1853 1861//1861
f 2328//2328 1912//1912 1935//1935
f 1976//1976 1975//1975 1911//1911
f 1974//1974 1175//1175 2005//2005
f 2061//2061 2121//2121 2036//2036
f 2234//2234 2236//2236 2329//2329
f 2257//2257 2259//2259 2258//2258
f 5//5 16//16 2//2
f 4//4 16//16 5//5
f 12//12 9//9 14//14
f 11//11 12//12 40//40
f 13//13 41//41 14//14
f 43//43 17//17 2330//2330
f 88//88 97//97 89//89
f 21//21 95//95 2330//2330
f 2331//2331 2332//2332 2333//2333
f 349//349 247//247 246//246
f 327//327 326//326 2334//2334
f 246//246 358//358 347//347
f 2335//2335 2336//2336 481//481
f 630//630 140//140 334//334
f 641//641 2337//2337 642//642
f 412//412 415//415 2338//2338
f 2339//2339 2340//2340 725//725
f 756//756 2341//2341 757//757
f 807//807 803//803 815//815
f 858//858 860//860 2342//2342
f 1104//1104 2343//2343 1105//1105
f 965//965 967//967 2344//2344
f 1242//1242 340//340 996//996
f 2345//2345 776//776 2346//2346
f 1222//1222 2347//2347 1220//1220
f 631//631 630//630 1583//1583
f 347//347 1270//1270 1269//1269
f 2348//2348 1293//1293 1292//1292
f 2349//2349 2350//2350 2351//2351
f 1488//1488 1524//1524 2352//2352
f 1537//1537 2353//2353 1538//1538
f 1167//1167 2354//2354 1814//1814
f 1184//1184 1563//1563 1559//1559
f 2022//2022 997//997 1583//1583
f 1991//1991 1797//1797 1551//1551
f 2355//2355 2356//2356 2357//2357
f 1869//1869 1855//1855 2358//2358 1867//1867
f 1873//1873 1875//1875 2359//2359
f 1912//1912 2360//2360 1954//1954
f 1955//1955 2079//2079 2000//2000
f 2020//2020 2019//2019 1554//1554
f 2023//2023 1912//1912 1846//1846
f 2090//2090 2004//2004 2361//2361
f 2017//2017 2016//2016 2215//2215
f 2215//2215 2016//2016 2216//2216
f 2006//2006 2216//2216 2016//2016
f 2115//2115 2110//2110 2109//2109
f 2034//2034 2025//2025 2362//2362
f 2363//2363 2112//2112 2364//2364
f 2001//2001 2365//2365 1826//1826
f 2183//2183 2182//2182 2224//2224
f 2223//2223 2250//2250 2220//2220
f 2311//2311 2273//2273 2230//2230
f 2366//2366 2259//2259 2257//2257
f 2279//2279 2280//2280 2311//2311
f 124//124 123//123 14//14
f 320//320 122//122 123//123
f 603//603 334//334 325//325
f 942//942 2318//2318 931//931
f 958//958 598//598 318//318
f 996//996 340//340 347//347
f 2367//2367 2368//2368 2369//2369
f 1860//1860 1846//1846 1861//1861
f 1858//1858 1912//1912 1875//1875
f 2370//2370 1904//1904 2371//2371
f 2025//2025 2029//2029 2026//2026
f 2362//2362 2025//2025 2372//2372
f 2034//2034 2120//2120 2027//2027
f 2231//2231 2211//2211 2373//2373
f 2260//2260 2182//2182 2235//2235
f 2281//2281 2218//2218 2246//2246
f 2//2 1//1 5//5
f 2330//2330 17//17 21//21
f 20//20 103//103 104//104
f 2374//2374 113//113 115//115
f 367//367 369//369 2375//2375
f 2376//2376 525//525 524//524
f 700//700 702//702 2377//2377
f 1445//1445 1444//1444 2378//2378
f 2379//2379 858//858 2342//2342
f 2380//2380 508//508 1131//1131
f 2381//2381 2382//2382 2383//2383
f 1070//1070 1072//1072 781//781
f 1158//1158 1160//1160 2384//2384
f 1167//1167 955//955 2354//2354
f 1360//1360 1316//1316 1361//1361
f 2385//2385 2386//2386 2387//2387
f 1551//1551 1798//1798 1549//1549
f 1798//1798 2388//2388 1549//1549
f 1912//1912 2023//2023 1934//1934
f 2218//2218 2115//2115 2246//2246
f 2389//2389 2287//2287 2286//2286
f 3//3 2//2 19//19
f 15//15 45//45 18//18
f 80//80 2390//2390 81//81
f 119//119 121//121 2391//2391
f 142//142 2392//2392 143//143
f 2393//2393 2394//2394 2395//2395
f 2396//2396 2397//2397 2398//2398
f 1238//1238 1237//1237 2399//2399
f 768//768 2400//2400 769//769
f 902//902 2401//2401 903//903
f 1456//1456 2322//2322 1457//1457
f 1584//1584 1586//1586 2404//2404
f 1634//1634 1867//1867 1635//1635
f 1375//1375 1704//1704 2405//2405
f 1725//1725 1727//1727 2406//2406
f 1729//1729 1099//1099 1098//1098
f 1741//1741 1743//1743 2407//2407
f 1764//1764 1751//1751 2408//2408
f 1886//1886 1554//1554 1842//1842
f 1579//1579 1555//1555 2019//2019
f 2372//2372 2025//2025 1880//1880
f 1974//1974 2005//2005 1975//1975
f 1862//1862 2109//2109 2110//2110
f 2109//2109 2112//2112 2114//2114
f 2161//2161 2112//2112 2030//2030
f 2177//2177 2090//2090 2361//2361
f 2247//2247 2253//2253 2258//2258
f 2226//2226 2218//2218 2281//2281
f 2279//2279 2311//2311 2230//2230
f 2335//2335 481//481 480//480
f 997//997 631//631 1583//1583
f 21//21 17//17 4//4
f 295//295 297//297 2409//2409
f 382//382 384//384 2410//2410
f 430//430 429//429 2411//2411
f 698//698 749//749 699//699
f 789//789 2412//2412 790//790
f 1092//1092 2413//2413 1093//1093
f 1398//1398 1400//1400 2414//2414
f 1561//1561 1563//1563 1184//1184
f 1881//1881 1270//1270 1004//1004
f 1954//1954 2360//2360 1956//1956
f 2079//2079 1955//1955 1956//1956
f 2141//2141 2152//2152 2142//2142
f 2229//2229 2293//2293 2269//2269
f 2285//2285 2415//2415 2224//2224
f 23//23 25//25 63//63
f 29//29 31//31 2416//2416
f 370//370 372//372 2419//2419
f 694//694 696//696 2422//2422
f 1151//1151 1153//1153 2423//2423
f 985//985 1175//1175 2327//2327
f 1510//1510 1512//1512 2426//2426
f 2428//2428 2429//2429 1747//1747
f 1911//1911 2082//2082 2030//2030
f 2272//2272 2257//2257 2237//2237
