# Dual color encoding: per-vertex RGB for Rerun, face MTL colors for legacy RViz.
mtllib sim_gene01_l_upper_leg.mtl
# Rhino

g sim_gene01_l_upper_leg
v -63.57990014424913 -43.426049527929088 -236.98618384829689 0 0 0
v -60.9877620792983 -51.594873532288531 -225.31629371477254 0 0 0
v -63.932814555056389 -45.956573185428383 -218.30230513504063 0 0 0
v -63.473892730161829 -34.681118048065599 -284.81287110164806 0 0 0
v -63.677136919540317 -28.923146836641763 -285.29854764101839 0 0 0
v -62.017952069199353 -41.56558041047731 -286.05698416543061 0 0 0
v -64.57585223975849 -36.447847390136673 -246.28031866133011 0 0 0
v -65.230680472119914 -39.43577767508863 -225.6564673962865 0 0 0
v -65.069336932715373 -30.154979594580382 -256.51076796285236 0 0 0
v -63.735754864671492 -41.846454074064667 -226.01264928524262 0 0 0
v -64.185974024397368 -36.477027007483642 -237.28002605625196 0 0 0
v -64.477050988904878 -40.539067240817545 -221.72209281349049 0 0 0
v -64.963748178711683 -19.784299006410592 -280.4068284094418 0 0 0
v -64.666384281704424 -24.220619293569882 -274.71769139583199 0 0 0
v -64.446217684817213 -27.906862526435077 -282.42670786460042 0 0 0
v -65.681437791260763 -18.132374830894605 -256.72529731814546 0 0 0
v -65.280645080693105 -32.271063465143101 -232.60334736630043 0 0 0
v -65.264825921041464 -18.843591544346964 -258.01785854052127 0 0 0
v -66.800009998841929 -19.457563308298234 -239.30832191329216 0 0 0
v -66.254704585305049 -20.326660239639708 -255.05804098807619 0 0 0
v -66.51578257394678 -33.086182462786894 -223.65300976718348 0 0 0
v -67.225336829949498 -9.8128389698058527 -245.94392573279666 0 0 0
v -66.658938446393634 -10.338073272087968 -247.69357587692721 0 0 0
v -66.059971028926952 -20.147286444998883 -239.8303668539069 0 0 0
v -66.767227088185891 -8.0206423587611653 -245.77629415398968 0 0 0
v -66.789764281119133 -16.574962603014683 -239.51618506048251 0 0 0
v -65.796673044728124 1.9079660738672715 -264.09448035923072 0 0 0
v -65.65655454737437 -8.8868994179337903 -266.90340208302365 0 0 0
v -65.216254931461719 -1.6594605795561677 -268.38393572116246 0 0 0
v -66.120944320135422 -8.8961050677427806 -248.41644362780303 0 0 0
v -66.102495507330389 1.3207454711495075 -248.13560511552481 0 0 0
v -66.522876668095904 -0.70823004128524758 -246.39463401010366 0 0 0
v -67.779879370314887 -3.8155338758660946 -228.57685443360182 0 0 0
v -67.709357211586493 -13.554035767010248 -225.44240410909762 0 0 0
v -67.391248531571648 -9.3629689524171908 -229.37244153498762 0 0 0
v -61.844187803523425 -47.243780659231533 -244.23295999295937 0 0 0
v -58.689763914528442 -52.623910362935987 -254.61838412934452 0 0 0
v -53.469764579629441 -50.33114102587848 -294.10986010246825 0 0 0
v -52.751202329148896 -57.27602339609831 -294.66383820001192 0 0 0
v -58.530927227653706 -51.104698024630807 -290.09011146952065 0 0 0
v -45.441551176034636 -41.196597644447479 -289.55554126358669 0 0 0
v -61.301021120263727 -25.158648944604238 -284.02590650737721 0 0 0
v -43.436039216950917 -46.350196955452361 -291.34960382888988 0 0 0
v -49.751273408682437 -32.280530599115878 -286.09682629142787 0 0 0
v -62.845435207622245 -15.510596678737784 -282.57551779720734 0 0 0
v -49.638949231891388 -46.880360404451494 -296.31579187242687 0 0 0
v -46.889068643710289 -61.022497000781016 -297.80098364923646 0 0 0
v -48.602862830449112 -25.486034131555698 -285.75663323821647 0 0 0
v -41.664029956715467 -60.954003323195877 -299.54426299319567 0 0 0
v -45.875411195884908 -62.877730669104608 -297.9627683558823 0 0 0
v -38.071645849132665 -64.637025678503335 -300.3692516447606 0 0 0
v -34.982389072236629 -62.871153296775276 -298.01157270324347 0 0 0
v -46.707869293114868 -51.040533010956779 -292.11494317156479 0 0 0
v -55.39858724990529 -50.910233679103669 -290.06894650814655 0 0 0
v -34.363360063545542 -58.460205364622766 -295.73762060284804 0 0 0
v -34.069518438257859 -65.960675899869173 -267.85295986939963 0 0 0
v -32.214439296430449 -66.404224081587159 -273.74008330685103 0 0 0
v -30.080918893857966 -66.280446070705565 -297.4356339127641 0 0 0
v -34.038054147258691 -67.500098119208317 -216.14509467817163 0 0 0
v -38.867584309308448 -66.835626138932795 -212.37807640802066 0 0 0
v -39.620884663619336 -66.359691383701318 -229.41301262037373 0 0 0
v -30.055745292231144 -67.472251039053759 -238.9691420250557 0 0 0
v -30.557386787782594 -66.898562552083177 -242.58797638828864 0 0 0
v -34.758066927715575 -67.019447233581502 -198.71913172471346 0 0 0
v -23.524626824046095 -67.479357073488558 -299.55491086375031 0 0 0
v -29.745517885815737 -67.060935455617496 -299.75383630313723 0 0 0
v -23.030111397410565 -67.35594902600451 -300.61874776632663 0 0 0
v -29.53793895265509 -67.497416617999221 -256.27708552638222 0 0 0
v -35.214885533329436 -66.772132365876942 -252.9908603070262 0 0 0
v -30.846147029777057 -65.45938592702214 -301.12887542093335 0 0 0
v -23.067523689754125 -65.887496198154736 -300.86455828212377 0 0 0
v -22.776260967353565 -66.816899816731578 -296.74808043417647 0 0 0
v -29.628433778542352 -66.893845912326398 -250.91132668507029 0 0 0
v -27.702132427548662 -67.475875410349715 -258.5033402721977 0 0 0
v -8.4164803952116927 -66.453786698502654 -295.35244781855107 0 0 0
v -29.429724323137179 -48.87544944172555 -290.61478445940486 0 0 0
v -23.820288568442948 -65.045943399292923 -298.57860521174587 0 0 0
v -26.205818021883147 -46.838618252906599 -300.98686036749376 0 0 0
v -32.93780520351811 -45.01734784184805 -289.55725187425332 0 0 0
v -26.285452447773423 -48.929371970232296 -290.87686832539976 0 0 0
v -16.382273242348667 -68.844820907301596 -219.16900971038015 0 0 0
v -13.796185046019083 -68.955524365754158 -228.23739324541347 0 0 0
v -22.609376089501957 -68.459759426899438 -223.88983357132909 0 0 0
v -13.47284963434889 -69.483651305534622 -224.36818959537277 0 0 0
v -14.83200258533536 -68.422619888426567 -277.23745510532666 0 0 0
v -7.1831741777258742 -68.561862674754138 -293.58726886679131 0 0 0
v -11.938342872859764 -68.975134322990357 -280.91219530029321 0 0 0
v 3.8836465014594523 -68.406078814855945 -290.33430973748926 0 0 0
v -16.303023472554599 -68.411557146698797 -266.5471259613401 0 0 0
v 2.5773684757980959 -68.861566350416766 -270.34334752599324 0 0 0
v 12.666322752800284 -69.417109645113271 -287.94376507270766 0 0 0
v -4.638876500839018 -68.96572580462265 -294.82189512646545 0 0 0
v -3.2416648942609072 -68.999597566331673 -295.57502593688423 0 0 0
v 4.7528810439340532 -69.840628743243428 -268.45152951159696 0 0 0
v -4.6922351798461648 -69.344353996501638 -261.574173330924 0 0 0
v 7.7173767898564449 -69.34037379000037 -271.95173994434896 0 0 0
v -8.9544943274195532 -69.069378013759632 -246.43430176798685 0 0 0
v -2.3062297801182012 -69.499106296757503 -259.51879047471897 0 0 0
v -3.6130485380812445 -69.022932356359391 -259.89707367990002 0 0 0
v 11.1096269274897 -69.698163130671887 -269.84908283835415 0 0 0
v -71.111914825995882 -40.397879593161207 -161.9874979399863 0 0 0
v -69.613693976153698 -33.636337005837618 -185.56522806451932 0 0 0
v -69.660255783767923 -45.642422157185393 -161.21407953909625 0 0 0
v -71.129902416844445 -31.159829969134137 -175.53686346066323 0 0 0
v -73.838722985862759 -39.693177158518829 -145.50908730832973 0 0 0
v -72.878575962735908 -37.975950451230091 -153.19322477058344 0 0 0
v -71.652857222496905 -46.396622786788157 -146.98829878826635 0 0 0
v -71.005847349610903 -21.505087413702157 -185.72750186225184 0 0 0
v -70.190697479248044 -21.94847564697265 -193.37861328125001 0 0 0
v -71.649065180648208 -37.050321578001814 -163.71006293807494 0 0 0
v -72.144025814779127 -20.090057291484186 -177.35704347543734 0 0 0
v -71.646768775419758 -18.837354086831738 -179.81419137798653 0 0 0
v -72.769579470200512 -23.89528490498742 -168.04284592668591 0 0 0
v -72.762438454781346 -10.89247367001542 -173.95777814934016 0 0 0
v -72.518231985881158 -18.464089397190264 -175.66360432249962 0 0 0
v -72.106362202124245 -12.481461571407806 -173.40696960126138 0 0 0
v -72.779497971150292 -14.782785656766237 -170.9477820632894 0 0 0
v -72.276785589989558 -24.697055841447138 -166.14117782212395 0 0 0
v -73.55252130348768 -11.303637396479758 -165.12633924740783 0 0 0
v -73.727554395543137 -0.060490531940672554 -164.1358718327954 0 0 0
v -73.716153566386808 -21.825639001575496 -159.52469142065246 0 0 0
v -74.358390268356771 4.4413643162020264 -157.75425060170323 0 0 0
v -74.831418837190057 -10.493810044690349 -157.40858554516001 0 0 0
v -74.209948576065287 -7.4974707366436633 -159.3422333247502 0 0 0
v -76.990914370607243 -14.119177793461105 -145.37475272178656 0 0 0
v -77.391584108213692 -8.3488444129369412 -144.56486983443617 0 0 0
v -76.836075024555086 -9.9530195215335198 -147.41992733073315 0 0 0
v -68.021215946840968 -43.539281260261404 -180.1623844362924 0 0 0
v -66.182728324672382 -49.911355414859592 -175.38577968215384 0 0 0
v -65.707720774318318 -44.148977596438201 -202.64303151597224 0 0 0
v -65.776656423126724 -31.67296953455336 -235.68692009999862 0 0 0
v -66.701913133576923 -40.330742240452068 -202.23145613852168 0 0 0
v -66.982934125159971 -32.999514049702199 -216.56926820096106 0 0 0
v -67.635944087775826 -41.452871273544076 -189.25541006874414 0 0 0
v -68.640232064359608 -31.953945459115062 -198.31986283792139 0 0 0
v -68.149044546043086 -38.334226184222274 -191.92046495227078 0 0 0
v -68.848685900487567 -28.968813247949356 -198.50269416473552 0 0 0
v -69.208452240257614 -36.860141958999861 -184.92464596127564 0 0 0
v -68.660757892497116 -37.610944538266352 -187.00795899863306 0 0 0
v -67.745823039947638 -33.56588628020026 -197.36575148765095 0 0 0
v -67.359662695166435 -28.33207271691299 -210.52133845111948 0 0 0
v -68.154995796081081 -28.854187049387349 -198.68800632428292 0 0 0
v -68.639025263834128 -26.861657403034371 -200.07290869441664 0 0 0
v -68.238726387041638 -15.195605257055433 -212.93257849831804 0 0 0
v -69.702863100753873 -13.23578751311851 -202.86661582056709 0 0 0
v -70.32025280395311 -18.157461077129511 -188.07490683986032 0 0 0
v -70.770228748322651 -24.49102187664613 -180.32982464940858 0 0 0
v -70.223196951356087 -29.677226632763677 -177.95325716064383 0 0 0
v -69.008673862197682 -4.2061742172497247 -216.06295338848585 0 0 0
v -68.647535626625256 -7.4517622698195964 -217.31886338917889 0 0 0
v -69.079841108393467 -17.331348413992401 -211.90468491932495 0 0 0
v -70.388062079928432 -1.1020512438116725 -200.93916131046177 0 0 0
v -69.653509709680037 0.29570701722275317 -203.8876115824622 0 0 0
v -48.299109288301324 -65.026152703911634 -155.0430803403907 0 0 0
v -42.054316826622298 -65.237545283612278 -215.80104761980922 0 0 0
v -45.536414509516689 -64.67146472873624 -193.20765586747311 0 0 0
v -43.965146725067314 -66.929229036539283 -156.21299429719812 0 0 0
v -42.821107699712208 -66.465830971455105 -180.00884949181395 0 0 0
v -42.56092194702461 -66.972325628230038 -172.03487743662171 0 0 0
v -45.203411167269792 -66.454122739736277 -155.33750933326905 0 0 0
v -46.371539577306237 -66.373807905825274 -156.23460999596486 0 0 0
v -33.686974767909632 -67.909547645010335 -208.09883674233632 0 0 0
v -37.554977654365622 -67.582865911548438 -178.81917024733673 0 0 0
v -35.149239631784106 -67.530569909889749 -203.59250473412681 0 0 0
v -37.269016143385826 -66.840199004279029 -178.36594076688132 0 0 0
v -34.97994782991556 -67.451508428818698 -191.76148363747919 0 0 0
v -32.783111451709239 -67.912920365128613 -160.35449521820192 0 0 0
v -27.126011572899301 -68.384530654877452 -195.75996887103531 0 0 0
v -26.07970365112465 -68.279745452120153 -212.1011959830806 0 0 0
v -24.696108850842023 -68.819707873513863 -163.10629979146995 0 0 0
v -19.030771699688117 -68.957870647802423 -201.24056955237361 0 0 0
v -30.817919592998962 -68.383806368385166 -161.77687575816418 0 0 0
v -22.73018424862471 -69.526379430488632 -163.48521279496288 0 0 0
v -21.339926398931368 -69.451524083536881 -178.88777246388563 0 0 0
v -10.119274323985245 -70.861384885341607 -167.50389807941608 0 0 0
v -11.202165710618633 -70.753517274952856 -168.64311438460123 0 0 0
v -8.382653827717661 -71.078016514890692 -169.44071037344068 0 0 0
v -10.528332564591381 -70.683492685460621 -167.66163543575325 0 0 0
v -6.9722770982890552 -70.694194680156428 -169.13085833622807 0 0 0
v -7.8206866736891563 -70.490195313572457 -172.73276961829237 0 0 0
v -6.4195287638467917 -70.882846346286428 -194.71744770301217 0 0 0
v -1.1054217018512418 -70.698057241045319 -214.03756452631958 0 0 0
v -2.7972871687817431 -71.061255131522927 -199.49097755122321 0 0 0
v -66.174346663752118 8.6792586300725816 -240.6119482324452 0 0 0
v -66.145955433522104 17.266634520522047 -228.9097042301988 0 0 0
v -66.75158810023018 5.154910588413685 -242.05842564421161 0 0 0
v -65.289567533993306 11.868399414931901 -255.34937778371477 0 0 0
v -65.791544253158122 23.060802951864915 -228.41711959571984 0 0 0
v -65.764707658584769 10.349452009552721 -253.61636663376473 0 0 0
v -66.684557904251946 16.965183392719439 -232.02219788622162 0 0 0
v -66.489419999736228 15.083600541902143 -243.23395661439017 0 0 0
v -66.681148359428946 2.90016727599712 -247.49337329879714 0 0 0
v -67.158500077564483 14.084771500092501 -232.86835948847443 0 0 0
v -65.741603993012646 11.457349044215164 -245.9452807095102 0 0 0
v -64.671694941933453 18.584408811289222 -269.82151494660792 0 0 0
v -65.083938288986275 16.69720148025219 -267.15824252851957 0 0 0
v -64.270427618357516 27.511698475134018 -253.37363713040389 0 0 0
v -65.065608173113006 29.756969427582035 -229.77042982905542 0 0 0
v -64.656287530113516 28.433894723260153 -239.46569453804162 0 0 0
v -65.701628744417064 33.264901146389661 -208.91355094487176 0 0 0
v -65.660914836728494 17.506536656951241 -246.87526960394592 0 0 0
v -66.197136646994991 17.785442533208297 -242.98600048273849 0 0 0
v -66.284153908898844 28.283795860233184 -216.74433984541125 0 0 0
v -56.792114244781487 16.396508435999522 -284.42157251000356 0 0 0
v -61.982262776897471 14.19778507688261 -283.72414711538721 0 0 0
v -62.913118446706676 3.2051349237526665 -282.32581689695951 0 0 0
v -62.214972942086661 30.528064799214462 -286.74445701402743 0 0 0
v -57.856372892679587 19.362781916708911 -290.69668916434421 0 0 0
v -64.771278740504727 14.079266949276644 -284.02114338522142 0 0 0
v -55.970698153908188 31.072750433855674 -287.67705013591234 0 0 0
v -60.176592227700041 33.410276134288551 -286.2848168730597 0 0 0
v -62.064737372286459 22.810970936603553 -284.70180140681384 0 0 0
v -54.925282163731026 29.587911065423896 -287.69168254913058 0 0 0
v -61.765563296886256 32.815715061351639 -286.40043247079535 0 0 0
v -58.586011900701692 40.92588488555873 -290.17226745187986 0 0 0
v -58.054037798669583 35.57851849933752 -287.60099324705504 0 0 0
v -58.604948441821591 40.964637839106047 -289.21864462468312 0 0 0
v -61.911428150648376 37.376490706567125 -247.02639457866243 0 0 0
v -61.010965708514945 32.761387679170781 -284.34507704799262 0 0 0
v -58.655655726857987 38.727012079652781 -286.84994993365342 0 0 0
v -60.412013767462049 38.005881253997991 -252.68480319693225 0 0 0
v -58.649397905209149 41.992410025290603 -251.91065882639558 0 0 0
v -58.577110399747241 44.867672513898341 -224.86316458116849 0 0 0
v -50.718294241631497 27.095885353174936 -287.8530941043781 0 0 0
v -49.773175270466822 31.30667983051012 -288.55468424555238 0 0 0
v -47.722677020857759 52.479262584542035 -296.01606003806313 0 0 0
v -47.727733301356466 51.454561762020717 -297.35638858867281 0 0 0
v -51.665495126086057 49.79692008312162 -295.22909552529302 0 0 0
v -49.855832237420074 50.660936492544408 -278.24952498423363 0 0 0
v -54.55793169859767 46.107130629072863 -277.78355435872442 0 0 0
v -51.906452232896783 48.199107858704608 -291.72320980813987 0 0 0
v -20.633084764173873 56.555474091927522 -298.31215891801764 0 0 0
v -37.042013090534965 49.941447181932631 -296.3233947757322 0 0 0
v -35.344343949488348 54.542924748048222 -298.24641289417139 0 0 0
v -42.679048563364518 52.43198317038707 -296.86680674978754 0 0 0
v -48.845400732234907 44.136406707496917 -292.19114675809186 0 0 0
v -43.244047430964585 53.772519460693069 -295.0209906469417 0 0 0
v -47.293217863930181 51.709869965250959 -293.99327299461009 0 0 0
v -42.482760725866683 35.065609766944846 -299.25835082674234 0 0 0
v -35.635881157075346 55.555686591029911 -300.77833724182977 0 0 0
v -32.20784072875977 47.08542175292969 -300.99665527343751 0 0 0
v -34.140728473719236 57.234278140760594 -300.14357501367522 0 0 0
v -28.054294883594295 58.15163705711997 -299.8575175604492 0 0 0
v -25.302010099637883 58.44362982431241 -300.69815710409955 0 0 0
v -30.372798485170811 57.449809571445556 -289.54202400889483 0 0 0
v -38.466285320628231 56.457987333928557 -265.21240541907247 0 0 0
v -36.03459101962008 55.948657354102394 -296.71189046123953 0 0 0
v -43.930929621806911 56.992725326251943 -221.45832703018667 0 0 0
v -35.171508250240763 57.547428645292463 -280.09150030762851 0 0 0
v -33.85058005374291 57.122431196147971 -272.15699570713417 0 0 0
v -32.814525529012897 57.629456587286697 -269.00248323019133 0 0 0
v -24.158438826678321 47.894544043607311 -300.87678186285751 0 0 0
v -26.209385299686403 40.929504984873347 -300.98715746336518 0 0 0
v -16.858913676294151 58.136313175359305 -299.78936416927451 0 0 0
v -25.478209568390412 56.69675966200748 -301.11956894567874 0 0 0
v -19.480946277632647 58.095134644711749 -296.30059839264106 0 0 0
v -18.10573576176472 58.619429480307772 -294.61644770618523 0 0 0
v -24.262357674694087 58.13192064062477 -282.99831016406682 0 0 0
v -9.5850098926856617 58.140480394922321 -298.03139838964501 0 0 0
v -10.162165625510852 40.971619456623216 -298.10027128895763 0 0 0
v -2.0400036023997927 57.513211453751296 -294.09370032471827 0 0 0
v -4.5436477666223709 57.735516297500709 -294.07015012355794 0 0 0
v -13.658725936221799 47.512981369789941 -291.83577973550632 0 0 0
v -12.352953958345736 61.541408917962904 -239.3405561623311 0 0 0
v -0.67539877443277874 61.578077852452267 -250.90351841908824 0 0 0
v -12.503544660733326 61.235780010645627 -248.64626551857376 0 0 0
v -15.198301716520049 60.734614040159599 -247.72900514424217 0 0 0
v -2.1993362584721581 38.17206723430354 -294.3691969664369 0 0 0
v -1.491989927875693 57.911581640135047 -295.19360221772087 0 0 0
v -2.7841921762665152 39.417514059229291 -295.72288397978343 0 0 0
v -0.026343098771917539 60.018737051446742 -294.37341108705908 0 0 0
v -10.367987008568086 60.475410781309812 -257.2963093359312 0 0 0
v -7.1014287776582989 60.304453339517679 -264.01164669008159 0 0 0
v 0.4901857304237609 60.871409317729487 -256.86152713370359 0 0 0
v 5.3250198334478682 61.230820169523284 -272.41090063276357 0 0 0
v 0.62774158307638572 60.49348398958368 -274.82611726078221 0 0 0
v -7.016246374852102 61.063503491203889 -264.51994061480838 0 0 0
v -1.2617086478971657 61.571826923114664 -259.17457162097088 0 0 0
v 8.3853799649450593 60.516641747602911 -277.89374419118047 0 0 0
v 8.8650755703376944 62.120570443438844 -255.91889309979825 0 0 0
v 13.308311645358572 61.568031774770027 -259.94912752193778 0 0 0
v 12.841898730881894 62.677633660748768 -234.37304744652985 0 0 0
v 1.8971988262921968 62.106144616019719 -227.31141963795514 0 0 0
v 11.29619411490529 62.059995640746571 -236.33107960632336 0 0 0
v -74.768109657422528 -11.042882068221552 -159.82379565306468 0 0 0
v -74.619547598353378 9.1673410160821049 -159.31316576732962 0 0 0
v -74.339171789508924 -6.8784107685457201 -165.12545276664295 0 0 0
v -74.252776072499117 8.3397320533879906 -162.70356897817004 0 0 0
v -73.654129071071182 1.5454567345387886 -166.76434024036885 0 0 0
v -76.180936917173057 17.422378286618624 -145.50071381619148 0 0 0
v -75.723529820018797 5.7177975026935428 -152.60830476444613 0 0 0
v -76.357128827956828 1.2066389698004514 -151.43236219957299 0 0 0
v -76.659578455868768 6.9661578686401526 -146.72394015058342 0 0 0
v -77.181599823672613 6.3380117100073221 -144.83643033451119 0 0 0
v -70.014007656908234 22.173288869888893 -184.65704382472842 0 0 0
v -69.70129644830935 10.282691267871428 -199.53156629008043 0 0 0
v -70.746521817481252 16.056559223305413 -184.27315317445451 0 0 0
v -72.884788060452834 0.97016199854579099 -173.92164586222489 0 0 0
v -73.297684950010392 10.019866061701009 -169.61819273175067 0 0 0
v -72.728960350865876 6.8377525800680701 -173.47061086240441 0 0 0
v -72.140143237561546 5.8291045843059237 -172.39769188349578 0 0 0
v -71.839916730317398 -2.2578210716971121 -177.0723394198497 0 0 0
v -71.711080388038681 1.1675209718807764 -180.86452345183872 0 0 0
v -76.117671619494971 7.813124376633505 -144.53948873242442 0 0 0
v -76.615870636508816 8.3808633442487768 -144.72978776504442 0 0 0
v -77.215292186133269 6.4606665495468292 -144.19778745082772 0 0 0
v -71.072286763266192 17.639863551761096 -181.49380855241961 0 0 0
v -75.07447612666617 23.861382073335804 -145.920184441233 0 0 0
v -73.8947573853291 15.965078003587621 -159.58321104443809 0 0 0
v -74.001795193952091 27.968809628012011 -145.05626787803664 0 0 0
v -74.420279030883037 23.243628593746461 -145.97581449485111 0 0 0
v -73.499657076448003 28.158650635863154 -145.82251402404449 0 0 0
v -69.596480319145243 34.699728253603077 -166.84500987672101 0 0 0
v -70.909756243216037 31.783976663203134 -162.22228714849547 0 0 0
v -72.751102849772991 33.158365650705662 -147.65069403148996 0 0 0
v -72.287739588270199 32.507498955954887 -146.39514848680417 0 0 0
v -72.308213271191164 33.797617032758765 -145.57916894465833 0 0 0
v -67.522593412680138 2.5191684220825437 -228.48548122724441 0 0 0
v -67.774589394855028 15.313746007425635 -213.51346062759015 0 0 0
v -70.236355231779044 16.530717612757428 -182.27763286780703 0 0 0
v -70.750615445846321 15.025817261081613 -181.01318299091898 0 0 0
v -70.77506402393395 5.7927634226513192 -188.64083238273909 0 0 0
v -65.74101245429631 28.871651311176308 -211.89970394904438 0 0 0
v -66.191097544570752 27.237066958018303 -208.28969922355054 0 0 0
v -66.558488084642008 32.958002525867393 -198.52962820644814 0 0 0
v -67.073646272276406 22.298263609115239 -218.94270873861049 0 0 0
v -68.135088789107044 38.229437651661414 -161.4599946362529 0 0 0
v -68.417099987530989 27.112922102079651 -185.8117967756184 0 0 0
v -67.750477429635126 26.706545787109292 -194.1193950058765 0 0 0
v -69.735351952423301 28.760573146410351 -170.73538794131323 0 0 0
v -70.314748671432724 27.809456202938748 -167.31105794363373 0 0 0
v -63.448875922961129 39.006697075738437 -201.12195063856916 0 0 0
v -64.910468266692902 34.317214315100877 -203.6608304541557 0 0 0
v -64.212499717018062 33.777956602696584 -214.32347136424011 0 0 0
v -69.773626945361983 31.649320661067513 -165.04375561248986 0 0 0
v -69.784439414624288 39.433613059942218 -147.24177216395276 0 0 0
v -63.541962272700147 35.040517243480032 -231.99693514661851 0 0 0
v -64.499635468523351 37.943224427017356 -205.32892579365262 0 0 0
v -61.514972157844788 40.396057252747944 -233.09861732136139 0 0 0
v -67.149386644035076 32.058829174273299 -195.47424142848749 0 0 0
v -65.342270373312331 39.542006923561395 -188.92273629972772 0 0 0
v -67.158446001930898 36.815426337900796 -181.39640656745402 0 0 0
v -62.921719034731474 44.50088986261774 -187.89210149009185 0 0 0
v -62.024318478361209 49.939273201530533 -150.64004380213669 0 0 0
v -66.122584304195584 45.619467110491314 -148.23388098181547 0 0 0
v -62.097916802228326 48.339301219002266 -160.63914886341323 0 0 0
v -57.804925378987342 51.722707144515823 -178.15727051180781 0 0 0
v -61.935588515481065 51.222583212764206 -151.15675742145197 0 0 0
v -58.71893204671985 53.517703535783326 -152.5251021947922 0 0 0
v -47.993537761323978 55.857603838378189 -189.03463505378167 0 0 0
v -50.099495719894136 53.357107286053662 -218.05197608266471 0 0 0
v -43.917583953435056 55.510318987592576 -237.86263803255991 0 0 0
v -38.027426395784971 59.131404124286696 -171.79418630601518 0 0 0
v -40.629387760005002 59.028915192501657 -157.83963929147208 0 0 0
v -39.726330158182265 58.531225429683495 -185.53996496555393 0 0 0
v -23.381956414769405 59.656408178163126 -248.0756850498552 0 0 0
v -36.398367840308993 59.59424422851194 -173.39303370774471 0 0 0
v -26.71018861235536 59.079776381371452 -239.2925343638241 0 0 0
v -28.984567177041285 60.928259418073573 -161.84482351149754 0 0 0
v -32.635487910009338 60.540810121144283 -161.48420948023713 0 0 0
v -24.880840237071666 60.552471502279232 -203.65431854317617 0 0 0
v -17.245516777430268 61.275891273439122 -207.73207262007989 0 0 0
v -20.886541469961799 61.53184912354314 -211.12652519359159 0 0 0
v -12.402928725973155 61.504672439222361 -229.05058342525101 0 0 0
v -21.099159288274727 61.089581372941822 -225.88038120396331 0 0 0
v -19.874457527670032 62.726150689462585 -165.4948631237383 0 0 0
v -17.060218901139798 63.431905977862293 -166.25819212424321 0 0 0
v -18.296616314390739 62.511003305044845 -175.88073091764898 0 0 0
v -18.841975529703404 62.835762937456785 -164.62861967124545 0 0 0
v -7.0545297575808661 62.506626347413359 -206.49688637767267 0 0 0
v -17.235592791238773 62.5907295015176 -168.24519885546479 0 0 0
v -15.223521550256109 62.181116701566474 -181.52612190786184 0 0 0
v 2.8716065274433333 62.659991333127003 -224.32822961491729 0 0 0
v 1.7754266394756542 63.884734650108243 -198.54639397192972 0 0 0
v 10.695989907181627 64.021198507446556 -211.08510876186955 0 0 0
v 5.7987280572300222 63.544217689319495 -208.81352000685825 0 0 0
v 7.6221208779125078 65.119656754098855 -176.79726873498214 0 0 0
v 4.0898937790147158 64.495740306352488 -175.34449289467292 0 0 0
v 5.0905499475348606 64.829108683266043 -173.946886196962 0 0 0
v 10.778577948961242 65.241744714157264 -174.69991037729685 0 0 0
v 10.577949070877025 65.337050045718854 -175.88902083852639 0 0 0
v 13.289501079755837 -67.302284634238902 -288.91887446455104 0 0 0
v 14.800302671107715 -68.211963997263211 -288.42120394192017 0 0 0
v 12.238204045149473 -68.15129917712602 -289.44973118370308 0 0 0
v 27.998534845633685 -68.486993357115466 -279.25480384330962 0 0 0
v 36.079584477731231 -68.439214843857314 -251.14564201767357 0 0 0
v 34.690175633260239 -68.142140266752236 -264.38812207177364 0 0 0
v 28.848398373614501 -68.788700222546282 -247.89716808798917 0 0 0
v 25.28188425131394 -69.031190852898888 -252.86043437027689 0 0 0
v 25.8809928112329 -69.508478930883484 -248.71288407104035 0 0 0
v 28.547007875000276 -69.336359391602414 -241.88617292591476 0 0 0
v 28.612747670588689 -68.484925697961842 -264.05167132558256 0 0 0
v 33.81154059611918 -69.326962568407126 -251.16562427274047 0 0 0
v 37.942813891366285 -69.209337263687431 -235.37197779676382 0 0 0
v 31.639030036717777 -69.353283088829116 -237.77645453741567 0 0 0
v 32.266559434115919 -69.987875648358056 -218.47066709009835 0 0 0
v 28.630349376779215 -69.947124489230333 -242.49300379311839 0 0 0
v 38.11573621834615 -68.430767518029938 -222.24633561411693 0 0 0
v 40.760126417278606 -68.286278944365492 -220.01640860065896 0 0 0
v 46.695126670891881 -66.909989849968454 -238.45245581475035 0 0 0
v 47.719816677144095 -66.384034754106878 -269.87242606714892 0 0 0
v 42.554754976644766 -66.955212632452572 -270.3967370597631 0 0 0
v 47.904737282454121 -67.41962324204485 -232.43279205697127 0 0 0
v 43.401427197801084 -67.611272942252 -274.57744627158883 0 0 0
v 46.039361667821296 -67.29409425787496 -264.68026023755493 0 0 0
v 60.537305292390968 -64.616031666094244 -243.07927855788381 0 0 0
v 62.943639018595377 -63.683835215582207 -265.7761863126255 0 0 0
v 67.235528203199181 -61.925619904850222 -262.64716839426927 0 0 0
v 66.451851091616959 -60.158221461381913 -264.42042510399938 0 0 0
v 72.694711006280613 -56.594791499530743 -261.55725341193767 0 0 0
v 62.392641644713706 29.647673715371639 -266.12841955213855 0 0 0
v 74.038369640740513 -58.266168478378191 -257.14424678436569 0 0 0
v 71.220020200580464 -60.098409073789973 -235.12196383150035 0 0 0
v 70.708007013353722 -60.351348785040784 -262.25761273809519 0 0 0
v 68.336999713862724 -61.955868805181417 -210.95564323262687 0 0 0
v 81.315716073685849 -51.4364909756099 -258.51666708872608 0 0 0
v 79.126121285132285 -52.474060326088193 -259.71527210432424 0 0 0
v 84.303722706221038 -44.986727780881438 -257.31298920984102 0 0 0
v 82.117192622968403 -48.959021991445169 -237.93399324798662 0 0 0
v 85.276241462797174 -43.640827045867837 -235.96401872628203 0 0 0
v 83.457537229013269 -45.616093436206981 -255.31362289062201 0 0 0
v 88.438972338637882 -36.694552008851979 -232.76809586558124 0 0 0
v 88.639667840652464 -29.848239951332104 -253.00056006147062 0 0 0
v 85.931355511181749 -39.653995090506498 -254.07190318588664 0 0 0
v 87.568305108831737 -34.895578213093813 -255.87369830615626 0 0 0
v 89.308113454496606 -29.536754860103883 -255.09693691898582 0 0 0
v 87.919234556463778 -35.838514302208935 -254.87501777084702 0 0 0
v 92.153176349974387 -22.016873533853101 -229.54282352385482 0 0 0
v 91.361681353390765 -27.24781825471014 -228.71196684210753 0 0 0
v 92.181871383951787 -30.39839833813204 -214.15471597414543 0 0 0
v 91.793572307046432 -24.276290559581895 -236.91006432330229 0 0 0
v 92.254242419911961 -30.746420605823971 -220.56242903950763 0 0 0
v 91.239325861509897 -35.386956859685029 -217.81164727557069 0 0 0
v 90.435139826813042 -12.168809224334836 -254.65035509492262 0 0 0
v 90.498485249633234 -20.766381624766439 -253.80795676517982 0 0 0
v 89.904300137403567 -26.70038110909141 -253.82993926403944 0 0 0
v 91.334502591563975 -10.332778907438524 -247.21144130569715 0 0 0
v 90.877763028349904 -15.125584034995313 -246.21707071475015 0 0 0
v 91.35718074930368 -19.824233489428167 -239.89728793246772 0 0 0
v 94.231204484748147 -9.7075162636064967 -227.13638353209367 0 0 0
v 94.275497120614517 -22.358005663901878 -216.80756483767792 0 0 0
v 93.657858875900359 -21.84553125268755 -222.86417637966528 0 0 0
v 93.696715063249201 -11.991090068601011 -230.14302306072014 0 0 0
v 91.019487596345243 6.2816903860912134 -254.2468227966086 0 0 0
v 91.301528808771238 -15.2391399400571 -253.43390897810477 0 0 0
v 92.257373849309644 -1.0645429362643242 -244.14601003057592 0 0 0
v 92.191015129799027 6.4535889427965003 -239.67455120841493 0 0 0
v 92.252754808628737 -15.769649573472662 -239.85550153716531 0 0 0
v 17.544288748790422 -70.506262137543317 -209.57061565660609 0 0 0
v -4.6699285240021098 -70.484534180241809 -197.50061812295004 0 0 0
v 20.637208516755969 -70.28638470432152 -201.0183045245322 0 0 0
v 19.167782141203944 -70.476829916706748 -179.25366227984134 0 0 0
v 16.442874577699286 -70.78541912497559 -176.66017944353146 0 0 0
v 18.60210172390498 -71.027742465117512 -178.49507881017971 0 0 0
v 20.194795529707704 -70.20114065969652 -178.84980509658419 0 0 0
v 40.76958815326185 -68.891423014523298 -185.45776791579951 0 0 0
v 33.959408075961932 -69.436856083925562 -183.47914380796763 0 0 0
v 37.552053313813559 -69.35820267529175 -186.11253534349984 0 0 0
v 51.116282564003754 -67.085099220204697 -226.68846126373248 0 0 0
v 53.131138215201361 -66.514254958331549 -213.83571401027643 0 0 0
v 47.619422887940345 -67.611166474360076 -221.46191606118262 0 0 0
v 51.015246691368326 -66.413877520928921 -227.72663911061542 0 0 0
v 50.89438825012104 -66.433114627276296 -189.23310898154443 0 0 0
v 47.511405261109971 -66.979472608327271 -189.06215225946224 0 0 0
v 47.121063844405853 -67.618985091988918 -187.68039896946581 0 0 0
v 54.023354405983355 -66.054387068447113 -190.08727049850052 0 0 0
v 50.872770350561382 -67.147177918862624 -188.80711101929504 0 0 0
v 57.275830236624017 -65.032892453109994 -192.01192199495972 0 0 0
v 60.338663365190314 -64.089566399110723 -193.6904974725779 0 0 0
v 57.97783846418654 -64.499037921559903 -233.45016757027051 0 0 0
v 63.47697220481939 -64.060730084428883 -193.9209826459377 0 0 0
v 58.473206622823518 -65.350880165880227 -216.53184073291865 0 0 0
v 59.407169703034384 -64.653914979495994 -191.86534222080286 0 0 0
v 81.432462638614737 -53.72877731913043 -200.37722029152184 0 0 0
v 80.580831215479151 -54.20049553224635 -199.14851803439007 0 0 0
v 77.970220917707337 -56.717081482330315 -198.54967605962457 0 0 0
v 81.926159904269952 -50.773297110508693 -215.12350626529232 0 0 0
v 76.624796457367651 -55.55561758935724 -221.52565910907285 0 0 0
v 81.598729855481906 -52.267863442521389 -200.41487552754137 0 0 0
v 76.856107745170618 -57.353228986522012 -197.48075523378023 0 0 0
v 70.251529448240717 -60.841160495703377 -195.68162938961893 0 0 0
v 71.568261690748159 -60.765115708278927 -196.8959343842657 0 0 0
v 90.435057609182749 -38.8751760493804 -203.18765405413262 0 0 0
v 92.439001408306382 -33.827498623264809 -203.78543767442886 0 0 0
v 90.68171485925609 -40.278950018422393 -202.64288598439191 0 0 0
v 92.47999020277021 -36.43958957280762 -203.81405271068425 0 0 0
v 93.695999643313854 -30.045963861774069 -203.472802318812 0 0 0
v 94.02515706145067 -28.393966704367585 -204.43792356315356 0 0 0
v 93.757377357880685 -24.335847505392366 -212.32775463206912 0 0 0
v 94.33563777373223 -12.912582801465732 -220.57001618686616 0 0 0
v 93.699542075789324 -14.920656557719212 -221.33577269828561 0 0 0
v 93.359708862109798 -29.671990683583033 -213.20818665272597 0 0 0
v 95.975524797655666 -20.59477256221524 -203.7982428257657 0 0 0
v 95.442945512104473 -19.513603249927797 -205.53615426320192 0 0 0
v 94.830247184844012 -23.590825173229177 -204.99796896058888 0 0 0
v 94.759886332171661 -28.199684916431181 -205.32639480947302 0 0 0
v 95.3225711139265 -16.930489244175931 -213.58816656227913 0 0 0
v 96.236745326813377 -19.869442479268763 -205.01992448297449 0 0 0
v 95.084154280444494 -18.784341697163541 -209.62639642675273 0 0 0
v 95.752186817677256 -15.160298443889658 -205.55027648566198 0 0 0
v 96.530884783483856 1.9311003956703132 -205.09211762726576 0 0 0
v 95.734877975435865 2.4375684295716553 -207.11145598392963 0 0 0
v 95.848869580596912 -8.0245399673432445 -207.47730764491175 0 0 0
v 6.5797640859686908 -68.255118775759797 -291.83334416449264 0 0 0
v 7.3380074369657677 59.33740065420951 -291.58214677173152 0 0 0
v 12.513619374096379 59.430505369659066 -289.31232874967969 0 0 0
v 18.093528996748432 60.496589901221363 -286.48167608611857 0 0 0
v 17.819086080536977 58.876569565112092 -287.10455471976621 0 0 0
v 13.73739356994629 60.72557373046876 -266.72477416992189 0 0 0
v 3.9687330527235645 60.552416310546967 -274.24355465992852 0 0 0
v 17.753833312579218 60.654051330577836 -273.93659705918168 0 0 0
v 15.859757487907714 61.552322173779864 -267.52785550631455 0 0 0
v 15.700387884991983 60.975793229965269 -275.56800214553874 0 0 0
v 20.054015260583128 59.373278109903637 -285.99549714739601 0 0 0
v 17.285811461242844 60.509363302098457 -277.16504086850262 0 0 0
v 27.029289770683533 60.502982164217102 -272.3984725947106 0 0 0
v 27.051382121235378 61.288574399493534 -267.66041045201604 0 0 0
v 25.243676815303502 61.645659757843433 -253.95643213961156 0 0 0
v 9.815573344797258 61.723236366214067 -255.47112589134801 0 0 0
v 22.051852416992187 60.935321044921871 -258.97086791992189 0 0 0
v 25.886971709216198 61.242333254719668 -254.18431706789968 0 0 0
v 32.147563123632352 61.103858670662603 -251.38285246215156 0 0 0
v 26.803887061970499 61.892606719287677 -254.28268182134261 0 0 0
v 42.784871452549226 61.984332233354316 -238.86052486248323 0 0 0
v 26.845175280821223 61.552964563044377 -256.89548588115213 0 0 0
v 38.606028093859123 61.585698037077918 -241.57087201378036 0 0 0
v 47.972437083517178 59.250886793437978 -257.8116606829318 0 0 0
v 34.772211219243331 59.630877068504702 -275.82896853957141 0 0 0
v 38.461154121998277 58.890860787387275 -275.31505394297506 0 0 0
v 36.893410072227425 58.051129120780267 -278.58491822588775 0 0 0
v 34.298893693128548 59.963404865417886 -279.03203189027914 0 0 0
v 42.506326523283406 58.840124047618403 -276.13634187912464 0 0 0
v 29.862683343641379 60.609219371360886 -265.71956179088443 0 0 0
v 35.334209098386026 60.23034210618939 -262.14603387347609 0 0 0
v 30.411158752441409 60.774844360351565 -259.15922241210939 0 0 0
v 41.221531948623749 61.173203352597334 -253.73372376228602 0 0 0
v 29.136887893829993 60.766213479412002 -269.25809107141396 0 0 0
v 35.331291878510854 62.577037993305836 -227.46794324634234 0 0 0
v 22.729725560420093 62.639231232473662 -236.23211437480344 0 0 0
v 31.098844471943551 62.091652368300643 -233.53836532493216 0 0 0
v 47.401281859084747 58.49530158928507 -270.17325501825621 0 0 0
v 47.227823301556782 57.867221381126001 -272.61504349790147 0 0 0
v 46.0016174904639 60.924666587858361 -236.79920782091446 0 0 0
v 40.234647294723743 60.569386563119615 -254.2268542586761 0 0 0
v 48.53280167008262 61.160919283153333 -228.2301349280167 0 0 0
v 52.037316663874151 60.324861773889353 -235.16246804355356 0 0 0
v 44.550480580354531 60.10039721691281 -250.03451333455328 0 0 0
v 66.045879814301657 -61.86061772794875 -265.59194149911485 0 0 0
v 42.103784408336423 -67.092264010237585 -276.31295277623832 0 0 0
v 66.091065518931373 54.819173700245813 -265.54211711606723 0 0 0
v 59.292126112865787 57.266863165566654 -256.96781223989484 0 0 0
v 54.326821087818701 57.606091757380305 -265.7352220995719 0 0 0
v 60.763849097084631 56.240461722225902 -265.13063522113265 0 0 0
v 68.292499192936816 54.694515612913847 -263.67351355663311 0 0 0
v 65.243213780254209 56.80235955835559 -253.36437880021674 0 0 0
v 68.728541653813693 57.450942942895992 -234.25632124502195 0 0 0
v 72.720455609528045 54.138887865384348 -238.92142654843747 0 0 0
v 75.773868329351458 52.773187613578031 -235.0403544401199 0 0 0
v 70.590536881573371 56.352857146703762 -229.32036519183166 0 0 0
v 78.646106523690491 47.409325198709666 -259.8679948018767 0 0 0
v 78.683858109141738 48.646332692414603 -259.62800022874211 0 0 0
v 83.172068063306256 42.94448865453387 -257.65196676749611 0 0 0
v 87.173610284765573 32.292952383683769 -256.04975287940556 0 0 0
v 77.466181170226577 49.576350669726267 -248.99121802512946 0 0 0
v 78.357234081733168 47.631136815365153 -257.4163689309089 0 0 0
v 81.357377258732853 43.927727452480212 -256.20786434117423 0 0 0
v 73.895122621211456 51.375070599527781 -257.77161213563113 0 0 0
v 84.806367119372794 32.368918637698698 -256.18503371882133 0 0 0
v 80.28160367739838 41.961031657801186 -258.12845122604773 0 0 0
v 83.360479633313275 -43.812578046370845 -256.83558416577017 0 0 0
v 88.109872284465268 26.297316441637122 -255.6018694912573 0 0 0
v 88.227366824625207 28.308210139042259 -254.92392502774607 0 0 0
v 88.629975823644841 26.068642148151156 -254.68814608240982 0 0 0
v 84.479036204057635 40.507238128251927 -256.23614547001307 0 0 0
v 87.089774850066107 32.988470411703858 -255.30990913756895 0 0 0
v 88.600177113626472 37.272691547412876 -219.80839645940847 0 0 0
v 86.400225353163194 38.835097684914459 -232.63042664520282 0 0 0
v 86.831014747427815 30.920136541007551 -254.00975910056653 0 0 0
v 87.826782133599252 41.118930372157379 -213.99380082891579 0 0 0
v 84.545814165018783 42.771777630652039 -233.33413839024277 0 0 0
v 93.410128433007856 12.728996743685286 -225.88864119973431 0 0 0
v 94.193628779713592 8.6392387387452345 -224.45617039208562 0 0 0
v 93.639525451832483 1.4355275106063345 -230.50342629066139 0 0 0
v 13.320252980064879 64.287837448314093 -186.12468101790353 0 0 0
v 16.938255717484907 64.641176094422846 -187.43536547160744 0 0 0
v 8.4303553639001763 64.665480574235318 -176.07155846057611 0 0 0
v 19.446837267683833 63.769202021983212 -215.96980231581435 0 0 0
v 18.743498072641842 63.4881318352978 -217.57961388436686 0 0 0
v 28.694665744380018 64.050971211188184 -215.31676919407266 0 0 0
v 27.729850135766469 63.490971079966393 -217.30106473307674 0 0 0
v 22.620211510189847 64.822328194120203 -178.4196209145216 0 0 0
v 10.837332161656263 64.703470180536371 -175.56245399206972 0 0 0
v 27.020216315119342 64.700510424984486 -181.93386371728621 0 0 0
v 30.755133382612378 65.270704033951063 -181.61407283457567 0 0 0
v 33.15413190826132 65.136879373037885 -182.21220547747026 0 0 0
v 31.792159271240234 65.283557128906253 -184.40260009765623 0 0 0
v 37.765591314362325 65.220031362487632 -184.64968281338901 0 0 0
v 31.318675654061394 64.829810843989833 -182.35429545459485 0 0 0
v 30.045190146257482 64.639111310662557 -189.34659158878642 0 0 0
v 37.647020100372799 64.71937326695901 -184.5118960093551 0 0 0
v 55.763709318702212 60.663085475988829 -222.69923702432519 0 0 0
v 59.735227087338529 60.218784435033697 -220.17290143324917 0 0 0
v 53.503226434997572 61.638179949498202 -216.55855927122661 0 0 0
v 59.047660900041308 62.59552205615995 -191.96944880470679 0 0 0
v 47.66242582232789 62.60761385794919 -210.530469096953 0 0 0
v 42.939752696388382 62.121865597862076 -221.39978250264147 0 0 0
v 41.205762854582161 63.587629051935728 -206.88995951796309 0 0 0
v 52.981162826123622 63.545049143960867 -190.22221160481496 0 0 0
v 56.838825003985704 63.475918847204447 -191.74465450026293 0 0 0
v 51.02197367810993 63.725451654328651 -188.74576099546749 0 0 0
v 53.731977874752033 62.768188909937059 -191.84749063032888 0 0 0
v 59.104303739356467 63.044996107841818 -194.34088317450153 0 0 0
v 58.501351049604864 63.215291456163456 -191.18413929673918 0 0 0
v 70.785119138168838 59.667572212362415 -197.16818097538658 0 0 0
v 65.800571359065557 59.139758656373431 -217.97520990331626 0 0 0
v 76.626876061518885 57.002433710404063 -198.56026832714392 0 0 0
v 79.202441756531854 50.922226862115707 -227.88189796581426 0 0 0
v 83.434393347573902 46.80021543316316 -223.46937303486962 0 0 0
v 83.325637297996593 51.405333499819847 -200.61579663660555 0 0 0
v 79.144647525951768 56.410125827953159 -199.94782000624343 0 0 0
v 78.727774535777399 53.7913204514307 -219.85002215406465 0 0 0
v 74.000401600162846 58.74043915383637 -203.13006688842734 0 0 0
v 72.400185441405029 59.909944771214725 -196.05195766701303 0 0 0
v 87.93903782318921 44.345189731503069 -202.34992556186472 0 0 0
v 90.687243781818808 37.411191886541758 -203.69803520962353 0 0 0
v 84.8163745924262 50.370042226329588 -200.17327392525405 0 0 0
v 85.654415585895833 48.204152884319839 -201.88555211358215 0 0 0
v 95.329431479241009 8.3182260757910171 -210.18226184688348 0 0 0
v 94.878744661361466 4.9604988278863971 -213.54046285304767 0 0 0
v 95.223262920731983 -8.9437703977122283 -213.91603245015929 0 0 0
v 96.212744029244888 14.408478410950465 -205.19433720314697 0 0 0
v 95.711128002913014 4.2162477919580397 -213.90666096518009 0 0 0
v 95.673172170756885 14.033121047402915 -208.51881513104792 0 0 0
v 93.128545735069181 23.857262265202905 -211.50881608765604 0 0 0
v 93.485590832369354 10.860565962737155 -221.77771384472868 0 0 0
v 94.263313352287341 10.328155238467048 -217.37366606392413 0 0 0
v 92.889503933322629 29.882871735720755 -203.54009176888309 0 0 0
v 93.984251914785105 24.279902901900044 -204.95384392517033 0 0 0
v 92.134682111142865 33.03805735592492 -203.90596362374168 0 0 0
v 91.201996828868275 32.185032483624511 -212.19493100725865 0 0 0
v 92.061999206669498 22.815472924308978 -221.96451158938129 0 0 0
v 91.12948474187985 37.924412736120985 -202.66669137137657 0 0 0
v -63.220244498011787 -43.16933924654753 -243.81580667861189 0 0 0
v -63.276680518272286 -38.546664695540038 -247.63221879020639 0 0 0
v -62.945755280368459 -45.313788912164085 -222.47960928221957 0 0 0
v -61.745626587979473 -42.576777956738852 -287.12072245946382 0 0 0
v -64.245820017188791 -35.628559746683152 -257.19423710908222 0 0 0
v -63.646624075529715 -34.642314362381583 -266.27226063782632 0 0 0
v -63.695243611772213 -37.742025719314043 -258.8050978553963 0 0 0
v -62.166448355464247 -45.162375215882058 -234.25887268735784 0 0 0
v -62.703945139956708 -36.627195462667075 -272.78628196990582 0 0 0
v -63.682879775981363 -34.869603398576999 -256.58554403388058 0 0 0
v -64.812189453545017 -25.206627086670338 -265.84056276258775 0 0 0
v -64.732449787376439 -33.81350180481185 -238.58789889152308 0 0 0
v -64.770558255281941 -43.060798620194689 -208.00914710722165 0 0 0
v -64.150742834910972 -29.310838062671699 -283.90696707760213 0 0 0
v -64.914985926104265 -25.622399612080699 -283.88698897115728 0 0 0
v -63.653131907314155 -30.925361112911929 -282.55292572957813 0 0 0
v -62.466049151777014 -35.831519624782231 -283.12718553221504 0 0 0
v -62.992940479000779 -31.058324644310026 -281.74146047522692 0 0 0
v -63.451182858559044 -29.716875457645855 -281.22213400725258 0 0 0
v -62.946927486348443 -29.731799110501925 -283.8858481752946 0 0 0
v -63.669968319314378 -27.103478910203542 -282.41557218120192 0 0 0
v -65.699611833292948 -34.370053543802427 -232.67701312082087 0 0 0
v -65.635978593644325 -19.665632887277951 -258.4203648476539 0 0 0
v -65.34314268692556 -17.317421446108892 -282.24025646791091 0 0 0
v -65.287386807187957 -22.990830578129149 -271.92393495915906 0 0 0
v -64.741038213000323 -20.333757784332249 -267.6676140943631 0 0 0
v -67.146587744206457 -14.985195741468488 -227.34561575242594 0 0 0
v -67.320511391559762 -18.38016178316073 -223.4522060236061 0 0 0
v -66.777487061827472 -21.33023953073851 -227.05429980498485 0 0 0
v -65.722473029462847 -11.70475930072169 -267.1888448102498 0 0 0
v -64.479054757882352 -18.212719024875419 -281.49939090015448 0 0 0
v -64.797346650759067 -18.06576708240857 -280.5606821885678 0 0 0
v -64.170216252727641 -19.395022736321806 -281.82027171607444 0 0 0
v -64.263309181926132 7.2205545195065497 -281.76315332272969 0 0 0
v -65.743296999611289 -1.7357938413404099 -281.79091573873171 0 0 0
v -65.61559939769937 -2.1330067136315733 -269.13142856397241 0 0 0
v -66.55317155467381 -15.928325190153586 -254.42208498339969 0 0 0
v -67.345482987099075 -20.691337908023272 -235.70086552800205 0 0 0
v -67.623237944170512 -10.433790911157644 -230.41305303117102 0 0 0
v -67.636664976520024 -21.413692422668845 -222.76657447015864 0 0 0
v -68.074116637486355 -13.845289043196033 -227.29992161959814 0 0 0
v -65.134921840050936 -10.381417840010158 -267.94460688636298 0 0 0
v -66.192447005488205 -11.924717131490524 -265.81346678578126 0 0 0
v -67.101847867825128 1.4290930570749509 -246.33938786536979 0 0 0
v -67.663334733729016 3.7704700578195798 -236.70005780883244 0 0 0
v -66.775407799280273 -23.232804314559615 -230.26750491535248 0 0 0
v -68.233084831531983 -6.2458925093655182 -229.30339528883783 0 0 0
v -67.595082632520473 -0.4559730633310437 -230.4639675358558 0 0 0
v -67.087174146689918 -3.1555885808890309 -232.0490829687518 0 0 0
v -55.633177101562879 -54.785775262858678 -289.81433149040021 0 0 0
v -58.9963242893486 -49.550572347073995 -285.79852971224028 0 0 0
v -52.998898376232717 -57.973022483238935 -293.57274030309873 0 0 0
v -56.693334838579631 -51.305537905383289 -289.21927035914882 0 0 0
v -55.195433851382518 -53.890239012474268 -289.51226214009154 0 0 0
v -51.157989833095883 -57.432126812597119 -293.3319664635743 0 0 0
v -58.405532148486742 -48.627916699895579 -286.72556808810185 0 0 0
v -58.522202068669273 -50.344927207454639 -261.6527747308607 0 0 0
v -55.846348119732191 -53.05071843639756 -281.58069033270067 0 0 0
v -55.250129969042376 -56.740823726347358 -261.57093940207329 0 0 0
v -52.583207173389781 -58.396884745380433 -281.95703681041329 0 0 0
v -52.651226679799436 -62.186161401125737 -203.0488289931113 0 0 0
v -58.50754438937323 -54.221115770062958 -220.1333182383693 0 0 0
v -55.833417449035082 -56.862001011770921 -228.42562931317065 0 0 0
v -52.913219632940525 -57.490047014324823 -265.90449197354525 0 0 0
v -58.745907311152109 -45.587633331676443 -287.65941758695971 0 0 0
v -60.623197812557351 -43.022961847574607 -285.54811209866727 0 0 0
v -61.144494303542785 -45.963146033201454 -268.93910709553558 0 0 0
v -61.845504109108639 -49.837955138617886 -211.35158137436895 0 0 0
v -60.851959176556171 -47.577599149489131 -240.56163571452123 0 0 0
v -58.516968148971216 -48.647362871446376 -290.15140771966423 0 0 0
v -60.321684530331481 -38.466298267705611 -285.88861844414578 0 0 0
v -61.727377568795951 -42.665193229473324 -258.98362533466513 0 0 0
v -49.88400476006467 -60.711505903023465 -277.67838703713517 0 0 0
v -46.747321956873094 -62.249160038660627 -296.19367611315818 0 0 0
v -51.34121449215877 -57.975932317589326 -291.69730361837469 0 0 0
v -49.401932482408839 -60.377752785564851 -265.49490668581018 0 0 0
v -46.533848463010827 -61.229761115896295 -293.95986724950041 0 0 0
v -50.83853641905209 -61.801971304042866 -234.8209282414532 0 0 0
v -44.130638775023264 -62.717392896788724 -284.88365794914654 0 0 0
v -46.919570818921102 -62.552489341639607 -275.60150969425797 0 0 0
v -48.300487789153806 -62.869368611765424 -216.36058229509209 0 0 0
v -56.083902210899083 -59.441132176276838 -206.68576487912094 0 0 0
v -48.091313376762344 -64.371684974944159 -203.04508487669486 0 0 0
v -45.673791006318538 -61.497733696637056 -295.79832045384904 0 0 0
v -49.638252150854782 32.990413636565791 -296.31599608553194 0 0 0
v -42.30203352945 -61.624443131668272 -296.98970683552562 0 0 0
v -38.968904737156663 -64.314567453043367 -296.52474929653334 0 0 0
v -35.192857801259834 -64.625421064750412 -298.58235590298733 0 0 0
v -35.945172025713873 -65.911014326455685 -299.86950399321273 0 0 0
v -42.255647043655244 -64.092241827610962 -298.48086389105055 0 0 0
v -43.639597705961187 -64.636843527370203 -254.09836020246084 0 0 0
v -42.91143292058829 -64.491808032339122 -231.69270740696592 0 0 0
v -41.296443690740603 -64.971536782599614 -232.39844655687142 0 0 0
v -44.502787840158447 -64.057649876797583 -228.75974600746827 0 0 0
v -39.932072228454217 -65.782304099569203 -253.34825992541715 0 0 0
v -40.336019870757411 -65.480194520040911 -221.11155663062365 0 0 0
v -42.47750843408943 -46.94077189246309 -299.23079596613286 0 0 0
v -34.861456362445097 -66.235586916158496 -300.61813324789267 0 0 0
v -36.029618279499417 -65.146444574609816 -296.37816781311835 0 0 0
v -33.280624331607093 -66.385219941299297 -299.58606259351512 0 0 0
v -34.601869228302888 -65.382612213049143 -297.33640794303983 0 0 0
v -31.083376206781146 -65.739234545777805 -297.56175779142018 0 0 0
v -31.912354227051324 -66.485592380220979 -292.86284053602003 0 0 0
v -35.914399035781202 -66.399093100451651 -236.66734731526478 0 0 0
v -32.753637963330938 -66.504334543324148 -247.67085472849041 0 0 0
v -40.958112598564696 -66.068311579489716 -187.51545750871733 0 0 0
v -38.916969852194825 -66.421133609004428 -190.64359124977068 0 0 0
v -34.769241211402232 -46.738843843893846 -300.74584342267053 0 0 0
v -26.213296960598093 -67.920787080887933 -272.86768242862871 0 0 0
v -21.96628477062098 -67.880693344204943 -294.46968311359984 0 0 0
v -20.567818766315682 -67.508569197040217 -295.26239423534275 0 0 0
v -22.313448008188914 -67.445801552816903 -271.65444107410315 0 0 0
v -20.05697775356051 -67.891210374276994 -254.029259203913 0 0 0
v -28.005392891865249 -67.412113437378991 -244.98695545004946 0 0 0
v -29.426713175076404 -67.431788662875306 -228.97726484096489 0 0 0
v -23.714387041240816 -67.868590175191471 -234.47443232450317 0 0 0
v -31.571606530979405 -68.389166503426793 -195.42733876262889 0 0 0
v -21.008423490140046 -68.37591048533163 -279.42587464896764 0 0 0
v -21.578932292054105 -68.312368627932713 -252.84163340769274 0 0 0
v -20.719223259849969 -66.65014939881155 -298.10513276144405 0 0 0
v -15.286051301622365 -67.431202240681273 -295.7616467767819 0 0 0
v -15.862240123448146 -67.376706984345986 -299.59804480880297 0 0 0
v -15.718332443050031 -68.30980265046945 -299.21432206871913 0 0 0
v -12.26345121128881 -68.298387059392979 -287.01748061073971 0 0 0
v -14.696897521349555 -67.906348603360485 -276.91264994927508 0 0 0
v -20.285054419295108 -68.921114280152196 -252.13953180322875 0 0 0
v -15.075456016449657 -68.470421014185519 -247.26551985986487 0 0 0
v -8.7838861012100722 -68.827526681425553 -252.3550546912289 0 0 0
v -15.21634619623169 -69.377937972138582 -231.7301195753887 0 0 0
v -15.35960585117693 -69.171957398574307 -264.30946345242307 0 0 0
v -12.354391448554956 -68.830911095012993 -238.0072589312193 0 0 0
v -12.286196516122345 -55.153498058614574 -298.7339876825348 0 0 0
v -18.077831068835167 -41.510098100428877 -299.97861433637394 0 0 0
v -8.6123631070972806 -67.205567591824391 -297.72090525596883 0 0 0
v -11.877801187999012 -68.569020478868964 -297.52245925500353 0 0 0
v 0.48707038488487342 -68.268895519687177 -294.46545668603414 0 0 0
v -8.9930877980739723 -69.368288782320761 -270.56609983363808 0 0 0
v 6.5748622917569435 -69.93189061358747 -225.39441441505286 0 0 0
v 2.7618212550752332 -69.465624876083737 -244.64910254907673 0 0 0
v -11.175542409504033 7.5931821111856834 -298.44569467385486 0 0 0
v -7.4964562092907272 -22.916077101628616 -297.32534654461631 0 0 0
v -5.493666785477842 -68.479433854761325 -292.65368760935502 0 0 0
v 2.3714123765636259 -68.142369078886489 -292.08367718460931 0 0 0
v -6.3499987992272509 -67.600305653112699 -294.66898837810544 0 0 0
v -4.9287607335165831 -66.336737144181882 -295.41910764352974 0 0 0
v 3.6893094394958439 -69.002891839603791 -267.94977420036287 0 0 0
v -2.4829010873694131 -69.716386888470609 -261.56568444417542 0 0 0
v -13.288165191844946 -70.0070437595394 -227.22873557853057 0 0 0
v -11.492564367317954 -69.728524126619391 -239.84827774379502 0 0 0
v -7.2155715717335056 -70.346724212434054 -229.76814221438721 0 0 0
v 13.556789874457834 -70.296945607730336 -225.73667076557763 0 0 0
v 4.9706163697010766 -70.287957463667524 -225.26108836355795 0 0 0
v 4.4107426649226227 -65.964678183472913 -291.86998926913253 0 0 0
v -6.277928612660844 -66.24477827207221 -295.41338123754173 0 0 0
v -1.6730785870503269 38.155374960570043 -294.27310758182716 0 0 0
v -5.0948172776180627 13.784700043270277 -296.53682864048608 0 0 0
v 4.6198891132958124 -68.209570935051261 -292.64954917208667 0 0 0
v 25.011985543763103 -69.243728737679675 -283.75723226685528 0 0 0
v 9.5354389245793527 -66.800349489220864 -289.71973533326002 0 0 0
v 5.8102097901492016 -67.07102704800927 -291.1462892255185 0 0 0
v 19.658126998980265 -68.280629938613259 -284.77698156779297 0 0 0
v 7.403016942545861 -69.576393363081777 -268.40623914857548 0 0 0
v 12.340519700961295 -69.308566973209139 -269.18318076952607 0 0 0
v -70.176813013589367 -49.451434021470249 -148.00765485273905 0 0 0
v -70.847963587781123 -39.111517508291954 -160.29983460224543 0 0 0
v -71.167636413073893 -44.992228156146567 -146.82770471425692 0 0 0
v -70.06484147769379 -44.19193266839644 -155.98246499277644 0 0 0
v -70.13201770759315 -48.747574119981891 -146.6101908031697 0 0 0
v -73.649980945049151 -27.672370114811372 -160.53483856675683 0 0 0
v -73.142162328421051 -40.931770431828284 -145.21311355131806 0 0 0
v -73.070793668175028 -39.047245370674901 -145.89849015688162 0 0 0
v -71.695034693924214 -22.378976336666369 -178.94769839551256 0 0 0
v -72.46600488824896 -29.893275036934341 -167.16758988289445 0 0 0
v -72.739779534152291 -24.441171486736124 -164.26629554492169 0 0 0
v -72.634566957991424 -34.106383829605505 -154.80879746176606 0 0 0
v -71.357438449770527 -34.66422531284654 -162.91662751211211 0 0 0
v -71.318458163245367 -22.131736250883733 -176.76750420177405 0 0 0
v -74.724478882530903 -25.10688131918053 -150.06156222922635 0 0 0
v -74.581934943497345 -31.835650100270556 -144.95091855655619 0 0 0
v -74.201893525939994 -22.607488152203871 -154.11829094072959 0 0 0
v -75.243808079229524 -25.900863745840617 -145.55120625322996 0 0 0
v -73.785202815242357 -35.249779236993888 -146.29023881576643 0 0 0
v -73.358869983760613 -25.13629759257438 -158.6733375586314 0 0 0
v -71.265849495057708 -13.149440922405574 -190.75901619479964 0 0 0
v -71.726965612512942 -11.768670830754274 -179.54596570734495 0 0 0
v -71.730281840344958 -28.944501660792724 -167.27802284457974 0 0 0
v -74.205418853378319 -20.88920118216771 -161.27275540189618 0 0 0
v -73.765692364749611 -28.409932207811622 -157.56811800986429 0 0 0
v -75.064469240521674 -25.512103523820429 -152.10651437626308 0 0 0
v -75.64513433559857 -13.995938596541748 -154.5242980908132 0 0 0
v -76.033317694766566 -26.872795318927729 -145.57312008082093 0 0 0
v -76.040805605068286 -25.452381322409082 -144.23717841467203 0 0 0
v -75.394358040853717 -28.179332177894338 -144.55376647975538 0 0 0
v -75.76360284126622 -23.746422947131315 -144.98420191590841 0 0 0
v -75.723093008153356 -11.643122842412822 -150.28875608128314 0 0 0
v -75.297764700367225 -13.910042189737283 -151.3454861494123 0 0 0
v -72.197915371872412 -8.8347956421700928 -182.11160255671297 0 0 0
v -71.538353130283838 -4.4193276669399637 -189.54281541622197 0 0 0
v -71.313196233373077 -9.3995654788977845 -182.23942801690615 0 0 0
v -73.173998841130086 -2.0084507858566951 -166.92510777900409 0 0 0
v -73.086371190479383 -17.248451978052003 -164.27063144721976 0 0 0
v -72.76972005393786 -4.6659169319649312 -170.43167011646335 0 0 0
v -75.950782741761813 -12.639606393454756 -152.31151291983696 0 0 0
v -70.850540424528205 2.5219386551262062 -192.64096958116693 0 0 0
v -70.827964668903405 -12.007706003387852 -191.94908819607809 0 0 0
v -71.652450219163569 -4.0736482975419008 -184.6469169499635 0 0 0
v -72.494680120516293 -5.1645007439740596 -180.42379102803457 0 0 0
v -72.137867699836789 -1.6430671560758583 -182.3817230051057 0 0 0
v -71.166099317090996 0.73209223483206642 -182.44990935069714 0 0 0
v -70.724022594944643 -6.8956142547777013 -188.26979551672241 0 0 0
v -70.773715364419459 -11.170758692377717 -190.69579971422885 0 0 0
v -73.65884071998687 -5.6295401521205406 -170.06080581161117 0 0 0
v -73.668064773626497 -10.088022930516658 -166.78744085287593 0 0 0
v -75.111536154965094 0.2146512666192848 -158.72096395827705 0 0 0
v -75.212734790381617 3.9592348973404228 -152.20034091402755 0 0 0
v -74.777951214712203 -10.721983173428193 -155.03629361391066 0 0 0
v -74.78131248573068 2.9288065407668853 -155.20593890271178 0 0 0
v -66.978011078017616 -49.023024572030259 -164.31217531062308 0 0 0
v -64.705350277320917 -52.576094504833506 -166.62445539859493 0 0 0
v -66.032759367209934 -46.743622858429191 -180.53588274678316 0 0 0
v -66.535778087846907 -52.898222823055228 -159.91961471690294 0 0 0
v -62.787670521559036 -54.942634293164659 -179.52263441499474 0 0 0
v -61.730892007050642 -56.882120733962012 -174.59101804738017 0 0 0
v -67.887132982154014 -53.438419497377978 -147.90383876015241 0 0 0
v -64.614907950117185 -57.263596783450119 -149.8697116300055 0 0 0
v -66.464893974907739 -53.793448097004003 -148.46997602681844 0 0 0
v -69.10479752401028 -49.436537048948964 -148.10690080560533 0 0 0
v -63.156147512212215 -57.413016274506958 -150.02912347176573 0 0 0
v -62.380911569477746 -58.644854829965936 -149.07787949520042 0 0 0
v -65.86328460791691 -55.574389307827005 -148.15352713257803 0 0 0
v -65.211198093389058 -43.671872858003411 -200.16500197294943 0 0 0
v -63.793819792907726 -50.450082864944157 -186.21567615123433 0 0 0
v -66.694614290405326 -39.384871669642848 -197.65115026118121 0 0 0
v -66.183307508253534 -36.667292052064269 -207.79475797841792 0 0 0
v -65.709893926524416 -33.797600548618959 -223.95562358288808 0 0 0
v -65.776190326799792 -42.130999196328823 -199.13569642068555 0 0 0
v -66.671324097465927 -32.895766156605319 -213.9065045822764 0 0 0
v -68.04218648189952 -33.259700886737562 -202.52634919668759 0 0 0
v -69.7344866102151 -31.286089721468713 -181.53077064353874 0 0 0
v -67.692420532500492 -33.097715156516543 -206.82094536536292 0 0 0
v -68.549755620255013 -25.352070741177172 -211.6341185166583 0 0 0
v -67.29543267181424 -39.099939921378819 -190.49257452284579 0 0 0
v -69.351168762690904 -26.761726192272789 -199.16940948119813 0 0 0
v -68.344705145510872 -38.722350299940572 -181.09723023716211 0 0 0
v -68.71582372660761 -36.942389863342129 -181.74930573051535 0 0 0
v -67.74504991489917 -21.844206791864565 -217.05675545413055 0 0 0
v -68.638550858132419 -17.453517376619175 -213.40831383780522 0 0 0
v -69.737947879872877 -16.42081322934331 -198.07236184334838 0 0 0
v -69.263813489938698 -23.068292923490873 -194.92889833189332 0 0 0
v -69.661204253727462 -11.469433234423491 -209.09177396151571 0 0 0
v -69.759753957489693 -17.707908653827644 -193.22651880911724 0 0 0
v -68.19561053517485 -21.392374415396404 -220.11227652919311 0 0 0
v -69.132477692843906 -7.9624490038442843 -204.05201352144812 0 0 0
v -69.411178910814783 -9.7883040228189202 -202.80808654789757 0 0 0
v -68.492100134579019 -11.215361618119417 -224.82449959423752 0 0 0
v -67.768954846028009 7.337265362535959 -218.1662307777309 0 0 0
v -68.057475310471801 -1.714607744258501 -217.39831877889156 0 0 0
v -70.368310630042231 -14.913415281880248 -198.71019977938403 0 0 0
v -68.756563506993771 -4.7469195367963835 -209.44711178981737 0 0 0
v -68.750161042672673 -23.647689656969106 -200.64180831996902 0 0 0
v -70.238766498522509 1.7343199363250079 -192.42415299471747 0 0 0
v -70.119380747275798 -9.7074692852664839 -192.46781628289983 0 0 0
v -69.742508818655523 1.4149174584979392 -197.1979778521775 0 0 0
v -59.021974955371974 -59.766289530468434 -171.54613324499601 0 0 0
v -55.764622631599856 -62.226941544232716 -170.04946429801686 0 0 0
v -57.322247675305789 -62.098002405259393 -151.06701759460785 0 0 0
v -60.113039871039462 -60.99013292871242 -150.40403955018979 0 0 0
v -60.181449377932893 -60.879593722771006 -151.79205995138901 0 0 0
v -51.235510525453435 -64.16059346936828 -153.72765335373992 0 0 0
v -57.393816257886044 -61.504269220153418 -152.06884904249932 0 0 0
v -63.133412143741396 -51.230322856482005 -199.80329529093132 0 0 0
v -55.006031237387745 -59.487864226241932 -202.38203001538571 0 0 0
v -58.01343079190427 -56.546263257165037 -203.01409251125057 0 0 0
v -60.116817143353529 -58.737672833620366 -161.19890183372473 0 0 0
v -62.882655525443298 -53.116579668849091 -179.75463575569813 0 0 0
v -46.880426686181281 -64.009056333722995 -199.96540497797977 0 0 0
v -52.864753997852347 -62.586281527728552 -172.25668743958261 0 0 0
v -53.144876938794368 -64.446169161825239 -153.08936233667089 0 0 0
v -48.737155081474206 -65.720397598708445 -155.12420077120242 0 0 0
v -38.883073518496531 -67.968868021268548 -157.8676421887524 0 0 0
v -40.155252883537088 -67.423514987394896 -159.75910531738143 0 0 0
v -41.302868237074641 -66.394106494306783 -207.81432131122079 0 0 0
v -43.706179402609564 -66.159809227742088 -156.41796206357779 0 0 0
v -45.766536508239483 -65.455187603080091 -166.36326180085575 0 0 0
v -41.182103487748776 -66.389218374325083 -176.21361573641204 0 0 0
v -39.057379226445008 -67.025489134778979 -157.82925338536978 0 0 0
v -34.607248672549261 -68.401136513439425 -160.81538118619665 0 0 0
v -28.437318989502437 -68.481215207922773 -199.68668783099082 0 0 0
v -28.848892104424333 -68.986271440012459 -187.8692815171751 0 0 0
v -32.384097495101713 -68.839589645672532 -160.97161259785887 0 0 0
v -32.846587325065343 -68.30370267940387 -159.97283041670136 0 0 0
v -31.174550196291761 -68.774059022489837 -160.14661797861959 0 0 0
v -37.416835512948417 -67.363209007486134 -159.60772805388376 0 0 0
v -25.686750404688333 -69.169619344140571 -202.97983729798221 0 0 0
v -18.877814113533503 -69.387468724189475 -228.27537576910805 0 0 0
v -30.821330882536014 -67.597874977439389 -193.92738939667655 0 0 0
v -22.888388888964876 -69.396581973386986 -182.60193767317466 0 0 0
v -21.386935345608435 -69.864610242537665 -185.05586289206394 0 0 0
v -24.384012902847687 -69.674470285499623 -163.75589417249827 0 0 0
v -28.052361024994354 -69.381856484747914 -161.89733354758266 0 0 0
v -3.3727446212513286 -70.30744844799581 -212.18771975160061 0 0 0
v -19.01837463615097 -70.002375243258882 -194.25684486305275 0 0 0
v -15.291594041718128 -70.36382877817303 -189.48684288265514 0 0 0
v -18.396935934656383 -70.375506538719378 -166.45355204043062 0 0 0
v -12.587200868740737 -69.852523491568519 -167.49751681078209 0 0 0
v -16.753009581401471 -69.460465857416509 -182.26814889810299 0 0 0
v -18.36613442357816 -69.467839192241826 -166.09135120895613 0 0 0
v -21.219017207322509 -70.041012781524117 -163.51009868349186 0 0 0
v -12.996299338169763 -69.836481148738329 -166.72470098815674 0 0 0
v -8.8034199304965632 -69.476589061697368 -220.05210131729677 0 0 0
v -9.7160187357953802 -69.819903604863342 -188.74852598430491 0 0 0
v -7.9230356319062167 -69.983385534144418 -190.06924315742697 0 0 0
v -3.1624365997842148 -69.866755308428608 -211.44080577367791 0 0 0
v -11.5685523244289 -70.145905974563448 -168.19999291361748 0 0 0
v -11.075372282415906 -70.319665651406353 -183.97582422030337 0 0 0
v -12.335180771956573 -70.291098236503018 -167.63821027571592 0 0 0
v 0.16246929136657684 -70.153064120091784 -216.03978173138432 0 0 0
v -4.5715532649186947 -71.105000086215 -185.5104740862073 0 0 0
v -0.58706795316805938 -70.482405640211724 -172.04274794300758 0 0 0
v 6.9629585795353535 -70.969610929060963 -223.34550926817781 0 0 0
v 4.8442613569323356 -71.314064015335461 -189.62634977233054 0 0 0
v -4.081759071370584 -71.15658103430313 -169.91362207005892 0 0 0
v 6.2622882099256003 -71.270529311495437 -173.78781349343447 0 0 0
v -64.776043367940474 9.2024569526121667 -280.65076070723188 0 0 0
v -64.743633052850655 5.6377857012073775 -275.91472699426225 0 0 0
v -65.651640286982357 8.4040115628424523 -271.28404916806386 0 0 0
v -66.519987726454218 -0.97933307646842138 -261.44242698618319 0 0 0
v -66.159984588674703 7.4806828568401897 -260.48248849860312 0 0 0
v -66.180419806038245 -2.3859731615139594 -267.61290448810979 0 0 0
v -65.60217530930025 6.1630466332481717 -264.1198006244619 0 0 0
v -67.678404201672322 -11.745927813205741 -236.14383010580306 0 0 0
v -68.060802666060525 0.73474501773080192 -229.18332230843211 0 0 0
v -67.612494793136221 7.3961656633864834 -227.2010580864451 0 0 0
v -65.045261682192759 10.447892448861634 -282.40594407718629 0 0 0
v -66.722625581103529 18.959815458045426 -223.00911121481346 0 0 0
v -68.127292522939072 12.692377560919255 -219.79965884834996 0 0 0
v -68.339110290579768 3.043168905356481 -226.12897132819197 0 0 0
v -67.695627771053196 21.402787894481008 -210.94775517120075 0 0 0
v -67.121261500904353 4.9986607401609717 -227.5485920019126 0 0 0
v -67.26216851377059 15.251209629281419 -216.82044178676404 0 0 0
v -63.722722289982904 18.479557893895972 -282.25405080735891 0 0 0
v -64.254309162360855 10.642288065414149 -281.13195357695298 0 0 0
v -64.037351761345093 20.268644191386628 -283.31776934768385 0 0 0
v -64.717153601729933 15.700710180642147 -282.72460860094264 0 0 0
v -65.636023327586329 23.267581269371973 -240.87364429619788 0 0 0
v -64.772379467230095 19.402408259448137 -256.36681624806272 0 0 0
v -64.885366847977281 15.107044547750178 -256.29098066733644 0 0 0
v -64.190785287130964 23.225781746979422 -250.24021845737707 0 0 0
v -64.751370633205042 29.771239841754607 -223.55297366188952 0 0 0
v -63.17708283531212 26.66799288724836 -283.99185331182377 0 0 0
v -62.57500410112678 25.911615144152989 -283.87086794985947 0 0 0
v -62.980381723428756 24.925467247916657 -268.30543060717451 0 0 0
v -63.28293066317444 20.478640991875096 -282.17119506217466 0 0 0
v -63.454861097988115 25.379241475875574 -262.47881666617792 0 0 0
v -63.638767651021958 28.439544467609309 -260.60800308986865 0 0 0
v -63.264268637913098 31.825790434275014 -236.99547769148347 0 0 0
v -63.70851265213053 29.941505193491977 -239.72594490762066 0 0 0
v -62.728394314397335 28.562750424976223 -264.27743729766098 0 0 0
v -62.308876533573383 29.096623771208087 -270.88843404160099 0 0 0
v -62.633877294753503 36.566453824196124 -225.47815276526222 0 0 0
v -61.704993965345771 32.080324512142731 -270.13404299875418 0 0 0
v -61.767553388904794 37.885572271039621 -230.62086920705349 0 0 0
v -55.193121919820953 42.017150732484197 -290.24110256046674 0 0 0
v -56.123191379998957 42.85698532155061 -289.67125663541572 0 0 0
v -55.344170139965769 46.239574015632456 -291.79582129128715 0 0 0
v -55.403949961997355 47.01220101449352 -248.39895036855987 0 0 0
v -60.691806070123889 41.467393536221813 -222.60892567208134 0 0 0
v -56.190199921185339 43.163089021149659 -288.70882353497694 0 0 0
v -58.308249656148647 45.413083375739838 -240.37540117690162 0 0 0
v -58.087825930157344 43.739809557032117 -264.09220821496814 0 0 0
v -49.949649016681178 25.040542242554352 -287.39765248888119 0 0 0
v -53.763175310237671 43.995971305086641 -293.91828107757016 0 0 0
v -49.114371967707712 48.979688335038361 -294.22845640761687 0 0 0
v -49.635853790427404 49.830017739669699 -294.23905796503482 0 0 0
v -50.774752722826619 50.3751912312092 -293.73270866629258 0 0 0
v -46.104269925122331 54.282594073647864 -272.77374118206734 0 0 0
v -48.247798841013172 52.806605186719651 -253.52671400415784 0 0 0
v -52.878569066080701 49.269518352286433 -254.69052925363081 0 0 0
v -54.622907218742171 47.070123402203073 -283.23618365163696 0 0 0
v -55.196288267710486 49.541421254707664 -235.90803631971943 0 0 0
v -51.851663996127527 50.803952470907753 -267.36760685725483 0 0 0
v -51.197817052903602 51.342371498953135 -242.74653526358776 0 0 0
v -44.088470898067293 56.182140940853344 -244.54969922049935 0 0 0
v -50.464753568182715 53.185187297805015 -239.65789271122074 0 0 0
v -30.210865554968677 27.075466908358521 -288.71265619817461 0 0 0
v -16.181205431543049 49.568505936057136 -292.60509619354792 0 0 0
v -35.6469257893541 32.104273429639989 -288.35728289477021 0 0 0
v -30.364776419309123 55.094132324386464 -298.83257403792669 0 0 0
v -40.003249061529232 54.622638467800527 -297.52497905863868 0 0 0
v -40.782699335128711 55.521529974730228 -298.56332984305129 0 0 0
v -45.314898879718726 53.848654353283223 -298.37542853748306 0 0 0
v -40.341464019762022 55.420452643899615 -280.82893340203685 0 0 0
v -41.719877768431118 56.134554380613721 -242.11707337893654 0 0 0
v -37.397325039521583 56.46884363563246 -298.25092574007306 0 0 0
v -47.252981065006615 56.320529753989206 -206.15562068595901 0 0 0
v -25.068946453918898 37.824025026401159 -289.79518938218484 0 0 0
v -29.246505105703363 56.819468910291448 -298.65526459837804 0 0 0
v -30.173859184978554 57.591702008075814 -296.07711756940949 0 0 0
v -33.001895234976395 57.943369209236309 -279.43164646846947 0 0 0
v -39.298489620225382 57.592337748740732 -240.96039367181368 0 0 0
v -35.297280026847183 58.561604159214539 -233.77880401232198 0 0 0
v -31.448041634409968 59.081653329392751 -250.5393623091901 0 0 0
v -28.158764857211665 58.510327148911088 -274.29684791843164 0 0 0
v -31.256792229413975 58.578166633754321 -244.13222249687192 0 0 0
v -31.443407909318786 58.149665157200687 -251.85003172591186 0 0 0
v -26.817304030682962 57.55852684215327 -297.31773256174569 0 0 0
v -29.37259824427796 57.034830128770238 -296.0720758438801 0 0 0
v -22.94881063357019 58.6353572883975 -298.75879594364488 0 0 0
v -21.752252852395031 57.391538158091073 -298.43973121449272 0 0 0
v -32.804967440308374 58.559967487601917 -260.63706344221646 0 0 0
v -21.630440868682783 58.483828178634589 -294.0424661781251 0 0 0
v -26.261867183563751 58.831179957275417 -276.64943011187819 0 0 0
v -17.943906929155851 59.112406209213965 -298.87594583774768 0 0 0
v -24.039379358466206 59.258706612194743 -278.92657441624743 0 0 0
v -23.269668630850219 59.490119220002342 -258.91810925031672 0 0 0
v -21.713564805109783 59.538252992358288 -273.94404352333839 0 0 0
v -28.846509484166354 59.536876786883639 -246.18397711283646 0 0 0
v -29.818680279107383 59.998074515926909 -187.1740419267191 0 0 0
v -19.191140116025451 59.971535127099187 -237.11734126610844 0 0 0
v -17.991363360791411 33.809698061027916 -299.95603932213515 0 0 0
v -18.15409176716139 8.7162613056302689 -299.98867042922893 0 0 0
v -14.621108112414731 57.230488564658003 -296.87212979343934 0 0 0
v -13.424737584853801 59.340015554816993 -298.89710041507084 0 0 0
v -12.834479057494491 58.497246984053206 -296.18940454274929 0 0 0
v -10.966131008281081 59.616300629541804 -297.33430480700662 0 0 0
v -14.816458878594631 58.933488519387559 -279.7458320240691 0 0 0
v -22.150667628754604 58.889273337506317 -262.44585161385157 0 0 0
v -23.198381707082902 58.619501398521486 -281.75921463068192 0 0 0
v -18.15781555801388 60.122174010536988 -268.54062472638196 0 0 0
v -13.000874006076714 59.875299310441243 -280.889673165212 0 0 0
v -17.974624109071542 59.56517234878568 -264.92833367713666 0 0 0
v -18.819245538511339 59.22551918705782 -267.34407541420859 0 0 0
v -12.066727241868278 59.590243612744437 -280.84705699365207 0 0 0
v -14.44448159554625 60.004711317361959 -249.82343744561362 0 0 0
v -9.6130167311673205 60.008747009125351 -262.17177101323921 0 0 0
v -27.27111449833064 60.020922983947557 -235.03486960773043 0 0 0
v -25.856469181529853 60.5495348188606 -222.64149646781101 0 0 0
v -23.218928709453031 60.528901255154402 -221.55277325953395 0 0 0
v -15.535846146178358 60.458069351173997 -242.81863541379639 0 0 0
v -19.217305039771098 60.208236505304377 -233.26286877932759 0 0 0
v -6.247044734117253 59.923992439183507 -289.83737741288314 0 0 0
v -17.52094694310091 59.554210329939373 -276.34437515334952 0 0 0
v 7.7039813988952801 59.589671248757817 -288.21563294383998 0 0 0
v 2.068272745187528 60.024190520070697 -275.89931873500905 0 0 0
v -1.4525070998080309 59.657768360868133 -291.85262732554656 0 0 0
v -12.16549044204686 60.156089023223167 -280.47045270330267 0 0 0
v -9.7870784543206355 60.507191050733894 -263.2162911068973 0 0 0
v -10.242691061682166 60.541158147113087 -273.15542554913731 0 0 0
v -2.0545263730247711 62.119228731524146 -245.68334346657858 0 0 0
v -11.413019638324229 62.015229982470053 -227.32142948394002 0 0 0
v -0.96388357987039797 62.552655709527002 -234.86748153045312 0 0 0
v -3.6106910989541348 36.610177144459158 -294.15303564566574 0 0 0
v -1.24546790610475 58.40946144916267 -293.58433725211432 0 0 0
v -11.108886896552349 58.657355775963694 -294.41274566039391 0 0 0
v -4.5287959038502947 59.138898440850546 -292.11329095118481 0 0 0
v -1.3649570742342618 60.092902420065045 -293.53507919660325 0 0 0
v -6.6794130428924632 59.538181239897241 -292.10614937275523 0 0 0
v 0.47196219645582005 56.960720542305637 -293.43634210477029 0 0 0
v 4.2768779999936442 57.287652366694282 -291.9334404780314 0 0 0
v -0.98051857890612837 60.595581653942077 -269.50313381138972 0 0 0
v 3.3628637313842766 61.203204345703128 -253.21186523437501 0 0 0
v 19.596811812531229 61.633058451600235 -247.39554118813822 0 0 0
v -2.2384520891618536 61.606001333842997 -243.95509715355746 0 0 0
v -2.1180998354580822 62.505381333333439 -222.84559916413741 0 0 0
v -10.314052479354487 61.599074592360267 -226.59534878470711 0 0 0
v 5.348298644495344 57.232711780519878 -291.40064682230428 0 0 0
v 6.9439067468701978 59.310151472195798 -290.03094300069887 0 0 0
v 13.986337795888176 60.551159945005317 -287.20438581278427 0 0 0
v 2.2961088044210101 59.359577890437251 -293.70239073306971 0 0 0
v 2.4457585073393489 60.546795689005705 -285.16027734020156 0 0 0
v 9.2744844149765413 58.013004651416509 -289.80149946475848 0 0 0
v 12.651996304889716 60.062227939504155 -277.37861770128683 0 0 0
v 23.062525786923402 59.457473628448682 -283.23726607697375 0 0 0
v 12.820941039522268 61.316418513271771 -257.66461580344861 0 0 0
v 12.667631230969278 62.49155209621081 -238.1031474059692 0 0 0
v 5.4053971681735788 62.461037524686382 -232.7492715970009 0 0 0
v -0.92920424250411315 63.065151485836296 -221.03042004029876 0 0 0
v 2.7138566855712156 63.191945479802918 -224.41257396644093 0 0 0
v -72.325301428402469 -3.5013433956388482 -174.12416288723111 0 0 0
v -73.328255961415664 -10.927901660178236 -173.19858844456004 0 0 0
v -72.804326280298156 2.3734020286694886 -172.40813526768883 0 0 0
v -73.35233001148589 13.936762675997443 -160.33300894610511 0 0 0
v -76.92990172212555 -0.32595442277025199 -144.37161301376801 0 0 0
v -75.961522391975763 2.4030491735417385 -146.9335482944777 0 0 0
v -76.645048790113094 -10.675679545591265 -144.58813319276965 0 0 0
v -71.659705337028143 8.402233502139012 -184.24425105120636 0 0 0
v -72.731490677708251 14.060936115829691 -164.36271555060699 0 0 0
v -72.267969795896789 14.816772566401568 -166.82797681282605 0 0 0
v -73.763958373435813 16.158277052933244 -160.9256543242507 0 0 0
v -75.7471526806941 18.040708136678873 -146.32290066702041 0 0 0
v -74.350682684198375 13.623372448365245 -153.34827051064863 0 0 0
v -74.707735747628092 11.005817055042428 -152.85618426862888 0 0 0
v -76.190094693335311 16.549512914912583 -144.08762071782024 0 0 0
v -75.730525249781707 15.006555778345501 -145.01326851562618 0 0 0
v -75.74845185508417 4.3040389831538732 -150.26856711608195 0 0 0
v -71.695355329623965 18.519529320563379 -173.33217216452394 0 0 0
v -72.537388509035353 7.3256664456254725 -177.06562305469694 0 0 0
v -72.137496874237897 20.219680655610006 -169.66019813449591 0 0 0
v -75.113934161838799 17.835417768624552 -145.19101699047587 0 0 0
v -75.434798074549803 18.823755678495033 -144.57705396259894 0 0 0
v -71.673471410660838 30.193949353458805 -159.63606875606874 0 0 0
v -70.729959745081672 23.404077302598878 -170.4266402953204 0 0 0
v -72.610714318626506 21.263199096736543 -164.13601899141253 0 0 0
v -71.269008194780923 25.730370716756951 -163.0987982415156 0 0 0
v -71.752830360950185 28.024419591761571 -156.6223749656734 0 0 0
v -71.744666471905433 19.251090617251606 -167.64116155422673 0 0 0
v -72.564860072294323 21.268313406433975 -160.16613460754286 0 0 0
v -73.722418250547037 16.315936542568949 -156.36253826292602 0 0 0
v -72.796600342550391 31.596692819065417 -145.60293075827542 0 0 0
v -75.155281206451747 22.411380699088753 -144.5142234289718 0 0 0
v -73.562405850527909 31.449895209513521 -145.62034110693051 0 0 0
v -71.94772920804391 36.133392031545078 -147.03093998765118 0 0 0
v -73.080106370776363 26.977742365216642 -154.67862008073959 0 0 0
v -71.638892116602833 34.771476541473817 -146.26601650107864 0 0 0
v -70.629954229037551 33.231495050531805 -156.14565821173554 0 0 0
v -70.005073484335981 40.188010307257073 -146.6847904579131 0 0 0
v -70.111673966860366 40.473232068631603 -148.11198580910238 0 0 0
v -68.674889419494292 1.5507499787017878 -216.23306624683124 0 0 0
v -69.255601957482995 -2.4417726783688067 -215.06546474043463 0 0 0
v -69.104540866231574 10.479638779746438 -209.95237799761441 0 0 0
v -69.193247126171372 3.2270871971730912 -202.33840819850471 0 0 0
v -69.780602174321018 -2.0457284828162869 -201.47427474310922 0 0 0
v -69.661050183289547 11.619477076840383 -195.49316651578076 0 0 0
v -68.678950987547978 13.121415775137507 -208.73899037304366 0 0 0
v -68.486123450142031 15.782595837873629 -212.54367800489365 0 0 0
v -68.678571089760013 -1.7751012806352975 -222.39743457385788 0 0 0
v -68.792764802439024 -0.98040617003289299 -213.93464363698547 0 0 0
v -68.262662039220743 9.9627846053611506 -210.30084963074424 0 0 0
v -68.770833751458156 14.054601034374969 -202.98472461912684 0 0 0
v -69.670769940780431 4.9565918494874097 -206.97168879412973 0 0 0
v -69.660228795213285 21.831783825652593 -189.26584378037299 0 0 0
v -69.046484369770511 15.423107741655883 -193.92094394236071 0 0 0
v -69.744301864730232 19.796224129323974 -184.47300232439451 0 0 0
v -69.130886077910276 26.033885061869327 -188.3165962643788 0 0 0
v -68.690890719763956 22.601517769949822 -196.70728353800087 0 0 0
v -69.50906512691985 23.235590287617853 -182.23871509809965 0 0 0
v -66.718475721558747 15.620310254447716 -224.29895230980293 0 0 0
v -66.792908693032089 30.763750633935246 -194.12685568113977 0 0 0
v -68.163488805810786 28.484565388293674 -193.27173139523092 0 0 0
v -67.651599847181387 33.099763127911245 -187.81235162329344 0 0 0
v -68.781726716695758 33.092051874485321 -169.67012244806125 0 0 0
v -69.224738416409167 30.752629521907636 -170.84942155393477 0 0 0
v -68.724721899936029 24.333868601099255 -187.0666045504658 0 0 0
v -68.888459432471308 32.563412880580884 -176.1891148359062 0 0 0
v -65.214804925668616 26.321257439049276 -223.87812987880287 0 0 0
v -66.423836703559502 34.518833660742359 -186.65065450939548 0 0 0
v -61.085679968831769 44.14926816737502 -198.72822290668455 0 0 0
v -65.528298369442282 39.922233973671268 -176.64619298175052 0 0 0
v -66.577799639387706 41.5885459853383 -169.19841905864646 0 0 0
v -66.076667278530124 43.122613357090501 -159.55363492932335 0 0 0
v -61.625456312874732 45.740245342283245 -182.04628951127094 0 0 0
v -67.20260121672473 45.478782759856934 -147.78406034812627 0 0 0
v -67.739250859775183 44.527694412262683 -149.14991962714305 0 0 0
v -64.867062114610377 48.474291449406891 -149.34807076176691 0 0 0
v -63.135938898242131 46.538900165815619 -174.3668786874801 0 0 0
v -62.417397653732834 50.997923198436794 -149.19645736598298 0 0 0
v -60.785056857960598 51.376873155138284 -149.82604113451691 0 0 0
v -57.82574907391858 46.801609560416061 -216.31799183392832 0 0 0
v -53.793785187818315 52.280894919622625 -213.95638423063008 0 0 0
v -58.242814123089573 48.827597315283462 -204.59761992728502 0 0 0
v -58.806183828591749 48.604506326896754 -186.9701491570884 0 0 0
v -54.614785076935519 50.283150742719108 -214.52943728218321 0 0 0
v -54.113404369880229 52.793117263406025 -185.49022421399587 0 0 0
v -58.340163165245244 51.31892181345119 -165.5980443936013 0 0 0
v -52.993834134494612 54.663385050968436 -168.74825794295643 0 0 0
v -57.567174308079927 53.306336142361658 -151.43364579020542 0 0 0
v -57.804429498000673 54.20950125501912 -151.03330646639327 0 0 0
v -51.963375797396935 54.442506253188284 -196.96673740660938 0 0 0
v -53.031583125156473 56.508354994338973 -153.98608481034918 0 0 0
v -51.524227949350859 56.752754930665532 -153.10140316339815 0 0 0
v -47.585134987993882 57.515334076966425 -154.80568470280571 0 0 0
v -51.198411329492473 56.332818552572739 -154.35769064876928 0 0 0
v -48.619085335589418 58.01680770902064 -155.1854381141132 0 0 0
v -46.881702053422146 58.546784963231303 -155.08105741031929 0 0 0
v -41.397310159401961 57.288034950111062 -210.00903513563082 0 0 0
v -45.513274261303366 57.481805778753333 -192.36978279253864 0 0 0
v -42.549098694410475 57.928080588789427 -203.96893908145034 0 0 0
v -40.245429701615024 58.537298417327541 -204.30589374105006 0 0 0
v -44.900821115171212 58.920943534216292 -156.18767038751466 0 0 0
v -37.221387353116313 57.6374186209652 -232.60663532369171 0 0 0
v -45.243452473010812 58.002769518862983 -156.26507259688017 0 0 0
v -38.981518800874312 59.655562653516341 -157.72998048455301 0 0 0
v -43.378681028043644 58.899269653782866 -155.68010703024882 0 0 0
v -40.840720718919101 59.477716161546326 -156.91034093144449 0 0 0
v -42.473519992944063 59.506766624719091 -158.30094467789436 0 0 0
v -38.440604293728029 60.413316494528594 -157.70344155814439 0 0 0
v -40.525260181669495 59.815785625790646 -157.88637888070357 0 0 0
v -37.820315401064022 58.120377398043949 -243.41517697909018 0 0 0
v -31.393928825329994 59.559975022170732 -217.13455388283279 0 0 0
v -35.340728359252523 60.573352292825255 -160.4331980068032 0 0 0
v -34.257968299404865 60.129592641118805 -159.36599515897976 0 0 0
v -34.25660113475243 61.019169553219726 -159.93700766659265 0 0 0
v -20.376488382085263 59.622576449610968 -247.93124859876554 0 0 0
v -29.064397856186247 61.03277322273388 -160.55739056319493 0 0 0
v -30.010526631926609 61.593246100542061 -161.8586948496926 0 0 0
v -18.690378660270078 61.506413769761899 -207.38908142770322 0 0 0
v -26.918132047457696 61.534811695422476 -168.39779406646826 0 0 0
v -27.742324773317094 61.989405460687237 -162.05216558924226 0 0 0
v -26.900023103508047 61.775307992390161 -161.35834860012235 0 0 0
v -25.623581569718127 61.705104090444223 -163.32860498673668 0 0 0
v -19.871461452429912 62.04998323711677 -164.70959725577134 0 0 0
v -15.874649280166096 61.652451186230259 -213.07533037637694 0 0 0
v -16.768512917709486 62.169796960666204 -206.90311502293639 0 0 0
v -8.3157909050712959 62.530210786684471 -210.37846466742812 0 0 0
v -6.9265762373440225 62.02655511916992 -209.60818919271085 0 0 0
v -19.775430482492212 61.653921003782656 -182.29434586639618 0 0 0
v -15.431406658235588 62.520847599851137 -198.04057982639191 0 0 0
v -23.092540130051503 62.561538382426754 -164.00304724683011 0 0 0
v -26.709543488816223 62.157802877293271 -161.33269265985547 0 0 0
v -7.6915589402220377 63.592360602965812 -180.24902922709853 0 0 0
v -15.211185592104712 63.055975667878862 -181.3318975355451 0 0 0
v -8.3195460829601871 63.823900857030942 -168.14930792600705 0 0 0
v -9.9007467494038224 63.290660749457516 -167.69887023900333 0 0 0
v -9.7403697213079568 63.233549082285592 -168.55555566133478 0 0 0
v -7.1714316988985729 64.346132421078167 -168.52566040183098 0 0 0
v -9.9044934236979287 63.726403135875678 -169.05975267456873 0 0 0
v -7.7387292108812602 62.841867659129498 -207.34497317135666 0 0 0
v -1.0525029226438818 63.546694413352256 -206.67871839256924 0 0 0
v -6.7097494097395725 61.637301312009583 -223.51199485184512 0 0 0
v -3.5130397663092765 62.644319356096339 -205.77129245001211 0 0 0
v 15.077756884714518 63.015149228979539 -216.56656860334147 0 0 0
v 6.1969396829946533 63.634540963757722 -203.01868875264717 0 0 0
v 7.5070683319597578 64.018424718167978 -179.69388749943664 0 0 0
v 0.28627497965675275 63.564882159633981 -193.78317895221269 0 0 0
v -6.4693497088115564 64.181776562759921 -175.86247304108628 0 0 0
v 1.5858310965200388 64.142480674707542 -196.70310810676432 0 0 0
v 4.4914658448528257 64.088496609886874 -172.58181898240363 0 0 0
v 3.0314780166707465 64.367526302269738 -172.06007168627985 0 0 0
v 4.341926971381497 64.012259606553144 -173.29736393117815 0 0 0
v -7.708016885961797 63.623218409854587 -169.11256531718462 0 0 0
v -3.8800394155933731 63.627000151796786 -180.35787269252731 0 0 0
v 23.36195658473212 63.562082706430488 -227.83460763107828 0 0 0
v 8.6456123224627106 63.525660076261154 -221.95816663182714 0 0 0
v 7.9956098575406145 63.10062401219578 -208.49947824552157 0 0 0
v 13.680996882972238 64.543087413473003 -199.90777234162775 0 0 0
v 14.851006656401523 64.010862752561664 -189.54778603923862 0 0 0
v 9.7000878879108257 65.177121954737089 -173.91532367888868 0 0 0
v 16.130777175000162 -67.033774835635256 -286.85313034232928 0 0 0
v 12.251332514195724 -69.977066991085835 -268.40222568345376 0 0 0
v 17.852257718567671 -69.348928569615126 -267.64668834363079 0 0 0
v 19.509793455466649 -69.503055474869271 -261.09672433100275 0 0 0
v 18.84878586514418 -69.744223619546318 -264.56426170222255 0 0 0
v 21.217466210090151 -69.958701303787791 -259.86632258477431 0 0 0
v 21.004533502521156 -69.097235112599506 -261.86609705450917 0 0 0
v 13.279082132831235 -68.864224772166978 -270.6738167427194 0 0 0
v 14.615951586993532 -69.890386442704823 -222.88230010594759 0 0 0
v 20.75904867586063 -69.513894784405622 -241.25207266103598 0 0 0
v 20.58357882468033 -68.053058221103086 -285.77162773661678 0 0 0
v 23.665971549459073 -68.226252182285037 -284.54005207513575 0 0 0
v 25.729473822468321 -66.682532459171256 -282.64703518910983 0 0 0
v 31.777563793749891 -67.455013885343803 -280.85621206507039 0 0 0
v 21.560948124224751 -68.851024961960164 -263.2719090051549 0 0 0
v 26.067246408798159 -69.356142480678187 -266.05182091067002 0 0 0
v 29.404462946397842 -68.99927847378865 -280.88244724940182 0 0 0
v 24.789498533731489 -69.362163383173979 -257.93824178814435 0 0 0
v 23.946474811013246 -69.854949713948642 -256.28669437685056 0 0 0
v 24.165166277410094 -66.081390941027493 -283.21591215319216 0 0 0
v 23.635275797580448 59.373481428766802 -284.55536634190901 0 0 0
v 29.850261379140534 59.705218671504383 -281.69694044652999 0 0 0
v 30.250348735690295 -68.00556126394504 -278.90846644910528 0 0 0
v 30.765286817977831 -69.504733618810235 -226.16300826127178 0 0 0
v 33.407492062006462 -68.856477052468037 -218.32174551258564 0 0 0
v 26.838040799799359 -70.376733656101862 -219.59320264842697 0 0 0
v 40.705943178077746 -67.999155229857877 -276.72164569078586 0 0 0
v 37.537836568516923 -67.158424655436619 -277.0535339903098 0 0 0
v 37.488673455148273 -68.385364204542213 -276.86130985978735 0 0 0
v 32.322580312534342 -68.345833644471796 -277.82858462404459 0 0 0
v 36.611534139483766 -68.346166306539658 -262.43133706251746 0 0 0
v 35.285111195983006 -68.896177000305457 -262.75240151100849 0 0 0
v 42.726820357934287 -67.439882331359215 -251.40379733364963 0 0 0
v 39.29016076044288 -68.317385631000604 -246.3830972889142 0 0 0
v 39.082265312861658 -67.899479003542879 -244.89928545328144 0 0 0
v 38.58766101513573 -68.860485166143221 -244.11860222744818 0 0 0
v 41.51442897310875 -68.399489361560597 -244.29574901938221 0 0 0
v 41.82060998343767 -67.831975089653952 -214.28011883397156 0 0 0
v 42.061466823068145 -65.503803856172425 -275.25571334680103 0 0 0
v 33.847624687530924 -66.0303181819299 -278.96995098903926 0 0 0
v 40.868556135348712 -67.35260292175127 -273.9314955129795 0 0 0
v 44.173463527798823 -67.424706337412914 -236.19060046571374 0 0 0
v 46.022749911015488 -67.419655721910928 -236.92311148550903 0 0 0
v 47.649312702090583 -66.077770963657031 -272.1858528682335 0 0 0
v 51.639915497441123 -65.961306667468335 -239.33578032434622 0 0 0
v 49.09985808165716 -66.056863044616605 -269.66470463207696 0 0 0
v 49.992290805505483 -66.893821705268294 -260.97677172619177 0 0 0
v 55.296484961254237 -63.297718351480754 -269.3525792788007 0 0 0
v 57.535697283440413 -65.293902061577043 -269.11187672442611 0 0 0
v 53.804028529644981 -66.12137162882496 -269.43843937966602 0 0 0
v 51.903937592902238 -65.470506435895885 -269.03236377511479 0 0 0
v 54.425233935521874 -64.920798248948302 -268.7744167893656 0 0 0
v 56.136424001640918 -65.420711905671965 -268.51306218393046 0 0 0
v 57.023213302361043 -64.439869157202082 -266.87722292466162 0 0 0
v 62.224031761605715 -63.001224269429628 -265.43399067965026 0 0 0
v 50.69711927727748 -66.413563975248906 -263.80622705221037 0 0 0
v 53.176350606519613 -66.369775997641909 -249.1774510321537 0 0 0
v 55.023893532788463 -65.542714856763752 -267.14053432092993 0 0 0
v 59.200404268377298 -63.992353831274748 -259.41482991000987 0 0 0
v 55.646209964081066 -65.124210371796934 -239.29885935997103 0 0 0
v 55.705137845450139 -65.473955256124583 -190.98139516912445 0 0 0
v 53.735908895548434 -65.377445690059417 -260.20836091896177 0 0 0
v 62.087222027813823 54.194546012159748 -266.35677598841306 0 0 0
v 60.764503261804727 -63.409678675079732 -264.48251329988 0 0 0
v 65.073835269974111 -62.200700631851753 -224.11800315778729 0 0 0
v 65.334948050527942 -61.906972735442352 -263.71679732100205 0 0 0
v 63.268601793751742 -62.524266402735513 -263.59409646604269 0 0 0
v 61.514729348450004 -63.448840529956691 -230.57898514117619 0 0 0
v 69.623307666806795 -61.210133822048135 -263.73941751461973 0 0 0
v 75.082170705517569 -56.741353579594261 -261.49610493732649 0 0 0
v 74.349707702713772 -56.789997935408735 -259.95258553553117 0 0 0
v 70.410047104103228 -59.464811131889576 -261.11911880410958 0 0 0
v 73.214570796448925 -57.82407386157265 -231.48442531769732 0 0 0
v 69.149860879589468 -60.249973171274746 -230.75034219976669 0 0 0
v 67.307915640855072 52.542946771665072 -264.93284816962631 0 0 0
v 76.497265150390945 -56.762267002317515 -260.33075589410134 0 0 0
v 81.963135739594264 -50.087261930952735 -257.74644581195554 0 0 0
v 78.824674827126586 -54.050371257329971 -257.40626435136545 0 0 0
v 76.602555433361672 -56.477256839998518 -231.97126417871351 0 0 0
v 81.300209406812002 -52.126447540090354 -227.09241655876141 0 0 0
v 78.01273493936381 -53.662119702291079 -240.26535603498672 0 0 0
v 79.586612637221151 -51.402623757517404 -258.123929958536 0 0 0
v 84.24339273996182 -47.401505696126669 -237.4177825421628 0 0 0
v 85.316706834215324 -44.004775022953027 -256.11330269300862 0 0 0
v 84.945340183705582 -50.024450825789472 -200.91935811077866 0 0 0
v 86.743923683593991 -40.280373023435715 -254.81647136140884 0 0 0
v 86.716527992812146 -44.634111179573196 -223.90630405043987 0 0 0
v 88.735776220726009 -32.561643481010975 -253.58266829993119 0 0 0
v 89.279207224686232 -30.423109563146923 -253.36532524814041 0 0 0
v 88.221288680010858 -39.423435751172129 -234.12272068486973 0 0 0
v 89.476611577152653 -18.128303091871203 -253.98769742777844 0 0 0
v 90.250837245747832 -30.311856403153811 -240.2709738554781 0 0 0
v 90.676266745111676 -28.837960142219117 -239.58003966364643 0 0 0
v 89.658056071904241 -36.081374826020465 -231.0036126960762 0 0 0
v 92.221228536427944 -20.020549493636366 -235.35961504010351 0 0 0
v 92.725504312172944 -25.597058521041589 -226.28682007720431 0 0 0
v 90.28166982564133 -26.05439712402513 -241.20046855810415 0 0 0
v 90.888450712364531 -24.64081335712811 -236.64736054916426 0 0 0
v 91.239521818898154 -25.901236174236345 -238.22586798264354 0 0 0
v 91.711000561107255 -12.306867094532777 -248.58817072363411 0 0 0
v 92.721425286790335 -17.464067298641396 -235.3614714346231 0 0 0
v 93.303205265531105 -21.621730150234583 -225.86335558995805 0 0 0
v 90.124721667726476 -20.140653393404307 -251.85699554070737 0 0 0
v 90.431353618696932 -12.373223937860246 -252.69285800090367 0 0 0
v 90.713095377787255 -5.9250381978368978 -250.41414019937187 0 0 0
v 91.191752337022336 -12.571283818095026 -249.67507235265072 0 0 0
v 92.735862567516804 -9.7186325486568421 -239.13528924788292 0 0 0
v 92.371939306229322 -11.573909232934511 -237.40738430338521 0 0 0
v 91.809560603036374 -12.219973132519669 -238.98376425331753 0 0 0
v 93.102372514778764 -13.69245057735435 -228.33215913550455 0 0 0
v 92.341876315363436 -10.885325863160173 -234.55888130179468 0 0 0
v 93.300807058705885 -12.904128777178244 -231.63872926236979 0 0 0
v 89.762211037087837 4.5218367818228682 -253.88257346381175 0 0 0
v 91.303063150754809 5.7837965278083061 -252.66650770609613 0 0 0
v 91.185505114428935 3.1741422009473581 -249.90069821678691 0 0 0
v 91.352904365379402 2.1311792889382559 -246.14642564672607 0 0 0
v 92.768997644647783 3.6152772234744361 -238.21110518389838 0 0 0
v 93.290787064189857 0.070340023657536221 -232.87727879771606 0 0 0
v 92.943378591802272 3.5811957016185829 -229.37917249195792 0 0 0
v 93.44498679293325 -6.2365106595819668 -227.18746810328469 0 0 0
v 94.353733376057846 1.9962347310058703 -222.75186597130056 0 0 0
v 94.830205790549456 -9.3476467348375536 -222.48613816016788 0 0 0
v 94.213978706779031 -10.236174223396802 -223.77435056644154 0 0 0
v 17.989036733185401 -70.188609207788673 -214.98442492368068 0 0 0
v 11.508416622432406 -70.534537216817768 -223.26443626426877 0 0 0
v 13.424590745151789 -70.970152594042361 -222.50499884404314 0 0 0
v 19.02986875960412 -71.036276916393717 -203.79301459569723 0 0 0
v 4.7183635755465048 -70.499311814541997 -220.44781083824341 0 0 0
v 19.390903796814612 -69.882198939006258 -213.90576963434572 0 0 0
v 31.244015679366463 -69.420620960715581 -215.38683282972647 0 0 0
v 21.809955442215415 -70.338779247459627 -202.00289484484182 0 0 0
v 18.019616342738964 -70.797415312763775 -215.0958639639054 0 0 0
v 19.518628500480062 -70.302423994416515 -216.21147558478432 0 0 0
v 21.67266130019166 -69.872019525673437 -197.92795806419588 0 0 0
v 21.711006743285555 -70.36976903762816 -179.28638090810804 0 0 0
v 25.585102013507822 -70.071126367564005 -179.60315001925369 0 0 0
v 24.647393844115697 -69.760976426618555 -179.44535469760601 0 0 0
v 28.058361613735645 -70.379460754226784 -199.71440435283284 0 0 0
v 32.713655661384507 -70.028632048309248 -183.12598154338389 0 0 0
v 33.308968435578286 -69.663922251425433 -215.5974694716657 0 0 0
v 33.746549138541518 -68.896340867542705 -183.71527905849089 0 0 0
v 32.82334000720509 -69.382072948547872 -214.97766192233289 0 0 0
v 27.410070090524528 -70.384840382547679 -182.09595720521716 0 0 0
v 32.04890226365228 -69.509656778929056 -183.65557224817076 0 0 0
v 21.8495882041492 -69.776490689192926 -179.40318546912897 0 0 0
v 34.826543434677959 -69.342952336931489 -216.12980720247597 0 0 0
v 39.214449153717027 -68.410003618466718 -213.35451464974184 0 0 0
v 38.54262315781375 -68.496976891215724 -185.15709755552979 0 0 0
v 40.734094719993408 -68.361215130755298 -186.75228215285716 0 0 0
v 40.744805512154933 -68.988937378961069 -216.10488464404401 0 0 0
v 42.443643824112293 -68.453530164856332 -186.62789205634954 0 0 0
v 45.972915099918318 -67.398211251882884 -188.4638886885142 0 0 0
v 47.44219770363248 -67.756573614861821 -189.14601473435667 0 0 0
v 46.49800572496266 -68.057626826948336 -229.79012038576383 0 0 0
v 41.702810076876261 -67.828489344414578 -186.57400868650703 0 0 0
v 45.22323048215992 -68.33657923769681 -186.96396893637205 0 0 0
v 52.591992941936766 -66.003124227192174 -190.86937077870411 0 0 0
v 57.430829642422921 -65.84809517525909 -192.20556045522869 0 0 0
v 56.017244014864929 -66.196167720658309 -191.8894496155834 0 0 0
v 52.178117549521687 -66.926772417314666 -195.33343614726394 0 0 0
v 57.932320555954448 -65.353827851717142 -191.3490643668213 0 0 0
v 63.776629438414872 -63.068324441928532 -194.03081118955987 0 0 0
v 64.143270454095727 -63.431562519379696 -193.32177804530107 0 0 0
v 65.330335770962563 -63.077503473287969 -193.4338677400996 0 0 0
v 74.905970417790684 -58.773449899564028 -198.98879270520493 0 0 0
v 70.336886266198633 -60.339411210603771 -197.01576784936361 0 0 0
v 77.51744379972277 -56.180989625718126 -197.93165324167393 0 0 0
v 88.204455984230378 -45.443907317128151 -202.62077844557152 0 0 0
v 89.165890832189035 -41.790555506273705 -212.65541294680864 0 0 0
v 86.507050371900036 -47.453806432507065 -201.10584292565488 0 0 0
v 84.088927408282416 -50.007760210479546 -200.12873721866947 0 0 0
v 85.291049666612395 -47.996626661254425 -202.10431392876424 0 0 0
v 88.431102778253234 -43.128534745798675 -202.38190249070075 0 0 0
v 90.332430107528722 -34.661105504906764 -220.16243290515112 0 0 0
v 94.085345675270801 -29.355613586933316 -203.73558731823152 0 0 0
v 94.511396480012607 -20.893186551349373 -216.90893429116318 0 0 0
v 95.080104297094294 -24.086676487454071 -204.37852582331396 0 0 0
v 95.261030803519418 -3.9170186401032652 -219.0986212779485 0 0 0
v 94.442891922976656 -11.07137772772225 -217.39601664603333 0 0 0
v 96.097772650946993 -9.1814566392693422 -212.96416183151561 0 0 0
v 95.725336689870943 -15.641440722287598 -212.27638097928724 0 0 0
v 96.312462321295641 -15.910101413546386 -205.20963951673144 0 0 0
v 95.381452470050391 -10.118224874034809 -215.36666971513765 0 0 0
v 95.430326152639054 -12.340216095906825 -209.62353510136083 0 0 0
v 96.505953161802651 -11.712456536921223 -204.95577445111141 0 0 0
v 96.688628472365608 -14.466811055115713 -204.32608080042621 0 0 0
v 96.991723425851234 -14.39396874912469 -204.51711351078615 0 0 0
v 96.935680384103748 6.8617515223781993 -204.70235200759535 0 0 0
v 96.511206515235244 -9.0043917793939272 -207.87410381613483 0 0 0
v 96.730959000563104 1.4560586707366383 -206.86407763149418 0 0 0
v 14.967712198398203 58.087033461291938 -287.2848113249334 0 0 0
v 22.21934890289242 62.481167477351029 -239.38372861165499 0 0 0
v 12.348898448279144 62.540619070915525 -247.94570500857972 0 0 0
v 10.62384366669184 63.051243751057982 -235.0967645904515 0 0 0
v 21.033819270775894 62.999505407325898 -237.62107712711594 0 0 0
v 20.359906708112135 62.086100735171208 -238.22550005832031 0 0 0
v 24.034693532612437 58.134125407698903 -283.27494338959104 0 0 0
v 25.570356535494852 57.768436225845797 -282.73727022324982 0 0 0
v 26.00900445550792 60.491305809756852 -282.10047249253927 0 0 0
v 23.81384498306204 60.100186313740942 -273.41673501390966 0 0 0
v 17.685952244432201 61.992246640846993 -257.52400602701226 0 0 0
v 33.196325911735698 57.18232484366186 -279.20676564888186 0 0 0
v 23.020565757190184 59.619048108635944 -281.94777678779741 0 0 0
v 34.954534080563349 58.557249639499695 -278.00440332904412 0 0 0
v 31.470256766488035 63.072155174200148 -232.8716730850557 0 0 0
v 33.076018778224181 62.481167677584686 -233.10779259576458 0 0 0
v 43.554658479710412 59.566869505115214 -262.12411485263232 0 0 0
v 46.260388430313128 60.560913633293424 -254.16419910689072 0 0 0
v 34.715005930423558 57.358409269538129 -278.66001588378811 0 0 0
v 52.65512265758025 60.074528807871431 -249.00199496061387 0 0 0
v 42.964395208096903 59.763136643281086 -266.78037707052584 0 0 0
v 47.169514259153033 60.479011883920734 -248.86859530175843 0 0 0
v 27.207640609443075 62.530502773485239 -245.3639918525015 0 0 0
v 41.759366215630735 62.549533987713623 -229.93990367000373 0 0 0
v 41.728038549408154 63.061098559258504 -222.24498238498282 0 0 0
v 43.030453391202968 59.555214565301306 -274.66314070070467 0 0 0
v 53.738245993297483 58.105233469473809 -270.36524947767072 0 0 0
v 60.267277473659021 59.602598520708987 -227.41571393685814 0 0 0
v 52.501432166429311 61.037862664260473 -235.36580986742533 0 0 0
v 42.430692910949915 57.000432597599264 -275.11956568617768 0 0 0
v 49.253789513753702 57.815089931944641 -270.60389724585718 0 0 0
v 60.312262777793521 59.549774818976317 -236.48163587806474 0 0 0
v 50.330530438469992 59.073061448811565 -265.88395203161855 0 0 0
v 60.869400986327321 58.979306509928698 -242.27062432898038 0 0 0
v 53.565568919711453 58.839386425575434 -249.31538677927816 0 0 0
v 65.998340415941684 60.568254023300206 -210.56684336309345 0 0 0
v 64.505302331727421 54.642991076796235 -265.01654008105419 0 0 0
v 59.788442263593424 57.087285806386546 -268.11429336201604 0 0 0
v 63.989913595715137 56.096676212327466 -264.96902009306069 0 0 0
v 68.749977372255046 53.746704353630719 -261.29342481389796 0 0 0
v 62.774296809161697 58.533710376331456 -242.06018005408185 0 0 0
v 62.541922207549575 57.973409931595484 -248.85164737701172 0 0 0
v 52.933378192392496 58.557797799498857 -264.61706120324845 0 0 0
v 57.641069435860871 57.548009314067443 -267.50234349392031 0 0 0
v 66.781353896611648 55.374992645239324 -253.5265754838089 0 0 0
v 67.566824515645891 57.887128731545197 -225.1256288426878 0 0 0
v 55.565362527310356 58.375836565492229 -253.55878263203832 0 0 0
v 68.353497723973717 59.892653021951048 -211.567215434616 0 0 0
v 72.267874658430401 53.206579201298496 -262.66319537646172 0 0 0
v 68.830025310438373 53.279081452173017 -264.38436119441945 0 0 0
v 74.128127534390046 50.742811787949307 -260.54564742364533 0 0 0
v 72.077559549887269 49.837286521372619 -261.88331418122687 0 0 0
v 73.534296829986488 52.427674284154648 -261.31765492441292 0 0 0
v 73.204501049245565 53.702933542883244 -250.1075878548998 0 0 0
v 74.655285611586905 56.400304350289048 -220.71130780155934 0 0 0
v 70.345146057128289 58.37840730026246 -220.20463088454107 0 0 0
v 81.768656200175315 42.915024900105664 -257.28018877752447 0 0 0
v 76.957629243841524 50.07693982211692 -258.40089775959893 0 0 0
v 80.520679907950807 46.619689072987008 -256.91160008228627 0 0 0
v 79.892022242395882 47.365830157398904 -246.24569505839744 0 0 0
v 89.664001615551086 13.174528761971445 -253.09147151649864 0 0 0
v 87.121636635196012 28.534017539788238 -254.89413443366917 0 0 0
v 90.217835858076938 18.500147315479452 -243.70529386997947 0 0 0
v 88.874543810535656 21.4699118151362 -252.8409176419128 0 0 0
v 89.218550613360534 24.196056694726416 -253.86185262298682 0 0 0
v 90.080695601375822 18.48214065816482 -253.98308481658188 0 0 0
v 89.521857077082089 23.826979641352494 -248.98265965526309 0 0 0
v 89.086801562955984 35.232781230034476 -228.73251003415675 0 0 0
v 87.698167617233594 30.752582301703399 -253.65692814382768 0 0 0
v 86.997650661308498 42.74626274661712 -222.48029207039932 0 0 0
v 88.173968665564956 38.260077190095544 -228.0639090547464 0 0 0
v 84.028071732194533 39.012699624226407 -255.17304304786916 0 0 0
v 84.993449055200387 42.864858708316603 -238.79814453631712 0 0 0
v 90.116965802380818 36.830360113524236 -216.28773574794442 0 0 0
v 87.383133931314944 47.24648008043556 -202.34616432312151 0 0 0
v 82.148566085487161 49.185839870964159 -228.30765213075836 0 0 0
v 90.675080316058128 6.6529454845644977 -247.50781950336898 0 0 0
v 90.251351879621225 11.226811911961704 -252.44188093043661 0 0 0
v 91.028240381515573 5.2312347260684078 -246.73541208033748 0 0 0
v 91.754260256812771 -0.43720487799964758 -248.50733160195011 0 0 0
v 92.351098538865813 1.8336040785027592 -234.06284094217295 0 0 0
v 92.272682039846956 2.0212138603806125 -238.09664867974132 0 0 0
v 93.964695896319796 -2.1851814958165221 -222.27240348622695 0 0 0
v 90.491402453364927 13.530977449849928 -253.52595578884672 0 0 0
v 91.28395205697818 12.748113088654691 -240.86471657848466 0 0 0
v 91.552651098619862 4.0291621987943245 -240.12886388343551 0 0 0
v 91.386010924779427 20.358503094813244 -229.71958748992546 0 0 0
v 92.293569505316427 17.383878668440218 -226.52788166877988 0 0 0
v 92.026336534093957 12.663406224390201 -232.90579812530737 0 0 0
v 92.670169334203635 14.028684827073391 -232.1179512926762 0 0 0
v 92.97680956089026 14.727832584391876 -223.27916633538385 0 0 0
v 90.246055176422885 27.979235380130064 -234.78017384741011 0 0 0
v 91.281155009181589 19.68643826219801 -238.18675865775774 0 0 0
v 91.724213822493525 20.442519558675656 -234.12159772291864 0 0 0
v 91.868284512824474 8.575466982922535 -244.85251048679473 0 0 0
v 92.737774183998866 24.225645778147708 -220.76494579553946 0 0 0
v 93.224238329574078 13.130564882799064 -229.09998633152935 0 0 0
v 90.436817524206319 29.686633270166197 -223.12388118056424 0 0 0
v 89.099971045482448 30.184621980205463 -233.55763243310523 0 0 0
v 90.826529321601512 15.44897927518258 -240.2598479969449 0 0 0
v 90.879096058619069 25.997586512089754 -225.87759776137293 0 0 0
v 18.219659003667743 63.173660204105857 -215.85494259386499 0 0 0
v 12.011408055669619 63.677542910607833 -210.34913850358842 0 0 0
v 22.840519693174748 63.738508269139643 -215.22021974001422 0 0 0
v 15.525251052936511 64.482874321627605 -189.75881711455116 0 0 0
v 14.530517102931981 65.053368764663588 -186.37269615821197 0 0 0
v 26.350801516638398 64.968115109043652 -192.63959771640248 0 0 0
v 26.40683012596628 63.022930572710635 -217.20471433472392 0 0 0
v 15.170661730183042 64.144452933025377 -213.30822036518958 0 0 0
v 29.196945704256279 64.593929935794549 -201.98313337360656 0 0 0
v 26.155896686680308 64.44020052918394 -193.8686062351222 0 0 0
v 23.720024445261174 64.096976443078731 -192.19594168918624 0 0 0
v 26.998254773388453 65.48233183759676 -181.7892981225045 0 0 0
v 23.020357294837595 65.267872338604803 -178.8076938296046 0 0 0
v 29.622038063300579 65.075087394925745 -181.04801268559194 0 0 0
v 34.086430441990927 63.675843860263321 -209.84464499469453 0 0 0
v 33.442599971271264 63.647316963604148 -200.98339304034837 0 0 0
v 38.15834159021307 63.425366302976776 -207.33065111273697 0 0 0
v 27.90491854080858 63.113729400398469 -215.44582977771776 0 0 0
v 40.071330970389347 64.479610066464943 -186.30836804363503 0 0 0
v 39.392141548815403 64.011577656486395 -185.2693978535614 0 0 0
v 31.808928432585901 64.112319419046031 -190.61940584043657 0 0 0
v 39.655873908393716 64.382650284981196 -185.13035900056374 0 0 0
v 61.07186834684444 62.558641936870274 -193.21703797738348 0 0 0
v 43.896009132832774 62.509731830023576 -222.578495674556 0 0 0
v 41.179076905801253 64.179452276517637 -202.78608349207741 0 0 0
v 44.980955333857651 64.574829108600937 -187.77601870576228 0 0 0
v 51.708168522213413 64.063167535456955 -189.77655632065535 0 0 0
v 47.885911587650497 63.05063828404063 -196.19217024950885 0 0 0
v 37.764320356839875 62.920714222623381 -211.35749465250134 0 0 0
v 41.484993947143721 63.903388967749976 -204.05198404469814 0 0 0
v 41.648586605502885 63.663079003205787 -201.20150128677005 0 0 0
v 50.683055148803454 63.52954592276317 -189.98363622480568 0 0 0
v 50.040440323019197 64.158077030667457 -188.21618087039903 0 0 0
v 64.012247492642047 62.495746193008252 -193.41563343664401 0 0 0
v 40.301627392516423 61.60810277364704 -233.64802034865235 0 0 0
v 63.937119895482248 61.557296737990029 -195.36999610164153 0 0 0
v 60.096817353319068 62.063521988431347 -192.91142029758331 0 0 0
v 67.425709011289129 61.562455408136771 -195.06777860136606 0 0 0
v 42.599577201849087 61.511202932417227 -240.71045045908605 0 0 0
v 61.268141926995042 62.126676141899353 -192.3206829325047 0 0 0
v 62.679376263282776 61.975758826803713 -192.47272476045549 0 0 0
v 65.242279532073567 61.627600156162487 -193.98886079241447 0 0 0
v 65.349194884529979 62.033279408181549 -195.46996715112917 0 0 0
v 69.260352834519495 60.252551828026569 -195.89779959963826 0 0 0
v 65.123891469237819 60.980532195807093 -208.21405276728615 0 0 0
v 70.279624847619232 60.868940396347654 -196.38674257799471 0 0 0
v 83.877304190054375 52.286654346073504 -200.4506311359207 0 0 0
v 79.924458911700327 55.566123342458098 -199.09108269344591 0 0 0
v 79.694446891069816 54.76809422026173 -199.96890839253197 0 0 0
v 90.466696501304568 38.776693851502117 -202.36118759759142 0 0 0
v 86.464050784274406 48.348274797280624 -200.9988113394617 0 0 0
v 94.297793619871356 2.1650386998262547 -219.10505694736037 0 0 0
v 94.90610776215884 11.984215968544163 -217.22150021487792 0 0 0
v 96.253518352633705 5.4129053235337778 -208.13194937643786 0 0 0
v 96.677901857814945 6.5469561906524802 -204.34721532790704 0 0 0
v 96.304784902235227 7.9658344285332419 -205.36548996823893 0 0 0
v 94.263195887566212 12.872446902281297 -219.01860651316818 0 0 0
v 95.230298905309994 8.3050112787791477 -214.0503421494364 0 0 0
v 94.303794267424266 17.268159622915647 -210.80596976646697 0 0 0
v 95.724091394070186 7.7676168493175055 -204.88016729230128 0 0 0
v 93.260854327873147 23.58145894763976 -216.32039286927156 0 0 0
v 95.012110850037956 17.590513141388072 -204.87470026061928 0 0 0
v 95.36755908436848 19.480186075212345 -204.83761585061069 0 0 0
v 95.700462537074145 17.565273146964625 -204.00378409520096 0 0 0
v 93.373432450054679 31.255819072512509 -203.84114386633036 0 0 0
v 93.794034459020438 21.555975537532674 -216.10622742524308 0 0 0
v 94.436091477078747 25.638975682210415 -205.07457373225961 0 0 0
v 93.973140356257531 26.058819742698688 -203.74731698003134 0 0 0
v 94.488112737499094 24.117941255949113 -204.03074884380962 0 0 0
v 90.655753255382137 26.615569393390558 -233.54938899881742 0 0 0
v 90.878470225055281 39.938553045718805 -203.31840513890816 0 0 0
v 91.2403792759646 29.72209227792348 -223.06064119498521 0 0 0
v 91.703692288103539 31.378434312483762 -215.99286842030105 0 0 0
v 92.293571054585613 24.894632524501191 -222.72932753395807 0 0 0
v -64.216283006984099 -25.000219565670449 -270.26396635761671 0 0 0
v -34.634744542278213 37.580744070059154 -300.75009675801664 0 0 0
v -7.5499353658497199 -67.967280196687042 -292.35055585991819 0 0 0
v -2.852936869585136 -69.979961799646603 -258.69050991958795 0 0 0
v 6.2091248658231279 -68.201543677687923 -290.59841405482649 0 0 0
v -67.877431526177602 -44.888666943210815 -170.45919455239616 0 0 0
v -69.329050832030376 -37.398845002093324 -174.74514601944568 0 0 0
v -68.365018699408012 -2.5282202891469936 -215.80290892981614 0 0 0
v -68.810360425786584 -13.295370277346308 -212.20038634692105 0 0 0
v -33.566578331431494 -67.450965237446738 -194.89938904448482 0 0 0
v -7.7030378260549082 -71.145467907181668 -172.69930939509268 0 0 0
v -63.785897712233186 23.386736481589541 -284.49355355443652 0 0 0
v -43.780604883447268 50.886679318049076 -298.85094810865485 0 0 0
v -35.172542514091489 57.564864295716184 -253.78848293144253 0 0 0
v -7.5838317884478528 61.274109992238252 -236.81282894656968 0 0 0
v 5.3909263266747303 58.508920064193703 -292.30782739443026 0 0 0
v -71.34541704842465 10.341326413305922 -178.10242103749249 0 0 0
v -71.797757576392911 10.032396752187537 -179.06969722150276 0 0 0
v -17.576925647555207 61.866932693148193 -206.34113860575138 0 0 0
v -14.223840360585939 62.958799184744521 -165.56234392100598 0 0 0
v -11.987432567125381 62.852840651559497 -167.96166926393985 0 0 0
v -7.9390245165653113 63.217531955692664 -201.2586185867051 0 0 0
v -0.39841015598499041 62.924891674971988 -197.43605870709035 0 0 0
v 78.057328014441239 -53.381983517308015 -257.15903677262872 0 0 0
v 80.901371383727536 -49.943268578632846 -256.31112983435401 0 0 0
v 87.600815883568202 -32.772503926489208 -254.70801312537156 0 0 0
v 76.795814619351091 -56.418049005777647 -199.23448416584591 0 0 0
v 16.494566645540431 57.857582098750058 -286.77452995672854 0 0 0
v 24.882378016856649 62.158684999975904 -254.12841899203303 0 0 0
v 46.862965859151529 61.5300177534886 -239.48472151543726 0 0 0
v 44.459437078789961 59.556655715288315 -268.03451634080756 0 0 0
v 57.607441634590302 61.18154554547003 -211.33367580935848 0 0 0
v 61.567690186765859 60.569377911431751 -211.9372445797849 0 0 0
v -59.271531196934113 -55.093001749031941 -216.48451844326914 0 0 0
v 8.8844873440665424 -70.385705781044436 -250.21021320841015 0 0 0
v -54.300540082100696 -61.134838481551007 -184.3387381848938 0 0 0
v -41.51770763397333 -65.910422666868072 -226.08643783594903 0 0 0
v -60.556600927496795 45.748655179523155 -205.36121931163501 0 0 0
v -7.2409281102824536 62.524497078277562 -222.49855034593412 0 0 0
v 2.6326950216827925 64.539481821928334 -185.05874107712398 0 0 0
v 19.363381716205978 -70.353278092604157 -243.81256025806309 0 0 0
v 40.859756341107548 -68.404672563570571 -234.70754712858107 0 0 0
v 85.167113905948469 -45.847144558966505 -220.2905188788487 0 0 0
v 41.886168630576833 63.458957409334019 -216.15681437828511 0 0 0
v -65.6729181851112 -23.709011327394208 -259.74596227147765 0 0 0
v -58.550938704987914 -57.926336572711392 -181.98740039880556 0 0 0
v 88.358983656949292 28.196346559992264 -244.13344635530717 0 0 0
v -52.053813366132793 -60.004909257369277 -230.43892453133364 0 0 0
v -74.968437550475201 -33.629020236178334 -145.81343711635813 0 0 0
v 29.05436301376723 -69.46458875106714 -197.23709235673851 0 0 0
v -47.373983323287177 61.281187184480878 -150.41787913403451 0 0 0
v -45.056649069761875 58.814532964452169 -155.42249431492195 0 0 0
v -55.969901813198987 55.182123125054943 -151.60061364043398 0 0 0
v -68.352554444313824 49.220256429625422 -142.97487432722806 0 0 0
v -62.607883844568804 54.742705191435263 -145.00506401812865 0 0 0
v -64.0523947284982 49.086200416663644 -148.76733331251685 0 0 0
v -69.127563100448072 42.37746535442011 -146.98825788117878 0 0 0
v -73.489585315340321 31.040463279722644 -145.4457758134252 0 0 0
v -74.289888591591534 39.075434902554804 -140.7937260854215 0 0 0
v -55.580669711038453 58.75119379882058 -147.32342286010413 0 0 0
v 45.594209536856937 78.716404962537155 -37.959825951385355 0 0 0
v 40.619233387324016 80.665985262621007 -1.3955645124056621 0 0 0
v 57.860147352801221 77.924929886236725 -12.683050772892766 0 0 0
v 62.740038803299989 67.916595357895858 -163.60994259959799 0 0 0
v 71.845046512892509 63.103219383506612 -191.57594619285189 0 0 0
v 62.764967536898212 65.078133195028386 -188.68629004684257 0 0 0
v 70.663656423356215 68.562103801131755 -140.47466111626488 0 0 0
v 62.66322355823398 75.803638426445787 -46.39543963322668 0 0 0
v 70.291359209470144 72.232746439717829 -82.669027466584396 0 0 0
v 60.581980198696172 75.324555447636754 -67.739123313255803 0 0 0
v 54.26602992744273 77.547036619350138 -41.298397143181397 0 0 0
v 64.580564542874427 75.817980907399019 -24.90829948186941 0 0 0
v 71.319870287099349 72.87464708858306 -55.795226994213543 0 0 0
v 74.628474722462798 70.301524517325248 -91.669879807395816 0 0 0
v 73.413194119652914 69.194578434248626 -119.5377641073535 0 0 0
v 67.72802046418397 71.605848648599547 -107.5318856828743 0 0 0
v 68.498363701542559 74.693366779012322 -10.496558538538206 0 0 0
v 56.542030108316624 78.504183868073923 5.7827630238738124 0 0 0
v 77.438168481284521 67.454811809596563 -122.72676897806922 0 0 0
v 50.037241421995539 80.023487612071193 16.608550531613119 0 0 0
v 64.734443587457704 75.971502061891826 23.260351674058864 0 0 0
v 81.106093117031719 65.108705069128717 -132.07534369539096 0 0 0
v 76.611058057241209 64.115921648050133 -168.13107430585293 0 0 0
v 79.270241350849489 68.76961686491309 -69.323082797391649 0 0 0
v 76.386342361167223 70.900474149864067 -30.18457796862263 0 0 0
v 69.917005221220307 73.534611658137052 29.630576552219814 0 0 0
v 75.526329379369685 70.668518568300129 13.838123562933397 0 0 0
v 83.252954940279437 65.512169876384633 -99.025836819925644 0 0 0
v 62.163497784494233 76.629301183548236 44.10574676047289 0 0 0
v 63.232134642417051 75.66769368298678 60.181494689314555 0 0 0
v 78.816255275864791 68.571282155369147 7.2671661845183806 0 0 0
v 73.213641210904285 72.372233981413999 -4.262961888029225 0 0 0
v 69.28705076555525 72.400023437656102 62.960888656642219 0 0 0
v 83.430289129424395 60.535341839319997 -168.8405148024122 0 0 0
v 87.173161073580204 60.171641333733298 -139.5246917538133 0 0 0
v 86.643354027755507 62.194102658742793 -113.69653109663325 0 0 0
v 78.995294478859023 68.946780274759391 -13.734901724152923 0 0 0
v 88.772219268246559 56.366829062655228 -164.34243390313182 0 0 0
v 83.960622508376915 65.712191345327838 -44.279271127832246 0 0 0
v 83.226311138352585 65.591938352766789 -16.443967805419781 0 0 0
v 76.119873038283956 68.526844432354977 50.471565208383929 0 0 0
v 80.58486455208741 65.299730495732078 38.819340301801624 0 0 0
v 88.96389179199096 60.636556719884027 -89.218477832966101 0 0 0
v 92.688567817683719 51.968121749545652 -160.0704508996383 0 0 0
v 86.962466769799406 62.526572400888689 -35.321144047132648 0 0 0
v 91.213273640945218 58.175034767812512 -58.672714689785892 0 0 0
v 83.288829268824969 64.459288297848673 9.5147850303664985 0 0 0
v 87.983219731014572 60.506735906159598 -12.38481443129335 0 0 0
v 92.124599256845684 56.283343364649667 -110.52810904856216 0 0 0
v 92.128770647425739 54.694882318881717 -15.75643880159644 0 0 0
v 91.047788827992107 56.438830366408517 -134.91348731253686 0 0 0
v 96.2279967681946 49.076356379503991 -128.02597848594178 0 0 0
v 95.639343848765193 51.301223529645135 -95.101739222812768 0 0 0
v 92.940516016090655 48.666245324761299 -181.29562385526566 0 0 0
v 96.649400112956783 44.227498138622892 -163.77533462800906 0 0 0
v 95.333481160920627 51.40833383387843 -57.182879143058273 0 0 0
v 89.142882807266901 58.231536574385316 0.49234962505343538 0 0 0
v 94.999350815685318 48.788228144445796 -9.9286458677757494 0 0 0
v 89.382220781436246 55.816853599097122 23.132529979718996 0 0 0
v 92.777699295871457 50.387109669583744 16.414478669276246 0 0 0
v 97.572923345304005 47.362898956009765 -102.17353732910472 0 0 0
v 84.444111906971855 61.070096664641717 39.878128618115333 0 0 0
v 87.065168864436629 53.381198640263932 71.28926290931436 0 0 0
v 94.286033199842564 41.869084146032264 -199.54826024747459 0 0 0
v 98.391089207339164 44.87964325925131 -65.3989379098021 0 0 0
v 97.028294709715666 47.494577329826889 -49.448303862521207 0 0 0
v 91.925991987685876 48.973390767440037 39.693411590234447 0 0 0
v 98.617010404654678 34.518327782364047 -181.90196175874959 0 0 0
v 97.30150528143065 31.802915480403954 -200.62472862490435 0 0 0
v 95.971309194306855 42.309251749329938 21.202926363047094 0 0 0
v 98.801270211996808 38.206394485274892 -6.3048338164572115 0 0 0
v 100.67761216388466 39.036538535276158 -93.535650515615515 0 0 0
v 100.25385674478811 38.04713921136247 -136.5605913605678 0 0 0
v 78.834944969219805 60.020729436248189 -194.21174970976358 0 0 0
v 85.519746705322049 55.536447434108467 -196.3690296879584 0 0 0
v 48.273236772037002 77.492295410449458 -57.217116765348159 0 0 0
v 55.944365216823861 74.275839619064925 -98.095835360111309 0 0 0
v 75.263768020950224 67.964117853539165 65.901385521172216 0 0 0
v 81.078161641637024 62.128697809071362 69.001082636289738 0 0 0
v 99.603599565216783 39.50732087726292 -35.469960512331539 0 0 0
v 100.71226361377843 37.712961871198736 -54.260316749222653 0 0 0
v 92.233315038985836 40.819615875485432 74.462343506047461 0 0 0
v -60.909565618651776 73.700683772677095 36.805696777379289 0 0 0
v -71.635368170157108 67.98077323731458 49.197704683311812 0 0 0
v -51.331137512453409 71.75739980337174 54.680052970202418 0 0 0
v -31.576056601203334 73.829906895111208 60.424073051501935 0 0 0
v -31.631953084888679 81.639551556817011 28.014913758843615 0 0 0
v -66.328879629623543 76.174861707489228 19.160461566644337 0 0 0
v 100.67761216388466 39.036538535276158 -93.535650515615515 0 0 0
v 102.45629869385554 32.118691527645922 -110.48205305145659 0 0 0
v 100.25385674478811 38.04713921136247 -136.5605913605678 0 0 0
v 100.71226361377843 37.712961871198736 -54.260316749222653 0 0 0
v 102.26791962343064 32.625633387899583 -61.120537820519878 0 0 0
v 95.971309194306855 42.309251749329938 21.202926363047094 0 0 0
v 98.546105411065469 29.49313318631258 38.401215415043524 0 0 0
v 98.526705417397139 34.361087296037873 18.687590489025094 0 0 0
v 99.603599565216783 39.50732087726292 -35.469960512331539 0 0 0
v 103.08671291187117 27.008134464116804 -42.328549756226813 0 0 0
v 100.70078008167947 27.337933195563199 11.49707154967321 0 0 0
v 103.41507236447367 25.873264807508228 -129.10382411277129 0 0 0
v 104.67020600235895 18.311286893489633 -126.69798059812685 0 0 0
v 102.13542262406668 27.146915707232594 -154.63632142084197 0 0 0
v 102.75468908272538 23.46467680136351 -14.71204856949994 0 0 0
v 101.34696518367981 32.072905518779805 -25.137035597630543 0 0 0
v 98.801270211996808 38.206394485274892 -6.3048338164572115 0 0 0
v 104.64049739983902 20.329846573619925 -59.920198893165328 0 0 0
v 104.98904435348076 19.89588928012401 -91.095425640400634 0 0 0
v 105.60835292997066 11.906443614825218 -114.14514504054914 0 0 0
v 103.97556098504202 25.219048157678433 -104.09483663478198 0 0 0
v 100.98200369731811 19.52233455241192 28.039564111455636 0 0 0
v 103.90006190364208 13.365216398806911 -157.02229199157682 0 0 0
v 106.11500509338298 7.2306116890077545 -75.929071249184503 0 0 0
v 104.41990146667243 17.790161605350395 -37.730081238592383 0 0 0
v 105.56818932179758 9.6813198757178078 -50.729756029896414 0 0 0
v 103.05949031631215 15.583843360655987 2.6251456645272024 0 0 0
v 99.960449561050183 33.236561936425765 -0.13238388157270978 0 0 0
v 93.978500858053451 34.761619369557138 75.713498018712244 0 0 0
v 99.173072995749635 19.763840249209071 52.354659406353626 0 0 0
v 102.11793560768989 14.067465731339151 -182.077711256425 0 0 0
v 101.9685288524395 20.496328626646537 -174.73041675724963 0 0 0
v 104.05329221478995 5.4369946585032887 -164.21884798903105 0 0 0
v 101.16800438034238 11.318556320094508 39.866701981681835 0 0 0
v 102.61646835090308 1.2012818460378309 27.677830696503108 0 0 0
v 103.55046157387983 -5.0387749731264062 -175.63728660420074 0 0 0
v 102.08253868173703 4.9512727538043571 -189.90976245596062 0 0 0
v 105.06549226746479 -8.9877141123551603 -151.5522006467678 0 0 0
v 106.1675480355933 1.305914739958562 -56.803769659111978 0 0 0
v 97.364897653898367 17.168576524301749 77.437387683484204 0 0 0
v 98.339067908494783 6.0214985746367944 77.776051904089684 0 0 0
v 105.281005852989 1.2955374764792622 -25.094128600380603 0 0 0
v 101.13657066509796 -7.4782142995597667 -201.84949017883562 0 0 0
v 100.43116348492526 10.434069766641187 -201.72988490147037 0 0 0
v 106.35958326357836 1.1343421499247963 -103.73112761674788 0 0 0
v 105.63976425301234 4.7590609204694339 -131.89314066378935 0 0 0
v 106.28658670016011 -9.4137088588791897 -118.22672729970492 0 0 0
v 100.43257789026359 -7.8358058365176664 58.304629250507439 0 0 0
v 102.38334658325786 -4.5983752668284463 31.273652750751602 0 0 0
v -28.472361548092842 70.971070758746436 -111.00770765770129 0 0 0
v -47.063677805133089 69.300065526013313 -97.738524371321205 0 0 0
v -22.828875205371549 73.3466826082187 -97.311458919522082 0 0 0
v -32.856532146669551 80.065895139116151 -3.4329922100182775 0 0 0
v -19.561669215864747 79.652404558206811 -29.199820396360064 0 0 0
v -39.170953600592874 77.546794681565288 -29.037498406869055 0 0 0
v 0.35085132611710712 76.203324236187356 -90.301370591433312 0 0 0
v -7.7418913497601949 74.105649856365403 -105.82258600994733 0 0 0
v -11.149482745171998 71.494185765262216 -126.11880058218789 0 0 0
v 6.5857591239279323 70.341727185795577 -149.57858302775327 0 0 0
v -12.934768490845613 66.504272645149484 -162.21407828569869 0 0 0
v -28.958183166776564 68.552652859529289 -129.437542170537 0 0 0
v -21.411952913792682 77.75419176899338 -52.563686154301699 0 0 0
v -46.167060714097261 74.656796258854285 -49.793133518391706 0 0 0
v -46.681910176044241 79.768493812471206 23.941707841480405 0 0 0
v -31.631953084888679 81.639551556817011 28.014913758843615 0 0 0
v -4.5511155003261461 78.608822332648273 -58.301942894932651 0 0 0
v -17.282458594490073 76.044923072278721 -77.080892375261755 0 0 0
v -5.7422793177791194 80.821539558734585 -23.91548194625296 0 0 0
v -21.498532183424228 81.31104352652477 1.0258918820515255 0 0 0
v 8.3166162195953 79.144666096582213 -56.696472719827163 0 0 0
v 11.260229681550806 76.855372951008093 -88.068356720270486 0 0 0
v 20.667264088040387 78.952081995857895 -59.925681078643059 0 0 0
v 8.7832122818926415 80.956430321179141 -27.715452169399395 0 0 0
v 24.697551923955125 81.203702112688859 -17.434039570990976 0 0 0
v 21.295513234622728 77.50639694714144 -81.177471016111937 0 0 0
v 33.782649565659483 76.167604399937431 -94.558959361175766 0 0 0
v 18.262532491827624 80.160705865944237 -40.395149251986055 0 0 0
v 20.571130785772787 71.403255167667766 -146.88602998541248 0 0 0
v 41.100890690720611 73.584316324353367 -123.91673570289045 0 0 0
v 35.483066875154371 71.56289743748934 -146.15000188427942 0 0 0
v 40.357236920046148 76.710951142567382 -83.123411969647933 0 0 0
v 22.154413163606868 74.888396458506165 -112.41936688128263 0 0 0
v 15.624636151810137 83.421826139566321 42.046678433265647 0 0 0
v 28.253921908591412 81.920669901784919 7.8746241105287558 0 0 0
v 8.8996038544320033 82.496821752349859 5.1856362672035647 0 0 0
v 45.594209536856937 78.716404962537155 -37.959825951385355 0 0 0
v 60.886685182076334 71.331527736532195 -129.41990173367586 0 0 0
v 51.414663755565726 69.056295088644575 -163.02522891848656 0 0 0
v 55.944365216823861 74.275839619064925 -98.095835360111309 0 0 0
v 31.308546137345999 82.677236501571997 47.376325121037503 0 0 0
v 40.619233387324016 80.665985262621007 -1.3955645124056621 0 0 0
v -33.683275045269227 63.862031100215269 -155.21391758159649 0 0 0
v -55.801089640359827 74.974615599736751 -26.72101450391235 0 0 0
v -68.789762809318788 74.369616368128831 -0.37821766233888277 0 0 0
v -52.221992099485107 77.545036972893485 -0.51259256532907616 0 0 0
v -15.017811146925709 82.983422255415647 32.508004739108706 0 0 0
v 62.764967536898212 65.078133195028386 -188.68629004684257 0 0 0
v 50.732908009263838 66.614808739196476 -184.4803206293625 0 0 0
v 62.740038803299989 67.916595357895858 -163.60994259959799 0 0 0
v 0.33259381358942619 83.524823076109598 36.947476293327561 0 0 0
v -6.0422402083020375 82.436570523079439 7.9173540141975511 0 0 0
v 48.273236772037002 77.492295410449458 -57.217116765348159 0 0 0
v 96.225719113249625 -37.771877005795204 -200.18458760134567 0 0 0
v 89.694678136298307 -42.513178231597863 -202.2329653989099 0 0 0
v 94.184291549419214 -29.289531734087291 -203.85855845880948 0 0 0
v 92.725792942367093 -45.459207619820972 -198.85035536250174 0 0 0
v 87.403541273471689 -52.608271161984561 -197.00656013070636 0 0 0
v 71.647921687193275 -60.531288159473718 -196.02115844093339 0 0 0
v 82.163656532245 -52.698202630426749 -199.55833592722985 0 0 0
v 81.911185889279295 -57.602330658141966 -195.24546969596719 0 0 0
v 57.049367219026863 -65.60665011834331 -191.04915217669739 0 0 0
v 65.674489083143328 -66.29098846651442 -189.58842985345626 0 0 0
v 56.869445706564534 -68.895023578637179 -186.54744959171782 0 0 0
v -118.43334232286077 26.37315039359471 18.790998964268077 0 0 0
v -116.33321335233319 34.408781957598336 23.215829469809275 0 0 0
v -114.55758106103227 38.953952238727226 8.4418830326443093 0 0 0
v -94.672695259920403 59.99209567879987 43.324273713489106 0 0 0
v -84.770927001379249 66.70221369690401 34.59405952507619 0 0 0
v -94.492007507557204 65.136241261009658 12.646179988519972 0 0 0
v -111.57113936444591 43.435012486570656 39.258644892327915 0 0 0
v -106.81847742849172 50.099826969460423 40.358981441017953 0 0 0
v -107.69145991781562 50.609868124213769 27.84674913816934 0 0 0
v -120.3169322281481 14.533272071005904 21.291403377208677 0 0 0
v -119.09762826924545 23.535066798867113 37.587470524651636 0 0 0
v -115.52618599249928 35.636226503363787 38.345858194108175 0 0 0
v -112.10757450116093 44.14275207001279 24.694044964460662 0 0 0
v -100.63659947936698 58.297068800305482 26.729506364603999 0 0 0
v -102.90900439717842 57.779260371100882 10.837265618776637 0 0 0
v -106.28680877795156 53.774436439454561 10.085461162368636 0 0 0
v 42.548045168949926 70.457992455755658 86.358703338497776 0 0 0
v 49.259912370299475 74.752115649708287 71.294713901857037 0 0 0
v 41.020700584417668 77.550804390203979 64.586633790067367 0 0 0
v 64.925279838243497 69.812033100280786 75.229335810223006 0 0 0
v 57.073428475892527 70.788404918936422 79.386117564032247 0 0 0
v 69.715105268311731 65.486569487368826 80.879894944800995 0 0 0
v 85.916019240774546 43.659084708027507 89.054851574691241 0 0 0
v 82.194841598330143 51.060382374320241 87.420345750883257 0 0 0
v 75.548789451233233 51.422400759532309 101.2051190418921 0 0 0
v 81.078161641637024 62.128697809071362 69.001082636289738 0 0 0
v 70.259911676139382 57.557266012010842 98.579623484436723 0 0 0
v 55.095996762296778 78.679090026020717 56.647532056840731 0 0 0
v 46.677634557943897 80.856955749369021 53.007385441449387 0 0 0
v 75.263768020950224 67.964117853539165 65.901385521172216 0 0 0
v 23.781645696741066 73.062321423217668 79.002869028189522 0 0 0
v 31.308546137345999 82.677236501571997 47.376325121037503 0 0 0
v 85.002411475746584 31.470696759735915 105.95766723368244 0 0 0
v 92.233315038985836 40.819615875485432 74.462343506047461 0 0 0
v -103.75658347492396 30.272925129895324 -43.595922953503774 0 0 0
v -92.690920286014205 28.575599559364772 -85.707116080456842 0 0 0
v -90.913324898163751 21.730700911278145 -96.29174322660505 0 0 0
v -84.415909612187278 28.452233035465454 -115.51893844368227 0 0 0
v -87.87247509605362 35.682419918254084 -97.266327776138311 0 0 0
v -77.258854127917189 29.02151957039003 -139.97986420586162 0 0 0
v -95.919472127719018 36.792581727515362 -66.833436328183026 0 0 0
v -106.03979622570084 22.602249305525749 -40.147191215645016 0 0 0
v -105.64392500442567 33.97955974967936 -32.875119451351132 0 0 0
v -88.38461402765688 41.402340836113837 -88.484691854849913 0 0 0
v -83.340433027088181 44.616659450337146 -101.84114013515492 0 0 0
v -111.18505563545763 28.770773778984402 -16.450401718127107 0 0 0
v -104.51684246197573 41.54793818273852 -27.607272996681409 0 0 0
v -94.537910455077991 49.373481036066877 -51.30652777170782 0 0 0
v -110.3078542442463 37.232397256512236 -10.769563517483093 0 0 0
v -109.22935701306611 49.778401465583038 9.3180929051852157 0 0 0
v -80.232181406604653 50.943080220405903 -99.824426967495029 0 0 0
v -68.352554444313824 49.220256429625422 -142.97487432722806 0 0 0
v -71.71509174818631 44.51223342136263 -141.77063740254158 0 0 0
v -95.260287520612437 58.090138554995967 -21.245719953585102 0 0 0
v -70.209373967446624 52.613182663892623 -128.32117535854167 0 0 0
v -76.045766942509871 56.773914156321034 -96.340819543790815 0 0 0
v -66.820298005908228 57.264802689726501 -123.43780368003486 0 0 0
v -87.863578598936499 62.986449440041241 -27.434374685946349 0 0 0
v -80.901752355560205 63.921204348393175 -48.060197414538102 0 0 0
v -102.90900439717842 57.779260371100882 10.837265618776637 0 0 0
v -94.337481653537836 62.593517679186647 -3.1866207749523294 0 0 0
v -71.596853565446509 62.014878289235369 -88.76029079790645 0 0 0
v -81.743591410160732 59.09980814220016 -68.172541484674198 0 0 0
v -55.580669711038453 58.75119379882058 -147.32342286010413 0 0 0
v -62.607883844568804 54.742705191435263 -145.00506401812865 0 0 0
v -76.611898788818053 66.236947981508976 -49.121297940553255 0 0 0
v -86.048894540598297 66.165861571653664 -15.477969160311554 0 0 0
v -81.899271208996936 69.040300820993849 -10.483692661025998 0 0 0
v -68.951382460392523 67.810276397678592 -62.020037892605316 0 0 0
v -66.273033681743485 64.641200036694414 -89.96376303670219 0 0 0
v -59.413758692526834 63.744892468363453 -111.61603318491699 0 0 0
v -73.672387685277087 70.325236152313153 -28.332426722480221 0 0 0
v -51.746675626012092 64.238850769962482 -124.90068492371124 0 0 0
v -62.197279579251557 69.913326006554186 -62.900170790938205 0 0 0
v -64.914375334241356 71.240288185826842 -44.437960012615278 0 0 0
v -57.769011174277793 66.986826255938126 -94.669760015459573 0 0 0
v -47.063677805133089 69.300065526013313 -97.738524371321205 0 0 0
v -66.672240482039129 73.278192588163492 -19.216371248313092 0 0 0
v -117.51437080896295 28.08360549701974 7.9874539374157516 0 0 0
v -33.683275045269227 63.862031100215269 -155.21391758159649 0 0 0
v -47.373983323287177 61.281187184480878 -150.41787913403451 0 0 0
v -41.788499181891112 65.868753392945379 -130.33193159137815 0 0 0
v -56.077914705127839 72.1422236497894 -56.78289811966517 0 0 0
v -94.492007507557204 65.136241261009658 12.646179988519972 0 0 0
v -55.801089640359827 74.974615599736751 -26.72101450391235 0 0 0
v -74.697144017083431 -88.132436707120291 17.390427591790424 0 0 0
v -72.78425946661568 -85.816129305503068 48.883122024947056 0 0 0
v -83.207701790650191 -83.198731044473163 46.224312583703195 0 0 0
v -81.329637628551865 -86.159582973208856 15.906807373603476 0 0 0
v -88.270383614659323 -82.365803881510146 32.697364975250899 0 0 0
v -95.75224673653031 -78.107463956947925 43.09174718472449 0 0 0
v -110.71010089680355 -63.412481340272933 9.1016015661241401 0 0 0
v -111.21132397982018 -64.035566308015177 39.442620185504616 0 0 0
v -114.11635403838982 -58.09217494584388 24.647255022552379 0 0 0
v -113.42304250097934 -58.198717185609567 9.0155386299484483 0 0 0
v -118.34703230200459 -44.254446223532561 23.747078237615291 0 0 0
v -116.51337223917953 -51.742952548460082 24.830893931805342 0 0 0
v -117.7565320227915 -47.470761161100995 38.004324802588457 0 0 0
v -61.680305046005017 -90.854640488255313 19.99785931084088 0 0 0
v -118.15015077796694 -40.724947274106007 8.0659603767926384 0 0 0
v -116.03285789607546 -50.535371685184181 8.2432382013887207 0 0 0
v 71.845046512892509 63.103219383506612 -191.57594619285189 0 0 0
v 78.834944969219805 60.020729436248189 -194.21174970976358 0 0 0
v 68.397439394316166 61.070519078205194 -194.94850568980971 0 0 0
v 94.286033199842564 41.869084146032264 -199.54826024747459 0 0 0
v 92.721609397441682 32.248713168405629 -203.33457898340365 0 0 0
v 88.773294449575872 44.000115284106641 -201.94867401937955 0 0 0
v 97.30150528143065 31.802915480403954 -200.62472862490435 0 0 0
v 46.107745961820555 -73.670441598313431 -155.34537584949845 0 0 0
v 31.852360761740023 -77.586455370731841 -132.43093923060695 0 0 0
v 27.980601860249578 -72.965343980497749 -176.60288967986077 0 0 0
v -12.774735774183647 -75.468843623359646 -148.3437545480497 0 0 0
v -4.2603057961857509 -78.985328670073415 -125.93495962173999 0 0 0
v -27.164062301123916 -77.885484585607799 -120.8344191317766 0 0 0
v 0.79954462289821748 -75.820066842896964 -152.67778148443986 0 0 0
v 7.3229734496098615 -78.742211150008643 -130.21663000623926 0 0 0
v -52.7794208393357 -80.489696676278641 -74.702824085802249 0 0 0
v -36.320282251485025 -73.86303120954895 -137.50919465324495 0 0 0
v 10.117380075717641 -81.112669683896158 -109.09416099325095 0 0 0
v -32.792388859548169 -83.368892772727179 -74.661264024828398 0 0 0
v -11.795323516810488 -83.138376771932883 -88.838924558216718 0 0 0
v 26.107214605036475 -82.739480710043239 -83.222690778324122 0 0 0
v 14.293747286792399 -82.915458425047717 -89.525789697287237 0 0 0
v 36.286593715993092 -79.414399893147134 -108.02853637656551 0 0 0
v 34.517883477122389 -84.384030421778846 -53.090764369327552 0 0 0
v 48.342132381624694 -81.736597300120806 -60.243412199574394 0 0 0
v 1.6362678802816255 -85.986899014347102 -62.960053515916023 0 0 0
v -18.164051173808765 -85.531429451803461 -64.698269960733867 0 0 0
v 13.578774394213088 -86.717825617218054 -49.306443738739787 0 0 0
v 20.65047778797954 -88.140339741559046 -26.143522843060687 0 0 0
v -29.332112071177928 -86.657159295604174 -49.186272343683889 0 0 0
v -49.658983061593659 -86.847832593702407 -29.570554426408552 0 0 0
v -10.336876865105715 -86.715651700154567 -56.101138848332042 0 0 0
v 0.30035994840954849 -88.923261684362146 -32.37905864766055 0 0 0
v 42.244032021507067 -84.138029946635172 -41.140684756023894 0 0 0
v 40.236081916753221 -87.363877312865483 -0.81202396548718059 0 0 0
v 31.409032697536446 -88.56418856112127 -3.7053995231397203 0 0 0
v -33.083736781916784 -94.212181481919671 27.21286698577881 0 0 0
v -43.335649739269428 -90.878401962548281 0.53649346638229656 0 0 0
v -20.432605840662905 -88.961381265959275 -31.572305893549537 0 0 0
v -6.3652334985717989 -92.178578790687453 2.486354416369553 0 0 0
v -11.343856107048456 -90.457623564803754 -17.557774798026212 0 0 0
v 7.9393973209308033 -90.206665780534593 -13.182147494096336 0 0 0
v -63.370704631781187 -87.382562971388026 -7.6993919906501214 0 0 0
v -19.764816362338323 -94.867032685766318 31.359476255341395 0 0 0
v 18.275073177768093 -93.593880404976161 42.513259182486927 0 0 0
v 17.398828225823245 -91.724295784459045 15.932293860832566 0 0 0
v -18.043811516300821 -73.091598610516456 -160.56829258253148 0 0 0
v -36.723238875496406 -70.892687352680738 -154.10271094020402 0 0 0
v 6.5037276428643054 -74.007772988970856 -169.10978767328405 0 0 0
v 22.596652766359696 -76.357018916826149 -148.85012311235508 0 0 0
v 41.316904273917999 -71.528655690348558 -181.21338799171639 0 0 0
v 56.869445706564534 -68.895023578637179 -186.54744959171782 0 0 0
v 48.67193536286554 -75.717086467405181 -130.23489511308765 0 0 0
v -1.2026008028674084 -94.777309779462428 36.694595847876343 0 0 0
v 35.50791596913308 67.820811297953554 -179.16967047780327 0 0 0
v 11.135072221771793 65.036673834012987 -175.06850960260795 0 0 0
v 16.111037498645601 68.021900738556482 -172.54283623143579 0 0 0
v 44.991453416648369 64.397786069535812 -186.84027117761389 0 0 0
v 1.5884961119129457 67.54414798215069 -167.37839165403844 0 0 0
v 50.732908009263838 66.614808739196476 -184.4803206293625 0 0 0
v 53.177066579270949 -87.540963129123043 55.885314736995511 0 0 0
v 62.701686393953203 -83.858938286005525 59.993970170678431 0 0 0
v 57.780488790638614 -83.569788770040944 68.081856236170992 0 0 0
v 86.149899715518615 -64.067171140932174 71.023375769116967 0 0 0
v 89.97410807233976 -56.890484960799867 73.272231622421813 0 0 0
v 86.090953777584758 -57.682416909967415 83.403372898467168 0 0 0
v 92.845149148132023 -49.888266145407854 74.548879122062743 0 0 0
v 81.056689065361809 -66.057854647986446 80.195251893148168 0 0 0
v 80.757700141029403 -62.504853906373171 88.936294809983295 0 0 0
v 75.630853932001742 -68.729868961998363 86.915524541536001 0 0 0
v 50.821241282451581 -80.249704951153333 89.890197161259579 0 0 0
v 39.474487280806358 -83.506200676087204 85.164647449033581 0 0 0
v 45.565379340278852 -85.285384362704306 73.339136592331059 0 0 0
v 63.105952620875321 -78.264164053423201 82.040080003987839 0 0 0
v 71.795300980714089 -72.962506195203815 83.638382773142325 0 0 0
v 59.161093271841708 -76.595978161130844 93.610779645229456 0 0 0
v 75.453763689188804 -62.732716538757984 101.28787629743319 0 0 0
v 70.585789046145806 -68.33495532160444 98.938624151805769 0 0 0
v 24.917493521727863 -86.508538889479155 79.437923920158212 0 0 0
v 87.342663671299647 -51.057600716340559 90.164765622960559 0 0 0
v 89.832167006233732 -45.568962353307256 89.414642945028106 0 0 0
v 82.081615671887334 -69.40277922497603 69.029024968118932 0 0 0
v 77.681506528939934 -74.033780634130892 66.746281924950964 0 0 0
v -121.14168641777519 -19.744173052972656 37.190712095162439 0 0 0
v -121.2612084462675 -13.002834675774238 23.034753089109628 0 0 0
v -120.21900273618252 -30.775445830620587 22.459541113177469 0 0 0
v -119.68570018078591 -36.895945053141304 37.564730554268792 0 0 0
v -120.39268696089468 0.83281097153964689 7.4720314641461867 0 0 0
v -120.33287918673032 -11.176903715507709 7.3680808893856273 0 0 0
v -121.321970348425 0.64400383119740656 23.848944568096655 0 0 0
v -119.78536263113449 -24.684904794721902 7.5306849975451886 0 0 0
v 6.5037276428643054 -74.007772988970856 -169.10978767328405 0 0 0
v -18.043811516300821 -73.091598610516456 -160.56829258253148 0 0 0
v -2.0790994909157234 -70.908595058170661 -170.4600227575809 0 0 0
v 20.786036492143694 -70.445931761746792 -178.43976427097016 0 0 0
v 27.980601860249578 -72.965343980497749 -176.60288967986077 0 0 0
v 39.094829452654153 -68.772631066489794 -184.81464264720546 0 0 0
v 86.338328474259995 -37.699574945307745 106.86329368561083 0 0 0
v 83.284927600717538 -47.604910439742866 105.21401882389392 0 0 0
v 90.67843700628724 -36.579844275341287 95.3917950640692 0 0 0
v 89.832167006233732 -45.568962353307256 89.414642945028106 0 0 0
v 96.585664139740203 -34.409086502453135 77.516104527044547 0 0 0
v 88.514940584773598 -26.531539301658086 108.13603900129579 0 0 0
v 94.553119021711254 -21.491612827957969 91.784552124765639 0 0 0
v 94.115868185573575 -2.6626561041152272 95.173129025360225 0 0 0
v 89.780693500015275 1.0521832262274984 109.00621854104941 0 0 0
v 89.758364710066758 -13.647046614287774 108.98325479625714 0 0 0
v 92.845149148132023 -49.888266145407854 74.548879122062743 0 0 0
v 95.174998914047492 -41.590605721672432 76.265887115430033 0 0 0
v 98.20480703805859 -21.725361874245191 77.930412730091533 0 0 0
v 3.6351447037466222 -92.142536342468702 54.245719728495978 0 0 0
v -11.173665270317359 -92.538549908716107 51.449638639247418 0 0 0
v -1.2026008028674084 -94.777309779462428 36.694595847876343 0 0 0
v -37.685720239045146 -92.32595927758959 40.447253823295185 0 0 0
v -32.09976907236188 -90.306436419033119 60.282134487858379 0 0 0
v -55.053860094432054 -88.65848917922446 53.642238304572572 0 0 0
v -72.78425946661568 -85.816129305503068 48.883122024947056 0 0 0
v -61.680305046005017 -90.854640488255313 19.99785931084088 0 0 0
v -109.72128777858708 5.9213886475963857 -32.430138582310114 0 0 0
v -103.60871198397592 14.74866519369508 -52.763549183938252 0 0 0
v -107.49501367596739 -4.832235280463296 -41.98185457751859 0 0 0
v -101.09104162105612 3.1323700441951541 -65.136373917970033 0 0 0
v -80.879578549242552 -4.4553125639656379 -137.94985032765535 0 0 0
v -94.631158036299553 -5.4101550969595529 -89.090363272570769 0 0 0
v -87.976513604638541 10.510393769944532 -110.89375688679104 0 0 0
v -84.415909612187278 28.452233035465454 -115.51893844368227 0 0 0
v -90.913324898163751 21.730700911278145 -96.29174322660505 0 0 0
v -112.51718277111863 17.955148501509878 -17.69092321513131 0 0 0
v -119.08303179345229 17.74130631996071 7.4348327911253032 0 0 0
v 99.077478055545953 23.061198621670883 -201.14310511658348 0 0 0
v 100.43116348492526 10.434069766641187 -201.72988490147037 0 0 0
v 95.577251202793207 16.917411097861077 -204.33004574917302 0 0 0
v -75.180700967251738 -62.128557508671506 -111.45335969987377 0 0 0
v -67.666152074907146 -58.341068966268487 -143.22862541751019 0 0 0
v -63.174680402532772 -62.218741006048404 -144.78395592568816 0 0 0
v -64.733038498611236 -66.493204857197838 -125.66401460612964 0 0 0
v -59.1092202233922 -69.091789877637552 -128.21559028208418 0 0 0
v -85.637627039780128 -59.767520019766906 -84.260607672495325 0 0 0
v -71.512483607461206 -53.535841679845603 -141.62841190172088 0 0 0
v -70.888167118523199 -68.348491179223473 -103.20120197080998 0 0 0
v -66.939281642708181 -71.640136719048414 -99.268669539040658 0 0 0
v -57.607365643365654 -71.284879860863128 -120.54107227824585 0 0 0
v -89.311490400630177 -53.920891420024667 -82.789080068242782 0 0 0
v -77.453510178133229 -67.403634689599386 -88.434773198278364 0 0 0
v -86.543607390016746 -66.179695693241669 -65.010948639166955 0 0 0
v -96.23176170846537 -64.345007376850816 -38.5943451665742 0 0 0
v -50.828793161908692 -74.65294739547295 -114.3650279834856 0 0 0
v -52.7794208393357 -80.489696676278641 -74.702824085802249 0 0 0
v -61.54736247274446 -75.145861302599911 -93.001450539782354 0 0 0
v -103.55928061531407 -44.392668194725516 -43.64800059360082 0 0 0
v -99.009376827438871 -35.38617587505771 -66.079168163852486 0 0 0
v -95.163106280298848 -49.4794747816441 -68.381650766806786 0 0 0
v -94.057591215336927 -58.236805957936532 -59.402956566870635 0 0 0
v -102.81314396905259 -52.554130365734338 -37.95923732754207 0 0 0
v -113.42304250097934 -58.198717185609567 9.0155386299484483 0 0 0
v -79.45720051239698 -83.0803903297451 -8.8855571173482186 0 0 0
v -75.313941813716212 -77.999744655953691 -48.547444572341149 0 0 0
v -68.645624484306239 -81.326334568342574 -42.927421723276886 0 0 0
v -116.03285789607546 -50.535371685184181 8.2432382013887207 0 0 0
v -36.723238875496406 -70.892687352680738 -154.10271094020402 0 0 0
v -36.320282251485025 -73.86303120954895 -137.50919465324495 0 0 0
v -49.013978954517597 -68.525295036696747 -149.77757196724133 0 0 0
v -118.15015077796694 -40.724947274106007 8.0659603767926384 0 0 0
v -99.435821503052964 -76.570184036852268 12.21872476986948 0 0 0
v -105.62451432660991 -70.633866540008341 10.322565446656975 0 0 0
v -94.361452658930645 -70.855318742587997 -25.680596319685854 0 0 0
v -95.997521831620602 -78.962012506513403 12.469581321902657 0 0 0
v -84.416430154215448 -72.96138599931713 -48.249065780851872 0 0 0
v -84.211996948664947 -76.985210054282376 -30.786492973368336 0 0 0
v -89.603368323724297 -82.73591820265878 13.917088242766789 0 0 0
v -61.680305046005017 -90.854640488255313 19.99785931084088 0 0 0
v -74.697144017083431 -88.132436707120291 17.390427591790424 0 0 0
v -63.370704631781187 -87.382562971388026 -7.6993919906501214 0 0 0
v -72.043441684046456 -45.025162454983956 -145.95627801865263 0 0 0
v -65.579484967062854 -55.865832361086234 -148.24145071846615 0 0 0
v -71.512483607461206 -53.535841679845603 -141.62841190172088 0 0 0
v -74.698395279974818 -47.188811880362088 -140.38400033257273 0 0 0
v -77.669742563159929 -37.094175826609636 -139.09391801118369 0 0 0
v 101.88390689728467 -34.023296683532216 -153.18976750897039 0 0 0
v 98.072192870134302 -41.018131018677693 -172.0681334859201 0 0 0
v 100.96659234405978 -27.579129913427014 -184.95140978240394 0 0 0
v 99.520835387398563 -43.86225696320443 -133.93967080041304 0 0 0
v 102.94621255091386 -35.85328390492964 -115.75740817303372 0 0 0
v 100.96730364604736 -43.235060931113601 -97.49292144313678 0 0 0
v 95.539764166873383 -51.127709827669435 25.241546504985443 0 0 0
v 96.992420282410237 -51.402978239524231 -17.017486654586989 0 0 0
v 99.213154162820629 -41.85816840527869 17.678818352747165 0 0 0
v 90.877105703989329 -59.355529405970472 36.725921661092613 0 0 0
v 97.166047812073458 -46.101446724803701 29.456838921516169 0 0 0
v 93.505604288074622 -53.117469331169133 45.686311407217914 0 0 0
v 86.149899715518615 -64.067171140932174 71.023375769116967 0 0 0
v 99.251908964124709 -48.131193319941445 -66.78500259137418 0 0 0
v 101.86732777968594 -41.472304651418369 -69.397509833045163 0 0 0
v 96.344258219217863 -53.420594095941709 -38.015329782220135 0 0 0
v 94.7478198623987 -49.509192788807439 -157.01562723544262 0 0 0
v 94.838039686902192 -55.797928522742417 -68.397759192868193 0 0 0
v 98.311344462796498 -49.259619316614859 -95.048079295691551 0 0 0
v 93.658728529418582 -57.832083645863563 -39.551339876714081 0 0 0
v 94.410943217635193 -55.791149301296542 -5.1809569578040691 0 0 0
v 88.943018946728557 -63.74447756328729 2.8140738592068382 0 0 0
v 92.725792942367093 -45.459207619820972 -198.85035536250174 0 0 0
v 95.81808714106441 -51.79894924479045 -119.42148739224417 0 0 0
v 95.235489453222272 -54.280646370116685 -92.534702002634859 0 0 0
v 93.067256392860202 -55.751900551119384 -116.39353099266394 0 0 0
v 90.261765608311961 -60.939665885732971 -84.57507094833835 0 0 0
v 89.479175577659987 -62.962656484361055 -47.666434640435163 0 0 0
v 91.748813363372491 -54.964432629603998 -144.46827132141578 0 0 0
v 82.081615671887334 -69.40277922497603 69.029024968118932 0 0 0
v 87.630633747740973 -60.35270422492593 -130.32435680834237 0 0 0
v 81.234830710571117 -71.173000634823012 41.331960124699172 0 0 0
v 83.541792817497708 -69.25476118549382 -12.932644249009471 0 0 0
v 84.017845249281422 -60.572787977344561 -158.1134078988047 0 0 0
v 84.804554462964603 -67.071975818457091 -53.277946923409523 0 0 0
v 83.610832878065253 -65.209112138889225 -107.35712110825794 0 0 0
v 75.534491620914395 -75.948285239577274 31.643121896799247 0 0 0
v 73.667060025973115 -76.965571776350174 13.915392466202068 0 0 0
v 80.567756325471365 -70.492318969523524 -46.790337746801072 0 0 0
v 74.387794420733499 -74.167554295863482 -49.246365199779554 0 0 0
v 79.33383231558129 -68.125586350299486 -105.43978185385252 0 0 0
v 81.229001208703593 -69.427523203801016 -61.619093713848422 0 0 0
v 80.111608045908426 -66.177900485668658 -125.31966451849362 0 0 0
v 79.647940036531764 -62.479231592688151 -168.47716890739051 0 0 0
v 74.338550320589718 -70.235988109366133 -111.03700321081132 0 0 0
v 74.758588773099461 -62.347794876467333 -192.80111093065901 0 0 0
v 70.463300069249982 -66.860799191577058 -168.49100413178587 0 0 0
v 74.912654291816722 -67.297865336720307 -144.81088749549383 0 0 0
v 62.336886514944588 -83.571565664726677 43.624412996538823 0 0 0
v 74.817935609192318 -71.416899024598862 -91.734279985299537 0 0 0
v 67.336619456331761 -73.190944041393095 -110.59446621561726 0 0 0
v 57.947733901349295 -84.494952235002913 21.865909366626308 0 0 0
v 68.522188710161743 -75.277934718343346 -74.781116642614649 0 0 0
v 65.902638759850461 -79.112778586058113 -26.498370290938656 0 0 0
v 67.462750037107298 -79.715586407997961 1.7766405221864114 0 0 0
v 62.670192712774622 -75.413743769951111 -99.745790048098002 0 0 0
v 60.709057464005021 -79.837029045810283 -45.819099840374413 0 0 0
v 63.230017279094618 -70.022621292640125 -160.52171883081422 0 0 0
v 56.869445706564534 -68.895023578637179 -186.54744959171782 0 0 0
v 55.521373921040095 -78.102512075733046 -88.001702183372089 0 0 0
v 67.408405766189176 -70.466470659822832 -141.95441332727341 0 0 0
v 48.67193536286554 -75.717086467405181 -130.23489511308765 0 0 0
v 46.671114206478784 -78.275553707682604 -105.38378480130061 0 0 0
v 57.7242392913316 -74.451413378934078 -126.27122019584448 0 0 0
v 40.236081916753221 -87.363877312865483 -0.81202396548718059 0 0 0
v 50.175772068070984 -83.600381382542679 -28.681762061076444 0 0 0
v 56.919379930644794 -82.616520493754535 -17.488385046786345 0 0 0
v 48.342132381624694 -81.736597300120806 -60.243412199574394 0 0 0
v 41.072416673060317 -88.512067977385257 19.112897253673481 0 0 0
v 48.784871424050067 -86.243761884328961 7.9093788391202429 0 0 0
v 96.225719113249625 -37.771877005795204 -200.18458760134567 0 0 0
v 98.736816555107467 -29.207194342659456 -201.06354277540569 0 0 0
v 71.152961381672725 -79.148118362970351 63.673956841671625 0 0 0
v 95.613593804511453 -45.512815884962308 56.295450256874943 0 0 0
v 89.97410807233976 -56.890484960799867 73.272231622421813 0 0 0
v 62.701686393953203 -83.858938286005525 59.993970170678431 0 0 0
v 66.834390318464131 -81.444937090902755 46.837175902522262 0 0 0
v 53.177066579270949 -87.540963129123043 55.885314736995511 0 0 0
v 42.244032021507067 -84.138029946635172 -41.140684756023894 0 0 0
v 29.18821961697391 -92.340151998166903 47.02893844914599 0 0 0
v 38.344367170368997 -90.955726783537813 50.127034629386287 0 0 0
v 48.782998653188869 -87.754136254094405 34.339606228681646 0 0 0
v -77.10877851100642 -4.5708807781595473 -144.18076152218711 0 0 0
v -76.451304341020489 -22.711674080804642 -144.38526774131103 0 0 0
v -80.879578549242552 -4.4553125639656379 -137.94985032765535 0 0 0
v -79.805862101736921 -24.312966871344997 -138.11127251743738 0 0 0
v -89.520155248197625 -13.625409032325845 -106.73990015661663 0 0 0
v -80.879578549242552 -4.4553125639656379 -137.94985032765535 0 0 0
v -99.009376827438871 -35.38617587505771 -66.079168163852486 0 0 0
v -95.500445668845813 -22.148173331191984 -83.736010046101654 0 0 0
v -90.637909215145157 -41.363378359813566 -92.066469389954719 0 0 0
v -94.631158036299553 -5.4101550969595529 -89.090363272570769 0 0 0
v -106.98385770129241 -17.968395371494015 -42.800021589754742 0 0 0
v -120.33287918673032 -11.176903715507709 7.3680808893856273 0 0 0
v -107.49501367596739 -4.832235280463296 -41.98185457751859 0 0 0
v -90.69596312276758 -28.801453640144942 -98.545887407654462 0 0 0
v -77.669742563159929 -37.094175826609636 -139.09391801118369 0 0 0
v -109.90849189621186 -30.000462652164234 -28.241471675711267 0 0 0
v -118.15015077796694 -40.724947274106007 8.0659603767926384 0 0 0
v -119.78536263113449 -24.684904794721902 7.5306849975451886 0 0 0
v 93.136120914359111 8.0063235251681668 96.579916426767312 0 0 0
v 89.780693500015275 1.0521832262274984 109.00621854104941 0 0 0
v 94.115868185573575 -2.6626561041152272 95.173129025360225 0 0 0
v 93.576294620384033 17.428181789012655 91.110157221429489 0 0 0
v 88.198935423443359 17.101279771584586 107.94730601443989 0 0 0
v 85.002411475746584 31.470696759735915 105.95766723368244 0 0 0
v 91.064177393961486 28.348270145088044 91.200149483657285 0 0 0
v 93.978500858053451 34.761619369557138 75.713498018712244 0 0 0
v 98.339067908494783 6.0214985746367944 77.776051904089684 0 0 0
v 97.364897653898367 17.168576524301749 77.437387683484204 0 0 0
v 96.220348580997225 25.212475398904211 76.455020253478182 0 0 0
v 103.66374759883685 -16.83281080706621 -169.02947314050945 0 0 0
v 102.12098533976186 -21.711360966974503 -182.02565649427049 0 0 0
v 103.55046157387983 -5.0387749731264062 -175.63728660420074 0 0 0
v 105.06549226746479 -8.9877141123551603 -151.5522006467678 0 0 0
v 103.89540832476541 -24.122659649815745 -151.40354178556655 0 0 0
v 100.96659234405978 -27.579129913427014 -184.95140978240394 0 0 0
v 106.28658670016011 -9.4137088588791897 -118.22672729970492 0 0 0
v 104.90626539730206 -17.591554380598772 -145.30904158687676 0 0 0
v 103.98903181420775 -28.365290133789568 -134.02191830877732 0 0 0
v 105.35443814065718 -20.956627386890126 -126.53269144632721 0 0 0
v 102.94621255091386 -35.85328390492964 -115.75740817303372 0 0 0
v 104.73443132981943 -27.972770453166856 -112.19852772060408 0 0 0
v 104.09337876864537 -32.681719192853826 -89.480832612972364 0 0 0
v 106.41435381044201 -6.6315937041821371 -106.43726808663278 0 0 0
v 106.40286925993362 -10.802771036532816 -101.80306807926121 0 0 0
v 106.14372688942734 -17.719636951338266 -97.950278413716546 0 0 0
v 105.8274717934724 -20.981234739349794 -69.503059546336459 0 0 0
v 105.08198334705429 -27.573429613851918 -86.757182179963365 0 0 0
v 106.49155785506737 -10.859436582593828 -84.365157798196847 0 0 0
v 103.32072590262331 -35.779108017082997 -57.756723682531756 0 0 0
v 101.86732777968594 -41.472304651418369 -69.397509833045163 0 0 0
v 104.77876196561077 -28.43531158040518 -59.396957414710023 0 0 0
v 106.19562844103035 -10.859765426882078 -52.816185050891221 0 0 0
v 103.54501187130548 -30.977588630281449 -24.680395751177397 0 0 0
v 101.39784448225484 -40.083749035101654 -24.797068245543333 0 0 0
v 105.20966703918303 -22.766640592197426 -43.863047541197922 0 0 0
v 104.93461554916139 -18.24318383538154 -21.885928856617706 0 0 0
v 102.81858090853608 -31.601004957102532 -10.698219501537077 0 0 0
v 104.91656102585782 -10.850311606514641 -14.275365606109254 0 0 0
v 103.61992739702198 -21.251530606278653 2.386873936494617 0 0 0
v 101.26585117496361 -36.813212063564549 1.0601473113692526 0 0 0
v 103.64262181715262 -10.880907667303834 11.083266061038584 0 0 0
v 102.59554114177408 -10.5553298890331 28.130712699783242 0 0 0
v 102.67920996355529 -17.794931814401188 23.112591418988917 0 0 0
v 100.82554603048641 -30.013655168749473 31.635290120887731 0 0 0
v 100.71871736742953 -17.994208735231702 50.943587392419431 0 0 0
v 100.53872847382614 -25.828787588275191 44.532017848317594 0 0 0
v 98.963803808673418 -37.232128272940997 40.074845400376752 0 0 0
v 97.948887726502505 -35.217350788725142 59.600927943077551 0 0 0
v 98.566903850366529 -27.007540683335538 67.124466174866939 0 0 0
v 100.43257789026359 -7.8358058365176664 58.304629250507439 0 0 0
v 102.13375159046376 -13.514734438664558 -190.03081778146461 0 0 0
v 95.613593804511453 -45.512815884962308 56.295450256874943 0 0 0
v 97.166047812073458 -46.101446724803701 29.456838921516169 0 0 0
v 95.174998914047492 -41.590605721672432 76.265887115430033 0 0 0
v 96.585664139740203 -34.409086502453135 77.516104527044547 0 0 0
v -73.489585315340321 31.040463279722644 -145.4457758134252 0 0 0
v -76.482561366351604 12.721285640605856 -144.35430128878033 0 0 0
v -77.258854127917189 29.02151957039003 -139.97986420586162 0 0 0
v -80.879578549242552 -4.4553125639656379 -137.94985032765535 0 0 0
v -79.312728518243375 17.07549618654765 -139.07936424991803 0 0 0
v 100.29638382136187 -19.873658665477706 -201.60312406514831 0 0 0
v 98.736816555107467 -29.207194342659456 -201.06354277540569 0 0 0
v 94.453937815737788 -29.164807867670859 -203.94036300658078 0 0 0
v -65.390434197753052 -14.368916462063389 -285.52513554376156 0 0 0
v -64.647251620902381 -21.343141514429973 -291.11309967400103 0 0 0
v -64.6578542842025 -28.186758196240479 -284.3289773486249 0 0 0
v -65.565789592513994 0.53154671137447451 -306.76153692661853 0 0 0
v -67.997393219517221 -16.970970548370786 -323.01838234016083 0 0 0
v -68.111262915191631 1.9167161507100872 -322.78351223497071 0 0 0
v -68.589894670478756 4.6547984333001864 -324.1231304951109 0 0 0
v -65.599719595968651 -19.204216585243515 -283.68332795822181 0 0 0
v -65.10921037242889 10.56825279381572 -286.12269035691855 0 0 0
v -57.550397604704777 -53.409562769780386 -291.17990333354419 0 0 0
v -52.023034565743686 -59.4615100395594 -293.97919560927352 0 0 0
v -57.619479438161989 -53.171194496100505 -281.73272021000071 0 0 0
v -61.929995220879846 -43.649647520922564 -286.78203394105952 0 0 0
v -60.259848199453735 -46.623887420470133 -291.44899677066337 0 0 0
v -55.499321325899814 -54.982641694881842 -294.73690402988746 0 0 0
v -63.223875205465703 -35.213004842504091 -294.40913285642398 0 0 0
v -61.659578560837893 -45.168151958395882 -305.17849789052843 0 0 0
v -46.020348601841825 -62.978548055400516 -297.84589051068406 0 0 0
v -51.435989175163527 -60.018342665946179 -279.25394252876657 0 0 0
v -50.210573175850527 -56.855421795230995 -292.93665253332614 0 0 0
v -41.046641079330129 -62.222551738484924 -296.67810310799871 0 0 0
v -35.19309457035979 -62.726675447408695 -297.43290799233506 0 0 0
v -52.505473559078951 -54.625170120612665 -295.26488511034 0 0 0
v -48.508491511597867 -46.340209785742346 -297.29730202843746 0 0 0
v -44.124923307816971 -60.776463677216043 -299.40189132949388 0 0 0
v -47.3370901263213 -49.739140270493579 -290.88529107429048 0 0 0
v -42.694194632376821 -45.669861804320021 -290.69389695910451 0 0 0
v -55.869953088424666 -50.050103710024359 -289.18008983546446 0 0 0
v -45.570743552420652 -61.727713435522105 -300.35271301055189 0 0 0
v -34.26261826515406 -65.260211313776949 -312.49328502124308 0 0 0
v -44.238232172673179 -62.049610053274193 -315.6877753463728 0 0 0
v -39.493367515670769 -64.81764037485469 -302.41526605198646 0 0 0
v -41.598056084022076 -64.819259416322566 -298.26221098118577 0 0 0
v -42.266797976189338 -38.626510317873908 -299.60323465552221 0 0 0
v -36.724114033814885 -61.824134882545991 -300.85244135616841 0 0 0
v -62.232732668420851 -24.788357771397614 -283.20576245157019 0 0 0
v -50.696599045458015 -32.239818464474752 -285.75460193214815 0 0 0
v -31.761200662720057 -49.005204039811588 -290.54467164185934 0 0 0
v -30.285938380361813 -47.065497249024702 -289.62965165949362 0 0 0
v -62.104029446060963 -15.926171302447528 -282.24700220415656 0 0 0
v -40.816128567729493 -32.654441838538105 -287.00422787336049 0 0 0
v -32.852575528548414 -29.754981072036571 -288.63960473384503 0 0 0
v -38.748424814483286 -64.151743535996403 -302.77682468183917 0 0 0
v -28.259051521622279 -66.237905333436231 -303.06085111245682 0 0 0
v -28.917160733637758 -63.539780617702945 -297.81493918254267 0 0 0
v -30.800252158510006 -59.40603536646222 -295.84787937120211 0 0 0
v -33.561750977953459 -66.94853064112047 -299.68042248659975 0 0 0
v -39.785958160890353 -66.727887244240705 -236.39780194477979 0 0 0
v -29.1581342247704 -57.001563672631164 -293.81397555922558 0 0 0
v -29.04377040462218 -62.012305727943982 -295.20142518555457 0 0 0
v -29.050000003079653 -54.926632302786146 -284.08247733746083 0 0 0
v -29.052487959281272 -61.85285527804492 -237.16316985829681 0 0 0
v -11.894917265529784 -52.511074604454855 -376.09367267205329 0 0 0
v -28.126823473949798 -53.825557635054338 -376.24397731808756 0 0 0
v -27.466082774647699 -46.793634908368404 -381.12843774430928 0 0 0
v -29.872026784387032 3.1467632891290123 -288.32788491919638 0 0 0
v -30.042973876493107 -32.973709254856658 -289.0966789747909 0 0 0
v -34.407238910253454 25.04375325842193 -301.11846484763026 0 0 0
v -29.717305930217027 38.216917148442008 -301.70591461198597 0 0 0
v -29.776780730269365 -63.942517166758634 -301.7392945496423 0 0 0
v -22.593513474745123 23.55238123132699 -384.34433847928847 0 0 0
v -18.211401227767965 -35.040300917978755 -384.02143633884623 0 0 0
v -27.032447633146717 -32.803781005059136 -384.51554315145069 0 0 0
v -5.7484335562586217 -69.281337597463079 -296.0053216253624 0 0 0
v -17.780431925875746 -68.087736677344381 -301.51621854362105 0 0 0
v -1.6077909411940112 -68.684781844390088 -298.48044146320018 0 0 0
v 7.5948903474250073 -68.526509986884307 -300.33952823403058 0 0 0
v 2.0607759974626561 -67.821153954642398 -302.30363333300824 0 0 0
v -0.99896577080187399 -68.299744565600605 -297.01174398229955 0 0 0
v 3.6481580979186674 -48.825126901587232 -375.29613916212895 0 0 0
v -0.58401000969115557 -40.858311977337564 -379.90913813133784 0 0 0
v 14.667293148293993 -41.583085408616498 -374.74291244225191 0 0 0
v -69.914895397632449 -36.279426214554206 -183.60038633796825 0 0 0
v -70.646602888177057 -41.535300657957478 -166.86295537189801 0 0 0
v -72.27422366377111 -28.446675277549389 -173.83055527314795 0 0 0
v -71.579017195065603 2.305274656168649 -191.50655742972265 0 0 0
v -70.290880661272368 3.1022740323130762 -203.07125015593238 0 0 0
v -72.39665228449752 -9.1622596201836828 -184.33322034606923 0 0 0
v -71.533702177930536 -17.808111012206723 -172.73725655360872 0 0 0
v -71.342993404605807 -18.239582541583289 -176.95928238172189 0 0 0
v -71.621903237751354 4.8475977523739644 -175.09263725305732 0 0 0
v -61.525698936355298 -60.160594224057661 -149.33256654513619 0 0 0
v -66.631612449828765 -55.815266591654861 -149.32442987236203 0 0 0
v -61.335842147795432 -60.665885564339682 -151.37057562927089 0 0 0
v -68.254688048635572 -46.07646882916076 -176.31990875365543 0 0 0
v -70.772867767789876 -49.313104046447016 -147.76798661438272 0 0 0
v -63.397548623364251 -39.932827866218339 -231.85887470826697 0 0 0
v -64.287366222805957 -19.124203537071423 -279.74070231429909 0 0 0
v -64.181783206741244 -28.72060729086445 -255.38692505057753 0 0 0
v -67.177595300978069 -35.494469702491216 -214.78886363024486 0 0 0
v -67.82753101554141 -30.409016272445456 -219.08745101708564 0 0 0
v -67.61279358013104 -14.611849272242353 -214.82069460662316 0 0 0
v -68.212058525738655 -25.456788908440473 -200.98651906028832 0 0 0
v -67.453281115885616 -34.512227888522062 -193.46820625789303 0 0 0
v -66.842542752731489 1.2582543210565404 -265.2731859315831 0 0 0
v -66.759821241176979 -16.547761398030289 -260.80151723842073 0 0 0
v -67.147342277573358 -8.0087016920528811 -248.96414300242873 0 0 0
v -67.898577869608062 -10.583048756824724 -244.2161057258827 0 0 0
v -67.298411529919477 3.1156055183705291 -246.87194823043649 0 0 0
v -56.942097719134722 -63.295412407021587 -152.02969699778066 0 0 0
v -61.696599267399982 -46.444142289943557 -262.49504737988281 0 0 0
v -59.547984418644766 -54.083675942470798 -232.95793048670802 0 0 0
v -55.880174666913305 -56.70952663362165 -262.68165702754726 0 0 0
v -61.292134009142046 -38.987086781932021 -283.99742686271378 0 0 0
v -63.059728359788224 -28.765716031030628 -281.72341110058807 0 0 0
v -62.222769046585022 -40.709573687274457 -249.07034463731284 0 0 0
v -55.173388041012956 -62.583562840698328 -178.0608035456074 0 0 0
v -50.181120274435905 -64.943350517451037 -178.53545671305849 0 0 0
v -44.743538233795256 -66.562307712069455 -184.86524265110285 0 0 0
v -30.180403556954769 -68.510100809347747 -235.3071547024299 0 0 0
v -26.01349851525589 -69.918697529105529 -163.39563648501084 0 0 0
v -27.594827380575225 -69.267805635537371 -161.6124771374738 0 0 0
v -30.148749235483152 -69.685627267980507 -163.47550725397724 0 0 0
v -21.512040602979056 -69.546164487873739 -240.6038071901759 0 0 0
v -34.115745572792108 -68.910792941437563 -160.51754458909747 0 0 0
v -24.702305745158107 -68.913277851429569 -239.29116682295935 0 0 0
v -29.0490502578111 -42.903836569278837 -150.0782797129697 0 0 0
v -29.051073821984772 -55.652152568989443 -159.63637538951554 0 0 0
v -28.303583705195464 -51.978204461198601 -153.6954261370183 0 0 0
v -17.427785459257393 -38.578218972186761 -148.10373331529121 0 0 0
v -18.24269193831833 -30.629760843498786 -147.59241282277748 0 0 0
v -27.440929467791648 -32.91205386285219 -147.02254663454451 0 0 0
v -16.454037132063441 -69.923384229306592 -225.63812115724173 0 0 0
v -7.26032001674875 -69.887737086357888 -256.61986513060782 0 0 0
v -12.836856044614493 -70.511463735946705 -231.33329334184748 0 0 0
v 7.2992696243360484 -69.813502622377285 -273.19800443753218 0 0 0
v 0.68024638400851245 -70.438121700189214 -265.10096361907574 0 0 0
v -6.0661409774758681 -70.804482855111871 -204.62222259150073 0 0 0
v 4.7723888255437146 -70.778197900140867 -226.16849710470976 0 0 0
v 4.4954077462703879 -71.306930683670899 -222.45936093524597 0 0 0
v -3.1663905799358645 -58.31837991526826 -164.13124332362028 0 0 0
v -5.4902838974319366 -62.039593591586069 -171.71155755113679 0 0 0
v 5.2505466089382935 -60.102612722578783 -170.01761372064595 0 0 0
v -12.656347478641919 -54.158178102995805 -156.90424995031643 0 0 0
v 4.5685758925471873 -52.532344538925649 -159.48755808004779 0 0 0
v -2.5482150719018364 -49.30680429654867 -155.03854723891234 0 0 0
v 5.7096554228945564 -69.400586745918261 -225.3976628426143 0 0 0
v 5.1255176033039902 -70.049199674754988 -220.59661023811469 0 0 0
v 12.310214739237011 -70.015474655040734 -221.04574223736077 0 0 0
v -61.578084842170597 13.643707501993504 -283.13099387911058 0 0 0
v -63.649455178073083 10.415987162764395 -281.56802921601832 0 0 0
v -62.317745711717748 2.1514954445856347 -281.95820268414576 0 0 0
v -61.634613705634543 34.906577449486122 -287.49234373439214 0 0 0
v -62.593384947086861 29.349381221722076 -295.17704888082329 0 0 0
v -63.761803892612093 22.096513859101993 -288.19595197052627 0 0 0
v -64.51955426255094 35.942129406194738 -322.42655672409222 0 0 0
v -65.700534489457453 27.152740763636075 -315.69500106831953 0 0 0
v -62.279395881548645 36.43827966062954 -311.70146185070422 0 0 0
v -60.155860269301741 37.428733479676723 -290.65163305587953 0 0 0
v -59.020146684314014 42.411763922171993 -310.59266906054762 0 0 0
v -60.511557484705179 36.838438326750399 -297.82515902009163 0 0 0
v -56.404897827788119 45.118905591871268 -302.53389351069433 0 0 0
v -59.459964470679203 43.450550890937237 -250.7106930900076 0 0 0
v -56.782275315532985 46.829189119827305 -260.37923607323131 0 0 0
v -58.303337679901539 42.258620053469123 -291.53767005560292 0 0 0
v -52.115787457885162 49.400075419127475 -297.09371250915694 0 0 0
v -52.458863684194966 37.051044277094121 -295.25319757896398 0 0 0
v -58.425702798365535 34.565233386783348 -290.99949204343619 0 0 0
v -49.146690106486517 48.353209176552866 -297.23983836540424 0 0 0
v -53.878426725305538 48.409171408010941 -293.12733376096338 0 0 0
v -47.01825273223362 53.48543753272007 -297.18316762331824 0 0 0
v -30.071404740715934 49.00541408344111 -294.90143077041472 0 0 0
v -59.363317456052414 24.919396241968002 -285.1919860796288 0 0 0
v -30.3157447334724 52.56549569814797 -296.71526237526706 0 0 0
v -47.02012574332916 52.972673251551619 -252.91645692187262 0 0 0
v -48.269570683507112 50.484527996109072 -292.96763049190236 0 0 0
v -41.696892302852184 55.291313615472568 -254.67658685704311 0 0 0
v -32.650160473779238 53.974149753063728 -297.76367569568254 0 0 0
v -26.893764944356271 58.01274895268304 -303.11517887507119 0 0 0
v -23.58374219332768 58.222689086329723 -310.02156519575885 0 0 0
v -38.973950800707144 55.696553444145593 -314.23029039235144 0 0 0
v -29.049805470726753 -59.35062033150993 -367.25405610088825 0 0 0
v -29.050307246663174 32.656148940980756 -382.21069648969114 0 0 0
v -29.04736174847433 -35.330127580948101 -383.07070230648202 0 0 0
v -29.04929108757414 36.212665208857544 -286.49544632673513 0 0 0
v -29.124094000949526 0.82449185941732139 -287.85791980086651 0 0 0
v -27.485209914092543 34.656101942377518 -382.56389823466907 0 0 0
v -28.228534702368293 41.648828332880157 -378.65607139155071 0 0 0
v -22.336867701585902 39.282799480078438 -380.01464139267711 0 0 0
v -27.548264884505784 46.316724924031348 -374.42843978811777 0 0 0
v -15.165231819230485 45.109047886085477 -374.87480274617485 0 0 0
v -29.053716811951663 50.096527060777248 -366.23181287859398 0 0 0
v -29.051739632102901 42.378796256107591 -376.4791411068208 0 0 0
v -29.052414122214493 48.98885648552038 -283.39216875403366 0 0 0
v -29.082419690968869 44.266103088963973 -291.81073630512594 0 0 0
v -28.658558571860755 53.572967592649803 -352.55056860167593 0 0 0
v -28.413531892099257 53.994518390105668 -358.39948374610168 0 0 0
v -29.04925780060514 49.058740738876779 -356.03163157340646 0 0 0
v -29.048655181730894 49.952734503223631 -303.14335856605493 0 0 0
v -11.847154981540143 58.751547602737865 -306.17745569631637 0 0 0
v -14.457451322779207 58.547909537552712 -301.14680155039002 0 0 0
v -13.617648404841106 57.892974472239175 -306.22961403723235 0 0 0
v -17.79121604510874 55.002619744610335 -300.61405370477968 0 0 0
v -3.2976677136393846 54.182114752929962 -298.04793881800998 0 0 0
v -27.306285550655392 54.098236461761772 -304.34693574100993 0 0 0
v -5.3901178713344962 57.145612577502732 -293.33719187176575 0 0 0
v -21.231511849708795 55.430903170862564 -297.27891892432075 0 0 0
v -7.9158268447249611 54.88842381730484 -292.76170533865627 0 0 0
v 13.407020219961169 33.457188192963919 -375.03995023765748 0 0 0
v 14.249035802358662 23.622853787770257 -376.21703160574191 0 0 0
v 5.9432092970007488 24.012032151830766 -379.11489790796088 0 0 0
v 0.075732764368012795 39.536383145706679 -376.22832187400513 0 0 0
v 12.759874042082174 40.989910455349573 -371.08132128747729 0 0 0
v -73.842673270677736 31.96453424977306 -146.92564234628347 0 0 0
v -74.492052210290112 17.307865614929426 -157.51718576384491 0 0 0
v -76.285928601121384 19.792745535284261 -145.85595905580425 0 0 0
v -65.258881050085449 4.8020472613515324 -253.16912948135138 0 0 0
v -66.209416278969414 3.2857127612971553 -243.14315967575135 0 0 0
v -65.652341049888264 -9.8833982236670863 -248.06899547693371 0 0 0
v -66.337078697991871 -10.234025197111606 -245.04256989373542 0 0 0
v -67.597430672893267 11.479335455430885 -209.74612358246239 0 0 0
v -67.570825049490338 0.095315823742424755 -217.04976052305295 0 0 0
v -67.040968892824992 16.221760436965269 -213.94837789094964 0 0 0
v -65.841574475224817 21.487448295432898 -251.74278305659075 0 0 0
v -65.182852138637614 26.495352796175624 -245.87850116949022 0 0 0
v -63.422715262841336 26.607912334568169 -245.12813241066573 0 0 0
v -64.329147183142425 29.835464712514124 -220.87614291791894 0 0 0
v -64.216676671932063 16.935292554307523 -261.1105682263202 0 0 0
v -66.176595202561174 31.342575754305003 -215.19133727623654 0 0 0
v -66.341754744557306 16.611619051835348 -248.50471542298123 0 0 0
v -67.230288188949771 19.566894781981134 -228.13505144662221 0 0 0
v -63.819685954212233 25.732024097636511 -285.01203278741355 0 0 0
v -62.063362538197055 37.502392358558282 -253.29668839540119 0 0 0
v -64.058690156422756 34.51098492757481 -235.01800203258267 0 0 0
v -70.016022464051559 27.785364600342653 -181.56884759687523 0 0 0
v -71.401984545524726 31.634905648654545 -162.80886933992974 0 0 0
v -67.776737255915123 37.501582575285013 -178.20356253209857 0 0 0
v -65.161576226625613 44.819387837464717 -170.73873914841013 0 0 0
v -61.301164981546087 47.626271864611411 -188.71184747587304 0 0 0
v -64.183935786545277 41.735280118712211 -196.91190940233838 0 0 0
v -66.070057741786471 40.273657457545966 -165.64434330116853 0 0 0
v -65.455338620801996 35.336080997465089 -189.2166213821483 0 0 0
v -62.275748253692086 42.666964679625799 -188.209241742486 0 0 0
v -58.457966912306482 50.338845083942161 -167.97665832215506 0 0 0
v -62.875921027532243 48.209188005590477 -151.09517082133968 0 0 0
v -66.791286294056988 43.671900162071083 -148.25364726732454 0 0 0
v -68.175497550243364 45.137962075053395 -148.42923829553246 0 0 0
v -63.658832328531183 50.401903282807396 -149.85363861204056 0 0 0
v -62.38509827914033 40.420482996704315 -227.09899230905643 0 0 0
v -58.683160907676559 47.625166263565376 -189.80755593629632 0 0 0
v -49.922402175745901 51.749135467739478 -239.59980652914652 0 0 0
v -51.477901770209215 49.506715428551253 -259.18385335558679 0 0 0
v -28.501245738899563 58.738742215166909 -293.57882229985734 0 0 0
v -34.960889968997371 58.799955793841136 -257.88362297215565 0 0 0
v -25.185679372361733 59.020148432317043 -285.91890498895424 0 0 0
v -28.106128927806097 58.426090828579056 -238.27616080277994 0 0 0
v -40.738714145140193 58.677339079681261 -158.12224463062734 0 0 0
v -28.614733087559735 58.044268844295466 -257.74645445975887 0 0 0
v -29.049278927218214 -11.868794074547168 -192.01600638769995 0 0 0
v -29.046283568058666 47.189874921649135 -194.91068599576906 0 0 0
v -28.845456007126273 -16.563022514190379 -195.51893250713468 0 0 0
v -27.407655655025042 48.752850945317348 -160.08389665205834 0 0 0
v -28.263218619274049 51.065034963616654 -164.01094618009068 0 0 0
v -28.843372273744045 42.702201668984202 -154.08279312759907 0 0 0
v -29.048378308956426 49.110904290353623 -209.13478866052753 0 0 0
v -28.657705513979039 53.615968596653758 -199.47408983182527 0 0 0
v -28.56380344786292 54.004310198519256 -177.39332599894033 0 0 0
v -18.357136937409905 23.583308602798397 -147.59573375234518 0 0 0
v -27.466208463428245 25.435475449241494 -147.06007042949318 0 0 0
v -5.8352982091404044 49.108530262737276 -163.14230634148541 0 0 0
v -15.751209497202126 44.646206055923258 -156.20138213370535 0 0 0
v -11.350587993644169 63.633681063137814 -193.26959768519131 0 0 0
v -22.253232141588256 63.076674706923619 -164.37436057710789 0 0 0
v -15.148671637735276 63.921271776454972 -166.24841219167007 0 0 0
v -13.422607273315123 61.096035121726153 -254.45044637489235 0 0 0
v -20.223780473079657 61.793166635907845 -224.44275239715532 0 0 0
v -7.857553625587002 61.666682126444101 -260.81825498919329 0 0 0
v -4.4705037635201279 54.087184103761281 -179.01533274606865 0 0 0
v 40.651549026825023 54.076122713613607 -210.53299779127639 0 0 0
v -27.912461437766311 54.096388210508387 -238.72337402230008 0 0 0
v 5.6036811775531419 23.967254588308219 -152.30666803469532 0 0 0
v 12.501211004450397 31.277994401180386 -155.73886887478744 0 0 0
v -1.1507626219816984 32.734550761820024 -151.66326320687691 0 0 0
v 13.093540389003778 -68.402143198327551 -270.3476409765168 0 0 0
v 3.4930483796135263 -68.403989969265524 -269.26266739961642 0 0 0
v 12.69792940218457 -69.032240186238354 -267.65521043624403 0 0 0
v 13.689351947862747 -63.245074423215186 -291.10603989816678 0 0 0
v -2.14803172243478 -63.488338557272684 -296.86516745544003 0 0 0
v 11.790641860473443 -63.23561482867234 -294.48751502908129 0 0 0
v 29.179917934989845 -68.7936327299102 -283.99169676276523 0 0 0
v 27.916722850801506 -69.602023834674156 -281.81316258668022 0 0 0
v 11.522595539948156 -69.351698934991305 -290.67360286377249 0 0 0
v 25.78029249163086 -68.353094959422776 -257.08157160347753 0 0 0
v 29.140285550907095 -67.953816482353375 -278.17900828890066 0 0 0
v 11.001493201411677 -63.10019514553256 -348.43387434733319 0 0 0
v 29.61287346143348 -62.914945470595192 -337.07744833769573 0 0 0
v 37.464629015541988 -63.228835709957238 -322.12385341594734 0 0 0
v 49.075455040768077 -66.913332372306073 -275.0632222817469 0 0 0
v 36.2945141393634 -68.030921299347924 -292.26563264023594 0 0 0
v 42.083470292287046 -57.81222915554892 -343.26845189944777 0 0 0
v 50.487427313172105 -59.658469787174766 -329.31910067385394 0 0 0
v 39.51570242098677 -60.24628723936712 -339.71637304754495 0 0 0
v 54.368403032451653 -63.233755238301974 -288.25125991222592 0 0 0
v 47.304726658600913 -63.008169716057864 -316.20011866610298 0 0 0
v 37.640461618835104 -54.843230614906602 -351.80198133894868 0 0 0
v 51.647496274012383 -52.04519390302999 -342.35395311464629 0 0 0
v 57.92833517741542 -63.191466823371073 -288.27088197445022 0 0 0
v 54.426983160994581 -55.885393995371587 -332.9949801394049 0 0 0
v 63.395520213463982 -54.695429306878182 -322.31474454405549 0 0 0
v 54.917080159504849 -65.611600050218982 -286.13519371779813 0 0 0
v 62.688230982006424 -63.757315422987304 -269.78889423144909 0 0 0
v 71.834835673892513 -59.872329402164155 -265.4314703294657 0 0 0
v 67.504770352605959 -62.305764116442901 -284.03751522878434 0 0 0
v 76.226321487953527 -56.133962230033347 -283.73995363866618 0 0 0
v 65.843959459741654 -59.167043934355192 -304.2416659678135 0 0 0
v 71.253080887911864 -54.370345879304551 -307.03865162690369 0 0 0
v 62.696200257067346 -45.535486150698375 -335.03166232007834 0 0 0
v 71.78580286334028 -45.729305924804422 -320.16188656410327 0 0 0
v 64.489291628733213 -51.542543305680695 -326.10919657351451 0 0 0
v 62.4233026561879 -38.95357663207102 -339.05578827844283 0 0 0
v 71.440847307802358 -38.491296056735735 -325.78486738316684 0 0 0
v 77.903235042408014 -45.882692874626009 -305.97363931473399 0 0 0
v 73.924909774240888 -50.502867008950659 -308.83790783181308 0 0 0
v 76.777759687584421 -30.517058017719421 -316.16422432717684 0 0 0
v 77.762861824309795 -38.865305935949621 -312.79454041831497 0 0 0
v 82.291531024619715 -50.195003200021276 -273.62948580050875 0 0 0
v 78.026336735783303 -55.316202560444253 -272.50879607851823 0 0 0
v 80.12524433291162 -53.890763289508612 -281.33957683356255 0 0 0
v 83.754508672370775 -46.859203596077606 -281.05289803302071 0 0 0
v 78.652691723221892 -50.029778357269052 -295.81169216584988 0 0 0
v 83.166077362933976 -40.71838316934771 -295.87255482052603 0 0 0
v 87.749829665283301 -25.173268447904274 -279.61186567766629 0 0 0
v 88.900476208435236 -24.341515420722502 -279.27199568018585 0 0 0
v 86.72095677645666 -36.337467858837201 -281.19885177561673 0 0 0
v 86.567322326931446 -23.30854187643763 -282.98087180094956 0 0 0
v 87.595291360164524 -22.147000664969038 -275.38537125442792 0 0 0
v 13.741434103240152 -70.990942049523312 -224.66506734502852 0 0 0
v 16.707250666636469 -71.603753734587016 -210.59256091533194 0 0 0
v 12.684846729934293 -56.284703569204417 -166.66831631529359 0 0 0
v 23.255412226255714 -59.020115097003078 -176.43642579950031 0 0 0
v 30.625596654569961 -50.85385754472702 -170.45999799461438 0 0 0
v 21.953036241559857 -46.084368932029662 -162.03976751402729 0 0 0
v 16.593049613800702 -52.927500708683723 -164.7336859627444 0 0 0
v 37.572840473792482 -68.862216219675233 -277.056160055953 0 0 0
v 41.830902980080253 -68.987727532004286 -226.51325464905037 0 0 0
v 37.506149546522551 -68.927534817338227 -259.72681579623423 0 0 0
v 40.147471901018996 -69.583183302424018 -188.28853158863581 0 0 0
v 42.714399988755119 -68.833962264975739 -186.90241463704865 0 0 0
v 35.14717282624855 -69.821338954856273 -183.44537384932198 0 0 0
v 53.216856375341635 -50.187740230533066 -189.02259282669164 0 0 0
v 43.706943564952525 -48.516853035307477 -178.35237038037866 0 0 0
v 45.649658078871937 -56.074251247114177 -188.86703875885772 0 0 0
v 47.662792932753703 -66.167269212755244 -232.94646244576995 0 0 0
v 48.073568875691791 -66.487230547075313 -189.07733880902839 0 0 0
v 49.184556231771268 -65.810061583254196 -268.63285602824072 0 0 0
v 61.936889564858781 -64.667078111591536 -234.129827899969 0 0 0
v 56.392572343810215 -66.599741605516741 -193.20296535340526 0 0 0
v 54.969524329612923 -66.583397563131712 -240.30590911647025 0 0 0
v 63.916933965455428 -64.468293653627512 -194.57655929265471 0 0 0
v 46.957259697092013 -68.547137212237772 -188.45181729690492 0 0 0
v 64.819928623919992 -60.188848977241506 -229.79294231227985 0 0 0
v 65.814462633274729 -56.08928675584 -216.95310663436035 0 0 0
v 57.393893819283029 -59.392658298220198 -211.30602945991302 0 0 0
v 60.957582314054605 -53.369612314396463 -202.95784077798044 0 0 0
v 55.199123086281546 -56.229549518656611 -200.08043983851996 0 0 0
v 64.130125951531554 -63.825792818579473 -265.80934512521122 0 0 0
v 72.249227458399616 -60.035467252669633 -246.34585923647987 0 0 0
v 75.740200395202578 -57.629992546320636 -197.16674660746665 0 0 0
v 61.221064651790471 -64.014749344343812 -192.35370622010706 0 0 0
v 66.43946882986836 -63.176973211149743 -193.86336477985634 0 0 0
v 77.346510203476214 -48.107264648480609 -227.39617872991982 0 0 0
v 74.331758352163689 -44.62607934925893 -215.79237992496138 0 0 0
v 68.951104396319366 -49.482617369533585 -210.55474438302832 0 0 0
v 77.506712243979422 -56.54784926457004 -226.17211037919907 0 0 0
v 83.151434531051251 -52.727933210830258 -200.33721406192274 0 0 0
v 78.496106949130649 -56.980910421037549 -198.41266635004865 0 0 0
v 83.448194331633459 -43.528573495794006 -240.24224014463644 0 0 0
v 82.200465588039464 -39.313211113038058 -231.47473556609822 0 0 0
v 78.593699403871682 -39.359187802115855 -220.9652757300226 0 0 0
v 81.817808269234305 -30.576110780357951 -228.12306096840604 0 0 0
v 81.40014603040737 -49.540667471263447 -229.87974454532483 0 0 0
v 83.537220957010348 -49.363636082749082 -201.74811059878124 0 0 0
v 86.14904661711418 -44.844841523667597 -209.52066816886801 0 0 0
v 78.371375055593703 -54.469503089614641 -200.12745785146393 0 0 0
v 85.427575287002242 -48.711567240761838 -200.20336100839467 0 0 0
v 87.207060977960282 -47.909423678637722 -201.78969813419604 0 0 0
v 88.881018166180993 -41.239329424419168 -203.39166563375696 0 0 0
v 88.127961729406721 -30.827954695412956 -247.48553297152591 0 0 0
v 86.926419649222765 -37.099070019560443 -242.15516321218368 0 0 0
v 89.936341856779904 -27.283913299803586 -237.33369412399978 0 0 0
v 89.283515236310947 -27.979414919317492 -260.42210537765743 0 0 0
v 90.161273659045079 -18.423700343419995 -263.01969848902718 0 0 0
v 89.740129442096929 -30.293683174131406 -254.67862275187363 0 0 0
v 94.427175268409243 -22.685439093907704 -205.88843583042598 0 0 0
v 94.090383798913535 -13.879881793127446 -216.25424367732739 0 0 0
v 91.142758794129875 -24.87117669421777 -229.31325123869814 0 0 0
v 91.13156332169865 -8.042530252908179 -242.70679694595214 0 0 0
v 91.851321528946926 -15.894620631142509 -234.006820152644 0 0 0
v 97.448315278627575 -9.1142273401759581 -206.07620841424614 0 0 0
v 96.801932555663981 -15.569418268040899 -204.18506854530216 0 0 0
v 96.276393573702862 -22.890419704153828 -204.87658505277366 0 0 0
v 91.418749275944293 -7.9351776210558924 -255.29867145717046 0 0 0
v 90.58793633357007 -2.3604261316541111 -263.45062727836506 0 0 0
v 7.2865380967540432 60.130549108131504 -274.57815495045156 0 0 0
v 20.752985135299895 59.561504676716339 -276.27391604023262 0 0 0
v 25.145708507004088 60.08078534247219 -270.6519417507572 0 0 0
v 22.398094782983208 41.373410943676411 -366.20405336133297 0 0 0
v 29.258137300061776 37.944904172763401 -364.89375697798857 0 0 0
v 9.1195195025923113 49.343383352485418 -363.46025934722985 0 0 0
v 24.659296840197328 45.913503886617519 -360.3449926995271 0 0 0
v 11.593720173476754 45.777444772095308 -366.977449133596 0 0 0
v 23.806346066902279 59.611807000357899 -294.90760191954791 0 0 0
v 14.977836913629062 59.792054924727758 -294.9128648068268 0 0 0
v 36.972744390747266 59.814286412815875 -279.11789620154275 0 0 0
v -1.8194229928718642 55.170277529506656 -296.09636318743316 0 0 0
v 55.246027829393938 55.620837930477151 -270.9811336049795 0 0 0
v 27.516485890848685 49.806480060750673 -352.72217391602828 0 0 0
v 34.996759173123564 42.920618074775774 -356.95924935116824 0 0 0
v 37.332261298442688 51.843284320969275 -339.76642825050101 0 0 0
v 19.76285344333985 53.35403933841252 -347.55823456881592 0 0 0
v 33.415674378653648 59.075403265675767 -277.09168593668545 0 0 0
v 40.807496124881368 58.307938248596457 -273.14226276182228 0 0 0
v 45.155891599397634 59.07255560648494 -260.6805136166538 0 0 0
v 42.185984728015967 36.467742593005042 -356.62053346778106 0 0 0
v 55.650832875431547 31.852411208037225 -346.37526026346308 0 0 0
v 40.341963793709283 30.491450419956713 -360.69283029103349 0 0 0
v 49.21765267361144 41.181655123494451 -346.75106768153125 0 0 0
v 59.548901858382493 42.81249345354945 -332.53115409496763 0 0 0
v 54.125864042159066 46.266935878162592 -334.28136674938435 0 0 0
v 47.87846799055319 50.313992833751662 -333.46529336026123 0 0 0
v 39.646872269909693 47.538837135956236 -347.60206213697239 0 0 0
v 41.681189395022898 53.335563279786818 -328.5351866808021 0 0 0
v 56.026762072003947 51.783614203510425 -316.50153251869466 0 0 0
v 53.106331370099042 53.593632718797949 -309.43918338796311 0 0 0
v 50.488442997741473 54.095870937586781 -302.32269080309578 0 0 0
v 11.087526250617316 54.094389510495674 -294.99397793657397 0 0 0
v 44.567521897851179 54.087809579929846 -278.42874256258614 0 0 0
v 52.283179979280831 54.19599229269398 -288.75872009907584 0 0 0
v 58.593191285311462 54.086627965964105 -271.3245686534288 0 0 0
v 54.493225633320094 54.720782988942332 -287.68748275351476 0 0 0
v 59.381205728797909 54.711032202265557 -269.3618519519261 0 0 0
v 65.674032551948301 23.890963709649462 -335.52041259107529 0 0 0
v 57.938042043033761 24.061919387681073 -345.19039404162805 0 0 0
v 63.83042919465575 31.145021784642502 -336.38287965759093 0 0 0
v 56.936785339819323 38.882546427521923 -340.05826392738493 0 0 0
v 64.186040173707852 36.655675216128984 -332.6933970918231 0 0 0
v 61.178351876248115 52.541457266452269 -300.77812102409666 0 0 0
v 61.528064363757267 54.833648978786627 -269.67766911708122 0 0 0
v 77.496525046971826 45.317137656247461 -284.43340886317395 0 0 0
v 82.824149233240234 40.262903079248801 -281.24821945556442 0 0 0
v 82.915995304350361 38.375701556555612 -283.25975450036947 0 0 0
v 70.345994260417655 50.505369894239507 -286.19012669503144 0 0 0
v 72.368056551499194 50.357337410970217 -284.04485518829802 0 0 0
v 86.750234561698377 27.903356456111538 -281.26292450007844 0 0 0
v 88.653734572682424 18.568854488488796 -278.95921549156446 0 0 0
v 87.612150113385965 14.523242269559155 -279.56964737323517 0 0 0
v 81.266108752202399 45.047717445515936 -261.89282886674448 0 0 0
v 79.578846419774337 45.14070288170219 -281.3139390435245 0 0 0
v 3.6476942251900937 51.975740717438455 -171.84453248270393 0 0 0
v 17.504406644232347 49.395157486090177 -172.17350106208116 0 0 0
v 16.80884226239948 52.985746409070828 -181.12870055168474 0 0 0
v 10.736345418850647 41.966083094791273 -160.54646921863093 0 0 0
v 21.768514039362003 44.785020530705424 -168.22246960628212 0 0 0
v 3.2715116147630852 45.811614279949055 -161.44641746016958 0 0 0
v -3.7121354234334376 53.430123706934616 -174.62847037623138 0 0 0
v 3.7422184920022232 65.167103108940566 -174.12933547474134 0 0 0
v 22.050810980898561 65.629981658151934 -190.96867143914341 0 0 0
v 19.322386544938354 64.962357336319386 -192.72674607019817 0 0 0
v 34.903385645044182 65.893013460122773 -184.26806441445865 0 0 0
v 6.9174164251033403 65.687084397768018 -174.29574146440626 0 0 0
v 12.216279078248476 63.457798290831747 -237.06655782943648 0 0 0
v 31.86877298191888 63.587382621637296 -232.74083817193196 0 0 0
v 23.652807512697564 62.991163538586775 -238.52146367709977 0 0 0
v 20.207484539852544 38.013557350163907 -161.85971845361274 0 0 0
v 37.700151080662124 39.226069007474372 -173.12081442277159 0 0 0
v 26.43862445681367 53.646213376458476 -190.55115513548964 0 0 0
v 41.222611453213375 61.531492702198079 -224.58196956898979 0 0 0
v 37.668280712352072 62.06318147142558 -225.33651931554704 0 0 0
v 24.206243579358357 61.527670644762445 -238.55516581313964 0 0 0
v 35.992031174859818 63.160700959984837 -208.62214005612287 0 0 0
v 20.517890494059255 63.196652220781736 -215.8838865975529 0 0 0
v 36.53316980044886 62.596461236689642 -210.34424010719442 0 0 0
v 38.030207174640395 23.52195883277912 -168.41046805888948 0 0 0
v 43.44062501974463 30.452262727690698 -173.44554290252208 0 0 0
v 30.163732230650311 32.668452789466329 -164.7058791385422 0 0 0
v 49.719975722392945 32.533317718633015 -179.55373018115608 0 0 0
v 47.379547547384988 23.787540489480868 -175.82705495880151 0 0 0
v 57.367824227606704 23.691674413692663 -185.64494688808932 0 0 0
v 68.870895573831021 32.658519008972895 -203.1324420538086 0 0 0
v 60.289060518198184 30.531155563436201 -190.28644151839191 0 0 0
v 65.421010486066535 23.620024443361693 -195.75070073937479 0 0 0
v 71.542158276264416 55.196224459970175 -230.18345766399739 0 0 0
v 64.319278331545974 58.2384677956423 -226.86834470912484 0 0 0
v 72.688163747950227 51.633713599417071 -256.79913873569041 0 0 0
v 78.716659274815555 23.945563195716346 -219.93947786570189 0 0 0
v 81.897311444143284 24.740767277943199 -228.44771402952179 0 0 0
v 80.03431423915616 30.598242818329968 -225.31956129386376 0 0 0
v 73.623789087316595 45.279898623487412 -231.26740729095616 0 0 0
v 69.143950588375588 44.767828730124016 -218.62158951088813 0 0 0
v 76.772184204485001 38.505040054613836 -224.88048301515641 0 0 0
v 76.631348182256787 49.847915850422631 -263.54001942365068 0 0 0
v 74.607478326310996 52.270330190603929 -261.23180681953244 0 0 0
v 78.974298990624362 48.917092904917965 -259.48345875429425 0 0 0
v 82.51889120297551 44.545930489804121 -258.26061688288286 0 0 0
v 74.197177992390351 49.534452570672798 -257.18626744300997 0 0 0
v 71.681881743148921 50.699624354292382 -257.40359347516187 0 0 0
v 77.960657981279326 45.987771972498905 -254.05052940710726 0 0 0
v 77.964488707634359 47.446562227069819 -255.28756148410221 0 0 0
v 80.680258519845097 55.857679837396418 -200.1604763521843 0 0 0
v 80.561244949159018 51.704151644594823 -227.83778521888667 0 0 0
v 76.394388682866563 53.002040354635881 -243.39134706513551 0 0 0
v 87.248929095232583 21.000789748892487 -253.09351512595268 0 0 0
v 86.524793597898679 -29.877149952806015 -247.81843251530606 0 0 0
v 87.232092191309292 -28.128383464491876 -252.76934562395013 0 0 0
v 87.603225009685801 30.207818859822247 -259.77356490708422 0 0 0
v 88.781016236848274 28.673198416837021 -254.41679077204861 0 0 0
v 90.535238755562517 13.496767423807412 -255.76681941781931 0 0 0
v 88.121053251796241 21.568119415284229 -252.91868192970855 0 0 0
v 89.688710142009029 12.593992551284714 -251.92170599424475 0 0 0
v 88.610806396204197 22.763792880927141 -247.66063754817426 0 0 0
v 89.815454876351225 40.553113307891181 -202.26030775999786 0 0 0
v 86.199764607013122 46.215566586910185 -203.16952390077699 0 0 0
v 88.949934921405358 40.722634933072484 -203.5141592988914 0 0 0
v 82.039312257512265 52.112104103423135 -200.22072581039717 0 0 0
v 84.68510287508866 49.833968528089258 -200.23077860744959 0 0 0
v 91.640262488766027 9.0334181290414506 -253.25132195228502 0 0 0
v 91.717939949231777 -15.273770184621142 -253.05024998863203 0 0 0
v 93.446516280688542 -10.232396388852219 -222.69742395305192 0 0 0
v 92.202351306441386 3.6959791825793644 -231.91830002137991 0 0 0
v 93.81812154344172 4.1418366274760956 -219.82811309960974 0 0 0
v 93.050666870642772 12.63218456837545 -221.23721991757569 0 0 0
v 95.742032676455636 4.7963545888693773 -215.72780038292805 0 0 0
v 95.850103765106439 20.530080726472477 -204.9278018907022 0 0 0
v 96.74918886019563 12.658835626672044 -206.53102062712455 0 0 0
v 90.579920680587435 18.516018111991187 -252.93648410218262 0 0 0
v 89.722966399181445 28.447818010855503 -226.49848680286109 0 0 0
v 91.907899417647585 22.160043069425285 -219.72768884353545 0 0 0
v 89.164438002713524 36.985501090184663 -212.60000833218984 0 0 0
v -66.769499138747719 -38.399497338960217 -322.52956132018198 0 0 0
v -62.864751301695776 -47.752959237247865 -321.68281716839903 0 0 0
v -63.759527119358665 -41.977070045715308 -312.24121999816811 0 0 0
v -65.592340924865425 -32.809902969166615 -312.11191032480627 0 0 0
v -65.468845930459267 -39.6715640148864 -322.59179661985678 0 0 0
v -62.829250175549703 -41.64213325001262 -311.85310116374802 0 0 0
v -62.649391507598708 -46.523320064029036 -322.59886047048201 0 0 0
v -64.729515848573556 -31.652516685717444 -307.39544057998228 0 0 0
v -63.932027308558986 -34.696310889399903 -284.95307862680113 0 0 0
v -68.70634933739457 -12.980599586377878 -324.25633601044325 0 0 0
v -66.88011076815468 -35.24424213533166 -323.66426676575963 0 0 0
v -67.752744101227336 -34.493602949727574 -323.93617206375177 0 0 0
v -67.031540222969113 -0.86618174875411569 -311.98491312537681 0 0 0
v -69.019352018406465 -15.115364782354632 -323.65816475457973 0 0 0
v -66.214478374361448 -19.203156956684552 -308.78283582027944 0 0 0
v -65.781592627641743 -7.4852032768397834 -302.88764365392325 0 0 0
v -65.467314356384776 -13.240542974210371 -305.94584105059988 0 0 0
v -64.83358786878577 -35.78711377643242 -314.93894367613797 0 0 0
v -65.736550291327191 -30.206137199520413 -315.44706884861893 0 0 0
v -65.350751652673722 -15.052381213302397 -295.76921676417163 0 0 0
v -64.820619299573863 -16.662496311312196 -297.55198303824017 0 0 0
v -64.276876542792976 -17.532614775155935 -296.8619529227613 0 0 0
v -64.746945786420468 -16.460900408730822 -294.06910126517391 0 0 0
v -63.773766822905372 -16.707061634639103 -281.29237547628452 0 0 0
v -63.597969322922808 -21.394708520877352 -281.0561381461381 0 0 0
v -64.760641968034676 -5.5128918984282649 -298.00366667521018 0 0 0
v -64.848225432523051 -13.669363441676026 -288.96472698863857 0 0 0
v -64.739348092834916 -3.7882844991378306 -286.86156981002131 0 0 0
v -64.045445872674406 -7.4205714230627109 -286.44539140334513 0 0 0
v -62.840535954820552 -3.3906786623682024 -286.80011423591895 0 0 0
v -62.368496442717571 -24.467180195025776 -287.40367078419882 0 0 0
v -66.200652924649347 -11.471211683495994 -281.48807843180373 0 0 0
v -66.136478201786048 -19.671859894483134 -260.30306485685855 0 0 0
v -66.074144017417879 -8.6577053238195276 -269.37174729769424 0 0 0
v -64.703865104402269 -7.0311537191441573 -269.08208982417688 0 0 0
v -64.741466756915656 -19.30754038389918 -258.5233365502462 0 0 0
v -68.887225848485855 13.191910729343363 -324.03621092432849 0 0 0
v -64.302324151995293 8.7153378988772587 -280.06334806972399 0 0 0
v -66.06170403593002 1.4974545217794457 -268.53196085687773 0 0 0
v -65.333681076948508 -9.0804480067710642 -266.09416985668008 0 0 0
v -53.494410246032203 -57.811734733591948 -319.38784595473925 0 0 0
v -55.694393981891324 -56.39195494289612 -319.03452653533765 0 0 0
v -59.915438973288701 -52.21842144710206 -320.90155600877262 0 0 0
v -50.945505010052855 -59.418028831463261 -297.76267969950788 0 0 0
v -57.246839340398395 -49.7685932083605 -287.0166339010346 0 0 0
v -52.148519737664842 -56.669088725717849 -290.73377884077911 0 0 0
v -57.822732960302105 -52.359957778871369 -302.99743789612029 0 0 0
v -54.811422832763718 -54.24226697472011 -296.02004138114143 0 0 0
v -58.93568848155963 -48.845914967213226 -304.7354155210424 0 0 0
v -61.625976843673698 -39.48484493307285 -290.22829869313966 0 0 0
v -59.186698203429216 -46.794291873989692 -292.93733166380883 0 0 0
v -61.493457784719681 -41.78740729618805 -301.56709222352606 0 0 0
v -60.32067611770907 -39.896379718462413 -289.43048755981971 0 0 0
v -57.019548365579055 -50.859962938862623 -292.76883338836586 0 0 0
v -62.667772240849303 -32.317098810243778 -289.35907847032666 0 0 0
v -63.13021658766877 -26.93137785978297 -287.35365197638487 0 0 0
v -57.23755598832372 -15.577720555584165 -291.76288884789557 0 0 0
v -61.11389549199977 -46.323308549201514 -235.8771458291647 0 0 0
v -52.590608550148744 -57.692422274516957 -318.6208898302724 0 0 0
v -42.765623530589551 -63.271429698797419 -316.30112577344852 0 0 0
v -58.744753514219951 -52.053114530096195 -320.47982534533458 0 0 0
v -50.028239784231118 -58.996545036747875 -298.00879199244832 0 0 0
v -46.432812013240181 -60.655647558243778 -293.69514256891188 0 0 0
v -49.998290942158988 -60.000519217431048 -248.45370346422601 0 0 0
v -53.355655996754884 -56.905655430590606 -253.62282898522406 0 0 0
v -56.474011827504441 -53.38568472138553 -252.20980767639875 0 0 0
v -59.135420993987623 -39.873965612453958 -285.93461609741718 0 0 0
v -46.518803729931108 -62.225780776051863 -299.70868158561382 0 0 0
v -49.070874869887575 -60.814137552775833 -317.33272802777975 0 0 0
v -42.68202650783951 -63.508235917214506 -314.95155051865788 0 0 0
v -33.030061413254543 -66.110986558760857 -311.75236899868162 0 0 0
v -34.119537762270397 -65.03512850215985 -302.07767451063137 0 0 0
v -41.185086387189415 -63.045037251860229 -295.04557200399955 0 0 0
v -46.753166410222121 -64.4631510329842 -233.5617307050891 0 0 0
v -35.396958309860807 -64.756245545328994 -296.16478020818704 0 0 0
v -29.891779852291908 -65.794820417963962 -296.41108731152491 0 0 0
v -29.655771895640356 -65.113296551696465 -297.65682933217386 0 0 0
v -30.659157352804641 30.955743747850875 -288.05305665843559 0 0 0
v -28.480285201454166 -63.063838149851726 -356.84719527117971 0 0 0
v -27.33569956479931 -62.021127523255061 -362.51802080983725 0 0 0
v -27.3358393877418 -59.863664948039172 -368.38370161346313 0 0 0
v -28.72953375112737 -62.955152713127163 -302.90259277923496 0 0 0
v -27.207505154211688 -63.235539713310111 -304.35317887002691 0 0 0
v -29.014335813670396 -62.069519727594205 -356.37297893608803 0 0 0
v -29.054936610662214 -61.260966646420279 -303.06081457962921 0 0 0
v -15.883956645973967 -67.285089447878491 -307.66260566832256 0 0 0
v -27.462724690364439 -66.97758191192986 -311.16873349175489 0 0 0
v -29.230913398890564 -62.139993210308603 -302.0183734967398 0 0 0
v -19.567386524243375 -65.936593335533757 -297.17841077986208 0 0 0
v -20.195382541253139 -63.920567748759581 -301.01496968934663 0 0 0
v -22.861628099682221 -66.190543395229469 -295.95554714996462 0 0 0
v -17.377047650503073 -66.570664074834397 -300.7350036099491 0 0 0
v -17.641502412757745 -67.272319750751862 -302.00064179770266 0 0 0
v -12.040110446708695 -63.222518287820883 -292.23215747955862 0 0 0
v -28.075220424877799 -63.234087147173767 -296.13690398781608 0 0 0
v -21.316395847273874 -66.964834069141673 -294.98528800831497 0 0 0
v -30.48520596874328 -66.295380669339991 -247.86485740865459 0 0 0
v -28.497779469056482 -63.114255600248612 -240.14712995028464 0 0 0
v -28.975794296500553 -46.416360704575482 -380.844540086964 0 0 0
v -29.047235484988263 -46.28948943180967 -287.8427120932688 0 0 0
v -27.134899773154217 -39.995307954944337 -383.71157906229979 0 0 0
v -28.527175827850556 -35.863480828102183 -384.27881206287844 0 0 0
v -28.790026791339855 25.509418667832506 -384.18275800374909 0 0 0
v -15.229085684417782 -68.092639024989225 -307.35202061889697 0 0 0
v -16.602242111809801 -68.861143729863073 -298.71535621802656 0 0 0
v -32.237013462944432 -67.172299169753117 -284.78660933928262 0 0 0
v -15.609877505655774 -68.849713376600164 -276.64702501266839 0 0 0
v -11.319545839917282 -62.517913887374604 -359.52039802073762 0 0 0
v -27.100715095253008 -63.225004377029109 -355.16648383648078 0 0 0
v -9.4191573215634321 -67.06342736968196 -293.19339617631931 0 0 0
v -11.05752119792669 -63.788657711425529 -293.94162042733717 0 0 0
v -19.528081823511855 -57.509566576071023 -371.38682419756321 0 0 0
v -11.703821779027749 -43.9262115798102 -381.27787337436001 0 0 0
v -16.274318714553374 -48.379899088128582 -379.55360907826594 0 0 0
v -5.5009200496429003 -66.799366720190491 -294.84366524812958 0 0 0
v -11.147142517467501 -66.125884278689981 -295.0353653833904 0 0 0
v -5.7691034512271244 -67.950518604406142 -293.16160591383311 0 0 0
v -13.621006068826858 -69.4378514653568 -276.86286883283378 0 0 0
v -3.9408462586998212 -64.398278177556506 -297.00702549291532 0 0 0
v -5.1672734432860352 -63.224258402013582 -293.31168304687606 0 0 0
v -3.7682213874694526 -63.801472811778638 -294.72964651310025 0 0 0
v -4.395279785013372 -55.360779695701602 -371.73119876549566 0 0 0
v -5.9085339891726107 -59.482718713964196 -366.1486392622449 0 0 0
v -10.283340206759021 -30.502580455321841 -383.0056155895042 0 0 0
v -2.5144793267419345 -67.073102609978775 -296.30495429095322 0 0 0
v -4.2823541761374599 -67.439343493212931 -302.94547542000424 0 0 0
v 3.7264895350640472 -68.51444351999028 -301.61328322361254 0 0 0
v 8.264549653111203 -66.911831960008058 -289.62864316226899 0 0 0
v 9.8188473363800313 -69.8734931156025 -289.46702329200593 0 0 0
v 9.2161954023670205 -69.035373785885326 -299.1063361725287 0 0 0
v 24.231406094579711 -68.444467987767254 -286.35011213452032 0 0 0
v 26.608657508609213 -67.406649252364389 -281.0405256799865 0 0 0
v 10.56985559632119 -61.082429771231325 -357.08766787716087 0 0 0
v 9.4707506942855844 -57.389599969404308 -364.82550114699859 0 0 0
v 5.4845441510187811 -35.31607317986267 -379.26357014269342 0 0 0
v -68.927610518211054 -52.470964752499185 -146.97350247053183 0 0 0
v -73.869756000009744 -41.177158953948677 -145.9706505743635 0 0 0
v -76.172845034711827 -25.373040963303993 -144.13444595942883 0 0 0
v -76.308974911386841 -28.487940875753754 -145.6022324334856 0 0 0
v -74.542671191777501 -28.91269960438953 -145.06213268005391 0 0 0
v -73.25074274942898 -40.690495542437475 -144.85473310011162 0 0 0
v -68.402859194066266 -50.32566328501197 -147.1458723855778 0 0 0
v -72.829362251887147 -38.074741707382756 -145.96454605647668 0 0 0
v -72.297306666066845 -23.848624523754978 -164.68851224610128 0 0 0
v -71.1978021501277 -36.894967570225774 -157.29615492014503 0 0 0
v -73.713052486028431 -29.23429469276391 -160.90155441924341 0 0 0
v -73.770923336668673 -16.7810067252124 -157.646686409046 0 0 0
v -74.211676720671775 -12.915671558854982 -166.95584377705686 0 0 0
v -76.749304130886173 -18.609022666875262 -144.24897208322037 0 0 0
v -76.749248239654321 -19.600993960831627 -148.71513089711658 0 0 0
v -75.831299153076571 -18.727627839451191 -144.92024060380857 0 0 0
v -74.90391869373147 -11.64996125640377 -151.72433357104319 0 0 0
v -70.420646448054299 -14.61131455199093 -201.84929286539085 0 0 0
v -75.895187340119321 -11.328212374354976 -157.23682334710244 0 0 0
v -77.290889729232461 -14.520443024182335 -143.67936325046711 0 0 0
v -70.26211759140611 -19.148886077107321 -183.66836160969382 0 0 0
v -72.241712018872121 -10.615603931835921 -172.53366603256691 0 0 0
v -75.959848912696472 4.3266068855328399 -144.57642372932031 0 0 0
v -63.283358188925781 -56.218422180849515 -151.21784678605235 0 0 0
v -61.693824858517516 -54.660408308488925 -175.1149203495176 0 0 0
v -62.292432098421443 -58.169983154759279 -149.01784136721176 0 0 0
v -66.11490992101713 -43.434845882954292 -205.47228944701689 0 0 0
v -64.184422108980016 -42.70406919873362 -237.36823887154392 0 0 0
v -62.736365632344047 -48.844270146687876 -226.0430877062476 0 0 0
v -64.25487685231289 -44.016322304739134 -203.42169005947056 0 0 0
v -60.871422475317786 -50.936994154791769 -208.80480717629072 0 0 0
v -63.596307401312444 -51.037093397860914 -178.68865982476149 0 0 0
v -66.129140496185883 -45.414786444912451 -178.91303225137506 0 0 0
v -65.843869589125177 -39.342625800907285 -200.37398890599002 0 0 0
v -67.848848685288644 -39.667208983476627 -178.29386107418995 0 0 0
v -64.656615295146025 -54.311561576641886 -172.25541292308941 0 0 0
v -65.12832425379672 -33.294537187122671 -253.97096910674605 0 0 0
v -66.151703595362918 -37.419432053640065 -225.37046339007517 0 0 0
v -64.628098021456566 -33.901048910165031 -229.77331506042782 0 0 0
v -68.246185673099362 -32.020093154339349 -189.35842047679623 0 0 0
v -69.015444756017899 -21.516483636357066 -195.30445569823459 0 0 0
v -65.230634048284273 -30.357732554516275 -232.25270220959584 0 0 0
v -66.065254100915013 -24.932335398159324 -228.83911951945655 0 0 0
v -68.787279747580612 -20.580755348286118 -220.13622965921218 0 0 0
v -68.161236217808792 -32.174816956359521 -208.54504024602738 0 0 0
v -67.262988512348841 -22.163794426010639 -237.54470891001552 0 0 0
v -68.108086631166159 -13.560562317997892 -229.93696829575561 0 0 0
v -69.278050695430096 -34.222336902032325 -176.60602104785912 0 0 0
v -69.196935195852333 -7.2141204919332012 -201.61643354181271 0 0 0
v -66.682348478655769 -6.6146249059106381 -231.32888056557883 0 0 0
v -69.435993695785811 -20.413040847455392 -210.17652549021324 0 0 0
v -69.192200975152616 -5.8682898695165022 -217.41672177345205 0 0 0
v -69.97338336437835 -7.1066125369518076 -214.36986910702086 0 0 0
v -68.229548957750865 -13.383517031890278 -210.57149211639461 0 0 0
v -67.900298620743428 8.9429421186109153 -236.6048082681032 0 0 0
v -68.124332280363674 -0.17797465349485719 -230.9073872013108 0 0 0
v -67.301268481966019 -1.8608586281923181 -228.16091522177615 0 0 0
v -67.088693114938067 -19.327496059403671 -221.8455100343522 0 0 0
v -68.228793123258328 -1.0166620238517226 -214.55279580030631 0 0 0
v -68.23196074662043 10.984576629759971 -206.94841311171353 0 0 0
v -53.08231681185034 -61.683848384787503 -217.89770181373393 0 0 0
v -56.37334280710413 -58.737440283927029 -222.35031939259335 0 0 0
v -59.559451322642595 -59.789344801357068 -174.19199618622736 0 0 0
v -56.159590357806394 -62.493256373617527 -151.25721669270979 0 0 0
v -57.248922904698006 -60.873262682180702 -152.44951340392879 0 0 0
v -57.124137712351455 -55.921909962165238 -211.83476980750413 0 0 0
v -60.959086428307913 -56.465943503862235 -192.30152757470236 0 0 0
v -55.871399755215393 -59.314079607617579 -184.72751707751868 0 0 0
v -50.196108353477726 -63.949869097317084 -155.01616624668813 0 0 0
v -43.728400454612597 -67.064814148494804 -155.45993832121746 0 0 0
v -49.285794530631875 -66.258214027558282 -155.29009039214404 0 0 0
v -38.927554336163212 -67.421174203520607 -157.03226197216549 0 0 0
v -38.428419423548917 -68.476731515114537 -158.36683073675272 0 0 0
v -42.778833826248949 -65.89040466043555 -157.46148761992745 0 0 0
v -43.587703674669896 -64.921342388103056 -187.13053993667094 0 0 0
v -38.313240371175965 -66.706099376140173 -158.5422682415342 0 0 0
v -33.204823227165342 -67.322920414247037 -161.21280543401906 0 0 0
v -29.899893055077321 -66.896877193055516 -235.18732696372612 0 0 0
v -30.992641252750957 -67.951903571260189 -160.72991989569277 0 0 0
v -24.691843820593135 -68.410979196708084 -280.46188166635909 0 0 0
v -25.480067845704042 -68.279623183996875 -163.01072478960248 0 0 0
v -12.334677490694901 -70.72630371569403 -166.67580386106408 0 0 0
v -21.24857401948934 -70.779348844267929 -164.34363297693812 0 0 0
v -22.949298282201312 -68.954822623733889 -163.13173011797633 0 0 0
v -27.13734206886684 -63.228772328606055 -236.34555918482579 0 0 0
v -28.508999226378823 -63.112789445536578 -235.18953433664302 0 0 0
v -28.51108435246481 -63.068524415492959 -174.78795488568764 0 0 0
v -29.038066327520305 -62.087174727714086 -173.53154565301571 0 0 0
v -26.992440824779351 -63.244403774813875 -175.34149344685437 0 0 0
v -28.156822893657228 -60.632085341435342 -165.09860052755513 0 0 0
v -27.425757333960341 -62.72100268624537 -171.2206192647742 0 0 0
v -27.985396676301175 -57.395429336547799 -159.42507309445077 0 0 0
v -29.039376428407465 -33.025983511690939 -198.07717625372814 0 0 0
v -28.616977410721152 -36.416172497908519 -147.61474449590287 0 0 0
v -27.514904382088904 -42.674249534618866 -148.55277629510482 0 0 0
v -28.622994173912453 25.296115020466459 -147.58267177208236 0 0 0
v -29.050815004623328 34.069206615832172 -150.37618920956339 0 0 0
v -24.334238258452977 -67.922966945455528 -214.60452867228497 0 0 0
v -16.479271919456366 -67.880708024156505 -262.83041067340429 0 0 0
v -19.114875249840317 -67.278099470434654 -263.93755001740567 0 0 0
v -14.339227527210369 -68.932143918838605 -220.39091484741792 0 0 0
v -17.10895488369669 -68.351575524678864 -217.68456303437463 0 0 0
v -12.822837247392272 -69.366138915860404 -167.44128020509552 0 0 0
v 1.2951348597534391 -70.899512400865362 -245.58466585767138 0 0 0
v -13.186791912738641 -70.841146946568884 -167.83293910178136 0 0 0
v -16.819383143797722 -59.627616023450869 -163.73110688733104 0 0 0
v -18.85592682004085 -46.85608147840351 -150.87335324053399 0 0 0
v -7.8388890054952896 -68.364840543625562 -252.87924157420017 0 0 0
v -5.3663991332187493 -68.913439281191103 -252.31798987262377 0 0 0
v -4.0967659809964942 -71.485911213252862 -199.92582105975268 0 0 0
v -10.01264929277167 -71.430817041789155 -169.44143435445827 0 0 0
v -8.1473712172250998 -70.742761956758713 -167.82735890930405 0 0 0
v -9.0452216488573356 -70.005283947308669 -169.64161999562046 0 0 0
v -5.2202253729814174 -43.606354238819222 -151.43961679444274 0 0 0
v -3.3760543391482543 -35.448873151740457 -149.95149769138823 0 0 0
v -10.282166619898817 -30.459777825163094 -148.60018918792596 0 0 0
v -5.723274037420488 -69.344027206003403 -205.21724035602531 0 0 0
v -3.6889463465905266 -69.749656317958696 -205.96774249718717 0 0 0
v 18.604450551182165 -71.555970855305986 -184.0262447236988 0 0 0
v 5.595593381177423 -63.0105479361156 -180.52198644501567 0 0 0
v 19.842733542131914 -69.979282428753237 -202.30448952167376 0 0 0
v 5.402864834371826 -30.614393222211504 -152.23227566455611 0 0 0
v 9.7277824089730984 -38.470578388903732 -154.10846562770129 0 0 0
v -65.04433696705712 6.9673785951915761 -295.29472543126411 0 0 0
v -65.64834537087151 -2.0465366368028413 -296.8170495373576 0 0 0
v -65.92941830000251 7.5760478921346817 -282.5806876390468 0 0 0
v -67.189858830505116 24.311000873637909 -323.78396565232566 0 0 0
v -65.841912626905611 9.7267305904240402 -306.7388211536599 0 0 0
v -63.723622962468511 16.123594696960055 -287.4786614839507 0 0 0
v -64.187769765223493 6.43923906849556 -288.18203352382818 0 0 0
v -64.634646483410165 2.9772588580580646 -267.22275109952113 0 0 0
v -64.855996213736773 19.808691498476463 -309.97577335696309 0 0 0
v -64.447502741388732 29.517353605405741 -311.65822853949879 0 0 0
v -64.257750048058199 19.229395152026626 -296.42378657176243 0 0 0
v -63.692416237990983 20.214227829737922 -301.44823060182557 0 0 0
v -63.138248941050605 18.665420043215136 -289.23906787805799 0 0 0
v -65.056023100738457 17.334842699440777 -283.45992594301333 0 0 0
v -67.58626818979225 25.934548010207635 -323.38496905256494 0 0 0
v -64.688291469266275 7.1987303669068581 -297.48219148598844 0 0 0
v -62.605378043498398 26.171865470293227 -297.29861580369487 0 0 0
v -62.445692551517425 25.600277491171028 -289.07567135447169 0 0 0
v -62.314943384716628 18.638208995989316 -287.31535941850302 0 0 0
v -63.759747508812097 36.323890906061024 -323.06126295687051 0 0 0
v -65.283830607718855 30.760291307276617 -322.18539371836454 0 0 0
v -62.198973166956698 38.035627150222027 -321.73386085871465 0 0 0
v -63.274755656128576 32.892141565905391 -315.0423101837705 0 0 0
v -60.642610535931738 33.876153038061375 -290.60225865525683 0 0 0
v -59.043263829053728 35.148251338810724 -286.61520307965395 0 0 0
v -62.408751607507668 24.377182301627407 -282.37726773367018 0 0 0
v -61.172906176381204 30.242698198304993 -283.11186042076753 0 0 0
v -61.044304004835176 34.15923457048072 -257.72407021642266 0 0 0
v -58.790037153673154 44.078408661246044 -319.72982734723684 0 0 0
v -57.284686989407533 45.592404126768088 -320.62179984929804 0 0 0
v -56.554658113664729 45.27540621781614 -319.62314526806432 0 0 0
v -55.235690167565295 44.578915570313285 -295.47893432798202 0 0 0
v -58.61855027674315 39.694134046152222 -302.70890359347572 0 0 0
v -53.996496278239249 45.578276161053452 -294.78631915162487 0 0 0
v -54.901831389565416 47.73005172754722 -318.84083858164973 0 0 0
v -57.987743740561243 42.247607319047567 -250.27969059378552 0 0 0
v -53.411481542180525 46.002468683266351 -289.34212950357551 0 0 0
v -53.960376568341793 47.290826050508578 -256.36440971602474 0 0 0
v -48.374805022633382 30.115219267065015 -297.34635354326076 0 0 0
v -47.650086570272151 49.230309655437054 -294.0562061195011 0 0 0
v -50.108087881167648 51.019148783527271 -317.54195049784857 0 0 0
v -48.481970600400132 50.92169657203209 -317.290699237132 0 0 0
v -46.368009568902458 53.231042462972901 -299.79244003731168 0 0 0
v -43.510844437642163 52.581910987414801 -299.60624120406413 0 0 0
v -51.658172688495796 51.842894118960146 -261.56490818753724 0 0 0
v -42.265045794369144 24.992516354490363 -299.60403715712636 0 0 0
v -42.606750024493522 40.179712015058612 -299.86360112106451 0 0 0
v -48.707331190402783 50.681599833426461 -298.98211771717513 0 0 0
v -43.461269426995074 53.475241416343593 -301.586794533405 0 0 0
v -35.834225119069743 54.043362894764073 -301.1657505555176 0 0 0
v -43.277026216559875 53.145245196587567 -294.58336827767152 0 0 0
v -40.75549174284015 53.660885491418071 -296.63110771799035 0 0 0
v -36.610645128510441 55.397738393801717 -313.55775701211104 0 0 0
v -40.854678301955573 54.29096918182762 -315.8831482733658 0 0 0
v -38.372489998216423 56.121261415051805 -301.80480928647222 0 0 0
v -31.606589773465885 37.235746797114871 -289.05279955218771 0 0 0
v -30.567113894798268 45.383159045025081 -293.64502363777262 0 0 0
v -36.051256625235055 55.836092595084551 -302.64620610757714 0 0 0
v -28.327747650570018 56.159648330177561 -298.06544757525279 0 0 0
v -30.604714631917219 56.739124372954009 -296.46273016139946 0 0 0
v -29.426639948308321 54.792600457094238 -301.67900747890059 0 0 0
v -29.04994062253272 40.768847406938292 -308.43270345063019 0 0 0
v -29.899147909257721 36.099787280436885 -288.10992543946497 0 0 0
v -27.207097073572868 26.529191207959229 -384.47365591025562 0 0 0
v -28.504559828067272 48.840560291950709 -371.146050275645 0 0 0
v -27.453308659409494 51.011552994665948 -367.56891364386212 0 0 0
v -26.232108361262739 53.499472170256041 -360.53566563258232 0 0 0
v -28.728678561907547 53.641654436513534 -295.46819891647311 0 0 0
v -27.690210570615079 54.092007677249008 -353.04707034519441 0 0 0
v -24.378978809980936 57.496118120616401 -309.75554202475058 0 0 0
v -26.202878362732136 57.432938769227192 -303.43047368796755 0 0 0
v -28.643235672313903 53.730223041576068 -303.32668658270126 0 0 0
v -27.711419390427899 54.100475077608436 -296.81632757066376 0 0 0
v -12.425563586200497 57.697981888395667 -299.55453713373936 0 0 0
v -27.298190756745498 56.85414287100582 -301.93178425682584 0 0 0
v -17.497043497495724 57.797728286742398 -302.08797090490037 0 0 0
v -32.29230374001267 58.063464976865816 -300.38722087490567 0 0 0
v -17.438658529695473 59.66280061710772 -298.63143242586193 0 0 0
v -30.342461291531016 57.347259112312202 -262.78512655568039 0 0 0
v -20.73386553598062 57.312610851506818 -296.27138870002676 0 0 0
v -19.291589058774385 58.044026793838896 -295.14373505574696 0 0 0
v -13.071310126452772 32.603193183644741 -382.26164760328771 0 0 0
v -12.387336476407199 24.035378165295356 -383.36245607855562 0 0 0
v -10.850831429982918 40.611741195006573 -377.93994857124881 0 0 0
v -7.3322733940979106 52.672350144361573 -361.24029879335706 0 0 0
v -13.196810385836443 49.188165164795514 -369.6343383771362 0 0 0
v -13.489778259035688 58.106201845485707 -307.43229173229088 0 0 0
v -28.441074839691922 59.781805349147376 -261.01160838637583 0 0 0
v -15.837506332380144 57.560073537801273 -295.95944297538517 0 0 0
v -21.323941239187363 60.11580890946145 -269.466892370322 0 0 0
v -6.6720956573096259 58.380492846718809 -292.36612630385616 0 0 0
v -19.482861736966058 58.39199256101913 -269.60226477013299 0 0 0
v -1.1032874385525702 32.920508477912449 -379.8221326458908 0 0 0
v -13.336728665140242 58.93936743821051 -305.82794425637439 0 0 0
v -8.323518145366279 59.236436623794738 -305.48276200245994 0 0 0
v -1.7346798936827952 60.476877859992619 -294.55859046557657 0 0 0
v -13.855955094743706 59.227979424833926 -300.64218951914796 0 0 0
v 14.041273485311422 58.693491638911055 -297.62205329343738 0 0 0
v 4.7180490202600822 59.173290732961675 -294.88250407533832 0 0 0
v -7.4171083066083838 60.909136835067223 -284.18917313381047 0 0 0
v -15.513655144633546 59.099559591847949 -273.56085140684348 0 0 0
v -2.5820849627300504 -35.796516230072996 -381.44884996892307 0 0 0
v -2.2773753091071285 23.954991190282364 -381.38940902019624 0 0 0
v 0.3937252825073756 44.820190000726043 -372.03678349216261 0 0 0
v -0.36208150971427244 59.64178171285814 -296.28743645248898 0 0 0
v -4.4661212681292 54.094937094436673 -291.1694201496851 0 0 0
v -0.57492865672520566 54.139651240897336 -292.04217424764488 0 0 0
v -0.82814853480488182 55.188740443529426 -293.56611676583969 0 0 0
v 3.9979013227092537 57.884124544546637 -293.5454059916508 0 0 0
v 3.9362354383247293 59.531059765637529 -276.32892950895069 0 0 0
v -6.394980325403651 59.522918689460177 -267.1378567110138 0 0 0
v -4.037142535307737 60.071050527809689 -267.05018830455987 0 0 0
v 17.933551143541763 59.169380795510051 -283.96342037496606 0 0 0
v -1.4065904351949712 59.142996635473992 -291.49576454445588 0 0 0
v 10.330978989230516 60.959104272522382 -278.77692785720251 0 0 0
v 7.627597172230054 60.473371180033958 -262.60778628445729 0 0 0
v -72.719552783130581 8.5422835569529383 -178.51893677301098 0 0 0
v -72.06514923660265 16.320497986711757 -177.70306991852792 0 0 0
v -75.831773108265367 3.6435907224342294 -156.45313821223223 0 0 0
v -77.643946156656739 -14.395311894240045 -144.90713110615323 0 0 0
v -77.725423758663482 3.2599780384570778 -144.87012687944781 0 0 0
v -70.565718246745661 16.459130645342896 -189.73932703300417 0 0 0
v -71.336069835882114 24.481428479006851 -160.30718362312854 0 0 0
v -72.188840998200575 17.651408796644859 -162.49508818590675 0 0 0
v -74.827646186493325 17.883752956972337 -145.01929776932806 0 0 0
v -76.303058040575934 15.907323412385267 -144.00323756313401 0 0 0
v -73.74131696009286 7.6872264810446644 -157.80195004389165 0 0 0
v -72.798584337196402 27.976395186857225 -146.96095120976864 0 0 0
v -73.367957644900969 28.981720228605127 -145.18137991768188 0 0 0
v -69.609688281996853 33.424204113358272 -158.56486994117631 0 0 0
v -69.40850308259769 42.085229798981572 -146.46846942968867 0 0 0
v -74.154250355119871 29.965740025100104 -145.17703087326524 0 0 0
v -70.997061186586038 34.965848060297731 -146.91405105638975 0 0 0
v -70.727766742140105 40.110043691751713 -147.76317611319806 0 0 0
v -68.892443347426891 -8.9445292828391842 -227.76857425739479 0 0 0
v -68.551041014108932 4.3941657517530643 -227.70487272978036 0 0 0
v -66.767817569885651 5.3389410495595087 -226.84358032884401 0 0 0
v -68.660652865310169 -4.7009101371437989 -204.25277388137343 0 0 0
v -69.458734274173864 9.562876351146393 -191.24262265071008 0 0 0
v -64.691596497452664 13.306760262819239 -252.93863658541417 0 0 0
v -68.113389612621887 16.016664624936737 -221.17027174458508 0 0 0
v -65.984387494489027 22.991056669072606 -215.3034276929686 0 0 0
v -69.705967423754458 7.6776366967399383 -210.46524338869784 0 0 0
v -65.19478443497421 19.475084161103183 -236.13065607474852 0 0 0
v -68.081882719777539 33.955216163827288 -186.4702298059031 0 0 0
v -62.483140657601062 34.622872555984657 -227.55377388911572 0 0 0
v -67.253071322980247 30.78140481625185 -183.87685033023794 0 0 0
v -68.544369040047542 24.685041784752002 -182.97705045225266 0 0 0
v -60.391541399342444 45.218123237090467 -220.41077759882006 0 0 0
v -63.338136411709172 49.299349405988266 -148.25637462114017 0 0 0
v -61.043095408999186 39.487083548129185 -222.18662342276969 0 0 0
v -58.711836984798886 45.006009044413283 -212.52502963238257 0 0 0
v -54.698157471911529 49.468832090746126 -256.72339233555903 0 0 0
v -56.11001096976058 50.141315736116752 -224.25334248259944 0 0 0
v -54.009232683761653 51.712888888037021 -191.26414454240501 0 0 0
v -56.091181424983958 52.763928832948586 -190.74560758645319 0 0 0
v -56.949463273493734 53.900299738497182 -150.66244342651376 0 0 0
v -58.830205469385703 54.152883286214774 -151.33465011821681 0 0 0
v -52.368873776427073 57.364241447608052 -154.98543995893394 0 0 0
v -50.323648006084937 54.045889837174606 -236.5113050837418 0 0 0
v -43.857685685419071 58.518935454902035 -194.26414201493259 0 0 0
v -44.366739882575551 56.779083042585505 -239.51657690948568 0 0 0
v -50.002163588091307 56.306769809139432 -191.99685259703105 0 0 0
v -52.104169167293662 57.224114035381987 -152.82902792159194 0 0 0
v -55.794936349463697 53.802544572994663 -152.50060802643728 0 0 0
v -47.948435120745231 56.80209675377111 -155.84831049626635 0 0 0
v -44.694616205485033 58.708146856026033 -155.09500551979531 0 0 0
v -42.378140040084588 60.06892272486985 -157.04424725494866 0 0 0
v -34.64922665147013 59.106177653146432 -238.45685258850443 0 0 0
v -38.001765609404799 57.077610413954645 -229.47200845001296 0 0 0
v -25.986189861709654 61.051698053283133 -212.4622663806305 0 0 0
v -30.205032307970249 60.815620032940267 -211.58550603863799 0 0 0
v -35.39935819356964 61.289788279957293 -159.68725775649483 0 0 0
v -27.957695941014663 61.854016169755518 -160.77765423104304 0 0 0
v -19.977489036930649 62.339310963749483 -163.44940875304059 0 0 0
v -27.84038554400572 34.087626456844532 -148.75081490906854 0 0 0
v -29.054313472444399 51.377959169274774 -169.33367227743312 0 0 0
v -27.62239076623592 41.868350123274183 -152.97717576421365 0 0 0
v -27.921998603243665 53.741046835391678 -172.24177798064895 0 0 0
v -19.829128985141878 61.013071816599762 -246.27849432450688 0 0 0
v -35.125639520391275 59.443947083461026 -160.45349458899977 0 0 0
v -30.112079946954985 59.106793310918015 -208.44792227847745 0 0 0
v -18.379225493140176 59.499198523502315 -241.25724539754452 0 0 0
v -25.756211460979642 61.080488575868351 -163.21758216902049 0 0 0
v -10.077997952203418 62.031275632819195 -238.92222142053291 0 0 0
v -28.807701534235868 62.163928372459978 -162.55095114392856 0 0 0
v -13.408410241100682 38.025876938763645 -151.64387404331842 0 0 0
v -14.395548098983454 30.654663998867402 -148.75595873717441 0 0 0
v -14.987060256134782 52.027177322095085 -167.3829572208287 0 0 0
v -15.289564682201735 60.07433795719686 -241.27385095093558 0 0 0
v -24.669457049984956 60.098288149956474 -200.99420449300777 0 0 0
v -23.098245960516856 54.10504473403045 -182.84450107313174 0 0 0
v -4.7448943878677028 61.427310566019798 -219.46894973791998 0 0 0
v -20.566363851111959 61.461588978020828 -164.96141267541347 0 0 0
v -7.8817750519203997 61.097614390097306 -233.32717231338023 0 0 0
v -10.504481075432977 23.899427592892827 -148.59020588809929 0 0 0
v -16.952795558279185 62.769500562427034 -203.33822743329901 0 0 0
v -3.5790255904174586 62.668614124220355 -243.5978775868173 0 0 0
v -5.4373509110075418 62.135458414460651 -207.98827885663937 0 0 0
v 5.1476533119225536 62.540780265310069 -207.81061032858528 0 0 0
v -17.565596994565126 62.051310677730257 -166.59252528026568 0 0 0
v 3.505283013465089 64.644372492753646 -200.64262540510518 0 0 0
v -0.71838503480245208 64.157806725774577 -197.19937811760934 0 0 0
v -7.5195777367559913 64.827217642144802 -169.30702803025406 0 0 0
v -2.1645165339264167 23.901089002370284 -150.23662636751982 0 0 0
v 4.5400179293465612 37.990265328131585 -155.67066329454369 0 0 0
v -3.8290405185941836 41.237171700041053 -155.57086629238341 0 0 0
v 10.924372481465355 62.158745383772306 -233.93058632419621 0 0 0
v -1.5978806258602418 63.097332983931743 -224.30213517295658 0 0 0
v 2.0154666227004014 63.679556624657828 -225.1253174554729 0 0 0
v 2.371481709217818 63.111862521238137 -196.29807481529488 0 0 0
v 15.263511302046993 63.563584948524245 -189.4569984190106 0 0 0
v -7.6531878403858968 63.075745281329006 -169.0865549412288 0 0 0
v 6.1211514746488547 63.974850355576081 -173.56737876068556 0 0 0
v 0.27511600463952846 64.53948474988546 -170.85688503692847 0 0 0
v 13.243799852550204 62.880667492654865 -255.21057851895762 0 0 0
v 9.4813525013004778 62.071808623236073 -259.233455033268 0 0 0
v 12.150977687139175 62.979842760205592 -237.97283027144348 0 0 0
v 24.357100529376652 61.111378501830814 -254.29913544631492 0 0 0
v 10.685655223252468 61.548378238429748 -236.36821970627705 0 0 0
v 17.732261123039507 -68.688509712583922 -297.50890717214725 0 0 0
v 17.652858312029821 -68.445768670291145 -296.76640028564901 0 0 0
v 21.133531054690593 -67.240867716290353 -286.27517740264813 0 0 0
v 25.317435830833418 -69.909840962761919 -260.33616632889715 0 0 0
v 22.727942927033311 -70.502938021549141 -256.53473668164361 0 0 0
v 11.018887932715018 -70.439908191509687 -269.04300505736103 0 0 0
v 34.318268543516865 -63.830652248766675 -278.14702985092794 0 0 0
v 20.195473251235512 -51.185698779601793 -366.68345228642966 0 0 0
v 10.495684792703855 -53.862485519082149 -368.5767564242916 0 0 0
v 14.334093233008616 -47.139557503466307 -372.36295372520988 0 0 0
v 14.14383978308274 -35.03480657194369 -376.2059540098769 0 0 0
v 28.040775891571116 -67.666976633555066 -285.14440652940766 0 0 0
v 23.412440127226773 -67.555868644383168 -296.31684778008065 0 0 0
v 27.385911123998255 -61.93437333288049 -344.59950921806148 0 0 0
v 55.747642706304958 -63.283409986573496 -272.67996533888061 0 0 0
v 44.698177683070526 -65.062190331981256 -273.60280079258018 0 0 0
v 55.772663143778118 -63.601733123893879 -271.3115835336709 0 0 0
v 26.007503862119506 -47.02094511782466 -366.74922531136832 0 0 0
v 25.443632006085522 -54.232979595897433 -361.05876143554786 0 0 0
v 21.625745843752611 -35.210486503138753 -372.83931278647816 0 0 0
v 39.368892635417524 -67.496845472253668 -279.19356494926905 0 0 0
v 36.051590432085035 -67.905821949082636 -250.50556151482465 0 0 0
v 31.363568423078902 -67.278964740891752 -277.88002034104977 0 0 0
v 24.322095055800105 -59.246318108926666 -354.17399690255945 0 0 0
v 28.497489854444098 -40.751881294394856 -367.98163388295211 0 0 0
v 39.151983379319688 -42.765287165303739 -360.46561125696076 0 0 0
v 30.636855839195846 -35.374956637911808 -367.99978470737182 0 0 0
v 36.873288705452552 -67.444005408625998 -291.96218942097835 0 0 0
v 43.72773354861863 -61.90855738073207 -328.9640828077687 0 0 0
v 38.799297811902989 -66.564332438828416 -291.77466945508041 0 0 0
v 38.75161500289812 -66.135090357837825 -278.40238362226597 0 0 0
v 40.383669964629405 -66.933054960072781 -273.58300547181625 0 0 0
v 50.923912066991875 -64.637639857807358 -272.9726270113286 0 0 0
v 41.409088172306326 -66.625196446637119 -279.03043796158437 0 0 0
v 37.478912495045734 -49.430633543955913 -357.43595993282941 0 0 0
v 44.83049565279731 -35.663975186837519 -357.86836417162482 0 0 0
v 40.397654881086282 -30.17129394703106 -361.46687608478146 0 0 0
v 52.250231369296671 -66.832636997928461 -271.01260729345285 0 0 0
v 56.865758206141891 -65.222409521009581 -287.23520191129467 0 0 0
v 46.125469650548638 -66.305594686139415 -289.31738943834256 0 0 0
v 47.33882049230067 -66.298734827205152 -276.24632135106572 0 0 0
v 56.147332555096128 -64.275224768029503 -287.10574198745167 0 0 0
v 54.874866361925172 -63.561537249887969 -268.12707924161703 0 0 0
v 53.388177583720676 -63.22761733697557 -267.90427788473454 0 0 0
v 45.02320126647615 -66.888852350157606 -239.80055784050811 0 0 0
v 43.323058796007189 -66.155048289499305 -272.65120086784088 0 0 0
v 47.525790811086267 -48.60699308719748 -349.71383275693307 0 0 0
v 51.675749729597783 -44.077090455820837 -348.94493532944591 0 0 0
v 55.564975437292816 -62.081036935098496 -310.77581216958617 0 0 0
v 60.525845360153085 -58.582781270211811 -317.55106251904897 0 0 0
v 56.704930064948556 -63.718466393583007 -286.41106721747417 0 0 0
v 56.637178584088744 -64.245381846610428 -271.75178464457093 0 0 0
v 53.0344418402006 -64.635536086063169 -268.20380385796494 0 0 0
v 66.096183085012058 -61.42856205556437 -287.07015136802471 0 0 0
v 66.818427785081923 -30.185745054639014 -333.8493546785777 0 0 0
v 59.33835887871038 -30.517148392493816 -343.63184896687733 0 0 0
v 75.170972084118389 -58.263599915462144 -281.6998011196203 0 0 0
v 69.460048116940698 -60.848516023930415 -284.75982825646645 0 0 0
v 78.909168981962623 -54.812987990367837 -258.78584287210617 0 0 0
v 80.525974668680746 -35.765744089364475 -306.93608317192889 0 0 0
v 73.091274029213622 -30.320417776301948 -323.63086145055098 0 0 0
v 84.719304464075691 -46.309858804189879 -253.32782537385731 0 0 0
v 86.369899677255631 -40.748424572045003 -278.38519934316753 0 0 0
v 85.230985766101782 -31.809953603590138 -290.65437562730062 0 0 0
v 88.901661842248203 -25.227663545265131 -278.38673171525352 0 0 0
v 88.085543198843723 -23.208039648183657 -275.22940767591348 0 0 0
v 88.304944504678687 -22.559665229346678 -278.76907748714171 0 0 0
v 90.025157571794367 -4.3404108819768794 -278.39388718912534 0 0 0
v 89.30494905771377 -4.4209570877355873 -279.19237002315271 0 0 0
v 20.736414933566564 -70.774616395842372 -216.76310706232454 0 0 0
v 27.942128933720483 -69.844358700903641 -180.75779384683466 0 0 0
v 17.855423046161093 -70.009947238060988 -178.49939912425194 0 0 0
v 20.131115079910501 -70.827667601778273 -177.8235009906615 0 0 0
v 17.460485619691042 -61.721257200393033 -179.81357871081366 0 0 0
v 10.002511095384989 -46.3180645132135 -157.05469085377453 0 0 0
v 21.121934347320177 -69.027267001028974 -258.65954348931109 0 0 0
v 18.233833174495388 -70.84901289009774 -246.85071031866858 0 0 0
v 31.893608211699735 -70.524626941390608 -223.27266654711684 0 0 0
v 25.971242211748269 -70.874729405413817 -224.68620407522957 0 0 0
v 30.084107598195033 -70.76603528063184 -182.40363284881909 0 0 0
v 23.086468117062957 -70.861461824263174 -180.43168784395192 0 0 0
v 21.147566905067798 -69.361842146612645 -208.27412218069477 0 0 0
v 20.699043902646231 -69.510010847912952 -180.03458721274185 0 0 0
v 31.390462837757298 -68.895760145318249 -182.94974545549823 0 0 0
v 55.064401786038346 -63.22846922952268 -231.13069169275644 0 0 0
v 25.664413458665308 -38.377997017020618 -161.11714105567296 0 0 0
v 13.626286990083258 -30.535779157005155 -155.20316808187383 0 0 0
v 34.327879407960296 -69.914606444326395 -221.03424661002583 0 0 0
v 37.725098879567838 -69.672417411499595 -240.75144336805053 0 0 0
v 33.654053346456664 -59.275066664200693 -183.96746445258819 0 0 0
v 35.434495052972167 -61.97928240764589 -194.09190329876904 0 0 0
v 28.777463289647415 -54.837748970602476 -173.40806550173349 0 0 0
v 36.045255050477323 -44.728902677123862 -169.9900076809119 0 0 0
v 29.740254047099711 -30.466934418342724 -163.11183827115252 0 0 0
v 22.670885295099595 -30.508423047222664 -159.18617044807885 0 0 0
v 30.304575573487682 23.932135684168998 -163.47732027394784 0 0 0
v 23.116988661550465 23.883425639173588 -159.4114778405694 0 0 0
v 39.019311405997854 -67.342643325188305 -247.76580265229012 0 0 0
v 44.354745310362588 -68.839509522858535 -220.68375308401531 0 0 0
v 33.226081209233094 -68.344640618931521 -225.52038861051318 0 0 0
v 39.688451760022957 -67.921973355100164 -214.92325508457864 0 0 0
v 35.326226679560122 -68.212696117629264 -184.13799136882182 0 0 0
v 30.910920479445831 -68.931812197113643 -229.3465928087808 0 0 0
v 42.592588680430765 -67.357003494675055 -187.07789883466961 0 0 0
v 44.995087430940202 -68.022344114894523 -186.64634380350367 0 0 0
v 39.969959727804905 -53.628988161754243 -180.30328592967089 0 0 0
v 46.966946630994727 -41.882819078382497 -177.28122824356277 0 0 0
v 39.321300779909052 -38.57876160357759 -169.92524828139349 0 0 0
v 37.501340471458406 -30.563289189579073 -168.02551136257827 0 0 0
v 47.368228055052583 -59.892120742841612 -199.0487338280744 0 0 0
v 48.312194984788789 -61.984994751499706 -208.96042454177436 0 0 0
v 46.844957626854864 -30.255760043694274 -175.34208411759423 0 0 0
v 44.644908753639747 -68.530607239234456 -248.42760672670917 0 0 0
v 55.378147770754865 -64.764940592744523 -229.83914854720729 0 0 0
v 54.946455800418121 -64.197527410014828 -267.97475658451555 0 0 0
v 57.207832869371522 -63.854209354635699 -231.13571229093637 0 0 0
v 56.799832147184894 -63.676612833833651 -231.81425857392622 0 0 0
v 54.896037321376809 -65.105263309841988 -191.37130715315314 0 0 0
v 60.066368980152475 -63.432657573946386 -229.38619816356186 0 0 0
v 57.297495141625291 -62.693558511826204 -230.90499127392988 0 0 0
v 59.814957704800165 -62.270171501763443 -230.23888747452929 0 0 0
v 54.715081182300864 -43.70601530503771 -185.67463186389207 0 0 0
v 52.984528526773715 -35.958023633877431 -181.18039295528595 0 0 0
v 59.898202203347438 -40.795068955002627 -190.352921861412 0 0 0
v 59.003462609259216 -63.254956174293099 -233.11371814162922 0 0 0
v 59.65655284332972 -62.699966403489178 -236.29030184254691 0 0 0
v 62.80170577726912 -62.834607675581907 -194.77887258058604 0 0 0
v 65.752158108104325 -35.107894534883989 -196.23288797374039 0 0 0
v 65.842761370473767 -61.266459995854589 -230.38745348238606 0 0 0
v 71.856457062333902 -61.170634609567685 -196.62314657271776 0 0 0
v 73.654318192185173 -56.763034916383447 -233.70589801609569 0 0 0
v 72.260861845345076 -57.001124934155087 -234.79776813028329 0 0 0
v 72.769176032687767 -52.733910866941258 -224.42114713238945 0 0 0
v 74.485072334719547 -39.173154652864952 -211.87918021540787 0 0 0
v 66.714675636044149 -45.468194592142957 -202.08580549614865 0 0 0
v 70.686125978627047 -35.344084626305957 -203.98280207701038 0 0 0
v 74.608200762668844 -30.523723398711468 -210.81595333856998 0 0 0
v 73.772647551982743 -59.207653656242286 -261.31558340972447 0 0 0
v 78.699508690174298 -51.469280136179577 -237.82425373792 0 0 0
v 72.835254782374506 -55.94938778812886 -233.95326639652993 0 0 0
v 77.503619899590234 -53.660546702849587 -235.61216053176864 0 0 0
v 73.515564449547369 -59.680747086469637 -218.2189037534464 0 0 0
v 69.656951671796008 -61.628704731715068 -233.72024008444129 0 0 0
v 71.914700898714628 -59.033291754839212 -197.26402060131005 0 0 0
v 77.50366216873644 -51.72138641439588 -236.46415085239354 0 0 0
v 78.771774428853234 -30.509550617107806 -220.0269678363326 0 0 0
v 81.949760759141085 -51.300527769534852 -244.77343740971224 0 0 0
v 85.324092959658799 -47.999499308500404 -223.19964323703761 0 0 0
v 92.728290935608584 -36.856964296219985 -203.16418856731036 0 0 0
v 88.841187170368926 -42.737467285565572 -201.68698702693681 0 0 0
v 85.854505261958934 -36.522378927170621 -244.00209413593777 0 0 0
v 83.63749545056595 -45.340860593452987 -239.21837823338564 0 0 0
v 88.126630829832919 -28.157964406349748 -253.10892966978952 0 0 0
v 86.879583670473636 -34.66364140375515 -247.94195829144167 0 0 0
v 84.197391375566525 -32.520729337660654 -236.53159173376639 0 0 0
v 87.969102996031936 -17.526449655033502 -254.17157731525955 0 0 0
v 89.854825660448725 -17.908695550834715 -252.38159569639348 0 0 0
v 90.171067597442814 -42.74373753465246 -204.17236473555369 0 0 0
v 92.809201792221856 -30.766123778082601 -204.06609680490615 0 0 0
v 93.325633215768448 -35.124394249031738 -205.20239365308618 0 0 0
v 94.754403645706859 -24.609652511176563 -214.35885457046817 0 0 0
v 90.843204751182014 -12.697465015617638 -246.69592382245233 0 0 0
v 90.121103905067116 -11.940682255647602 -249.15763095720786 0 0 0
v 92.813163474047812 -14.001016872521944 -239.18141527790075 0 0 0
v 93.724777331218988 -14.864384687585666 -233.52995185327333 0 0 0
v 92.17455435163663 -26.747011727824756 -233.74545772208367 0 0 0
v 95.271004207080281 -10.175371127257577 -221.9288272951863 0 0 0
v 96.32414958398877 -7.5550783581002321 -214.62949968768518 0 0 0
v 95.382386066402262 -21.727172720076396 -203.85724910808386 0 0 0
v 95.658328708238329 -17.656084874783915 -216.18743773286863 0 0 0
v 95.394219678485015 -14.685159326393233 -205.10843047844867 0 0 0
v 96.164299936329328 -13.961776969511904 -204.52042168977184 0 0 0
v 95.08772679052484 -7.5406528792770757 -209.47589076678832 0 0 0
v 90.084879244613816 1.3483662185866478 -249.25240941168784 0 0 0
v 92.948468115810499 -2.48545991627023 -241.60080118334048 0 0 0
v 96.781060862608342 7.5977941473837944 -204.46648711755745 0 0 0
v 96.638951405780972 6.0922433717508966 -203.95054348448397 0 0 0
v 4.192403185609578 54.076283261109168 -350.19894824374643 0 0 0
v 30.765616205677816 59.247945003967978 -294.36309655337146 0 0 0
v 18.464249599691129 60.99565831481182 -286.09436805650245 0 0 0
v 30.73145461204308 60.600305301154769 -281.53680162646674 0 0 0
v -0.62520438963429115 57.985179401784748 -293.21076490653172 0 0 0
v 19.153264695906614 58.041865163739637 -284.90595607380084 0 0 0
v 21.841752358217832 24.167699902582655 -372.71846127752212 0 0 0
v 23.705016688802175 30.697441768947286 -370.97064083936471 0 0 0
v 12.109926489755026 51.905954288104354 -356.40245302892396 0 0 0
v 18.322085149897816 59.484306728254083 -288.3426218663663 0 0 0
v 38.113826798815126 57.985546738291184 -278.79137973543533 0 0 0
v 24.605030059781711 61.033555695739956 -274.40232367255584 0 0 0
v 30.347538633516706 23.484536745527308 -368.2329539567346 0 0 0
v 35.473977047267852 53.989013264255789 -328.3297851360382 0 0 0
v 32.29727025945985 58.569565828880492 -292.71220038286117 0 0 0
v 31.328444267902228 58.876121962876404 -294.10839128151275 0 0 0
v 34.192180404828093 58.934396595152272 -292.74488662478444 0 0 0
v 57.539294058374708 55.499337356676619 -267.91905019131787 0 0 0
v 57.370352378743632 54.365899954034909 -267.3242070211395 0 0 0
v 55.761737632356329 57.758234333650243 -271.77712028471831 0 0 0
v 40.577314162611231 24.00293941458126 -361.29689582845992 0 0 0
v 36.362957030679354 57.650870993547684 -292.67129860433317 0 0 0
v 44.787522189058336 57.83305365223471 -290.15426420929941 0 0 0
v 51.600179720375991 57.35559457692716 -268.63569074314074 0 0 0
v 46.044752092150247 16.935020485281854 -356.85026432472489 0 0 0
v 54.324081320427496 55.61254718940171 -287.00665668314019 0 0 0
v 43.375223299621496 57.45935041581167 -289.41559590592652 0 0 0
v 48.447705271307086 56.873504135613622 -289.72628961044967 0 0 0
v 49.852855083177587 57.570942052171361 -274.62623357508215 0 0 0
v 61.109385683675043 55.517056845428819 -270.34736131998079 0 0 0
v 46.420879863867242 59.633811115604466 -273.37454232332198 0 0 0
v 41.35334230178853 58.541315359418746 -279.46952927469232 0 0 0
v 42.887586638101283 60.911092835044727 -260.45636907296762 0 0 0
v 51.148916531569739 23.794842718605921 -352.28011109184428 0 0 0
v 52.42808583121581 -35.331769200289557 -351.03216276308501 0 0 0
v 59.169537723662245 48.984994493543326 -321.19656113896463 0 0 0
v 60.852044056340645 53.630169666843038 -288.38580854719015 0 0 0
v 53.16533501409549 56.802214859440028 -287.33774871294094 0 0 0
v 57.551226831064014 55.623349723330989 -287.40640247616358 0 0 0
v 52.972142545284953 58.746687715284381 -271.12117312814632 0 0 0
v 61.545945433845702 55.45674642363511 -263.31930197258362 0 0 0
v 63.454440524851549 45.217393897175221 -322.6578482618097 0 0 0
v 68.750928260053655 39.520151491931529 -322.49650124034179 0 0 0
v 69.916412176761426 48.142902595176963 -301.81964224812003 0 0 0
v 61.428263351162911 54.084198266541655 -263.90511613219223 0 0 0
v 69.799837358870818 54.065593951353883 -266.18844622775009 0 0 0
v 73.119981934374778 23.152394596317858 -323.61246547137904 0 0 0
v 75.513542303473258 38.202924954560551 -310.68796665886367 0 0 0
v 71.464897367471139 31.027346520731577 -324.93650952765233 0 0 0
v 68.838773285224079 45.1914698965779 -312.72810727573568 0 0 0
v 65.681309944444479 53.8176581382899 -284.16561386240016 0 0 0
v 74.549194099475955 49.642905787133742 -281.85542041819451 0 0 0
v 76.555007169801684 23.935958284878016 -316.59565303508424 0 0 0
v 81.467240679730125 23.575100668741708 -304.63690510675474 0 0 0
v 82.484365412528035 32.767562226183109 -297.02485528671906 0 0 0
v 77.796575845463224 30.763457731123843 -311.8598135497985 0 0 0
v 82.373023856121151 -30.14526632919338 -301.76093542453316 0 0 0
v 85.021519300328649 24.324558944318262 -291.51113759507768 0 0 0
v 88.524199833622475 13.865104648569186 -279.39043660252366 0 0 0
v 88.690958450489504 -5.4046265432805285 -278.41460476433843 0 0 0
v 88.2917922260079 13.275714211222827 -278.48863566832233 0 0 0
v 86.870468316980606 13.027789141738879 -281.15836276728066 0 0 0
v 87.513216529701836 13.839538951692717 -275.49970135188954 0 0 0
v 88.071182225669546 13.59927120805294 -275.0873774950457 0 0 0
v 89.629763855139728 14.132664139610645 -267.63129992510932 0 0 0
v 86.117876949687528 31.680090072383507 -279.62282640756513 0 0 0
v 13.616578722273005 23.948231609430159 -155.21871607990388 0 0 0
v 21.664890334474549 62.484007498906415 -219.16603319424769 0 0 0
v 21.34956535341189 62.190470651954584 -235.74500725267742 0 0 0
v 20.985102467471478 64.11906208289659 -189.9270520597764 0 0 0
v 17.347247694856719 65.254076541922288 -176.14329343295196 0 0 0
v 21.847907481854747 30.890700969080243 -159.79486120102854 0 0 0
v 35.770755063940129 60.227513132032158 -257.28862321232327 0 0 0
v 27.546373870322611 62.081443037360422 -256.14182850484826 0 0 0
v 9.1646260493222762 61.957625954251796 -271.77417956918674 0 0 0
v 27.97978537543861 62.852889501180002 -250.36778403983925 0 0 0
v 28.701557537582971 63.989059431165309 -217.12955975372273 0 0 0
v 13.152178377587148 63.980501654720676 -216.31949631960708 0 0 0
v 30.191765425774889 64.590526269701769 -214.41032127837505 0 0 0
v 33.883882346365709 65.053672925093068 -200.54245583975424 0 0 0
v 15.0619062105377 65.033731331210518 -202.10110113204635 0 0 0
v 28.399782808047888 63.548722237425807 -192.85975638089022 0 0 0
v 34.236476395003791 49.194909455872356 -182.62729538796316 0 0 0
v 30.819193955130771 51.573032770442481 -185.78065124266806 0 0 0
v 37.146742078827813 45.357214129310577 -178.8198389884013 0 0 0
v 37.907152027690614 63.018637674973661 -229.88001371532886 0 0 0
v 48.673924994599957 63.921491675169619 -207.5354943669341 0 0 0
v 30.06548783798948 65.019711116505135 -192.58602384551438 0 0 0
v 38.568787568498067 65.043265604766191 -183.92121365882463 0 0 0
v 18.784688938589397 64.750119118605511 -177.08818710817513 0 0 0
v 36.287073509502193 64.270736347753882 -184.7552885157971 0 0 0
v 38.368639628187481 52.442936013598072 -195.31214359230586 0 0 0
v 42.601792631809531 59.448538867752632 -255.46253123538233 0 0 0
v 42.342640076135154 61.095846726911766 -255.6940484993367 0 0 0
v 47.489272535908682 60.007659205509718 -241.84519479805076 0 0 0
v 36.685652637563095 61.119033062865114 -242.62017258175928 0 0 0
v 62.491064512617925 61.314528692449109 -194.5680404427348 0 0 0
v 29.617068886230754 61.67230911195373 -267.23029642927531 0 0 0
v 49.150860122122481 64.884688740306586 -189.53544468873091 0 0 0
v 40.596078541547399 64.947276425966749 -185.91729584321362 0 0 0
v 40.071149980988594 63.547002645515335 -185.21844031662283 0 0 0
v 48.725713510372742 41.329487531298888 -184.79980623157007 0 0 0
v 50.755378504647751 45.415687527714319 -191.9145296019592 0 0 0
v 50.615924623538518 53.358423331167572 -215.02894487367988 0 0 0
v 54.052441086826406 49.907175183627352 -204.80899694389512 0 0 0
v 43.970602177108134 49.539531119951334 -192.18138285260369 0 0 0
v 63.019677201452531 60.801318472780395 -222.07631608085603 0 0 0
v 52.199288660164669 62.373756013064849 -192.14125251817183 0 0 0
v 55.419144854654533 62.100343434518599 -197.36025363768218 0 0 0
v 50.855343073678227 63.113149319379204 -189.01762836472989 0 0 0
v 51.563321616732651 64.148890320566849 -188.51524178225085 0 0 0
v 60.327404705908151 39.234808915140654 -195.63845143803633 0 0 0
v 53.35433548251153 36.742727548229702 -185.57954112556229 0 0 0
v 61.083539057822449 45.382433646071462 -205.21697263221208 0 0 0
v 59.184532403903411 53.764335375919572 -239.90949802124427 0 0 0
v 42.92538963357066 62.19743301965935 -239.99352635373756 0 0 0
v 51.420067565539895 62.927779655604361 -218.59313178325519 0 0 0
v 66.692066051298895 62.215497764398314 -195.91696342040646 0 0 0
v 60.123548831403866 63.293746534036245 -193.22421566351619 0 0 0
v 43.440944551180735 64.044567729919947 -205.20831206555354 0 0 0
v 53.150356321593662 64.078477731829608 -190.70382819460846 0 0 0
v 69.001004019799126 40.04366282990987 -210.3235493803312 0 0 0
v 65.624721156106631 53.17465454080515 -259.13441728996401 0 0 0
v 64.767802783580919 59.008328290894411 -237.12348700675585 0 0 0
v 70.228859751546565 61.348766193644366 -195.71495896296426 0 0 0
v 50.944729294845814 61.870722552668717 -235.58474341125202 0 0 0
v 62.520398496688699 61.812476502433057 -192.86020431493642 0 0 0
v 70.613038421477228 23.896518943040455 -203.80524438001385 0 0 0
v 74.096864836652259 32.965320154994536 -212.71179008865519 0 0 0
v 67.18406026417955 54.017122224508583 -259.55582816156351 0 0 0
v 70.960887972682599 56.988071351449094 -235.67277375578743 0 0 0
v 76.549093529895032 51.842002564794392 -232.48110690968664 0 0 0
v 75.783341952146088 58.18521870206672 -197.10659785575601 0 0 0
v 72.096450434276903 58.757892983043902 -196.67182949989723 0 0 0
v 82.09123157143091 42.840618280738028 -250.44303652828134 0 0 0
v 81.462267637615398 41.379719482219201 -250.86948156113473 0 0 0
v 82.112799717269667 34.655691418461771 -236.44484888893226 0 0 0
v 78.375900765676334 42.362371617726794 -238.88334428055438 0 0 0
v 81.175142743779674 47.705783982524423 -249.46295787076608 0 0 0
v 77.532909269897658 55.72197700488843 -199.62126324124611 0 0 0
v 76.293050700461691 58.766999838871982 -198.42393446047291 0 0 0
v 83.124557546394612 53.39939843082243 -199.3307586020714 0 0 0
v 84.361548555479601 26.147683671983735 -237.25867795264443 0 0 0
v 87.714712633401206 24.610776257975814 -248.73713478233748 0 0 0
v 86.433611816449087 23.254939236159743 -247.58389368442229 0 0 0
v 86.868291141777902 27.457794300721744 -249.11862754709463 0 0 0
v 85.144598859494309 39.965031347640171 -256.14067676949918 0 0 0
v 86.548309398389762 32.766763914108921 -246.51118466898745 0 0 0
v 86.161751699257522 27.974406929082377 -247.64223344374378 0 0 0
v 84.830332836263423 34.088645295013734 -247.22838373930676 0 0 0
v 84.411456298828128 39.165408325195315 -262.14216308593751 0 0 0
v 87.406529458716918 40.066240482133672 -232.70344719408274 0 0 0
v 85.354575970169606 47.319615511596353 -219.79024470338916 0 0 0
v 81.395250431848979 47.76957937688173 -227.94044532181999 0 0 0
v 85.022843472498266 40.789300879943298 -232.48239455418596 0 0 0
v 91.65393837930327 38.675989250618841 -203.94232442385166 0 0 0
v 89.843507568551672 43.201229040210137 -201.98414019057523 0 0 0
v 91.909002108993519 6.8008329794435554 -248.41027032335401 0 0 0
v 90.824858982495329 2.4617565363172389 -246.90096571111286 0 0 0
v 90.371730358477492 15.769619187099323 -240.34144892950641 0 0 0
v 94.072345673167291 7.9084749517496817 -214.3226838130347 0 0 0
v 95.813306822613072 6.4131244556299691 -204.87543173187174 0 0 0
v 95.111610122732316 13.423886258312223 -205.31826434619518 0 0 0
v 94.871921167881624 21.129109626279387 -203.69815988352789 0 0 0
v 91.792416979341112 26.75122031868051 -228.31420691122776 0 0 0
v 92.640914363555467 13.926678555346854 -238.03291393277675 0 0 0
v 93.751873900638088 7.5072519699631073 -230.26915708117747 0 0 0
v 94.249767211817243 22.687429327882384 -214.90393648399063 0 0 0
v 93.413668616913952 25.180136679362434 -205.06470643651087 0 0 0
v 93.893635472930896 29.317207358817996 -203.36815919708073 0 0 0
v 94.151401799817307 29.628527973994267 -204.92744272351987 0 0 0
v 89.91730036674025 33.185886372348683 -230.44556483964317 0 0 0
v -64.8460090637207 50.57615966796876 52.112017822265628 0 0 0
v -95.628642131833999 59.32887992034906 43.108876874550425 0 0 0
v -93.32925368008668 27.669886714770843 44.860334078295736 0 0 0
v -90.853804477019651 -1.943087675895466 46.000631969265456 0 0 0
v -64.491129207319432 8.1231646139544935 53.761862087360171 0 0 0
v -65.671104246187497 -21.745736228967864 53.472787580051651 0 0 0
v -63.308302235405989 -52.545739289655678 53.332047989788983 0 0 0
v -89.302960205078122 -27.562557983398435 46.353823852539058 0 0 0
v -64.640118408203122 31.042834472656253 53.07358093261719 0 0 0
v -37.706918560204201 35.285895730474337 61.07097855553436 0 0 0
v -38.721647214902873 2.9725259860573701 61.882849309928737 0 0 0
v -40.593111524877827 -24.009851689371903 61.163769533818694 0 0 0
v -37.886113972771682 -53.058560549537319 60.909184844235071 0 0 0
v -19.362923682792683 30.87091554072909 67.144087971255885 0 0 0
v -9.3679950541677783 50.132552709269547 69.232430348377619 0 0 0
v -21.551838254437229 3.3601742486529709 67.502005546535244 0 0 0
v -20.455064279781567 -23.477661702740189 67.694835543605095 0 0 0
v -16.074022792774457 -51.673734849321036 67.952447661704682 0 0 0
v -16.077824811733024 -90.427633351427843 65.232223853511528 0 0 0
v -31.90826338436807 73.761779842771659 60.321204546536222 0 0 0
v 15.889183827229743 51.420520304663647 77.93465966584931 0 0 0
v 18.159200668319528 73.565753027326124 76.920548776961823 0 0 0
v -5.5570844743504892 74.667377285896322 68.620696425325917 0 0 0
v 5.5458400713330605 30.909851086566945 75.647548966252984 0 0 0
v 3.5646512043586256 6.4214683987900045 76.011004940805933 0 0 0
v 2.8412657164094242 -22.415282238844021 75.710539091718658 0 0 0
v 35.367308807373043 30.962237548828139 86.667948913574207 0 0 0
v 34.3878010014148 7.9703086220119985 87.286569938164263 0 0 0
v 30.118774006364589 -12.758293396079914 85.822872857633442 0 0 0
v 6.4099855565037558 -52.088077054619845 75.576272771095148 0 0 0
v 35.937827626526939 -52.416919725628034 86.418970950480812 0 0 0
v 34.792327117919925 -27.458973693847643 87.239749145507801 0 0 0
v 58.908274070849643 65.358355737651735 93.399583920709219 0 0 0
v 35.793701838078249 51.69281509180334 85.400982084086593 0 0 0
v 59.934138488769534 31.326770019531256 96.163584899902347 0 0 0
v 61.336309141716384 7.9267849344490049 97.63479854323991 0 0 0
v 58.618090820312496 -7.9467056274414025 96.74181671142577 0 0 0
v 89.042355663415279 -22.648629011584262 108.40085129684688 0 0 0
v 89.974581346085301 -4.9650832303668722 109.14384306554075 0 0 0
v -118.82770555458964 24.829837058412181 37.634824445623067 0 0 0
v -113.43655692756192 40.748804542931509 38.84103279785743 0 0 0
v -104.50215879771801 52.657125312432981 40.939620466816201 0 0 0
v -52.965699968137187 71.404651181136927 54.238415538996783 0 0 0
v -80.070845730374515 66.098193420629343 46.971636959167839 0 0 0
v -120.83693123863341 -27.661313759200766 37.277844965233214 0 0 0
v -117.7565320227915 -47.470761161100995 38.004324802588457 0 0 0
v -89.822590637207028 -47.207882690429678 45.875674438476565 0 0 0
v -113.18065406289239 -60.665709020964641 39.029609010129342 0 0 0
v -103.3370869621755 -73.180396734357885 41.255855427831264 0 0 0
v -90.475291239449433 -80.577204482267817 44.413075001275921 0 0 0
v -78.25642079175816 -84.573999140921089 47.497050296404062 0 0 0
v -58.762857457151938 -88.12147028408026 52.667466640510405 0 0 0
v 41.795687912770376 70.736893826351405 86.014764615396828 0 0 0
v 79.693573342644768 44.539856770108258 103.27762699670367 0 0 0
v 71.160362333023443 56.960409569560397 99.046922813435515 0 0 0
v 88.567996020939049 15.712668014169367 108.1274115276012 0 0 0
v 84.393536688585982 32.890600093333546 105.71129542915438 0 0 0
v 10.174819612959965 -88.592690598194167 74.09020396411303 0 0 0
v 32.871817444890695 -85.120715795830137 82.491381150589532 0 0 0
v 55.22095507139008 -78.729255694236315 91.860235536050041 0 0 0
v 60.136614990234371 -47.271607208251943 96.13486022949219 0 0 0
v 78.461958179055017 -58.807700035681023 102.77029406803163 0 0 0
v 86.328896662126894 -38.449368095867612 106.82842818476638 0 0 0
v 67.94492459398694 -70.881156001754903 97.637984079031582 0 0 0
v 80.439287487250908 42.922786635104444 103.65174796485751 0 0 0
v -120.39268696089468 0.83281097153964689 7.4720314641461867 0 0 0
v -65.44797557518973 -41.787045069001124 -323.73509583334607 0 0 0
v -63.651468953842738 -35.634423265004813 -307.22998441762303 0 0 0
v -63.808022965853972 -22.043320258340145 -289.10061837314549 0 0 0
v -69.578201102124595 -42.607964220819397 -158.88604020699748 0 0 0
v -51.435891760948167 -61.379562584211797 -199.07993796840609 0 0 0
v -65.24704963951163 3.4989130932507067 -263.37518401374092 0 0 0
v -64.850792332684478 4.963233824004142 -289.37387068582609 0 0 0
v -63.662109958209598 12.08255982971211 -280.10035748235282 0 0 0
v -57.939659579847032 39.40017297090553 -286.12539500771089 0 0 0
v -54.431569050423491 44.106156400653788 -290.17735274114983 0 0 0
v -39.936062838781325 56.296839230649596 -298.75215185233992 0 0 0
v -28.242479555980875 54.089373807668615 -214.51240863168928 0 0 0
v -27.676445986254997 54.100194924974872 -189.19293409454482 0 0 0
v -3.4302364556623957 60.976911881828187 -272.67720281673263 0 0 0
v 6.2056142220405377 61.155329810884687 -253.74402223981826 0 0 0
v 12.98270254161082 -71.60311849305613 -175.99109474256466 0 0 0
v 31.538375975251 -63.142028223910359 -197.20656803110305 0 0 0
v 14.212320941273106 59.477095831191491 -293.37592366701102 0 0 0
v 63.200937986947025 56.869798430402085 -265.53063643346957 0 0 0
v 15.692739818837836 64.305555371431865 -178.21095907449504 0 0 0
v 60.147096774738799 50.511045056706678 -216.61171815064762 0 0 0
v 64.433448519114606 52.251148361914609 -237.82782858539369 0 0 0
v 63.612546283777078 54.280051184881643 -264.56783224369701 0 0 0
v 64.855242147350211 59.196831207607083 -214.29216901549168 0 0 0
v 69.209663526445112 48.798311284142336 -231.40076554949562 0 0 0
v 88.30550741404852 9.9384562720097165 -254.14077097776959 0 0 0
v 87.816359651157057 47.487849126116785 -202.62757524982604 0 0 0
v 94.529215477035706 7.879678027205145 -226.8459830223658 0 0 0
v -106.28680877795156 53.774436439454561 10.085461162368636 0 0 0
v 83.805743330827795 51.607231863582683 -200.25693701130774 0 0 0
v 85.519746705322049 55.536447434108467 -196.3690296879584 0 0 0
v 89.937398811889238 50.327412633757604 -197.92136750009385 0 0 0
v 38.344367170368997 -90.955726783537813 50.127034629386287 0 0 0
v -28.719655996590188 -66.994191786072861 -302.4461920432326 0 0 0
v -72.432417987416699 -2.7295832345785098 -169.44747390695156 0 0 0
v -69.862670199263221 -46.472803884850784 -147.85089502659187 0 0 0
v -40.965989369494139 57.621111338130426 -248.16375507074926 0 0 0
v 24.715909085723698 64.110694248368489 -226.66436356774855 0 0 0
v 13.443033011442111 -69.428089184471816 -224.78133791556135 0 0 0
v 14.051910225983804 -68.942970174054366 -251.43317385020541 0 0 0
v 88.904590525879726 -36.545366283260876 -242.00092785218879 0 0 0
v 88.599351243988693 -41.69537893817791 -224.29879270532533 0 0 0
v 17.194597658089151 64.654309330227463 -214.29661954891967 0 0 0
v 46.677634557943897 80.856955749369021 53.007385441449387 0 0 0
v 58.553180316489112 78.094631586755355 26.266935639277474 0 0 0
v 92.233315038985836 40.819615875485432 74.462343506047461 0 0 0
v -38.695684654725696 72.362117566966631 -84.649863861749566 0 0 0
v -56.077914705127839 72.1422236497894 -56.78289811966517 0 0 0
v 55.874878175430609 66.653305850546786 92.052256583595394 0 0 0
v -86.375946947570583 69.755621393309042 14.441077787857081 0 0 0
v -77.235948142803153 73.375638649846735 16.40428029202668 0 0 0
v 46.671114206478784 -78.275553707682604 -105.38378480130061 0 0 0
v 71.152961381672725 -79.148118362970351 63.673956841671625 0 0 0
v 83.284927600717538 -47.604910439742866 105.21401882389392 0 0 0
v 79.915858110692199 -55.476513373700584 103.47368480615812 0 0 0
v 65.440400808895703 -72.649346956127431 96.505877181305479 0 0 0
v -25.058124913666688 -69.415813195571729 -162.43616041252108 0 0 0
v -36.723238875496406 -70.892687352680738 -154.10271094020402 0 0 0
v 56.869445706564534 -68.895023578637179 -186.54744959171782 0 0 0
v 57.049367219026863 -65.60665011834331 -191.04915217669739 0 0 0
v -46.294641266424676 -92.998864160114778 24.041481780907251 0 0 0
v 92.721609397441682 32.248713168405629 -203.33457898340365 0 0 0
v 97.30150528143065 31.802915480403954 -200.62472862490435 0 0 0
v 101.13657066509796 -7.4782142995597667 -201.84949017883562 0 0 0
v 96.866401939447741 -9.7080872480786695 -204.77953244672378 0 0 0
v -74.698395279974818 -47.188811880362088 -140.38400033257273 0 0 0
v -90.637909215145157 -41.363378359813566 -92.066469389954719 0 0 0
v -70.717987585802618 -84.657132240536086 -16.44082830148232 0 0 0
v 101.13657066509796 -7.4782142995597667 -201.84949017883562 0 0 0
v 100.29638382136187 -19.873658665477706 -201.60312406514831 0 0 0
v 98.563068688637301 -8.0283483444018984 78.668864619523958 0 0 0
v 4.0094635261449412 -68.955120690658802 -267.06164934968996 0 0 0
v -45.754874788517533 -63.713443936720942 -204.82271453079926 0 0 0
v -48.537673363673342 54.842670970737871 -192.80681720029409 0 0 0
v 2.37754409236436 59.691586531180825 -301.17424985833134 0 0 0
v 84.124860478305749 52.508498019547105 -201.90190877007643 0 0 0
v 60.886685182076334 71.331527736532195 -129.41990173367586 0 0 0
v 89.937398811889238 50.327412633757604 -197.92136750009385 0 0 0
v 31.308546137345999 82.677236501571997 47.376325121037503 0 0 0
v -121.44365891767833 3.1520843382851185 37.122910049993926 0 0 0
v -77.235948142803153 73.375638649846735 16.40428029202668 0 0 0
v -81.072349816766405 65.63517085791392 46.744747747939762 0 0 0
v -66.328879629623543 76.174861707489228 19.160461566644337 0 0 0
v -86.978288065697001 54.78410060708643 -64.550075498977506 0 0 0
v -66.328879629623543 76.174861707489228 19.160461566644337 0 0 0
v -68.789762809318788 74.369616368128831 -0.37821766233888277 0 0 0
v -112.51718277111863 17.955148501509878 -17.69092321513131 0 0 0
v -119.08303179345229 17.74130631996071 7.4348327911253032 0 0 0
v -115.1777694874207 -55.746288462326675 38.584056810895433 0 0 0
v -21.230713027585125 62.622324783125784 -163.76301444488641 0 0 0
v -45.056649069761875 58.814532964452169 -155.42249431492195 0 0 0
v -33.683275045269227 63.862031100215269 -155.21391758159649 0 0 0
v -121.44365891767833 3.1520843382851185 37.122910049993926 0 0 0
v 87.342663671299647 -51.057600716340559 90.164765622960559 0 0 0
v 98.563068688637301 -8.0283483444018984 78.668864619523958 0 0 0
v -106.03979622570084 22.602249305525749 -40.147191215645016 0 0 0
v -79.312728518243375 17.07549618654765 -139.07936424991803 0 0 0
v -77.258854127917189 29.02151957039003 -139.97986420586162 0 0 0
v 103.32072590262331 -35.779108017082997 -57.756723682531756 0 0 0
v 101.39784448225484 -40.083749035101654 -24.797068245543333 0 0 0
v 99.608343479094088 -45.737645977996578 -23.719746196283147 0 0 0
v 77.681506528939934 -74.033780634130892 66.746281924950964 0 0 0
v 87.403541273471689 -52.608271161984561 -197.00656013070636 0 0 0
v 87.127343906181849 -57.227535710667397 -165.55830337018733 0 0 0
v 81.911185889279295 -57.602330658141966 -195.24546969596719 0 0 0
v -66.509579727561373 -15.355131251786133 -313.44189795314679 0 0 0
v -60.955912424300344 33.719283515525696 -299.9378298913137 0 0 0
v 71.793309512666681 49.536052711843126 -245.93923200329215 0 0 0
v -89.603368323724297 -82.73591820265878 13.917088242766789 0 0 0
v 30.587975367262022 79.252715953509053 -50.774417463530853 0 0 0
v -74.289888591591534 39.075434902554804 -140.7937260854215 0 0 0
v -12.294033760148039 -90.234373655883346 66.458539647332827 0 0 0
v -110.71010089680355 -63.412481340272933 9.1016015661241401 0 0 0
v -57.686636238767903 -65.393804112014905 -146.78525040238674 0 0 0
v 92.233315038985836 40.819615875485432 74.462343506047461 0 0 0
v 101.88390689728467 -34.023296683532216 -153.18976750897039 0 0 0
v 102.24141343686819 -27.527135041089107 15.304789149790034 0 0 0
v 99.213154162820629 -41.85816840527869 17.678818352747165 0 0 0
v -47.573501690583591 54.807540633050138 -254.36825263189954 0 0 0
v 94.786783468352141 -4.8447337070130558 -213.68867998828676 0 0 0
v 96.220348580997225 25.212475398904211 76.455020253478182 0 0 0
v 5.9727658840217401 73.556766459268289 -121.12608597931754 0 0 0
v 63.232134642417051 75.66769368298678 60.181494689314555 0 0 0
v -119.68570018078591 -36.895945053141304 37.564730554268792 0 0 0
v -120.21900273618252 -30.775445830620587 22.459541113177469 0 0 0
v 62.764967536898212 65.078133195028386 -188.68629004684257 0 0 0
v 44.991453416648369 64.397786069535812 -186.84027117761389 0 0 0
v 62.764967536898212 65.078133195028386 -188.68629004684257 0 0 0
v -42.993720765281068 -66.832427020891359 -156.14781725660291 0 0 0
v 41.316904273917999 -71.528655690348558 -181.21338799171639 0 0 0
v 91.04479729581378 -52.735396763828795 -168.8738345501134 0 0 0
v 89.305465087066921 -37.368550449838615 -215.23099563546114 0 0 0
v 5.8688596038676337 -71.840627807480871 -178.35708968002493 0 0 0
v 76.93452371104685 41.986601170249514 -299.2305489492843 0 0 0
v -15.017811146925709 82.983422255415647 32.508004739108706 0 0 0
v -13.962676830557314 74.625089724862349 65.921317964912404 0 0 0
v 24.917493521727863 -86.508538889479155 79.437923920158212 0 0 0
v 4.7038066802506648 -89.115168272633269 72.152952080661336 0 0 0
v 29.18821961697391 -92.340151998166903 47.02893844914599 0 0 0
v -32.255165637473375 75.014685758627436 -69.157554894571305 0 0 0
v 16.111037498645601 68.021900738556482 -172.54283623143579 0 0 0
v 1.5884961119129457 67.54414798215069 -167.37839165403844 0 0 0
v 87.065168864436629 53.381198640263932 71.28926290931436 0 0 0
v -74.992636787176494 71.988098960755494 -7.9386171736593116 0 0 0
v 29.18821961697391 -92.340151998166903 47.02893844914599 0 0 0
v -12.934768490845613 66.504272645149484 -162.21407828569869 0 0 0
v -67.666152074907146 -58.341068966268487 -143.22862541751019 0 0 0
v 96.866401939447741 -9.7080872480786695 -204.77953244672378 0 0 0
v 101.13657066509796 -7.4782142995597667 -201.84949017883562 0 0 0
v -63.904323382984188 -51.144970598680992 -197.90707377849833 0 0 0
v -38.419773326533836 55.193457828504947 -288.10934476392185 0 0 0
v 86.030409244697182 -43.172173793614384 -269.50724077760134 0 0 0
v -105.62451432660991 -70.633866540008341 10.322565446656975 0 0 0
v -95.997521831620602 -78.962012506513403 12.469581321902657 0 0 0
v -71.71509174818631 44.51223342136263 -141.77063740254158 0 0 0
v 31.308546137345999 82.677236501571997 47.376325121037503 0 0 0
v 15.624636151810137 83.421826139566321 42.046678433265647 0 0 0
v 3.9436371770534322 74.39254541946795 71.862062131388285 0 0 0
v 103.03046243932101 30.486346221557898 -86.634358120376675 0 0 0
v 98.736816555107467 -29.207194342659456 -201.06354277540569 0 0 0
v -81.329637628551865 -86.159582973208856 15.906807373603476 0 0 0
v 65.674489083143328 -66.29098846651442 -189.58842985345626 0 0 0
v 98.20480703805859 -21.725361874245191 77.930412730091533 0 0 0
v -7.3593452391080945 -69.859332564836166 -272.74246523661827 0 0 0
v 86.736738826252122 -40.683535545189486 -257.61798851189423 0 0 0
v -121.35502146059437 4.7946018239154 37.110499441953266 0 0 0
v 99.077478055545953 23.061198621670883 -201.14310511658348 0 0 0
v 98.617010404654678 34.518327782364047 -181.90196175874959 0 0 0
v -117.51437080896295 28.08360549701974 7.9874539374157516 0 0 0
v -119.08303179345229 17.74130631996071 7.4348327911253032 0 0 0
v -120.39268696089468 0.83281097153964689 7.4720314641461867 0 0 0
v -121.321970348425 0.64400383119740656 23.848944568096655 0 0 0
v -120.3169322281481 14.533272071005904 21.291403377208677 0 0 0
v -56.450979629155142 -62.731607613575903 -151.44628856295495 0 0 0
v -57.686636238767903 -65.393804112014905 -146.78525040238674 0 0 0
v -63.174680402532772 -62.218741006048404 -144.78395592568816 0 0 0
v -104.59980559017166 -71.872049295142062 40.975073481687701 0 0 0
v -99.435821503052964 -76.570184036852268 12.21872476986948 0 0 0
v 104.57172695660701 9.9601257344931895 -19.567953286831941 0 0 0
v 55.095996762296778 78.679090026020717 56.647532056840731 0 0 0
v -33.683275045269227 63.862031100215269 -155.21391758159649 0 0 0
v -77.258854127917189 29.02151957039003 -139.97986420586162 0 0 0
v 97.30150528143065 31.802915480403954 -200.62472862490435 0 0 0
v 106.41435381044201 -6.6315937041821371 -106.43726808663278 0 0 0
v -41.788499181891112 65.868753392945379 -130.33193159137815 0 0 0
v -100.12752911255777 56.274455465257347 42.005781293553369 0 0 0
v -42.993720765281068 -66.832427020891359 -156.14781725660291 0 0 0
v -36.723238875496406 -70.892687352680738 -154.10271094020402 0 0 0
v -49.013978954517597 -68.525295036696747 -149.77757196724133 0 0 0
v -77.669742563159929 -37.094175826609636 -139.09391801118369 0 0 0
v -72.043441684046456 -45.025162454983956 -145.95627801865263 0 0 0
v -80.293757343774416 -20.319447853051315 -138.15758347571213 0 0 0
v 74.758588773099461 -62.347794876467333 -192.80111093065901 0 0 0
v 69.28705076555525 72.400023437656102 62.960888656642219 0 0 0
v -46.294641266424676 -92.998864160114778 24.041481780907251 0 0 0
v -120.39268696089468 0.83281097153964689 7.4720314641461867 0 0 0
v -77.095738220214841 -4.6020858764648374 -144.18919067382814 0 0 0
v 38.344367170368997 -90.955726783537813 50.127034629386287 0 0 0
v -46.681910176044241 79.768493812471206 23.941707841480405 0 0 0
v 63.833744968994921 62.467730770233004 95.674793443537808 0 0 0
v -121.44365891767833 3.1520843382851185 37.122910049993926 0 0 0
v 77.989741834207166 56.805051060645553 -198.258968713798 0 0 0
v -15.070086770291741 -79.533612929679038 -117.07719497217744 0 0 0
v -61.680305046005017 -90.854640488255313 19.99785931084088 0 0 0
v -19.764816362338323 -94.867032685766318 31.359476255341395 0 0 0
v -33.083736781916784 -94.212181481919671 27.21286698577881 0 0 0
v -77.669742563159929 -37.094175826609636 -139.09391801118369 0 0 0
v 98.506717122910999 -35.318823494186042 -188.02970353595063 0 0 0
v 58.619459166558272 -30.327381862894221 -187.13816135334642 0 0 0
v 98.736816555107467 -29.207194342659456 -201.06354277540569 0 0 0
v 0.33259381358942619 83.524823076109598 36.947476293327561 0 0 0
v -109.22935701306611 49.778401465583038 9.3180929051852157 0 0 0
v -114.55758106103227 38.953952238727226 8.4418830326443093 0 0 0
v 92.845149148132023 -49.888266145407854 74.548879122062743 0 0 0
v 102.38334658325786 -4.5983752668284463 31.273652750751602 0 0 0
v 74.750885854625693 24.123017604899541 -211.15962288397802 0 0 0
v 35.50791596913308 67.820811297953554 -179.16967047780327 0 0 0
v -71.635435133636364 68.011063604037773 49.195155134374744 0 0 0
v -66.328879629623543 76.174861707489228 19.160461566644337 0 0 0
v -118.15015077796694 -40.724947274106007 8.0659603767926384 0 0 0
v -86.375946947570583 69.755621393309042 14.441077787857081 0 0 0
v 18.275073177768093 -93.593880404976161 42.513259182486927 0 0 0
v 98.563068688637301 -8.0283483444018984 78.668864619523958 0 0 0
v 92.845149148132023 -49.888266145407854 74.548879122062743 0 0 0
v -38.940121552322154 -89.965473661943349 58.269096788315871 0 0 0
v 98.563068688637301 -8.0283483444018984 78.668864619523958 0 0 0
v 23.781645696741066 73.062321423217668 79.002869028189522 0 0 0
v -119.08303179345229 17.74130631996071 7.4348327911253032 0 0 0
v 104.99272155761719 -7.7509160041809082 -101.13492584228516 0 0 0
v 103.68651580810547 -7.7490663528442383 -30.320974349975586 0 0 0
v 105.90498352050781 -9.5439348220825195 -50.373279571533203 0 0 0
v 105.90498352050781 -9.5439348220825195 -50.373279571533203 0 0 0
v 103.68651580810547 -7.7490663528442383 -30.320974349975586 0 0 0
v 102.23909759521484 -8.7679405212402344 26.856939315795898 0 0 0
v 101.19921112060547 -1.8028678894042969 26.100656509399414 0 0 0
v 104.09055328369141 -1.7802928686141968 -46.298488616943359 0 0 0
v 104.547607421875 0.060838703066110611 -11.543300628662109 0 0 0
v 106.07498168945312 0.031156318262219429 -64.535713195800781 0 0 0
v 104.7733154296875 -1.7890063524246216 -100.67240142822266 0 0 0
v 106.07498168945312 0.031156318262219429 -64.535713195800781 0 0 0
v 100.63980102539062 -3.9515759944915771 27.860507965087891 0 0 0
v 102.04024505615234 -0.88075381517410278 27.116905212402344 0 0 0
v 102.19235229492188 -5.2297763824462891 29.383623123168945 0 0 0
v 101.19921112060547 -1.8028678894042969 26.100656509399414 0 0 0
v 104.08632659912109 -7.7269687652587891 -101.22583770751953 0 0 0
v 104.99272155761719 -7.7509160041809082 -101.13492584228516 0 0 0
v 104.27204895019531 -5.8234090805053711 -102.96488952636719 0 0 0
v 106.00504302978516 -0.44785276055335999 -102.05509948730469 0 0 0
v 106.37017059326172 -0.28135290741920471 -104.38424682617188 0 0 0
v 106.43395233154297 1.2970079183578491 -101.09104919433594 0 0 0
v 106.08853149414062 1.3036199808120728 -53.660789489746094 0 0 0
v 106.07498168945312 0.031156318262219429 -64.535713195800781 0 0 0
v 106.43395233154297 1.2970079183578491 -101.09104919433594 0 0 0
v 104.98094177246094 1.2775150537490845 -17.787044525146484 0 0 0
v 104.547607421875 0.060838703066110611 -11.543300628662109 0 0 0
v 106.00504302978516 -0.44785276055335999 -102.05509948730469 0 0 0
v 102.04024505615234 -0.88075381517410278 27.116905212402344 0 0 0
v 102.69936370849609 1.2850732803344727 26.350667953491211 0 0 0
v 101.19921112060547 -1.8028678894042969 26.100656509399414 0 0 0
v 100.63980102539062 -3.9515759944915771 27.860507965087891 0 0 0
v 100.42206573486328 -1.7986863851547241 25.719247817993164 0 0 0
v 104.09055328369141 -1.7802928686141968 -46.298488616943359 0 0 0
v 101.19921112060547 -1.8028678894042969 26.100656509399414 0 0 0
v 102.14978790283203 -1.7841813564300537 -11.405177116394043 0 0 0
v 100.42206573486328 -1.7986863851547241 25.719247817993164 0 0 0
v 103.62809753417969 -1.7845157384872437 -60.992969512939453 0 0 0
v 104.02985382080078 -1.7960902452468872 -100.99102783203125 0 0 0
v 104.7733154296875 -1.7890063524246216 -100.67240142822266 0 0 0
v 102.23909759521484 -8.7679405212402344 26.856939315795898 0 0 0
v 102.82498168945312 -10.814484596252441 26.836374282836914 0 0 0
v 104.72589111328125 -10.152409553527832 -11.061657905578613 0 0 0
v 105.90498352050781 -9.5439348220825195 -50.373279571533203 0 0 0
v 105.37882232666016 -10.84080982208252 -25.904918670654297 0 0 0
v 106.4364013671875 -10.857804298400879 -68.287742614746094 0 0 0
v 106.32693481445312 -4.6301379203796387 -105.76230621337891 0 0 0
v 106.00504302978516 -0.44785276055335999 -102.05509948730469 0 0 0
v 104.35683441162109 -3.5097994804382324 -102.88777923583984 0 0 0
v 102.82498168945312 -10.814484596252441 26.836374282836914 0 0 0
v 102.23909759521484 -8.7679405212402344 26.856939315795898 0 0 0
v 102.40576171875 -6.5707612037658691 31.082721710205078 0 0 0
v 103.68228912353516 -7.7490687370300293 -61.025459289550781 0 0 0
v 103.68651580810547 -7.7490663528442383 -30.320974349975586 0 0 0
v 104.99272155761719 -7.7509160041809082 -101.13492584228516 0 0 0
v 104.08632659912109 -7.7269687652587891 -101.22583770751953 0 0 0
v 100.94625091552734 -7.5777778625488281 26.767084121704102 0 0 0
v 100.48793029785156 -7.7409567832946777 25.521953582763672 0 0 0
v 104.99272155761719 -7.7509160041809082 -101.13492584228516 0 0 0
v 106.32693481445312 -4.6301379203796387 -105.76230621337891 0 0 0
v 104.27204895019531 -5.8234090805053711 -102.96488952636719 0 0 0
v 106.41134643554688 -7.6477923393249512 -105.67544555664062 0 0 0
v 106.32693481445312 -4.6301379203796387 -105.76230621337891 0 0 0
v 106.35837554931641 -9.6962718963623047 -103.36505889892578 0 0 0
v 102.69936370849609 1.2850732803344727 26.350667953491211 0 0 0
v 102.45956420898438 -1.2705806493759155 30.013566970825195 0 0 0
v 102.04024505615234 -0.88075381517410278 27.116905212402344 0 0 0
v 106.32693481445312 -4.6301379203796387 -105.76230621337891 0 0 0
v 106.40772247314453 -10.841594696044922 -100.68752288818359 0 0 0
v 106.35837554931641 -9.6962718963623047 -103.36505889892578 0 0 0
v 102.20832824707031 -7.7477831840515137 -11.511889457702637 0 0 0
v 102.45956420898438 -1.2705806493759155 30.013566970825195 0 0 0
v 102.40576171875 -6.5707612037658691 31.082721710205078 0 0 0
v 102.04024505615234 -0.88075381517410278 27.116905212402344 0 0 0
v 104.99272155761719 -7.7509160041809082 -101.13492584228516 0 0 0
v 102.19235229492188 -5.2297763824462891 29.383623123168945 0 0 0
v 102.40576171875 -6.5707612037658691 31.082721710205078 0 0 0
v 102.23909759521484 -8.7679405212402344 26.856939315795898 0 0 0
v 100.94625091552734 -7.5777778625488281 26.767084121704102 0 0 0
v 100.63980102539062 -3.9515759944915771 27.860507965087891 0 0 0
v 106.32693481445312 -4.6301379203796387 -105.76230621337891 0 0 0
v 104.35683441162109 -3.5097994804382324 -102.88777923583984 0 0 0
v 100.94625091552734 -7.5777778625488281 26.767084121704102 0 0 0
v 102.04024505615234 -0.88075381517410278 27.116905212402344 0 0 0
v 106.00504302978516 -0.44785276055335999 -102.05509948730469 0 0 0
v 104.7733154296875 -1.7890063524246216 -100.67240142822266 0 0 0
v 104.02985382080078 -1.7960902452468872 -100.99102783203125 0 0 0
v 104.35683441162109 -3.5097994804382324 -102.88777923583984 0 0 0
v 106.35837554931641 -9.6962718963623047 -103.36505889892578 0 0 0
v 106.32693481445312 -4.6301379203796387 -105.76230621337891 0 0 0
v 104.99272155761719 -7.7509160041809082 -101.13492584228516 0 0 0
v 104.7733154296875 -1.7890063524246216 -100.67240142822266 0 0 0
v 104.35683441162109 -3.5097994804382324 -102.88777923583984 0 0 0
v 102.19235229492188 -5.2297763824462891 29.383623123168945 0 0 0
v 100.96289825439453 -3.6262805461883545 14.172115325927734 1 1 1
v 101.32634735107422 -0.83744418621063232 8.2133340835571289 1 1 1
v 99.254203796386719 -0.87834310531616211 46.524909973144531 1 1 1
v 100.41420745849609 -6.612699031829834 26.434568405151367 1 1 1
v 99.246696472167969 -4.8286914825439453 53.358024597167969 1 1 1
v 101.69011688232422 -8.7012777328491211 1.8533110618591309 1 1 1
v 102.47708129882812 -4.9349007606506348 -28.134366989135742 1 1 1
v 103.32969665527344 -8.8557024002075195 -40.814228057861328 1 1 1
v 103.60252380371094 -2.8813009262084961 -68.883941650390625 1 1 1
v 103.14519500732422 -0.65880978107452393 -37.746173858642578 1 1 1
v 103.9544677734375 -0.86571741104125977 -82.744338989257812 1 1 1
v 103.36158752441406 -5.8393087387084961 -58.978767395019531 1 1 1
v 103.98979187011719 -6.5719819068908691 -93.661064147949219 1 1 1
v 104.04103088378906 -8.6857662200927734 -84.914161682128906 1 1 1
v 104.34876251220703 -3.6804227828979492 -127.3292236328125 1 1 1
v 104.01491546630859 -0.89750200510025024 -121.58006286621094 1 1 1
v 104.03746032714844 -3.4071497917175293 -101.16304016113281 1 1 1
v 104.41075134277344 -5.3027353286743164 -128.12310791015625 1 1 1
v 104.07612609863281 -8.6524925231933594 -121.76116180419922 1 1 1
v 99.334648132324219 -8.5983047485351562 46.306381225585938 1 1 1
vn -0.97651678323745728 -0.2094496488571167 -0.050455566495656967
vn -0.88590037822723389 -0.46020880341529846 -0.058210037648677826
vn -0.92207801342010498 -0.37747764587402344 -0.085338979959487915
vn -0.98220252990722656 -0.18514028191566467 -0.031642697751522064
vn -0.71061998605728149 0.00057901907712221146 -0.70357578992843628
vn -0.95762163400650024 -0.28801062703132629 0.0032655645627528429
vn -0.99142450094223022 -0.12483149021863937 -0.038658749312162399
vn -0.95199823379516602 -0.29486259818077087 -0.082191206514835358
vn -0.94873112440109253 -0.29276752471923828 -0.11914865672588348
vn 0.9921601414680481 0.12219729274511337 0.026192363351583481
vn 0.94062620401382446 0.32211413979530334 0.10707414150238037
vn 0.91073644161224365 0.39636093378067017 0.11600510776042938
vn -0.89292246103286743 -0.39973622560501099 -0.2071242481470108
vn -0.99790793657302856 -0.054034244269132614 -0.035497993230819702
vn -0.99498677253723145 -0.098288767039775848 0.018457220867276192
vn 0.99731910228729248 0.066412582993507385 0.03072483092546463
vn 0.92955201864242554 0.33944135904312134 0.14391884207725525
vn 0.96367567777633667 0.21874929964542389 0.15322506427764893
vn -0.97775530815124512 -0.15112835168838501 -0.14544692635536194
vn -0.93009960651397705 -0.31232491135597229 -0.19330760836601257
vn -0.99321639537811279 -0.11057214438915253 -0.035986367613077164
vn -0.98086398839950562 -0.085419990122318268 -0.17495498061180115
vn -0.99683976173400879 -0.02082003653049469 -0.076661854982376099
vn 0.98231792449951172 0.1401502788066864 0.12413455545902252
vn 0.98257899284362793 0.062971591949462891 0.17485174536705017
vn 0.9940868616104126 0.088927857577800751 0.062314949929714203
vn 0.99930870532989502 -0.030948031693696976 0.020599169656634331
vn 0.97324472665786743 0.11408266425132751 0.19944897294044495
vn 0.99249494075775146 -0.03798963874578476 0.1162349060177803
vn 0.99574583768844604 0.02862466499209404 0.087583526968955994
vn 0.99613445997238159 -0.036201100796461105 0.080035120248794556
vn 0.92956537008285522 -0.1387464851140976 0.34155184030532837
vn 0.99931454658508301 -0.0096854008734226227 0.035729832947254181
vn 0.99850797653198242 0.040124837309122086 0.037038195878267288
vn 0.90797823667526245 0.12871399521827698 0.39875835180282593
vn -0.93231892585754395 -0.35626322031021118 -0.062111888080835342
vn -0.85526043176651001 -0.51637065410614014 -0.043485395610332489
vn -0.54650413990020752 0.0031107414979487658 -0.83745062351226807
vn -0.55377364158630371 -0.0088320877403020859 -0.83262044191360474
vn -0.8647758960723877 -0.34700945019721985 -0.36296987533569336
vn -0.149561807513237 -0.479775071144104 0.86455023288726807
vn 0.14020928740501404 -0.18967656791210175 0.97178399562835693
vn 0.20436838269233704 -0.17475526034832001 0.96316879987716675
vn -0.0040995152667164803 -0.26548287272453308 0.96410685777664185
vn 0.20934483408927917 -0.028039891272783279 0.9774397611618042
vn -0.45413091778755188 0.0026535154320299625 -0.89093101024627686
vn -0.41837039589881897 -0.0069983303546905518 -0.90824955701828003
vn 0.20165729522705078 -0.021889332681894302 0.97921150922775269
vn -0.25417187809944153 -0.0058944239281117916 -0.96714109182357788
vn -0.54785877466201782 -0.63038676977157593 -0.54996663331985474
vn -0.19491824507713318 -0.068397119641304016 -0.97843176126480103
vn 0.066420994699001312 -0.41971778869628906 0.90522110462188721
vn 0.054374873638153076 -0.42173975706100464 0.90508502721786499
vn 0.22771163284778595 -0.34447956085205078 0.9107586145401001
vn 0.098304517567157745 -0.31009501218795776 0.94560950994491577
vn 0.35756367444992065 0.93335920572280884 0.031445633620023727
vn 0.088976278901100159 0.99596822261810303 0.011425364762544632
vn 0.22465401887893677 0.97247129678726196 0.061887726187705994
vn -0.18930217623710632 -0.98163193464279175 -0.02373659610748291
vn -0.40573963522911072 -0.91306966543197632 -0.040977660566568375
vn -0.11238601803779602 -0.9936225414276123 -0.009142974391579628
vn 0.26670542359352112 0.96367424726486206 0.014146776869893074
vn 0.29046767950057983 0.95626521110534668 0.034429438412189484
vn 0.35175761580467224 0.93433672189712524 0.057283725589513779
vn -0.052908759564161301 -0.99858647584915161 -0.0050765783526003361
vn -0.19013838469982147 -0.98166930675506592 -0.013145287521183491
vn 0.042824525386095047 -0.61929953098297119 -0.78398603200912476
vn -0.21288278698921204 -0.97666817903518677 -0.028288399800658226
vn -0.2199663370847702 -0.97543400526046753 -0.011969761922955513
vn -0.041675098240375519 -0.02985738217830658 -0.99868500232696533
vn 0.11281588673591614 -0.013577586971223354 -0.99352312088012695
vn 0.24409127235412598 0.96643781661987305 0.080108642578125
vn 0.30167654156684875 0.95264452695846558 0.038204934448003769
vn 0.22235451638698578 0.97461605072021484 0.026116508990526199
vn -0.20028898119926453 -0.43627658486366272 0.87723833322525024
vn -0.12523263692855835 -0.39440548419952393 0.91036319732666016
vn -0.17537254095077515 -0.45380187034606934 0.87367516756057739
vn 0.058884128928184509 0.0035322110634297132 -0.99825859069824219
vn 0.063756629824638367 -0.1784186065196991 0.98188692331314087
vn 0.19833433628082275 -0.024859974160790443 0.97981911897659302
vn 0.14367586374282837 0.9893612265586853 0.022838406264781952
vn 0.47738951444625854 0.87057614326477051 0.1191486269235611
vn 0.04101872444152832 0.99913489818572998 0.0068481657654047012
vn 0.032411925494670868 0.99944990873336792 0.0070225796662271023
vn -0.24793544411659241 -0.9641297459602356 -0.094772651791572571
vn -0.2402263879776001 -0.96235394477844238 -0.12714648246765137
vn -0.23836724460124969 -0.9674142599105835 -0.085385940968990326
vn -0.018809614703059196 0.99893701076507568 0.042083799839019775
vn 0.08881068229675293 0.99556827545166016 0.030926890671253204
vn 0.024872615933418274 0.99930727481842041 0.02768244594335556
vn -0.00098288257140666246 -0.99996107816696167 -0.0087705962359905243
vn -0.057539824396371841 -0.99796360731124878 -0.027529295533895493
vn 0.1612023264169693 -0.82716119289398193 -0.53834760189056396
vn -0.15874592959880829 -0.96354341506958008 -0.2153690904378891
vn -0.038161065429449081 -0.99894160032272339 -0.025679627433419228
vn -0.0051990975625813007 -0.99996298551559448 -0.0068534612655639648
vn 0.36839836835861206 0.92180633544921875 0.1206468939781189
vn 0.012194697745144367 0.99989277124404907 0.0081049483269453049
vn 0.34020465612411499 0.91827392578125 0.20256797969341278
vn 0.1127084419131279 -0.89133113622665405 -0.43911918997764587
vn -0.90773403644561768 -0.36299869418144226 -0.21035891771316528
vn -0.99472296237945557 -0.088968634605407715 -0.051095791161060333
vn -0.95850288867950439 -0.26651725172996521 -0.10119654983282089
vn -0.96660637855529785 -0.19070062041282654 -0.17118826508522034
vn -0.9704819917678833 -0.23197513818740845 -0.065971307456493378
vn -0.95265817642211914 -0.22862556576728821 -0.20043128728866577
vn -0.91993266344070435 -0.37856400012969971 -0.10204502940177917
vn -0.91518718004226685 -0.26223841309547424 -0.30604478716850281
vn -0.99989539384841919 0.0099439537152647972 0.010500738397240639
vn -0.98132836818695068 -0.1554243415594101 -0.11330441385507584
vn -0.90712583065032959 -0.23566339910030365 -0.34869116544723511
vn -0.97234994173049927 -0.095138005912303925 -0.21327072381973267
vn -0.96167999505996704 -0.16599871218204498 -0.21821092069149017
vn -0.98521894216537476 -0.032194834202528 -0.16824714839458466
vn -0.99688863754272461 -0.047057829797267914 -0.063234962522983551
vn 0.96742850542068481 0.073169417679309845 0.24233932793140411
vn 0.98753762245178223 0.069143705070018768 0.14138095080852509
vn 0.94146561622619629 0.20761790871620178 0.26558858156204224
vn 0.9335705041885376 0.091323785483837128 0.34656327962875366
vn 0.9996446967124939 0.0019094997551292181 0.026585415005683899
vn 0.99938082695007324 0.031414229422807693 0.015846896916627884
vn 0.9415937066078186 -0.10016602277755737 0.3215089738368988
vn 0.98957908153533936 0.029959298670291901 0.14083924889564514
vn 0.95148962736129761 0.043729517608880997 0.30455735325813293
vn -0.95462501049041748 -0.081127814948558807 -0.28654736280441284
vn -0.9513053297996521 -0.0092909066006541252 0.30811014771461487
vn -0.99296224117279053 -0.011537976562976837 -0.11786819994449615
vn -0.90481621026992798 -0.39482781291007996 -0.15943226218223572
vn -0.87984323501586914 -0.45901092886924744 -0.12322697788476944
vn -0.96657842397689819 -0.24404154717922211 -0.078548438847064972
vn -0.968120276927948 -0.23094834387302399 -0.096984274685382843
vn -0.97716641426086426 -0.19449414312839508 -0.08554442971944809
vn -0.92667907476425171 -0.33779969811439514 -0.16479454934597015
vn -0.9902108907699585 -0.13295085728168488 -0.042502615600824356
vn -0.99996894598007202 0.0075415191240608692 0.002275706734508276
vn -0.90480160713195801 -0.38099190592765808 -0.19020833075046539
vn -0.95324474573135376 -0.24915957450866699 -0.17100861668586731
vn -0.93485289812088013 -0.31508654356002808 -0.16361713409423828
vn -0.99598550796508789 -0.076153293251991272 -0.047048263251781464
vn 0.99982172250747681 0.018711034208536148 0.0025343967135995626
vn 0.94413101673126221 0.27834463119506836 0.17646777629852295
vn 0.95704799890518188 0.23703105747699738 0.16695933043956757
vn 0.93080770969390869 0.29368284344673157 0.21759463846683502
vn 0.96137511730194092 0.15916614234447479 0.22455291450023651
vn -0.98257315158843994 -0.076600342988967896 -0.16935880482196808
vn 0.95266067981719971 0.18106472492218018 0.24424003064632416
vn 0.99924248456954956 0.034013494849205017 0.018909158185124397
vn 0.9255831241607666 0.29197940230369568 0.24092307686805725
vn -0.91045951843261719 0.0071853217668831348 -0.41353580355644226
vn -0.99785542488098145 -0.01887066662311554 -0.062677383422851562
vn -0.94489783048629761 -0.20313410460948944 -0.2567189633846283
vn -0.99155306816101074 0.019412918016314507 -0.12824054062366486
vn -0.97448992729187012 0.02443612739443779 -0.22309684753417969
vn 0.4471203088760376 0.88983291387557983 0.090999260544776917
vn 0.37171825766563416 0.92786449193954468 0.029884137213230133
vn 0.16056077182292938 0.98700439929962158 0.0065215490758419037
vn -0.27483314275741577 -0.96087837219238281 0.034343063831329346
vn -0.24052450060844421 -0.97053313255310059 -0.014606592245399952
vn -0.37233686447143555 -0.92741590738296509 -0.035566177219152451
vn 0.35020473599433899 -0.21331758797168732 0.91205936670303345
vn -0.1137080192565918 -0.99346703290939331 -0.0096837291494011879
vn -0.28893613815307617 -0.95675873756408691 -0.033595338463783264
vn -0.2756933867931366 -0.96071696281433105 -0.031876079738140106
vn -0.15721316635608673 -0.98742067813873291 -0.016864687204360962
vn 0.26929444074630737 0.96244603395462036 0.034324605017900467
vn 0.32643923163414001 0.94416087865829468 0.044694919139146805
vn 0.29486283659934998 0.95279812812805176 0.072330348193645477
vn 0.063409052789211273 0.99798619747161865 0.0016681388951838017
vn 0.33728635311126709 0.9402962327003479 0.045617148280143738
vn 0.28673812747001648 0.94952243566513062 0.12723374366760254
vn 0.32699084281921387 0.94384652376174927 0.047231145203113556
vn 0.043220628052949905 0.99863338470458984 0.029383370652794838
vn 0.097168080508708954 0.98205959796905518 0.16160847246646881
vn 0.14518564939498901 0.98933929204940796 0.011350546963512897
vn 0.46957290172576904 -0.60154539346694946 0.64625412225723267
vn -0.24510565400123596 -0.96946340799331665 -0.0079920953139662743
vn 0.12907402217388153 -0.98217356204986572 0.13665631413459778
vn 0.23652029037475586 0.86836147308349609 0.4358973503112793
vn 0.1280655562877655 0.88350766897201538 0.45057004690170288
vn 0.021586339920759201 0.99961471557617188 0.017448833212256432
vn -0.38658130168914795 -0.91798919439315796 -0.088604457676410675
vn -0.28291511535644531 -0.95289134979248047 -0.10934879630804062
vn -0.057317279279232025 -0.99805384874343872 -0.024560773745179176
vn 0.98416829109191895 -0.14216120541095734 0.10584428161382675
vn 0.96503692865371704 -0.22278359532356262 0.13809849321842194
vn 0.99975800514221191 -0.02164815180003643 0.0039155855774879456
vn 0.92578005790710449 -0.3285595178604126 0.18702933192253113
vn 0.99749690294265747 -0.068522393703460693 0.01745288074016571
vn 0.99890357255935669 -0.036393702030181885 0.029447304084897041
vn -0.99476701021194458 0.086869679391384125 -0.053779792040586472
vn -0.99609005451202393 0.077138409018516541 -0.043060936033725739
vn -0.99673783779144287 0.035447817295789719 -0.072505772113800049
vn -0.95924526453018188 0.23923215270042419 -0.15038779377937317
vn 0.99939531087875366 -0.029246879741549492 0.018803615123033524
vn -0.99945825338363647 0.026603192090988159 -0.019378319382667542
vn -0.97528225183486938 0.19962890446186066 -0.094725221395492554
vn -0.957069993019104 0.27804672718048096 -0.081896461546421051
vn -0.92104190587997437 0.37548339366912842 -0.10341187566518784
vn -0.99434155225753784 0.10332408547401428 -0.024678520858287811
vn -0.98031562566757202 0.18881593644618988 -0.057704661041498184
vn -0.98489469289779663 0.15675847232341766 -0.073547624051570892
vn -0.91305756568908691 0.36177748441696167 -0.18826305866241455
vn -0.96777862310409546 0.23111748695373535 -0.099946089088916779
vn 0.014561147429049015 0.238526850938797 0.9710267186164856
vn 0.19155851006507874 0.16265010833740234 0.9679102897644043
vn 0.19777917861938477 0.021431442350149155 0.98001229763031006
vn -0.77702170610427856 0.053726188838481903 -0.62717682123184204
vn -0.64563733339309692 -0.0059992927126586437 -0.76362061500549316
vn -0.82781726121902466 0.017366509884595871 -0.56072902679443359
vn 0.34337598085403442 0.081278227269649506 0.93567448854446411
vn 0.642433762550354 -0.008167698048055172 0.76629769802093506
vn 0.33267685770988464 0.085352540016174316 0.93917042016983032
vn 0.090655893087387085 0.33120483160018921 0.9391937255859375
vn -0.96826988458633423 0.24959838390350342 -0.012410960160195827
vn -0.68736022710800171 0.065132595598697662 -0.72339040040969849
vn 0.2813083827495575 0.18256624042987823 0.94209086894989014
vn -0.88082164525985718 0.47298359870910645 -0.020970597863197327
vn -0.94547373056411743 0.32217127084732056 -0.047802511602640152
vn 0.95629119873046875 -0.28873810172080994 0.046232342720031738
vn 0.8979499340057373 -0.43510013818740845 0.066134825348854065
vn 0.91573548316955566 -0.39913082122802734 0.046076558530330658
vn 0.87871873378753662 -0.4748193621635437 0.048989076167345047
vn 0.82680308818817139 -0.55981040000915527 0.054854076355695724
vn 0.19803190231323242 0.14495699107646942 0.9694177508354187
vn 0.19875818490982056 0.13677647709846497 0.97045731544494629
vn -0.49089363217353821 0.87111359834671021 -0.013586230576038361
vn -0.45815646648406982 0.02761964313685894 -0.88844233751296997
vn -0.66732186079025269 0.32671073079109192 -0.6692844033241272
vn 0.5975373387336731 -0.80076050758361816 0.041614092886447906
vn 0.77925115823745728 -0.62536448240280151 0.04107154905796051
vn 0.69475698471069336 -0.71691477298736572 0.057843688875436783
vn -0.12532304227352142 0.43718051910400391 0.89059942960739136
vn 0.1997949630022049 0.25169101357460022 0.9469602108001709
vn 0.067508578300476074 0.40017524361610413 0.91394877433776855
vn 0.24029314517974854 0.27952754497528076 0.92958247661590576
vn 0.077153883874416351 0.44529932737350464 0.89205145835876465
vn 0.42062482237815857 -0.90638226270675659 0.039318829774856567
vn 0.54717105627059937 -0.83408927917480469 0.069992430508136749
vn -0.28191390633583069 -0.0071646636351943016 -0.95941293239593506
vn -0.14446280896663666 0.042923182249069214 -0.98857885599136353
vn -0.062761120498180389 -0.0069922958500683308 -0.99800407886505127
vn -0.29163059592247009 0.95343643426895142 -0.076880067586898804
vn -0.18609870970249176 0.9815412163734436 -0.044092379510402679
vn -0.019275957718491554 0.79761302471160889 -0.60286140441894531
vn 0.21450307965278625 -0.97514593601226807 0.055487543344497681
vn 0.28886240720748901 -0.95684832334518433 0.031620312482118607
vn 0.28575733304023743 -0.95606434345245361 0.065450564026832581
vn -0.41301664710044861 0.9097173810005188 -0.04279598593711853
vn -0.044038917869329453 0.99898731708526611 -0.0092136310413479805
vn 0.40323776006698608 -0.91261589527130127 0.067316368222236633
vn 0.082658328115940094 -0.99657553434371948 -0.0021849269978702068
vn 0.089107565581798553 -0.0079352334141731262 -0.99599039554595947
vn 0.056779902428388596 -0.0031805573962628841 -0.99838167428970337
vn 0.18349625170230865 0.053596042096614838 -0.98155826330184937
vn 0.072812028229236603 0.068439610302448273 -0.99499469995498657
vn 0.16424871981143951 -0.97383016347885132 0.15708953142166138
vn 0.014046127907931805 -0.99989956617355347 -0.0019012516131624579
vn 0.26504847407341003 -0.96037375926971436 0.086206138134002686
vn 0.27158564329147339 0.033065110445022583 -0.96184611320495605
vn 0.27062660455703735 -0.010230685584247112 -0.96263003349304199
vn 0.11749077588319778 -0.014164522290229797 0.9929729700088501
vn -0.22510333359241486 0.32193037867546082 0.91961365938186646
vn 0.16302274167537689 0.050196945667266846 0.9853445291519165
vn -0.044969797134399414 0.99885010719299316 -0.016617124900221825
vn -0.10032157599925995 0.99048852920532227 -0.094170086085796356
vn -0.12383109331130981 0.99130004644393921 -0.044610548764467239
vn -0.30499696731567383 0.94448530673980713 -0.12216541171073914
vn 0.020313045009970665 -0.035251423716545105 0.99917203187942505
vn 0.38131096959114075 0.0013240108964964747 -0.92444586753845215
vn 0.33601456880569458 0.0012596916640177369 -0.94185596704483032
vn 0.20877847075462341 0.75994545221328735 -0.61554408073425293
vn 0.18640893697738647 -0.97758328914642334 0.097890682518482208
vn 0.37271791696548462 -0.90225827693939209 0.21682102978229523
vn 0.049142666161060333 -0.99721801280975342 0.056046724319458008
vn 0.0060716518200933933 0.99777370691299438 -0.066413454711437225
vn -0.026831723749637604 0.99856674671173096 -0.046308264136314392
vn -0.29932758212089539 0.94187605381011963 -0.15255334973335266
vn 0.00065777567215263844 0.99999457597732544 -0.0032233211677521467
vn -0.027140485122799873 0.97922241687774658 -0.20096492767333984
vn -0.031290821731090546 0.99564170837402344 -0.087854534387588501
vn -0.00022714235819876194 0.99809598922729492 -0.061679791659116745
vn 0.017893468961119652 -0.99954402446746826 0.024323035031557083
vn 0.16736005246639252 -0.97801882028579712 0.12437758594751358
vn 0.049249377101659775 -0.99581801891326904 0.076947525143623352
vn -0.99243348836898804 -0.029680738225579262 -0.11914192885160446
vn -0.98187428712844849 0.076564744114875793 -0.17338040471076965
vn -0.98030936717987061 -0.030836164951324463 -0.19504539668560028
vn -0.92469596862792969 0.16949580609798431 -0.34089368581771851
vn -0.98767507076263428 0.015364428982138634 -0.1557624489068985
vn -0.93290978670120239 0.24331855773925781 -0.26547199487686157
vn -0.99857759475708008 0.0069842226803302765 -0.052858307957649231
vn -0.95597708225250244 0.061899807304143906 -0.28683832287788391
vn -0.99023491144180298 0.038022559136152267 -0.134123295545578
vn -0.9404941201210022 0.096023932099342346 -0.32596039772033691
vn -0.97129487991333008 0.1991441398859024 -0.13010692596435547
vn -0.9913942813873291 0.076806768774986267 -0.10601003468036652
vn -0.99750161170959473 0.048676181584596634 -0.051196940243244171
vn -0.9373592734336853 0.07048189640045166 -0.34115958213806152
vn -0.96511971950531006 0.13686355948448181 -0.22318671643733978
vn -0.99866217374801636 0.023248696699738503 -0.046188589185476303
vn 0.96086257696151733 -0.11386046558618546 0.25254479050636292
vn 0.99850857257843018 -0.0064511718228459358 0.054212752729654312
vn 0.99703067541122437 -0.025453556329011917 0.072677344083786011
vn 0.87539589405059814 -0.092111796140670776 0.47454977035522461
vn -0.93608736991882324 0.082631908357143402 0.34192460775375366
vn -0.48725992441177368 0.072298415005207062 0.87025898694992065
vn -0.93626934289932251 0.25109320878982544 -0.24566636979579926
vn -0.95482820272445679 0.2328592836856842 -0.1846066415309906
vn -0.94832485914230347 0.18228913843631744 -0.25971263647079468
vn 0.32450398802757263 -0.036999192088842392 0.9451603889465332
vn 0.92482399940490723 -0.18558834493160248 0.33205044269561768
vn 0.97260957956314087 -0.16673491895198822 0.16195701062679291
vn -0.95813107490539551 0.2622474730014801 -0.11493939161300659
vn -0.95073270797729492 0.26654943823814392 -0.15829931199550629
vn -0.92095321416854858 0.35179856419563293 -0.16757965087890625
vn 0.87617212533950806 -0.35691627860069275 0.32393389940261841
vn -0.61320048570632935 -0.26402744650840759 0.74449622631072998
vn 0.94724577665328979 -0.16086620092391968 0.27721378207206726
vn 0.9998897910118103 -0.013645198196172714 0.0058509916998445988
vn 0.93953704833984375 -0.24380339682102203 0.24047887325286865
vn 0.99870657920837402 -0.037959694862365723 0.03382597491145134
vn 0.99647021293640137 -0.045325584709644318 0.070659294724464417
vn 0.99166005849838257 -0.12050730735063553 0.045698303729295731
vn 0.93332511186599731 -0.32401460409164429 0.15465690195560455
vn -0.98356747627258301 0.17155155539512634 -0.056259509176015854
vn -0.94450563192367554 0.29130131006240845 -0.15183103084564209
vn 0.92807728052139282 -0.35139316320419312 0.12326953560113907
vn 0.89956033229827881 -0.38303264975547791 0.20994566380977631
vn 0.99392420053482056 -0.099764883518218994 0.046494033187627792
vn 0.99420458078384399 -0.098597735166549683 0.042846176773309708
vn 0.91251426935195923 -0.3430306613445282 0.22281748056411743
vn 0.91022896766662598 -0.40528544783592224 0.085011333227157593
vn 0.95720624923706055 -0.27591481804847717 0.087334029376506805
vn 0.9028668999671936 -0.4171772301197052 0.10389659553766251
vn 0.98726809024810791 -0.13977092504501343 0.07593267410993576
vn 0.89047563076019287 -0.41594597697257996 0.18450500071048737
vn -0.94851547479629517 0.30870765447616577 -0.070837303996086121
vn -0.92056870460510254 0.37862223386764526 -0.095908463001251221
vn -0.90924656391143799 0.41266900300979614 -0.054543357342481613
vn -0.91541701555252075 0.37562873959541321 -0.1446194052696228
vn -0.91635340452194214 0.38571652770042419 -0.10732775926589966
vn -0.90493756532669067 0.40959140658378601 -0.11542456597089767
vn -0.84907662868499756 0.52090829610824585 -0.087883077561855316
vn 0.68426889181137085 -0.71881186962127686 0.12282320111989975
vn 0.80749469995498657 -0.56116819381713867 0.18177624046802521
vn 0.7385631799697876 -0.66637724637985229 0.10230253636837006
vn -0.64284837245941162 0.76236414909362793 -0.074477151036262512
vn -0.66849684715270996 0.73998993635177612 -0.07434304803609848
vn -0.54769355058670044 0.8331415057182312 -0.076857082545757294
vn 0.40495854616165161 -0.91330558061599731 0.043376468122005463
vn 0.52006149291992188 -0.8530152440071106 0.043601281940937042
vn 0.35141927003860474 -0.93532741069793701 0.04083004966378212
vn 0.3943035900592804 -0.91652166843414307 0.067176550626754761
vn 0.48396065831184387 -0.86955034732818604 0.098306871950626373
vn 0.20232795178890228 -0.97891908884048462 0.02794262208044529
vn 0.11563617736101151 -0.99317371845245361 0.015304609201848507
vn 0.054754190146923065 -0.99849951267242432 0.0008375028264708817
vn 0.30251404643058777 -0.9499625563621521 0.077822789549827576
vn 0.13754555583000183 -0.99048149585723877 0.0052573760040104389
vn 0.21825075149536133 -0.97436589002609253 0.054568558931350708
vn 0.14729008078575134 -0.98881971836090088 0.023263944312930107
vn 0.31803005933761597 -0.94392943382263184 0.088623665273189545
vn -0.026062905788421631 0.99962806701660156 -0.0080305002629756927
vn -0.059561379253864288 0.99809247255325317 -0.016243170946836472
vn -0.33073157072067261 0.94036728143692017 -0.079536192119121552
vn -0.35248035192489624 0.93159776926040649 -0.08878713846206665
vn -0.03175169974565506 0.9994160532951355 0.012622557580471039
vn -0.03810829296708107 0.99911195039749146 -0.017972685396671295
vn 0.1636483371257782 0.82439142465591431 0.5418468713760376
vn 0.17983593046665192 -0.98158377408981323 0.064438797533512115
vn 0.056351646780967712 -0.99827897548675537 0.016236219555139542
vn 0.33193808794021606 -0.9364159107208252 0.11376432329416275
vn 0.048185758292675018 -0.99857288599014282 0.023028705269098282
vn -0.37460994720458984 0.91169220209121704 -0.16877400875091553
vn -0.26120227575302124 0.93423116207122803 -0.24286924302577972
vn -0.049318421632051468 0.99796825647354126 -0.040336143225431442
vn -0.25859671831130981 0.94960314035415649 -0.17714869976043701
vn -0.074065782129764557 0.9964442253112793 -0.040164012461900711
vn -0.38063889741897583 0.92462563514709473 0.013468969613313675
vn 0.33954069018363953 0.69422578811645508 0.63463586568832397
vn -0.038036812096834183 0.99927371740341187 0.002284924266859889
vn 0.343016117811203 0.0029298400040715933 -0.93932497501373291
vn 0.39788398146629333 0.0011202517198398709 -0.91743505001068115
vn 0.4575364887714386 0.0055959345772862434 -0.88917326927185059
vn -0.038318648934364319 0.99851030111312866 0.038844246417284012
vn -0.015966076403856277 0.99987113475799561 -0.001670042984187603
vn -0.34707379341125488 0.93414866924285889 0.083102807402610779
vn -0.11137302219867706 0.9934006929397583 0.027405982837080956
vn -0.43019601702690125 0.86667698621749878 0.25259131193161011
vn -0.014362901449203491 0.99989473819732666 -0.0020553115755319595
vn -0.38396728038787842 0.9191359281539917 0.088081218302249908
vn -0.054710201919078827 0.99827271699905396 0.021410653367638588
vn 0.0093377921730279922 -0.99995535612106323 0.0014318723697215319
vn 0.11058831214904785 -0.99379438161849976 -0.011954333633184433
vn 0.1277366429567337 -0.99119096994400024 -0.034983761608600616
vn 0.13732969760894775 -0.99048143625259399 -0.009329608641564846
vn 0.18727241456508636 -0.98113131523132324 -0.048066232353448868
vn -0.0165981724858284 0.9998590350151062 0.0025312739890068769
vn -0.36750826239585876 0.92973554134368896 0.023009844124317169
vn -0.32953816652297974 0.94385027885437012 0.023479355499148369
vn 0.0011583493323996663 0.99998515844345093 0.0053263907320797443
vn -0.37257236242294312 0.9272913932800293 0.036338698118925095
vn 0.10383541882038116 -0.9945639967918396 -0.0077882828190922737
vn 0.29155448079109192 -0.9557420015335083 -0.039411220699548721
vn 0.10865121334791183 -0.99337363243103027 -0.03746601939201355
vn 0.29345634579658508 -0.95588701963424683 -0.01278158463537693
vn 0.34032765030860901 -0.94004207849502563 0.022316515445709229
vn 0.43707576394081116 -0.8992113471031189 0.019589781761169434
vn -0.42263033986091614 0.013509736396372318 0.90620148181915283
vn -0.42552891373634338 0.00052672100719064474 0.90494465827941895
vn -0.37639489769935608 0.0037919245660305023 0.92645156383514404
vn 0.55709558725357056 -0.83044111728668213 0.0034701067488640547
vn 0.51068300008773804 -0.85955578088760376 -0.019150763750076294
vn 0.43438959121704102 -0.89852452278137207 0.062923379242420197
vn 0.40425965189933777 -0.91448956727981567 -0.01682191900908947
vn 0.75224590301513672 -0.42968684434890747 -0.49949505925178528
vn 0.38371497392654419 -0.0012285066768527031 -0.923450767993927
vn 0.44368806481361389 -0.0033794096671044827 -0.89617490768432617
vn -0.80819404125213623 0.58734869956970215 0.042940519750118256
vn -0.89143586158752441 0.44956880807876587 0.056833218783140182
vn -0.88589626550674438 0.46094554662704468 0.052124436944723129
vn -0.93746137619018555 0.33377587795257568 0.098791651427745819
vn -0.9784354567527771 0.18109957873821259 0.099332995712757111
vn -0.93368136882781982 0.35202842950820923 0.065689705312252045
vn 0.41151967644691467 -0.0030219000764191151 -0.9113958477973938
vn 0.81660962104797363 -0.11674382537603378 -0.56526070833206177
vn 0.97467410564422607 -0.22032052278518677 -0.038330163806676865
vn -0.96941560506820679 0.19901885092258453 0.14361384510993958
vn -0.98621416091918945 0.14030127227306366 0.087733283638954163
vn -0.93826520442962646 0.31559428572654724 0.1416286826133728
vn 0.93167829513549805 -0.30031359195709229 -0.2044193297624588
vn 0.99280893802642822 -0.11072187870740891 -0.045509509742259979
vn 0.9302251935005188 -0.3465636670589447 -0.12072562426328659
vn 0.56790417432785034 0.0042002070695161819 -0.82308393716812134
vn 0.97900009155273438 -0.17802712321281433 -0.099323555827140808
vn 0.96292334794998169 -0.25794544816017151 -0.079011537134647369
vn -0.99648487567901611 0.02328825369477272 0.080470435321331024
vn -0.95829659700393677 0.16775600612163544 0.23135596513748169
vn -0.99524492025375366 0.079388469457626343 0.056435722857713699
vn 0.99858766794204712 -0.011437592096626759 -0.051882904022932053
vn 0.99887007474899292 -0.033417649567127228 -0.033791687339544296
vn 0.95031780004501343 -0.2308635413646698 -0.20880173146724701
vn 0.92858421802520752 -0.13916127383708954 -0.34404289722442627
vn 0.79400408267974854 0.042134422808885574 -0.60645049810409546
vn 0.99442809820175171 -0.036119814962148666 -0.099035672843456268
vn 0.99979507923126221 0.014469434507191181 -0.014156562276184559
vn 0.99792283773422241 0.02666286937892437 -0.05864342674612999
vn 0.99898606538772583 -0.020696898922324181 -0.039981208741664886
vn -0.0057491045445203781 0.99997574090957642 0.0039357179775834084
vn 0.037352927029132843 0.99925041198730469 0.010165556333959103
vn -0.35690101981163025 0.93295794725418091 0.047022271901369095
vn -0.025998089462518692 0.99963843822479248 0.0068598375655710697
vn 0.40792486071586609 0.40316623449325562 0.81917905807495117
vn 0.14137405157089233 -0.98654007911682129 0.082170762121677399
vn -0.39766466617584229 0.91270798444747925 0.093951575458049774
vn 0.4032556414604187 -0.32002785801887512 0.85730218887329102
vn 0.23408509790897369 -0.96956527233123779 0.071744784712791443
vn 0.037618152797222137 -0.99921828508377075 0.012153019197285175
vn 0.15552592277526855 -0.98782175779342651 -0.0044514136388897896
vn 0.29824259877204895 -0.9543612003326416 -0.01568569615483284
vn 0.35199123620986938 -0.93583375215530396 -0.017814792692661285
vn -0.097248263657093048 0.99524503946304321 0.0054865716956555843
vn -0.035919554531574249 0.99866014719009399 0.037251859903335571
vn -0.36287188529968262 0.93181592226028442 0.0065669771283864975
vn 0.21531170606613159 0.58931869268417358 0.77868115901947021
vn 0.055390089750289917 -0.082578293979167938 0.99504411220550537
vn 0.37872248888015747 -0.77437859773635864 0.50685995817184448
vn -0.41415497660636902 0.91004800796508789 0.016979537904262543
vn -0.23551285266876221 0.97175318002700806 0.015149683691561222
vn -0.16548283398151398 0.98618680238723755 0.0071449815295636654
vn 0.37809336185455322 -0.92571091651916504 0.010230676271021366
vn 0.25137054920196533 -0.96783101558685303 -0.010768148116767406
vn 0.26758801937103271 0.77493017911911011 0.57260799407958984
vn 0.67972958087921143 -0.73223698139190674 -0.042387496680021286
vn 0.36960595846176147 -0.078380152583122253 0.92587685585021973
vn 0.58582127094268799 -0.8100702166557312 -0.024489037692546844
vn -0.76020437479019165 0.6477435827255249 0.050174742937088013
vn -0.6265682578086853 0.77880364656448364 0.029615664854645729
vn -0.69296836853027344 0.71531915664672852 0.090074032545089722
vn 0.54658877849578857 -0.44948950409889221 0.70654076337814331
vn -0.012774938717484474 0.6831810474395752 0.73013728857040405
vn 0.45478901267051697 -0.89051824808120728 0.012008259072899818
vn -0.88710224628448486 0.44323873519897461 0.12879844009876251
vn -0.91864484548568726 0.33851814270019531 0.20370854437351227
vn 0.63064771890640259 -0.11811228841543198 0.76702862977981567
vn 0.93306088447570801 -0.35515192151069641 -0.057135608047246933
vn -0.81165260076522827 0.16999390721321106 0.55885785818099976
vn -0.97360074520111084 0.17524982988834381 0.14625009894371033
vn -0.95784693956375122 0.228721022605896 0.17382733523845673
vn -0.99749261140823364 0.016835903748869896 0.068739227950572968
vn -0.97377860546112061 0.12196583300828934 0.19204053282737732
vn 0.9566042423248291 -0.2573530375957489 -0.13666673004627228
vn -0.092605993151664734 -0.023560060188174248 0.99542403221130371
vn -0.99913591146469116 0.026696529239416122 0.031854230910539627
vn -0.92362105846405029 0.27781298756599426 0.26409098505973816
vn 0.94979357719421387 -0.27310273051261902 -0.1526666134595871
vn 0.99987459182739258 -0.0036890152841806412 -0.015401698648929596
vn 0.99789983034133911 -0.045550782233476639 0.046054977923631668
vn -0.92894071340560913 0.23717579245567322 0.28428292274475098
vn -0.86945885419845581 0.19811217486858368 0.45254045724868774
vn -0.979267418384552 0.0025916427839547396 0.20255514979362488
vn -0.96160638332366943 -0.067742437124252319 0.26594001054763794
vn -0.91807878017425537 -0.0047612749040126801 0.39636936783790588
vn 0.33255892992019653 -0.00064218038460239768 -0.94308227300643921
vn 0.35268193483352661 0.00057484768331050873 -0.93574309349060059
vn 0.38625535368919373 0.0015677070477977395 -0.92239058017730713
vn 0.17589865624904633 0.8571736216545105 -0.48405894637107849
vn 0.43594953417778015 0.0039766491390764713 -0.89996230602264404
vn -0.00084509048610925674 -0.99981212615966797 0.019364597275853157
vn 0.080727100372314453 -0.97803819179534912 0.19215720891952515
vn -0.0034372389782220125 -0.9990769624710083 0.042817875742912292
vn 0.0069556534290313721 0.99982792139053345 -0.017197441309690475
vn 0.0090308189392089844 0.98712432384490967 -0.1596997082233429
vn 0.4089488685131073 -0.0038115705829113722 -0.91254931688308716
vn 0.019796527922153473 0.99893057346343994 -0.041783157736063004
vn 0.013805324211716652 0.99981874227523804 -0.013111098669469357
vn 0.064712956547737122 0.9938042163848877 -0.090362548828125
vn -0.06648949533700943 -0.98696613311767578 0.14655014872550964
vn 0.0010998870711773634 -0.99977076053619385 0.02138315886259079
vn -0.017176847904920578 -0.99156612157821655 0.12845844030380249
vn -0.22331775724887848 -0.91624248027801514 0.33260929584503174
vn 0.014723078347742558 -0.99974542856216431 -0.017096398398280144
vn 0.23760445415973663 0.90494179725646973 -0.35302197933197021
vn 0.2538798451423645 0.95103079080581665 -0.17631079256534576
vn 0.015818342566490173 0.99964457750320435 -0.021460087969899178
vn -0.055713582783937454 -0.99770265817642212 0.038541287183761597
vn -0.37133419513702393 -0.90430366992950439 0.21058425307273865
vn -0.12602445483207703 -0.98611277341842651 0.10816366970539093
vn -0.087604552507400513 -0.98919332027435303 0.1175672635436058
vn 0.43947058916091919 -0.0018614688888192177 -0.89825505018234253
vn 0.1808183491230011 0.97488147020339966 -0.13004176318645477
vn 0.41319051384925842 0.0071247825399041176 -0.91061675548553467
vn -0.040918294340372086 -0.99822980165481567 0.043161321431398392
vn -0.28642433881759644 -0.92586231231689453 0.24645507335662842
vn -0.027114365249872208 -0.99919998645782471 0.029398132115602493
vn 0.21303141117095947 0.96840387582778931 -0.12965932488441467
vn 0.28108367323875427 0.91498422622680664 -0.28947517275810242
vn -0.034128833562135696 -0.99891132116317749 0.031802445650100708
vn -0.013964747078716755 -0.99895435571670532 0.043533526360988617
vn -0.14218650758266449 -0.97266292572021484 0.18360237777233124
vn -0.24271133542060852 -0.95790660381317139 0.15331722795963287
vn -0.37803739309310913 -0.64653950929641724 0.66262686252593994
vn -0.099954664707183838 -0.99457436800003052 0.028824595734477043
vn -0.083043761551380157 -0.99403101205825806 0.070753835141658783
vn -0.25398486852645874 -0.95740979909896851 0.13732509315013885
vn -0.30178403854370117 -0.93318510055541992 0.19517163932323456
vn -0.20223526656627655 -0.97195976972579956 0.11997951567173004
vn 0.43265736103057861 -0.0030749016441404819 -0.90155321359634399
vn 0.39081093668937683 -0.0020929225720465183 -0.92046856880187988
vn 0.43339231610298157 0.0048652375116944313 -0.90119224786758423
vn -0.32891741394996643 -0.93808078765869141 0.10870965570211411
vn -0.10587973892688751 -0.99327957630157471 0.046745344996452332
vn -0.31675192713737488 -0.93577909469604492 0.15487317740917206
vn 0.42743289470672607 0.89808785915374756 -0.1036306619644165
vn 0.44034156203269958 0.88655298948287964 -0.14185585081577301
vn 0.33164927363395691 0.93856978416442871 -0.095370575785636902
vn -0.51327532529830933 -0.85123497247695923 0.10930424928665161
vn -0.58118760585784912 -0.80711674690246582 0.10384376347064972
vn -0.39753609895706177 -0.91160553693771362 0.10459630191326141
vn 0.40885272622108459 0.0014134555822238326 -0.91259926557540894
vn 0.71876329183578491 0.55859923362731934 -0.41393989324569702
vn 0.79351115226745605 0.36758026480674744 -0.48499977588653564
vn 0.45742493867874146 0.0015165050281211734 -0.88924694061279297
vn -0.66962385177612305 -0.73560869693756104 0.10239005833864212
vn -0.72262835502624512 -0.68183737993240356 0.11360464990139008
vn -0.83173465728759766 -0.54620081186294556 0.099408917129039764
vn -0.5441473126411438 -0.83459687232971191 0.085742197930812836
vn -0.41741901636123657 -0.0058490727096796036 0.9086952805519104
vn -0.36814332008361816 -0.00036585680209100246 0.92976897954940796
vn -0.44732162356376648 0.010162999853491783 0.89431542158126831
vn 0.40636536478996277 6.8858251324854791E-05 -0.91371065378189087
vn 0.99538630247116089 0.070890083909034729 -0.064658023416996002
vn 0.90906119346618652 0.38611546158790588 -0.15659692883491516
vn 0.89263629913330078 0.45074278116226196 -0.0056019616313278675
vn 0.98046797513961792 0.18996444344520569 -0.050951872020959854
vn -0.93145978450775146 -0.34164899587631226 0.12513430416584015
vn -0.90661263465881348 -0.40414494276046753 0.12132766097784042
vn -0.9514920711517334 -0.28194257616996765 0.1231713742017746
vn -0.9178658127784729 -0.38017460703849792 0.11397185176610947
vn -0.87681293487548828 -0.46775618195533752 0.11136983335018158
vn 0.96822100877761841 0.14493532478809357 -0.20381809771060944
vn 0.99812877178192139 0.022641217336058617 -0.056801125407218933
vn 0.93002820014953613 0.086009226739406586 -0.35728132724761963
vn 0.32267573475837708 -0.89730435609817505 0.30120635032653809
vn 0.054635368287563324 -0.99596518278121948 0.071191832423210144
vn 0.063877396285533905 -0.99634861946105957 0.056649178266525269
vn -0.035511262714862823 0.9156450629234314 -0.40041613578796387
vn 0.0045755933970212936 0.99992161989212036 -0.011652716435492039
vn 0.096819616854190826 0.98087233304977417 -0.16886524856090546
vn 0.0092685874551534653 0.99794822931289673 -0.063351832330226898
vn 0.25911074876785278 -0.74745327234268188 0.61169862747192383
vn 0.031515512615442276 -0.99410688877105713 0.10372192412614822
vn 0.04505089670419693 -0.99681305885314941 0.065834552049636841
vn 0.32380923628807068 0.88075536489486694 0.34556841850280762
vn 0.23105426132678986 0.012542463839054108 0.97286003828048706
vn 0.030493447557091713 0.99953442811965942 -0.0010517972987145185
vn 0.13206622004508972 0.98816579580307007 -0.078018449246883392
vn 0.080916039645671844 -0.98375070095062256 0.16027194261550903
vn -0.049916137009859085 -0.99859881401062012 0.017573108896613121
vn 0.039206493645906448 -0.9285883903503418 0.36903443932533264
vn -0.061603296548128128 -0.99752885103225708 0.033781625330448151
vn -0.3552471399307251 -0.91999650001525879 0.16554731130599976
vn -0.11464086920022964 -0.99197161197662354 0.053383871912956238
vn -0.069811180233955383 -0.98159104585647583 0.17777919769287109
vn -0.074086427688598633 -0.99651241302490234 0.038395017385482788
vn -0.18854328989982605 -0.97500187158584595 0.11757045984268188
vn 0.080180630087852478 0.99308884143829346 -0.085706450045108795
vn 0.095681942999362946 0.99539089202880859 -0.0064805028960108757
vn 0.0875278040766716 0.99537491798400879 -0.039593540132045746
vn 0.31748765707015991 -0.57131356000900269 0.75683712959289551
vn -0.022466864436864853 -0.99960786104202271 0.016713522374629974
vn 0.3057614266872406 0.93234068155288696 -0.19300459325313568
vn 0.26094511151313782 0.7333109974861145 0.62782371044158936
vn -0.29440125823020935 -0.95056641101837158 0.098749063909053802
vn -0.35588541626930237 -0.92552626132965088 0.12940914928913116
vn -0.48885950446128845 -0.86006683111190796 0.1459500789642334
vn -0.68137174844741821 -0.7239956259727478 0.10753093659877777
vn -0.81359565258026123 -0.56995218992233276 0.11496365070343018
vn -0.72448265552520752 -0.67292618751525879 0.14931587874889374
vn 0.5612679123878479 0.82186025381088257 -0.097591035068035126
vn 0.60418248176574707 0.78752815723419189 -0.12150266766548157
vn 0.40939339995384216 0.90566360950469971 -0.11031981557607651
vn 0.39979633688926697 0.042798370122909546 0.91560429334640503
vn -0.85444021224975586 -0.48605567216873169 0.18352609872817993
vn -0.91413044929504395 -0.36188656091690063 0.18276655673980713
vn -0.24123686552047729 -0.49109742045402527 0.83703529834747314
vn -0.79571205377578735 -0.57600253820419312 0.18725225329399109
vn -0.99737429618835449 -0.045685052871704102 0.056190568953752518
vn -0.95166844129562378 -0.10820169746875763 0.28743627667427063
vn -0.98773431777954102 0.024442607536911964 0.15421874821186066
vn 0.99770957231521606 0.065657183527946472 -0.016269795596599579
vn 0.9425235390663147 0.100352443754673 -0.31871423125267029
vn 0.89949792623519897 0.25560370087623596 -0.35435891151428223
vn -0.93025410175323486 -0.29414808750152588 0.21932677924633026
vn -0.99761921167373657 -0.037626449018716812 0.057794544845819473
vn -0.98090308904647827 -0.09286799281835556 0.17089368402957916
vn -0.94279211759567261 -0.23285387456417084 0.23858356475830078
vn -0.96176695823669434 -0.195903480052948 0.19137956202030182
vn -0.92719221115112305 -0.30345994234085083 0.21960565447807312
vn -0.95950299501419067 -0.25862893462181091 0.11164731532335281
vn -0.92666643857955933 -0.3083779513835907 0.214924156665802
vn 0.59819096326828003 -0.029310788959264755 0.80081737041473389
vn -0.90679937601089478 -0.41432556509971619 -0.077776804566383362
vn 0.93221801519393921 0.35058224201202393 0.089786484837532043
vn 0.96025407314300537 0.27482539415359497 0.048817042261362076
vn -0.87087059020996094 -0.12082257121801376 -0.47643083333969116
vn -0.92326843738555908 -0.36589804291725159 -0.11702154576778412
vn -0.96551132202148438 -0.24986031651496887 -0.073196500539779663
vn -0.99822080135345459 -0.05824323371052742 -0.012763412669301033
vn 0.88937652111053467 0.45000535249710083 0.080650828778743744
vn 0.9967615008354187 0.078692935407161713 0.016549162566661835
vn 0.99959135055541992 0.028580931946635246 0.00053374626440927386
vn 0.99413388967514038 0.10353221744298935 0.031286422163248062
vn 0.99910694360733032 0.03989628329873085 0.013913814909756184
vn 0.9854893684387207 0.16252924501895905 0.04893869161605835
vn -0.89939576387405396 -0.42180311679840088 -0.1147577092051506
vn -0.87218987941741943 -0.039859864860773087 -0.48754078149795532
vn -0.9990084171295166 -0.035695344209671021 0.026607878506183624
vn 0.91915357112884521 0.38653069734573364 0.07583349198102951
vn 0.99176895618438721 0.12394974380731583 0.032105404883623123
vn 0.88127267360687256 0.45452886819839478 0.12946812808513641
vn 0.70124918222427368 -0.0030029569752514362 0.71290993690490723
vn 0.99902689456939697 0.0060410820879042149 0.043690130114555359
vn -0.9996374249458313 -0.025499984622001648 -0.0086454497650265694
vn -0.98887026309967041 -0.12547934055328369 -0.079940490424633026
vn -0.99838435649871826 -0.056815672665834427 -0.00082381523679941893
vn -0.99232941865921021 -0.11263395100831985 -0.050949797034263611
vn 0.99986785650253296 0.01544210035353899 0.005078478716313839
vn 0.99526762962341309 0.045190516859292984 0.086023963987827301
vn 0.91398268938064575 0.28559732437133789 0.28821840882301331
vn 0.99758660793304443 0.054917681962251663 0.042485654354095459
vn -0.99939876794815063 -0.00034453722764737904 -0.034668911248445511
vn 0.79549562931060791 0.010942454449832439 0.60586053133010864
vn 0.99740207195281982 0.0065824952907860279 0.071733966469764709
vn 0.93237769603729248 0.24215948581695557 0.2683851420879364
vn 0.71559715270996094 -0.0046143112704157829 0.6984979510307312
vn -0.99962306022644043 0.0093828346580266953 0.02580026350915432
vn -0.99942630529403687 0.0013013413408771157 -0.033842679113149643
vn -0.99965178966522217 -0.019599262624979019 -0.0176693145185709
vn -0.98950749635696411 -0.11886536329984665 -0.082133777439594269
vn -0.99674057960510254 -0.016372442245483398 -0.078994683921337128
vn -0.99900507926940918 -0.035496994853019714 -0.026996998116374016
vn -0.89710801839828491 -0.24908369779586792 -0.36490342020988464
vn 0.99949049949645996 0.0053973016329109669 0.031457237899303436
vn -0.963187575340271 -0.16229347884654999 -0.21431411802768707
vn -0.96510964632034302 0.12001504749059677 -0.23272256553173065
vn -0.99936467409133911 0.025442391633987427 -0.024958718568086624
vn 0.99886107444763184 0.041364863514900208 0.023779410868883133
vn -0.96410852670669556 -0.012531504966318607 -0.26521256566047668
vn -0.98585373163223267 0.047991868108510971 -0.16059017181396484
vn 0.9979701042175293 -0.0057395529001951218 0.063425302505493164
vn -0.79554927349090576 -0.605887770652771 -0.0011658162111416459
vn -0.90038776397705078 -0.43462815880775452 -0.020006963983178139
vn -0.67873513698577881 -0.73435330390930176 0.006619566585868597
vn 0.82040411233901978 0.22432705760002136 0.52594149112701416
vn 0.80221867561340332 0.59613996744155884 0.032593514770269394
vn 0.57773292064666748 0.12148083001375198 0.80713510513305664
vn 0.8843836784362793 0.46466213464736938 0.044210426509380341
vn 0.8762819766998291 0.47929674386978149 0.04903600737452507
vn 0.83040118217468262 0.55634981393814087 0.030145248398184776
vn -0.74590778350830078 -0.66472208499908447 -0.042025107890367508
vn -0.67755740880966187 -0.73486322164535522 -0.029865844175219536
vn -0.51709187030792236 -0.85483497381210327 -0.043279688805341721
vn 0.80154675245285034 0.59558606147766113 0.052915140986442566
vn 0.73168957233428955 0.67938590049743652 0.055364266037940979
vn 0.69259601831436157 0.72040313482284546 0.036470990628004074
vn 0.41534063220024109 -0.092906132340431213 0.90490919351577759
vn 0.94902932643890381 0.30473527312278748 0.080497018992900848
vn -0.92231291532516479 -0.38330388069152832 -0.049163509160280228
vn 0.88673466444015503 0.45686018466949463 0.070572182536125183
vn 0.91245198249816895 0.40593042969703674 0.051496770232915878
vn -0.66355317831039429 0.00011885961430380121 -0.74812912940979004
vn 0.27797487378120422 -0.14019706845283508 0.95030242204666138
vn 0.9850693941116333 0.16875289380550385 0.034070279449224472
vn -0.56781810522079468 -0.82261383533477783 -0.029816765338182449
vn -0.43980810046195984 -0.89808851480484009 0.0024302683304995298
vn 0.65460419654846191 0.7552947998046875 0.031986836344003677
vn 0.55557554960250854 0.83080393075942993 0.033175058662891388
vn 0.51663750410079956 0.85555291175842285 0.033389277756214142
vn -0.54039120674133301 -0.84038692712783813 -0.041559621691703796
vn 0.415265291929245 0.90926772356033325 0.028051601722836494
vn -0.46210014820098877 -0.886272132396698 -0.031387433409690857
vn 0.43268013000488281 0.90079116821289062 0.036921370774507523
vn -0.65157085657119751 -0.75689035654067993 -0.050719287246465683
vn -0.38156047463417053 -0.92332863807678223 -0.043310381472110748
vn 0.59237974882125854 0.53484970331192017 0.60251307487487793
vn -0.46161705255508423 -0.0026209827046841383 -0.88707542419433594
vn 0.047229386866092682 -0.46670094132423401 0.88315320014953613
vn 0.2592586874961853 0.96524173021316528 0.033065740019083023
vn 0.23695097863674164 0.35305377840995789 0.90510070323944092
vn -0.30885350704193115 -0.95084530115127563 -0.022422404959797859
vn -0.34900486469268799 -0.93700170516967773 -0.014945191331207752
vn -0.34380432963371277 -0.93878483772277832 -0.021945316344499588
vn 0.21619129180908203 0.97620552778244019 0.016855282709002495
vn 0.43598079681396484 0.89935946464538574 0.032761793583631516
vn 0.41403746604919434 0.90967988967895508 0.03248874843120575
vn -0.381602942943573 -0.9237598180770874 -0.032357729971408844
vn 0.12762708961963654 0.99178570508956909 0.0085101407021284103
vn -0.28347960114479065 0.0030970708467066288 -0.95897328853607178
vn -0.21595913171768188 -0.79490202665328979 -0.56700301170349121
vn 0.40180513262748718 0.91401928663253784 0.055869702249765396
vn -0.078243888914585114 -0.99688667058944702 0.0097401952371001244
vn 0.083407089114189148 0.99621593952178955 0.024433890357613564
vn 0.30741876363754272 0.94845062494277954 0.077039584517478943
vn -0.2196165919303894 -0.97515249252319336 -0.029089467599987984
vn 0.1814524382352829 0.98301899433135986 0.027361541986465454
vn 0.055632919073104858 0.99845105409622192 0.00064156582811847329
vn 0.40635946393013 0.91274774074554443 0.041994418948888779
vn 0.019205432385206223 0.99979805946350098 -0.0059125660918653011
vn -0.11114365607500076 0.0047088866122066975 -0.99379318952560425
vn -0.23973260819911957 -0.97011154890060425 -0.037574142217636108
vn -0.22989726066589355 -0.97199970483779907 -0.048618696630001068
vn 0.011848366819322109 0.99981844425201416 0.014923578128218651
vn 0.040567468851804733 0.99913161993026733 0.0094988113269209862
vn 0.2616426944732666 0.96406084299087524 0.046149294823408127
vn -0.049982178956270218 0.99874609708786011 -0.0028343512676656246
vn -0.0096248378977179527 0.99995315074920654 0.0010520054493099451
vn 0.27689030766487122 0.9604034423828125 0.030935697257518768
vn -0.022308019921183586 -0.99974608421325684 -0.0031842859461903572
vn -0.03023042343556881 -0.99953514337539673 -0.0039509283378720284
vn -0.07776816189289093 -0.99693924188613892 -0.0080196252092719078
vn -0.13670486211776733 0.66616737842559814 0.73316627740859985
vn 0.025896795094013214 0.99946314096450806 0.020069483667612076
vn 0.21008987724781036 -0.041275773197412491 -0.97681039571762085
vn 0.096210211515426636 -0.74849790334701538 -0.65612077713012695
vn 0.0028937768656760454 -0.99999183416366577 0.0028115978930145502
vn 0.16521036624908447 0.98485207557678223 0.052649438381195068
vn -0.31253862380981445 -0.94790500402450562 -0.061609726399183273
vn 0.04160686582326889 0.99910247325897217 0.007940925657749176
vn 0.061712581664323807 0.99777179956436157 0.025356831029057503
vn -0.060865525156259537 -0.99794906377792358 -0.019826076924800873
vn -0.04631781205534935 -0.99890565872192383 -0.00649641128256917
vn 0.15912215411663055 0.98602455854415894 0.049352489411830902
vn 0.23560306429862976 0.00099296809639781713 -0.97184884548187256
vn 0.17977255582809448 0.0012715249322354794 -0.98370736837387085
vn 0.27948418259620667 -0.010485650040209293 -0.96009302139282227
vn -0.0080842841416597366 -0.99968463182449341 -0.02377559058368206
vn 0.37579485774040222 -0.0014201070880517364 -0.92670178413391113
vn -0.027436017990112305 -0.99954748153686523 -0.01233255211263895
vn 0.028761444613337517 0.99820792675018311 0.052475430071353912
vn 0.0094419727101922035 0.99985736608505249 0.01400152500718832
vn 0.24685977399349213 0.0019151209853589535 -0.96904933452606201
vn 0.33680051565170288 -0.001334768021479249 -0.94157510995864868
vn 0.027591120451688766 0.99917793273925781 0.029701860621571541
vn -0.22834219038486481 0.74085164070129395 0.63166344165802002
vn -0.067933551967144012 0.79590451717376709 0.60159873962402344
vn -0.2874394953250885 0.018426483497023582 0.95762151479721069
vn 0.26760974526405334 0.89596295356750488 0.35445088148117065
vn -0.35789406299591064 -0.90973907709121704 -0.21044401824474335
vn -0.094260670244693756 -0.99532973766326904 -0.02082386426627636
vn -0.3638463020324707 -0.92590206861495972 -0.10159331560134888
vn -0.033245328813791275 -0.99938279390335083 -0.011346339248120785
vn 0.0097584519535303116 -0.99994784593582153 -0.0030209273099899292
vn -0.0088481158018112183 -0.99922305345535278 -0.038405347615480423
vn -0.37686413526535034 -0.00027700720238499343 0.92626851797103882
vn 0.17383092641830444 -0.019035585224628448 0.98459154367446899
vn -0.29041856527328491 -0.0013313036179170012 0.95689880847930908
vn 0.30906262993812561 0.00052826368482783437 -0.95104151964187622
vn 0.47042885422706604 0.0035262652672827244 -0.88243091106414795
vn 0.32228374481201172 -0.69569867849349976 -0.64197862148284912
vn -0.40007379651069641 -0.00044576625805348158 0.91648280620574951
vn -0.45514333248138428 0.011148978024721146 0.89034837484359741
vn -0.22356198728084564 0.83777737617492676 0.49814566969871521
vn 0.014107691124081612 0.99934524297714233 0.033318333327770233
vn -0.076043426990509033 0.92871344089508057 0.3629169762134552
vn -0.90774691104888916 -0.39901119470596313 -0.1295592188835144
vn 0.9823458194732666 0.16541023552417755 0.087384738028049469
vn 0.95175373554229736 0.26676037907600403 0.15166987478733063
vn 0.93012136220932007 0.33343508839607239 0.15393270552158356
vn 0.29892930388450623 -0.050630521029233932 0.95293116569519043
vn -0.99453216791152954 -0.067129962146282196 -0.079996079206466675
vn 0.29865750670433044 0.080457635223865509 0.95096278190612793
vn 0.88591080904006958 0.33920854330062866 0.3163851797580719
vn -0.99976015090942383 -0.012260242365300655 -0.018147371709346771
vn -0.98712658882141113 -0.12446601688861847 -0.10044567286968231
vn 0.99958980083465576 0.019518017768859863 0.020957740023732185
vn 0.98928821086883545 0.11628050357103348 0.088247738778591156
vn 0.88748443126678467 0.36192509531974792 0.2852746844291687
vn 0.95182245969772339 0.20913954079151154 0.22426477074623108
vn 0.99839586019515991 0.040670011192560196 0.039390694350004196
vn 0.90376466512680054 0.14919213950634003 0.40118718147277832
vn 0.94529604911804199 0.18929576873779297 0.26567372679710388
vn 0.92868369817733765 0.20725290477275848 0.30755949020385742
vn 0.99512916803359985 0.062456987798213959 0.07626999169588089
vn 0.91550725698471069 0.25055304169654846 0.31475332379341125
vn -0.97307169437408447 -0.079820938408374786 -0.21624073386192322
vn 0.99844688177108765 0.011594534851610661 0.054491903632879257
vn 0.99898827075958252 0.037308003753423691 0.025109650567173958
vn -0.94339555501937866 -0.15468624234199524 -0.2933887243270874
vn -0.97143590450286865 -0.1461818516254425 -0.18693098425865173
vn -0.93419235944747925 -0.19845660030841827 -0.29647865891456604
vn -0.99479383230209351 -0.031327053904533386 -0.096973538398742676
vn -0.99174022674560547 -0.099742211401462555 -0.080640122294425964
vn 0.011525359936058521 -0.26414930820465088 0.96441292762756348
vn -0.80100721120834351 0.08945387601852417 0.59193366765975952
vn 0.98990368843078613 0.035251963883638382 0.13728779554367065
vn 0.99896025657653809 0.017607567831873894 0.042052801698446274
vn 0.93323600292205811 0.099153131246566772 0.34531036019325256
vn -0.92479503154754639 -0.088763631880283356 -0.36996641755104065
vn -0.9986191987991333 0.0088498219847679138 -0.051782380789518356
vn 0.90728074312210083 0.059338454157114029 0.41631796956062317
vn 0.96082389354705811 -0.032890871167182922 0.27520102262496948
vn 0.98595362901687622 0.070266000926494598 0.15151931345462799
vn 0.99817818403244019 -0.0065440707840025425 0.059978708624839783
vn -0.93802070617675781 -0.058433134108781815 -0.3416178822517395
vn -0.98520088195800781 0.057580124586820602 -0.16144256293773651
vn -0.98243814706802368 -0.072870008647441864 -0.17177093029022217
vn -0.99999594688415527 0.0026608677580952644 -0.0010072984732687473
vn -0.99655377864837646 -0.0036004588473588228 -0.082870751619338989
vn -0.93346917629241943 0.072545833885669708 -0.35124406218528748
vn 0.97288346290588379 -0.048942945897579193 0.22605837881565094
vn 0.99976766109466553 -0.0010818765731528401 0.021527936682105064
vn 0.984139084815979 0.049425516277551651 0.17037424445152283
vn -0.99949437379837036 0.0028664690908044577 -0.031667377799749374
vn -0.98424386978149414 -0.021149713546037674 -0.17554676532745361
vn -0.94511115550994873 0.049851365387439728 -0.32292380928993225
vn 0.91662776470184326 -0.1111438199877739 0.38397997617721558
vn 0.99628943204879761 0.013044930063188076 0.085072025656700134
vn 0.99997454881668091 -0.0068133538588881493 0.0021119439043104649
vn 0.88789916038513184 0.44345104694366455 0.12241814285516739
vn 0.84406584501266479 0.52657216787338257 0.10136362165212631
vn 0.89501667022705078 0.42940783500671387 0.12064022570848465
vn -0.83742272853851318 -0.53477156162261963 -0.11288262158632278
vn -0.80492407083511353 -0.58678150177001953 -0.088231094181537628
vn -0.75371861457824707 -0.65119737386703491 -0.088601313531398773
vn -0.83703547716140747 -0.5466035008430481 -0.02441783994436264
vn -0.72042292356491089 -0.68855965137481689 -0.082923948764801025
vn 0.79398971796035767 0.59256231784820557 0.13583160936832428
vn 0.887795090675354 0.42456179857254028 0.17767147719860077
vn 0.70144850015640259 0.70182472467422485 0.12414520233869553
vn 0.44564706087112427 0.13339747488498688 0.88521397113800049
vn -0.15334075689315796 -0.38967028260231018 0.90809893608093262
vn 0.901680588722229 0.41417232155799866 0.12423126399517059
vn 0.88031274080276489 0.46579334139823914 0.089922212064266205
vn 0.98919099569320679 0.13448196649551392 0.05844472348690033
vn 0.93069547414779663 0.33942881226539612 0.13635997474193573
vn 0.99940121173858643 0.031765125691890717 0.013718351721763611
vn 0.99133771657943726 0.12550805509090424 0.038694210350513458
vn 0.94152027368545532 0.30579671263694763 0.14152032136917114
vn -0.90386980772018433 -0.36932942271232605 -0.21590548753738403
vn 0.99989432096481323 0.012109225615859032 0.0080448649823665619
vn -0.99981755018234253 -0.017817093059420586 -0.0068840975873172283
vn -0.99838542938232422 -0.043811801820993423 -0.036152523010969162
vn 0.89831942319869995 0.4020591676235199 0.17711769044399261
vn -0.98928040266036987 -0.11136452108621597 -0.094457313418388367
vn 0.91069120168685913 0.36922019720077515 0.18525099754333496
vn 0.99573361873626709 0.084821954369544983 0.036328338086605072
vn 0.99933397769927979 0.033115439116954803 0.015329374931752682
vn -0.998832106590271 -0.020958719775080681 -0.043533816933631897
vn 0.99891972541809082 0.033388547599315643 0.032319884747266769
vn 0.92564797401428223 0.27195209264755249 0.26309287548065186
vn -0.99852597713470459 -0.015075377188622952 -0.052140500396490097
vn 0.99909359216690063 0.034482955932617188 0.024959545582532883
vn -0.92097431421279907 -0.29996243119239807 -0.24865397810935974
vn 0.99032366275787354 0.017152944579720497 0.13771289587020874
vn 0.90524089336395264 0.12205018848180771 0.40699222683906555
vn -0.99770009517669678 -0.03600628674030304 -0.057428944855928421
vn 0.99873602390289307 -0.026543863117694855 0.04268212616443634
vn 0.99765944480895996 -0.0099444035440683365 0.067651741206645966
vn -0.98826694488525391 -0.061872761696577072 -0.13964302837848663
vn 0.99904483556747437 -0.00031091232085600495 0.043696135282516479
vn 0.99846535921096802 0.04140709713101387 0.036774307489395142
vn 0.97182124853134155 -0.073916874825954437 0.22382962703704834
vn 0.98482567071914673 -0.028770735487341881 0.1711452305316925
vn 0.99980056285858154 -0.0039701648056507111 0.019571511074900627
vn -0.63205438852310181 -0.77157264947891235 -0.071992076933383942
vn -0.50125938653945923 -0.86344045400619507 -0.056653577834367752
vn 0.26490750908851624 -0.07900625467300415 0.96103173494338989
vn -0.37106889486312866 -0.89421957731246948 0.25035810470581055
vn -0.5630308985710144 -0.82267075777053833 -0.07879716157913208
vn 0.41241633892059326 0.90659475326538086 0.089435689151287079
vn 0.51926505565643311 0.84811240434646606 0.10521018505096436
vn -0.88182985782623291 -0.46468713879585266 -0.080261886119842529
vn 0.61495429277420044 0.78683668375015259 0.052146196365356445
vn 0.7488173246383667 0.65955561399459839 0.065260849893093109
vn 0.64372456073760986 0.76123988628387451 0.078310616314411163
vn 0.81566816568374634 0.57187098264694214 0.08745855838060379
vn 0.42656886577606201 0.90380603075027466 0.034259319305419922
vn 0.42948734760284424 0.90209949016571045 0.041917726397514343
vn -0.38851404190063477 -0.9214290976524353 -0.0050254184752702713
vn -0.36281377077102661 -0.93160361051559448 -0.021929966285824776
vn -0.27632910013198853 -0.96100211143493652 0.010826412588357925
vn -0.14316286146640778 -0.98963266611099243 -0.011470096185803413
vn -0.16387759149074554 -0.98622548580169678 -0.022436585277318954
vn 0.33091476559638977 0.94145065546035767 0.064545631408691406
vn 0.14898909628391266 0.98872077465057373 0.015281793661415577
vn 0.059019602835178375 0.99822938442230225 0.0074010435491800308
vn 0.37120768427848816 0.92456954717636108 0.085883349180221558
vn -0.0074403518810868263 -0.99992698431015015 0.0095199206843972206
vn -0.30075976252555847 -0.95247632265090942 -0.048294719308614731
vn -0.30816027522087097 -0.95071232318878174 -0.034399271011352539
vn -0.36342653632164001 -0.93137836456298828 -0.021341206505894661
vn 0.39818114042282104 -0.5592200756072998 0.72713452577590942
vn 0.19792404770851135 0.38413769006729126 0.90181165933609009
vn 0.011593850329518318 0.99992591142654419 0.003712792880833149
vn -0.089510545134544373 -0.99581009149551392 -0.018712740391492844
vn -0.021305901929736137 -0.99977302551269531 -2.287382994836662E-05
vn 0.10437779128551483 0.99447184801101685 0.011444658041000366
vn -0.11902324110269547 -0.99268358945846558 -0.020317124202847481
vn -0.31131178140640259 -0.94893580675125122 -0.051047436892986298
vn -0.24514196813106537 -0.96948719024658203 0.00012362690176814795
vn 0.034651655703783035 -0.99779695272445679 0.056572988629341125
vn -0.0062555004842579365 -0.9999803900718689 -0.00025371217634528875
vn -0.11137855052947998 -0.99358373880386353 -0.019652500748634338
vn -0.042078524827957153 -0.99908566474914551 -0.0075615560635924339
vn -0.020656349137425423 -0.99978536367416382 0.0015997587470337749
vn 0.024568792432546616 0.9996599555015564 0.0087392916902899742
vn 0.034986969083547592 0.99937677383422852 0.0046885120682418346
vn 0.044546879827976227 0.99896961450576782 0.0086748916655778885
vn 0.17933753132820129 -0.84525167942047119 0.503376305103302
vn 0.3308006227016449 0.66021865606307983 0.67430126667022705
vn 0.047645300626754761 0.99879413843154907 0.011840204708278179
vn 0.056013472378253937 0.99835377931594849 0.012335978448390961
vn 0.33157134056091309 0.94154602289199829 0.059594374150037766
vn 0.051893617957830429 0.998465895652771 0.019312351942062378
vn 0.40620028972625732 0.90936249494552612 0.089783936738967896
vn -0.0051977289840579033 -0.99998050928115845 -0.0034587583504617214
vn -0.018127040937542915 -0.99367070198059082 0.11085997521877289
vn 0.36198699474334717 0.9151189923286438 0.17754609882831573
vn -0.044196739792823792 -0.99898868799209595 -0.0082634510472416878
vn 0.035993639379739761 0.99774312973022461 0.056684140115976334
vn -0.033266838639974594 -0.99611163139343262 -0.081577450037002563
vn -0.0078560765832662582 -0.99995756149291992 -0.0048083006404340267
vn 0.13186299800872803 -0.77931612730026245 0.61259979009628296
vn 0.056050814688205719 -0.99065017700195312 0.12438042461872101
vn 0.99781209230422974 -0.029386527836322784 0.059223882853984833
vn 0.99958223104476929 -0.022802196443080902 0.017760736867785454
vn -0.99951851367950439 0.026843706145882607 -0.015559687279164791
vn -0.99981999397277832 0.011903666891157627 0.014772878959774971
vn -0.95075768232345581 0.25566279888153076 -0.17520363628864288
vn -0.93547916412353516 0.099799051880836487 -0.33899685740470886
vn -0.99579417705535889 0.059365369379520416 -0.069783516228199005
vn -0.99899697303771973 -0.025191863998770714 -0.037018787115812302
vn -0.89979183673858643 0.15882983803749084 -0.4063836932182312
vn -0.99981933832168579 0.0098436055704951286 -0.016259459778666496
vn -0.97685563564300537 0.20538398623466492 -0.059753578156232834
vn 0.98124969005584717 -0.16709747910499573 0.096059545874595642
vn -0.9053158164024353 0.32255381345748901 -0.27633729577064514
vn -0.99795633554458618 0.039512638002634048 -0.050217978656291962
vn -0.99953651428222656 0.027110325172543526 -0.013850084505975246
vn 0.99417793750762939 -0.065601035952568054 0.085479460656642914
vn 0.94191175699234009 -0.26771342754364014 0.20280976593494415
vn 0.99983316659927368 -0.012846978381276131 0.01298253983259201
vn 0.9623875617980957 -0.2350878119468689 0.13617603480815887
vn -0.95402008295059204 0.29277670383453369 -0.06424529105424881
vn -0.99782830476760864 0.039010178297758102 0.053074385970830917
vn -0.99767851829528809 0.062357351183891296 -0.027369607239961624
vn 0.99671703577041626 -0.079169325530529022 0.016950622200965881
vn 0.99454206228256226 -0.093691639602184296 0.045912217348814011
vn 0.94563275575637817 -0.30167302489280701 0.1215406134724617
vn 0.99312472343444824 -0.11203368008136749 0.03393670916557312
vn -0.94174426794052124 0.33394217491149902 -0.040004383772611618
vn 0.98734927177429199 -0.12334951758384705 0.099630802869796753
vn 0.98923051357269287 -0.14482083916664124 0.021212317049503326
vn 0.93196064233779907 -0.34058704972267151 0.12429735064506531
vn 0.930877685546875 -0.3527543842792511 0.095031790435314178
vn -0.99729722738265991 0.068122707307338715 -0.027522662654519081
vn 0.91434693336486816 -0.39214259386062622 0.10096484422683716
vn 0.99562007188796997 -0.091853827238082886 0.017421294003725052
vn 0.99846220016479492 -0.055309943854808807 0.0037535212468355894
vn 0.90481120347976685 -0.41847479343414307 0.078711949288845062
vn 0.94863802194595337 -0.31099718809127808 0.058022964745759964
vn 0.96629297733306885 -0.25533831119537354 0.032866988331079483
vn 0.93785923719406128 -0.34289169311523438 0.053341265767812729
vn 0.27379009127616882 0.24579557776451111 0.92985135316848755
vn 0.76347613334655762 -0.16316646337509155 0.62488472461700439
vn -0.77339726686477661 0.63385993242263794 0.0088473046198487282
vn 0.76614511013031006 -0.64098399877548218 0.046488288789987564
vn 0.87682098150253296 -0.47586077451705933 0.068858496844768524
vn 0.83762973546981812 -0.54508477449417114 0.035483319312334061
vn -0.83105689287185669 0.5524677038192749 -0.064217530190944672
vn -0.85067355632781982 0.52354788780212402 -0.047455769032239914
vn -0.19150552153587341 0.48591950535774231 0.85276484489440918
vn -0.56413191556930542 -0.0027875259984284639 -0.8256799578666687
vn 0.21712033450603485 0.3604317307472229 0.90716463327407837
vn 0.57005131244659424 -0.33784672617912292 0.74893331527709961
vn -0.60085123777389526 0.79886656999588013 -0.02810647152364254
vn -0.44617724418640137 0.894245445728302 -0.035368844866752625
vn 0.51972973346710205 -0.85341942310333252 0.039449568837881088
vn 0.67824453115463257 -0.7333453893661499 0.046785954385995865
vn -0.76610231399536133 0.64168626070022583 -0.036414168775081635
vn -0.70689839124679565 0.70590746402740479 -0.044601581990718842
vn -0.63224726915359497 0.77370601892471313 -0.040526263415813446
vn 0.59984052181243896 -0.79912620782852173 0.039857387542724609
vn -0.34537237882614136 0.93781477212905884 -0.034947477281093597
vn -0.55159038305282593 0.83321177959442139 -0.038809739053249359
vn 0.20312564074993134 -0.014975457452237606 0.97903817892074585
vn -0.18431764841079712 0.45349133014678955 0.87199348211288452
vn 0.050459899008274078 0.17057299613952637 0.98405218124389648
vn -0.075508646667003632 0.43636223673820496 0.89659714698791504
vn 0.41461277008056641 -0.58643907308578491 0.69583433866500854
vn -0.38337692618370056 0.9231141209602356 -0.02970617264509201
vn -0.50241976976394653 0.59968852996826172 -0.62285476922988892
vn 0.30267578363418579 -0.95280468463897705 0.023464087396860123
vn 0.42246180772781372 -0.90500599145889282 0.049901880323886871
vn -0.14889653027057648 0.98880106210708618 -0.010115521028637886
vn -0.37874561548233032 0.92446237802505493 -0.043830480426549911
vn 0.03685697540640831 0.17019422352313995 0.98472100496292114
vn 0.10127013176679611 -0.76813966035842896 0.63222295045852661
vn -0.091514036059379578 0.99561715126037598 0.019279723986983299
vn -0.39168661832809448 0.91682577133178711 -0.077537618577480316
vn -0.1411006897687912 0.98975294828414917 -0.021901257336139679
vn -0.11812981218099594 0.99282932281494141 -0.018309431150555611
vn -0.34477308392524719 0.93701231479644775 -0.056031033396720886
vn -0.09975520521402359 0.99468636512756348 -0.025454849004745483
vn 0.1074930727481842 -0.99404221773147583 0.018035752698779106
vn 0.35621446371078491 -0.93283677101135254 0.054100468754768372
vn -0.002005450427532196 -0.99968349933624268 0.025078296661376953
vn 0.41926631331443787 -0.90066832304000854 0.11407151073217392
vn -0.014324789866805077 0.99982118606567383 0.012346373870968819
vn -0.15056322515010834 -0.70838004350662231 0.68958574533462524
vn -0.066648371517658234 0.99772918224334717 -0.0097218155860900879
vn -0.10971306264400482 0.99368745088577271 -0.023415900766849518
vn -0.43877643346786499 0.88830232620239258 -0.13562516868114471
vn -0.15862071514129639 0.98546910285949707 -0.060745969414710999
vn -0.13229763507843018 0.99016708135604858 -0.045457992702722549
vn -0.035395320504903793 0.99931693077087402 -0.010620389133691788
vn -0.047960232943296432 0.9987565279006958 -0.013608373701572418
vn -0.030418848618865013 0.99952054023742676 -0.0057827355340123177
vn 0.30721935629844666 -0.95029544830322266 0.050545476377010345
vn 0.10847662389278412 -0.99349969625473022 0.03451358899474144
vn 0.1911281943321228 -0.0039423317648470402 -0.98155719041824341
vn 0.16402792930603027 0.00020253386173862964 -0.98645567893981934
vn -0.30268684029579163 0.31451749801635742 0.8996996283531189
vn 0.18882308900356293 0.74268633127212524 -0.64246624708175659
vn -0.10318578779697418 -0.88261103630065918 0.45863980054855347
vn -0.032552409917116165 0.99859780073165894 -0.041745875030755997
vn 0.12377642840147018 -0.9898221492767334 0.070224650204181671
vn 0.092988967895507812 -0.9953349232673645 0.025718098506331444
vn 0.0740671306848526 -0.99691331386566162 0.02603684738278389
vn -0.19744698703289032 0.97789299488067627 -0.068847410380840302
vn -0.43136304616928101 0.87802231311798096 -0.20737110078334808
vn 0.0083020562306046486 -0.99993658065795898 -0.0076112556271255016
vn 0.42279231548309326 -0.8907855749130249 0.16657646000385284
vn 0.15119175612926483 -0.98526841402053833 0.07992032915353775
vn 0.16279764473438263 -0.9848024845123291 0.060506395995616913
vn 0.089707896113395691 -0.99488735198974609 0.04638618603348732
vn -0.35127153992652893 0.93298858404159546 -0.078362151980400085
vn -0.02790224552154541 0.99960476160049438 -0.0034414739347994328
vn -0.15994080901145935 0.98661857843399048 -0.031665310263633728
vn 0.105953648686409 -0.99378621578216553 0.034100443124771118
vn 0.40793201327323914 -0.90080302953720093 0.14881309866905212
vn -0.30542466044425964 0.89115548133850098 -0.33549612760543823
vn -0.014001403003931046 0.99988937377929688 -0.0050158151425421238
vn -0.00613831402733922 -0.9994426965713501 0.032812222838401794
vn 0.037282995879650116 -0.99774414300918579 0.055826995521783829
vn -0.02614198811352253 -0.99912261962890625 0.032719574868679047
vn -0.06956365704536438 0.99677199125289917 -0.040080584585666656
vn -0.049340754747390747 0.9984663724899292 -0.025108272209763527
vn -0.034995350986719131 0.99922710657119751 -0.01790255680680275
vn -0.22484035789966583 0.96250247955322266 -0.15177531540393829
vn -0.28611528873443604 0.9504285454750061 -0.12175223231315613
vn -0.0055631082504987717 0.9999845027923584 -0.00024196942104026675
vn 0.21337017416954041 -0.018185757100582123 0.97680217027664185
vn -0.20953795313835144 -0.56539380550384521 0.79776167869567871
vn 0.0083942124620079994 -0.99950432777404785 0.030341779813170433
vn 0.19350731372833252 -0.95016133785247803 0.24443471431732178
vn -0.038872901350259781 0.9975813627243042 -0.057621940970420837
vn -0.033757716417312622 0.99901509284973145 0.02879619412124157
vn -0.45678529143333435 -0.0026691583916544914 0.88957297801971436
vn -0.32690513134002686 -0.0043870052322745323 0.94504696130752563
vn 0.02789759449660778 -0.99925106763839722 0.026814576238393784
vn 0.13823369145393372 -0.97706365585327148 0.16198170185089111
vn -0.029476655647158623 -0.99945646524429321 0.014761954545974731
vn 0.12395874410867691 -0.99080651998519897 0.054191280156373978
vn 0.0056768008507788181 0.99998193979263306 0.0019638780504465103
vn 0.037558257579803467 -0.99920785427093506 0.013155496679246426
vn -0.4871656596660614 -0.0047210534103214741 0.87329679727554321
vn -0.2293877899646759 -0.76594030857086182 0.60059696435928345
vn -0.016188368201255798 0.99985718727111816 0.0048504327423870564
vn 0.35057023167610168 0.0026920253876596689 -0.93653255701065063
vn -0.0092845847830176353 0.99966269731521606 -0.024254700168967247
vn -0.37366980314254761 -0.002474526409059763 0.92755848169326782
vn -0.021411258727312088 -0.98656958341598511 0.16193214058876038
vn -0.25417971611022949 -0.81247925758361816 0.52466195821762085
vn 0.034910548478364944 -0.96538960933685303 0.25846490263938904
vn 0.01047898642718792 0.99989509582519531 0.0099977822974324226
vn -0.070015415549278259 0.99466562271118164 -0.075750403106212616
vn -0.29719990491867065 0.93706732988357544 -0.18324032425880432
vn -0.047817926853895187 0.99845254421234131 -0.028390280902385712
vn 0.89322161674499512 -0.018391737714409828 0.4492402970790863
vn -0.98216867446899414 -0.058470547199249268 -0.17867830395698547
vn 0.99792534112930298 -0.01824619434773922 0.061741910874843597
vn 0.91320699453353882 -0.23771548271179199 0.33097481727600098
vn 0.77087771892547607 -0.0091001670807600021 0.63691812753677368
vn 0.98813462257385254 -0.022113397717475891 0.15198983252048492
vn 0.84244447946548462 0.058815069496631622 0.53556334972381592
vn -0.99786096811294556 0.029549742117524147 -0.058311831206083298
vn 0.99961954355239868 -0.016006097197532654 0.022464001551270485
vn 0.92575746774673462 -0.24032691121101379 0.29191797971725464
vn -0.99950134754180908 0.01593252457678318 -0.027262462303042412
vn -0.99905532598495483 0.032107125967741013 -0.029284281656146049
vn 0.91607749462127686 -0.21477068960666656 0.33863779902458191
vn 0.99992179870605469 -0.011630325578153133 0.0045975535176694393
vn -0.097023360431194305 0.081432148814201355 0.99194520711898804
vn 0.98100394010543823 -0.049502000212669373 0.18756565451622009
vn 0.99463468790054321 -0.03324449434876442 0.097962647676467896
vn -0.99990826845169067 0.0095349764451384544 -0.0096186921000480652
vn -0.9966580867767334 0.035205833613872528 -0.073710322380065918
vn -0.92082226276397705 0.28306055068969727 -0.26825937628746033
vn 0.96092760562896729 -0.15020804107189178 0.23249886929988861
vn -0.72259426116943359 -0.21592703461647034 0.65668332576751709
vn -0.98786920309066772 0.12877444922924042 -0.086784541606903076
vn 0.99933362007141113 -0.028271786868572235 0.023086041212081909
vn -0.99476104974746704 0.071804709732532501 -0.072763703763484955
vn 0.91123718023300171 -0.33162558078765869 0.24427692592144012
vn 0.99463403224945068 -0.08355683833360672 0.061003707349300385
vn 0.99877673387527466 -0.039296422153711319 0.030013212934136391
vn 0.94375026226043701 -0.23988752067089081 0.22757276892662048
vn 0.99984002113342285 -0.015815902501344681 0.0083516091108322144
vn 0.978160560131073 -0.13805761933326721 0.15537698566913605
vn 0.094688355922698975 0.39083462953567505 0.91557765007019043
vn -0.98480254411697388 0.16573616862297058 -0.051918406039476395
vn -0.94305819272994995 0.31381276249885559 -0.11028523743152618
vn -0.92728966474533081 0.28436782956123352 -0.24345177412033081
vn 0.91842013597488403 -0.28695729374885559 0.27232328057289124
vn 0.96366977691650391 -0.2397349625825882 0.11776133626699448
vn -0.33758294582366943 0.27176496386528015 0.90121114253997803
vn -0.89090770483016968 0.43244326114654541 -0.1388390064239502
vn -0.99617552757263184 0.03643442690372467 -0.079416006803512573
vn -0.99806922674179077 0.0040580881759524345 -0.061978645622730255
vn -0.95356607437133789 0.20137439668178558 -0.22396449744701385
vn 0.97927945852279663 -0.09312254935503006 0.17983299493789673
vn 0.99730020761489868 -0.011045568622648716 0.07259666919708252
vn 0.97570037841796875 -0.14739722013473511 0.16211962699890137
vn -0.99582874774932861 0.069530397653579712 -0.05908145010471344
vn -0.99318408966064453 0.087059058248996735 -0.07749880850315094
vn -0.99946439266204834 0.0034179931972175837 -0.032546844333410263
vn 0.99874275922775269 -0.018482573330402374 0.046596530824899673
vn 0.96049082279205322 -0.18218578398227692 0.21039414405822754
vn 0.99983298778533936 -0.015565945766866207 0.0095786023885011673
vn -0.99840199947357178 0.031692486256361008 -0.046787239611148834
vn -0.99968510866165161 0.018860509619116783 -0.016552018001675606
vn 0.98505908250808716 -0.12481445819139481 0.11865907162427902
vn 0.99888354539871216 -0.037478871643543243 0.028756666928529739
vn -0.90056389570236206 0.37566274404525757 -0.21877434849739075
vn -0.99816662073135376 0.049155179411172867 -0.035315066576004028
vn 0.90617871284484863 -0.34529349207878113 0.24415676295757294
vn 0.99973589181900024 -0.018000992015004158 0.014287040568888187
vn 0.97846615314483643 -0.19765651226043701 0.059463225305080414
vn -0.92619717121124268 0.34466439485549927 -0.15285710990428925
vn -0.99229419231414795 0.1150602325797081 -0.04597102478146553
vn 0.99048268795013428 -0.12695895135402679 0.053155269473791122
vn 0.91202294826507568 -0.36475726962089539 0.18752682209014893
vn 0.99884402751922607 -0.041206486523151398 0.024752177298069
vn -0.93410927057266235 0.31624493002891541 -0.16561691462993622
vn 0.94381952285766602 -0.30648276209831238 0.12358397990465164
vn 0.9234279990196228 -0.36292409896850586 0.12476703524589539
vn 0.84651756286621094 -0.52612388134002686 0.081250421702861786
vn 0.91520291566848755 -0.39024382829666138 0.10056533664464951
vn -0.89478844404220581 0.42664444446563721 -0.13163658976554871
vn 0.85661566257476807 -0.49953889846801758 0.12911416590213776
vn 0.81227976083755493 -0.57794731855392456 0.078603208065032959
vn -0.47233143448829651 0.56622540950775146 0.67549371719360352
vn -0.8411986231803894 0.52618509531021118 -0.12455549836158752
vn -0.75286412239074707 0.64941596984863281 -0.10702566802501678
vn -0.82358080148696899 0.55960947275161743 -0.092476531863212585
vn -0.25759696960449219 0.72624289989471436 0.63735002279281616
vn 0.54178553819656372 -0.22490416467189789 0.8098682165145874
vn 0.78374499082565308 -0.6185535192489624 0.05599391832947731
vn -0.59879553318023682 0.79924190044403076 -0.051539737731218338
vn -0.7473103404045105 0.66139459609985352 -0.063909456133842468
vn 0.73237448930740356 -0.67471009492874146 0.091618269681930542
vn 0.66003173589706421 -0.74933493137359619 0.053434565663337708
vn 0.57841277122497559 -0.81161242723464966 0.081999935209751129
vn 0.64665424823760986 -0.75849968194961548 0.080725178122520447
vn 0.4599493145942688 -0.88633602857589722 0.053433112800121307
vn 0.55110770463943481 -0.82394987344741821 0.1318594217300415
vn -0.35903072357177734 0.77802407741546631 0.5155341625213623
vn -0.50364106893539429 0.86252093315124512 -0.049023360013961792
vn -0.41908547282218933 0.90636372566223145 -0.053592909127473831
vn 0.30459439754486084 0.30904233455657959 0.90095233917236328
vn 0.31259533762931824 -0.9467926025390625 0.076602287590503693
vn 0.40160727500915527 -0.91181159019470215 0.085505425930023193
vn -0.35898703336715698 0.93248021602630615 -0.040111038833856583
vn -0.13098742067813873 0.9911421537399292 0.021897012367844582
vn 0.3389078676700592 -0.93984085321426392 0.042903106659650803
vn -0.21498477458953857 0.97631078958511353 -0.024469871073961258
vn -0.43401381373405457 0.89939206838607788 -0.052210051566362381
vn -0.088151969015598297 0.99598950147628784 -0.015300760976970196
vn -0.37216868996620178 0.92690169811248779 -0.048412028700113297
vn 0.075217284262180328 -0.99709683656692505 0.011844701133668423
vn 0.33479136228561401 -0.94071727991104126 0.054458834230899811
vn 0.047993604093790054 -0.98685222864151001 0.15433508157730103
vn 0.32453563809394836 -0.63299959897994995 0.70284289121627808
vn 0.29525285959243774 0.7032318115234375 0.64675396680831909
vn -0.11489315330982208 0.99313783645629883 -0.021836390718817711
vn -0.12794817984104156 0.99175357818603516 0.0073586464859545231
vn -0.33449181914329529 0.9412572979927063 -0.046366993337869644
vn -0.37053355574607849 0.92750626802444458 -0.049366462975740433
vn -0.1519896388053894 0.98799490928649902 -0.0276617631316185
vn -0.13156145811080933 0.99080479145050049 -0.031581923365592957
vn 0.31390419602394104 -0.93799865245819092 0.14704635739326477
vn -0.30218690633773804 0.95267510414123535 -0.03306381031870842
vn 0.056168224662542343 -0.99828380346298218 0.016569744795560837
vn 0.56588691473007202 0.082829706370830536 0.82031166553497314
vn -0.014952524565160275 0.99988508224487305 0.002487976336851716
vn -0.039949130266904831 0.99919670820236206 -0.0031711186747997999
vn -0.21226014196872711 0.9745328426361084 -0.072328150272369385
vn -0.34345415234565735 0.93678343296051025 -0.066902957856655121
vn 0.23530162870883942 -0.39451822638511658 0.88825023174285889
vn 0.10846208035945892 -0.99354130029678345 0.033340960741043091
vn 0.21864664554595947 -0.96990793943405151 0.1071087047457695
vn -0.37474250793457031 0.92303597927093506 -0.087020710110664368
vn -0.1619628518819809 0.98579686880111694 -0.044413480907678604
vn 0.0090713398531079292 0.99994975328445435 0.0042612804099917412
vn 0.15878477692604065 -0.98588883876800537 0.053014691919088364
vn 0.058070935308933258 -0.99821245670318604 0.014129835180938244
vn -0.074212037026882172 0.99706363677978516 -0.018886998295783997
vn -0.043868612498044968 0.99903666973114014 0.001139954780228436
vn 0.15611071884632111 0.76444202661514282 0.62550610303878784
vn -0.01570996455848217 0.99986225366592407 -0.0053582233376801014
vn -0.41439148783683777 0.90100353956222534 -0.12834466993808746
vn 0.12688913941383362 -0.60785579681396484 0.78384339809417725
vn 0.36817678809165955 0.51874279975891113 0.77159041166305542
vn 0.45671629905700684 -0.86881095170974731 0.1912531703710556
vn 0.0049294591881334782 0.98550844192504883 0.16955465078353882
vn -0.27239739894866943 0.95838773250579834 -0.085396669805049896
vn -0.33736938238143921 0.93405324220657349 -0.11715972423553467
vn -0.033997386693954468 0.99926996231079102 -0.017425874248147011
vn 0.049335986375808716 -0.99858361482620239 0.019919116050004959
vn 0.010446321219205856 -0.99994516372680664 -0.0007499795756302774
vn 0.021987086161971092 -0.99855804443359375 0.048973832279443741
vn 0.050657998770475388 -0.99849987030029297 0.020779436454176903
vn 0.071465075016021729 -0.99622547626495361 0.049269922077655792
vn 0.32865262031555176 -0.93451607227325439 0.13662801682949066
vn -0.10662077367305756 0.99369543790817261 -0.034660283476114273
vn -0.087647527456283569 0.99518448114395142 -0.043883495032787323
vn 0.38303214311599731 -0.53902322053909302 0.75016021728515625
vn 0.38304662704467773 0.71122270822525024 0.58943831920623779
vn 0.20782788097858429 -0.96999692916870117 0.12614890933036804
vn 0.027423430234193802 -0.99598157405853271 0.085256479680538177
vn -0.010411674156785011 -0.99969440698623657 -0.022421840578317642
vn 0.0090076103806495667 0.9999508261680603 -0.0041460068896412849
vn -0.025724811479449272 0.99926429986953735 -0.028445348143577576
vn 0.30038762092590332 -0.92599928379058838 0.22867579758167267
vn -0.013738471083343029 0.99979549646377563 -0.014838290400803089
vn 0.04641297459602356 -0.99727469682693481 0.057349763810634613
vn 0.20375736057758331 -0.7812609076499939 0.59001213312149048
vn -0.42442101240158081 0.0045060589909553528 0.90545374155044556
vn 0.012519987300038338 -0.9996798038482666 -0.021990563720464706
vn 0.090944819152355194 -0.99099892377853394 -0.098235182464122772
vn 0.002248816192150116 0.99999189376831055 -0.003333294065669179
vn 0.3261210024356842 -0.90098237991333008 -0.28613945841789246
vn 0.037974942475557327 -0.99889290332794189 -0.027763878926634789
vn -0.35660183429718018 0.89771795272827148 0.25872308015823364
vn -0.035384345799684525 0.99632745981216431 0.077971182763576508
vn -0.044107109308242798 0.99846434593200684 0.033519089221954346
vn -0.018465179949998856 0.99980413913726807 0.0071247350424528122
vn 0.38918831944465637 0.0020321309566497803 -0.92115598917007446
vn 0.41828522086143494 -0.0012333319755271077 -0.90831488370895386
vn -0.4222794771194458 0.013346113264560699 0.90636742115020752
vn 0.4076237678527832 -0.0014666676288470626 -0.91314876079559326
vn -0.058327905833721161 0.99761897325515747 0.036800652742385864
vn 0.0180062185972929 -0.99978375434875488 -0.010400350205600262
vn 0.096611253917217255 -0.99501359462738037 -0.024782415479421616
vn 0.088188804686069489 -0.99518394470214844 -0.042797442525625229
vn 0.36897337436676025 -0.9152989387512207 -0.16151320934295654
vn -0.38387617468833923 0.0028641864191740751 0.92338013648986816
vn 0.43247780203819275 0.0047532813623547554 -0.90163207054138184
vn 0.40442237257957458 0.0037712410558015108 -0.91456454992294312
vn -0.21622373163700104 0.96011149883270264 0.17729398608207703
vn -0.026407670229673386 0.9996456503868103 -0.0033465337473899126
vn -0.25183820724487305 0.96735924482345581 0.02817130833864212
vn 0.029179658740758896 -0.99956816434860229 -0.0034746993333101273
vn 0.35287031531333923 -0.66359341144561768 -0.6596410870552063
vn -0.29816508293151855 0.71609312295913696 0.63111662864685059
vn 0.024490831419825554 -0.99969333410263062 -0.0036580141168087721
vn -0.00074998772470280528 -0.99924373626708984 0.038876079022884369
vn 0.13901931047439575 -0.99001258611679077 -0.023424331098794937
vn 0.33193385601043701 -0.93736481666564941 -0.1056743711233139
vn -0.023099066689610481 0.99961066246032715 -0.015651436522603035
vn 0.14957371354103088 -0.98781871795654297 -0.042916823178529739
vn -0.26897421479225159 0.96243226528167725 0.037108223885297775
vn 0.45000141859054565 -0.88995909690856934 -0.073969393968582153
vn 0.002725974889472127 -0.99998617172241211 -0.0044927764683961868
vn -0.24804697930812836 0.96874302625656128 0.0031125945970416069
vn -0.41185224056243896 0.0062263240106403828 0.91122937202453613
vn -0.40283432602882385 0.0018026144243776798 0.91527116298675537
vn -0.095773667097091675 0.99459946155548096 0.039991211146116257
vn -0.019934365525841713 0.99980044364929199 -0.0013223345158621669
vn -0.29795286059379578 0.95445412397384644 0.015538156032562256
vn -0.30511254072189331 0.82524770498275757 0.47526055574417114
vn -0.41576659679412842 0.90926319360733032 0.019456231966614723
vn -0.49499338865280151 0.86686134338378906 0.059438921511173248
vn 0.37597301602363586 -0.9256168007850647 -0.043333537876605988
vn -0.43506750464439392 0.0013757067499682307 0.90039676427841187
vn 0.46597367525100708 -0.77503257989883423 -0.42684072256088257
vn 0.22464792430400848 -0.97423750162124634 0.01986362598836422
vn -0.035854857414960861 0.99931776523590088 0.0088567342609167099
vn -0.42320182919502258 0.86586987972259521 0.26677617430686951
vn 0.10764613002538681 -0.99418783187866211 -0.0016764163738116622
vn -0.14889428019523621 0.98865044116973877 0.020021324977278709
vn -0.48971849679946899 0.85228055715560913 0.18383055925369263
vn 0.20461168885231018 -0.97824257612228394 -0.034285321831703186
vn 0.044867254793643951 -0.99898886680603027 -0.0028681335970759392
vn 0.36197283864021301 -0.93189501762390137 -0.02339511550962925
vn -0.44608944654464722 0.89481580257415771 0.017573978751897812
vn -0.40630578994750977 0.91346877813339233 0.022144932299852371
vn -0.066985704004764557 0.99757814407348633 0.018727628514170647
vn -0.15468068420886993 0.98789918422698975 0.011362003162503242
vn -0.40844681859016418 -0.0038653886877000332 0.91277390718460083
vn -0.14896681904792786 0.98882442712783813 0.0059238569810986519
vn -0.3994300365447998 0.91670894622802734 0.010020202957093716
vn -0.42182964086532593 0.90618312358856201 0.029864629730582237
vn -0.2564970850944519 0.96649742126464844 0.0095923598855733871
vn -0.31652036309242249 0.94854402542114258 0.0088954390957951546
vn 0.54274541139602661 -0.67555302381515503 -0.49905461072921753
vn 0.44030481576919556 -0.0029966856818646193 -0.89784336090087891
vn -0.61487990617752075 0.78708750009536743 0.049152545630931854
vn -0.49469685554504395 0.86880457401275635 0.021299727261066437
vn -0.57278579473495483 0.81957262754440308 0.01473438274115324
vn -0.46250790357589722 0.88653308153152466 0.012063751928508282
vn 0.35633444786071777 -6.4164640207309276E-05 -0.93435847759246826
vn 0.71598100662231445 -0.69007301330566406 -0.10569039732217789
vn 0.8385428786277771 -0.54403418302536011 0.029540974646806717
vn 0.74006557464599609 -0.67215901613235474 0.022475535050034523
vn 0.62799835205078125 -0.7779693603515625 -0.019538227468729019
vn 0.75518637895584106 -0.65402460098266602 -0.044105660170316696
vn -0.7071758508682251 0.70670163631439209 0.021798675879836082
vn -0.77866369485855103 0.377195805311203 0.50140422582626343
vn 0.8525012731552124 -0.52042567729949951 -0.04897618293762207
vn 0.91752970218658447 -0.39587375521659851 -0.037725251168012619
vn 0.77518779039382935 -0.6307944655418396 -0.034383755177259445
vn 0.94922405481338501 -0.31404837965965271 -0.01863483153283596
vn 0.87790977954864502 -0.47010564804077148 -0.090967833995819092
vn 0.90356928110122681 -0.4160381555557251 -0.1023465022444725
vn 0.99841344356536865 -0.054661549627780914 -0.013516880571842194
vn 0.92671501636505127 -0.3671036958694458 -0.080213338136672974
vn -0.50026637315750122 0.017621824517846107 0.86569225788116455
vn 0.99562078714370728 -0.084957696497440338 -0.039005812257528305
vn 0.92663443088531494 -0.3385949432849884 -0.16340760886669159
vn 0.92216330766677856 -0.36567890644073486 -0.12607072293758392
vn 0.99614572525024414 -0.055331803858280182 -0.068059287965297699
vn 0.92131638526916504 -0.33245941996574402 -0.20161063969135284
vn -0.9916919469833374 0.11884407699108124 0.049226142466068268
vn -0.9119531512260437 0.34709423780441284 0.21878530085086823
vn 0.99857962131500244 -0.045049134641885757 -0.028448494151234627
vn 0.95079416036605835 -0.12227519601583481 -0.28467395901679993
vn 0.93171399831771851 -0.22622838616371155 -0.28412988781929016
vn 0.99968719482421875 -0.018502682447433472 -0.016826657578349113
vn -0.96924006938934326 0.18454238772392273 0.16284275054931641
vn -0.98643952608108521 0.019295528531074524 0.16298684477806091
vn -0.94671672582626343 0.01618158258497715 0.32166072726249695
vn 0.9973645806312561 -0.019680535420775414 -0.06983204185962677
vn 0.93347018957138062 -0.058722116053104401 -0.35381507873535156
vn -0.99922573566436768 -0.00061280553927645087 0.039339512586593628
vn -0.94617635011672974 0.11242940276861191 0.30349624156951904
vn -0.95408666133880615 0.12630966305732727 0.27159622311592102
vn -0.99884730577468872 0.016995420679450035 0.044891182333230972
vn 0.99969953298568726 -0.0054412153549492359 -0.023901639506220818
vn -0.58727902173995972 -0.015564168803393841 0.80923491716384888
vn 0.99985420703887939 0.012967010028660297 0.01111025083810091
vn 0.9963105320930481 0.0039146333001554012 -0.085732072591781616
vn -0.9991455078125 -0.037315282970666885 0.017773071303963661
vn 0.97060263156890869 0.079825341701507568 -0.22706478834152222
vn 0.9999845027923584 0.0022692731581628323 -0.0050887009128928185
vn -0.95534276962280273 -0.089068040251731873 0.28175720572471619
vn -0.99959206581115723 -0.0022917329333722591 0.028467858210206032
vn 0.95682632923126221 0.063643395900726318 -0.2836068868637085
vn 0.95750057697296143 -0.041565693914890289 -0.28542062640190125
vn 0.99844133853912354 -0.0041426788084208965 -0.055657576769590378
vn -0.3944648802280426 0.90530920028686523 0.1575206071138382
vn -0.046534664928913116 0.99756515026092529 0.051945149898529053
vn 0.19270722568035126 -0.97215831279754639 -0.13331222534179688
vn 0.081082649528980255 -0.99669134616851807 -0.0056556654162704945
vn 0.028466537594795227 0.99948763847351074 0.014634517952799797
vn -0.0411379374563694 0.99907153844833374 0.012796327471733093
vn -0.0066048773005604744 0.99997812509536743 0.00041487973066978157
vn 0.22295427322387695 -0.9748186469078064 -0.0044677066616714001
vn 0.38691458106040955 -0.91102749109268188 -0.14256936311721802
vn -0.032402925193309784 -0.99947410821914673 0.0012547655496746302
vn -0.31038615107536316 0.95059061050415039 0.0061589768156409264
vn 0.12757447361946106 -0.98943501710891724 0.068870417773723602
vn 0.2621629536151886 -0.71623194217681885 0.64674752950668335
vn 0.19246654212474823 0.76140230894088745 0.61905020475387573
vn 0.037314347922801971 -0.99930351972579956 -0.00025432376423850656
vn 0.18909606337547302 -0.98058533668518066 0.05191374197602272
vn 0.40645381808280945 -0.91311430931091309 -0.031899333000183105
vn -0.27909284830093384 0.96005886793136597 0.019851947203278542
vn -0.33780476450920105 0.94113200902938843 0.012589460238814354
vn 0.032467298209667206 -0.99944013357162476 0.0080818841233849525
vn -0.046036664396524429 0.99840444326400757 0.032697923481464386
vn 0.0039371917955577374 0.99917834997177124 0.040337655693292618
vn 0.094423957169055939 -0.99549078941345215 -0.0090676173567771912
vn -0.030903520062565804 0.99951720237731934 -0.0032209702767431736
vn 0.0046860580332577229 0.99809610843658447 0.061499200761318207
vn -0.33287975192070007 0.94287657737731934 0.013221682049334049
vn 0.29400578141212463 -0.95569676160812378 -0.014292777515947819
vn 0.27528923749923706 -0.9599493145942688 0.05208815261721611
vn -0.041718583554029465 0.99911671876907349 0.0050344574265182018
vn 0.32193088531494141 -0.94627082347869873 0.030529782176017761
vn 0.26060318946838379 -0.96526330709457397 -0.018780166283249855
vn -0.22562684118747711 0.97217434644699097 0.063004150986671448
vn 0.068557135760784149 -0.99741584062576294 0.021483028307557106
vn -0.33297735452651978 0.942909836769104 0.0068629588931798935
vn 0.39957913756370544 -0.9166986346244812 0.00041177033563144505
vn 0.17734111845493317 -0.98414528369903564 -0.002857044106349349
vn 0.16145665943622589 -0.98680579662322998 -0.012085654772818089
vn 0.21989032626152039 -0.40292099118232727 0.88842719793319702
vn -0.35009291768074036 0.93628889322280884 0.028250640258193016
vn -0.038481142371892929 0.42268648743629456 0.90545862913131714
vn 0.45053249597549438 -0.51863175630569458 0.72666466236114502
vn 0.53963619470596313 -0.84103071689605713 -0.038210976868867874
vn -0.44700026512145996 0.89402836561203003 0.030067365616559982
vn -0.27504932880401611 0.67055368423461914 0.68898880481719971
vn 0.83805310726165771 -0.54149740934371948 -0.066690050065517426
vn 0.9012177586555481 -0.42494526505470276 -0.085018448531627655
vn 0.087790682911872864 0.02610989473760128 0.99579668045043945
vn -0.26112672686576843 0.69249296188354492 0.67250752449035645
vn -0.79232966899871826 0.60588032007217407 0.07157338410615921
vn -0.82756423950195312 0.532318115234375 0.17825515568256378
vn -0.94287079572677612 0.3130529522895813 0.11398492008447647
vn 0.70112985372543335 0.097470737993717194 0.70634013414382935
vn 0.91967713832855225 -0.27610784769058228 -0.27921035885810852
vn 0.4134356677532196 0.040583398193120956 0.90962845087051392
vn 0.99903541803359985 0.0028752638027071953 -0.043817911297082901
vn -0.99469548463821411 0.0061724763363599777 0.1026778370141983
vn 0.99385595321655273 -0.011769836768507957 -0.11005343496799469
vn 0.89236193895339966 -0.23649017512798309 -0.38439899682998657
vn 0.9992215633392334 -0.039001323282718658 -0.0059279007837176323
vn 0.94379031658172607 -0.039991911500692368 -0.32811650633811951
vn -0.99939519166946411 0.006797772366553545 0.034102655947208405
vn -0.98196548223495483 0.029943857342004776 0.18667379021644592
vn -0.53225380182266235 -0.012978540733456612 0.84648537635803223
vn 0.92736393213272095 -0.081741169095039368 0.36512264609336853
vn 0.99033159017562866 0.10843857377767563 0.086512334644794464
vn 0.96130907535552979 -0.023959927260875702 -0.27442812919616699
vn 0.92223626375198364 0.088531523942947388 -0.37635406851768494
vn -0.39905145764350891 -0.0029697520658373833 0.91692370176315308
vn -0.0043223537504673004 0.9999883770942688 -0.002130164997652173
vn 0.00066273752599954605 0.99963527917861938 -0.026997359469532967
vn -0.18835015594959259 0.94624906778335571 -0.2629389762878418
vn 0.006264484953135252 0.96733909845352173 -0.25340831279754639
vn -0.0081711709499359131 -0.99298399686813354 0.11796637624502182
vn -0.39481103420257568 -0.0040237754583358765 0.91875350475311279
vn -0.42302775382995605 -0.00494731729850173 0.90610319375991821
vn 0.039268091320991516 0.9981873631477356 -0.045606471598148346
vn -0.079086802899837494 -0.9896543025970459 0.11970656365156174
vn 0.045921545475721359 0.95162451267242432 -0.30381247401237488
vn -0.35930490493774414 -0.0039900848641991615 0.93321168422698975
vn -0.033599168062210083 -0.99854332208633423 0.042217060923576355
vn -0.34991130232810974 -0.64829754829406738 0.67621916532516479
vn 0.2048170417547226 0.94628989696502686 -0.25017067790031433
vn 0.12450362741947174 0.9838792085647583 -0.12837658822536469
vn -0.025558827444911003 -0.99956393241882324 0.014786371961236
vn 0.030351059511303902 0.99938833713531494 -0.017371699213981628
vn -0.43474292755126953 -0.005643744021654129 0.90053689479827881
vn 0.29841572046279907 0.94166094064712524 -0.15563654899597168
vn 0.37283435463905334 0.90010637044906616 -0.22539539635181427
vn 0.059730995446443558 0.99787205457687378 -0.026144806295633316
vn 0.025222118943929672 0.99888288974761963 -0.039960887283086777
vn 0.0062707061879336834 0.99998027086257935 -0.00039262263453565538
vn 0.27095130085945129 0.94152629375457764 -0.20028391480445862
vn 0.075016453862190247 0.99577820301055908 -0.052898969501256943
vn 0.36588868498802185 0.91740596294403076 -0.15649846196174622
vn -0.089087367057800293 -0.99562084674835205 0.028328839689493179
vn 0.30695232748985291 0.93331938982009888 -0.18626652657985687
vn -0.41561338305473328 0.00028291897615417838 0.90954130887985229
vn -0.13193315267562866 -0.98393553495407104 0.12026849389076233
vn 0.073374643921852112 0.99704015254974365 -0.022959142923355103
vn 0.29874140024185181 0.94214475154876709 -0.15204216539859772
vn 0.36853066086769104 0.91800993680953979 -0.14643384516239166
vn -0.19172793626785278 -0.97676211595535278 0.095792084932327271
vn 0.097428709268569946 0.99453103542327881 -0.037625040858983994
vn -0.45724660158157349 -0.57059198617935181 0.68216592073440552
vn 0.40194910764694214 0.85892605781555176 -0.31730574369430542
vn 0.16130830347537994 0.98674726486206055 -0.017592990770936012
vn -0.4574335515499115 -0.88266807794570923 0.10794283449649811
vn 0.10775888711214066 0.99326395988464355 -0.042599726468324661
vn 0.39374205470085144 0.90748584270477295 -0.14641278982162476
vn 0.0272853784263134 0.9995238184928894 -0.014410910196602345
vn 0.046642143279314041 0.99881094694137573 -0.014186332002282143
vn -0.32279238104820251 -0.94252860546112061 0.086284004151821136
vn -0.32557401061058044 -0.93927228450775146 0.10848554968833923
vn -0.20927082002162933 -0.97340017557144165 0.093262188136577606
vn 0.3737894594669342 0.91836047172546387 -0.12998275458812714
vn 0.52940285205841064 0.55526906251907349 -0.64141166210174561
vn 0.41433906555175781 0.0027442150749266148 -0.9101184606552124
vn -0.60838848352432251 -0.56212252378463745 0.56025147438049316
vn -0.39004594087600708 0.00032237402047030628 0.92079532146453857
vn 0.48093992471694946 0.87658196687698364 -0.017345398664474487
vn 0.51330107450485229 0.85202682018280029 -0.10282198339700699
vn 0.45993363857269287 0.88140350580215454 -0.10765194147825241
vn 0.31518012285232544 0.94578498601913452 -0.078436017036437988
vn -0.71196091175079346 -0.25779154896736145 0.65318846702575684
vn 0.63422310352325439 0.76990282535552979 -0.070786230266094208
vn 0.78369349241256714 0.61649799346923828 -0.075860194861888885
vn -0.76380133628845215 -0.63709807395935059 0.10350628942251205
vn -0.88616591691970825 -0.21714511513710022 0.40933850407600403
vn -0.79022073745727539 -0.077044300734996796 0.60795998573303223
vn -0.99765944480895996 -0.0592007115483284 0.034218333661556244
vn -0.9549325704574585 -0.24110332131385803 0.17312715947628021
vn 0.99730902910232544 0.069754607975482941 -0.022560691460967064
vn 0.99209165573120117 0.11053856462240219 -0.05945858359336853
vn 0.92419034242630005 0.34225845336914062 -0.16950316727161407
vn 0.9757276177406311 0.20297335088253021 -0.082203641533851624
vn 0.89897257089614868 0.41822287440299988 -0.13014587759971619
vn 0.88560682535171509 0.44471460580825806 -0.1339009553194046
vn 0.96045732498168945 0.26383247971534729 -0.088961362838745117
vn -0.90301525592803955 -0.40863367915153503 0.13259714841842651
vn 0.87751001119613647 0.46478232741355896 -0.11812547594308853
vn 0.94093132019042969 0.31397417187690735 -0.12676131725311279
vn 0.8531002402305603 0.5165209174156189 -0.073662310838699341
vn 0.77600669860839844 0.61986970901489258 -0.11651244759559631
vn -0.99327367544174194 -0.056212864816188812 0.10122991353273392
vn -0.9951324462890625 -0.069986097514629364 0.06937803328037262
vn -0.86451238393783569 -0.23158450424671173 0.44607958197593689
vn 0.90721744298934937 0.081556133925914764 -0.41268035769462585
vn -0.99818509817123413 -0.017528535798192024 0.057613082230091095
vn -0.96865302324295044 -0.08270842581987381 0.23424483835697174
vn -0.90839755535125732 -0.050434459000825882 0.41505452990531921
vn 0.9604765772819519 0.20555570721626282 -0.18770074844360352
vn -0.99353671073913574 -0.079188786447048187 0.081326410174369812
vn -0.9930872917175293 -0.039301108568906784 0.11060334742069244
vn -0.99637550115585327 -0.062139786779880524 0.058090817183256149
vn -0.99979442358016968 -0.012370729818940163 -0.01606309600174427
vn -0.88931757211685181 -0.27718427777290344 0.36370751261711121
vn 0.92220377922058105 0.25101777911186218 -0.29416024684906006
vn -0.93624031543731689 -0.21328014135360718 0.27922332286834717
vn 0.99546337127685547 0.086828470230102539 -0.038904298096895218
vn 0.99788665771484375 0.04737607017159462 -0.044471748173236847
vn 0.92384010553359985 0.30427658557891846 -0.2322394996881485
vn 0.98193079233169556 0.11065590381622314 -0.15351602435112
vn 0.91768366098403931 0.32619896531105042 -0.22682806849479675
vn 0.99638444185256958 0.048851735889911652 -0.069509483873844147
vn -0.96548014879226685 -0.23024550080299377 0.12179943174123764
vn -0.96075361967086792 -0.25277805328369141 0.11426183581352234
vn -0.953868567943573 -0.21715590357780457 0.20731163024902344
vn -0.90124291181564331 -0.37385252118110657 0.21907886862754822
vn 0.16351963579654694 -0.88544726371765137 0.43502238392829895
vn 0.02637847326695919 -0.99947673082351685 0.018719764426350594
vn -0.028537340462207794 -0.99668902158737183 0.076135784387588501
vn 0.0042300610803067684 0.99995154142379761 -0.0088909938931465149
vn -0.12420664727687836 0.98541522026062012 -0.11631662398576736
vn 0.036472409963607788 0.93824464082717896 -0.34404462575912476
vn -0.018320173025131226 -0.99852234125137329 0.051161725074052811
vn -0.016936497762799263 0.99920862913131714 -0.03599061444401741
vn 0.0010618281085044146 0.99998307228088379 -0.0057165096513926983
vn 0.014807922765612602 0.99618881940841675 -0.085956797003746033
vn 0.019498208537697792 -0.9947325587272644 0.1006329208612442
vn 0.039263803511857986 0.99877411127090454 0.030142774805426598
vn 0.24120566248893738 0.75531166791915894 0.60936373472213745
vn 0.34085088968276978 -0.18359962105751038 0.92201513051986694
vn -0.04210299625992775 -0.9958537220954895 0.080639675259590149
vn -0.024236578494310379 -0.99949997663497925 0.020307032391428947
vn -0.34248235821723938 -0.88467752933502197 0.31630915403366089
vn -0.16223180294036865 -0.92407518625259399 0.34607210755348206
vn 0.013285635970532894 0.99724501371383667 -0.072978824377059937
vn -0.026261940598487854 -0.99007153511047363 0.1380893886089325
vn -0.12717325985431671 -0.96118754148483276 0.24483774602413177
vn 0.35433191061019897 0.6762690544128418 0.64583981037139893
vn 0.1420917809009552 0.98671805858612061 -0.078723236918449402
vn -0.034828782081604004 0.99909913539886475 0.024245442822575569
vn 0.049895405769348145 0.99800467491149902 -0.038691956549882889
vn 0.03105606883764267 0.99937254190444946 -0.017029888927936554
vn 0.23238305747509003 0.96415215730667114 -0.12809655070304871
vn -0.24266751110553741 -0.95144057273864746 0.18940262496471405
vn -0.040215529501438141 -0.9982038140296936 0.044405549764633179
vn 0.32193577289581299 0.90914392471313477 -0.26422473788261414
vn -0.0015918861608952284 -0.99998801946640015 -0.0046267467550933361
vn -0.12596948444843292 -0.98760718107223511 0.093614928424358368
vn 0.1742873340845108 0.61742162704467773 0.76708173751831055
vn 0.13212449848651886 0.99058419466018677 -0.035861905664205551
vn -0.022676041349768639 -0.9995725154876709 0.018453311175107956
vn -0.061451196670532227 -0.99748313426971436 0.035371005535125732
vn -0.2769940197467804 -0.94301187992095947 0.18439890444278717
vn 0.062020063400268555 0.99804133176803589 0.008184017613530159
vn 0.084458731114864349 0.99503809213638306 -0.052591826766729355
vn 0.13760581612586975 0.45469656586647034 0.879952073097229
vn 0.17950370907783508 -0.79766428470611572 0.57576912641525269
vn 0.56502586603164673 -0.44222527742385864 0.69655048847198486
vn 0.35332342982292175 0.92359298467636108 -0.14879028499126434
vn -0.36375278234481812 -0.9155505895614624 0.17161297798156738
vn 0.36550602316856384 0.91798830032348633 -0.15395715832710266
vn 0.32915249466896057 0.94290530681610107 -0.050874136388301849
vn 0.73692470788955688 0.66859465837478638 -0.09961526095867157
vn 0.46186819672584534 0.22670380771160126 0.8574865460395813
vn -0.59164893627166748 -0.78495293855667114 0.1838487982749939
vn -0.65814846754074097 -0.26173451542854309 0.70592892169952393
vn 0.55714225769042969 0.14820997416973114 0.81708401441574097
vn -0.99995756149291992 0.0039974749088287354 0.0082969563081860542
vn 0.96793419122695923 0.13924485445022583 -0.20907950401306152
vn 0.99999380111694336 0.00029739728779532015 0.0035098535008728504
vn -0.59244167804718018 0.0068587004207074642 0.8055841326713562
vn 0.9972686767578125 -0.031893279403448105 0.066618390381336212
vn 0.99689781665802002 0.036366045475006104 -0.069801263511180878
vn 0.99906384944915771 0.015727866441011429 -0.04029962420463562
vn -0.99855107069015503 -0.041667278856039047 0.034053415060043335
vn -0.85602700710296631 -0.11609099805355072 0.5037267804145813
vn 0.99706071615219116 0.061266336590051651 -0.046003643423318863
vn -0.94831651449203491 -0.16836248338222504 0.26897925138473511
vn 0.99223500490188599 0.12405304610729218 -0.0089767416939139366
vn 0.090853355824947357 0.094486624002456665 0.991371750831604
vn 0.97280126810073853 0.22708220779895782 -0.045730911195278168
vn 0.93842720985412598 0.2580571174621582 -0.22969740629196167
vn 0.97904103994369507 0.18254673480987549 -0.09030691534280777
vn 0.7705463171005249 -0.2805805504322052 0.57230496406555176
vn -0.3628898561000824 0.18483752012252808 0.91331595182418823
vn 0.91506689786911011 0.34963533282279968 -0.20101660490036011
vn 0.93686282634735107 0.33562454581260681 -0.098204664885997772
vn 0.99362480640411377 0.099310643970966339 -0.053359124809503555
vn 0.9057917594909668 0.37385925650596619 -0.19942553341388702
vn 0.99435311555862427 0.084352359175682068 -0.064393728971481323
vn 0.97254514694213867 0.215158611536026 0.0886722132563591
vn -0.11858449131250381 -0.0023087689187377691 -0.99294126033782959
vn 0.19597616791725159 0.97417712211608887 0.11212608963251114
vn -0.039180304855108261 -0.9989464282989502 -0.023895343765616417
vn -0.2963469922542572 0.74325227737426758 0.59979540109634399
vn 0.93702715635299683 0.32401740550994873 0.13035644590854645
vn 0.96298676729202271 0.23501443862915039 0.13200265169143677
vn 0.90631109476089478 -0.031276758760213852 0.42145216464996338
vn 0.99888014793395996 0.014297407120466232 0.045100640505552292
vn 0.015616816468536854 0.9998704195022583 -0.0039072488434612751
vn -0.072136491537094116 -0.99671381711959839 -0.0368499755859375
vn -0.99879080057144165 0.044144198298454285 -0.021637545898556709
vn -0.29994890093803406 0.010373295284807682 -0.9538988471031189
vn 0.21975423395633698 -0.97509539127349854 0.029951151460409164
vn 0.18563626706600189 -0.97919332981109619 0.081972792744636536
vn 0.42065948247909546 -0.0040764450095593929 -0.90720945596694946
vn 0.94813412427902222 -0.18732364475727081 0.25681027770042419
vn -0.95473116636276245 0.15853717923164368 -0.25170287489891052
vn -0.460548996925354 0.8791012167930603 -0.12278299033641815
vn 0.33579766750335693 -0.58405125141143799 0.7390020489692688
vn 0.091003678739070892 -0.99482595920562744 0.045162495225667953
vn -0.082922138273715973 0.99581348896026611 -0.038462899625301361
vn 0.092761233448982239 -0.9946591854095459 0.045260053128004074
vn -0.73464739322662354 0.6782870888710022 0.014825820922851562
vn -0.82856744527816772 0.55930942296981812 0.025474933907389641
vn -0.76955103874206543 0.089052885770797729 0.63234543800354004
vn -0.5873526930809021 0.80834388732910156 0.039962615817785263
vn -0.39897948503494263 -0.002593872370198369 0.91695618629455566
vn 0.012870257720351219 0.99947547912597656 -0.029718009755015373
vn 0.038333695381879807 0.99904221296310425 -0.021099798381328583
vn 0.014318782836198807 0.99964779615402222 -0.022343071177601814
vn -0.31074795126914978 -0.93762677907943726 0.15585792064666748
vn -0.097253531217575073 -0.994426429271698 0.040717095136642456
vn -0.81110137701034546 -0.58196485042572021 -0.058579165488481522
vn -0.0011223526671528816 -0.99989759922027588 -0.014266238547861576
vn 0.53688538074493408 0.84185969829559326 0.055011671036481857
vn -0.39447125792503357 -0.9180455207824707 -0.039809592068195343
vn -0.82025003433227539 0.56774330139160156 -0.069695539772510529
vn -0.040408428758382797 0.99905210733413696 -0.016188809648156166
vn -0.046850915998220444 0.99861091375350952 -0.024109719321131706
vn 0.024553121998906136 -0.99963259696960449 -0.011481804773211479
vn 0.22475294768810272 -0.97412782907485962 -0.02368650771677494
vn -0.84760510921478271 0.52666705846786499 0.064709879457950592
vn 0.01149789709597826 0.99993175268173218 0.0020837187767028809
vn -0.9998321533203125 -0.015293924137949944 -0.010087634436786175
vn 0.68150216341018677 0.72803246974945068 0.074320420622825623
vn -0.99278688430786133 -0.1075427308678627 0.052997797727584839
vn 0.59647244215011597 0.80165749788284302 0.039571486413478851
vn -0.98830413818359375 -0.14332957565784454 -0.052072301506996155
vn -0.011322719044983387 0.99993395805358887 -0.0019602279644459486
usemtl vc_000000__Personalizza_4
f 1//1 2//2 3//3
f 4//4 5//5 6//6
f 7//7 8//8 9//9
f 10//10 11//11 12//12
f 9//9 13//13 14//14
f 7//7 14//14 15//15
f 9//9 14//14 7//7
f 16//16 17//17 18//18
f 19//19 20//20 21//21
f 22//22 23//23 19//19
f 24//24 25//25 26//26
f 27//27 30//30 16//16 28//28
f 29//29 27//27 28//28
f 30//30 27//27 31//31
f 30//30 32//32 25//25
f 33//33 34//34 35//35
f 2//2 36//36 37//37
f 38//38 39//39 40//40
f 41//41 42//42 43//43
f 44//44 45//45 42//42
f 46//46 47//47 38//38
f 45//45 44//44 48//48
f 47//47 49//49 50//50
f 50//50 49//49 51//51
f 52//52 53//53 54//54
f 53//53 52//52 55//55
f 56//56 57//57 58//58
f 59//59 60//60 61//61
f 62//62 63//63 64//64
f 65//65 66//66 67//67
f 66//66 68//68 69//69
f 70//70 71//71 67//67
f 72//72 57//57 73//73
f 74//74 72//72 73//73
f 75//75 76//76 77//77
f 70//70 78//78 71//71
f 79//79 76//76 80//80
f 81//81 82//82 83//83
f 82//82 81//81 84//84
f 85//85 86//86 87//87
f 88//88 784//784 89//89 90//90
f 91//91 92//92 93//93
f 94//94 95//95 96//96
f 97//97 98//98 99//99
f 94//94 96//96 100//100
f 101//101 102//102 103//103
f 104//104 102//102 101//101
f 105//105 106//106 107//107
f 104//104 108//108 102//102
f 109//109 102//102 108//108
f 110//110 111//111 112//112
f 113//113 114//114 115//115
f 116//116 117//117 118//118
f 119//119 120//120 121//121
f 122//122 123//123 124//124
f 125//125 126//126 127//127
f 103//103 128//128 129//129
f 130//130 21//21 131//131
f 132//132 21//21 130//130
f 132//132 133//133 21//21
f 128//128 134//134 132//132
f 135//135 136//136 137//137
f 138//138 137//137 139//139
f 140//140 141//141 142//142
f 143//143 142//142 144//144
f 102//102 109//109 145//145
f 146//146 147//147 148//148
f 151//151 892//892 149//149 150//150
f 152//152 153//153 145//145
f 154//154 155//155 156//156
f 157//157 158//158 159//159
f 160//160 161//161 157//157
f 59//59 162//162 60//60
f 163//163 158//158 164//164
f 64//64 165//165 166//166
f 167//167 168//168 169//169
f 171//171 168//168 172//172 170//170
f 173//173 174//174 170//170
f 171//171 84//84 81//81
f 175//175 176//176 177//177
f 178//178 179//179 180//180
f 181//181 182//182 183//183
f 31//31 184//184 32//32
f 184//184 185//185 186//186
f 187//187 188//188 189//189
f 190//190 191//191 192//192
f 190//190 192//192 193//193
f 194//194 185//185 184//184
f 195//195 196//196 197//197
f 198//198 199//199 196//196
f 200//200 201//201 202//202
f 203//203 202//202 190//190
f 204//204 205//205 206//206
f 207//207 208//208 209//209
f 210//210 211//211 212//212
f 210//210 212//212 213//213
f 214//214 215//215 207//207
f 210//210 216//216 211//211
f 217//217 214//214 218//218
f 219//219 220//220 221//221
f 222//222 223//223 221//221
f 205//205 224//224 212//212
f 224//224 213//213 212//212
f 225//225 213//213 224//224
f 226//226 227//227 228//228
f 229//229 230//230 231//231
f 224//224 232//232 225//225
f 210//210 213//213 233//233
f 234//234 235//235 236//236
f 237//237 229//229 238//238
f 239//239 240//240 241//241
f 242//242 243//243 244//244
f 245//245 246//246 247//247
f 248//248 249//249 242//242
f 250//250 251//251 246//246
f 241//241 252//252 253//253
f 244//244 254//254 255//255
f 256//256 257//257 258//258
f 260//260 252//252 254//254 259//259
f 261//261 262//262 263//263
f 264//264 265//265 266//266
f 266//266 267//267 264//264
f 261//261 263//263 268//268
f 260//260 259//259 269//269 270//270
f 269//269 259//259 271//271
f 272//272 273//273 274//274
f 275//275 276//276 277//277
f 278//278 265//265 275//275
f 276//276 275//275 279//279
f 265//265 280//280 281//281
f 282//282 283//283 284//284
f 285//285 286//286 287//287
f 287//287 288//288 289//289
f 290//290 291//291 292//292
f 293//293 127//127 294//294
f 295//295 296//296 297//297
f 298//298 299//299 300//300
f 301//301 302//302 303//303
f 304//304 305//305 306//306
f 295//295 297//297 307//307
f 286//286 1132//1132 308//308 309//309
f 310//310 311//311 312//312
f 295//295 307//307 314//314 313//313
f 315//315 316//316 317//317
f 33//33 318//318 319//319
f 320//320 321//321 322//322
f 185//185 323//323 324//324
f 325//325 203//203 326//326
f 327//327 328//328 329//329
f 330//330 331//331 320//320
f 332//332 333//333 334//334
f 335//335 336//336 331//331
f 337//337 338//338 339//339
f 325//325 340//340 341//341
f 341//341 342//342 343//343
f 344//344 345//345 346//346
f 347//347 348//348 349//349
f 350//350 351//351 352//352
f 353//353 354//354 355//355
f 356//356 357//357 358//358
f 359//359 360//360 361//361
f 359//359 361//361 362//362
f 363//363 1244//1244 364//364 365//365
f 366//366 367//367 368//368
f 366//366 369//369 367//367
f 370//370 371//371 372//372
f 373//373 370//370 283//283
f 374//374 375//375 376//376
f 377//377 378//378 379//379
f 379//379 1279//1279 380//380 377//377
f 380//380 381//381 377//377
f 382//382 383//383 384//384
f 385//385 386//386 387//387
f 388//388 389//389 390//390
f 388//388 390//390 391//391
f 392//392 389//389 386//386
f 393//393 394//394 395//395
f 395//395 396//396 397//397
f 386//386 398//398 399//399
f 400//400 401//401 402//402
f 403//403 404//404 405//405
f 406//406 407//407 408//408
f 409//409 410//410 411//411
f 412//412 413//413 414//414
f 408//408 413//413 415//415
f 416//416 417//417 418//418
f 419//419 420//420 421//421
f 422//422 423//423 424//424
f 425//425 426//426 427//427
f 430//430 489//489 428//428 429//429
f 431//431 432//432 433//433
f 434//434 426//426 425//425
f 426//426 435//435 436//436
f 437//437 438//438 439//439
f 440//440 441//441 442//442
f 440//440 442//442 443//443
f 434//434 444//444 445//445
f 446//446 447//447 448//448
f 449//449 450//450 451//451
f 452//452 453//453 454//454
f 455//455 452//452 454//454
f 456//456 457//457 458//458
f 459//459 460//460 461//461
f 400//400 464//464 463//463 462//462
f 464//464 465//465 463//463
f 466//466 463//463 467//467
f 468//468 469//469 470//470
f 406//406 471//471 472//472
f 468//468 473//473 469//469
f 474//474 475//475 476//476
f 477//477 478//478 479//479
f 480//480 481//481 482//482
f 420//420 483//483 422//422
f 484//484 483//483 485//485
f 432//432 486//486 433//433
f 487//487 488//488 484//484
f 489//489 490//490 491//491
f 442//442 441//441 492//492
f 493//493 494//494 495//495
f 496//496 1455//1455 497//497 498//498
f 499//499 494//494 500//500
f 501//501 502//502 503//503
f 505//505 506//506 384//384 504//504
f 506//506 507//507 508//508
f 509//509 510//510 511//511
f 275//275 512//512 513//513
f 508//508 507//507 514//514
f 515//515 513//513 516//516
f 513//513 517//517 516//516
f 518//518 519//519 520//520
f 521//521 518//518 520//520
f 518//518 521//521 522//522
f 523//523 524//524 525//525
f 526//526 518//518 522//522
f 527//527 1486//1486 528//528 529//529
f 530//530 531//531 532//532
f 533//533 534//534 535//535
f 536//536 537//537 517//517
f 538//538 539//539 540//540
f 541//541 529//529 542//542
f 543//543 522//522 544//544
f 545//545 526//526 543//543
f 545//545 543//543 546//546
f 546//546 544//544 547//547
f 548//548 549//549 550//550
f 551//551 552//552 553//553
f 554//554 555//555 556//556
f 557//557 558//558 559//559
f 560//560 561//561 562//562
f 563//563 560//560 562//562
f 564//564 565//565 566//566
f 567//567 564//564 557//557
f 568//568 569//569 570//570
f 563//563 425//425 418//418
f 571//571 572//572 573//573
f 563//563 574//574 575//575
f 576//576 577//577 578//578
f 579//579 580//580 577//577
f 581//581 582//582 583//583
f 584//584 585//585 586//586
f 375//375 587//587 588//588
f 589//589 590//590 587//587
f 592//592 585//585 593//593 591//591
f 594//594 595//595 596//596
f 595//595 597//597 596//596
f 598//598 599//599 600//600
f 601//601 602//602 603//603
f 606//606 1607//1607 604//604 605//605
f 607//607 608//608 609//609
f 604//604 610//610 611//611
f 612//612 609//609 613//613
f 614//614 615//615 616//616
f 617//617 618//618 619//619
f 616//616 559//559 558//558
f 620//620 621//621 622//622
f 623//623 614//614 616//616
f 624//624 579//579 625//625
f 626//626 619//619 627//627
f 628//628 629//629 630//630
f 631//631 632//632 633//633
f 634//634 635//635 636//636
f 637//637 634//634 638//638
f 639//639 640//640 641//641
f 642//642 625//625 639//639
f 1//1 643//643 36//36
f 644//644 10//10 645//645
f 6//6 5//5 646//646
f 647//647 648//648 649//649
f 1//1 647//647 643//643
f 4//4 709//709 36//36 643//643
f 650//650 651//651 645//645
f 11//11 644//644 652//652
f 647//647 3//3 7//7
f 7//7 3//3 8//8
f 12//12 653//653 654//654
f 3//3 647//647 1//1
f 655//655 12//12 654//654
f 10//10 12//12 645//645
f 656//656 15//15 657//657
f 656//656 5//5 4//4
f 658//658 656//656 4//4
f 656//656 657//657 5//5
f 651//651 659//659 660//660
f 661//661 660//660 662//662
f 656//656 647//647 15//15
f 658//658 4//4 648//648
f 663//663 652//652 661//661
f 644//644 651//651 660//660
f 664//664 131//131 665//665
f 131//131 21//21 20//20
f 15//15 666//666 657//657
f 13//13 667//667 666//666
f 666//666 15//15 13//13
f 654//654 653//653 668//668
f 133//133 19//19 21//21
f 669//669 670//670 671//671
f 667//667 672//672 666//666
f 673//673 674//674 675//675
f 673//673 676//676 674//674
f 45//45 673//673 675//675
f 666//666 672//672 678//678 677//677
f 679//679 665//665 20//20
f 28//28 16//16 18//18
f 22//22 19//19 680//680
f 26//26 25//25 186//186
f 681//681 680//680 682//682
f 683//683 681//681 682//682
f 670//670 669//669 35//35
f 674//674 29//29 684//684
f 685//685 971//971 678//678 672//672
f 29//29 28//28 684//684
f 23//23 22//22 686//686
f 192//192 23//23 686//686
f 22//22 973//973 687//687 686//686
f 688//688 186//186 669//669
f 681//681 689//689 690//690
f 33//33 35//35 318//318
f 669//669 691//691 35//35
f 40//40 692//692 693//693
f 40//40 39//39 694//694
f 695//695 696//696 697//697
f 698//698 699//699 700//700
f 692//692 701//701 37//37
f 702//702 703//703 701//701
f 704//704 705//705 700//700
f 700//700 705//705 706//706
f 707//707 698//698 695//695
f 708//708 698//698 707//707
f 700//700 695//695 698//698
f 693//693 37//37 709//709
f 36//36 2//2 1//1
f 710//710 704//704 711//711
f 712//712 646//646 5//5
f 662//662 659//659 708//708
f 713//713 662//662 708//708
f 714//714 708//708 659//659
f 714//714 659//659 650//650
f 208//208 712//712 5//5
f 715//715 702//702 694//694
f 694//694 716//716 715//715
f 717//717 718//718 719//719
f 702//702 715//715 720//720
f 719//719 718//718 721//721
f 722//722 720//720 715//715
f 723//723 721//721 718//718
f 702//702 720//720 703//703
f 703//703 724//724 701//701
f 720//720 722//722 725//725
f 696//696 717//717 697//697
f 697//697 717//717 726//726
f 692//692 694//694 702//702
f 706//706 717//717 696//696
f 713//713 707//707 53//53
f 38//38 727//727 46//46
f 728//728 697//697 726//726
f 729//729 730//730 726//726
f 731//731 732//732 51//51
f 52//52 54//54 728//728
f 52//52 728//728 730//730
f 732//732 731//731 733//733
f 729//729 721//721 734//734 735//735
f 736//736 734//734 721//721
f 737//737 61//61 733//733
f 155//155 738//738 736//736
f 739//739 49//49 47//47 46//46
f 41//41 79//79 44//44
f 48//48 44//44 79//79
f 731//731 51//51 740//740
f 730//730 729//729 741//741
f 742//742 731//731 740//740
f 70//70 740//740 51//51
f 741//741 743//743 730//730
f 730//730 743//743 744//744
f 66//66 745//745 742//742
f 730//730 77//77 52//52
f 56//56 744//744 743//743
f 56//56 58//58 744//744
f 61//61 742//742 745//745
f 738//738 741//741 735//735
f 61//61 745//745 69//69
f 746//746 57//57 56//56
f 746//746 747//747 57//57
f 747//747 73//73 57//57
f 748//748 56//56 738//738
f 749//749 746//746 748//748
f 49//49 739//739 750//750
f 751//751 65//65 752//752
f 753//753 72//72 74//74
f 751//751 68//68 65//65
f 754//754 74//74 755//755
f 756//756 74//74 73//73
f 62//62 757//757 758//758
f 756//756 62//62 758//758
f 759//759 760//760 761//761
f 744//744 58//58 730//730
f 55//55 52//52 77//77
f 730//730 762//762 77//77
f 762//762 58//58 72//72
f 41//41 43//43 77//77
f 70//70 750//750 78//78
f 753//753 763//763 762//762
f 67//67 764//764 765//765
f 754//754 763//763 753//753
f 766//766 85//85 760//760
f 763//763 754//754 767//767
f 761//761 760//760 85//85
f 85//85 768//768 761//761
f 754//754 755//755 767//767
f 769//769 770//770 89//89
f 771//771 768//768 772//772 95//95
f 89//89 83//83 769//769
f 769//769 83//83 773//773
f 75//75 77//77 762//762
f 71//71 78//78 774//774
f 78//78 253//253 775//775
f 764//764 776//776 765//765
f 92//92 86//86 777//777
f 776//776 778//778 93//93
f 777//777 86//86 766//766
f 86//86 92//92 87//87
f 86//86 85//85 766//766
f 772//772 87//87 779//779
f 84//84 780//780 781//781
f 774//774 776//776 764//764
f 782//782 783//783 775//775
f 784//784 785//785 786//786
f 787//787 786//786 785//785
f 784//784 88//88 785//785
f 779//779 87//87 92//92
f 99//99 788//788 90//90
f 94//94 789//789 95//95
f 99//99 90//90 770//770
f 790//790 791//791 792//792
f 793//793 794//794 792//792
f 787//787 785//785 795//795
f 796//796 787//787 797//797
f 798//798 783//783 782//782
f 778//778 799//799 93//93
f 799//799 504//504 93//93
f 504//504 384//384 800//800
f 801//801 802//802 803//803
f 779//779 92//92 91//91 96//96
f 99//99 98//98 788//788
f 90//90 788//788 804//804
f 805//805 90//90 804//804
f 101//101 107//107 110//110
f 806//806 107//107 101//101
f 806//806 101//101 103//103
f 807//807 813//813 808//808 809//809
f 806//806 810//810 107//107
f 148//148 807//807 809//809
f 811//811 106//106 105//105
f 812//812 808//808 813//813
f 110//110 814//814 104//104
f 147//147 807//807 148//148
f 106//106 815//815 110//110
f 815//815 106//106 113//113
f 118//118 816//816 817//817
f 118//118 817//817 807//807
f 807//807 818//818 118//118
f 819//819 818//818 807//807
f 820//820 821//821 822//822
f 820//820 823//823 821//821
f 821//821 812//812 824//824
f 105//105 812//812 821//821
f 121//121 824//824 825//825
f 104//104 814//814 826//826
f 815//815 111//111 110//110
f 828//828 819//819 827//827 118//118
f 829//829 811//811 830//830
f 831//831 832//832 830//830
f 126//126 125//125 833//833 834//834
f 833//833 835//835 834//834
f 836//836 834//834 823//823
f 837//837 1127//1127 836//836 838//838
f 823//823 834//834 835//835
f 823//823 820//820 838//838
f 115//115 114//114 839//839
f 840//840 826//826 814//814 112//112
f 841//841 827//827 819//819
f 842//842 843//843 844//844
f 285//285 287//287 829//829
f 119//119 121//121 825//825
f 829//829 287//287 811//811
f 120//120 124//124 121//121
f 844//844 843//843 816//816
f 843//843 842//842 119//119
f 830//830 832//832 829//829
f 124//124 123//123 822//822
f 845//845 832//832 833//833 125//125
f 127//127 845//845 125//125
f 846//846 152//152 847//847
f 826//826 840//840 847//847
f 839//839 848//848 112//112
f 849//849 850//850 848//848
f 851//851 841//841 852//852
f 322//322 852//852 853//853
f 303//303 827//827 841//841
f 854//854 855//855 289//289
f 286//286 285//285 856//856
f 857//857 838//838 858//858
f 123//123 122//122 859//859
f 860//860 861//861 862//862
f 863//863 864//864 865//865
f 866//866 806//806 863//863
f 865//865 867//867 863//863
f 860//860 868//868 861//861
f 810//810 806//806 866//866
f 869//869 810//810 868//868
f 870//870 868//868 871//871
f 868//868 872//872 871//871
f 8//8 3//3 130//130
f 655//655 710//710 645//645 12//12
f 710//710 873//873 874//874
f 862//862 875//875 860//860
f 130//130 913//913 129//129 128//128
f 810//810 869//869 808//808
f 860//860 809//809 869//869
f 130//130 131//131 8//8
f 655//655 17//17 873//873
f 24//24 876//876 877//877
f 17//17 877//877 878//878 873//873
f 875//875 876//876 879//879
f 135//135 880//880 136//136
f 136//136 880//880 134//134
f 876//876 862//862 878//878
f 875//875 862//862 876//876
f 128//128 136//136 134//134
f 103//103 102//102 138//138
f 881//881 148//148 809//809
f 882//882 682//682 680//680
f 880//880 682//682 882//882
f 880//880 883//883 682//682
f 883//883 880//880 137//137
f 141//141 140//140 884//884
f 885//885 137//137 138//138
f 886//886 140//140 142//142
f 143//143 887//887 886//886
f 670//670 888//888 141//141
f 888//888 670//670 34//34
f 875//875 879//879 671//671
f 151//151 137//137 885//885
f 137//137 889//889 883//883
f 890//890 881//881 891//891
f 892//892 151//151 885//885 145//145
f 893//893 146//146 881//881
f 890//890 893//893 881//881
f 883//883 889//889 894//894
f 151//151 150//150 889//889
f 895//895 896//896 891//891
f 897//897 894//894 889//889 150//150
f 898//898 899//899 34//34
f 152//152 145//145 900//900
f 145//145 153//153 892//892
f 901//901 895//895 902//902
f 903//903 904//904 905//905
f 906//906 703//703 907//907
f 908//908 909//909 910//910
f 908//908 911//911 912//912
f 909//909 867//867 910//910
f 3//3 2//2 913//913
f 705//705 704//704 914//914
f 874//874 704//704 710//710
f 704//704 874//874 915//915
f 870//870 916//916 917//917
f 650//650 645//645 711//711
f 911//911 918//918 919//919
f 725//725 920//920 907//907
f 921//921 920//920 725//725
f 154//154 156//156 911//911
f 912//912 911//911 919//919
f 911//911 908//908 920//920
f 160//160 920//920 921//921
f 154//154 911//911 160//160
f 920//920 160//160 911//911
f 160//160 921//921 161//161
f 922//922 923//923 163//163
f 736//736 156//156 155//155
f 924//924 1681//1681 61//61 60//60
f 925//925 748//748 738//738
f 926//926 155//155 154//154
f 926//926 925//925 155//155
f 927//927 165//165 748//748
f 161//161 924//924 158//158
f 925//925 928//928 927//927
f 925//925 154//154 160//160
f 160//160 928//928 925//925
f 928//928 160//160 922//922
f 62//62 64//64 757//757
f 162//162 164//164 924//924 60//60
f 164//164 162//162 922//922
f 759//759 922//922 162//162
f 759//759 929//929 922//922
f 930//930 931//931 932//932
f 922//922 929//929 933//933
f 922//922 933//933 167//167
f 934//934 172//172 167//167
f 934//934 933//933 932//932
f 928//928 167//167 935//935
f 167//167 928//928 922//922
f 165//165 928//928 166//166
f 165//165 927//927 928//928
f 761//761 768//768 930//930
f 168//168 171//171 81//81 169//169
f 936//936 768//768 937//937
f 167//167 169//169 758//758
f 938//938 166//166 935//935 167//167
f 168//168 167//167 172//172
f 939//939 940//940 941//941
f 934//934 170//170 172//172
f 170//170 934//934 942//942
f 941//941 173//173 170//170
f 791//791 790//790 940//940
f 84//84 171//171 174//174
f 771//771 939//939 936//936
f 792//792 943//943 944//944
f 945//945 946//946 940//940
f 947//947 948//948 174//174
f 941//941 940//940 946//946
f 173//173 949//949 174//174
f 941//941 950//950 173//173
f 949//949 173//173 951//951
f 951//951 173//173 950//950
f 951//951 947//947 949//949
f 944//944 790//790 792//792
f 952//952 84//84 953//953
f 953//953 954//954 955//955
f 956//956 954//954 947//947
f 180//180 450//450 956//956
f 957//957 958//958 946//946
f 956//956 951//951 958//958
f 958//958 178//178 956//956
f 794//794 943//943 792//792
f 955//955 954//954 959//959
f 960//960 176//176 181//181
f 452//452 451//451 450//450 961//961
f 179//179 961//961 180//180
f 182//182 943//943 794//794
f 182//182 794//794 962//962
f 962//962 1406//1406 183//183 182//182
f 181//181 183//183 963//963
f 453//453 964//964 965//965
f 179//179 453//453 961//961
f 677//677 209//209 657//657
f 674//674 966//966 967//967
f 968//968 976//976 677//677 678//678
f 29//29 674//674 967//967
f 969//969 970//970 971//971
f 972//972 968//968 678//678
f 681//681 690//690 973//973
f 974//974 975//975 690//690
f 206//206 205//205 676//676
f 196//196 195//195 976//976 968//968
f 201//201 972//972 970//970
f 194//194 31//31 189//189
f 191//191 201//201 970//970
f 189//189 188//188 194//194
f 184//184 31//31 194//194
f 193//193 192//192 686//686
f 185//185 977//977 186//186
f 978//978 974//974 979//979
f 980//980 193//193 687//687
f 318//318 981//981 982//982
f 983//983 984//984 676//676
f 212//212 983//983 676//676
f 195//195 985//985 986//986
f 987//987 968//968 972//972
f 967//967 988//988 989//989
f 988//988 967//967 966//966
f 984//984 988//988 966//966
f 990//990 988//988 984//984
f 972//972 201//201 987//987
f 991//991 1187//1187 187//187 989//989
f 989//989 988//988 991//991
f 214//214 207//207 992//992
f 993//993 994//994 995//995
f 996//996 983//983 995//995
f 197//197 997//997 985//985
f 995//995 994//994 996//996
f 991//991 988//988 990//990
f 197//197 196//196 199//199
f 996//996 998//998 999//999
f 200//200 987//987 201//201
f 990//990 334//334 991//991
f 203//203 200//200 202//202
f 998//998 996//996 1000//1000
f 1001//1001 1002//1002 1000//1000
f 339//339 218//218 337//337
f 997//997 197//197 337//337
f 993//993 219//219 1003//1003 1001//1001
f 221//221 1003//1003 219//219
f 1004//1004 1002//1002 1001//1001
f 217//217 215//215 214//214
f 1005//1005 211//211 216//216
f 1006//1006 220//220 211//211
f 1007//1007 215//215 217//217
f 219//219 211//211 220//220
f 1008//1008 223//223 222//222
f 1004//1004 1009//1009 1002//1002
f 1007//1007 228//228 215//215
f 1006//1006 231//231 1010//1010
f 230//230 1008//1008 222//222
f 1011//1011 1012//1012 339//339
f 1013//1013 224//224 205//205
f 232//232 213//213 225//225
f 227//227 239//239 727//727
f 236//236 1005//1005 216//216
f 228//228 227//227 1014//1014
f 1015//1015 1006//1006 1005//1005
f 1016//1016 231//231 1006//1006
f 231//231 1016//1016 238//238
f 226//226 1017//1017 1018//1018
f 229//229 1019//1019 1020//1020
f 1021//1021 1022//1022 1023//1023
f 1008//1008 1020//1020 1024//1024
f 351//351 1024//1024 1019//1019
f 1025//1025 1018//1018 1026//1026
f 239//239 739//739 46//46 727//727
f 1027//1027 206//206 45//45
f 1028//1028 1013//1013 204//204
f 1029//1029 1028//1028 204//204
f 1030//1030 233//233 213//213
f 235//235 1016//1016 1015//1015
f 1031//1031 1016//1016 235//235
f 1032//1032 1033//1033 226//226
f 237//237 238//238 1031//1031
f 1031//1031 235//235 234//234
f 247//247 1034//1034 237//237
f 1034//1034 247//247 1035//1035
f 1032//1032 1018//1018 1025//1025
f 1025//1025 1036//1036 1032//1032
f 237//237 1034//1034 1019//1019
f 1034//1034 1035//1035 352//352
f 1037//1037 248//248 1025//1025
f 739//739 239//239 750//750
f 1038//1038 1029//1029 206//206
f 1032//1032 1036//1036 242//242
f 234//234 1039//1039 1031//1031
f 242//242 249//249 1040//1040
f 234//234 1030//1030 1039//1039
f 1040//1040 243//243 242//242
f 249//249 1041//1041 1040//1040
f 1036//1036 1025//1025 242//242
f 246//246 1035//1035 247//247
f 249//249 1042//1042 1041//1041
f 1043//1043 1044//1044 1045//1045
f 1046//1046 355//355 1047//1047
f 244//244 255//255 240//240
f 1048//1048 1049//1049 1039//1039
f 1050//1050 244//244 243//243
f 256//256 1048//1048 1051//1051
f 1048//1048 245//245 1049//1049
f 1048//1048 251//251 245//245
f 1052//1052 1050//1050 1041//1041
f 1045//1045 1053//1053 1050//1050
f 251//251 1048//1048 258//258
f 1045//1045 1054//1054 1053//1053
f 1055//1055 1053//1053 1056//1056
f 1057//1057 1058//1058 1059//1059
f 1060//1060 357//357 1061//1061
f 253//253 1062//1062 1063//1063
f 263//263 1038//1038 1027//1027
f 1038//1038 263//263 1028//1028
f 255//255 254//254 252//252
f 1064//1064 1051//1051 232//232
f 256//256 1051//1051 1064//1064
f 1050//1050 1055//1055 254//254
f 1055//1055 1065//1065 254//254
f 1066//1066 256//256 1064//1064
f 1055//1055 1067//1067 1065//1065
f 1068//1068 1069//1069 1070//1070
f 1057//1057 1071//1071 1072//1072
f 1073//1073 1074//1074 1075//1075
f 356//356 1073//1073 1077//1077 1076//1076
f 1071//1071 1078//1078 1079//1079
f 1080//1080 267//267 1079//1079
f 1081//1081 361//361 1082//1082
f 1061//1061 1082//1082 1060//1060
f 260//260 270//270 1062//1062
f 262//262 1028//1028 263//263
f 1064//1064 232//232 1028//1028
f 1072//1072 1083//1083 1084//1084
f 1086//1086 1075//1075 1087//1087 1085//1085
f 1071//1071 1088//1088 1072//1072
f 1079//1079 1089//1089 1090//1090
f 273//273 272//272 1077//1077
f 272//272 1081//1081 1076//1076
f 277//277 1089//1089 266//266
f 266//266 265//265 278//278
f 1091//1091 1092//1092 1093//1093
f 798//798 1062//1062 270//270
f 1094//1094 796//796 268//268
f 797//797 1100//1100 261//261 268//268
f 1095//1095 1096//1096 1066//1066
f 1087//1087 1075//1075 1097//1097
f 1097//1097 1096//1096 1095//1095
f 1098//1098 1067//1067 1099//1099
f 1099//1099 1083//1083 1098//1098
f 261//261 1100//1100 1095//1095
f 1100//1100 1101//1101 1095//1095
f 1077//1077 1073//1073 1075//1075 1086//1086
f 1089//1089 277//277 276//276
f 510//510 1102//1102 1086//1086
f 1081//1081 272//272 1103//1103
f 364//364 265//265 264//264
f 1092//1092 265//265 364//364
f 1104//1104 284//284 1105//1105 519//519
f 1093//1093 1092//1092 1106//1106
f 1107//1107 1105//1105 284//284 283//283
f 1101//1101 1100//1100 795//795
f 1108//1108 1101//1101 795//795
f 1109//1109 1095//1095 1101//1101
f 1109//1109 1087//1087 1095//1095
f 1098//1098 1112//1112 1110//1110 271//271
f 271//271 507//507 1111//1111
f 1108//1108 1113//1113 1109//1109
f 1085//1085 1114//1114 1086//1086
f 1085//1085 1115//1115 1114//1114
f 519//519 1105//1105 1103//1103
f 1116//1116 519//519 1103//1103
f 1117//1117 1472//1472 1091//1091 1093//1093
f 1117//1117 1093//1093 1118//1118
f 1119//1119 1120//1120 1118//1118
f 321//321 852//852 322//322
f 321//321 851//851 852//852
f 301//301 1121//1121 302//302
f 303//303 841//841 851//851
f 1122//1122 299//299 298//298
f 849//849 298//298 850//850
f 1121//1121 301//301 1123//1123
f 1124//1124 120//120 842//842
f 292//292 291//291 845//845
f 291//291 856//856 832//832 845//845
f 859//859 857//857 858//858
f 294//294 127//127 126//126
f 306//306 126//126 1125//1125
f 1126//1126 1127//1127 837//837
f 307//307 846//846 1128//1128
f 844//844 1123//1123 1129//1129
f 1130//1130 1123//1123 301//301
f 309//309 289//289 288//288
f 309//309 1131//1131 289//289
f 286//286 856//856 291//291
f 286//286 291//291 1132//1132
f 122//122 1133//1133 1134//1134
f 304//304 306//306 1125//1125
f 294//294 305//305 293//293
f 293//293 290//290 292//292
f 305//305 1135//1135 290//290
f 857//857 1136//1136 1137//1137
f 1136//1136 1135//1135 304//304
f 1135//1135 305//305 304//304
f 290//290 1132//1132 291//291
f 1128//1128 1662//1662 1138//1138 307//307
f 1139//1139 300//300 1140//1140
f 1141//1141 1135//1135 1136//1136
f 1142//1142 308//308 1132//1132
f 1134//1134 1141//1141 857//857
f 311//311 1141//1141 1133//1133
f 1143//1143 307//307 1138//1138
f 321//321 320//320 331//331 1144//1144
f 300//300 299//299 1145//1145
f 1146//1146 1147//1147 1148//1148
f 1147//1147 1149//1149 1130//1130
f 1140//1140 1145//1145 1143//1143
f 1124//1124 312//312 1150//1150
f 1149//1149 1151//1151 1129//1129
f 1149//1149 316//316 1151//1151
f 1141//1141 311//311 1152//1152
f 1152//1152 1142//1142 1141//1141
f 1152//1152 311//311 308//308
f 310//310 308//308 311//311
f 1153//1153 1155//1155 1131//1131 309//309
f 1154//1154 314//314 1143//1143
f 310//310 1153//1153 308//308
f 1151//1151 1153//1153 312//312
f 1153//1153 315//315 1155//1155
f 1153//1153 316//316 315//315
f 316//316 1147//1147 1156//1156
f 1156//1156 317//317 316//316
f 1156//1156 1146//1146 1157//1157
f 1158//1158 1159//1159 1154//1154
f 1160//1160 150//150 149//149
f 1161//1161 1162//1162 149//149
f 896//896 1163//1163 1164//1164
f 1163//1163 1165//1165 1164//1164
f 1166//1166 1167//1167 1160//1160
f 1167//1167 979//979 1168//1168
f 978//978 979//979 1167//1167
f 1169//1169 1170//1170 1171//1171
f 329//329 1170//1170 898//898
f 1172//1172 296//296 1173//1173
f 1174//1174 1163//1163 1171//1171
f 320//320 903//903 1175//1175
f 687//687 975//975 980//980
f 324//324 977//977 185//185
f 1176//1176 1166//1166 1162//1162
f 1177//1177 1167//1167 1166//1166
f 295//295 1173//1173 296//296
f 1171//1171 328//328 1174//1174
f 1178//1178 1175//1175 1165//1165
f 1174//1174 1178//1178 1165//1165
f 1179//1179 977//977 1180//1180
f 1181//1181 978//978 1167//1167
f 982//982 329//329 319//319
f 1182//1182 340//340 980//980
f 1162//1162 1173//1173 1176//1176
f 1170//1170 328//328 1171//1171
f 1183//1183 1184//1184 1185//1185
f 1186//1186 1177//1177 1176//1176
f 320//320 1175//1175 330//330
f 1175//1175 1178//1178 330//330
f 200//200 198//198 987//987
f 999//999 998//998 334//334
f 325//325 200//200 203//203
f 338//338 337//337 200//200
f 1180//1180 977//977 324//324
f 333//333 1187//1187 991//991
f 1188//1188 1180//1180 324//324
f 323//323 333//333 1188//1188
f 1176//1176 313//313 1186//1186
f 342//342 1182//1182 1186//1186
f 313//313 342//342 1186//1186
f 1178//1178 1184//1184 330//330
f 335//335 331//331 1184//1184
f 314//314 1159//1159 313//313
f 336//336 335//335 327//327
f 343//343 339//339 338//338
f 332//332 1189//1189 1190//1190
f 342//342 313//313 1191//1191
f 1190//1190 1192//1192 1188//1188
f 1190//1190 1193//1193 1192//1192
f 1194//1194 1195//1195 1159//1159
f 1196//1196 1197//1197 1195//1195
f 347//347 1197//1197 1196//1196 348//348
f 1194//1194 1198//1198 1196//1196
f 1198//1198 1194//1194 345//345
f 344//344 1199//1199 345//345
f 1199//1199 1198//1198 345//345
f 1189//1189 1009//1009 1200//1200
f 1009//1009 223//223 1200//1200
f 347//347 1201//1201 1202//1202
f 1193//1193 1189//1189 1203//1203
f 1204//1204 1205//1205 1203//1203
f 1203//1203 346//346 1193//1193
f 1206//1206 1207//1207 1208//1208
f 1198//1198 1199//1199 348//348
f 1208//1208 1209//1209 1199//1199
f 1210//1210 347//347 349//349
f 1209//1209 1211//1211 349//349
f 1209//1209 1212//1212 1211//1211
f 1211//1211 1037//1037 1210//1210
f 351//351 350//350 1205//1205
f 350//350 1213//1213 1207//1207
f 1207//1207 1214//1214 1208//1208
f 1214//1214 1212//1212 1208//1208
f 1213//1213 1212//1212 1214//1214
f 1212//1212 1213//1213 1215//1215
f 1213//1213 1216//1216 1215//1215
f 352//352 1035//1035 1217//1217
f 1042//1042 248//248 1218//1218
f 1219//1219 1220//1220 1042//1042
f 350//350 352//352 1217//1217
f 1220//1220 1221//1221 1043//1043
f 248//248 1037//1037 1218//1218
f 1215//1215 1216//1216 1219//1219 1218//1218
f 1222//1222 1223//1223 1213//1213 1217//1217
f 355//355 1223//1223 1047//1047
f 1217//1217 1213//1213 350//350
f 1224//1224 354//354 353//353
f 1223//1223 1225//1225 1213//1213
f 1225//1225 1216//1216 1213//1213
f 1226//1226 1227//1227 1221//1221
f 1225//1225 1226//1226 1216//1216
f 1224//1224 1226//1226 354//354
f 1224//1224 1228//1228 1229//1229
f 1043//1043 1230//1230 1220//1220
f 1044//1044 1043//1043 1221//1221 1227//1227
f 1231//1231 1059//1059 1227//1227
f 1231//1231 1229//1229 1078//1078
f 361//361 360//360 1060//1060
f 1079//1079 1228//1228 1232//1232
f 1224//1224 353//353 1233//1233
f 1233//1233 1234//1234 1228//1228
f 357//357 356//356 1235//1235
f 1232//1232 365//365 1080//1080
f 1233//1233 360//360 1236//1236
f 1234//1234 363//363 365//365
f 1234//1234 1237//1237 363//363
f 1238//1238 1239//1239 1240//1240
f 1237//1237 1240//1240 1239//1239
f 1241//1241 1240//1240 1236//1236
f 1241//1241 1236//1236 359//359
f 1241//1241 1242//1242 1243//1243
f 1238//1238 1244//1244 363//363
f 1245//1245 1092//1092 1244//1244
f 1245//1245 1246//1246 1092//1092
f 1247//1247 372//372 1248//1248
f 1249//1249 1245//1245 1250//1250
f 368//368 1249//1249 1250//1250
f 371//371 1243//1243 372//372
f 1250//1250 366//366 368//368
f 1250//1250 1251//1251 369//369
f 1243//1243 369//369 1251//1251
f 367//367 1258//1258 1252//1252 1253//1253
f 1254//1254 1255//1255 1256//1256
f 1257//1257 1258//1258 1254//1254
f 369//369 1255//1255 1258//1258
f 283//283 370//370 1247//1247
f 1259//1259 1260//1260 1119//1119
f 283//283 1247//1247 1261//1261
f 1263//1263 1276//1276 1262//1262 373//373
f 1252//1252 374//374 376//376
f 1264//1264 1278//1278 1265//1265 1266//1266
f 1267//1267 1268//1268 1258//1258
f 1257//1257 1270//1270 378//378 1267//1267
f 1269//1269 1270//1270 1257//1257
f 1271//1271 1269//1269 1272//1272 1273//1273
f 1274//1274 1473//1473 1275//1275 588//588
f 1264//1264 1266//1266 1276//1276
f 1268//1268 1277//1277 375//375
f 1265//1265 1278//1278 1271//1271
f 1270//1270 1269//1269 379//379
f 384//384 383//383 800//800
f 1280//1280 801//801 803//803
f 1281//1281 94//94 100//100
f 1282//1282 100//100 96//96
f 804//804 1283//1283 805//805
f 1281//1281 100//100 1284//1284
f 1284//1284 1285//1285 1281//1281
f 1286//1286 1294//1294 1287//1287 805//805
f 1289//1289 781//781 780//780 1288//1288
f 384//384 506//506 382//382
f 383//383 1290//1290 800//800
f 1290//1290 1291//1291 800//800
f 1292//1292 1280//1280 803//803
f 1291//1291 1293//1293 800//800
f 1294//1294 392//392 385//385 1287//1287
f 96//96 91//91 1296//1296 1295//1295
f 1297//1297 1284//1284 1282//1282
f 1297//1297 1282//1282 1295//1295
f 390//390 389//389 1286//1286
f 395//395 1298//1298 1297//1297
f 1292//1292 1299//1299 1280//1280
f 1301//1301 1291//1291 1290//1290 1300//1300
f 385//385 1302//1302 803//803
f 1302//1302 1292//1292 803//803
f 395//395 1297//1297 393//393
f 1303//1303 391//391 1289//1289
f 1303//1303 1304//1304 391//391
f 388//388 391//391 1304//1304
f 396//396 1305//1305 397//397
f 1293//1293 549//549 1306//1306
f 1307//1307 1292//1292 1302//1302
f 1308//1308 1309//1309 1296//1296
f 1310//1310 1311//1311 1296//1296
f 387//387 1312//1312 1302//1302
f 1310//1310 1313//1313 1311//1311
f 386//386 1314//1314 387//387
f 1315//1315 1311//1311 1313//1313
f 1311//1311 1315//1315 393//393
f 1316//1316 1315//1315 1313//1313
f 399//399 1317//1317 1314//1314
f 1318//1318 1319//1319 1307//1307
f 400//400 1320//1320 1312//1312
f 1321//1321 1322//1322 1314//1314
f 461//461 404//404 403//403
f 1317//1317 1321//1321 1314//1314
f 1320//1320 1323//1323 1318//1318
f 401//401 1323//1323 402//402
f 401//401 1324//1324 1325//1325
f 400//400 402//402 1320//1320
f 401//401 400//400 462//462
f 459//459 403//403 1326//1326
f 1327//1327 1318//1318 1323//1323
f 1328//1328 1329//1329 1306//1306
f 1325//1325 1330//1330 1323//1323
f 1330//1330 1325//1325 1324//1324
f 1330//1330 1331//1331 1323//1323
f 1328//1328 1332//1332 1329//1329
f 1328//1328 549//549 548//548
f 1333//1333 1334//1334 1331//1331
f 1326//1326 1335//1335 1336//1336
f 1335//1335 1329//1329 1336//1336
f 1337//1337 472//472 1329//1329
f 470//470 1338//1338 1339//1339
f 470//470 1339//1339 468//468
f 1340//1340 1339//1339 1341//1341
f 1327//1327 1342//1342 1318//1318
f 1338//1338 1343//1343 1333//1333
f 1333//1333 1343//1343 1334//1334
f 1344//1344 1345//1345 1346//1346
f 1334//1334 1343//1343 1347//1347
f 1334//1334 1347//1347 1346//1346
f 408//408 415//415 406//406
f 1348//1348 408//408 407//407
f 1348//1348 414//414 408//408
f 413//413 408//408 414//414
f 548//548 1349//1349 1348//1348
f 1350//1350 409//409 1351//1351
f 1352//1352 1350//1350 1353//1353
f 548//548 1354//1354 1349//1349
f 1355//1355 414//414 1348//1348
f 414//414 1355//1355 412//412
f 1348//1348 1349//1349 1355//1355
f 417//417 416//416 1355//1355
f 1356//1356 1357//1357 416//416
f 1358//1358 412//412 1357//1357
f 1359//1359 1358//1358 1357//1357
f 1360//1360 478//478 477//477
f 476//476 1358//1358 474//474
f 570//570 569//569 410//410
f 418//418 1356//1356 416//416
f 421//421 570//570 1361//1361
f 1359//1359 1357//1357 1362//1362
f 1362//1362 1356//1356 1363//1363
f 1364//1364 1359//1359 1362//1362
f 570//570 421//421 424//424
f 425//425 1363//1363 418//418
f 425//425 427//427 1365//1365
f 1366//1366 1365//1365 427//427
f 1367//1367 1368//1368 1369//1369
f 1369//1369 427//427 1367//1367
f 568//568 570//570 1370//1370
f 1371//1371 436//436 435//435
f 435//435 1372//1372 1371//1371
f 1371//1371 1372//1372 1373//1373
f 1374//1374 1375//1375 432//432
f 438//438 1376//1376 1377//1377
f 435//435 1378//1378 1372//1372
f 445//445 1378//1378 435//435
f 1379//1379 431//431 1378//1378
f 429//429 439//439 1377//1377
f 431//431 448//448 1374//1374
f 1380//1380 1381//1381 1374//1374
f 1382//1382 1376//1376 1383//1383
f 434//434 445//445 426//426
f 437//437 1384//1384 438//438
f 1385//1385 1379//1379 1378//1378
f 446//446 448//448 1379//1379
f 448//448 1386//1386 1374//1374
f 1387//1387 1388//1388 428//428
f 428//428 1389//1389 1390//1390
f 442//442 1381//1381 1391//1391 443//443
f 438//438 1384//1384 1383//1383
f 1392//1392 1370//1370 1383//1383
f 1385//1385 445//445 1393//1393
f 1385//1385 1393//1393 1394//1394
f 1393//1393 445//445 444//444
f 439//439 1388//1388 1395//1395
f 1386//1386 448//448 447//447
f 1386//1386 1396//1396 1397//1397
f 1397//1397 583//583 1391//1391
f 1398//1398 1550//1550 1390//1390 1399//1399
f 1400//1400 1401//1401 1402//1402
f 449//449 1403//1403 1404//1404
f 1405//1405 1406//1406 962//962
f 1407//1407 450//450 449//449
f 454//454 453//453 965//965
f 1409//1409 1303//1303 1288//1288 1408//1408
f 1408//1408 1288//1288 1403//1403
f 1410//1410 1411//1411 1412//1412
f 1403//1403 449//449 451//451
f 1408//1408 1403//1403 1413//1413
f 1414//1414 455//455 454//454
f 1415//1415 1416//1416 1414//1414
f 1304//1304 1303//1303 1409//1409
f 1417//1417 396//396 1418//1418
f 396//396 1419//1419 1418//1418
f 1420//1420 1304//1304 1421//1421
f 1422//1422 1412//1412 1417//1417
f 1414//1414 1410//1410 1422//1422
f 1417//1417 1418//1418 1422//1422
f 457//457 1423//1423 1418//1418
f 1422//1422 1415//1415 1414//1414
f 1422//1422 1418//1418 1415//1415
f 1424//1424 1416//1416 1423//1423
f 1418//1418 1423//1423 1416//1416
f 1425//1425 1419//1419 395//395
f 395//395 394//394 1425//1425
f 1304//1304 1426//1426 399//399
f 1427//1427 1426//1426 1420//1420
f 1427//1427 1428//1428 1426//1426
f 399//399 1426//1426 1428//1428
f 458//458 1429//1429 1430//1430
f 399//399 1428//1428 1317//1317
f 1420//1420 457//457 1427//1427
f 458//458 1430//1430 456//456
f 1431//1431 1321//1321 1317//1317
f 1322//1322 1321//1321 1431//1431
f 1432//1432 1433//1433 461//461
f 1434//1434 1431//1431 1317//1317
f 1434//1434 465//465 1431//1431
f 465//465 1430//1430 1435//1435
f 467//467 465//465 1432//1432
f 1436//1436 1340//1340 1324//1324
f 1336//1336 1437//1437 1438//1438
f 1436//1436 462//462 463//463
f 460//460 1438//1438 1439//1439
f 1440//1440 1340//1340 1437//1437
f 463//463 465//465 467//467
f 1438//1438 466//466 467//467
f 1441//1441 1347//1347 469//469
f 1440//1440 473//473 468//468
f 1437//1437 472//472 471//471
f 471//471 473//473 1440//1440
f 473//473 1442//1442 469//469
f 471//471 1442//1442 473//473
f 1443//1443 1442//1442 471//471
f 481//481 1441//1441 1443//1443
f 415//415 413//413 1444//1444
f 1445//1445 1344//1344 1441//1441
f 415//415 482//482 471//471
f 1445//1445 1671//1671 1352//1352 1353//1353
f 1444//1444 480//480 482//482
f 481//481 480//480 1446//1446
f 475//475 1446//1446 476//476
f 1447//1447 1366//1366 1448//1448
f 1366//1366 1447//1447 1364//1364
f 1447//1447 1449//1449 1364//1364
f 1450//1450 1449//1449 1451//1451
f 1449//1449 1450//1450 1364//1364
f 485//485 1452//1452 1449//1449
f 1369//1369 1448//1448 1366//1366
f 1373//1373 433//433 1448//1448
f 430//430 429//429 1453//1453
f 484//484 430//430 1453//1453
f 484//484 488//488 430//430
f 496//496 486//486 492//492
f 487//487 484//484 486//486
f 496//496 1454//1454 486//486
f 486//486 1454//1454 487//487
f 487//487 1454//1454 488//488
f 491//491 1389//1389 428//428
f 1455//1455 496//496 441//441
f 488//488 490//490 489//489
f 495//495 490//490 488//488
f 493//493 495//495 1456//1456
f 494//494 499//499 495//495
f 493//493 1456//1456 496//496
f 1401//1401 497//497 1455//1455
f 1457//1457 1462//1462 497//497 1401//1401
f 1458//1458 490//490 495//495
f 499//499 630//630 1458//1458
f 1459//1459 1461//1461 498//498 1460//1460
f 1462//1462 1459//1459 1460//1460
f 493//493 500//500 494//494
f 498//498 1461//1461 493//493
f 630//630 629//629 1458//1458
f 503//503 502//502 1463//1463
f 1464//1464 501//501 503//503
f 1465//1465 1466//1466 1467//1467
f 1468//1468 1469//1469 1466//1466
f 1470//1470 1113//1113 801//801
f 506//506 508//508 382//382
f 1115//1115 1109//1109 1113//1113
f 1085//1085 1109//1109 1115//1115
f 515//515 279//279 513//513
f 510//510 509//509 1102//1102
f 274//274 1102//1102 509//509 1116//1116
f 512//512 275//275 265//265 281//281
f 1117//1117 1471//1471 1472//1472
f 1118//1118 1473//1473 1117//1117
f 1471//1471 1117//1117 1474//1474
f 284//284 1475//1475 282//282
f 1476//1476 1299//1299 1477//1477
f 507//507 1301//1301 1300//1300
f 516//516 1478//1478 515//515
f 1114//1114 1479//1479 511//511
f 511//511 1479//1479 533//533
f 511//511 533//533 520//520 509//509
f 520//520 1116//1116 509//509
f 280//280 1472//1472 1480//1480
f 1477//1477 1299//1299 1292//1292 1481//1481
f 1110//1110 515//515 507//507
f 1478//1478 531//531 1301//1301
f 528//528 1482//1482 1115//1115
f 1483//1483 528//528 1115//1115
f 534//534 533//533 1479//1479
f 535//535 521//521 520//520
f 526//526 540//540 1475//1475 518//518
f 1474//1474 1484//1484 1471//1471
f 1484//1484 1485//1485 1471//1471
f 530//530 532//532 549//549
f 1482//1482 528//528 1486//1486
f 1478//1478 1487//1487 531//531
f 529//529 528//528 1483//1483
f 542//542 1483//1483 1488//1488
f 531//531 1489//1489 1490//1490
f 536//536 1491//1491 537//537
f 1471//1471 1485//1485 1493//1493 1492//1492
f 606//606 538//538 540//540
f 1484//1484 1494//1494 1485//1485
f 532//532 531//531 1495//1495
f 1495//1495 1496//1496 532//532
f 544//544 534//534 547//547
f 547//547 1486//1486 1497//1497
f 1498//1498 1491//1491 536//536
f 1499//1499 1318//1318 1342//1342
f 542//542 1499//1499 1342//1342
f 553//553 1500//1500 542//542
f 1489//1489 1501//1501 1490//1490
f 1502//1502 1501//1501 1503//1503
f 527//527 1504//1504 1497//1497
f 1487//1487 1491//1491 1505//1505
f 1342//1342 1506//1506 542//542
f 1496//1496 1507//1507 532//532
f 550//550 532//532 1507//1507
f 1508//1508 554//554 550//550
f 1506//1506 1509//1509 553//553
f 1510//1510 1511//1511 1512//1512
f 1513//1513 555//555 1507//1507
f 551//551 553//553 1509//1509 1514//1514
f 1507//1507 555//555 1508//1508
f 552//552 1515//1515 1516//1516
f 1515//1515 552//552 551//551
f 1511//1511 1513//1513 1496//1496
f 1505//1505 1517//1517 1489//1489
f 1518//1518 560//560 1519//1519
f 1520//1520 1506//1506 1521//1521
f 1509//1509 1520//1520 567//567
f 1519//1519 1354//1354 550//550
f 554//554 1518//1518 1519//1519
f 1506//1506 1520//1520 1509//1509
f 554//554 1522//1522 1518//1518
f 554//554 1523//1523 1522//1522
f 556//556 1524//1524 554//554
f 1510//1510 1503//1503 1525//1525
f 417//417 563//563 418//418
f 560//560 563//563 417//417
f 1526//1526 1520//1520 1521//1521 569//569
f 1518//1518 1522//1522 561//561
f 567//567 1520//1520 565//565
f 561//561 1527//1527 1528//1528
f 565//565 1526//1526 566//566
f 566//566 580//580 1529//1529
f 571//571 434//434 425//425
f 1530//1530 1531//1531 1392//1392
f 1530//1530 1532//1532 1533//1533
f 1530//1530 1533//1533 1531//1531
f 573//573 1534//1534 571//571
f 571//571 1534//1534 1535//1535
f 1534//1534 1536//1536 1535//1535
f 573//573 1537//1537 1534//1534
f 1531//1531 578//578 1526//1526
f 575//575 1538//1538 563//563
f 575//575 1539//1539 1538//1538
f 572//572 1538//1538 1540//1540
f 1539//1539 1540//1540 1538//1538
f 1536//1536 1534//1534 1537//1537
f 566//566 1526//1526 1541//1541
f 562//562 574//574 563//563
f 1542//1542 575//575 574//574
f 577//577 580//580 1541//1541
f 1540//1540 1539//1539 1537//1537
f 1543//1543 1537//1537 1539//1539
f 1542//1542 574//574 1528//1528
f 1544//1544 1539//1539 1545//1545
f 1546//1546 1547//1547 1384//1384
f 1546//1546 1384//1384 1548//1548
f 1395//1395 1384//1384 437//437
f 1548//1548 1384//1384 1395//1395
f 1379//1379 1549//1549 446//446
f 1387//1387 1390//1390 1550//1550 1551//1551
f 1399//1399 1552//1552 1398//1398
f 582//582 440//440 583//583
f 1553//1553 1393//1393 444//444
f 1554//1554 1395//1395 1555//1555
f 1556//1556 1554//1554 1555//1555
f 1557//1557 1558//1558 1551//1551
f 447//447 1559//1559 1396//1396
f 581//581 583//583 1397//1397
f 1560//1560 1398//1398 635//635
f 1561//1561 1553//1553 1535//1535
f 1532//1532 1530//1530 1547//1547
f 1562//1562 1563//1563 1564//1564
f 1393//1393 1553//1553 1562//1562
f 1556//1556 1555//1555 1558//1558
f 1559//1559 1644//1644 1565//1565 1566//1566
f 1567//1567 1568//1568 1532//1532
f 1567//1567 1569//1569 1570//1570
f 1561//1561 1536//1536 1543//1543
f 1571//1571 1276//1276 1263//1263
f 1572//1572 1573//1573 1264//1264
f 378//378 377//377 1574//1574
f 377//377 1575//1575 1574//1574
f 1575//1575 1576//1576 1574//1574
f 381//381 1575//1575 377//377
f 376//376 375//375 588//588
f 1263//1263 1577//1577 1571//1571
f 587//587 1578//1578 589//589
f 538//538 1577//1577 373//373 539//539
f 1579//1579 589//589 1578//1578 1277//1277
f 1574//1574 1576//1576 1580//1580
f 1579//1579 1277//1277 1580//1580
f 599//599 585//585 1581//1581
f 1582//1582 1576//1576 1575//1575
f 1583//1583 380//380 591//591
f 1582//1582 1583//1583 1584//1584
f 1584//1584 1583//1583 591//591
f 1264//1264 1573//1573 1585//1585 1586//1586
f 1581//1581 1264//1264 1586//1586
f 599//599 598//598 593//593
f 1582//1582 596//596 1576//1576
f 1584//1584 594//594 1582//1582
f 598//598 1584//1584 593//593
f 595//595 594//594 598//598
f 1587//1587 1585//1585 1588//1588
f 1576//1576 1589//1589 1580//1580
f 1590//1590 600//600 1591//1591
f 597//597 595//595 600//600
f 597//597 1592//1592 1589//1589
f 597//597 600//600 1592//1592
f 595//595 598//598 600//600
f 1593//1593 1594//1594 1494//1494
f 1595//1595 1596//1596 1597//1597
f 1598//1598 1587//1587 1599//1599
f 1600//1600 1597//1597 607//607
f 1586//1586 1601//1601 1591//1591
f 610//610 1590//1590 1602//1602
f 1603//1603 1592//1592 1590//1590
f 1604//1604 524//524 1493//1493
f 606//606 1605//1605 1606//1606
f 1599//1599 605//605 1598//1598
f 1597//1597 1603//1603 610//610
f 610//610 1602//1602 611//611
f 608//608 613//613 609//609
f 1497//1497 614//614 602//602
f 1516//1516 1515//1515 615//615
f 614//614 1497//1497 615//615
f 524//524 1608//1608 1609//1609
f 1610//1610 604//604 1607//1607
f 613//613 1610//1610 1593//1593
f 1610//1610 613//613 604//604
f 1611//1611 1607//1607 1606//1606
f 1611//1611 1610//1610 1607//1607
f 1610//1610 1604//1604 1593//1593
f 1604//1604 1610//1610 1611//1611
f 1612//1612 1611//1611 1606//1606
f 1613//1613 1604//1604 1612//1612
f 1525//1525 1517//1517 1524//1524
f 1517//1517 1505//1505 622//622
f 623//623 1614//1614 614//614
f 1615//1615 1608//1608 1616//1616
f 1608//1608 1612//1612 1614//1614
f 623//623 1608//1608 1614//1614
f 1523//1523 1524//1524 621//621
f 620//620 1617//1617 621//621
f 1616//1616 623//623 620//620 622//622
f 1618//1618 616//616 1619//1619
f 1544//1544 624//624 1620//1620
f 1544//1544 1545//1545 1617//1617
f 1544//1544 1617//1617 1621//1621
f 1544//1544 1621//1621 624//624
f 1458//1458 629//629 490//490
f 636//636 635//635 1552//1552 1622//1622
f 1623//1623 1457//1457 1401//1401
f 1459//1459 632//632 1624//1624 1468//1468
f 501//501 1464//1464 1625//1625
f 1626//1626 1467//1467 1469//1469
f 1627//1627 1623//1623 1400//1400
f 1457//1457 1623//1623 1628//1628
f 1629//1629 636//636 1622//1622
f 1628//1628 633//633 632//632
f 1624//1624 631//631 1626//1626
f 1625//1625 1630//1630 501//501
f 1626//1626 1630//1630 1467//1467
f 1560//1560 634//634 1557//1557
f 1566//1566 1565//1565 1631//1631 581//581
f 1560//1560 635//635 634//634
f 1629//1629 634//634 636//636
f 1629//1629 629//629 1632//1632
f 1628//1628 1623//1623 1633//1633
f 1632//1632 628//628 1630//1630
f 1633//1633 1632//1632 1634//1634
f 631//631 1634//1634 1626//1626
f 1633//1633 631//631 633//633
f 640//640 1570//1570 1556//1556
f 1635//1635 1637//1637 1636//1636 1631//1631
f 1627//1627 1637//1637 1623//1623
f 1637//1637 1638//1638 1639//1639
f 1638//1638 638//638 1639//1639
f 1635//1635 1638//1638 1637//1637
f 1637//1637 1633//1633 1623//1623
f 1637//1637 1639//1639 1633//1633
f 1640//1640 1641//1641 1642//1642
f 1642//1642 1641//1641 1643//1643
f 1643//1643 1635//1635 1644//1644
f 637//637 1557//1557 634//634
f 637//637 639//639 1557//1557
f 1565//1565 1644//1644 1635//1635
f 1641//1641 1544//1544 1620//1620
f 642//642 1620//1620 625//625
f 663//663 661//661 662//662
f 648//648 647//647 658//658
f 652//652 644//644 661//661
f 675//675 663//663 662//662
f 9//9 667//667 13//13
f 675//675 674//674 653//653 1645//1645
f 133//133 680//680 19//19
f 688//688 879//879 24//24
f 679//679 685//685 665//665
f 685//685 672//672 665//665
f 28//28 18//18 684//684
f 894//894 897//897 683//683
f 34//34 670//670 35//35
f 25//25 24//24 30//30
f 40//40 694//694 692//692
f 646//646 40//40 6//6
f 6//6 40//40 693//693
f 707//707 695//695 54//54
f 713//713 708//708 707//707
f 42//42 41//41 44//44
f 45//45 662//662 42//42
f 1014//1014 38//38 712//712
f 716//716 50//50 732//732
f 51//51 732//732 50//50
f 57//57 72//72 58//58
f 735//735 741//741 729//729
f 745//745 66//66 69//69
f 79//79 41//41 76//76
f 66//66 740//740 67//67
f 62//62 756//756 63//63
f 70//70 67//67 740//740
f 43//43 55//55 77//77
f 48//48 79//79 80//80
f 750//750 1646//1646 78//78
f 67//67 765//765 65//65
f 71//71 764//764 67//67
f 80//80 76//76 75//75
f 777//777 765//765 93//93
f 776//776 93//93 765//765
f 92//92 777//777 93//93
f 1647//1647 786//786 763//763
f 767//767 89//89 1647//1647
f 85//85 87//87 772//772
f 84//84 97//97 773//773
f 75//75 762//762 786//786
f 75//75 786//786 796//796
f 80//80 75//75 796//796
f 1063//1063 782//782 775//775
f 786//786 787//787 796//796
f 789//789 1648//1648 791//791
f 97//97 99//99 770//770
f 797//797 787//787 795//795
f 91//91 93//93 800//800
f 504//504 800//800 93//93
f 802//802 785//785 88//88
f 802//802 88//88 1649//1649
f 385//385 1649//1649 88//88
f 385//385 803//803 1649//1649
f 802//802 1649//1649 803//803
f 94//94 1281//1281 1648//1648
f 105//105 107//107 810//810
f 824//824 812//812 813//813
f 106//106 110//110 107//107
f 812//812 105//105 810//810
f 810//810 808//808 812//812
f 828//828 818//818 819//819
f 822//822 824//824 121//121
f 814//814 110//110 112//112
f 117//117 816//816 118//118
f 123//123 820//820 822//822
f 823//823 835//835 821//821
f 108//108 826//826 847//847
f 853//853 147//147 146//146
f 839//839 112//112 111//111
f 114//114 113//113 1122//1122
f 855//855 854//854 811//811
f 285//285 829//829 832//832
f 1127//1127 834//834 836//836
f 1137//1137 837//837 857//857
f 129//129 913//913 864//864
f 863//863 129//129 864//864
f 810//810 872//872 868//868
f 810//810 866//866 872//872
f 872//872 866//866 867//867
f 872//872 867//867 871//871
f 138//138 128//128 103//103
f 1650//1650 809//809 860//860
f 140//140 1650//1650 884//884
f 886//886 1651//1651 1650//1650
f 881//881 809//809 1651//1651
f 879//879 876//876 24//24
f 886//886 142//142 143//143
f 902//902 887//887 143//143
f 881//881 1651//1651 891//891
f 683//683 682//682 894//894
f 900//900 145//145 109//109
f 904//904 853//853 146//146
f 1652//1652 1653//1653 144//144
f 1164//1164 904//904 896//896
f 903//903 853//853 904//904
f 908//908 910//910 920//920
f 871//871 867//867 909//909
f 871//871 908//908 912//912
f 871//871 912//912 870//870
f 871//871 909//909 908//908
f 703//703 725//725 907//907
f 158//158 163//163 159//159
f 160//160 157//157 922//922
f 166//166 1654//1654 64//64
f 933//933 929//929 932//932
f 165//165 64//64 749//749
f 930//930 768//768 936//936
f 934//934 932//932 942//942
f 170//170 942//942 941//941
f 940//940 771//771 791//791
f 950//950 946//946 958//958
f 951//951 956//956 947//947
f 177//177 176//176 1655//1655
f 178//178 180//180 956//956
f 178//178 176//176 175//175
f 178//178 175//175 179//179
f 181//181 957//957 182//182
f 450//450 1407//1407 959//959
f 179//179 177//177 964//964
f 1407//1407 780//780 959//959
f 964//964 1655//1655 965//965
f 972//972 678//678 971//971
f 972//972 971//971 970//970
f 31//31 32//32 30//30
f 32//32 184//184 186//186
f 984//984 966//966 676//676
f 187//187 27//27 989//989
f 687//687 193//193 686//686
f 975//975 974//974 978//978
f 212//212 676//676 205//205
f 202//202 201//201 191//191
f 190//190 193//193 326//326
f 1656//1656 209//209 985//985
f 993//993 995//995 212//212
f 999//999 334//334 990//990
f 212//212 211//211 993//993
f 219//219 993//993 211//211
f 1006//1006 211//211 1005//1005
f 1010//1010 220//220 1006//1006
f 1021//1021 1007//1007 217//217
f 218//218 339//339 1012//1012
f 228//228 1014//1014 215//215
f 1014//1014 727//727 38//38
f 1016//1016 1006//1006 1015//1015
f 226//226 228//228 1017//1017
f 1023//1023 1026//1026 1017//1017
f 1033//1033 227//227 226//226
f 232//232 224//224 1013//1013
f 238//238 1016//1016 1031//1031
f 234//234 236//236 233//233
f 1033//1033 1657//1657 227//227
f 242//242 1033//1033 1032//1032
f 242//242 240//240 1033//1033
f 1035//1035 1222//1222 1217//1217
f 1222//1222 1035//1035 1658//1658
f 1039//1039 1030//1030 232//232
f 1051//1051 1039//1039 232//232
f 1050//1050 254//254 244//244
f 1075//1075 1074//1074 1068//1068
f 356//356 1074//1074 1073//1073
f 1057//1057 1072//1072 1084//1084
f 1074//1074 358//358 1069//1069
f 1078//1078 1071//1071 1057//1057
f 365//365 267//267 1080//1080
f 1081//1081 1082//1082 1061//1061
f 1062//1062 798//798 1063//1063
f 1075//1075 1068//1068 1097//1097
f 1088//1088 1083//1083 1072//1072
f 1079//1079 267//267 1089//1089
f 269//269 778//778 270//270
f 1066//1066 1064//1064 262//262
f 1067//1067 271//271 1065//1065
f 1095//1095 1066//1066 262//262
f 1098//1098 271//271 1067//1067
f 273//273 1086//1086 1102//1102
f 1107//1107 1659//1659 1105//1105
f 269//269 1111//1111 778//778
f 1660//1660 505//505 504//504
f 1110//1110 507//507 271//271
f 1109//1109 1101//1101 1108//1108
f 1085//1085 1087//1087 1109//1109
f 507//507 505//505 1111//1111
f 507//507 506//506 505//505
f 1105//1105 1081//1081 1103//1103
f 280//280 265//265 1091//1091
f 1116//1116 1103//1103 274//274
f 282//282 373//373 283//283
f 296//296 152//152 846//846
f 1661//1661 303//303 851//851
f 303//303 1148//1148 301//301
f 1150//1150 122//122 120//120 1124//1124
f 842//842 1129//1129 1124//1124
f 306//306 305//305 294//294
f 304//304 1125//1125 1126//1126
f 1136//1136 1126//1126 1137//1137
f 1144//1144 1661//1661 321//321
f 1138//1138 1662//1662 1140//1140
f 1146//1146 1148//1148 1661//1661
f 1129//1129 1123//1123 1149//1149
f 309//309 288//288 286//286
f 1141//1141 1136//1136 857//857
f 1142//1142 1132//1132 290//290
f 1142//1142 290//290 1141//1141
f 1143//1143 1138//1138 1140//1140
f 1157//1157 1146//1146 1144//1144
f 312//312 1133//1133 1150//1150
f 1153//1153 309//309 308//308
f 1153//1153 310//310 312//312
f 1151//1151 316//316 1153//1153
f 1154//1154 1143//1143 315//315
f 1158//1158 1154//1154 1156//1156
f 1160//1160 149//149 1162//1162
f 1166//1166 1160//1160 1162//1162
f 296//296 153//153 152//152
f 1174//1174 1165//1165 1163//1163
f 1177//1177 1166//1166 1176//1176
f 980//980 978//978 1181//1181
f 982//982 1180//1180 329//329
f 1184//1184 1178//1178 1174//1174
f 325//325 326//326 340//340
f 323//323 1188//1188 324//324
f 1181//1181 1186//1186 1182//1182
f 336//336 1157//1157 331//331
f 1158//1158 1156//1156 336//336
f 1194//1194 1159//1159 1158//1158
f 345//345 1158//1158 336//336
f 1194//1194 1158//1158 345//345
f 1209//1209 348//348 1199//1199
f 1199//1199 344//344 1208//1208
f 1208//1208 1212//1212 1209//1209
f 1226//1226 1229//1229 1227//1227
f 1226//1226 1225//1225 354//354
f 1229//1229 1226//1226 1224//1224
f 1046//1046 358//358 355//355
f 1234//1234 1232//1232 1228//1228
f 1234//1234 365//365 1232//1232
f 1234//1234 1236//1236 1237//1237
f 1251//1251 1240//1240 1241//1241
f 1251//1251 1250//1250 1240//1240
f 1244//1244 1092//1092 364//364
f 1663//1663 1245//1245 1238//1238
f 369//369 366//366 1250//1250
f 369//369 1243//1243 1664//1664
f 362//362 361//361 1659//1659
f 1659//1659 1107//1107 362//362
f 370//370 372//372 1247//1247
f 1254//1254 1256//1256 1272//1272
f 1258//1258 1255//1255 1254//1254
f 369//369 1258//1258 367//367
f 1664//1664 1665//1665 1256//1256
f 1255//1255 1664//1664 1256//1256
f 1119//1119 1106//1106 1259//1259
f 1262//1262 370//370 373//373
f 1666//1666 1260//1260 1259//1259
f 1266//1266 1256//1256 1667//1667
f 1258//1258 374//374 1252//1252
f 1268//1268 374//374 1258//1258
f 1273//1273 1256//1256 1266//1266
f 1254//1254 1272//1272 1269//1269
f 1268//1268 375//375 374//374
f 1266//1266 1667//1667 1276//1276
f 584//584 1271//1271 1278//1278
f 1270//1270 379//379 378//378
f 1271//1271 586//586 1269//1269
f 793//793 1405//1405 962//962
f 1296//1296 91//91 800//800
f 1283//1283 1286//1286 805//805
f 390//390 1286//1286 1283//1283
f 1298//1298 1284//1284 1297//1297
f 1294//1294 1286//1286 389//389
f 1293//1293 1296//1296 800//800
f 395//395 397//397 1298//1298
f 1293//1293 1306//1306 1296//1296
f 1308//1308 1296//1296 1306//1306
f 1320//1320 1307//1307 1302//1302
f 404//404 1308//1308 1306//1306
f 1310//1310 1296//1296 1309//1309
f 399//399 1314//1314 386//386
f 1319//1319 1292//1292 1307//1307
f 1318//1318 1307//1307 1320//1320
f 401//401 1325//1325 1323//1323
f 549//549 1328//1328 1306//1306
f 1335//1335 1326//1326 405//405
f 1327//1327 1323//1323 1331//1331
f 1327//1327 1331//1331 1334//1334
f 1339//1339 1333//1333 1341//1341
f 460//460 459//459 1326//1326
f 548//548 407//407 1328//1328
f 409//409 1334//1334 1345//1345
f 410//410 409//409 1350//1350
f 1361//1361 1350//1350 1668//1668
f 1669//1669 1361//1361 1668//1668
f 421//421 1361//1361 1669//1669
f 1670//1670 570//570 424//424
f 425//425 1365//1365 1363//1363
f 423//423 1670//1670 424//424
f 1369//1369 1366//1366 427//427
f 426//426 1367//1367 427//427
f 1382//1382 1670//1670 423//423
f 439//439 438//438 1377//1377
f 445//445 435//435 426//426
f 1379//1379 448//448 431//431
f 1386//1386 1380//1380 1374//1374
f 1403//1403 1288//1288 1404//1404
f 1411//1411 793//793 1412//1412
f 1406//1406 1405//1405 1411//1411
f 1410//1410 1406//1406 1411//1411
f 1421//1421 1304//1304 1409//1409
f 457//457 1419//1419 1425//1425
f 1420//1420 1423//1423 457//457
f 456//456 1428//1428 1427//1427
f 1434//1434 1428//1428 456//456
f 1434//1434 456//456 1430//1430
f 465//465 1435//1435 1432//1432
f 465//465 464//464 1431//1431
f 1440//1440 468//468 1340//1340
f 1438//1438 467//467 1439//1439
f 1436//1436 463//463 466//466
f 466//466 1438//1438 1437//1437
f 1440//1440 1437//1437 471//471
f 1442//1442 1441//1441 469//469
f 1443//1443 471//471 482//482
f 481//481 1446//1446 1445//1445
f 480//480 1444//1444 476//476
f 1446//1446 480//480 476//476
f 1446//1446 479//479 1671//1671
f 1446//1446 475//475 479//479
f 1364//1364 475//475 474//474
f 1450//1450 479//479 475//475
f 1450//1450 475//475 1364//1364
f 1452//1452 1451//1451 1449//1449
f 485//485 1449//1449 1447//1447
f 483//483 1452//1452 485//485
f 1375//1375 486//486 432//432
f 484//484 485//485 486//486
f 442//442 492//492 1381//1381
f 1456//1456 1454//1454 496//496
f 498//498 493//493 496//496
f 1401//1401 1455//1455 1402//1402
f 1462//1462 1460//1460 497//497
f 493//493 1461//1461 500//500
f 1466//1466 500//500 1461//1461
f 1464//1464 500//500 1465//1465
f 1465//1465 500//500 1466//1466
f 1468//1468 1466//1466 1461//1461
f 1552//1552 491//491 490//490
f 1115//1115 1113//1113 1470//1470
f 1115//1115 1470//1470 1672//1672
f 510//510 1114//1114 511//511
f 280//280 1480//1480 281//281
f 1473//1473 1474//1474 1117//1117
f 1115//1115 1672//1672 1476//1476
f 507//507 1300//1300 514//514
f 1115//1115 1476//1476 1477//1477
f 1480//1480 525//525 281//281
f 523//523 525//525 1480//1480
f 282//282 1475//1475 539//539
f 1478//1478 1301//1301 507//507
f 533//533 535//535 520//520
f 522//522 521//521 535//535
f 1673//1673 524//524 523//523
f 1609//1609 1674//1674 525//525
f 1499//1499 1488//1488 1318//1318
f 1483//1483 1481//1481 1488//1488
f 1490//1490 1675//1675 531//531
f 542//542 1488//1488 1499//1499
f 1494//1494 1594//1594 1485//1485
f 1274//1274 590//590 1494//1494 1484//1484
f 541//541 542//542 1500//1500
f 1512//1512 1496//1496 1502//1502
f 526//526 522//522 543//543
f 603//603 526//526 545//545
f 552//552 1500//1500 553//553
f 1502//1502 1503//1503 1510//1510 1512//1512
f 1497//1497 1486//1486 527//527
f 546//546 547//547 602//602
f 601//601 546//546 602//602
f 1513//1513 1507//1507 1496//1496
f 553//553 542//542 1506//1506
f 1517//1517 1501//1501 1489//1489
f 1615//1615 1491//1491 1498//1498
f 550//550 1354//1354 548//548
f 554//554 1519//1519 550//550
f 1524//1524 1523//1523 554//554
f 1518//1518 561//561 560//560
f 1522//1522 1527//1527 561//561
f 1520//1520 1526//1526 565//565
f 561//561 1528//1528 562//562
f 578//578 1531//1531 1533//1533
f 1568//1568 1533//1533 1532//1532
f 563//563 572//572 571//571
f 1540//1540 1537//1537 573//573
f 576//576 1533//1533 1568//1568
f 1528//1528 574//574 562//562
f 618//618 580//580 579//579
f 1562//1562 1564//1564 1394//1394
f 1535//1535 444//444 571//571
f 1535//1535 1553//1553 444//444
f 1644//1644 1559//1559 447//447
f 1561//1561 1640//1640 1553//1553
f 1570//1570 1569//1569 1556//1556
f 1642//1642 1643//1643 1563//1563
f 1572//1572 1276//1276 1571//1571
f 1572//1572 1571//1571 1573//1573
f 1279//1279 586//586 592//592
f 380//380 1279//1279 592//592
f 1578//1578 587//587 375//375
f 380//380 592//592 591//591
f 591//591 593//593 1584//1584
f 1585//1585 1573//1573 1588//1588
f 594//594 596//596 1582//1582
f 594//594 1584//1584 598//598
f 1595//1595 1600//1600 589//589
f 1587//1587 1588//1588 1599//1599
f 597//597 1589//1589 1576//1576
f 605//605 538//538 606//606
f 1494//1494 612//612 1593//1593
f 1587//1587 1598//1598 1601//1601
f 1592//1592 1596//1596 1589//1589
f 1592//1592 1597//1597 1596//1596
f 603//603 545//545 601//601
f 1597//1597 610//610 608//608
f 610//610 613//613 608//608
f 1613//1613 1608//1608 524//524
f 1606//1606 603//603 1676//1676
f 602//602 614//614 1614//1614 1677//1677
f 1612//1612 1606//1606 1614//1614
f 623//623 1618//1618 620//620
f 623//623 616//616 1618//1618
f 576//576 1567//1567 625//625
f 624//624 625//625 1620//1620
f 1617//1617 626//626 1621//1621
f 627//627 624//624 1621//1621
f 626//626 627//627 1621//1621
f 1619//1619 619//619 626//626
f 1618//1618 626//626 1617//1617
f 1618//1618 1619//1619 626//626
f 1626//1626 1469//1469 1624//1624
f 1630//1630 502//502 501//501
f 1625//1625 1467//1467 1630//1630
f 1631//1631 1636//1636 581//581
f 1633//1633 633//633 1628//1628
f 1633//1633 1634//1634 631//631
f 1636//1636 1627//1627 582//582
f 1637//1637 1627//1627 1636//1636
f 1543//1543 1641//1641 1640//1640
f 625//625 1570//1570 640//640
f 1641//1641 1635//1635 1643//1643
f 642//642 639//639 1635//1635
f 1543//1543 1539//1539 1641//1641
f 865//865 864//864 913//913
f 146//146 893//893 904//904
f 1170//1170 899//899 898//898
f 346//346 1203//1203 1206//1206
f 1432//1432 1439//1439 467//467
f 644//644 660//660 661//661
f 663//663 675//675 1645//1645
f 654//654 668//668 18//18
f 673//673 45//45 676//676
f 671//671 688//688 669//669
f 676//676 45//45 206//206
f 25//25 32//32 186//186
f 701//701 724//724 1678//1678
f 709//709 37//37 36//36
f 711//711 699//699 708//708
f 68//68 751//751 162//162
f 61//61 737//737 742//742
f 743//743 741//741 738//738
f 746//746 56//56 748//748
f 89//89 755//755 169//169
f 767//767 1647//1647 763//763
f 955//955 780//780 952//952
f 778//778 776//776 783//783
f 1094//1094 80//80 796//796
f 778//778 783//783 798//798
f 792//792 1679//1679 793//793
f 817//817 816//816 843//843
f 854//854 1122//1122 811//811
f 118//118 827//827 116//116
f 322//322 853//853 903//903
f 114//114 1122//1122 298//298
f 119//119 842//842 120//120
f 837//837 838//838 857//857
f 1125//1125 1127//1127 1126//1126
f 126//126 1127//1127 1125//1125
f 892//892 296//296 1172//1172
f 723//723 919//919 918//918
f 1680//1680 916//916 919//919
f 156//156 918//918 911//911
f 918//918 156//156 723//723
f 1681//1681 924//924 921//921
f 927//927 748//748 925//925
f 921//921 924//924 161//161
f 161//161 158//158 157//157
f 926//926 154//154 925//925
f 68//68 162//162 59//59
f 164//164 922//922 163//163
f 935//935 166//166 928//928
f 930//930 932//932 929//929
f 758//758 938//938 167//167
f 930//930 936//936 931//931
f 790//790 944//944 940//940
f 944//944 945//945 940//940
f 952//952 953//953 955//955
f 953//953 948//948 954//954
f 957//957 176//176 958//958
f 977//977 1179//1179 186//186
f 186//186 1179//1179 981//981
f 193//193 980//980 326//326
f 994//994 993//993 1000//1000
f 992//992 337//337 218//218
f 208//208 207//207 215//215
f 1004//1004 1003//1003 1009//1009
f 1011//1011 1021//1021 1012//1012
f 1021//1021 1011//1011 1022//1022
f 227//227 727//727 1014//1014
f 1024//1024 1020//1020 1019//1019
f 1019//1019 352//352 351//351
f 251//251 258//258 1658//1658
f 249//249 248//248 1042//1042
f 1052//1052 1230//1230 1043//1043
f 796//796 797//797 268//268
f 1077//1077 1086//1086 273//273
f 276//276 1090//1090 1089//1089
f 1118//1118 1093//1093 1106//1106
f 1118//1118 1106//1106 1119//1119
f 802//802 801//801 1108//1108
f 1086//1086 1114//1114 510//510
f 126//126 306//306 294//294
f 1151//1151 1124//1124 1129//1129
f 311//311 1133//1133 312//312
f 896//896 895//895 1163//1163
f 1171//1171 1163//1163 901//901
f 343//343 1682//1682 339//339
f 1193//1193 1190//1190 1189//1189
f 1201//1201 1022//1022 1202//1202
f 1206//1206 1203//1203 1205//1205
f 1206//1206 1205//1205 1207//1207
f 346//346 1206//1206 344//344
f 1204//1204 351//351 1205//1205
f 1215//1215 1037//1037 1211//1211
f 1042//1042 1218//1218 1219//1219
f 1047//1047 1223//1223 1222//1222
f 1228//1228 1078//1078 1229//1229
f 1237//1237 1239//1239 363//363
f 1249//1249 1246//1246 1245//1245
f 1261//1261 1248//1248 1107//1107
f 1242//1242 362//362 1248//1248
f 1246//1246 1249//1249 368//368
f 1106//1106 1683//1683 1246//1246
f 1268//1268 1267//1267 1684//1684
f 1268//1268 1684//1684 1574//1574 1277//1277
f 397//397 1685//1685 1298//1298
f 1310//1310 1308//1308 1313//1313
f 1308//1308 1316//1316 1313//1313
f 1315//1315 1316//1316 1686//1686
f 394//394 1686//1686 1429//1429
f 400//400 1312//1312 1322//1322
f 1433//1433 404//404 461//461
f 1326//1326 1336//1336 460//460
f 1329//1329 472//472 1437//1437
f 1336//1336 1438//1438 460//460
f 1336//1336 1329//1329 1437//1437
f 1339//1339 1340//1340 468//468
f 1332//1332 407//407 406//406
f 1343//1343 1338//1338 1347//1347
f 1344//1344 1346//1346 1347//1347
f 570//570 1670//1670 1370//1370
f 1670//1670 1382//1382 1370//1370
f 1378//1378 445//445 1385//1385
f 1379//1379 1385//1385 1394//1394
f 440//440 443//443 583//583
f 793//793 1305//1305 1412//1412
f 1424//1424 1413//1413 455//455
f 396//396 395//395 1419//1419
f 1420//1420 1421//1421 1423//1423
f 1426//1426 1304//1304 1420//1420
f 1425//1425 458//458 457//457
f 1428//1428 1434//1434 1317//1317
f 1316//1316 1433//1433 1435//1435
f 1316//1316 1435//1435 1686//1686
f 1324//1324 462//462 1436//1436
f 1347//1347 1338//1338 469//469
f 1353//1353 1344//1344 1445//1445
f 1364//1364 474//474 1359//1359
f 1687//1687 477//477 1452//1452
f 1402//1402 1455//1455 440//440
f 1462//1462 1628//1628 632//632
f 1475//1475 284//284 1104//1104
f 1487//1487 1478//1478 516//516
f 1482//1482 1486//1486 1479//1479
f 1274//1274 1484//1484 1474//1474
f 1487//1487 516//516 537//537
f 1386//1386 447//447 1396//1396
f 1392//1392 1383//1383 1547//1547
f 1546//1546 1569//1569 1532//1532 1547//1547
f 1394//1394 1393//1393 1562//1562
f 1566//1566 1397//1397 1396//1396
f 1560//1560 1557//1557 1398//1398
f 1581//1581 584//584 1278//1278
f 1595//1595 1579//1579 1580//1580 1589//1589
f 612//612 1688//1688 609//609
f 1613//1613 524//524 1604//1604
f 490//490 1622//1622 1552//1552
f 1465//1465 1467//1467 1625//1625
f 1629//1629 1632//1632 638//638 634//634
f 662//662 713//713 42//42
f 1656//1656 207//207 209//209
f 1022//1022 1026//1026 1023//1023
f 1351//1351 1353//1353 1350//1350
f 560//560 417//417 1349//1349
f 1555//1555 1388//1388 1551//1551
f 563//563 571//571 425//425
f 11//11 10//10 644//644
f 653//653 12//12 11//11
f 664//664 665//665 1689//1689
f 45//45 675//675 662//662
f 709//709 6//6 693//693
f 650//650 711//711 714//714
f 650//650 659//659 651//651
f 725//725 722//722 733//733
f 706//706 718//718 717//717
f 713//713 53//53 55//55
f 731//731 737//737 733//733
f 730//730 58//58 762//762
f 753//753 762//762 72//72
f 767//767 755//755 89//89
f 98//98 97//97 84//84
f 90//90 805//805 1287//1287
f 104//104 826//826 108//108
f 833//833 832//832 831//831
f 844//844 816//816 117//117
f 858//858 820//820 123//123
f 1127//1127 126//126 834//834
f 1121//1121 116//116 302//302
f 1121//1121 1123//1123 117//117
f 862//862 874//874 878//878
f 134//134 882//882 133//133
f 886//886 1650//1650 140//140
f 884//884 860//860 875//875
f 882//882 680//680 133//133
f 875//875 671//671 141//141
f 888//888 1652//1652 144//144
f 1652//1652 1169//1169 1653//1653
f 1680//1680 914//914 1690//1690
f 1678//1678 865//865 913//913
f 912//912 916//916 870//870
f 921//921 725//725 1681//1681
f 950//950 941//941 946//946
f 176//176 957//957 181//181
f 957//957 946//946 945//945
f 182//182 957//957 943//943
f 677//677 657//657 666//666
f 657//657 209//209 5//5
f 976//976 209//209 677//677
f 989//989 29//29 967//967
f 985//985 209//209 986//986
f 1001//1001 1000//1000 993//993
f 1000//1000 996//996 994//994
f 1000//1000 1002//1002 998//998
f 1009//1009 1003//1003 221//221
f 1042//1042 1230//1230 1041//1041
f 1043//1043 1045//1045 1052//1052
f 1658//1658 258//258 1047//1047
f 1056//1056 1044//1044 1058//1058
f 1057//1057 1231//1231 1078//1078
f 1066//1066 257//257 256//256
f 1055//1055 1056//1056 1084//1084 1067//1067
f 1081//1081 1061//1061 1076//1076
f 1082//1082 361//361 1060//1060
f 854//854 299//299 1122//1122
f 854//854 1131//1131 299//299
f 120//120 122//122 124//124
f 1137//1137 1126//1126 837//837
f 1662//1662 848//848 850//850
f 844//844 1129//1129 842//842
f 1126//1126 1136//1136 304//304
f 297//297 846//846 307//307
f 1148//1148 1147//1147 1130//1130
f 34//34 899//899 888//888
f 1170//1170 1652//1652 899//899
f 33//33 319//319 898//898
f 1165//1165 1175//1175 905//905
f 313//313 1173//1173 295//295
f 1002//1002 332//332 998//998
f 1190//1190 1188//1188 333//333 332//332
f 1192//1192 327//327 1188//1188
f 348//348 1196//1196 1198//1198
f 1212//1212 1215//1215 1211//1211
f 1220//1220 1219//1219 1216//1216 1221//1221
f 1238//1238 1240//1240 1663//1663
f 1245//1245 1663//1663 1240//1240
f 1247//1247 1248//1248 1261//1261
f 1258//1258 1257//1257 1267//1267
f 1252//1252 376//376 1666//1666
f 96//96 1295//1295 1282//1282
f 1672//1672 1470//1470 1280//1280
f 390//390 1289//1289 391//391
f 1309//1309 1308//1308 1310//1310
f 1308//1308 404//404 1316//1316
f 398//398 386//386 388//388
f 462//462 1324//1324 401//401
f 472//472 1337//1337 406//406
f 1668//1668 1360//1360 1669//1669
f 422//422 424//424 420//420
f 1369//1369 1373//1373 1448//1448
f 1373//1373 1368//1368 436//436 1371//1371
f 1378//1378 433//433 1372//1372
f 1382//1382 1383//1383 1370//1370
f 1387//1387 428//428 1390//1390
f 451//451 1413//1413 1403//1403
f 1419//1419 457//457 1418//1418
f 1366//1366 1364//1364 1362//1362
f 1375//1375 492//492 486//486
f 1381//1381 492//492 1375//1375
f 502//502 628//628 630//630
f 1469//1469 1467//1467 1466//1466
f 1675//1675 1495//1495 531//531
f 1490//1490 1501//1501 1675//1675
f 1516//1516 1500//1500 552//552
f 1675//1675 1501//1501 1502//1502
f 1487//1487 1505//1505 1489//1489
f 1514//1514 1515//1515 551//551
f 1511//1511 1525//1525 556//556
f 1513//1513 556//556 555//555
f 1514//1514 559//559 1515//1515
f 559//559 1514//1514 557//557
f 1517//1517 1525//1525 1501//1501
f 1691//1691 578//578 1533//1533
f 576//576 1691//1691 1533//1533
f 578//578 1691//1691 576//576
f 572//572 1540//1540 573//573
f 1526//1526 569//569 568//568
f 575//575 1542//1542 1539//1539
f 440//440 1627//1627 1400//1400
f 1547//1547 1530//1530 1392//1392
f 1564//1564 1563//1563 1644//1644 447//447
f 1609//1609 1608//1608 1674//1674
f 1608//1608 1615//1615 1674//1674
f 1616//1616 622//622 1615//1615
f 1524//1524 1517//1517 622//622
f 627//627 619//619 618//618
f 618//618 579//579 627//627
f 1400//1400 1623//1623 1401//1401
f 1631//1631 1565//1565 1635//1635
f 625//625 1567//1567 1570//1570
f 11//11 652//652 1645//1645
f 48//48 80//80 1094//1094
f 343//343 1191//1191 1197//1197
f 98//98 1283//1283 804//804
f 1098//1098 1083//1083 1112//1112
f 1527//1527 621//621 1528//1528
f 877//877 17//17 16//16
f 1404//1404 780//780 1407//1407
f 151//151 889//889 137//137
f 187//187 189//189 27//27
f 1083//1083 1099//1099 1084//1084
f 1091//1091 265//265 1092//1092
f 289//289 855//855 287//287
f 1155//1155 315//315 1143//1143
f 1149//1149 1147//1147 316//316
f 982//982 319//319 318//318
f 357//357 353//353 358//358
f 1686//1686 394//394 1315//1315
f 403//403 405//405 1326//1326
f 461//461 403//403 459//459
f 1349//1349 417//417 1355//1355
f 477//477 419//419 1360//1360
f 419//419 1687//1687 420//420
f 479//479 1450//1450 1451//1451
f 517//517 525//525 536//536
f 1548//1548 1395//1395 1554//1554
f 607//607 1597//1597 608//608
f 629//629 628//628 1632//1632
f 655//655 654//654 17//17
f 659//659 662//662 660//660
f 30//30 24//24 16//16
f 1168//1168 689//689 897//897 150//150
f 979//979 974//974 1168//1168
f 39//39 50//50 694//694
f 719//719 726//726 717//717
f 1692//1692 706//706 705//705
f 56//56 743//743 738//738
f 73//73 747//747 756//756
f 85//85 772//772 768//768
f 789//789 791//791 95//95
f 1693//1693 835//835 833//833
f 105//105 821//821 1693//1693
f 838//838 820//820 858//858
f 845//845 127//127 292//292
f 860//860 884//884 1650//1650
f 809//809 1650//1650 1651//1651
f 1651//1651 887//887 891//891
f 890//890 891//891 896//896
f 890//890 904//904 893//893
f 705//705 914//914 1692//1692
f 704//704 915//915 914//914
f 915//915 1690//1690 914//914
f 759//759 930//930 929//929
f 450//450 954//954 956//956
f 450//450 959//959 954//954
f 959//959 780//780 955//955
f 29//29 989//989 27//27
f 685//685 679//679 969//969
f 318//318 691//691 981//981
f 984//984 983//983 990//990
f 196//196 968//968 987//987
f 997//997 1656//1656 985//985
f 195//195 197//197 985//985
f 1010//1010 222//222 220//220
f 229//229 1020//1020 230//230
f 229//229 237//237 1019//1019
f 1020//1020 1008//1008 230//230
f 1657//1657 239//239 227//227
f 1045//1045 1050//1050 1052//1052
f 1056//1056 1054//1054 1044//1044
f 1047//1047 1070//1070 1046//1046
f 1055//1055 1050//1050 1053//1053
f 1074//1074 356//356 358//358
f 1068//1068 1070//1070 257//257 1096//1096
f 1077//1077 272//272 1076//1076
f 799//799 778//778 1660//1660
f 505//505 1660//1660 1111//1111
f 1157//1157 1144//1144 331//331
f 299//299 1131//1131 1155//1155
f 1124//1124 1151//1151 312//312
f 308//308 1142//1142 1152//1152
f 1156//1156 1154//1154 317//317
f 1156//1156 1157//1157 336//336
f 1183//1183 1185//1185 328//328
f 1183//1183 328//328 327//327
f 332//332 1009//1009 1189//1189
f 1202//1202 1197//1197 347//347
f 1025//1025 1026//1026 1210//1210 1037//1037
f 1044//1044 1227//1227 1059//1059
f 1228//1228 1079//1079 1078//1078
f 359//359 1242//1242 1241//1241
f 1259//1259 368//368 1253//1253
f 1246//1246 368//368 1259//1259
f 1667//1667 1256//1256 1665//1665
f 371//371 370//370 1665//1665
f 1256//1256 1273//1273 1272//1272
f 584//584 586//586 1271//1271
f 1305//1305 793//793 397//397
f 393//393 1315//1315 394//394
f 1334//1334 1346//1346 1345//1345
f 1376//1376 422//422 1453//1453 1377//1377
f 1386//1386 1391//1391 1380//1380
f 1549//1549 1379//1379 1394//1394
f 583//583 443//443 1391//1391
f 963//963 454//454 965//965
f 451//451 452//452 1413//1413
f 1322//1322 464//464 400//400
f 1441//1441 481//481 1445//1445
f 1671//1671 1445//1445 1446//1446
f 485//485 1447//1447 486//486
f 483//483 484//484 1453//1453
f 495//495 499//499 1458//1458
f 523//523 1480//1480 1673//1673
f 1481//1481 1483//1483 1477//1477
f 1475//1475 540//540 539//539
f 537//537 1491//1491 1487//1487
f 529//529 1516//1516 527//527
f 526//526 603//603 1605//1605
f 566//566 1529//1529 564//564
f 564//564 617//617 558//558
f 621//621 1545//1545 1528//1528
f 1395//1395 1388//1388 1555//1555
f 1546//1546 1548//1548 1569//1569
f 1567//1567 1532//1532 1569//1569
f 1554//1554 1556//1556 1569//1569
f 1577//1577 1588//1588 1571//1571
f 1571//1571 1588//1588 1573//1573
f 1583//1583 381//381 380//380
f 607//607 589//589 1600//1600
f 1591//1591 600//600 599//599
f 1494//1494 1688//1688 612//612
f 1603//1603 1597//1597 1592//1592
f 1462//1462 632//632 1459//1459
f 581//581 1636//1636 582//582
f 1643//1643 1644//1644 1563//1563
f 638//638 1632//1632 1639//1639
f 637//637 1635//1635 639//639
f 798//798 782//782 1063//1063
f 1342//1342 1327//1327 411//411
f 1120//1120 1119//1119 1275//1275
f 9//9 664//664 1689//1689
f 699//699 698//698 708//708
f 1010//1010 230//230 222//222
f 329//329 898//898 319//319
f 1245//1245 1240//1240 1250//1250
f 901//901 1163//1163 895//895
f 1252//1252 1666//1666 1253//1253
f 438//438 1383//1383 1376//1376
f 679//679 19//19 23//23
f 55//55 43//43 713//713
f 725//725 733//733 1681//1681
f 63//63 746//746 64//64
f 169//169 83//83 89//89
f 724//724 865//865 1678//1678
f 999//999 983//983 996//996
f 326//326 203//203 190//190
f 1355//1355 1357//1357 412//412
f 1387//1387 1551//1551 1388//1388
f 454//454 1406//1406 1414//1414
f 1439//1439 1432//1432 461//461
f 9//9 8//8 664//664
f 1645//1645 652//652 663//663
f 702//702 701//701 692//692
f 766//766 760//760 752//752
f 758//758 169//169 755//755
f 811//811 105//105 830//830
f 817//817 843//843 825//825
f 112//112 848//848 840//840
f 852//852 841//841 147//147
f 876//876 878//878 877//877
f 875//875 141//141 884//884
f 323//323 194//194 188//188
f 1201//1201 1210//1210 1026//1026
f 264//264 365//365 364//364
f 270//270 778//778 798//798
f 795//795 802//802 1108//1108
f 127//127 293//293 292//292
f 314//314 307//307 1143//1143
f 299//299 1155//1155 1145//1145
f 1182//1182 980//980 1181//1181
f 1194//1194 1196//1196 1195//1195
f 1229//1229 1231//1231 1227//1227
f 1233//1233 1060//1060 360//360
f 1232//1232 1080//1080 1079//1079
f 1380//1380 1391//1391 1381//1381
f 1686//1686 1430//1430 1429//1429
f 1456//1456 495//495 488//488
f 606//606 540//540 1605//1605
f 1485//1485 1594//1594 1493//1493
f 1597//1597 1600//1600 1595//1595
f 1468//1468 1624//1624 1469//1469
f 632//632 631//631 1624//1624
f 1639//1639 1632//1632 1633//1633
f 639//639 641//641 1557//1557
f 94//94 1648//1648 789//789
f 1572//1572 1264//1264 1276//1276
f 672//672 667//667 1689//1689 665//665
f 84//84 174//174 948//948
f 1032//1032 226//226 1018//1018
f 412//412 1358//1358 413//413
f 1409//1409 1408//1408 1413//1413 1694//1694
f 1289//1289 1288//1288 1303//1303
f 1413//1413 1424//1424 1423//1423
f 1011//1011 1682//1682 1202//1202 1022//1022
f 1525//1525 1511//1511 1510//1510
f 653//653 11//11 1645//1645
f 131//131 20//20 665//665
f 916//916 1680//1680 1690//1690
f 1007//1007 1023//1023 1017//1017
f 210//210 233//233 216//216
f 251//251 250//250 245//245
f 482//482 415//415 1444//1444
f 640//640 1556//1556 641//641
f 17//17 654//654 18//18
f 689//689 681//681 897//897
f 716//716 694//694 50//50
f 729//729 726//726 719//719
f 762//762 763//763 786//786
f 770//770 769//769 97//97
f 111//111 115//115 839//839
f 832//832 856//856 285//285
f 870//870 917//917 861//861
f 176//176 960//960 1655//1655
f 992//992 997//997 337//337
f 236//236 235//235 1015//1015
f 1031//1031 247//247 237//237
f 255//255 252//252 241//241 240//240
f 240//240 242//242 244//244
f 1111//1111 269//269 271//271
f 327//327 1192//1192 336//336
f 1665//1665 1664//1664 371//371
f 780//780 1404//1404 1288//1288
f 409//409 1345//1345 1351//1351
f 1365//1365 1366//1366 1362//1362
f 1368//1368 426//426 436//436
f 1414//1414 1424//1424 455//455
f 1429//1429 458//458 394//394
f 1434//1434 1430//1430 465//465
f 488//488 1454//1454 1456//1456
f 503//503 500//500 1464//1464
f 1519//1519 560//560 1349//1349
f 569//569 1521//1521 410//410
f 568//568 1531//1531 1526//1526
f 1627//1627 440//440 582//582
f 1642//1642 1563//1563 1562//1562
f 1595//1595 589//589 1579//1579
f 1617//1617 620//620 1618//1618
f 1630//1630 1626//1626 1634//1634
f 1630//1630 1634//1634 1632//1632
f 1014//1014 712//712 208//208
f 1283//1283 98//98 781//781 390//390
f 1159//1159 1195//1195 1191//1191
f 343//343 1202//1202 1682//1682
f 1115//1115 1477//1477 1483//1483
f 1536//1536 1537//1537 1543//1543
f 231//231 238//238 229//229
f 1206//1206 1208//1208 344//344
f 323//323 1187//1187 333//333
f 1640//1640 1642//1642 1562//1562
f 47//47 39//39 38//38
f 1692//1692 718//718 706//706
f 736//736 721//721 723//723
f 773//773 82//82 84//84
f 302//302 116//116 827//827
f 159//159 163//163 923//923
f 251//251 1658//1658 246//246
f 508//508 1290//1290 383//383
f 388//388 1304//1304 398//398
f 1344//1344 1351//1351 1345//1345
f 793//793 1411//1411 1405//1405
f 420//420 1687//1687 483//483
f 499//499 1463//1463 630//630
f 576//576 1568//1568 1567//1567
f 590//590 588//588 587//587
f 1619//1619 616//616 617//617
f 670//670 141//141 671//671
f 2//2 37//37 1678//1678
f 47//47 50//50 39//39
f 54//54 695//695 697//697
f 54//54 697//697 728//728
f 728//728 726//726 730//730
f 49//49 750//750 51//51
f 750//750 70//70 51//51
f 783//783 774//774 775//775
f 795//795 785//785 802//802
f 815//815 113//113 111//111
f 853//853 852//852 147//147
f 874//874 861//861 917//917
f 862//862 861//861 874//874
f 103//103 129//129 863//863
f 128//128 139//139 136//136
f 102//102 885//885 138//138
f 901//901 902//902 1653//1653
f 1678//1678 913//913 2//2
f 923//923 922//922 157//157
f 938//938 758//758 1654//1654
f 951//951 950//950 958//958
f 969//969 192//192 970//970
f 976//976 986//986 209//209
f 212//212 995//995 983//983
f 208//208 215//215 1014//1014
f 1017//1017 228//228 1007//1007
f 1030//1030 213//213 232//232
f 1048//1048 1039//1039 1051//1051
f 1084//1084 1056//1056 1058//1058
f 1074//1074 1069//1069 1068//1068
f 799//799 1660//1660 504//504
f 1139//1139 1662//1662 850//850
f 859//859 122//122 857//857
f 1661//1661 1148//1148 303//303
f 293//293 305//305 290//290
f 1150//1150 1133//1133 122//122
f 1143//1143 1145//1145 1155//1155
f 1170//1170 1169//1169 1652//1652
f 1172//1172 1173//1173 1162//1162
f 1177//1177 1181//1181 1167//1167
f 1186//1186 1181//1181 1177//1177
f 342//342 340//340 1182//1182
f 341//341 343//343 338//338
f 1192//1192 345//345 336//336
f 1192//1192 1193//1193 346//346
f 1200//1200 1204//1204 1189//1189
f 351//351 1204//1204 1024//1024
f 1060//1060 1233//1233 357//357
f 1233//1233 1228//1228 1224//1224
f 1243//1243 1251//1251 1241//1241
f 1269//1269 1257//1257 1254//1254
f 1279//1279 379//379 1269//1269
f 1290//1290 514//514 1300//1300
f 386//386 385//385 392//392
f 1335//1335 405//405 1329//1329
f 1330//1330 1324//1324 1341//1341
f 1328//1328 407//407 1332//1332
f 1360//1360 1668//1668 1352//1352
f 410//410 1361//1361 570//570
f 418//418 1363//1363 1356//1356
f 1388//1388 439//439 429//429
f 1397//1397 1391//1391 1386//1386
f 1416//1416 1424//1424 1414//1414
f 1409//1409 1694//1694 1421//1421
f 1418//1418 1416//1416 1415//1415
f 1437//1437 1340//1340 466//466
f 482//482 481//481 1443//1443
f 1352//1352 1671//1671 478//478
f 1457//1457 1628//1628 1462//1462
f 1673//1673 1480//1480 1472//1472
f 542//542 529//529 1483//1483
f 534//534 1479//1479 1486//1486
f 1496//1496 1495//1495 1675//1675
f 1675//1675 1502//1502 1496//1496
f 1594//1594 1604//1604 1493//1493
f 1508//1508 550//550 1507//1507
f 1527//1527 1523//1523 621//621
f 1392//1392 1531//1531 568//568
f 1550//1550 1557//1557 1551//1551
f 1553//1553 1640//1640 1562//1562
f 592//592 586//586 585//585
f 585//585 584//584 1581//1581
f 1599//1599 1588//1588 1577//1577
f 589//589 607//607 590//590
f 1603//1603 1590//1590 610//610
f 1607//1607 606//606 1606//1606
f 611//611 1602//1602 1598//1598
f 613//613 610//610 604//604
f 1539//1539 1544//1544 1641//1641
f 1635//1635 637//637 1638//1638
f 639//639 625//625 640//640
f 833//833 831//831 1693//1693
f 1245//1245 1244//1244 1238//1238
f 992//992 1656//1656 997//997
f 1024//1024 1204//1204 1008//1008
f 905//905 1164//1164 1165//1165
f 1320//1320 1302//1302 1312//1312
f 479//479 478//478 1671//1671
f 1549//1549 1564//1564 446//446
f 1557//1557 1550//1550 1398//1398
f 867//867 865//865 910//910
f 844//844 117//117 1123//1123
f 198//198 196//196 987//987
f 313//313 1176//1176 1173//1173
f 1243//1243 1248//1248 372//372
f 1359//1359 474//474 1358//1358
f 1561//1561 1543//1543 1640//1640
f 861//861 868//868 870//870
f 703//703 906//906 724//724
f 723//723 718//718 1692//1692
f 116//116 1121//1121 117//117
f 130//130 128//128 132//132
f 725//725 703//703 720//720
f 157//157 159//159 923//923
f 1035//1035 246//246 1658//1658
f 1054//1054 1045//1045 1044//1044
f 328//328 1170//1170 329//329
f 1197//1197 1202//1202 343//343
f 385//385 387//387 1302//1302
f 1327//1327 409//409 411//411
f 1352//1352 478//478 1360//1360
f 1439//1439 461//461 460//460
f 489//489 491//491 428//428
f 430//430 488//488 489//489
f 513//513 512//512 517//517
f 1582//1582 381//381 1583//1583
f 4//4 643//643 649//649
f 644//644 645//645 651//651
f 186//186 688//688 26//26
f 691//691 318//318 35//35
f 706//706 696//696 700//700
f 692//692 37//37 693//693
f 699//699 704//704 700//700
f 722//722 716//716 732//732
f 63//63 747//747 746//746
f 162//162 760//760 759//759
f 777//777 752//752 765//765
f 253//253 1063//1063 775//775
f 784//784 786//786 1647//1647
f 771//771 95//95 791//791
f 98//98 804//804 788//788
f 825//825 813//813 817//817
f 1693//1693 821//821 835//835
f 830//830 1693//1693 831//831
f 289//289 1131//1131 854//854
f 917//917 915//915 874//874
f 869//869 868//868 860//860
f 880//880 882//882 134//134
f 891//891 887//887 902//902
f 902//902 895//895 891//891
f 907//907 910//910 906//906
f 938//938 1654//1654 166//166
f 941//941 942//942 939//939
f 982//982 981//981 1179//1179
f 1204//1204 223//223 1008//1008
f 1017//1017 1026//1026 1018//1018
f 239//239 1657//1657 240//240
f 1028//1028 1029//1029 1038//1038
f 1028//1028 232//232 1013//1013
f 1069//1069 1046//1046 1070//1070
f 1062//1062 253//253 252//252
f 1076//1076 1235//1235 356//356
f 1087//1087 1097//1097 1095//1095
f 1472//1472 280//280 1091//1091
f 1473//1473 1120//1120 1275//1275
f 1128//1128 846//846 840//840
f 850//850 298//298 300//300 1139//1139
f 1149//1149 1123//1123 1130//1130
f 1135//1135 1141//1141 290//290
f 1162//1162 1161//1161 1172//1172
f 1179//1179 1180//1180 982//982
f 331//331 330//330 1184//1184
f 1184//1184 1183//1183 327//327
f 1210//1210 1201//1201 347//347
f 1233//1233 1236//1236 1234//1234
f 369//369 1664//1664 1255//1255
f 1284//1284 100//100 1282//1282
f 1331//1331 1330//1330 1341//1341
f 548//548 1348//1348 407//407
f 410//410 1350//1350 1361//1361
f 1367//1367 426//426 1368//1368
f 1471//1471 1492//1492 1673//1673 1472//1472
f 373//373 282//282 539//539
f 1319//1319 1318//1318 1488//1488 1481//1481
f 530//530 1301//1301 531//531
f 1521//1521 1342//1342 410//410
f 556//556 1513//1513 1511//1511
f 564//564 1529//1529 617//617
f 618//618 617//617 1529//1529
f 581//581 1397//1397 1566//1566
f 1590//1590 1592//1592 600//600
f 1604//1604 1594//1594 1593//1593
f 1606//1606 1605//1605 603//603
f 1505//1505 1491//1491 1615//1615
f 1604//1604 1611//1611 1612//1612
f 1608//1608 1613//1613 1612//1612
f 623//623 1616//1616 1608//1608
f 1464//1464 1465//1465 1625//1625
f 26//26 688//688 24//24
f 1010//1010 231//231 230//230
f 1281//1281 1285//1285 1679//1679 1648//1648
f 1285//1285 1284//1284 1298//1298
f 1514//1514 567//567 557//557
f 653//653 674//674 668//668
f 865//865 724//724 906//906
f 413//413 1358//1358 476//476 1444//1444
f 616//616 558//558 617//617
f 713//713 43//43 42//42
f 37//37 701//701 1678//1678
f 919//919 916//916 912//912
f 1407//1407 449//449 1404//1404
f 1536//1536 1561//1561 1535//1535
f 321//321 1661//1661 851//851
f 529//529 541//541 1516//1516
f 1566//1566 1396//1396 1559//1559
f 38//38 40//40 712//712
f 715//715 716//716 722//722
f 881//881 146//146 148//148
f 194//194 323//323 185//185
f 214//214 992//992 218//218
f 220//220 222//222 221//221
f 223//223 1009//1009 221//221
f 1023//1023 1007//1007 1021//1021
f 1029//1029 204//204 206//206
f 1096//1096 257//257 1066//1066
f 320//320 322//322 903//903
f 524//524 1609//1609 525//525
f 543//543 544//544 546//546
f 564//564 558//558 557//557
f 612//612 613//613 1593//1593
f 617//617 619//619 1619//1619
f 621//621 1524//1524 622//622
f 24//24 877//877 16//16
f 4//4 6//6 709//709
f 68//68 59//59 69//69
f 742//742 740//740 66//66
f 65//65 68//68 66//66
f 760//760 751//751 752//752
f 45//45 48//48 1027//1027
f 792//792 791//791 1648//1648 1679//1679
f 822//822 821//821 824//824
f 124//124 822//822 121//121
f 3//3 913//913 130//130
f 128//128 138//138 139//139
f 886//886 887//887 1651//1651
f 153//153 296//296 892//892
f 759//759 761//761 930//930
f 932//932 931//931 942//942
f 975//975 687//687 690//690
f 199//199 337//337 197//197
f 337//337 199//199 198//198
f 204//204 1013//1013 205//205
f 1011//1011 339//339 1682//1682
f 1015//1015 1005//1005 236//236
f 1022//1022 1201//1201 1026//1026
f 1031//1031 1039//1039 247//247
f 246//246 245//245 250//250
f 1058//1058 1044//1044 1059//1059
f 1071//1071 1079//1079 1090//1090
f 1094//1094 263//263 1027//1027
f 1084//1084 1099//1099 1067//1067
f 262//262 261//261 1095//1095
f 1140//1140 1662//1662 1139//1139
f 1141//1141 1134//1134 1133//1133
f 1146//1146 1661//1661 1144//1144
f 1160//1160 1168//1168 150//150
f 903//903 905//905 1175//1175
f 1187//1187 323//323 188//188
f 200//200 325//325 338//338
f 313//313 1159//1159 1191//1191
f 1009//1009 332//332 1002//1002
f 1209//1209 349//349 348//348
f 1211//1211 1210//1210 349//349
f 350//350 1207//1207 1205//1205
f 354//354 1225//1225 1223//1223
f 355//355 358//358 353//353
f 1246//1246 1683//1683 1092//1092
f 1259//1259 1253//1253 1666//1666
f 1277//1277 1578//1578 375//375
f 393//393 1297//1297 1311//1311
f 1327//1327 1334//1334 409//409
f 1669//1669 419//419 421//421
f 1362//1362 1363//1363 1365//1365
f 1369//1369 1368//1368 1373//1373
f 428//428 1388//1388 429//429
f 439//439 1395//1395 437//437
f 440//440 1400//1400 1402//1402
f 453//453 452//452 961//961
f 1417//1417 1412//1412 396//396
f 394//394 458//458 1425//1425
f 1347//1347 1441//1441 1344//1344
f 1453//1453 422//422 483//483
f 486//486 1447//1447 1448//1448
f 515//515 1110//1110 279//279
f 512//512 281//281 525//525 517//517
f 1486//1486 547//547 534//534
f 1492//1492 1493//1493 524//524
f 615//615 1504//1504 1516//1516
f 1370//1370 1392//1392 568//568
f 580//580 566//566 1541//1541
f 1539//1539 1542//1542 1545//1545
f 635//635 1398//1398 1552//1552
f 641//641 1558//1558 1557//1557
f 1688//1688 1494//1494 590//590
f 1581//1581 1591//1591 599//599
f 607//607 609//609 1688//1688
f 579//579 577//577 576//576
f 1622//1622 629//629 1629//1629
f 628//628 502//502 1630//1630
f 738//738 735//735 734//734
f 843//843 119//119 825//825
f 144//144 1653//1653 143//143
f 1148//1148 1130//1130 301//301
f 1459//1459 1468//1468 1461//1461
f 1614//1614 1606//1606 1676//1676
f 1689//1689 667//667 9//9
f 708//708 714//714 711//711
f 910//910 907//907 920//920
f 723//723 1692//1692 914//914
f 64//64 1654//1654 757//757
f 1112//1112 1083//1083 1088//1088 276//276
f 1273//1273 1265//1265 1271//1271
f 1344//1344 1353//1353 1351//1351
f 477//477 479//479 1451//1451
f 722//722 732//732 733//733
f 110//110 104//104 101//101
f 819//819 807//807 147//147
f 345//345 1192//1192 346//346
f 1688//1688 590//590 607//607
f 1046//1046 1069//1069 358//358
f 1516//1516 1504//1504 527//527
f 1596//1596 1595//1595 1589//1589
f 1076//1076 1061//1061 1235//1235
f 769//769 773//773 97//97
f 827//827 303//303 302//302
f 1012//1012 217//217 218//218
f 830//830 105//105 1693//1693
f 136//136 139//139 137//137
f 1680//1680 919//919 723//723
f 1038//1038 206//206 1027//1027
f 259//259 1065//1065 271//271
f 530//530 549//549 1293//1293
f 421//421 420//420 424//424
f 519//519 1116//1116 520//520
f 535//535 534//534 544//544 522//522
f 434//434 571//571 444//444
f 1676//1676 1677//1677 1614//1614
f 579//579 576//576 625//625
f 131//131 664//664 8//8
f 7//7 15//15 647//647
f 707//707 54//54 53//53
f 754//754 753//753 74//74
f 783//783 776//776 774//774
f 818//818 828//828 118//118
f 824//824 813//813 825//825
f 811//811 1122//1122 113//113
f 836//836 823//823 838//838
f 859//859 858//858 123//123
f 867//867 866//866 863//863
f 873//873 710//710 655//655
f 869//869 809//809 808//808
f 880//880 135//135 137//137
f 1653//1653 1169//1169 901//901
f 1690//1690 915//915 917//917
f 165//165 749//749 748//748
f 940//940 939//939 771//771
f 84//84 948//948 953//953
f 179//179 964//964 453//453
f 187//187 1187//1187 188//188
f 1001//1001 1003//1003 1004//1004
f 1657//1657 1033//1033 240//240
f 234//234 233//233 1030//1030
f 1041//1041 1230//1230 1052//1052
f 1047//1047 1222//1222 1658//1658
f 1070//1070 1047//1047 258//258
f 259//259 254//254 1065//1065
f 1090//1090 1088//1088 1071//1071
f 1092//1092 1683//1683 1106//1106
f 849//849 114//114 298//298
f 980//980 975//975 978//978
f 1184//1184 1174//1174 1185//1185
f 1037//1037 1215//1215 1218//1218
f 360//360 359//359 1236//1236
f 359//359 362//362 1242//1242
f 385//385 88//88 90//90 1287//1287
f 1685//1685 1679//1679 1285//1285 1298//1298
f 1299//1299 1476//1476 1672//1672
f 1329//1329 404//404 1306//1306
f 1322//1322 1312//1312 1314//1314
f 1323//1323 1320//1320 402//402
f 1333//1333 1331//1331 1341//1341
f 433//433 1378//1378 431//431
f 457//457 456//456 1427//1427
f 1431//1431 464//464 1322//1322
f 1441//1441 1442//1442 1443//1443
f 1104//1104 519//519 518//518
f 1487//1487 1489//1489 531//531
f 1498//1498 536//536 1674//1674
f 602//602 547//547 1497//1497
f 1527//1527 1522//1522 1523//1523
f 1524//1524 556//556 1525//1525
f 1569//1569 1548//1548 1554//1554
f 1558//1558 641//641 1556//1556
f 1599//1599 1577//1577 538//538
f 1586//1586 1585//1585 1587//1587
f 605//605 604//604 611//611
f 605//605 611//611 1598//1598
f 1515//1515 559//559 615//615
f 1620//1620 642//642 1641//1641
f 712//712 40//40 646//646
f 700//700 696//696 695//695
f 1646//1646 253//253 78//78
f 236//236 216//216 233//233
f 1040//1040 1041//1041 243//243
f 1028//1028 262//262 1064//1064
f 423//423 1376//1376 1382//1382
f 1687//1687 419//419 477//477
f 760//760 162//162 751//751
f 143//143 1653//1653 902//902
f 1164//1164 905//905 904//904
f 948//948 947//947 954//954
f 1239//1239 1238//1238 363//363
f 1435//1435 1433//1433 1432//1432
f 1455//1455 441//441 440//440
f 370//370 1262//1262 1667//1667
f 376//376 1260//1260 1666//1666
f 1337//1337 1332//1332 406//406
f 1374//1374 432//432 431//431
f 1615//1615 1498//1498 1674//1674
f 778//778 1111//1111 1660//1660
f 1295//1295 1296//1296 1311//1311
f 452//452 455//455 1413//1413
f 283//283 1261//1261 1107//1107
f 1664//1664 1243//1243 371//371
f 1195//1195 1197//1197 1191//1191
f 931//931 936//936 939//939
f 1057//1057 1084//1084 1058//1058
f 59//59 61//61 69//69
f 109//109 847//847 900//900
f 914//914 1680//1680 723//723
f 175//175 177//177 179//179
f 241//241 253//253 1646//1646
f 275//275 277//277 278//278
f 1293//1293 1301//1301 530//530
f 1552//1552 1399//1399 1389//1389 491//491
f 275//275 513//513 279//279
f 545//545 546//546 601//601
f 18//18 668//668 684//684
f 973//973 22//22 680//680
f 719//719 721//721 729//729
f 78//78 775//775 774//774
f 779//779 96//96 95//95
f 849//849 848//848 839//839
f 898//898 34//34 33//33
f 181//181 963//963 960//960
f 195//195 986//986 976//976
f 1081//1081 1659//1659 361//361
f 1112//1112 276//276 279//279
f 1081//1081 1105//1105 1659//1659
f 1128//1128 840//840 848//848
f 287//287 286//286 288//288
f 1172//1172 1161//1161 892//892
f 335//335 1184//1184 327//327
f 1226//1226 1221//1221 1216//1216
f 1267//1267 378//378 1684//1684
f 389//389 392//392 1294//1294
f 1311//1311 1297//1297 1295//1295
f 1314//1314 1312//1312 387//387
f 405//405 404//404 1329//1329
f 1410//1410 1412//1412 1422//1422
f 483//483 1687//1687 1452//1452
f 1448//1448 433//433 486//486
f 1482//1482 1479//1479 1114//1114
f 447//447 446//446 1564//1564
f 373//373 1577//1577 1263//1263
f 1581//1581 1586//1586 1591//1591
f 1599//1599 538//538 605//605
f 1601//1601 1586//1586 1587//1587
f 793//793 962//962 794//794
f 378//378 1574//1574 1684//1684
f 681//681 973//973 680//680
f 1171//1171 901//901 1169//1169
f 1492//1492 524//524 1673//1673
f 874//874 873//873 878//878
f 341//341 338//338 325//325
f 502//502 630//630 1463//1463
f 376//376 1275//1275 1119//1119
f 756//756 758//758 755//755
f 1097//1097 1068//1068 1096//1096
f 71//71 774//774 764//764
f 190//190 202//202 191//191
f 1412//1412 1305//1305 396//396
f 969//969 679//679 23//23 192//192
f 76//76 41//41 77//77
f 82//82 773//773 83//83
f 134//134 133//133 132//132
f 888//888 144//144 142//142
f 247//247 1039//1039 1049//1049
f 267//267 365//365 264//264
f 315//315 317//317 1154//1154
f 1159//1159 314//314 1154//1154
f 333//333 991//991 334//334
f 342//342 1191//1191 343//343
f 354//354 1223//1223 355//355
f 367//367 1253//1253 368//368
f 410//410 1342//1342 411//411
f 499//499 500//500 1463//1463
f 517//517 537//537 516//516
f 1514//1514 1509//1509 567//567
f 564//564 567//567 565//565
f 4//4 649//649 648//648
f 15//15 14//14 13//13
f 676//676 966//966 674//674
f 969//969 971//971 685//685
f 689//689 974//974 690//690
f 704//704 699//699 711//711
f 61//61 1681//1681 733//733
f 738//738 734//734 736//736
f 113//113 106//106 811//811
f 114//114 849//849 839//839
f 287//287 855//855 811//811
f 863//863 806//806 103//103
f 883//883 894//894 682//682
f 879//879 688//688 671//671
f 916//916 1690//1690 917//917
f 645//645 710//710 711//711
f 936//936 937//937 771//771
f 943//943 957//957 945//945
f 450//450 180//180 961//961
f 1655//1655 964//964 177//177
f 208//208 5//5 209//209
f 207//207 1656//1656 992//992
f 1204//1204 1200//1200 223//223
f 239//239 1646//1646 750//750
f 1025//1025 248//248 242//242
f 1053//1053 1054//1054 1056//1056
f 1059//1059 1231//1231 1057//1057
f 266//266 278//278 277//277
f 1120//1120 1473//1473 1118//1118
f 1128//1128 848//848 1662//1662
f 300//300 1145//1145 1140//1140
f 1147//1147 1146//1146 1156//1156
f 1167//1167 1168//1168 1160//1160
f 998//998 332//332 334//334
f 1220//1220 1230//1230 1042//1042
f 353//353 357//357 1233//1233
f 588//588 1275//1275 376//376
f 508//508 514//514 1290//1290
f 1301//1301 1293//1293 1291//1291
f 1332//1332 1337//1337 1329//1329
f 1338//1338 1333//1333 1339//1339
f 1354//1354 1519//1519 1349//1349
f 1355//1355 416//416 1357//1357
f 1357//1357 1356//1356 1362//1362
f 429//429 1377//1377 1453//1453
f 1381//1381 1375//1375 1374//1374
f 963//963 1406//1406 454//454
f 1436//1436 466//466 1340//1340
f 1463//1463 500//500 503//503
f 515//515 1478//1478 507//507
f 540//540 526//526 1605//1605
f 1504//1504 615//615 1497//1497
f 580//580 618//618 1529//1529
f 578//578 1541//1541 1526//1526
f 1538//1538 572//572 563//563
f 1528//1528 1545//1545 1542//1542
f 1547//1547 1383//1383 1384//1384
f 381//381 1582//1582 1575//1575
f 596//596 597//597 1576//1576
f 629//629 1622//1622 490//490
f 637//637 638//638 1638//1638
f 1635//1635 1641//1641 642//642
f 647//647 656//656 658//658
f 89//89 784//784 1647//1647
f 1598//1598 1602//1602 1601//1601
f 1676//1676 603//603 602//602 1677//1677
f 684//684 668//668 674//674
f 737//737 731//731 742//742
f 156//156 736//736 723//723
f 415//415 471//471 406//406
f 1406//1406 1410//1410 1414//1414
f 621//621 1617//1617 1545//1545
f 899//899 1652//1652 888//888
f 327//327 329//329 1188//1188
f 1276//1276 1667//1667 1262//1262
f 404//404 1433//1433 1316//1316
f 1360//1360 419//419 1669//1669
f 579//579 624//624 627//627
f 974//974 689//689 1168//1168
f 747//747 63//63 756//756
f 983//983 999//999 990//990
f 793//793 1685//1685 397//397
f 492//492 441//441 496//496
f 841//841 819//819 147//147
f 1264//1264 1581//1581 1278//1278
f 84//84 952//952 780//780
f 1590//1590 1591//1591 1601//1601 1602//1602
f 758//758 757//757 1654//1654
f 192//192 191//191 970//970
f 1204//1204 1203//1203 1189//1189
f 1668//1668 1350//1350 1352//1352
f 1694//1694 1423//1423 1421//1421
f 390//390 781//781 1289//1289
f 752//752 65//65 765//765
f 48//48 1094//1094 1027//1027
f 1110//1110 1112//1112 279//279
f 593//593 585//585 599//599
f 27//27 189//189 31//31
f 89//89 770//770 90//90
f 108//108 847//847 109//109
f 141//141 888//888 142//142
f 158//158 924//924 164//164
f 174//174 171//171 170//170
f 958//958 176//176 178//178
f 239//239 241//241 1646//1646
f 1049//1049 245//245 247//247
f 257//257 1070//1070 258//258
f 263//263 1094//1094 268//268
f 273//273 1102//1102 274//274
f 296//296 846//846 297//297
f 340//340 342//342 341//341
f 389//389 388//388 386//386
f 497//497 1460//1460 498//498
f 549//549 532//532 550//550
f 615//615 559//559 616//616
f 647//647 649//649 643//643
f 186//186 691//691 669//669
f 755//755 74//74 756//756
f 84//84 781//781 98//98
f 152//152 900//900 847//847
f 840//840 846//846 847//847
f 885//885 102//102 145//145
f 925//925 738//738 155//155
f 934//934 167//167 933//933
f 81//81 83//83 169//169
f 943//943 945//945 944//944
f 947//947 174//174 949//949
f 960//960 963//963 965//965 1655//1655
f 690//690 687//687 973//973
f 186//186 981//981 691//691
f 1034//1034 352//352 1019//1019
f 1050//1050 243//243 1041//1041
f 1048//1048 256//256 258//258
f 357//357 1235//1235 1061//1061
f 1089//1089 267//267 266//266
f 795//795 1100//1100 797//797
f 272//272 274//274 1103//1103
f 1115//1115 1482//1482 1114//1114
f 122//122 1134//1134 857//857
f 328//328 1185//1185 1174//1174
f 340//340 326//326 980//980
f 337//337 198//198 200//200
f 1213//1213 1214//1214 1207//1207
f 1242//1242 1248//1248 1243//1243
f 1240//1240 1237//1237 1236//1236
f 1265//1265 1273//1273 1266//1266
f 1672//1672 1280//1280 1299//1299
f 1372//1372 433//433 1373//1373
f 1390//1390 1389//1389 1399//1399
f 1304//1304 399//399 398//398
f 1340//1340 1341//1341 1324//1324
f 469//469 1338//1338 470//470
f 1470//1470 801//801 1280//1280
f 508//508 383//383 382//382
f 1274//1274 1474//1474 1473//1473
f 1292//1292 1319//1319 1481//1481
f 1475//1475 1104//1104 518//518
f 1511//1511 1496//1496 1512//1512
f 1506//1506 1342//1342 1521//1521
f 554//554 1508//1508 555//555
f 577//577 1541//1541 578//578
f 1564//1564 1549//1549 1394//1394
f 1555//1555 1551//1551 1558//1558
f 1277//1277 1574//1574 1580//1580
f 817//817 813//813 807//807
f 904//904 890//890 896//896
f 1106//1106 1246//1246 1259//1259
f 586//586 1279//1279 1269//1269
f 423//423 422//422 1376//1376
f 1516//1516 541//541 1500//1500
f 1679//1679 1685//1685 793//793
f 801//801 1113//1113 1108//1108
f 362//362 1107//1107 1248//1248
f 1435//1435 1430//1430 1686//1686
f 477//477 1451//1451 1452//1452
f 771//771 937//937 768//768
f 95//95 772//772 779//779
f 892//892 1161//1161 149//149
f 1525//1525 1503//1503 1501//1501
f 622//622 1505//1505 1615//1615
f 525//525 1674//1674 536//536
f 183//183 1406//1406 963//963
f 217//217 1012//1012 1021//1021
f 370//370 1667//1667 1665//1665
f 746//746 749//749 64//64
f 766//766 752//752 777//777
f 1413//1413 1423//1423 1694//1694
f 681//681 683//683 897//897
f 113//113 115//115 111//111
f 865//865 906//906 910//910
f 1274//1274 588//588 590//590
f 942//942 931//931 939//939
f 329//329 1180//1180 1188//1188
f 19//19 679//679 20//20
f 260//260 1062//1062 252//252
f 1088//1088 1090//1090 276//276
f 376//376 1119//1119 1260//1260
vn -0.37445303797721863 0.74884086847305298 -0.54682934284210205
vn -0.36095085740089417 0.75502574443817139 -0.54740345478057861
vn -0.51559317111968994 0.65888893604278564 -0.5477491021156311
vn -0.72687625885009766 0.42308583855628967 -0.54097062349319458
vn -0.61191755533218384 0.57053667306900024 -0.54776346683502197
vn -0.68161863088607788 0.48869666457176208 -0.54458385705947876
vn -0.778128981590271 0.32961893081665039 -0.53466498851776123
vn -0.83407282829284668 0.16244561970233917 -0.52719438076019287
vn -0.8102307915687561 0.24800410866737366 -0.53105556964874268
vn -0.49528032541275024 0.67397105693817139 -0.54814273118972778
vn 0.10267845541238785 0.99370443820953369 -0.044817153364419937
vn 0.097733050584793091 0.99468743801116943 -0.032328464090824127
vn 0.20877191424369812 0.97769415378570557 -0.022986434400081635
vn 0.12973383069038391 0.98637539148330688 -0.10115703940391541
vn 0.26172611117362976 0.95795351266860962 -0.11757788062095642
vn 0.1388426274061203 0.98322814702987671 -0.11825896054506302
vn 0.25094807147979736 0.96480333805084229 -0.078610174357891083
vn 0.22746823728084564 0.97318774461746216 -0.034114167094230652
vn 0.29836469888687134 0.9534914493560791 -0.042808119207620621
vn 0.17634804546833038 0.98313444852828979 -0.048456903547048569
vn 0.14368638396263123 0.98873865604400635 -0.041833486407995224
vn 0.28575325012207031 0.95812010765075684 -0.018732167780399323
vn 0.35498133301734924 0.93453198671340942 -0.025262435898184776
vn 0.37399646639823914 0.92651724815368652 -0.041139807552099228
vn 0.31887969374656677 0.94577646255493164 -0.061827402561903
vn 0.23007354140281677 0.97124391794204712 -0.061248552054166794
vn 0.37194564938545227 0.9282490611076355 -0.0031742805149406195
vn 0.22159582376480103 0.9750409722328186 -0.013797886669635773
vn 0.40384948253631592 0.91303741931915283 -0.057169094681739807
vn 0.16248945891857147 0.9865642786026001 -0.016973124817013741
vn 0.36616253852844238 0.93048053979873657 0.01144479401409626
vn 0.48789986968040466 0.8709336519241333 -0.058551322668790817
vn 0.36161872744560242 0.92757290601730347 -0.094023331999778748
vn 0.50613600015640259 0.86225545406341553 -0.01849069818854332
vn 0.49349573254585266 0.86974811553955078 0.00041609033360145986
vn 0.4642271101474762 0.88535267114639282 0.025373648852109909
vn 0.5499802827835083 0.83476763963699341 0.026166440919041634
vn 0.56909537315368652 0.82172912359237671 -0.02986137755215168
vn 0.35758846998214722 0.93363362550735474 0.021419085562229156
vn 0.41016900539398193 0.91134399175643921 0.034836139529943466
vn 0.60775011777877808 0.79361617565155029 0.028515351936221123
vn 0.47397533059120178 0.88047826290130615 0.010266735218465328
vn 0.5277104377746582 0.8480687141418457 0.047970369458198547
vn 0.55379414558410645 0.82822299003601074 -0.085782602429389954
vn 0.66242766380310059 0.74718344211578369 -0.053911700844764709
vn 0.65418887138366699 0.75557136535644531 -0.033895291388034821
vn 0.57985222339630127 0.81456255912780762 0.01610075868666172
vn 0.71801233291625977 0.69211184978485107 -0.073752760887145996
vn 0.6477016806602478 0.76185792684555054 0.0074191903695464134
vn 0.67073202133178711 0.74135464429855347 0.022624216973781586
vn 0.62091076374053955 0.78217911720275879 0.051629450172185898
vn 0.69623178243637085 0.71594858169555664 0.05175819993019104
vn 0.72926604747772217 0.68411380052566528 -0.012622101232409477
vn 0.82895570993423462 0.55567389726638794 -0.06370987743139267
vn 0.72892487049102783 0.6843564510345459 0.018023751676082611
vn 0.80196601152420044 0.597259521484375 0.011468736454844475
vn 0.70780706405639648 0.70536834001541138 0.038270477205514908
vn 0.77881157398223877 0.62636899948120117 0.033382833003997803
vn 0.79979497194290161 0.59986066818237305 -0.022252382710576057
vn 0.85632055997848511 0.51513135433197021 0.036806851625442505
vn 0.77270251512527466 0.63333684206008911 -0.042605817317962646
vn 0.89234155416488647 0.45040327310562134 -0.029384223744273186
vn 0.87866652011871338 0.47739771008491516 -0.0060443696565926075
vn 0.85859310626983643 0.50536906719207764 -0.08613952249288559
vn 0.92022019624710083 0.38655728101730347 -0.061386551707983017
vn 0.88495039939880371 0.46536269783973694 0.017329411581158638
vn 0.81632876396179199 0.57602554559707642 0.042449753731489182
vn 0.90873676538467407 0.41515928506851196 0.042898062616586685
vn 0.84666293859481812 0.52921402454376221 0.055627625435590744
vn 0.89567673206329346 0.44118830561637878 0.05582142248749733
vn 0.91300606727600098 0.40784582495689392 -0.0090406294912099838
vn 0.77487057447433472 0.62937778234481812 0.058814607560634613
vn 0.87022966146469116 0.48575347661972046 0.082121342420578003
vn 0.91984373331069946 0.37708491086959839 -0.10814107209444046
vn 0.93088805675506592 0.36501407623291016 0.014563831500709057
vn 0.91571354866027832 0.40115568041801453 0.023297986015677452
vn 0.90724271535873413 0.41510456800460815 0.067814983427524567
vn 0.96109968423843384 0.26372772455215454 -0.082067452371120453
vn 0.96268093585968018 0.24733544886112213 -0.10986615717411041
vn 0.93673884868621826 0.34508559107780457 0.058619517832994461
vn 0.94709968566894531 0.3178480863571167 0.044438887387514114
vn 0.95165324211120605 0.3071647584438324 -0.0024346536956727505
vn 0.95214033126831055 0.30374902486801147 -0.034137438982725143
vn 0.44405215978622437 0.88822734355926514 -0.11777037382125854
vn 0.65814000368118286 0.74422276020050049 -0.11394831538200378
vn 0.10853938013315201 0.99276381731033325 -0.051372960209846497
vn 0.12083145976066589 0.99039530754089355 -0.06720772385597229
vn 0.64750033617019653 0.75968480110168457 0.060185827314853668
vn 0.76380956172943115 0.64135938882827759 0.072478339076042175
vn 0.94604867696762085 0.32252836227416992 0.031102489680051804
vn 0.9532698392868042 0.30137926340103149 0.021145729348063469
vn 0.9343603253364563 0.34556686878204346 0.086915552616119385
vn -0.23429162800312042 0.94816309213638306 0.21469554305076599
vn -0.26499870419502258 0.9376225471496582 0.22503262758255005
vn -0.19899658858776093 0.95133781433105469 0.23528018593788147
vn -0.14356286823749542 0.95784842967987061 0.24882952868938446
vn -0.15842781960964203 0.96286344528198242 0.21861991286277771
vn -0.25238093733787537 0.94757974147796631 0.19595037400722504
vn 0.95633065700531006 0.29227566719055176 -0.0025659475941210985
vn 0.97119784355163574 0.23783800005912781 -0.014416694641113281
vn 0.95832532644271851 0.28370580077171326 -0.0335192009806633
vn 0.95712149143218994 0.28889173269271851 0.021447215229272842
vn 0.9692654013633728 0.24538403749465942 0.017643885686993599
vn 0.93975114822387695 0.33650520443916321 0.060266438871622086
vn 0.97255134582519531 0.22176395356655121 0.070459991693496704
vn 0.96258336305618286 0.26430851221084595 0.059785325080156326
vn 0.95353513956069946 0.29953873157501221 0.032362267374992371
vn 0.98028337955474854 0.19562515616416931 0.027844022959470749
vn 0.97777897119522095 0.20187085866928101 0.056537218391895294
vn 0.98268914222717285 0.18298719823360443 -0.028943456709384918
vn 0.9917982816696167 0.12488237023353577 -0.027212798595428467
vn 0.97964286804199219 0.19394874572753906 -0.051804333925247192
vn 0.98475950956344604 0.16856023669242859 0.042850755155086517
vn 0.96924114227294922 0.24330294132232666 0.037085261195898056
vn 0.95433342456817627 0.29512196779251099 0.046376030892133713
vn 0.9897536039352417 0.14170393347740173 0.017543604597449303
vn 0.99107027053833008 0.13333107531070709 -0.0015867529436945915
vn 0.99679440259933472 0.077896080911159515 -0.018250886350870132
vn 0.98394054174423218 0.17820362746715546 -0.01021871343255043
vn 0.98796147108078003 0.14009334146976471 0.065619878470897675
vn 0.99427628517150879 0.091633401811122894 -0.054936293512582779
vn 0.99877524375915527 0.048884585499763489 0.007639146875590086
vn 0.99160665273666382 0.12572205066680908 0.030169198289513588
vn 0.99695897102355957 0.074608594179153442 0.0225023552775383
vn 0.99247783422470093 0.11078115552663803 0.052107993513345718
vn 0.96577239036560059 0.25446784496307373 0.050297513604164124
vn 0.9580986499786377 0.27231374382972717 0.088838040828704834
vn 0.98672032356262207 0.14205735921859741 0.078757636249065399
vn 0.99182111024856567 0.096531301736831665 -0.083501733839511871
vn 0.98747974634170532 0.13928265869617462 -0.07405436784029007
vn 0.99692970514297485 0.046830493956804276 -0.06275445967912674
vn 0.99366670846939087 0.085640579462051392 0.072747193276882172
vn 0.9971575140953064 0.03683852031826973 0.065724946558475494
vn 0.99705982208251953 0.011745951138436794 -0.075721524655818939
vn 0.99447941780090332 0.046143338084220886 -0.09424184262752533
vn 0.998779296875 0.0040939874015748501 -0.049225326627492905
vn 0.99920415878295898 0.035121850669384003 0.018907405436038971
vn 0.98827803134918213 0.12216202914714813 0.09155862033367157
vn 0.99420201778411865 0.053975578397512436 0.093000121414661407
vn 0.99854415655136108 0.039271611720323563 0.036976773291826248
vn 0.99385696649551392 0.0027264119125902653 -0.1106388196349144
vn 0.99088156223297119 0.076363340020179749 -0.1110060065984726
vn 0.99610042572021484 0.087443545460700989 -0.011731105856597424
vn 0.99859786033630371 0.041898198425769806 -0.032354753464460373
vn 0.99976223707199097 0.0031708786264061928 -0.021574607118964195
vn 0.99652403593063354 -0.00066299253376200795 0.083303414285182953
vn 0.99741047620773315 0.012891662307083607 0.070754379034042358
vn -0.15458513796329498 0.98066335916519165 -0.1200115755200386
vn -0.20353962481021881 0.97120499610900879 -0.1238243579864502
vn -0.12761512398719788 0.98598212003707886 -0.10748764872550964
vn -0.1064634844660759 0.99262744188308716 -0.057933740317821503
vn -0.080481119453907013 0.99452024698257446 -0.066725060343742371
vn -0.13583026826381683 0.98783820867538452 -0.0756688192486763
vn -0.056913372129201889 0.99434953927993774 -0.089609637856483459
vn -0.089034289121627808 0.99064087867736816 -0.10345809161663055
vn -0.11184816062450409 0.98665046691894531 -0.11836717277765274
vn -0.07455800473690033 0.9896659255027771 -0.12248459458351135
vn -0.14081177115440369 0.9798274040222168 -0.14181078970432281
vn -0.17046602070331573 0.97633016109466553 -0.1331191211938858
vn -0.09686557948589325 0.99207442998886108 -0.080033838748931885
vn -0.16922637820243835 0.98130112886428833 -0.091708816587924957
vn -0.1358819305896759 0.98967617750167847 -0.045575525611639023
vn -0.092528335750102997 0.99495655298233032 -0.038729660212993622
vn -0.053564764559268951 0.99575495719909668 -0.074852190911769867
vn -0.098649173974990845 0.99089217185974121 -0.091656915843486786
vn -0.041321966797113419 0.99743694067001343 -0.058412592858076096
vn -0.073598630726337433 0.99598246812820435 -0.051011830568313599
vn -0.018026547506451607 0.9975123405456543 -0.068148002028465271
vn -0.02501106821000576 0.99627244472503662 -0.082556836307048798
vn 0.014970824122428894 0.99782299995422363 -0.064227446913719177
vn -0.0044895410537719727 0.99850732088088989 -0.054433736950159073
vn 0.043015092611312866 0.99810367822647095 -0.044031839817762375
vn 0.0070597878657281399 0.99722820520401001 -0.074068240821361542
vn 0.039270751178264618 0.99641180038452148 -0.074975714087486267
vn 0.016312059015035629 0.99827349185943604 -0.056425996124744415
vn -0.030452359467744827 0.99319732189178467 -0.11239098757505417
vn 0.049875658005475998 0.99496829509735107 -0.086893543601036072
vn 0.018374698236584663 0.99448674917221069 -0.10323984920978546
vn 0.06681254506111145 0.99556976556777954 -0.066158100962638855
vn -0.0064783655107021332 0.99586319923400879 -0.090633727610111237
vn 0.033892963081598282 0.99924713373184204 -0.018880452960729599
vn 0.061899945139884949 0.99756395816802979 -0.032163988798856735
vn 0.0074714124202728271 0.99920511245727539 -0.039157308638095856
vn 0.099830836057662964 0.9939645528793335 -0.045478701591491699
vn 0.11681739240884781 0.98986119031906128 -0.080798894166946411
vn 0.072829917073249817 0.99169474840164185 -0.10600613802671432
vn 0.11228418350219727 0.99138885736465454 -0.067382335662841797
vn 0.074152447283267975 0.99715560674667358 -0.013496872037649155
vn 0.091665111482143402 0.99523597955703735 -0.033209137618541718
vn -0.19908294081687927 0.96866756677627563 -0.14848937094211578
vn -0.18644455075263977 0.97900712490081787 -0.082362174987792969
vn -0.20561812818050385 0.97621607780456543 -0.068726740777492523
vn -0.16404956579208374 0.98438960313796997 -0.06375596672296524
vn -0.047053009271621704 0.99839824438095093 -0.031416755169630051
vn 0.094724357128143311 0.98805898427963257 -0.12151838093996048
vn 0.063576057553291321 0.99069327116012573 -0.12035313993692398
vn 0.11151137948036194 0.98854732513427734 -0.10168293863534927
vn -0.0062710610218346119 0.99966520071029663 -0.02510237880051136
vn -0.030779413878917694 0.99863249063491821 -0.042258173227310181
vn 0.1018659770488739 0.99342513084411621 -0.052247524261474609
vn 0.48308253288269043 -0.28408592939376831 -0.82820677757263184
vn 0.44824033975601196 -0.3801027238368988 -0.80907511711120605
vn 0.51124483346939087 -0.19798511266708374 -0.8363196849822998
vn 0.43255132436752319 -0.41659921407699585 -0.79959017038345337
vn 0.36105045676231384 -0.55330199003219604 -0.75066602230072021
vn 0.16533783078193665 -0.75127792358398438 -0.63894045352935791
vn 0.33666267991065979 -0.59027069807052612 -0.73364758491516113
vn 0.28189647197723389 -0.65490901470184326 -0.70116233825683594
vn -0.0099149858579039574 -0.80507248640060425 -0.5930936336517334
vn 0.06609790027141571 -0.79000115394592285 -0.60953199863433838
vn -0.017004955559968948 -0.80425310134887695 -0.5940435528755188
vn -0.97938227653503418 0.19980132579803467 -0.029828691855072975
vn -0.94886535406112671 0.31568107008934021 3.6138855648459867E-05
vn -0.93557798862457275 0.35214722156524658 -0.026194099336862564
vn -0.51732802391052246 0.84001320600509644 0.16355283558368683
vn -0.39217653870582581 0.90103739500045776 0.18528124690055847
vn -0.57986259460449219 0.80701678991317749 0.11172828823328018
vn -0.85633319616317749 0.51209825277328491 0.066699601709842682
vn -0.75627779960632324 0.64718008041381836 0.095926076173782349
vn -0.79040861129760742 0.60922074317932129 0.064065024256706238
vn -0.99418222904205322 0.10204625129699707 -0.034471239894628525
vn -0.9816431999206543 0.18965308368206024 0.02020656131207943
vn -0.93037480115890503 0.36408543586730957 0.042947519570589066
vn -0.87659043073654175 0.48018139600753784 0.031859520822763443
vn -0.65921288728713989 0.74495106935501099 0.10240249335765839
vn -0.73129624128341675 0.67945152521133423 0.059593681246042252
vn -0.79368257522583008 0.60711508989334106 0.038460768759250641
vn 0.061071984469890594 0.94665378332138062 0.31641244888305664
vn 0.1077442392706871 0.94463366270065308 0.30993297696113586
vn 0.028593389317393303 0.95458358526229858 0.29656806588172913
vn 0.34151542186737061 0.88343077898025513 0.32080715894699097
vn 0.21018381416797638 0.92341881990432739 0.32112371921539307
vn 0.45901590585708618 0.82540202140808105 0.32865777611732483
vn 0.84627687931060791 0.42720687389373779 0.31829196214675903
vn 0.77382898330688477 0.54289597272872925 0.32627081871032715
vn 0.69832527637481689 0.62016814947128296 0.35739785432815552
vn 0.66295933723449707 0.6834445595741272 0.30559518933296204
vn 0.55590909719467163 0.75202834606170654 0.35414466261863708
vn 0.15324079990386963 0.94104725122451782 0.30157467722892761
vn 0.053235061466693878 0.95463055372238159 0.29299584031105042
vn 0.52332288026809692 0.79378211498260498 0.30990815162658691
vn -0.018265750259160995 0.95470225811004639 0.29700157046318054
vn -0.025025121867656708 0.96140933036804199 0.27398139238357544
vn 0.86465126276016235 0.36772483587265015 0.34228157997131348
vn 0.88912510871887207 0.35850656032562256 0.28448119759559631
vn -0.94692939519882202 0.20178492367267609 -0.25021505355834961
vn -0.94897252321243286 0.17548561096191406 -0.2620227038860321
vn -0.95410722494125366 0.13711152970790863 -0.26623257994651794
vn -0.94709956645965576 0.17502810060977936 -0.26901215314865112
vn -0.93089574575424194 0.25617080926895142 -0.2604028582572937
vn -0.94370925426483154 0.18579231202602386 -0.27366778254508972
vn -0.92752623558044434 0.27829724550247192 -0.24949096143245697
vn -0.95755636692047119 0.1358523964881897 -0.25422418117523193
vn -0.93622660636901855 0.25386649370193481 -0.24296419322490692
vn -0.90193402767181396 0.35286834836006165 -0.24899590015411377
vn -0.87481003999710083 0.41627365350723267 -0.24783787131309509
vn -0.95004212856292725 0.19345203042030334 -0.24494142830371857
vn -0.90051501989364624 0.37026265263557434 -0.22798746824264526
vn -0.83278197050094604 0.50989717245101929 -0.21559013426303864
vn -0.921031653881073 0.31376242637634277 -0.23076798021793365
vn -0.82064735889434814 0.53852999210357666 -0.19111095368862152
vn -0.79485064744949341 0.56210237741470337 -0.22858984768390656
vn -0.77411419153213501 0.5846065878868103 -0.24286295473575592
vn -0.85594463348388672 0.44803521037101746 -0.25811478495597839
vn -0.69946342706680298 0.69394749402999878 -0.17084416747093201
vn -0.72411733865737915 0.65060305595397949 -0.22884422540664673
vn -0.66717606782913208 0.71716690063476562 -0.20136465132236481
vn -0.59339612722396851 0.77909135818481445 -0.20223182439804077
vn -0.58373290300369263 0.79798316955566406 -0.14992931485176086
vn -0.53392648696899414 0.83190715312957764 -0.15117214620113373
vn -0.70477616786956787 0.69151765108108521 -0.15841040015220642
vn -0.60703092813491821 0.78195029497146606 -0.14165870845317841
vn -0.51797181367874146 0.83808350563049316 -0.17123442888259888
vn -0.64744669198989868 0.73987859487533569 -0.18273605406284332
vn -0.43214604258537292 0.88273590803146362 -0.18446449935436249
vn -0.61233693361282349 0.76119256019592285 -0.21361027657985687
vn -0.45450952649116516 0.88001370429992676 -0.13782955706119537
vn -0.50331574678421021 0.8545575737953186 -0.12808044254779816
vn -0.41424334049224854 0.90363204479217529 -0.10886497795581818
vn -0.36094206571578979 0.92350894212722778 -0.12981529533863068
vn -0.40878587961196899 0.89972460269927979 -0.15293696522712708
vn -0.36316540837287903 0.9182441234588623 -0.15791971981525421
vn -0.33840730786323547 0.93490433692932129 -0.1069314256310463
vn -0.27481678128242493 0.94966477155685425 -0.15037490427494049
vn -0.26508164405822754 0.95734047889709473 -0.11502594500780106
vn -0.26424476504325867 0.95875048637390137 -0.10474851727485657
vn -0.28975844383239746 0.94735836982727051 -0.13620622456073761
vn -0.20018778741359711 0.97203212976455688 -0.1227940246462822
vn -0.23919224739074707 0.96715265512466431 -0.086039572954177856
vn -0.94990575313568115 0.20025280117988586 -0.23995380103588104
vn -0.18380944430828094 0.97189158201217651 -0.14710813760757446
vn -0.27996978163719177 0.94671410322189331 -0.15921473503112793
vn -0.22333152592182159 0.96414917707443237 -0.1433156281709671
vn -0.21318410336971283 0.97164446115493774 -0.10227229446172714
vn -0.54768961668014526 0.8279879093170166 -0.12030006945133209
vn -0.19188855588436127 0.97788465023040771 -0.083188563585281372
vn -0.26279789209365845 -0.96233665943145752 0.069608986377716064
vn -0.22026738524436951 -0.96960937976837158 0.10648936033248901
vn -0.30780643224716187 -0.94691371917724609 0.092788100242614746
vn -0.33376935124397278 -0.9410669207572937 0.054691135883331299
vn -0.39201152324676514 -0.917816162109375 0.062772922217845917
vn -0.48848447203636169 -0.8707154393196106 0.056899741291999817
vn -0.86115258932113647 -0.50616252422332764 -0.047072030603885651
vn -0.83712083101272583 -0.5469321608543396 0.0096894195303320885
vn -0.91229104995727539 -0.40901106595993042 -0.020857248455286026
vn -0.91387563943862915 -0.40216264128684998 -0.055646419525146484
vn -0.98075538873672485 -0.19292217493057251 -0.029998453333973885
vn -0.95496475696563721 -0.29577848315238953 -0.02360880933701992
vn -0.9720802903175354 -0.23453064262866974 0.0074373888783156872
vn -0.17747284471988678 -0.98021382093429565 0.087659895420074463
vn -0.98629838228225708 -0.14882712066173553 -0.071175955235958099
vn -0.96208906173706055 -0.26552131772041321 -0.062313921749591827
vn 0.045239251106977463 0.81148791313171387 -0.5826154351234436
vn 0.17761074006557465 0.74398654699325562 -0.64415717124938965
vn 0.02027435228228569 0.82014530897140503 -0.57179594039916992
vn 0.47772660851478577 0.29621025919914246 -0.82706516981124878
vn 0.50851446390151978 0.19614215195178986 -0.83841592073440552
vn 0.46162241697311401 0.34462469816207886 -0.81739741563796997
vn 0.50899457931518555 0.19572128355503082 -0.83822298049926758
vn 0.13247789442539215 -0.98646271228790283 -0.096648275852203369
vn 0.082556970417499542 -0.99157172441482544 -0.099849186837673187
vn 0.044746547937393188 -0.99233615398406982 -0.11518102139234543
vn -0.09434095025062561 -0.98546886444091797 -0.14124773442745209
vn -0.040247805416584015 -0.99167585372924805 -0.12230738252401352
vn -0.1226712241768837 -0.98251873254776001 -0.14003103971481323
vn -0.046550232917070389 -0.99039208889007568 -0.13021731376647949
vn -0.0026361097116023302 -0.99332880973815918 -0.11528652161359787
vn -0.18037976324558258 -0.97371947765350342 -0.13904491066932678
vn -0.17884878814220428 -0.9708867073059082 -0.1593492180109024
vn 0.020621810108423233 -0.9941551685333252 -0.10597309470176697
vn -0.10232255607843399 -0.9871249794960022 -0.1229405552148819
vn -0.038121297955513 -0.99279642105102539 -0.11358699202537537
vn 0.088467128574848175 -0.99199682474136353 -0.090087875723838806
vn 0.046525601297616959 -0.99410706758499146 -0.097910426557064056
vn 0.11257641762495041 -0.98947781324386597 -0.090885557234287262
vn 0.12992671132087708 -0.9883226752281189 -0.079607777297496796
vn 0.17330135405063629 -0.98199796676635742 -0.075144402682781219
vn 0.020779028534889221 -0.9949951171875 -0.097739242017269135
vn -0.043801605701446533 -0.99300986528396606 -0.10960304737091064
vn 0.064364194869995117 -0.99399036169052124 -0.088546358048915863
vn 0.096412390470504761 -0.99210017919540405 -0.080261297523975372
vn -0.071450047194957733 -0.99122834205627441 -0.11118125915527344
vn -0.13335557281970978 -0.98409217596054077 -0.11738339811563492
vn -0.013029817491769791 -0.99466574192047119 -0.10232459008693695
vn 0.03146994486451149 -0.99537241458892822 -0.090793028473854065
vn 0.1594579666852951 -0.98443281650543213 -0.073926649987697601
vn 0.16590601205825806 -0.98386222124099731 -0.067009665071964264
vn 0.13916695117950439 -0.98770761489868164 -0.071177579462528229
vn -0.04345272108912468 -0.99484473466873169 -0.091628678143024445
vn -0.090130582451820374 -0.99060636758804321 -0.10283708572387695
vn -0.031931541860103607 -0.99438810348510742 -0.10085993260145187
vn 0.026091480627655983 -0.99597567319869995 -0.085742264986038208
vn 0.0034283141139894724 -0.9957013726234436 -0.092557944357395172
vn 0.062655039131641388 -0.99458485841751099 -0.082917340099811554
vn -0.15583600103855133 -0.98093008995056152 -0.11615224927663803
vn -0.0006659494829364121 -0.99631392955780029 -0.085779428482055664
vn 0.11803600937128067 -0.99063259363174438 -0.068662494421005249
vn 0.10242851823568344 -0.99203532934188843 -0.073309823870658875
vn -0.12758062779903412 -0.98012959957122803 -0.15188521146774292
vn -0.20041464269161224 -0.96480423212051392 -0.1702549159526825
vn -0.038696106523275375 -0.99091988801956177 -0.12876507639884949
vn 0.037778403609991074 -0.9930989146232605 -0.11102840304374695
vn 0.10057618468999863 -0.98891419172286987 -0.10923873633146286
vn 0.14909607172012329 -0.9832872748374939 -0.10448217391967773
vn 0.14580444991588593 -0.9851377010345459 -0.090800628066062927
vn 0.057038519531488419 -0.9953380823135376 -0.077773258090019226
vn -0.16248047351837158 0.81195658445358276 -0.56064838171005249
vn -0.21746973693370819 0.79816985130310059 -0.56181120872497559
vn -0.2116248607635498 0.79990392923355103 -0.56157690286636353
vn -0.13005979359149933 0.82001864910125732 -0.55736327171325684
vn -0.24300003051757812 0.79153692722320557 -0.56073188781738281
vn -0.111691914498806 0.82260036468505859 -0.55754244327545166
vn 0.20682775974273682 -0.95664995908737183 0.20504410564899445
vn 0.32493257522583008 -0.92053687572479248 0.21686558425426483
vn 0.27995821833610535 -0.93453490734100342 0.21969956159591675
vn 0.76437532901763916 -0.58897221088409424 0.26237764954566956
vn 0.84333419799804688 -0.46371778845787048 0.27157554030418396
vn 0.81984037160873413 -0.494834303855896 0.28809848427772522
vn 0.88982439041137695 -0.36355191469192505 0.27575823664665222
vn 0.71166360378265381 -0.6476626992225647 0.27215421199798584
vn 0.74740993976593018 -0.59611141681671143 0.29330793023109436
vn 0.63625317811965942 -0.72007453441619873 0.27690169215202332
vn 0.23802389204502106 -0.94223868846893311 0.23564991354942322
vn 0.14601700007915497 -0.96491169929504395 0.21823014318943024
vn 0.16499057412147522 -0.96294605731964111 0.21333786845207214
vn 0.37981656193733215 -0.89285659790039062 0.24196383357048035
vn 0.54305785894393921 -0.79831743240356445 0.26034107804298401
vn 0.35970008373260498 -0.89836323261260986 0.25210970640182495
vn 0.71117043495178223 -0.6306605339050293 0.31065079569816589
vn 0.59964573383331299 -0.74571037292480469 0.2904151976108551
vn 0.081921480596065521 -0.97644490003585815 0.19961021840572357
vn 0.86591619253158569 -0.3986879289150238 0.30205479264259338
vn 0.896445631980896 -0.33160513639450073 0.29397839307785034
vn 0.67721635103225708 -0.69101160764694214 0.25274673104286194
vn 0.58128494024276733 -0.77682602405548096 0.24217581748962402
vn -0.99875277280807495 -0.04991627112030983 0.0011399872601032257
vn -0.999076247215271 -0.024353530257940292 -0.035406451672315598
vn -0.99495452642440796 -0.09385623037815094 -0.035447772592306137
vn -0.99293512105941772 -0.11852860450744629 0.00555375125259161
vn -0.99705344438552856 0.007382427342236042 -0.076353967189788818
vn -0.99716335535049438 -0.019365236163139343 -0.0727338045835495
vn -0.99953752756118774 0.0046464633196592331 -0.030051754787564278
vn -0.99493056535720825 -0.070920862257480621 -0.071297630667686462
vn -0.19196920096874237 -0.80212104320526123 -0.56546413898468018
vn -0.25675386190414429 -0.79010117053985596 -0.55661267042160034
vn -0.21381974220275879 -0.79881250858306885 -0.56229859590530396
vn -0.15338273346424103 -0.80606639385223389 -0.57160359621047974
vn -0.13366420567035675 -0.80726343393325806 -0.57485616207122803
vn -0.094646260142326355 -0.80820661783218384 -0.58124363422393799
vn 0.90355890989303589 -0.27272257208824158 0.33045974373817444
vn 0.86630731821060181 -0.3718382716178894 0.33353856205940247
vn 0.92111188173294067 -0.24222142994403839 0.30476504564285278
vn 0.89748626947402954 -0.32509231567382812 0.29804936051368713
vn 0.9460633397102356 -0.18839022517204285 0.26357787847518921
vn 0.9335293173789978 -0.16302147507667542 0.31929147243499756
vn 0.95625650882720947 -0.092722445726394653 0.27744564414024353
vn 0.96156913042068481 0.0087063256651163101 0.27442494034767151
vn 0.95266991853713989 0.018590372055768967 0.30343776941299438
vn 0.95093107223510742 -0.047788098454475403 0.30569007992744446
vn 0.89680862426757812 -0.34835836291313171 0.27272841334342957
vn 0.9259418249130249 -0.26344969868659973 0.27060303092002869
vn 0.96484959125518799 -0.081007413566112518 0.25000616908073425
vn 0.015079144388437271 -0.9875258207321167 0.15673355758190155
vn -0.021848849952220917 -0.98946696519851685 0.14310047030448914
vn -0.0099210022017359734 -0.99036097526550293 0.13815481960773468
vn -0.10152352601289749 -0.98821389675140381 0.11456973105669022
vn -0.072938226163387299 -0.9879421591758728 0.13656596839427948
vn -0.15054984390735626 -0.98163384199142456 0.11717376857995987
vn -0.21326771378517151 -0.97117054462432861 0.10651125758886337
vn -0.1879764050245285 -0.97848093509674072 0.085087768733501434
vn -0.96533316373825073 0.054130293428897858 -0.2553463876247406
vn -0.96121895313262939 0.097055219113826752 -0.25814417004585266
vn -0.96613764762878418 0.0033880902919918299 -0.25800490379333496
vn -0.96418720483779907 0.038358211517333984 -0.26243418455123901
vn -0.96022838354110718 -0.0010804637568071485 -0.27921372652053833
vn -0.96336597204208374 -0.0019231815822422504 -0.2681833803653717
vn -0.95978361368179321 0.071618780493736267 -0.27145200967788696
vn -0.94884300231933594 0.16401407122612 -0.26980802416801453
vn -0.95491224527359009 0.13169859349727631 -0.26607918739318848
vn -0.96126341819763184 0.11494475603103638 -0.25052022933959961
vn -0.96223247051239014 0.11502056568861008 -0.24673669040203094
vn 0.52696013450622559 0.12879610061645508 -0.84007418155670166
vn 0.53918689489364624 0.058902699500322342 -0.84012377262115479
vn 0.53433209657669067 0.095235183835029602 -0.83989256620407104
vn -0.72223252058029175 -0.64839655160903931 -0.24075333774089813
vn -0.74062544107437134 -0.62283605337142944 -0.25208967924118042
vn -0.61126947402954102 -0.75648456811904907 -0.23255270719528198
vn -0.53266239166259766 -0.8185393214225769 -0.21509113907814026
vn -0.41144746541976929 -0.88997328281402588 -0.19661769270896912
vn -0.80671674013137817 -0.53614777326583862 -0.24850291013717651
vn -0.84090763330459595 -0.47005823254585266 -0.26817828416824341
vn -0.55330240726470947 -0.80580145120620728 -0.21104609966278076
vn -0.4468400776386261 -0.87372177839279175 -0.19220870733261108
vn -0.35410347580909729 -0.91671150922775269 -0.18506947159767151
vn -0.88024336099624634 -0.39685526490211487 -0.26014897227287292
vn -0.62840211391448975 -0.74634796380996704 -0.21926133334636688
vn -0.70973145961761475 -0.66690599918365479 -0.22697499394416809
vn -0.77940082550048828 -0.58166122436523438 -0.23281881213188171
vn -0.24213087558746338 -0.95640277862548828 -0.16329824924468994
vn -0.19227321445941925 -0.97121703624725342 -0.14060039818286896
vn -0.32781755924224854 -0.92920780181884766 -0.17061226069927216
vn -0.9429054856300354 -0.20831950008869171 -0.25986960530281067
vn -0.95337605476379395 -0.14481942355632782 -0.26476681232452393
vn -0.91682904958724976 -0.30094167590141296 -0.26240932941436768
vn -0.84844130277633667 -0.46678495407104492 -0.24951784312725067
vn -0.90908706188201904 -0.32993727922439575 -0.25436615943908691
vn -0.88216382265090942 -0.40473031997680664 -0.24079117178916931
vn -0.33509883284568787 -0.93066459894180298 -0.14687459170818329
vn -0.39805939793586731 -0.90176564455032349 -0.16842633485794067
vn -0.28307256102561951 -0.94764107465744019 -0.14780497550964355
vn -0.92969095706939697 -0.27198278903961182 -0.24839495122432709
vn -0.20588667690753937 -0.96345412731170654 -0.17136745154857635
vn -0.18816985189914703 -0.96902650594711304 -0.1599365770816803
vn -0.30085515975952148 -0.93505406379699707 -0.18751022219657898
vn -0.95620965957641602 -0.15048126876354218 -0.25103488564491272
vn -0.58659601211547852 -0.78775519132614136 -0.18800769746303558
vn -0.71667814254760742 -0.66464614868164062 -0.21122951805591583
vn -0.66674643754959106 -0.7151532769203186 -0.20977360010147095
vn -0.5261191725730896 -0.83178150653839111 -0.17702591419219971
vn -0.5688776969909668 -0.79832261800765991 -0.1976340264081955
vn -0.48943430185317993 -0.85342103242874146 -0.17923912405967712
vn -0.40790766477584839 -0.89969462156295776 -0.15543797612190247
vn -0.12874695658683777 -0.98605340719223022 -0.10546497255563736
vn -0.21935349702835083 -0.96796035766601562 -0.12221617251634598
vn -0.17290930449962616 -0.97777307033538818 -0.11858415603637695
vn -0.82197976112365723 -0.22572119534015656 -0.52287596464157104
vn -0.69840800762176514 -0.4684302806854248 -0.54110938310623169
vn -0.76971989870071411 -0.34982916712760925 -0.53399515151977539
vn -0.81309163570404053 -0.2423393726348877 -0.52929538488388062
vn -0.83044040203094482 -0.13281236588954926 -0.54104495048522949
vn 0.96285641193389893 -0.26365241408348083 -0.058265902101993561
vn 0.91625070571899414 -0.39191567897796631 -0.082986436784267426
vn 0.97264724969863892 -0.21250727772712708 -0.093797765672206879
vn 0.91336041688919067 -0.40445777773857117 -0.046761114150285721
vn 0.96447449922561646 -0.2628767192363739 -0.026167526841163635
vn 0.93331629037857056 -0.35864585638046265 -0.01714298315346241
vn 0.92072844505310059 -0.38736867904663086 0.046953730285167694
vn 0.90335685014724731 -0.42821863293647766 0.023982459679245949
vn 0.95982193946838379 -0.27593111991882324 0.051028031855821609
vn 0.85791689157485962 -0.51226109266281128 0.03958786278963089
vn 0.94694620370864868 -0.31681156158447266 0.054067935794591904
vn 0.91326236724853516 -0.40373289585113525 0.054328430444002151
vn 0.83264946937561035 -0.55186969041824341 0.046202659606933594
vn 0.90901786088943481 -0.41675463318824768 -0.0014414762845262885
vn 0.94997864961624146 -0.31230005621910095 0.0030409032478928566
vn 0.87404859066009521 -0.48575374484062195 0.009073302149772644
vn 0.82874268293380737 -0.55480384826660156 -0.073336638510227203
vn 0.82269114255905151 -0.56832116842269897 -0.013798218220472336
vn 0.88306748867034912 -0.46875220537185669 -0.021522320806980133
vn 0.8208431601524353 -0.57115316390991211 0.00078199035488069057
vn 0.87000107765197754 -0.49246788024902344 0.023948200047016144
vn 0.77351385354995728 -0.63365238904953003 0.012688488699495792
vn 0.84459090232849121 -0.52217984199523926 -0.11829794198274612
vn 0.83300411701202393 -0.5515439510345459 -0.043628480285406113
vn 0.82168900966644287 -0.56930309534072876 -0.026854589581489563
vn 0.77325063943862915 -0.63240361213684082 -0.046358708292245865
vn 0.71794915199279785 -0.69530415534973145 -0.033183630555868149
vn 0.73017978668212891 -0.68310409784317017 -0.014362002722918987
vn 0.75223720073699951 -0.65543955564498901 -0.067365922033786774
vn 0.75791829824447632 -0.6516072154045105 0.031111055985093117
vn 0.65755438804626465 -0.75080031156539917 -0.062619268894195557
vn 0.69163656234741211 -0.72213786840438843 0.012479274533689022
vn 0.65256291627883911 -0.75766170024871826 -0.01050517987459898
vn 0.59403306245803833 -0.8001524806022644 -0.082950107753276825
vn 0.63589131832122803 -0.77129071950912476 -0.027438528835773468
vn 0.57868969440460205 -0.81366032361984253 -0.055453311651945114
vn 0.57569676637649536 -0.8176274299621582 -0.0076551199890673161
vn 0.51880878210067749 -0.85466021299362183 -0.019833823665976524
vn 0.56492346525192261 -0.82448989152908325 -0.032830439507961273
vn 0.45914837718009949 -0.88724654912948608 -0.044455725699663162
vn 0.50093317031860352 -0.86341118812561035 -0.059892114251852036
vn 0.56315302848815918 -0.8254658579826355 -0.038272213190793991
vn 0.51123285293579102 -0.85678070783615112 -0.067585542798042297
vn 0.50985157489776611 -0.85540276765823364 -0.091309972107410431
vn 0.42012155055999756 -0.90487498044967651 -0.068550355732440948
vn 0.45173653960227966 -0.88554191589355469 -0.10839567333459854
vn 0.34634488821029663 -0.93343079090118408 -0.093552872538566589
vn 0.42385292053222656 -0.90205466747283936 -0.081523708999156952
vn 0.39915174245834351 -0.91640001535415649 -0.029815036803483963
vn 0.43502745032310486 -0.89840644598007202 -0.06014169380068779
vn 0.31518757343292236 -0.94617891311645508 -0.073500186204910278
vn 0.31855612993240356 -0.9468148946762085 -0.045426063239574432
vn 0.35634493827819824 -0.93236500024795532 -0.060941226780414581
vn 0.36221903562545776 -0.93082159757614136 -0.04866790771484375
vn 0.41586223244667053 -0.90873050689697266 -0.035601712763309479
vn 0.27221387624740601 -0.95936810970306396 -0.074245482683181763
vn 0.2868693470954895 -0.95602613687515259 -0.060991816222667694
vn 0.25749719142913818 -0.96199804544448853 -0.090856976807117462
vn 0.18666486442089081 -0.97679537534713745 -0.10500974953174591
vn 0.20922748744487762 -0.97484838962554932 -0.076775230467319489
vn 0.30705788731575012 -0.94815617799758911 -0.081947259604930878
vn 0.16265213489532471 -0.98241370916366577 -0.091693095862865448
vn 0.15488635003566742 -0.98422592878341675 -0.085495516657829285
vn 0.20960825681686401 -0.97403520345687866 -0.085555940866470337
vn 0.17352238297462463 -0.98259824514389038 -0.066262513399124146
vn 0.2056201845407486 -0.97636091709136963 -0.066631108522415161
vn 0.2750190794467926 -0.95976096391677856 -0.056775417178869247
vn 0.1777644008398056 -0.98122745752334595 -0.074782602488994598
vn 0.18612241744995117 -0.9805864691734314 -0.061714209616184235
vn 0.22099503874778748 -0.9734872579574585 -0.059023052453994751
vn 0.92675399780273438 -0.35692897439002991 -0.117169588804245
vn 0.96393501758575439 -0.23979067802429199 -0.11545415967702866
vn 0.56393700838088989 -0.8258129358291626 -0.0028430758975446224
vn 0.9532434344291687 -0.29455453157424927 0.067561604082584381
vn 0.90076756477355957 -0.43001669645309448 0.060855928808450699
vn 0.43463718891143799 -0.90030646324157715 -0.023210989311337471
vn 0.46573525667190552 -0.88469463586807251 -0.020151080563664436
vn 0.31187701225280762 -0.94922363758087158 -0.041318118572235107
vn 0.16758881509304047 -0.98314732313156128 -0.073043704032897949
vn 0.15397609770298004 -0.98607504367828369 -0.062828347086906433
vn 0.19071142375469208 -0.97992545366287231 -0.05809725821018219
vn 0.24631421267986298 -0.96780115365982056 -0.051867321133613586
vn -0.84954875707626343 0.018424799665808678 -0.52718830108642578
vn -0.84717017412185669 -0.073155932128429413 -0.52626127004623413
vn -0.84955114126205444 0.011940330266952515 -0.5273711085319519
vn -0.95513492822647095 -0.096405714750289917 -0.28004154562950134
vn -0.96159553527832031 -0.034214917570352554 -0.27232956886291504
vn -0.96029675006866455 0.0011366164544597268 -0.27897816896438599
vn -0.95448106527328491 -0.13710670173168182 -0.26489168405532837
vn -0.9608188271522522 -0.072371937334537506 -0.26756206154823303
vn -0.9451565146446228 -0.18154564499855042 -0.27151498198509216
vn -0.96338707208633423 -0.0058653214946389198 -0.26805025339126587
vn -0.96487182378768921 -0.04765763133764267 -0.25836241245269775
vn -0.96822285652160645 -0.019788254052400589 -0.24930486083030701
vn -0.96608960628509521 -0.0032443823292851448 -0.25818672776222229
vn -0.95579904317855835 -0.11278228461742401 -0.27152955532073975
vn -0.94376695156097412 -0.17269755899906158 -0.2819211483001709
vn -0.9614298939704895 -0.099983461201190948 -0.25623404979705811
vn -0.95713400840759277 -0.14419050514698029 -0.2512042224407196
vn -0.96581530570983887 -0.069132223725318909 -0.2498430609703064
vn 0.95537316799163818 0.087997302412986755 0.28199046850204468
vn 0.95101845264434814 0.045928459614515305 0.30570319294929504
vn 0.96191507577896118 0.024210188537836075 0.27227425575256348
vn 0.94750750064849854 0.15466772019863129 0.2798345685005188
vn 0.9305766224861145 0.18260933458805084 0.31730261445045471
vn 0.88294780254364014 0.32665392756462097 0.33719491958618164
vn 0.91930776834487915 0.25802028179168701 0.29715105891227722
vn 0.91566002368927002 0.29259398579597473 0.27560019493103027
vn 0.96742695569992065 0.060884188860654831 0.2457197904586792
vn 0.95720726251602173 0.13423646986484528 0.25638812780380249
vn 0.94193196296691895 0.20386013388633728 0.26684311032295227
vn 0.99451446533203125 -0.078019656240940094 -0.069670140743255615
vn 0.98753517866134644 -0.13160327076911926 -0.086341381072998047
vn 0.99716651439666748 0.005360177718102932 -0.075034633278846741
vn 0.99863070249557495 -0.015727363526821136 -0.049893669784069061
vn 0.98833638429641724 -0.14287199079990387 -0.052713844925165176
vn 0.97703391313552856 -0.19253943860530853 -0.091286800801753998
vn 0.99964064359664917 -0.016489103436470032 -0.021135454997420311
vn 0.99582356214523315 -0.079210072755813599 -0.045400887727737427
vn 0.98240882158279419 -0.18277116119861603 -0.03830888494849205
vn 0.99421805143356323 -0.10317739844322205 -0.029747558757662773
vn 0.96779561042785645 -0.25047394633293152 -0.025188663974404335
vn 0.98545491695404053 -0.1687050461769104 -0.020424779504537582
vn 0.97646182775497437 -0.21559503674507141 -0.0064102914184331894
vn 0.99987983703613281 -0.00057999655837193131 -0.015491314232349396
vn 0.99954962730407715 -0.028184916824102402 -0.010303006507456303
vn 0.99740904569625854 -0.071469113230705261 -0.0082064075395464897
vn 0.99553889036178589 -0.093837149441242218 0.0098435757681727409
vn 0.98763328790664673 -0.15676324069499969 -0.0024113086983561516
vn 0.99964028596878052 -0.026769360527396202 0.0016377567080780864
vn 0.97189891338348389 -0.23503030836582184 0.013163847848773003
vn 0.96149122714996338 -0.27473261952400208 0.0075220288708806038
vn 0.98719513416290283 -0.15886017680168152 0.014463595114648342
vn 0.99949955940246582 -0.023747893050312996 0.02089703269302845
vn 0.98396295309066772 -0.1751740425825119 0.033629797399044037
vn 0.96315211057662964 -0.26726043224334717 0.030163466930389404
vn 0.99413490295410156 -0.10527752339839935 0.024748343974351883
vn 0.99712103605270386 -0.06570473313331604 0.037848364561796188
vn 0.98304635286331177 -0.1787378340959549 0.040898282080888748
vn 0.99877220392227173 -0.025194566696882248 0.042652785778045654
vn 0.99511867761611938 -0.084676221013069153 0.050682462751865387
vn 0.97203290462493896 -0.23052197694778442 0.044850930571556091
vn 0.998138427734375 -0.022554310038685799 0.056665785610675812
vn 0.99764925241470337 -0.016947086900472641 0.066398389637470245
vn 0.99629205465316772 -0.059079494327306747 0.062543585896492004
vn 0.98628044128417969 -0.15215644240379333 0.064025744795799255
vn 0.99534881114959717 -0.056347940117120743 0.078138411045074463
vn 0.9909788966178894 -0.11275205761194229 0.072441361844539642
vn 0.97346752882003784 -0.21936069428920746 0.065129563212394714
vn 0.97870433330535889 -0.19035838544368744 0.076821513473987579
vn 0.98951441049575806 -0.11735362559556961 0.084198236465454102
vn 0.9965178370475769 -0.0021480745635926723 0.083352126181125641
vn 0.99398195743560791 -0.053950060158967972 -0.095337904989719391
vn 0.95420336723327637 -0.29128217697143555 0.068195447325706482
vn 0.95151025056838989 -0.30273425579071045 0.054591655731201172
vn 0.96613979339599609 -0.24552300572395325 0.079324349761009216
vn 0.98138058185577393 -0.17238759994506836 0.084703236818313599
vn -0.83666211366653442 0.1455615758895874 -0.52802306413650513
vn -0.8472139835357666 0.061583247035741806 -0.52767032384872437
vn -0.8392021656036377 0.12985292077064514 -0.52808898687362671
vn -0.85011947154998779 0.0020565751474350691 -0.52658581733703613
vn -0.84581553936004639 0.079654775559902191 -0.52749520540237427
vn 0.53528624773025513 -0.095592647790908813 -0.83924412727355957
vn 0.51783186197280884 -0.18216590583324432 -0.83586227893829346
vn 0.5175517201423645 -0.18545521795749664 -0.83531224727630615
vn -0.99211412668228149 -0.087166264653205872 -0.090064540505409241
vn -0.99980413913726807 -0.016827398911118507 0.010418187826871872
vn -0.99199718236923218 -0.10617662221193314 -0.068323254585266113
vn 0.99293321371078491 -0.017045276239514351 -0.11744403094053268
vn 0.9669649600982666 0.033050686120986938 -0.25275760889053345
vn 0.965290367603302 -0.013389579951763153 -0.26083564758300781
vn 0.6077086329460144 -0.036246005445718765 -0.79333251714706421
vn -0.98722165822982788 -0.12133583426475525 -0.10330060124397278
vn -0.99172669649124146 0.090143732726573944 -0.091390788555145264
vn -0.85626602172851562 -0.50606256723403931 -0.10348533093929291
vn -0.63467621803283691 -0.77269119024276733 -0.011592603288590908
vn -0.83992105722427368 -0.54226595163345337 -0.021914767101407051
vn -0.95859390497207642 -0.28450068831443787 -0.012535391375422478
vn -0.94172376394271851 -0.3331456184387207 -0.046586904674768448
vn -0.79015094041824341 -0.61214625835418701 0.030633626505732536
vn -0.94158393144607544 -0.31519624590873718 0.11862139403820038
vn -0.93557792901992798 -0.33570465445518494 0.10952772945165634
vn -0.45506522059440613 -0.88937550783157349 -0.043895453214645386
vn -0.61743015050888062 -0.78637528419494629 -0.019847827032208443
vn 0.31844145059585571 -0.22552262246608734 0.92072504758834839
vn 0.26699918508529663 -0.022469211369752884 0.96343475580215454
vn 0.066142536699771881 -0.34870398044586182 0.93489611148834229
vn -0.51780134439468384 0.021585777401924133 -0.85522854328155518
vn -0.4224238395690918 0.0045752911828458309 -0.9063868522644043
vn -0.30657273530960083 0.061187662184238434 -0.9498785138130188
vn 0.10884822160005569 -0.3537634015083313 0.92897981405258179
vn 0.017490122467279434 -0.33042538166046143 0.94367003440856934
vn 0.34556570649147034 -0.20397819578647614 0.91595703363418579
vn 0.41970920562744141 0.90759086608886719 -0.011089976876974106
vn 0.27537944912910461 0.96111893653869629 -0.020408878102898598
vn 0.35596266388893127 0.93443650007247925 0.010907851159572601
vn -0.28717499971389771 -0.95601570606231689 -0.059703312814235687
vn -0.31962361931800842 -0.94675225019454956 -0.038742300122976303
vn -0.28205066919326782 0.003192258533090353 -0.95939421653747559
vn -0.14141394197940826 0.015662007033824921 -0.98982667922973633
vn 0.26053717732429504 -0.12668651342391968 0.95711594820022583
vn -0.016212617978453636 -0.2772635817527771 0.96065711975097656
vn -0.19270676374435425 -0.45345640182495117 0.87019616365432739
vn -0.042274687439203262 -0.19640931487083435 0.97961026430130005
vn 0.22162352502346039 -0.023289646953344345 0.97485417127609253
vn 0.19802381098270416 -0.028176650404930115 0.97979211807250977
vn 0.13371659815311432 -0.037931468337774277 0.99029344320297241
vn 0.1929154247045517 0.9811629056930542 -0.010146529413759708
vn 0.12571194767951965 0.99157911539077759 -0.031101657077670097
vn -0.11898894608020782 -0.70008909702301025 0.70407164096832275
vn -0.036364208906888962 -0.40035411715507507 0.91563868522644043
vn -0.15130174160003662 -0.98834228515625 -0.016950495541095734
vn -0.21005327999591827 -0.97746753692626953 -0.02085169218480587
vn -0.82990622520446777 -0.27718520164489746 0.48417359590530396
vn -0.99553191661834717 -0.094006828963756561 0.0088831819593906403
vn -1 -3.3352542232023552E-05 1.166504171123961E-05
vn -0.9999510645866394 -0.0097803529351949692 -0.0014901638496667147
vn 0.12554273009300232 -0.63433665037155151 -0.76279491186141968
vn -0.14479883015155792 -0.69443172216415405 -0.70483887195587158
vn -0.067084558308124542 -0.45653200149536133 -0.88717424869537354
vn -0.3203575611114502 -0.023983404040336609 0.94699305295944214
vn -0.33671614527702332 -0.0086508076637983322 0.94156646728515625
vn -0.15029087662696838 -0.0017920865211635828 -0.9886401891708374
vn -0.31433781981468201 -0.0084566688165068626 -0.94927352666854858
vn -0.28208580613136292 -0.012983303517103195 -0.95930135250091553
vn 0.066350862383842468 0.010142906568944454 -0.99774479866027832
vn 0.095555879175662994 -0.031474653631448746 -0.9949263334274292
vn -0.018484655767679214 -0.0054030469618737698 -0.99981456995010376
vn -0.058707982301712036 -0.99345207214355469 -0.098011896014213562
vn -0.057876136153936386 -0.99130713939666748 -0.11815483123064041
vn -0.034311052411794662 -0.99648290872573853 -0.07644941657781601
vn 0.073536865413188934 0.99300968647003174 -0.092325851321220398
vn 0.17230626940727234 0.72619026899337769 -0.66555106639862061
vn 0.14790734648704529 0.9824032187461853 -0.11404988169670105
vn 0.24143092334270477 -0.52574765682220459 -0.81565958261489868
vn 0.24358807504177094 -0.26704984903335571 -0.9323890209197998
vn 0.36365985870361328 -0.29187014698982239 -0.88462609052658081
vn -0.9856446385383606 -0.14708440005779266 -0.08289056271314621
vn -0.96792829036712646 -0.21841868758201599 -0.12412945181131363
vn -0.98249411582946777 -0.13147033751010895 -0.13198800384998322
vn -0.99018621444702148 0.046875838190317154 -0.13165833055973053
vn -0.99076789617538452 0.044297534972429276 -0.12812754511833191
vn -0.99351418018341064 -0.028823221102356911 -0.10999466478824615
vn 0.97069668769836426 0.11637257039546967 0.21025066077709198
vn 0.99118626117706299 0.070997230708599091 0.11184465140104294
vn 0.98380810022354126 -0.05478736013174057 0.17064584791660309
vn -0.18521712720394135 -0.67703735828399658 0.71226048469543457
vn -0.77428358793258667 -0.62857699394226074 -0.073320664465427399
vn -0.59928560256958008 -0.7972528338432312 -0.072420068085193634
vn -0.94674134254455566 -0.30505767464637756 -0.10305663198232651
vn -0.90831089019775391 -0.41142517328262329 -0.075502537190914154
vn 0.97061640024185181 0.2339642196893692 0.056254323571920395
vn 0.99644565582275391 0.077473625540733337 0.033074911683797836
vn 0.99687314033508301 0.075800217688083649 0.022323228418827057
vn -0.98641473054885864 -0.14881771802902222 -0.069564737379550934
vn -0.98053687810897827 -0.17484530806541443 -0.089311361312866211
vn 0.98979181051254272 0.075772188603878021 0.12070922553539276
vn 0.97905158996582031 0.16249746084213257 0.12268869578838348
vn 0.97989851236343384 0.17113353312015533 0.10252933949232101
vn -0.99780130386352539 0.048513390123844147 -0.045155160129070282
vn -0.99002498388290405 -0.11666131764650345 -0.078997887670993805
vn -0.99217146635055542 -0.037394408136606216 -0.1191532090306282
vn -0.99694150686264038 -0.018727764487266541 -0.07587452232837677
vn -0.99202114343643188 0.059625718742609024 -0.11108049005270004
vn -0.43031230568885803 -0.90070533752441406 0.059676282107830048
vn -0.94729411602020264 -0.31677636504173279 -0.047817997634410858
vn -0.83503085374832153 -0.54752516746520996 -0.054218538105487823
vn -0.75853121280670166 -0.65072888135910034 -0.034385457634925842
vn 0.97804439067840576 0.18809543550014496 0.089717812836170197
vn 0.99153578281402588 0.11985993385314941 0.049903333187103271
vn 0.97155719995498657 0.23316757380962372 0.04134586825966835
vn -0.50017285346984863 -0.86452317237854004 -0.049262173473834991
vn -0.3655865490436554 -0.93006736040115356 -0.036347620189189911
vn -0.21265512704849243 -0.97678685188293457 -0.025791436433792114
vn -0.19020776450634003 -0.98152965307235718 -0.020507654175162315
vn -0.13603430986404419 -0.99070274829864502 -0.0016611085738986731
vn 0.13111601769924164 -0.66683155298233032 0.73358315229415894
vn -0.11773603409528732 -0.99292826652526855 -0.015221264213323593
vn -0.15218976140022278 -0.98803567886352539 -0.02497548796236515
vn -0.13122415542602539 -0.99128621816635132 -0.011482130736112595
vn -0.044188056141138077 -0.99900639057159424 -0.0058036842383444309
vn -0.99285370111465454 -0.0085774054750800133 0.11902909725904465
vn -0.99995160102844238 -0.0058991815894842148 -0.007877107709646225
vn -0.14775191247463226 -0.62275606393814087 0.76833862066268921
vn 0.10811644047498703 -0.17512853443622589 0.97859126329421997
vn 0.10280298441648483 -0.010019057430326939 0.99465125799179077
vn -0.010791920125484467 -0.0082916999235749245 0.99990737438201904
vn -0.070439733564853668 -0.99730533361434937 -0.020500663667917252
vn -0.082238316535949707 -0.99579232931137085 -0.040428396314382553
vn -0.11106912791728973 -0.99335622787475586 -0.030116608366370201
vn -0.0018693758174777031 -0.99959605932235718 -0.028357919305562973
vn -0.081324614584445953 -0.99421936273574829 -0.070100747048854828
vn -0.056576080620288849 -0.99819278717041016 -0.020256850868463516
vn -0.020185783505439758 -0.9993930459022522 -0.028391066938638687
vn -0.11834658682346344 -0.99010837078094482 -0.075362712144851685
vn 0.13283920288085938 -0.84085732698440552 0.52470248937606812
vn 0.071261376142501831 -0.95806348323822021 0.27755391597747803
vn 0.14989297091960907 -0.89414429664611816 0.42194563150405884
vn 0.11213459819555283 -0.69833099842071533 0.70693683624267578
vn 0.20880021154880524 -0.65257304906845093 0.72838926315307617
vn 0.17901058495044708 -0.55049598217010498 0.81541979312896729
vn 0.037255581468343735 0.99835777282714844 0.043517414480447769
vn 0.027615327388048172 0.99934667348861694 0.023315928876399994
vn -0.012911628000438213 0.99987000226974487 0.0096586970612406731
vn 0.092813119292259216 0.22312766313552856 0.97036063671112061
vn 0.81821948289871216 -0.0083564203232526779 0.57484525442123413
vn 0.20202989876270294 0.01865406334400177 0.97920167446136475
vn -0.95152968168258667 0.30247393250465393 -0.055684860795736313
vn -0.96018123626708984 0.27527981996536255 0.04767657071352005
vn -0.99207282066345215 0.11101169139146805 -0.058888960629701614
vn -0.90410822629928589 0.41221541166305542 0.1125466376543045
vn -0.98880785703659058 0.085322283208370209 0.12238940596580505
vn -0.90766209363937378 0.3794437050819397 0.17936569452285767
vn -0.93893778324127197 0.34206557273864746 -0.037242881953716278
vn -0.82780390977859497 0.54937928915023804 0.11367999017238617
vn -0.91244560480117798 0.40240469574928284 0.074252955615520477
vn -0.78790295124053955 0.61150431632995605 0.072604760527610779
vn -0.86990529298782349 0.49134102463722229 -0.042997155338525772
vn -0.78971201181411743 0.61208182573318481 -0.041361458599567413
vn -0.8794592022895813 0.4730452299118042 -0.052722953259944916
vn -0.66673928499221802 0.74502933025360107 -0.019750826060771942
vn -0.50766754150390625 -0.002581421984359622 -0.86154919862747192
vn -0.62657368183135986 -0.016768405213952065 -0.77918177843093872
vn -0.4414086639881134 -0.042057331651449203 -0.89632004499435425
vn -0.72690224647521973 0.68551063537597656 -0.041088629513978958
vn -0.49108415842056274 0.86849021911621094 -0.067536167800426483
vn -0.041861280798912048 0.34276309609413147 0.93848872184753418
vn 0.22732105851173401 0.18613716959953308 0.95586508512496948
vn -0.24804219603538513 0.53788208961486816 0.80570334196090698
vn 0.4741348922252655 -0.87993961572647095 0.030040537938475609
vn 0.59308958053588867 -0.80115950107574463 0.079926349222660065
vn 0.322835773229599 -0.94601708650588989 0.028788277879357338
vn 0.065037719905376434 0.34965214133262634 0.93461942672729492
vn -0.093316070735454559 0.9939504861831665 -0.05791858583688736
vn 0.089647784829139709 0.8906291127204895 -0.4458061158657074
vn -0.26744076609611511 0.95894730091094971 -0.094315864145755768
vn -0.9999840259552002 -0.0047237505204975605 -0.0031072525307536125
vn -0.99996817111968994 0.0028812757227569818 -0.00743817538022995
vn -0.99901717901229858 -9.8377706308383495E-05 -0.044324450194835663
vn -0.99999213218688965 -0.000669614237267524 0.0039094542153179646
vn -0.94504016637802124 -0.010697457939386368 0.32677924633026123
vn 0.022715499624609947 0.37329310178756714 -0.92743533849716187
vn -0.29798653721809387 0.56619864702224731 -0.7685200572013855
vn 0.068951226770877838 0.52015727758407593 -0.85128265619277954
vn -0.013491212390363216 0.74613100290298462 -0.66566246747970581
vn 0.11635249853134155 0.69716447591781616 -0.70740640163421631
vn -0.99964851140975952 0.026127619668841362 -0.0044909599237143993
vn -0.98703831434249878 0.10078128427267075 -0.12489385157823563
vn -0.99873554706573486 0.050255443900823593 0.0012925808550789952
vn -0.96556937694549561 0.14669111371040344 0.21484287083148956
vn -0.94953876733779907 0.31364914774894714 -0.00059881608467549086
vn -0.5788150429725647 0.81373834609985352 -0.05294344574213028
vn -0.99885016679763794 0.047941204160451889 -0.00015804756549187005
vn -0.99872696399688721 0.036650191992521286 -0.034657996147871017
vn 0.10819709300994873 -0.94796192646026611 -0.29943534731864929
vn 0.086453691124916077 -0.97675424814224243 -0.19615523517131805
vn 0.22102124989032745 -0.97230434417724609 0.0759858638048172
vn 0.18644219636917114 0.42946973443031311 -0.88362610340118408
vn 0.1290680468082428 0.94322049617767334 -0.30606630444526672
vn -0.0020500903483480215 0.99995702505111694 -0.0090439971536397934
vn -0.18154942989349365 0.016883982345461845 0.98323684930801392
vn -0.20254090428352356 0.36969989538192749 0.90680712461471558
vn -0.15871486067771912 0.68489658832550049 0.71114432811737061
vn 0.35497981309890747 0.30797854065895081 -0.88268822431564331
vn 0.37459254264831543 0.019638506695628166 -0.92698150873184204
vn 0.29766419529914856 0.025052899494767189 -0.9543418288230896
vn 0.19775411486625671 0.50677168369293213 -0.83909225463867188
vn 0.31721833348274231 0.57201743125915527 -0.75641822814941406
vn -0.9673963189125061 0.22704806923866272 -0.11222102493047714
vn -0.9866173267364502 0.093928150832653046 -0.13328066468238831
vn -0.9849780797958374 0.12887626886367798 -0.11493086069822311
vn 0.99892169237136841 -0.036740463227033615 0.028382450342178345
vn 0.98991948366165161 -0.097019948065280914 0.10318208485841751
vn 0.99589002132415771 0.034018337726593018 0.0839390829205513
vn 0.99452173709869385 0.044382344931364059 0.094640150666236877
vn 0.98436909914016724 -0.12634517252445221 0.12269642204046249
vn 0.9949524998664856 -0.033076941967010498 0.094738781452178955
vn 0.98193448781967163 -0.15800988674163818 0.10410326719284058
vn -0.98204320669174194 0.17555923759937286 -0.069065868854522705
vn -0.98811817169189453 0.14855717122554779 -0.039410695433616638
vn 0.97098809480667114 -0.22993172705173492 0.065677322447299957
vn 0.97859013080596924 -0.1958002895116806 0.063432015478610992
vn 0.99860638380050659 -0.052737761288881302 -0.0020122695714235306
vn -0.98083782196044922 0.18636995553970337 -0.056774642318487167
vn -0.99370014667510986 0.097802877426147461 -0.054723359644412994
vn -0.98341697454452515 0.15184620022773743 -0.099165186285972595
vn -0.98507142066955566 0.16180665791034698 -0.058761607855558395
vn -0.94341504573822021 0.32601219415664673 -0.06069713830947876
vn -0.96589905023574829 0.25233408808708191 -0.058021638542413712
vn -0.98603653907775879 0.14764595031738281 -0.077023833990097046
vn -0.96654927730560303 0.21963320672512054 -0.13245274126529694
vn -0.93268448114395142 0.34284746646881104 -0.11205025017261505
vn -0.84502339363098145 0.52239596843719482 -0.11418372392654419
vn -0.79291749000549316 0.60484969615936279 -0.073747500777244568
vn -0.90914952754974365 0.41186836361885071 -0.061737854033708572
vn 0.89956176280975342 -0.42371279001235962 0.10609500855207443
vn 0.95243459939956665 -0.29178643226623535 0.08791486918926239
vn 0.86732041835784912 -0.48951256275177002 0.09018176794052124
vn 0.66047841310501099 -0.74598681926727295 0.085275530815124512
vn 0.73631560802459717 -0.66441452503204346 0.12803380191326141
vn 0.84469246864318848 -0.51079726219177246 0.15993985533714294
vn -0.84184139966964722 0.53541600704193115 -0.06806454062461853
vn -0.70155870914459229 0.70998919010162354 -0.061079952865839005
vn -0.91642606258392334 0.39473187923431396 -0.065954893827438354
vn 0.75938504934310913 -0.64655601978302002 0.072798848152160645
vn 0.55774378776550293 -0.82920300960540771 0.036663632839918137
vn 0.65351855754852295 -0.75535005331039429 0.048577520996332169
vn -0.11083050817251205 0.99337941408157349 -0.030231984332203865
vn -0.19737055897712708 0.98002630472183228 -0.02435908280313015
vn -0.20182964205741882 0.97726428508758545 -0.064956404268741608
vn 0.1547972708940506 -0.98757070302963257 0.027236968278884888
vn 0.18318785727024078 -0.98172938823699951 0.051474623382091522
vn 0.15076529979705811 -0.98834633827209473 0.021007701754570007
vn -0.99998044967651367 -0.00024581371690146625 -0.0062491744756698608
vn -0.99988770484924316 0.014959676191210747 0.00091364380205050111
vn -0.99935281276702881 -0.016960838809609413 -0.031722545623779297
vn 0.0020654695108532906 0.82139045000076294 0.57036256790161133
vn -0.22978612780570984 0.87110835313796997 0.43401452898979187
vn -0.84286195039749146 0.343772292137146 0.41401010751724243
vn -0.99993860721588135 0.010994216427206993 0.001387785654515028
vn -0.94818615913391113 0.31771403551101685 -0.00087658053962513804
vn -0.7230028510093689 0.69053184986114502 0.020799890160560608
vn 0.092743322253227234 0.014570659957826138 0.99558341503143311
vn -0.047497875988483429 0.017786001786589622 0.99871295690536499
vn 0.12546594440937042 0.8298417329788208 0.54371041059494019
vn 0.093481585383415222 0.6993831992149353 0.70860731601715088
vn -0.17852397263050079 0.98246365785598755 -0.053799055516719818
vn -0.041671596467494965 0.99909162521362305 0.0089113367721438408
vn -0.053949777036905289 0.99814200401306152 0.028319656848907471
vn -0.23269791901111603 0.96810430288314819 -0.092874787747859955
vn -0.13489189743995667 0.99032294750213623 -0.032629288733005524
vn -0.10195907950401306 0.99303704500198364 -0.059006638824939728
vn -0.00071504409424960613 0.99985414743423462 0.01706245169043541
vn 0.030263155698776245 0.99922233819961548 0.025275511667132378
vn -0.003047439269721508 0.99999237060546875 -0.002433363813906908
vn 0.30361223220825195 0.022133145481348038 0.95253854990005493
vn 0.3544115424156189 0.22389867901802063 0.90788865089416504
vn 0.23007746040821075 0.29456734657287598 0.92752057313919067
vn -0.038169622421264648 0.99609595537185669 0.079598858952522278
vn 0.027945509180426598 0.99842643737792969 0.048617515712976456
vn -0.032457739114761353 0.99885982275009155 0.035007596015930176
vn 0.059301167726516724 -0.98487979173660278 -0.16277319192886353
vn 0.23887240886688232 -0.80993777513504028 -0.53566855192184448
vn 0.0016543626552447677 -0.99999034404754639 -0.0040765511803328991
vn 0.046718154102563858 -0.99733650684356689 -0.056011319160461426
vn 0.099710345268249512 -0.99353784322738647 -0.054225284606218338
vn 0.078443184494972229 -0.98060369491577148 -0.17961934208869934
vn -0.10909677296876907 0.99293476343154907 0.04667368158698082
vn -0.086087442934513092 0.99509692192077637 0.048693794757127762
vn 0.0404636450111866 -0.99598562717437744 -0.079845704138278961
vn 0.099802836775779724 -0.98829251527786255 -0.11540056765079498
vn 0.012944355607032776 -0.9998963475227356 -0.0062995925545692444
vn 0.21015717089176178 -0.97176915407180786 -0.10723191499710083
vn 0.14128032326698303 -0.98125332593917847 -0.13107912242412567
vn 0.38475820422172546 -0.82352352142333984 -0.41685751080513
vn 0.38412237167358398 -0.87288177013397217 -0.30087777972221375
vn 0.29530727863311768 -0.90374642610549927 -0.30989673733711243
vn -0.00071070232661440969 -0.99991530179977417 -0.012994618155062199
vn 0.088879719376564026 -0.99363863468170166 -0.069156438112258911
vn 0.43208575248718262 -0.71952003240585327 -0.54368448257446289
vn 0.57344621419906616 -0.62548995018005371 -0.52907633781433105
vn 0.10067575424909592 -0.98656231164932251 -0.12868264317512512
vn 0.52115100622177124 -0.75641840696334839 -0.39526298642158508
vn 0.6063845157623291 -0.70801597833633423 -0.36195465922355652
vn 0.16867744922637939 -0.98567032814025879 0.0013905080268159509
vn 0.34237343072891235 -0.93803220987319946 -0.053628541529178619
vn 0.50962287187576294 -0.86012113094329834 -0.021821074187755585
vn 0.3496202826499939 -0.93652975559234619 -0.026031592860817909
vn 0.64693295955657959 -0.73348689079284668 -0.20850597321987152
vn 0.47368776798248291 -0.86389404535293579 -0.17119273543357849
vn 0.66931527853012085 -0.70154786109924316 -0.24463775753974915
vn 0.73533868789672852 -0.42476484179496765 -0.52806425094604492
vn 0.81181007623672485 -0.41627329587936401 -0.40948867797851562
vn 0.66986340284347534 -0.60946077108383179 -0.42407616972923279
vn 0.77776563167572021 -0.18773289024829865 -0.59986418485641479
vn 0.8531995415687561 -0.16882471740245819 -0.49350661039352417
vn 0.85103654861450195 -0.42198255658149719 -0.31251800060272217
vn 0.76382929086685181 -0.56992995738983154 -0.30289390683174133
vn 0.91132497787475586 -0.013834438286721706 -0.41145524382591248
vn 0.90429800748825073 -0.18188434839248657 -0.38621655106544495
vn 0.84404367208480835 -0.53627008199691772 -0.0021643326617777348
vn 0.69595491886138916 -0.71754807233810425 0.027777215465903282
vn 0.7905089259147644 -0.59221863746643066 -0.1561177670955658
vn 0.88100063800811768 -0.41646754741668701 -0.22448310256004333
vn 0.80305224657058716 -0.56641125679016113 -0.18516306579113007
vn 0.94311356544494629 -0.24393436312675476 -0.22590439021587372
vn 0.64859855175018311 0.16410273313522339 -0.74322956800460815
vn 0.69897431135177612 -0.036664851009845734 -0.7142062783241272
vn 0.9732978343963623 -0.10347969830036163 -0.20489820837974548
vn 0.98435884714126587 0.010154226794838905 -0.17588207125663757
vn 0.97590541839599609 0.07496459037065506 -0.20491203665733337
vn 0.11818891018629074 -0.98545759916305542 -0.12208503484725952
vn 0.084383167326450348 -0.9963797926902771 -0.010332311503589153
vn 0.25562801957130432 -0.76986682415008545 0.58477294445037842
vn 0.25871562957763672 -0.86051136255264282 0.4388466477394104
vn 0.44590979814529419 -0.58513104915618896 0.67733752727508545
vn 0.40513908863067627 -0.44592404365539551 0.79813158512115479
vn 0.2871149480342865 -0.65439802408218384 0.69951999187469482
vn 0.066049560904502869 -0.99759447574615479 -0.021040309220552444
vn 0.20638318359851837 -0.97839689254760742 -0.012062713503837585
vn 0.21079927682876587 -0.9755244255065918 -0.062575675547122955
vn 0.17861708998680115 -0.98388576507568359 0.0080477986484766006
vn 0.13351552188396454 -0.98990684747695923 0.047519300132989883
vn 0.18279179930686951 -0.97976493835449219 0.081534013152122498
vn 0.60643583536148071 -0.56943458318710327 0.55495935678482056
vn 0.55962514877319336 -0.52492916584014893 0.64130258560180664
vn 0.45716756582260132 -0.76390087604522705 0.45547041296958923
vn -0.19926896691322327 0.97991949319839478 0.0070469803176820278
vn -0.16847892105579376 0.9854964017868042 0.020290572196245193
vn -0.18368600308895111 0.98289453983306885 0.013331937603652477
vn 0.31054782867431641 -0.95043373107910156 -0.015355647541582584
vn 0.20094606280326843 -0.97959578037261963 -0.0035808640532195568
vn 0.22963440418243408 -0.97314977645874023 -0.015732178464531898
vn 0.32965630292892456 -0.94386601448059082 0.021063221618533134
vn 0.253650963306427 -0.96426248550415039 0.076544381678104401
vn 0.42438206076622009 -0.88607525825500488 0.18646837770938873
vn 0.57217568159103394 -0.7689860463142395 0.28508856892585754
vn 0.41962718963623047 -0.87040030956268311 0.25751954317092896
vn 0.61883878707885742 -0.66378343105316162 0.42003586888313293
vn 0.50875818729400635 -0.76735472679138184 0.39029708504676819
vn 0.33109164237976074 -0.94356149435043335 -0.0083683477714657784
vn 0.51160049438476562 -0.85917955636978149 -0.008682924322783947
vn -0.13376371562480927 0.58511614799499512 0.79984146356582642
vn 0.0036843777634203434 0.73714083433151245 0.67572909593582153
vn 0.42304545640945435 -0.50049018859863281 0.75534236431121826
vn 0.82200902700424194 -0.50680041313171387 0.25971996784210205
vn 0.82834261655807495 -0.39129161834716797 0.40092313289642334
vn 0.7371753454208374 -0.54486745595932007 0.39961475133895874
vn 0.63840746879577637 -0.76933455467224121 -0.023669816553592682
vn 0.7307930588722229 -0.68258744478225708 -0.003985431045293808
vn 0.61507618427276611 -0.78675317764282227 0.05196801945567131
vn 0.90202033519744873 -0.25820881128311157 0.3459588885307312
vn 0.93605995178222656 -0.20715470612049103 0.28439179062843323
vn 0.90955650806427002 -0.19407901167869568 0.36747828125953674
vn 0.95100241899490356 -0.0067938496358692646 0.30910876393318176
vn -0.79096722602844238 0.61044907569885254 0.041505753993988037
vn -0.75400769710540771 0.65106242895126343 0.087121054530143738
vn -0.84843534231185913 0.52379912137985229 0.076104700565338135
vn -0.62885415554046631 0.77596133947372437 0.049259461462497711
vn -0.10341829061508179 0.26758426427841187 0.95796835422515869
vn 0.82491201162338257 -0.56526046991348267 -0.0009133347193710506
vn -0.87983280420303345 0.45469176769256592 0.1383822113275528
vn -0.93734931945800781 0.29434287548065186 0.18638265132904053
vn -0.95245891809463501 0.29172852635383606 0.087843485176563263
vn -0.98832350969314575 0.13342024385929108 0.073591060936450958
vn 0.98356407880783081 -0.14980567991733551 -0.10079647600650787
vn 0.9950793981552124 -0.080123960971832275 -0.058285489678382874
vn 0.97647029161453247 -0.16975760459899902 -0.13299652934074402
vn -0.97689652442932129 0.15732128918170929 0.14464859664440155
vn -0.98511886596679688 0.0705433189868927 0.15673066675662994
vn -0.97966206073760986 0.16868479549884796 0.10866332054138184
vn -0.99307882785797119 0.029327459633350372 0.11372941732406616
vn -0.99437993764877319 0.065448589622974396 0.083217009902000427
vn 0.9947856068611145 -0.017654428258538246 -0.10044839233160019
vn 0.80068331956863403 -0.051692970097064972 0.59685349464416504
vn 0.99313241243362427 -0.10671600699424744 0.047955788671970367
vn 0.97795784473419189 -0.01169282104820013 -0.2084747701883316
vn 0.99825340509414673 0.01067710854113102 -0.058104246854782104
vn 0.012412912212312222 -0.99674350023269653 0.079676106572151184
vn -0.072573050856590271 -0.99029463529586792 0.11853132396936417
vn -0.07605329155921936 -0.99239450693130493 0.096793614327907562
vn 0.35730519890785217 0.59104049205780029 -0.72319024801254272
vn 0.46468392014503479 0.46856591105461121 -0.7513420581817627
vn 0.19966313242912292 0.84297472238540649 -0.49952808022499084
vn 0.32255923748016357 0.7329024076461792 -0.59900712966918945
vn 0.28085845708847046 0.71373146772384644 -0.64164310693740845
vn 0.038018099963665009 0.99690306186676025 -0.068839408457279205
vn 0.038660131394863129 0.99128586053848267 -0.12592729926109314
vn 0.13476750254631042 0.97964894771575928 -0.14874714612960815
vn 0.36037394404411316 0.30155068635940552 -0.88272178173065186
vn 0.39767977595329285 0.0076584243215620518 -0.9174923300743103
vn 0.28942909836769104 0.8575252890586853 -0.42530125379562378
vn 0.47443851828575134 0.62596637010574341 -0.61892986297607422
vn 0.25632074475288391 0.92474263906478882 -0.28133746981620789
vn 0.11384382098913193 0.97599375247955322 -0.18567650020122528
vn -0.16153760254383087 -0.95979666709899902 0.22955594956874847
vn -0.13103511929512024 -0.98727631568908691 0.090084753930568695
vn -0.09170357882976532 -0.99481111764907837 0.044059980660676956
vn 0.57128161191940308 0.42581608891487122 -0.70165377855300903
vn 0.70918726921081543 0.26490318775177002 -0.65336036682128906
vn 0.58927690982818604 0.20662450790405273 -0.7810627818107605
vn 0.57457518577575684 0.57648396492004395 -0.58097296953201294
vn 0.62703925371170044 0.62900823354721069 -0.45953276753425598
vn 0.53314006328582764 0.72754955291748047 -0.43177926540374756
vn 0.376473069190979 0.87167727947235107 -0.31376218795776367
vn 0.41423052549362183 0.77344858646392822 -0.47978156805038452
vn 0.1799226701259613 0.96983987092971802 -0.16443361341953278
vn 0.32741820812225342 0.9274146556854248 -0.18082956969738007
vn 0.15429113805294037 0.98713356256484985 -0.041971191763877869
vn 0.013335194438695908 0.99991041421890259 -0.0011662318138405681
vn 0.0054206601344048977 0.99993830919265747 -0.0096927396953105927
vn 0.020887508988380432 0.99964821338653564 -0.016345024108886719
vn -0.081488907337188721 0.9965587854385376 0.015169676393270493
vn 0.016961224377155304 0.99585551023483276 -0.08935420960187912
vn -0.45637416839599609 0.88488203287124634 -0.09330817312002182
vn 0.33870032429695129 0.60159337520599365 -0.72344142198562622
vn 0.81561094522476196 0.026339923962950706 -0.57800084352493286
vn 0.75001239776611328 0.026670556515455246 -0.66088581085205078
vn 0.78530663251876831 0.21476173400878906 -0.58066415786743164
vn 0.66812288761138916 0.49950984120368958 -0.55145418643951416
vn 0.74561107158660889 0.42153921723365784 -0.51610934734344482
vn 0.29215392470359802 0.95213973522186279 -0.089866749942302704
vn -0.64383625984191895 0.74638658761978149 0.16846932470798492
vn 0.70921844244003296 0.6843637228012085 -0.16927936673164368
vn 0.882110595703125 0.4471600353717804 -0.14808371663093567
vn 0.86554616689682007 0.47038125991821289 -0.1719631552696228
vn 0.4603290855884552 0.87701529264450073 -0.13762734830379486
vn 0.51884502172470093 0.63762587308883667 -0.56941467523574829
vn 0.97846537828445435 0.1432671993970871 -0.14859333634376526
vn 0.9813002347946167 0.11031109839677811 -0.15773816406726837
vn 0.65158283710479736 -0.37423613667488098 -0.65983867645263672
vn 0.8198084831237793 0.56455731391906738 -0.095859721302986145
vn 0.76609575748443604 0.62582457065582275 -0.14642715454101562
vn 0.12659062445163727 0.93107658624649048 0.34215670824050903
vn 0.24262396991252899 0.84513598680496216 0.47631794214248657
vn 0.1377357542514801 0.96349942684173584 0.22955970466136932
vn 0.26429015398025513 0.6072077751159668 0.74929928779602051
vn 0.34335574507713318 0.69162946939468384 0.63541758060455322
vn 0.19382727146148682 0.72924154996871948 0.65622991323471069
vn 0.057602111250162125 0.98361295461654663 0.17084358632564545
vn -0.052482388913631439 0.99832022190093994 -0.024543445557355881
vn -0.027968186885118484 0.99450677633285522 -0.10086632519960403
vn -0.022302331402897835 0.99870377779006958 -0.045753691345453262
vn 0.050860017538070679 0.99859905242919922 0.014602856710553169
vn -0.036490272730588913 0.99897432327270508 0.026809170842170715
vn -0.10879738628864288 0.98075026273727417 -0.16214822232723236
vn 0.13048394024372101 0.98356002569198608 -0.12483459711074829
vn 0.027974952012300491 0.99025845527648926 -0.13640253245830536
vn 0.38489159941673279 0.47698208689689636 0.79015600681304932
vn 0.50964027643203735 0.50786024332046509 0.69451040029525757
vn 0.095690883696079254 0.98619967699050903 0.13510532677173615
vn -0.13367658853530884 -0.98610174655914307 0.09866032749414444
vn -0.034969989210367203 -0.99883896112442017 0.033133994787931442
vn -0.042964402586221695 -0.99326509237289429 0.10760341584682465
vn -0.071777969598770142 -0.99617892503738403 0.049754023551940918
vn 0.025714393705129623 -0.99451637268066406 0.10137021541595459
vn -0.1183217465877533 -0.98691242933273315 0.1095619723200798
vn 0.57999414205551147 0.019100453704595566 0.81439667940139771
vn 0.61584866046905518 0.21057721972465515 0.75920200347900391
vn 0.49668231606483459 0.28128278255462646 0.82108873128890991
vn 0.66107702255249023 0.27546539902687073 0.69792264699935913
vn 0.66018694639205933 0.020733822137117386 0.75081509351730347
vn 0.74390435218811035 0.026954203844070435 0.66774231195449829
vn 0.81822586059570312 0.28076329827308655 0.50167560577392578
vn 0.75588816404342651 0.21223664283752441 0.61934536695480347
vn 0.81277871131896973 0.019972618669271469 0.58223003149032593
vn -0.42767360806465149 -0.89900875091552734 0.094226203858852386
vn -0.24532565474510193 -0.96597599983215332 0.081888593733310699
vn -0.51287055015563965 -0.85034233331680298 0.11782076954841614
vn 0.92250710725784302 0.024782726541161537 0.38518369197845459
vn 0.95027542114257812 0.018215060234069824 0.31087753176689148
vn 0.91571545600891113 0.21111756563186646 0.34189844131469727
vn 0.67536425590515137 0.70200449228286743 0.22599290311336517
vn 0.66160941123962402 0.6865115761756897 0.30162036418914795
vn 0.82359373569488525 0.48521310091018677 0.29370319843292236
vn 0.63872754573822021 0.76391488313674927 -0.091984458267688751
vn 0.56104934215545654 0.81474494934082031 -0.1463361531496048
vn 0.71422642469406128 0.68618208169937134 -0.13796655833721161
vn 0.83732908964157104 0.51872628927230835 -0.17263568937778473
vn -0.081012524664402008 0.41303417086601257 0.90710514783859253
vn 0.45552724599838257 0.8823283314704895 0.11828635632991791
vn 0.60594969987869263 0.77682101726531982 0.17138862609863281
vn -0.73014897108078003 -0.66625481843948364 0.1516147255897522
vn 0.59683722257614136 0.79618144035339355 -0.099400438368320465
vn 0.69507896900177002 0.70934385061264038 -0.11703218519687653
vn 0.57982873916625977 0.80824679136276245 -0.10264388471841812
vn 0.9648895263671875 -0.043153144419193268 0.25908690690994263
vn 0.98615002632141113 0.014957485720515251 0.16517981886863708
vn 0.95590949058532715 0.085099272429943085 0.28106072545051575
vn 0.97142517566680908 0.21931390464305878 -0.09074440598487854
vn 0.97989881038665771 0.17786987125873566 -0.090336479246616364
vn 0.98365461826324463 0.076075330376625061 -0.16320578753948212
vn -0.88459217548370361 -0.17466507852077484 0.43242195248603821
vn -0.99115568399429321 -0.07947966456413269 0.10627033561468124
vn -0.97078347206115723 -0.20887595415115356 0.11811123043298721
vn -0.56231862306594849 -0.34384369850158691 0.75204336643218994
vn -0.844077467918396 -0.51819467544555664 0.13786759972572327
vn -0.90608060359954834 -0.39027231931686401 0.1634179949760437
vn -0.68143439292907715 -0.70694750547409058 0.18940018117427826
vn -0.37764033675193787 -0.50288969278335571 0.77748936414718628
vn 0.98962783813476562 0.08112344890832901 -0.11855703592300415
vn 0.99117070436477661 -0.073191002011299133 -0.11056108027696609
vn -0.98588287830352783 0.033101089298725128 0.16413182020187378
vn -0.98974609375 -0.045757949352264404 0.13531014323234558
vn -0.98685765266418457 -0.044201001524925232 0.15542919933795929
vn -0.98165410757064819 -0.11316125094890594 0.15345916152000427
vn 0.99109518527984619 0.035744287073612213 -0.12826789915561676
vn 0.99330085515975952 0.11454085260629654 0.015289044938981533
vn 0.98263871669769287 0.10259858518838882 -0.15457916259765625
vn 0.98307210206985474 0.13310176134109497 -0.12590920925140381
vn -0.97229784727096558 -0.20401112735271454 0.11408926546573639
vn -0.98079466819763184 -0.15737742185592651 0.11521333456039429
vn -0.93361073732376099 -0.32806620001792908 0.14402617514133453
vn -0.95374923944473267 -0.23236450552940369 0.19070696830749512
vn -0.87102627754211426 -0.47794756293296814 0.11348744481801987
vn -0.93243712186813354 -0.3023684024810791 0.19782422482967377
vn -0.98601055145263672 -0.083424896001815796 0.1443033367395401
vn 0.93867647647857666 0.26750573515892029 -0.2175479531288147
vn 0.96873283386230469 0.2062966376543045 -0.13783465325832367
vn 0.86193394660949707 0.44688761234283447 -0.23950229585170746
vn -0.99215549230575562 -0.055568061769008636 0.1119806095957756
vn -0.98256993293762207 -0.17928861081600189 -0.04911167174577713
vn 0.31069141626358032 -0.018552336841821671 -0.95032978057861328
vn 0.90998315811157227 0.18294292688369751 -0.37210553884506226
vn -0.99540567398071289 -0.084323681890964508 -0.045355204492807388
vn -0.96188771724700928 0.021441683173179626 0.27260285615921021
vn -0.99580574035644531 -0.034069977700710297 0.08491244912147522
vn -0.91867339611053467 -0.14055442810058594 0.36916622519493103
vn -0.99677538871765137 -0.0025852501858025789 0.080200612545013428
vn 0.95925027132034302 0.078728996217250824 -0.27136817574501038
vn 0.99327057600021362 0.066656805574893951 -0.094712123274803162
vn 0.98959445953369141 0.074340984225273132 -0.12319191545248032
vn -0.99615931510925293 -0.057640053331851959 0.06591111421585083
vn 0.99701106548309326 0.059908591210842133 -0.04878375306725502
vn 0.94225507974624634 0.24828812479972839 -0.22474056482315063
vn -0.96853655576705933 -0.20612125098705292 0.13946683704853058
vn 0.77166599035263062 0.00074861961184069514 0.63602757453918457
vn 0.9900050163269043 0.11535666137933731 0.081135407090187073
vn 0.9999772310256958 -0.0024230035487562418 0.0062967413105070591
vn 0.99971330165863037 0.016897732391953468 -0.016965096816420555
vn 0.99064552783966064 -0.0037509454414248466 -0.13640889525413513
vn 0.41523975133895874 0.014705320820212364 -0.90959316492080688
vn -0.67219555377960205 -0.0021069953218102455 -0.74037063121795654
vn -0.63165092468261719 0.010688689537346363 -0.77517926692962646
vn -0.99973839521408081 -0.022871861234307289 2.1206185920163989E-05
vn -0.99973046779632568 -0.014901201240718365 -0.017804322764277458
vn -0.99811559915542603 -0.028862996026873589 -0.05414929986000061
vn 0.99723076820373535 0.023080470040440559 0.070697516202926636
vn 0.98402112722396851 0.1482674777507782 0.098585806787014008
vn -0.99703347682952881 0.050582032650709152 -0.058014728128910065
vn 0.98957884311676025 -0.019800428301095963 0.14262412488460541
vn -0.99865901470184326 0.020709682255983353 -0.04744822159409523
vn 0.9976344108581543 0.031700149178504944 0.060997162014245987
vn -0.079018667340278625 -0.62290585041046143 -0.77829581499099731
vn -0.65038532018661499 -0.75959521532058716 -0.0037481756880879402
vn -0.76338368654251099 -0.64491403102874756 -0.036486394703388214
vn -0.62326997518539429 -0.78053706884384155 -0.047921288758516312
vn 0.88835853338241577 0.45467609167098999 0.063943579792976379
vn 0.70767670869827271 0.70468485355377197 0.051116500049829483
vn -0.83709955215454102 -0.54176199436187744 0.075883276760578156
vn 0.78010618686676025 0.62479770183563232 -0.032590858638286591
vn 0.87825495004653931 0.47121688723564148 -0.081380970776081085
vn 0.95527440309524536 0.28013154864311218 -0.09474761039018631
vn 0.93266528844833374 0.35758790373802185 -0.047605719417333603
vn 0.95956617593765259 0.26839974522590637 -0.08481944352388382
vn -0.54685980081558228 0.10783286392688751 -0.83025085926055908
vn 0.3515552282333374 0.48862329125404358 -0.79853379726409912
vn 0.97475266456604004 0.21182239055633545 -0.07062966376543045
vn 0.6694069504737854 0.11260979622602463 -0.73431152105331421
vn -0.62882620096206665 0.0024540952872484922 -0.77754199504852295
vn 0.93237930536270142 0.35861605405807495 0.045423656702041626
vn 0.60994917154312134 0.79026907682418823 -0.058624342083930969
vn 0.36152642965316772 0.16482414305210114 -0.91767728328704834
vn 0.77435654401779175 0.6143607497215271 -0.15143579244613647
vn 0.55528765916824341 0.81893742084503174 -0.14490379393100739
vn 0.50650405883789062 0.86051839590072632 0.054421495646238327
vn 0.56626033782958984 0.82356941699981689 0.03290354460477829
vn 0.70837265253067017 0.70474720001220703 0.039236411452293396
vn 0.81892412900924683 0.57238060235977173 0.041757911443710327
vn 0.29362186789512634 -0.15502946078777313 0.94326668977737427
vn -0.4504682719707489 -0.89251428842544556 -0.022284664213657379
vn -0.47389441728591919 -0.88003528118133545 -0.031015921384096146
vn -0.27795106172561646 -0.95891541242599487 -0.056783705949783325
vn -0.2619861364364624 -0.96432685852050781 -0.037907462567090988
vn 0.041705626994371414 0.66723591089248657 -0.74367797374725342
vn 0.34992110729217529 0.93612027168273926 0.035129588097333908
vn -0.3935515284538269 -0.91891157627105713 -0.026809819042682648
vn 0.21022869646549225 0.97724854946136475 0.0280927624553442
vn 0.13971948623657227 0.9899405837059021 0.02227247878909111
vn 0.071372903883457184 0.5942223072052002 0.80112779140472412
vn 0.16175822913646698 0.020015386864542961 0.98662739992141724
vn -0.52505677938461304 -0.85076594352722168 -0.022642703726887703
vn -0.0022004870697855949 -0.95935112237930298 -0.28220662474632263
vn -0.019674012437462807 -0.88275009393692017 -0.46943074464797974
vn -0.70809179544448853 -0.70599186420440674 -0.013470674864947796
vn -0.0047376449219882488 -0.99993950128555298 -0.0099299680441617966
vn -0.98300611972808838 -0.18355727195739746 -0.0023744418285787106
vn -0.99983406066894531 -0.004432065412402153 -0.017669331282377243
vn 0.1025325283408165 0.9719538688659668 -0.21164293587207794
vn -0.034894987940788269 -0.8814997673034668 -0.4708932638168335
vn -0.75489556789398193 -0.004227545578032732 -0.65583133697509766
vn -0.14209552109241486 0.33408403396606445 0.93177074193954468
vn 0.13353000581264496 -0.51296508312225342 -0.84796023368835449
vn 0.14571654796600342 0.98825216293334961 0.046090256422758102
vn 0.20721240341663361 0.44112533330917358 -0.87319612503051758
vn 0.16776837408542633 0.98134118318557739 -0.093932121992111206
vn 0.0013583253603428602 -0.9999956488609314 0.0026165286544710398
vn -0.095171548426151276 -0.99544334411621094 0.0059107099659740925
vn 0.13878746330738068 0.98957526683807373 0.03845600038766861
vn 0.19637453556060791 0.98023205995559692 0.024128595367074013
vn -0.4512898325920105 -0.89190703630447388 0.028971215710043907
vn -0.93114078044891357 -0.16875414550304413 -0.32326290011405945
vn -0.99988240003585815 -0.00093199266120791435 0.015306783840060234
vn 0.018629778176546097 -0.24696709215641022 -0.96884477138519287
vn -0.49043932557106018 -0.026528183370828629 -0.871071457862854
vn -0.71704989671707153 0.0056704916059970856 -0.69699877500534058
vn 0.062986597418785095 -0.96112096309661865 -0.26884785294532776
vn -0.035333741456270218 -0.99914664030075073 -0.021389016881585121
vn -0.20768639445304871 -0.97788697481155396 -0.024564413353800774
vn -0.094699464738368988 -0.994773268699646 -0.038186337798833847
vn 0.041973531246185303 -0.97416269779205322 -0.22191277146339417
vn -0.0099219661206007004 -0.99990278482437134 -0.0097955623641610146
vn -0.027809815481305122 0.99770283699035645 0.061771150678396225
vn -0.099106058478355408 -0.71768820285797119 0.68927615880966187
vn 0.049924146384000778 -0.82047355175018311 -0.56950044631958008
vn 0.14945369958877563 -0.36372798681259155 -0.91943764686584473
vn 0.11371254920959473 -0.51976239681243896 -0.84670925140380859
vn -0.1273874044418335 0.49933439493179321 0.85699337720870972
vn -0.25477156043052673 0.077404238283634186 0.96389836072921753
vn 0.054578598588705063 0.99767214059829712 0.040884047746658325
vn -0.15541556477546692 -0.98646211624145508 -0.052330970764160156
vn 0.3728213906288147 -0.24920277297496796 -0.89381331205368042
vn -0.00089784717420116067 -0.9995456337928772 0.030127957463264465
vn -0.29884791374206543 -0.56815886497497559 0.76673686504364014
vn 0.15768319368362427 -0.74393272399902344 -0.64938437938690186
vn 0.12402453273534775 -0.87089329957962036 -0.47556579113006592
vn 0.16420979797840118 -0.009143575094640255 -0.98638308048248291
vn 0.35598558187484741 0.31830921769142151 -0.8786088228225708
vn 0.026941128075122833 0.99958640336990356 -0.010056782513856888
vn 0.082246869802474976 -0.86582142114639282 -0.49354708194732666
vn -0.38708364963531494 0.32409706711769104 0.86320757865905762
vn 0.013483026996254921 -0.9987027645111084 -0.049101348966360092
vn 0.02231261134147644 -0.9992024302482605 -0.033115662634372711
vn 0.027218760922551155 0.99135339260101318 -0.12836511433124542
vn -0.29840582609176636 0.75282764434814453 0.58668941259384155
vn 0.14537116885185242 -0.93063998222351074 -0.33582198619842529
vn 0.18933816254138947 -0.81948763132095337 -0.54091686010360718
vn 0.29472345113754272 -0.026284549385309219 -0.95522099733352661
vn -0.41586023569107056 -0.49768206477165222 0.76116544008255005
vn -0.96519368886947632 -0.23966455459594727 -0.10469967871904373
vn -0.29191926121711731 -0.092574052512645721 0.95195227861404419
vn -0.9891284704208374 -0.12301017343997955 -0.080581694841384888
vn 0.90962374210357666 0.15205645561218262 0.38660508394241333
vn 0.17439576983451843 -0.020468180999159813 0.98446285724639893
vn 0.85907667875289917 0.43208825588226318 0.27438473701477051
vn 0.96335572004318237 0.18743786215782166 0.19186665117740631
vn 0.98618155717849731 0.10965942591428757 0.12418020516633987
vn 0.96938896179199219 0.19917607307434082 0.14357538521289825
vn -0.97794240713119507 -0.13466939330101013 -0.15966470539569855
vn 0.98074483871459961 0.075528353452682495 0.180097296833992
vn -0.98662465810775757 -0.041428595781326294 -0.15765619277954102
vn -0.84283727407455444 -0.10253234952688217 0.52831089496612549
vn -0.9885181188583374 -0.064952120184898376 -0.13642989099025726
vn 0.95551002025604248 0.062611833214759827 0.28823673725128174
vn 0.98757249116897583 0.035594601184129715 0.15308035910129547
vn -0.99281448125839233 -0.052452012896537781 -0.10755572468042374
vn -0.98402446508407593 -0.038660693913698196 -0.17378488183021545
vn -0.19581180810928345 -0.011002487502992153 0.98057979345321655
vn 0.98939818143844604 0.094215035438537598 0.11052042990922928
vn 0.98509049415588379 0.0358155257999897 0.16826736927032471
vn 0.93948113918304443 -0.052012186497449875 0.33862948417663574
vn 0.72519326210021973 0.68088036775588989 0.10245317220687866
vn 0.79098063707351685 0.60700362920761108 0.076787225902080536
vn 0.60201197862625122 0.50519579648971558 0.61835163831710815
vn -0.96039986610412598 -0.2658420205116272 -0.083427123725414276
vn -0.96273994445800781 -0.26348432898521423 -0.060891345143318176
vn -0.92313927412033081 -0.37961399555206299 -0.06088639423251152
vn 0.95287114381790161 0.29333806037902832 0.077390849590301514
vn 0.87287676334381104 0.48307210206985474 0.068756699562072754
vn 0.87090706825256348 0.48272395133972168 0.092186935245990753
vn 0.94349491596221924 0.31628125905990601 0.09891163557767868
vn 0.96977967023849487 0.22806903719902039 0.086670979857444763
vn 0.95807135105133057 0.25943478941917419 0.12162607163190842
vn -0.82907873392105103 -0.55056124925613403 -0.097523294389247894
vn -0.98708152770996094 -0.14489419758319855 -0.068379268050193787
vn -0.98625850677490234 -0.15508125722408295 -0.056955695152282715
vn 0.97226643562316895 0.21675512194633484 0.087836422026157379
vn 0.99988943338394165 0.010560393333435059 0.010469628497958183
vn 0.9769025444984436 0.1479375809431076 0.15419434010982513
vn 0.99799036979675293 0.055338777601718903 0.030868608504533768
vn 0.98474490642547607 0.15151034295558929 0.085569277405738831
vn -0.98537439107894897 -0.12697717547416687 -0.11364001780748367
vn -0.98483282327651978 -0.14873550832271576 -0.089342556893825531
vn -0.98876643180847168 -0.11478766798973083 -0.095732830464839935
vn -0.99615961313247681 -0.049852147698402405 -0.071977667510509491
vn 0.99682104587554932 0.067014560103416443 0.043090645223855972
vn 0.9941897988319397 0.0080937491729855537 0.10733643174171448
vn 0.99446141719818115 0.015936780720949173 0.10388682782649994
vn -0.9845694899559021 -0.12008087337017059 -0.12729308009147644
vn -0.99278223514556885 -0.014001868665218353 -0.1191108375787735
vn -0.99784755706787109 -0.0087724244222044945 -0.064986713230609894
vn 0.99872273206710815 0.032530471682548523 0.038660302758216858
vn -0.99251830577850342 0.096395000815391541 -0.074936233460903168
vn -0.98671239614486694 0.037935007363557816 -0.15798605978488922
vn 0.99601823091506958 -0.0020339733455330133 0.089126341044902802
vn 0.9877239465713501 0.12038327008485794 0.09954524040222168
vn 0.98519521951675415 -0.040102243423461914 0.16668006777763367
vn 0.99536222219467163 -0.068921841681003571 0.06711084395647049
vn -0.57235348224639893 -0.81942147016525269 -0.030983414500951767
vn -0.70229679346084595 -0.70979404449462891 -0.054512370377779007
vn -0.65065771341323853 -0.75632625818252563 -0.067934729158878326
vn 0.45107325911521912 0.3600679337978363 0.81662964820861816
vn 0.52136349678039551 0.8494868278503418 0.080945901572704315
vn 0.75005644559860229 0.65885299444198608 0.057689405977725983
vn -0.77810502052307129 -0.62457197904586792 -0.066801153123378754
vn 0.60814601182937622 0.79166078567504883 0.058579783886671066
vn 0.31536376476287842 0.94751834869384766 0.052484605461359024
vn 0.28929775953292847 -0.52777624130249023 0.79859817028045654
vn -0.26104763150215149 -0.96527725458145142 -0.0096909739077091217
vn 0.35158383846282959 0.52583318948745728 0.77452456951141357
vn -0.1878800094127655 -0.98219186067581177 0.00054606376215815544
vn 0.18873938918113708 0.98158836364746094 0.029355250298976898
vn 0.23823441565036774 0.97100549936294556 0.019815333187580109
vn 0.12366481870412827 0.99198406934738159 0.025972377508878708
vn 0.21692025661468506 0.97559332847595215 0.034106723964214325
vn 0.11546590924263 0.99326401948928833 0.0097083635628223419
vn 0.22330501675605774 0.96660733222961426 0.12571844458580017
vn -0.17370380461215973 -0.98431205749511719 -0.030931340530514717
vn 0.18246734142303467 0.98134315013885498 0.060591619461774826
vn 0.24728372693061829 -0.71294152736663818 0.65617465972900391
vn -0.072270385921001434 -0.99734973907470703 0.0083931982517242432
vn 0.13602267205715179 0.98803675174713135 0.072671897709369659
vn -0.0058290259912610054 -0.99998301267623901 0.0002264063514303416
vn -0.53704947233200073 -0.84348708391189575 -0.010363237001001835
vn -0.5470893383026123 -0.8366161584854126 0.027688039466738701
vn -0.9955061674118042 -0.094554051756858826 0.005193726159632206
vn 0.0097579415887594223 -0.99993455410003662 -0.0059707402251660824
vn -0.18926079571247101 -0.89288067817687988 0.40858834981918335
vn -0.0026141663547605276 -0.97772818803787231 0.20985892415046692
vn -0.097479961812496185 -0.82701009511947632 0.55367136001586914
vn -0.9999316930770874 0.0054080905392765999 0.01035905908793211
vn -0.73350769281387329 -0.016972193494439125 0.67946922779083252
vn 0.0061424253508448601 -0.34070676565170288 0.94014954566955566
vn -0.85194051265716553 0.006719149649143219 0.52359545230865479
vn -0.99895954132080078 0.0046563330106437206 0.045367028564214706
vn 0.078157976269721985 0.99694067239761353 -0.00080431427340954542
vn 0.073236450552940369 0.99729394912719727 0.0064194714650511742
vn 0.17119023203849792 0.98478835821151733 0.029761809855699539
vn 0.059403110295534134 0.99818718433380127 0.0096764089539647102
vn 0.18483065068721771 0.98228931427001953 0.030746901407837868
vn 0.14422662556171417 0.98780912160873413 0.058581724762916565
vn -0.011290055699646473 -0.99987572431564331 -0.011004230938851833
vn -0.11463471502065659 -0.99330592155456543 0.014220073819160461
vn 0.059714436531066895 -0.87702083587646484 0.47672703862190247
vn 0.083094552159309387 -0.46391567587852478 0.88197368383407593
vn 0.13528718054294586 0.98948854207992554 0.051086705178022385
vn 0.012867830693721771 0.99989950656890869 -0.0059538469649851322
vn -0.093143574893474579 -0.99524509906768799 -0.028485449030995369
vn -0.069385170936584473 -0.99740612506866455 0.019151350483298302
vn 0.3495718240737915 0.59851109981536865 0.72082173824310303
vn 0.036075618118047714 0.99926137924194336 0.013235809281468391
vn 0.18676140904426575 -0.36006104946136475 0.91404390335083008
vn 0.21259339153766632 -0.038214556872844696 0.97639322280883789
vn 0.16147221624851227 -0.0079437065869569778 0.98684531450271606
vn 0.05463259294629097 0.99842846393585205 0.012484149076044559
vn 0.27074050903320312 0.96012938022613525 0.069650046527385712
vn 0.080242753028869629 -0.99677085876464844 0.0029848236590623856
vn 0.014207995496690273 -0.99378472566604614 0.11040854454040527
vn -0.10454610735177994 0.99443900585174561 0.012697157450020313
vn 0.29876986145973206 -0.010332136414945126 0.95426928997039795
vn 0.33245784044265747 -0.17458947002887726 0.92681729793548584
vn -0.97706127166748047 0.1852126270532608 0.10510741174221039
vn -0.99998056888580322 0.0021664341911673546 0.0058442535810172558
vn -0.99502688646316528 0.081574097275733948 -0.057158723473548889
vn 0.92433422803878784 -0.11940838396549225 -0.36241954565048218
vn -0.96320754289627075 0.10606961697340012 0.24694226682186127
vn 0.98009049892425537 -0.075323931872844696 -0.18370884656906128
vn 0.98281359672546387 -0.12711125612258911 -0.13386629521846771
vn 0.99725306034088135 -0.048353500664234161 0.056109368801116943
vn 0.98238849639892578 -0.10912220925092697 -0.15167458355426788
vn -0.97333788871765137 0.15617530047893524 0.16799598932266235
vn -0.98626857995986938 0.13382256031036377 0.096777155995368958
vn 0.98323053121566772 -0.13765853643417358 -0.11961527913808823
vn 0.96786242723464966 -0.2341933399438858 -0.091628469526767731
vn -0.99779343605041504 0.061216298490762711 -0.025707000866532326
vn -0.9848209023475647 0.12133378535509109 0.12412028759717941
vn 0.98958343267440796 -0.1097668930888176 -0.093144096434116364
vn 0.97529119253158569 -0.20807664096355438 -0.07423766702413559
vn 0.97375679016113281 -0.17242543399333954 -0.14855016767978668
vn -0.44086593389511108 -0.091237358748912811 -0.89292383193969727
vn 0.51895838975906372 -0.11312742531299591 -0.84728056192398071
vn 0.96789586544036865 -0.21093164384365082 -0.13669456541538239
vn 0.85964006185531616 -0.47798669338226318 -0.18040981888771057
vn 0.94239038228988647 -0.29173055291175842 -0.1636875718832016
vn 0.88735252618789673 -0.38319593667984009 -0.25644960999488831
vn 0.4399363100528717 0.11072847247123718 0.89117634296417236
vn 0.99283123016357422 -0.1147487536072731 0.033450167626142502
vn 0.97090119123458862 -0.23736682534217834 0.031746316701173782
vn 0.9558148980140686 -0.29067215323448181 0.043904423713684082
vn -0.75505173206329346 0.65176981687545776 0.071364805102348328
vn -0.055659987032413483 0.35473737120628357 -0.93330776691436768
vn 0.69766634702682495 -0.71114462614059448 -0.086804218590259552
vn 0.79607594013214111 -0.59996795654296875 -0.07938230037689209
vn 0.87205284833908081 -0.48307341337203979 -0.078510917723178864
vn 0.001401989720761776 -0.51522815227508545 -0.85705190896987915
vn -0.64034390449523926 0.76752328872680664 0.029457023367285728
vn 0.86541754007339478 -0.4989050030708313 0.046327602118253708
vn 0.76031339168548584 -0.64807647466659546 0.043822415173053741
vn 0.74039751291275024 -0.67054730653762817 0.046666909009218216
vn -0.41279420256614685 -0.0052428967319428921 -0.9108092188835144
vn 0.21198749542236328 0.28820344805717468 0.93380945920944214
vn -0.47036027908325195 0.87280839681625366 -0.13025639951229095
vn 0.52153903245925903 -0.85221350193023682 -0.041583336889743805
vn -0.4334055483341217 0.90094983577728271 -0.021188993006944656
vn -0.20196624100208282 -0.23297929763793945 -0.9512782096862793
vn -0.6086118221282959 0.79251593351364136 -0.038860786706209183
vn -0.26542168855667114 -0.0041380780749022961 -0.96412354707717896
vn -0.2590186595916748 -0.017175396904349327 -0.96571958065032959
vn 0.53716105222702026 -0.84328031539916992 -0.018339918926358223
vn 0.36247187852859497 -0.93180274963378906 0.018916361033916473
vn -0.084105789661407471 -0.030553329735994339 -0.99598830938339233
vn 0.41384291648864746 -0.90890079736709595 0.051316544413566589
vn 0.31913313269615173 -0.38703298568725586 0.86507773399353027
vn 0.29601362347602844 -0.95481348037719727 -0.026591949164867401
vn 0.34505665302276611 -0.19307351112365723 -0.91850882768630981
vn -0.35015895962715149 0.92545801401138306 -0.14462408423423767
vn -0.15485891699790955 0.37454357743263245 0.91418588161468506
vn -0.21597671508789062 0.47934776544570923 0.85063493251800537
vn 0.26003259420394897 -0.96495771408081055 -0.035209584981203079
vn 0.020402746275067329 -0.42552688717842102 0.90471577644348145
vn 0.14553390443325043 -0.98866796493530273 0.036818362772464752
vn -0.39698371291160583 0.079635880887508392 -0.9143642783164978
vn -0.99999964237213135 0.00027703805244527757 -0.00082558608846738935
vn -0.53159278631210327 0.14373044669628143 0.83471590280532837
vn -0.033948596566915512 0.030402574688196182 -0.99896103143692017
vn -0.61071223020553589 0.6450425386428833 -0.45929375290870667
vn 0.0059129702858626842 0.89933377504348755 -0.43722277879714966
vn 0.012230772525072098 0.97647243738174438 -0.21529515087604523
vn -0.91039949655532837 0.41370689868927002 0.0043957028537988663
vn 0.00077120086643844843 0.99996191263198853 -0.008696557953953743
vn 0.068812169134616852 -0.99002569913864136 -0.12293881922960281
vn 0.17539368569850922 -0.98449307680130005 -0.0032313237898051739
vn -0.91471481323242188 0.40406614542007446 -0.0052280062809586525
vn -0.020731978118419647 0.99891209602355957 0.041770841926336288
vn 0.25397324562072754 -0.37716054916381836 -0.89064443111419678
vn 0.082978539168834686 -0.56748116016387939 -0.81919455528259277
vn 0.11203889548778534 -0.98949229717254639 0.091390937566757202
vn -0.17962433397769928 0.97823113203048706 -0.10391810536384583
vn -0.065760284662246704 0.9977797269821167 0.01054720114916563
vn 0.16025634109973907 -0.98659437894821167 0.030813124030828476
vn 0.084084376692771912 -0.9938126802444458 0.072568260133266449
vn 0.10013704746961594 -0.99408531188964844 0.042035575956106186
vn 0.12925206124782562 0.27178171277046204 -0.9536396861076355
vn 0.14685696363449097 0.023557659238576889 -0.98887717723846436
vn 0.14782315492630005 0.56988602876663208 -0.80831813812255859
vn 0.08181394636631012 0.9487648606300354 -0.30520772933959961
vn 0.085532046854496002 0.83703827857971191 -0.54041761159896851
vn 0.24306671321392059 0.14517629146575928 -0.959084153175354
vn -0.14785872399806976 0.98817348480224609 -0.0406324602663517
vn -0.16987346112728119 -0.59631139039993286 0.78457361459732056
vn -0.11044559627771378 0.99360543489456177 -0.023451535031199455
vn 0.083158150315284729 -0.98822367191314697 0.12844723463058472
vn 0.13577115535736084 -0.98967039585113525 0.046028811484575272
vn 0.24797001481056213 0.2911669909954071 -0.92397654056549072
vn -0.096226133406162262 0.98752093315124512 -0.12467149645090103
vn 0.12295561283826828 0.82198750972747803 -0.55607414245605469
vn -0.00070809223689138889 0.9848056435585022 -0.17365865409374237
vn -0.044349286705255508 0.98822855949401855 -0.1464153528213501
vn -0.0082167526707053185 -0.9995618462562561 0.028435684740543365
vn 0.1181965246796608 -0.9887702465057373 -0.091449551284313202
vn -0.055526468902826309 0.99805885553359985 -0.028201205655932426
vn 0.095556847751140594 -0.99530696868896484 0.015261744149029255
vn 0.22546675801277161 -0.036130420863628387 -0.97358065843582153
vn 0.24028009176254272 0.024288209155201912 -0.97039967775344849
vn 0.18059547245502472 0.69069749116897583 -0.70023012161254883
vn -0.0031867022626101971 0.99418783187866211 -0.10761226713657379
vn -0.0073312972672283649 0.99988651275634766 0.013163096271455288
vn -0.058609630912542343 0.97689527273178101 0.20552496612071991
vn -0.30817008018493652 0.30804386734962463 0.90007787942886353
vn 0.39680546522140503 -0.20269213616847992 -0.89524370431900024
vn 0.037640336900949478 -0.99630194902420044 0.077237412333488464
vn 0.0801568403840065 -0.99494075775146484 0.060562387108802795
vn 0.087099827826023102 -0.99440503120422363 0.059768259525299072
vn -0.031738258898258209 -0.99636930227279663 0.078999556601047516
vn 0.0019496706081554294 -0.98606014251708984 0.16637782752513885
vn -0.0054752035066485405 0.9987417459487915 -0.049848776310682297
vn 0.032433755695819855 -0.99741196632385254 0.064167328178882599
vn -0.98593312501907349 0.086460478603839874 -0.14304007589817047
vn -0.98636186122894287 0.1005951389670372 -0.13027249276638031
vn -0.97882908582687378 0.039181478321552277 -0.20089408755302429
vn -0.99264556169509888 -0.066522024571895599 -0.10114142298698425
vn -0.99869555234909058 0.046346791088581085 -0.02142803743481636
vn -0.98357588052749634 0.12912863492965698 -0.12611217796802521
vn 0.9746282696723938 -0.17486493289470673 0.13972130417823792
vn 0.98558914661407471 -0.1143437922000885 0.12465781718492508
vn 0.95856010913848877 -0.089448384940624237 0.27048382163047791
vn -0.30084589123725891 0.11068139970302582 0.94722825288772583
vn 0.98560076951980591 -0.078891612589359283 0.14955699443817139
vn 0.97425359487533569 -0.1711706817150116 0.14673285186290741
vn 0.65865659713745117 -0.11185706406831741 0.7440829873085022
vn 0.95777827501296997 -0.25859418511390686 0.12565772235393524
vn -0.036465875804424286 0.15797224640846252 0.98676997423171997
vn -0.81149923801422119 0.3063163161277771 0.4976336658000946
vn 0.94074958562850952 -0.2769961953163147 0.19561004638671875
vn -0.9145781397819519 0.3895823061466217 -0.10850101709365845
vn -0.99691659212112427 -0.017044020816683769 -0.076595254242420197
vn -0.97249174118041992 0.12425755709409714 -0.19702759385108948
vn 0.9818350076675415 -0.11283551156520844 0.15253905951976776
vn 0.98978477716445923 0.004659079946577549 0.14249348640441895
vn 0.98813825845718384 -0.099150151014328003 0.11726915836334229
vn 0.97811096906661987 -0.18012541532516479 0.10418159514665604
vn -0.99537479877471924 0.077210120856761932 -0.0571632981300354
vn 0.99008816480636597 -0.12782302498817444 0.058195516467094421
vn -0.9976804256439209 0.045182108879089355 -0.050915349274873734
vn 0.98917120695114136 -0.13456182181835175 0.058595739305019379
vn -0.96736657619476318 0.23685456812381744 -0.090010352432727814
vn 0.95321625471115112 -0.29589733481407166 0.061834972351789474
vn 0.971579909324646 -0.21557335555553436 0.097778089344501495
vn 0.98525148630142212 -0.14535664021968842 0.090282939374446869
vn -0.84380984306335449 0.53353208303451538 -0.057692769914865494
vn 0.39407449960708618 0.022717062383890152 0.91879773139953613
vn 0.91288787126541138 -0.40297263860702515 0.065182715654373169
vn 0.8213157057762146 -0.56740057468414307 0.059136189520359039
vn -0.71682816743850708 0.69514185190200806 -0.054177168756723404
vn -0.70832699537277222 0.70427179336547852 -0.047687780112028122
vn 0.58378332853317261 -0.80958753824234009 0.061360049992799759
vn -0.61594128608703613 0.78525984287261963 -0.063113674521446228
vn 0.38347959518432617 -0.25891286134719849 0.88651424646377563
vn -0.54084563255310059 0.8404962420463562 -0.032435834407806396
vn -0.37652617692947388 0.92521512508392334 -0.046957112848758698
vn -0.52310121059417725 0.8513643741607666 -0.039291318506002426
vn -0.25042605400085449 0.9676935076713562 -0.029258543625473976
vn -0.3387836217880249 0.94018882513046265 -0.035645078867673874
vn -0.41274717450141907 0.90963083505630493 -0.047027122229337692
vn -0.0361136794090271 0.79274111986160278 0.60848778486251831
vn 0.5057336688041687 -0.85739696025848389 0.095414362847805023
vn 0.30307847261428833 -0.95130008459091187 0.056316755712032318
vn 0.36036649346351624 -0.33284518122673035 0.87140697240829468
vn -0.21093553304672241 0.97734683752059937 -0.017302419990301132
vn -0.15612258017063141 0.98738390207290649 -0.026435375213623047
vn 0.19615018367767334 -0.9801795482635498 0.02780497632920742
vn -0.15050102770328522 0.98801702260971069 -0.034232042729854584
vn -0.16894710063934326 0.98518478870391846 -0.029458710923790932
vn -0.1932625025510788 0.98087650537490845 -0.023039968684315681
vn 0.15883418917655945 0.70308244228363037 0.69314265251159668
vn 0.33394742012023926 -0.55351191759109497 0.76295715570449829
vn -0.064805261790752411 0.356008380651474 0.93223297595977783
vn -0.99989241361618042 0.014453837648034096 0.0024983563926070929
vn -0.0094408737495541573 0.60189884901046753 0.79851651191711426
vn -0.040805958211421967 0.98669368028640747 0.1573864072561264
vn -0.018760919570922852 0.99981582164764404 -0.0040504573844373226
vn 0.19343815743923187 -0.9800039529800415 0.046625606715679169
vn 0.078625909984111786 -0.9968794584274292 0.0070254355669021606
vn 0.17027130722999573 -0.98400098085403442 0.052438408136367798
vn 0.18849970400333405 -0.97889441251754761 0.078952871263027191
vn -0.1024414598941803 0.99355041980743408 -0.048614468425512314
vn -0.13174271583557129 0.99103200435638428 -0.022348027676343918
vn 0.13088321685791016 0.46454340219497681 0.87582474946975708
vn 0.13490691781044006 0.20933306217193604 0.96849358081817627
vn 0.050198778510093689 0.93098551034927368 0.36158832907676697
vn 0.13805870711803436 -0.98974663019180298 0.036624632775783539
vn 0.12819857895374298 -0.99148714542388916 0.022767709568142891
vn 0.02126644179224968 0.99977350234985352 -0.00080922519555315375
vn 0.11341311037540436 -0.99225062131881714 0.050756353884935379
vn 0.17503975331783295 -0.98287707567214966 0.057564947754144669
vn 0.064198330044746399 -0.99766474962234497 0.023315425962209702
vn 0.15959396958351135 0.030549854040145874 0.98670995235443115
vn -0.13700784742832184 0.98967516422271729 -0.04209454357624054
vn -0.10541030019521713 0.99239689111709595 -0.063538052141666412
vn 0.05713566392660141 -0.99824374914169312 0.015650387853384018
vn 0.11216098815202713 -0.99160176515579224 0.064388066530227661
vn 0.12143860012292862 -0.991954505443573 0.035762198269367218
vn -0.10619504004716873 0.99265825748443604 -0.057897835969924927
vn -0.06267450749874115 0.99761331081390381 -0.028976231813430786
vn -0.11173784732818604 0.99368071556091309 -0.010642814449965954
vn 0.22222521901130676 0.01960626058280468 0.97479820251464844
vn 0.26397153735160828 0.46809008717536926 0.84333306550979614
vn 0.18422730267047882 0.57570821046829224 0.7966306209564209
vn 0.024904016405344009 -0.99873256683349609 0.043738037347793579
vn -0.12573391199111938 0.98914098739624023 -0.076099403202533722
vn -0.084940530359745026 0.99501574039459229 -0.052237927913665771
vn 0.059874646365642548 -0.99802875518798828 0.018804667517542839
vn 0.074426643550395966 -0.99469643831253052 0.070991016924381256
vn 0.097035408020019531 -0.99400240182876587 0.050432026386260986
vn 0.1956946849822998 -0.95010983943939209 0.24288861453533173
vn 0.25903704762458801 0.45165669918060303 0.85375994443893433
vn -0.01146769430488348 0.99838113784790039 -0.055709406733512878
vn -0.02583756111562252 0.99754220247268677 -0.065130382776260376
vn -0.01846671849489212 0.99721431732177734 -0.072267547249794006
vn -0.051715333014726639 -0.99518716335296631 0.083234719932079315
vn 0.048934269696474075 -0.99584519863128662 0.07679690420627594
vn 0.18030603229999542 -0.92353266477584839 -0.33849245309829712
vn -0.12580612301826477 0.98825174570083618 0.086783125996589661
vn 0.40052303671836853 0.25903856754302979 -0.87890857458114624
vn 0.072462968528270721 -0.99649947881698608 -0.0416887067258358
vn 0.065111532807350159 -0.99742186069488525 -0.030167451128363609
vn 0.007836206816136837 -0.99820500612258911 -0.059374395757913589
vn -0.34298345446586609 -0.51130479574203491 0.78799092769622803
vn 0.36193645000457764 -0.59990495443344116 -0.71352368593215942
vn 0.26247802376747131 -0.68775022029876709 -0.67683446407318115
vn 0.3470306396484375 -0.47144842147827148 -0.81074416637420654
vn 0.3730103075504303 -0.035078946501016617 -0.92716383934020996
vn -0.16005870699882507 0.98084175586700439 0.11104370653629303
vn 0.043879073113203049 0.98711633682250977 -0.15386982262134552
vn 0.17837134003639221 -0.95417922735214233 -0.24026171863079071
vn -0.033864326775074005 -0.9992411732673645 -0.019244298338890076
vn -0.42505192756652832 0.18637312948703766 0.88577419519424438
vn 0.26896163821220398 -0.75153803825378418 -0.6023705005645752
vn 0.43240383267402649 -0.46587762236595154 -0.77200061082839966
vn 0.36164313554763794 -0.70112985372543335 -0.61451703310012817
vn 0.44118309020996094 -0.028527634218335152 -0.89696359634399414
vn 0.013437934219837189 0.99247187376022339 -0.12173329293727875
vn -0.045325383543968201 0.99896198511123657 0.0045380732044577599
vn -0.14193412661552429 0.98592495918273926 0.088355489075183868
vn 0.27192455530166626 -0.8663022518157959 -0.41901955008506775
vn 0.48405462503433228 -0.26073458790779114 -0.83528953790664673
vn 0.56640166044235229 -0.3245566189289093 -0.75753027200698853
vn 0.51531916856765747 -0.038489643484354019 -0.85613358020782471
vn -0.18036581575870514 0.98015516996383667 -0.082243956625461578
vn 0.22140565514564514 -0.95696860551834106 -0.18759177625179291
vn -0.15526936948299408 0.98545771837234497 -0.069025248289108276
vn 0.35281947255134583 0.24094723165035248 -0.9041365385055542
vn -0.12072519212961197 0.99123144149780273 0.053718708455562592
vn 0.3258054256439209 0.19475862383842468 -0.92515939474105835
vn -0.20874617993831635 0.97730398178100586 0.036082345992326736
vn 0.50386142730712891 -0.54566305875778198 -0.669608473777771
vn 0.64022237062454224 -0.043498717248439789 -0.76695710420608521
vn 0.59590905904769897 -0.0071463240310549736 -0.80302011966705322
vn 0.16253609955310822 -0.9864458441734314 -0.022507069632411003
vn 0.31032600998878479 -0.68391799926757812 -0.66026806831359863
vn -0.097938284277915955 0.99518722295761108 -0.0032353564165532589
vn -0.27433976531028748 0.96110928058624268 -0.031728491187095642
vn -0.18444864451885223 0.97441196441650391 -0.12845231592655182
vn -0.43865790963172913 -0.87530851364135742 0.20350490510463715
vn -0.019988073036074638 -0.99942225217819214 0.027488850057125092
vn -0.21766828000545502 0.97601008415222168 0.0049794018268585205
vn -0.13982434570789337 0.98704087734222412 0.078736908733844757
vn 0.58353793621063232 -0.5248558521270752 -0.61968523263931274
vn 0.65917432308197021 -0.36497682332992554 -0.65748089551925659
vn 0.25051993131637573 -0.96120786666870117 -0.11540883779525757
vn 0.46551817655563354 -0.85408991575241089 -0.23199832439422607
vn -0.55616027116775513 -0.83104914426803589 -0.0065651084296405315
vn -0.19919437170028687 0.97740805149078369 -0.070675916969776154
vn -0.15703871846199036 0.98719191551208496 0.028124056756496429
vn 0.35714179277420044 -0.92509728670120239 -0.12901447713375092
vn 0.82860952615737915 -0.0075840619392693043 -0.55977565050125122
vn 0.76120477914810181 -0.011909255757927895 -0.64840221405029297
vn 0.56325441598892212 -0.8257477879524231 0.029749609529972076
vn 0.46653574705123901 -0.63061076402664185 -0.62022131681442261
vn 0.71763491630554199 -0.69593691825866699 -0.02592199482023716
vn 0.93547588586807251 -0.046653293073177338 -0.35029745101928711
vn 0.87427741289138794 -0.013075909577310085 -0.48525044322013855
vn 0.9004662036895752 -0.43374443054199219 -0.032037653028964996
vn 0.97036528587341309 -0.23867985606193542 -0.03772442415356636
vn 0.97974681854248047 -0.010095809586346149 -0.19998566806316376
vn 0.99380004405975342 -0.10417201370000839 -0.038854837417602539
vn -0.95552051067352295 0.041198913007974625 -0.29203292727470398
vn -0.97733831405639648 0.093303032219409943 -0.19001160562038422
vn 0.99299544095993042 0.0056112934835255146 -0.11801958084106445
vn -0.13042216002941132 0.0090189073234796524 -0.9914175271987915
vn -0.017423290759325027 -0.99984663724899292 0.0017733435379341245
vn 0.17557737231254578 0.59312516450881958 0.7857322096824646
vn 0.00049862422747537494 0.99945235252380371 0.033087532967329025
vn 0.3170011043548584 -0.62783229351043701 0.71087056398391724
vn 0.15667039155960083 -0.94923549890518188 0.27277529239654541
vn 0.32421761751174927 -0.44071152806282043 0.83705216646194458
vn -0.071022361516952515 0.99676960706710815 0.03749866783618927
vn 0.019838182255625725 -0.99971294403076172 -0.013436010107398033
vn 0.13383065164089203 -0.99074500799179077 -0.022664571180939674
vn 0.0086120646446943283 -0.99996185302734375 -0.0014506905572488904
vn 0.077661670744419098 -0.99626815319061279 0.037662409245967865
vn 0.20070278644561768 -0.9792245626449585 0.02894214540719986
vn -0.095859736204147339 0.99515378475189209 0.021904358640313148
vn -0.19042207300662994 0.98165750503540039 -0.0093793906271457672
vn -0.11371263116598129 0.99333560466766357 0.018811454996466637
vn 0.0053351554088294506 -0.99997466802597046 0.0047073145397007465
vn 0.46572446823120117 -0.17055319249629974 0.86833882331848145
vn 0.37315979599952698 -0.012925057671964169 0.92767703533172607
vn 0.097457006573677063 -0.99515163898468018 -0.013244004920125008
vn 0.11421265453100204 -0.99336552619934082 -0.013429549522697926
vn 0.31876957416534424 -0.86125355958938599 0.39576283097267151
vn 0.19563223421573639 -0.95743775367736816 0.21222870051860809
vn 0.3793143630027771 -0.72249817848205566 0.57802850008010864
vn 0.53095054626464844 -0.38546669483184814 0.75465685129165649
vn 0.51334840059280396 -0.013261365704238415 0.85807782411575317
vn 0.4401530921459198 -0.0091590676456689835 0.89787602424621582
vn 0.51693451404571533 0.025714296847581863 0.85563862323760986
vn 0.44711995124816895 0.018049979582428932 0.89429187774658203
vn -0.22478540241718292 0.97402608394622803 0.027288701385259628
vn 0.053593624383211136 -0.99854600429534912 -0.0057961223646998405
vn -0.18001833558082581 0.9835326075553894 0.016031926497817039
vn -0.077161073684692383 0.99698281288146973 -0.0084530459716916084
vn -0.11289576441049576 0.99344098567962646 0.018152046948671341
vn -0.089440226554870605 0.99590349197387695 0.013294181786477566
vn -0.16789886355400085 0.98508596420288086 0.037624262273311615
vn 0.32725629210472107 0.18960393965244293 0.92571789026260376
vn 0.46875542402267456 -0.68636304140090942 0.55603432655334473
vn 0.63123214244842529 -0.30080342292785645 0.71488690376281738
vn 0.58620917797088623 -0.17144571244716644 0.79181134700775146
vn 0.57440477609634399 -0.011072788387537003 0.81849652528762817
vn 0.35626623034477234 -0.88382428884506226 0.30319792032241821
vn 0.23518681526184082 -0.95741105079650879 0.16748487949371338
vn 0.65274226665496826 -0.0089208297431468964 0.75752753019332886
vn 0.20764875411987305 -0.97796398401260376 -0.021643154323101044
vn -0.17022585868835449 0.98532235622406006 0.012766551226377487
vn -0.60127335786819458 0.79076266288757324 0.11473776400089264
vn -0.81149154901504517 0.55753886699676514 0.17501962184906006
vn -0.82117128372192383 -0.56762361526489258 0.059001367539167404
vn -0.25664564967155457 0.96642917394638062 0.012149463407695293
vn -0.28842881321907043 0.95688557624816895 0.034333974123001099
vn 0.4835694432258606 -0.8527640700340271 0.19736775755882263
vn 0.18869131803512573 -0.96426427364349365 0.185983806848526
vn 0.6842384934425354 -0.36570405960083008 0.63093435764312744
vn 0.70756149291992188 -0.043810959905385971 0.70529234409332275
vn 0.74415010213851929 -0.27208757400512695 0.61008936166763306
vn 0.083699062466621399 0.98189586400985718 0.16992634534835815
vn -0.074208423495292664 -0.98874902725219727 0.12987889349460602
vn -0.30638408660888672 0.95180153846740723 0.014235611073672771
vn 0.81610256433486938 -0.026755928993225098 0.57728737592697144
vn -0.40984764695167542 0.9115445613861084 0.033338315784931183
vn 0.47520953416824341 -0.87986105680465698 0.0045195603743195534
vn -0.58209890127182007 0.81089597940444946 0.060070857405662537
vn 0.66837102174758911 0.21735890209674835 0.71136152744293213
vn 0.70757561922073364 -0.63530814647674561 0.30938699841499329
vn 0.87870657444000244 -0.19055511057376862 0.4376797080039978
vn 0.76567190885543823 -0.414101243019104 0.4922059178352356
vn 0.85516542196273804 -0.043877482414245605 0.51649481058120728
vn 0.8921736478805542 -0.011350372806191444 0.4515499472618103
vn 0.55285137891769409 -0.83321303129196167 0.010555783286690712
vn 0.15764549374580383 0.22512376308441162 0.96149218082427979
vn 0.64186364412307739 -0.71085953712463379 0.28755840659141541
vn -0.67856097221374512 0.73336678743362427 0.041571307927370071
vn 0.52411991357803345 -0.85142654180526733 -0.019266288727521896
vn 0.43859481811523438 -0.89854007959365845 -0.016135336831212044
vn -0.46643418073654175 0.88323515653610229 0.04832044243812561
vn 0.76892417669296265 -0.57459801435470581 0.28034394979476929
vn 0.92343896627426147 -0.0099251559004187584 0.38361701369285583
vn 0.80085074901580811 -0.59832650423049927 -0.025366403162479401
vn 0.8333471417427063 -0.54838860034942627 -0.069299742579460144
vn 0.80750024318695068 -0.18019674718379974 0.56166934967041016
vn -0.46484330296516418 0.4867556095123291 0.73958748579025269
vn 0.9211118221282959 0.017365060746669769 0.38891056180000305
vn -0.85672932863235474 0.50630277395248413 0.098348423838615417
vn -0.87461495399475098 0.29368335008621216 0.38574445247650146
vn -0.83223080635070801 0.34821426868438721 0.43143796920776367
vn 0.96988207101821899 -0.0087055414915084839 0.24341927468776703
vn 0.11690417677164078 -0.015766190364956856 0.99301803112030029
vn -0.97956234216690063 0.082973703742027283 0.1832292228937149
vn 0.88591748476028442 -0.45638757944107056 -0.082828521728515625
vn -0.9473223090171814 0.26943385601043701 0.17316421866416931
vn 0.93860542774200439 -0.32554221153259277 -0.11420217901468277
vn 0.985648512840271 -0.13584940135478973 -0.10020974278450012
vn -0.98990947008132935 0.064274497330188751 0.12628556787967682
vn -0.97880983352661133 0.074271127581596375 0.1908273845911026
vn 0.97789454460144043 -0.060710553079843521 -0.20009124279022217
vn 0.98376768827438354 -0.091670535504817963 -0.15426477789878845
vn 0.982066810131073 -0.1600232720375061 -0.099686175584793091
vn 0.99447792768478394 -0.017057076096534729 -0.10355073213577271
vn 0.96963405609130859 -0.044654730707406998 -0.24044895172119141
vn -0.51302629709243774 0.085787393152713776 0.85407525300979614
vn 0.9907495379447937 -0.092073559761047363 -0.099688664078712463
vn -0.94599908590316772 0.1075366735458374 0.30581307411193848
vn -0.8945959210395813 0.04813176766037941 0.44427630305290222
vn -0.99361163377761841 0.0043837288394570351 0.11276835203170776
vn -0.98370367288589478 -0.053724095225334167 0.17158325016498566
vn 0.99363863468170166 0.024762565270066261 -0.10985949635505676
vn 0.84352362155914307 0.090655907988548279 0.52938586473464966
vn -0.49184459447860718 -0.0017476599896326661 0.87068122625350952
vn 0.015008403919637203 0.99935376644134521 -0.032662145793437958
vn 0.21623131632804871 0.70126056671142578 -0.67932140827178955
vn 0.057504661381244659 0.99012196063995361 -0.12787359952926636
vn 0.12288110703229904 0.98243331909179688 -0.14044594764709473
vn -0.30099990963935852 -0.41697993874549866 0.85762858390808105
vn -0.40000912547111511 -0.29926079511642456 0.86627691984176636
vn 0.4437725841999054 0.033144190907478333 -0.89552628993988037
vn 0.44984334707260132 0.21427924931049347 -0.86702096462249756
vn 0.13995911180973053 0.93221521377563477 -0.33374583721160889
vn 0.16657225787639618 -0.86748111248016357 -0.46875384449958801
vn 0.36060327291488647 -0.38647118210792542 -0.84888476133346558
vn 0.067157246172428131 0.99206376075744629 -0.10629888623952866
vn 0.51465624570846558 0.016380075365304947 -0.85724014043807983
vn 0.062074117362499237 0.99649643898010254 -0.056050058454275131
vn -0.097662404179573059 -0.9951397180557251 -0.012609563767910004
vn 0.2638716995716095 -0.6918942928314209 -0.67205208539962769
vn 0.060746856033802032 0.99389493465423584 -0.092101134359836578
vn -0.4446215033531189 -0.13790811598300934 0.88503843545913696
vn -0.23907545208930969 0.83539307117462158 0.49493575096130371
vn 0.21516473591327667 0.97000610828399658 -0.11310306191444397
vn 0.59802907705307007 0.024357002228498459 -0.80110418796539307
vn -0.021212713792920113 -0.99840313196182251 -0.052356865257024765
vn 0.15530829131603241 0.96485060453414917 -0.21199686825275421
vn -0.1442277580499649 -0.98522567749023438 0.092350907623767853
vn 0.65167737007141113 0.0036958041600883007 -0.7584872841835022
vn -0.36511075496673584 -0.92293906211853027 0.12197397649288177
vn -0.15476797521114349 -0.98693597316741943 0.044768914580345154
vn 0.15036660432815552 -0.56685882806777954 -0.80997592210769653
vn -0.010511068627238274 -0.99865061044692993 -0.050857037305831909
vn -0.49754142761230469 -0.85088163614273071 0.16868005692958832
vn 0.15539689362049103 0.98382937908172607 -0.08905918151140213
vn -0.14600309729576111 -0.98459708690643311 0.096185602247714996
vn 0.050500724464654922 0.99840807914733887 -0.025119384750723839
vn 0.69182002544403076 0.01925760880112648 -0.7218131422996521
vn 0.70206403732299805 -0.030975017696619034 -0.71143978834152222
vn 0.47857445478439331 0.82830297946929932 -0.29134282469749451
vn 0.23675313591957092 0.95828694105148315 -0.16010652482509613
vn 0.22649085521697998 0.96437376737594604 -0.13669343292713165
vn 0.25973603129386902 0.69085156917572021 -0.67473053932189941
vn 0.21490050852298737 0.96533858776092529 -0.14811898767948151
vn -0.32373517751693726 -0.93459784984588623 0.1473853588104248
vn 0.61424994468688965 0.70164930820465088 -0.36108890175819397
vn 0.75034993886947632 0.513435959815979 -0.41636338829994202
vn 0.57247465848922729 0.79524433612823486 -0.19964756071567535
vn 0.0063723120838403702 0.99991869926452637 0.01104219164699316
vn 0.42318794131278992 0.8917701244354248 -0.16018137335777283
vn 0.87484055757522583 0.014979303814470768 -0.48417928814888
vn 0.80981296300888062 0.47166842222213745 -0.34890100359916687
vn 0.84574854373931885 0.23122112452983856 -0.48088064789772034
vn 0.64561545848846436 0.70199739933013916 -0.30063328146934509
vn 0.34257972240447998 0.9320756196975708 -0.11778861284255981
vn 0.55552339553833008 0.82900309562683105 -0.064401797950267792
vn 0.91010594367980957 0.027293076738715172 -0.41347578167915344
vn 0.94562214612960815 0.022352011874318123 -0.32449832558631897
vn 0.92972224950790405 0.27938064932823181 -0.23992288112640381
vn 0.90285426378250122 0.22003218531608582 -0.36937794089317322
vn 0.95797848701477051 -0.010211004875600338 -0.28665825724601746
vn 0.97624748945236206 0.017282459884881973 -0.21596790850162506
vn -0.45874083042144775 -0.080081596970558167 -0.88495409488677979
vn -0.91180092096328735 -0.012969556264579296 -0.41042765974998474
vn -0.99793404340744019 -0.020185710862278938 -0.060992874205112457
vn 0.98397541046142578 -0.025220867246389389 -0.17651152610778809
vn 0.96632480621337891 -0.067590482532978058 -0.24828989803791046
vn -0.82745420932769775 -0.018166907131671906 -0.56123924255371094
vn 0.99508178234100342 0.088748283684253693 -0.043999835848808289
vn 0.96565645933151245 0.24072077870368958 -0.097780860960483551
vn 0.37316867709159851 0.024155465885996819 0.92744898796081543
vn 0.0023135824594646692 -0.99870520830154419 0.050818268209695816
vn -0.0011871573515236378 -0.99655473232269287 0.082929477095603943
vn 0.014746512286365032 -0.99721914529800415 0.073051430284976959
vn 0.30582055449485779 0.27525299787521362 0.91143268346786499
vn 0.43602865934371948 0.21384622156620026 0.87415605783462524
vn -0.056741639971733093 -0.9972190260887146 0.048317734152078629
vn 0.065753623843193054 0.99052774906158447 -0.12054562568664551
vn -0.023694459348917007 0.99924659729003906 -0.030738551169633865
vn 0.044867251068353653 0.99758768081665039 -0.052969615906476974
vn 0.017727706581354141 0.99835401773452759 -0.054543133825063705
vn -0.027624813839793205 0.99763947725296021 -0.062867671251296997
vn 0.080848127603530884 0.98851597309112549 -0.12767049670219421
vn 0.019329110160470009 0.99962538480758667 -0.019377956166863441
vn -0.017192689701914787 0.99966442584991455 -0.019377872347831726
vn -0.030011031776666641 -0.99644309282302856 0.078743286430835724
vn 0.33817803859710693 0.83690029382705688 0.43038758635520935
vn 0.24141143262386322 0.91644710302352905 0.31913194060325623
vn 0.42720356583595276 0.71781140565872192 0.5497671365737915
vn 0.070097707211971283 0.99571323394775391 -0.060344424098730087
vn 0.083995141088962555 0.99493414163589478 -0.055234290659427643
vn 0.059505760669708252 0.98448210954666138 -0.1650879979133606
vn 0.39456272125244141 0.00089393934467807412 0.91886860132217407
vn 0.23090118169784546 -0.76704752445220947 0.59860068559646606
vn -0.037152208387851715 -0.98663860559463501 0.15863141417503357
vn 0.22111792862415314 0.94959598779678345 0.22220329940319061
vn -0.14169815182685852 -0.98594236373901367 0.088539436459541321
vn 0.19787725806236267 0.97150462865829468 -0.13047356903553009
vn -0.1284991055727005 -0.98869407176971436 0.077278532087802887
vn -0.077766984701156616 -0.99494010210037231 0.063611619174480438
vn -0.14389479160308838 -0.98627394437789917 0.080981604754924774
vn 0.098786726593971252 0.98866164684295654 -0.113089919090271
vn 0.066259771585464478 0.99773275852203369 -0.011790561489760876
vn 0.08374854177236557 0.99593973159790039 0.033018391579389572
vn -0.0352749302983284 -0.9872928261756897 0.15494687855243683
vn 0.57412785291671753 0.57742321491241455 0.58048224449157715
vn 0.52472448348999023 0.70845484733581543 0.47197028994560242
vn 0.19531533122062683 0.97321969270706177 0.12122424691915512
vn 0.42278707027435303 0.85564976930618286 0.29852065443992615
vn 0.37467661499977112 0.85220938920974731 0.36518016457557678
vn 0.1623060405254364 0.98439276218414307 -0.068026795983314514
vn -0.09566565603017807 -0.99136185646057129 0.089720606803894043
vn -0.097133979201316833 -0.9944298267364502 0.040918689221143723
vn -0.016804497689008713 -0.98521393537521362 0.17050249874591827
vn 0.31316143274307251 0.61966210603713989 0.71968662738800049
vn 0.68860751390457153 0.50237596035003662 0.52291309833526611
vn 0.65744173526763916 0.43089091777801514 0.61814510822296143
vn 0.58981311321258545 0.71201664209365845 0.38098925352096558
vn 0.14283254742622375 0.98899918794631958 0.038463473320007324
vn 0.087387360632419586 0.99384063482284546 -0.068148791790008545
vn 0.086681313812732697 0.99500316381454468 -0.04954817146062851
vn 0.1708618551492691 0.9834938645362854 -0.059548895806074142
vn 0.14772988855838776 0.98721730709075928 -0.059815742075443268
vn 0.052618049085140228 0.99744939804077148 -0.04822886735200882
vn 0.088445834815502167 0.99576801061630249 -0.024967502802610397
vn 0.74321860074996948 0.53751534223556519 0.39837589859962463
vn 0.16153228282928467 0.98329293727874756 0.083918757736682892
vn 0.23657265305519104 0.96789997816085815 -0.084870673716068268
vn 0.32371020317077637 0.94603848457336426 0.014930408447980881
vn 0.14160385727882385 0.98647934198379517 -0.082503676414489746
vn 0.067506328225135803 -0.82774639129638672 0.55702674388885498
vn 0.85492134094238281 0.021208291873335838 0.51832389831542969
vn 0.85688453912734985 0.28512942790985107 0.4294765293598175
vn -0.42843136191368103 -0.89049237966537476 0.15319867432117462
vn 0.39204710721969604 0.91552692651748657 -0.09005293995141983
vn -0.61423778533935547 -0.7813611626625061 0.11039344966411591
vn 0.21909266710281372 -0.27858966588973999 0.93508619070053101
vn -0.32843002676963806 -0.93215233087539673 0.15240001678466797
vn -0.86881494522094727 -0.48275306820869446 0.11004582047462463
vn 0.77473849058151245 0.57227927446365356 0.26884326338768005
vn 0.89747393131256104 0.37241199612617493 0.23632574081420898
vn 0.77902942895889282 0.60093152523040771 0.17887003719806671
vn 0.7784881591796875 0.62066757678985596 -0.093423768877983093
vn -0.507720947265625 -0.8482545018196106 0.15061104297637939
vn 0.44768044352531433 0.89016562700271606 -0.084778226912021637
vn 0.55829095840454102 0.28428378701210022 0.77941900491714478
vn 0.972850501537323 0.025863580405712128 0.22998484969139099
vn -0.35448569059371948 -0.68625384569168091 0.63513427972793579
vn 0.98355001211166382 -0.012445807456970215 0.1802067756652832
vn -0.35145440697669983 0.13397128880023956 0.92656975984573364
vn 0.92041260004043579 0.37622389197349548 -0.10628367960453033
vn -0.94245487451553345 -0.28390514850616455 0.17656922340393066
vn 0.99506098031997681 -0.023054094985127449 0.096551418304443359
vn 0.87305212020874023 0.39110419154167175 0.29123449325561523
vn 0.91247677803039551 0.40184283256530762 -0.076866894960403442
vn 0.9203488826751709 0.37331685423851013 -0.11658655852079391
vn 0.83158349990844727 0.54127329587936401 -0.12446712702512741
vn -0.77811026573181152 -0.61736631393432617 0.11577242612838745
vn -0.90162420272827148 -0.41901111602783203 0.10725417733192444
vn 0.94200223684310913 0.31608971953392029 -0.11277909576892853
vn 0.6874086856842041 0.20813509821891785 0.69580823183059692
vn 0.98310160636901855 0.074123769998550415 -0.16738240420818329
vn -0.98413115739822388 -0.065531447529792786 0.16489854454994202
vn -0.98533117771148682 -0.12699863314628601 0.11399067938327789
vn -0.9958043098449707 -0.035933926701545715 0.084157600998878479
vn -0.87335216999053955 -0.090152367949485779 0.47867369651794434
vn -0.97258943319320679 -0.091796353459358215 0.21364264190196991
vn -0.4373396635055542 -0.10648594051599503 0.89296960830688477
vn 0.98425042629241943 0.15551775693893433 -0.084055341780185699
vn 0.9872734546661377 0.1043250560760498 -0.12003085017204285
vn 0.9901052713394165 0.051972627639770508 -0.13034719228744507
vn 0.9847109317779541 0.13597396016120911 -0.10888270288705826
vn -0.97864562273025513 -0.14471863210201263 0.14597684144973755
vn 0.60350984334945679 0.14022991061210632 0.78492766618728638
vn 0.97049903869628906 0.21393308043479919 -0.1111944168806076
vn 0.96459358930587769 0.24481247365474701 -0.098112441599369049
vn -0.27061071991920471 0.055711112916469574 0.96107548475265503
vn -0.26195788383483887 0.045179449021816254 0.96402120590209961
vn -0.27474471926689148 0.024274749681353569 0.96121072769165039
vn -0.28208985924720764 0.0048231254331767559 0.95937585830688477
vn -0.28998064994812012 0.01661149226129055 0.95688831806182861
vn -0.28964555263519287 -0.013365934602916241 0.95704066753387451
vn -0.27679604291915894 -0.041519057005643845 0.96003133058547974
vn -0.27910107374191284 -0.012028928846120834 0.96018636226654053
vn -0.28251630067825317 0.033070623874664307 0.95869225263595581
vn -0.294891357421875 0.049455173313617706 0.95425009727478027
vn -0.30309447646141052 0.014627514407038689 0.95284825563430786
vn -0.29992753267288208 -0.020981339737772942 0.9537312388420105
vn -0.2925696074962616 -0.048959657549858093 0.95499002933502197
vn -0.31312534213066101 0.04946562647819519 0.94842272996902466
vn -0.3171195387840271 0.06692146509885788 0.94602149724960327
vn -0.31624406576156616 0.01800123043358326 0.94850707054138184
vn -0.31560754776000977 -0.024646418169140816 0.948569655418396
vn -0.31289097666740417 -0.055075787007808685 0.94819086790084839
vn -0.30478423833847046 -0.07405775785446167 0.94953781366348267
vn -0.29192847013473511 0.069394394755363464 0.95391935110092163
vn -0.33945280313491821 0.072304241359233856 0.9378400444984436
vn -0.33719128370285034 0.081611752510070801 0.93789207935333252
vn -0.31483745574951172 0.075066506862640381 0.94617247581481934
vn -0.3351866602897644 0.055310394614934921 0.94052678346633911
vn -0.33483713865280151 0.022718079388141632 0.94200211763381958
vn -0.33369597792625427 -0.026046838611364365 0.94232082366943359
vn -0.35416662693023682 0.054714739322662354 0.93358039855957031
vn -0.35229745507240295 0.025373427197337151 0.93554407358169556
vn -0.35090184211730957 -0.0081414207816123962 0.93637686967849731
vn -0.33407598733901978 -0.061631087213754654 0.94052904844284058
vn -0.3581814169883728 -0.065968595445156097 0.93131852149963379
vn -0.35251978039741516 -0.033501021564006805 0.93520450592041016
vn -0.37237152457237244 0.079236842691898346 0.92469507455825806
vn -0.36242291331291199 0.075217686593532562 0.92897361516952515
vn -0.36586341261863708 0.046150878071784973 0.92952358722686768
vn -0.3638770580291748 0.027299659326672554 0.93104684352874756
vn -0.36255773901939392 -0.0023625507019460201 0.93195831775665283
vn -0.3705560564994812 -0.026663877069950104 0.92842727899551392
vn -0.3703438937664032 0.004062640480697155 0.928885817527771
vn -0.273724764585495 0.015805210918188095 0.96167820692062378
vn -0.27131414413452148 0.025057939812541008 0.96216458082199097
vn -0.26752811670303345 0.037397418171167374 0.96282404661178589
vn -0.27758267521858215 0.064616024494171143 0.95852625370025635
vn -0.26282995939254761 0.05311242863535881 0.96337920427322388
vn -0.2738545835018158 -0.00494028115645051 0.96175843477249146
vn -0.26789230108261108 -0.011076013557612896 0.96338522434234619
vn -0.2708478569984436 -0.022200755774974823 0.96236610412597656
vn -0.26730570197105408 -0.026369713246822357 0.96325087547302246
vn -0.25797447562217712 -0.036953900009393692 0.96544474363327026
vn -0.25621917843818665 -0.043030709028244019 0.9656604528427124
vn -0.26190054416656494 -0.054418839514255524 0.96355938911437988
vn -0.27322766184806824 -0.062478445470333099 0.95991826057434082
vn -0.36402240395545959 0.086361385881900787 0.92737770080566406
vn -0.36949524283409119 0.05215909332036972 0.92776757478713989
vn -0.37702873349189758 0.068261705338954926 0.92368268966674805
vn -0.3723299503326416 0.031641945242881775 0.92756086587905884
vn -0.36650389432907104 0.043198179453611374 0.92941313982009888
vn -0.3245384693145752 -0.081272229552268982 0.94237446784973145
vn -0.34898915886878967 -0.083739258348941803 0.93337792158126831
vn -0.36914247274398804 -0.094785019755363464 0.92452669143676758
vn -0.37002772092819214 -0.054184328764677048 0.92743921279907227
vn -0.36783745884895325 -0.054895166307687759 0.92826837301254272
vn -0.37136164307594299 -0.03473953902721405 0.92783820629119873
vn -0.37480893731117249 -0.069208979606628418 0.92451518774032593
vn 0.81658583879470825 0.45854654908180237 0.35060319304466248
vn -0.96859192848205566 0.0099376421421766281 -0.24845713376998901
vn -0.59902352094650269 -0.30537429451942444 -0.74021440744400024
vn 0.95069724321365356 0.23812299966812134 -0.1986762136220932
vn 0.9895927906036377 0.14171820878982544 -0.024941852316260338
vn 0.95213967561721802 0.27583858370780945 0.13169312477111816
vn 0.48960733413696289 0.8709377646446228 0.041857440024614334
vn 0.9957205057144165 -0.066687874495983124 0.063979692757129669
vn 0.99900907278060913 -0.030592044815421104 -0.032326504588127136
vn 0.99228399991989136 -0.10925846546888351 0.058609765022993088
vn 0.9047311544418335 -0.42288112640380859 0.051313601434230804
vn 0.69868707656860352 -0.14509013295173645 0.70056062936782837
vn -0.28193721175193787 0.95878118276596069 -0.035356156527996063
vn -0.44314220547676086 0.89645129442214966 -4.21186450694222E-05
vn 0.041166752576828003 0.99915182590484619 -0.00098388467449694872
vn -0.033864967525005341 0.998890221118927 -0.032734137028455734
vn 0.059652157127857208 -0.99398821592330933 0.091809585690498352
vn 0.1475244015455246 -0.92408210039138794 0.35257449746131897
vn 0.047513779252767563 -0.99704617261886597 0.060344092547893524
vn -0.15454328060150146 -0.90157568454742432 0.40407624840736389
vn 0.26131570339202881 0.96188598871231079 -0.080557450652122498
vn 0.086057864129543304 -0.98972475528717041 0.11418847739696503
vn 0.42281132936477661 0.87653928995132446 0.23002047836780548
vn 0.34098687767982483 0.93546503782272339 0.092914745211601257
vn -0.69051599502563477 -0.31472551822662354 0.65125685930252075
vn -0.19648993015289307 -0.97720456123352051 0.080392256379127502
vn 0.54050576686859131 0.82192593812942505 0.17969763278961182
vn -0.33241644501686096 -0.034381099045276642 0.94250583648681641
vn 0.86154329776763916 0.50229483842849731 -0.073777146637439728
vn 0.97941583395004272 0.083707354962825775 -0.18367810547351837
vn -0.76823842525482178 0.6154094934463501 -0.17629772424697876
vn 0.36725181341171265 0.54562216997146606 -0.75327455997467041
vn 0.33006715774536133 0.60092538595199585 -0.72797280550003052
vn 0.40823221206665039 0.47022432088851929 -0.78245484828948975
vn 0.10266384482383728 -0.97775906324386597 0.18288610875606537
vn -0.080492675304412842 -0.99168699979782104 -0.1003885343670845
vn 0.99743187427520752 -0.0087640369310975075 0.071083597838878632
vn 0.92022407054901123 0.35567477345466614 0.16334967315196991
vn -0.24243363738059998 0.96990793943405151 -0.022460639476776123
vn 0.019831474870443344 0.99974024295806885 -0.011234555393457413
vn -0.036717325448989868 0.99862444400787354 0.037430651485919952
vn 0.00052532023983076215 0.99998503923416138 0.0054451064206659794
vn 0.95569944381713867 -0.28546330332756042 -0.071758069097995758
vn 0.90991216897964478 -0.40633752942085266 -0.083364851772785187
vn -0.036468710750341415 0.99626648426055908 -0.078250743448734283
vn 0.17801864445209503 0.98402464389801025 0.0022109381388872862
vn 0.27687761187553406 0.96090143918991089 0.0026864928659051657
vn 0.94340986013412476 0.31978693604469299 0.087830036878585815
vn -0.16766512393951416 0.9797624945640564 -0.10933351516723633
vn -0.2029084712266922 0.97391581535339355 -0.10156824439764023
vn 0.22585247457027435 0.91605770587921143 0.33140447735786438
vn -0.41006249189376831 0.90736043453216553 -0.092443354427814484
vn -0.28077793121337891 0.95726305246353149 -0.069362804293632507
vn 0.15168771147727966 -0.98471730947494507 -0.085572801530361176
vn 0.45883813500404358 -0.85853695869445801 0.22887089848518372
vn 0.8627171516418457 -0.37912511825561523 0.33463898301124573
vn 0.80496257543563843 -0.49444642663002014 0.32796037197113037
vn 0.48661139607429504 -0.83051812648773193 0.27101477980613708
vn -0.27601400017738342 -0.78519850969314575 -0.55432808399200439
vn -0.30932480096817017 -0.77600443363189697 -0.54966831207275391
vn -0.041376587003469467 -0.80579805374145508 -0.59074318408966064
vn -0.042288057506084442 -0.80581063032150269 -0.59066146612167358
vn -0.13683271408081055 -0.98587501049041748 0.096577562391757965
vn 0.50333666801452637 0.19688117504119873 -0.84136199951171875
vn 0.51105046272277832 0.19206826388835907 -0.83781695365905762
vn 0.54349595308303833 -0.0009904943872243166 -0.83941119909286499
vn 0.54464006423950195 -0.013051703572273254 -0.83856832981109619
vn -0.90514206886291504 -0.32145631313323975 -0.27817916870117188
vn -0.94272840023040771 -0.19474931061267853 -0.27080592513084412
vn -0.2440236508846283 -0.96057403087615967 -0.13322904706001282
vn 0.99366253614425659 -0.0085732564330101013 -0.11207689344882965
vn 0.98677098751068115 -0.11596491932868958 -0.11329252272844315
vn 0.99564766883850098 -0.0027844652067869902 0.093155719339847565
vn 0.1641816645860672 0.96800452470779419 0.1897672563791275
vn 0.33794927597045898 0.94083315134048462 0.024965697899460793
vn 0.41371425986289978 -0.90944045782089233 0.041934970766305923
vn 0.010328659787774086 0.99642354249954224 -0.083865731954574585
vn 0.72567516565322876 0.67811596393585205 -0.11642293632030487
vn 0.13787718117237091 0.98716652393341064 -0.080574095249176025
vn 0.80509096384048462 0.58301073312759399 -0.10921097546815872
vn 0.074839890003204346 0.99711042642593384 -0.013029317371547222
vn -0.99917352199554443 0.040545452386140823 -0.0028914534486830235
vn -0.32916164398193359 0.92703866958618164 0.17958807945251465
vn -0.32817700505256653 0.920399010181427 0.21252170205116272
vn -0.26123499870300293 0.94507580995559692 0.19643831253051758
vn -0.74512016773223877 0.63589096069335938 -0.2010936439037323
vn -0.20217663049697876 0.97784620523452759 -0.054234255105257034
vn -0.23273941874504089 0.96978616714477539 -0.073123857378959656
vn -0.96009987592697144 0.12507724761962891 -0.25012776255607605
vn -0.96291887760162354 0.10875920206308365 -0.24689799547195435
vn -0.92947351932525635 -0.36884227395057678 0.0058619086630642414
vn -0.28642499446868896 0.77952265739440918 -0.55705040693283081
vn -0.33079695701599121 0.76700514554977417 -0.54979676008224487
vn -0.31326338648796082 0.77236968278884888 -0.55254966020584106
vn -0.99990260601043701 0.01266381423920393 0.0058706137351691723
vn 0.87914890050888062 -0.36856567859649658 0.30208703875541687
vn 0.97068893909454346 -0.0012678548227995634 0.24033600091934204
vn -0.95754790306091309 0.13597027957439423 -0.25419303774833679
vn -0.95514971017837524 0.10641827434301376 -0.2763407826423645
vn -0.94549709558486938 0.17557145655155182 -0.2742442786693573
vn 0.96799266338348389 -0.25065001845359802 0.012834256514906883
vn 0.96179139614105225 -0.27216035127639771 0.029767068102955818
vn 0.93919795751571655 -0.34233593940734863 0.026708144694566727
vn 0.67945951223373413 -0.733528733253479 0.016441429033875465
vn 0.72143900394439697 -0.68278390169143677 -0.11546410620212555
vn 0.66493457555770874 -0.74178034067153931 -0.087315194308757782
vn 0.6014934778213501 -0.7910493016242981 -0.11156422644853592
vn 0.96421855688095093 0.054276242852210999 -0.25949320197105408
vn 0.95730620622634888 -0.28115683794021606 -0.067198425531387329
vn 0.51632523536682129 0.85088175535202026 0.096997030079364777
vn -0.45489099621772766 -0.88997864723205566 0.031814161688089371
vn 0.048081263899803162 0.99727791547775269 -0.055900849401950836
vn -0.90401828289031982 0.33380672335624695 -0.26706555485725403
vn -0.01485808938741684 -0.98769181966781616 0.15570533275604248
vn -0.82823717594146729 -0.51022875308990479 -0.23171061277389526
vn -0.46561992168426514 -0.85959255695343018 -0.21047256886959076
vn 0.89184379577636719 0.35242107510566711 0.28357365727424622
vn 0.96667736768722534 -0.24963827431201935 -0.05670662596821785
vn 0.98949128389358521 -0.13321332633495331 0.056224729865789413
vn 0.96207344532012939 -0.26783886551856995 0.05173998698592186
vn -0.453473299741745 0.89048367738723755 -0.037426840513944626
vn -0.99183017015457153 -0.0028410609811544418 0.12753349542617798
vn 0.97838485240936279 0.18577080965042114 0.090842418372631073
vn -0.059439972043037415 0.99273020029067993 -0.10465970635414124
vn 0.2749844491481781 0.91099703311920166 0.3073563277721405
vn -0.99179309606552124 -0.12766352295875549 0.0069640949368476868
vn -0.9962431788444519 -0.077874317765235901 -0.03788314014673233
vn -0.055828683078289032 0.82984250783920288 -0.55519777536392212
vn -0.17760506272315979 0.82492583990097046 -0.53661328554153442
vn -0.061164196580648422 0.83091926574707031 -0.55302083492279053
vn -0.3204951286315918 -0.77265703678131104 -0.54798173904418945
vn -0.091463640332221985 -0.80813717842102051 -0.58184939622879028
vn 0.75944119691848755 -0.64467740058898926 -0.087407864630222321
vn -0.92616713047027588 0.36299604177474976 0.10221705585718155
vn 0.0085755577310919762 -0.99994891881942749 0.0053491638973355293
vn 0.77140849828720093 0.59552162885665894 -0.22423847019672394
vn -0.12101296335458755 0.9651637077331543 0.2319803386926651
vn -0.10086897760629654 0.95968407392501831 0.26235848665237427
vn 0.084931597113609314 -0.97655785083770752 0.19779123365879059
vn 0.032627854496240616 -0.98399418592453003 0.17518819868564606
vn 0.069942787289619446 -0.98272228240966797 0.17136207222938538
vn -0.13736569881439209 0.98591691255569458 -0.095386356115341187
vn -0.059009294956922531 0.98976022005081177 -0.12997137010097504
vn -0.098869599401950836 0.9858136773109436 -0.13563250005245209
vn 0.79784882068634033 0.52285343408584595 0.30010253190994263
vn -0.30489739775657654 0.94824409484863281 -0.088717073202133179
vn 0.15191224217414856 -0.98635023832321167 -0.063528768718242645
vn -0.26833802461624146 0.78445714712142944 -0.55912584066390991
vn -0.7002602219581604 -0.46468010544776917 -0.54194831848144531
vn 0.54336875677108765 -0.020701566711068153 -0.83923882246017456
vn 0.54367661476135254 -0.008505077101290226 -0.83925169706344604
vn -0.89377737045288086 -0.44174858927726746 -0.077589966356754303
vn 0.27257925271987915 -0.96176809072494507 0.026507217437028885
vn 0.94341349601745605 -0.33080631494522095 -0.023197466507554054
vn -0.75326913595199585 -0.65717810392379761 -0.026505650952458382
vn -0.56333529949188232 -0.82617932558059692 0.0090051377192139626
vn -0.77507275342941284 0.33551734685897827 -0.53543466329574585
vn -0.025194020941853523 0.96189260482788086 0.27226439118385315
vn -0.057395629584789276 0.96441364288330078 0.2580932080745697
vn -0.061701353639364243 0.95877128839492798 0.27739956974983215
vn 0.97450584173202515 0.22435414791107178 0.0018952760146930814
vn 0.51429295539855957 -0.18988056480884552 -0.8363301157951355
vn -0.29444363713264465 -0.94613271951675415 -0.13466942310333252
vn 0.29754999279975891 -0.94926989078521729 -0.10173806548118591
vn 0.99323683977127075 -0.071517668664455414 0.091464541852474213
vn -0.01431268360465765 -0.99989038705825806 -0.0037895534187555313
vn 0.9579203724861145 -0.28343251347541809 -0.045327000319957733
vn -0.2755679190158844 0.0056394701823592186 0.96126508712768555
vn 0.9805949330329895 0.16104884445667267 -0.11178924143314362
vn 0.96277904510498047 0.25757351517677307 -0.081929266452789307
vn -0.97827368974685669 0.20037950575351715 -0.053184665739536285
vn -0.99151396751403809 0.11041829735040665 -0.068614214658737183
vn -0.9965854287147522 0.031636722385883331 -0.076266393065452576
vn -0.99903786182403564 0.032051637768745422 -0.029934043064713478
vn -0.994171142578125 0.10115921497344971 -0.037289664149284363
vn -0.50017637014389038 -0.67076277732849121 -0.54763209819793701
vn -0.50617820024490356 -0.66560041904449463 -0.54841560125350952
vn -0.60925984382629395 -0.57389867305755615 -0.54721361398696899
vn -0.67915642261505127 -0.73351514339447021 0.026496179401874542
vn -0.62369775772094727 -0.78165507316589355 -0.0040548308752477169
vn 0.99635279178619385 0.075388893485069275 0.039970450103282928
vn 0.28809717297554016 0.95742708444595337 0.018258882686495781
vn -0.30412879586219788 0.77718502283096313 -0.55089843273162842
vn -0.83838850259780884 0.13898198306560516 -0.52705669403076172
vn 0.96466028690338135 0.23932164907455444 -0.11025302112102509
vn 0.99974226951599121 -0.014650443568825722 -0.017341362312436104
vn -0.20719346404075623 0.96800178289413452 -0.14157477021217346
vn -0.61836123466491699 0.77404201030731201 0.1359720379114151
vn -0.3432651162147522 -0.7629472017288208 -0.54779613018035889
vn -0.30841299891471863 -0.77679550647735596 -0.54906296730041504
vn -0.39453357458114624 -0.73814243078231812 -0.54725587368011475
vn -0.83906424045562744 -0.13655933737754822 -0.52661442756652832
vn -0.83300530910491943 -0.16707153618335724 -0.52743643522262573
vn -0.84820431470870972 -0.057662837207317352 -0.52652102708816528
vn 0.17908994853496552 -0.74101811647415161 -0.64716225862503052
vn 0.38852283358573914 0.86783367395401001 0.30970102548599243
vn -0.086763501167297363 -0.99132204055786133 -0.098755590617656708
vn -0.96809613704681396 0.029831530526280403 -0.24879708886146545
vn -0.84940916299819946 0.0060062590055167675 -0.52770072221755981
vn 0.09225945919752121 -0.97895747423171997 0.18201777338981628
vn -0.19612941145896912 0.95827847719192505 0.20793172717094421
vn 0.39176815748214722 0.85319864749908447 0.34433963894844055
vn -0.99880433082580566 0.048744112253189087 0.0037258046213537455
vn 0.22347830235958099 0.71230834722518921 -0.66533774137496948
vn -0.072133027017116547 -0.98926478624343872 -0.12709060311317444
vn -0.14283671975135803 -0.98388105630874634 -0.10759054869413376
vn -0.058461248874664307 -0.99119526147842407 0.11880338937044144
vn -0.096708826720714569 -0.98943096399307251 0.10804504156112671
vn -0.94165343046188354 -0.18416509032249451 -0.28173050284385681
vn 0.94528305530548096 -0.30987253785133362 -0.10207300633192062
vn 0.75787484645843506 -0.0096506141126155853 0.65232861042022705
vn 0.96783405542373657 -0.22355680167675018 -0.11541042476892471
vn -0.088642589747905731 0.96555685997009277 0.24462708830833435
vn -0.84700769186019897 0.53139829635620117 0.013922396115958691
vn -0.91027277708053589 0.34922933578491211 -0.22235625982284546
vn 0.94006210565567017 -0.33333498239517212 0.071909651160240173
vn 0.99754875898361206 0.0065418295562267303 0.069668322801589966
vn 0.89412093162536621 0.024609411135315895 0.44714891910552979
vn 0.0019583741668611765 0.99220907688140869 -0.12456864863634109
vn -0.27376827597618103 0.93567997217178345 0.22260706126689911
vn -0.19828891754150391 0.9785923957824707 -0.055121637880802155
vn -0.98736274242401123 -0.14134915173053741 -0.071660906076431274
vn -0.45087918639183044 0.88016265630722046 0.14839707314968109
vn 0.039705246686935425 -0.98644334077835083 0.15922641754150391
vn 0.97028040885925293 -0.0051276511512696743 0.24192896485328674
vn 0.94563990831375122 -0.31682458519935608 0.073398731648921967
vn -0.28165686130523682 -0.06961435079574585 0.95698654651641846
vn 0.99579703807830811 -0.0011987913167104125 0.091579712927341461
vn -0.019074546173214912 0.95496553182601929 0.2961030900478363
vn -0.991127610206604 0.11464567482471466 -0.067249134182929993
f 1695//1695 1696//1696 1697//1697
f 1698//1698 1699//1699 1700//1700
f 1701//1701 1702//1702 1703//1703
f 1697//1697 1699//1699 1704//1704
f 1705//1705 1706//1706 1707//1707
f 1708//1708 1709//1709 1710//1710
f 1711//1711 1709//1709 1708//1708
f 1712//1712 1713//1713 1714//1714
f 1712//1712 1715//1715 1716//1716
f 1713//1713 1712//1712 1717//1717
f 1718//1718 1719//1719 1720//1720
f 1717//1717 1712//1712 1716//1716
f 1721//1721 1716//1716 1707//1707
f 1707//1707 1722//1722 1721//1721
f 1719//1719 1723//1723 1711//1711
f 1719//1719 1718//1718 1723//1723
f 1722//1722 1724//1724 1725//1725
f 1723//1723 1726//1726 1727//1727
f 1728//1728 1718//1718 1713//1713
f 1721//1721 1729//1729 1717//1717
f 1730//1730 1731//1731 1725//1725
f 1728//1728 1732//1732 1718//1718
f 1723//1723 1718//1718 1732//1732
f 1733//1733 1734//1734 1730//1730
f 1731//1731 1735//1735 1736//1736
f 1734//1734 1737//1737 1730//1730
f 1738//1738 1726//1726 1739//1739
f 1726//1726 1723//1723 1740//1740
f 1735//1735 1741//1741 1736//1736
f 1739//1739 1742//1742 1738//1738
f 1732//1732 1728//1728 1743//1743
f 1741//1741 1744//1744 1729//1729
f 1739//1739 1726//1726 1740//1740
f 1745//1745 1746//1746 1731//1731
f 1743//1743 1747//1747 1732//1732
f 1742//1742 1739//1739 1748//1748
f 1749//1749 1750//1750 1743//1743
f 1751//1751 1752//1752 1735//1735
f 1740//1740 1747//1747 1753//1753
f 1735//1735 1746//1746 1751//1751
f 1752//1752 1754//1754 1749//1749
f 1755//1755 1753//1753 1756//1756
f 1753//1753 1750//1750 1757//1757
f 1758//1758 1748//1748 1759//1759
f 1760//1760 1750//1750 1754//1754
f 1761//1761 1762//1762 1752//1752
f 1763//1763 1764//1764 1761//1761
f 1756//1756 1753//1753 1765//1765
f 1763//1763 1766//1766 1767//1767
f 1768//1768 1758//1758 1759//1759
f 1760//1760 1769//1769 1757//1757
f 1760//1760 1754//1754 1770//1770
f 1763//1763 1767//1767 1771//1771
f 1764//1764 1762//1762 1761//1761
f 1772//1772 1773//1773 1768//1768
f 1774//1774 1775//1775 1764//1764
f 1776//1776 1777//1777 1765//1765
f 1778//1778 1709//1709 1727//1727
f 1738//1738 1779//1779 1778//1778
f 1780//1780 1714//1714 1781//1781
f 1705//1705 1715//1715 1780//1780
f 1724//1724 1722//1722 1706//1706
f 1745//1745 1782//1782 1783//1783
f 1770//1770 1784//1784 1785//1785
f 1771//1771 1786//1786 1774//1774
f 1787//1787 1788//1788 1789//1789
f 1791//1791 3969//3969 1789//1789 1790//1790
f 1787//1787 1792//1792 1788//1788
f 1793//1793 1794//1794 1795//1795
f 1793//1793 1796//1796 1797//1797
f 1798//1798 1799//1799 1800//1800
f 1796//1796 1801//1801 1802//1802
f 1798//1798 1800//1800 1803//1803
f 1804//1804 1805//1805 1806//1806
f 1807//1807 1808//1808 1809//1809
f 1797//1797 1796//1796 1810//1810
f 1804//1804 1795//1795 1794//1794
f 1811//1811 1837//1837 1812//1812 1813//1813
f 1799//1799 1814//1814 1800//1800
f 1805//1805 1838//1838 1815//1815 1806//1806
f 1810//1810 1816//1816 1811//1811
f 1818//1818 1810//1810 1802//1802 1817//1817
f 1819//1819 1820//1820 1803//1803
f 1799//1799 1821//1821 1822//1822
f 1823//1823 1824//1824 1825//1825
f 1806//1806 1815//1815 1824//1824
f 1826//1826 1827//1827 1814//1814
f 1823//1823 1825//1825 1828//1828 1829//1829
f 1825//1825 1815//1815 1830//1830
f 1831//1831 1816//1816 1810//1810
f 1833//1833 1840//1840 1826//1826 1832//1832
f 1818//1818 1817//1817 1834//1834
f 1813//1813 1794//1794 1793//1793
f 1829//1829 1835//1835 1836//1836
f 1808//1808 1801//1801 1809//1809
f 1820//1820 1809//1809 1798//1798
f 1831//1831 1837//1837 1816//1816
f 1825//1825 1830//1830 1828//1828
f 1838//1838 1839//1839 1830//1830
f 1840//1840 1841//1841 1826//1826
f 1843//1843 3817//3817 1844//1844 1842//1842
f 1845//1845 1846//1846 1847//1847
f 1844//1844 1859//1859 1848//1848 1849//1849
f 1850//1850 1851//1851 1852//1852
f 1852//1852 1884//1884 1853//1853 1850//1850
f 1842//1842 1844//1844 1849//1849
f 1847//1847 1846//1846 1854//1854 1855//1855
f 1857//1857 1861//1861 1845//1845 1856//1856
f 1859//1859 3910//3910 1854//1854 1858//1858
f 1860//1860 1865//1865 1858//1858 1854//1854
f 1846//1846 1845//1845 1861//1861 1860//1860
f 1863//1863 1848//1848 1858//1858 1862//1862
f 1863//1863 1862//1862 1864//1864
f 1865//1865 1860//1860 1866//1866
f 1867//1867 1868//1868 1863//1863
f 1862//1862 1865//1865 1869//1869
f 1870//1870 1871//1871 1872//1872
f 1864//1864 1894//1894 1873//1873 1867//1867
f 1868//1868 1881//1881 1871//1871 1874//1874
f 1877//1877 1892//1892 1875//1875 1876//1876
f 1866//1866 1877//1877 1876//1876
f 1866//1866 1878//1878 1869//1869
f 1880//1880 1872//1872 1871//1871 1879//1879
f 1876//1876 1882//1882 1883//1883
f 1885//1885 1886//1886 1887//1887
f 1888//1888 1893//1893 1861//1861 1857//1857
f 1889//1889 1890//1890 1891//1891
f 1880//1880 1879//1879 1891//1891
f 1892//1892 1877//1877 1893//1893
f 1881//1881 1873//1873 1894//1894
f 1895//1895 1896//1896 1897//1897
f 1896//1896 1898//1898 1899//1899
f 1900//1900 1901//1901 1902//1902
f 1903//1903 1900//1900 1904//1904
f 1903//1903 1904//1904 1905//1905
f 1908//1908 3939//3939 1906//1906 1907//1907
f 1909//1909 1910//1910 1911//1911
f 1912//1912 1913//1913 1914//1914
f 1915//1915 1916//1916 1906//1906
f 1918//1918 1907//1907 1917//1917 1912//1912
f 1907//1907 1906//1906 1916//1916
f 1921//1921 1914//1914 1919//1919 1920//1920
f 1921//1921 3982//3982 1918//1918 1914//1914
f 1924//1924 1936//1936 1922//1922 1923//1923
f 1925//1925 1926//1926 1927//1927
f 1930//1930 3769//3769 1928//1928 1929//1929
f 1931//1931 1930//1930 1929//1929
f 1932//1932 1931//1931 1927//1927
f 1923//1923 1933//1933 1924//1924
f 1934//1934 1924//1924 1933//1933
f 1927//1927 1935//1935 1925//1925
f 1931//1931 1935//1935 1927//1927
f 1936//1936 1924//1924 1937//1937
f 1928//1928 1938//1938 1939//1939
f 1940//1940 1941//1941 1942//1942
f 1943//1943 1944//1944 1945//1945
f 1942//1942 1941//1941 1944//1944
f 1940//1940 1946//1946 1941//1941
f 1940//1940 1947//1947 1948//1948
f 1940//1940 1948//1948 1946//1946
f 1949//1949 1950//1950 1944//1944
f 1948//1948 1951//1951 1952//1952
f 1952//1952 1946//1946 1948//1948
f 1952//1952 1953//1953 1949//1949
f 1952//1952 1954//1954 1955//1955
f 1956//1956 1957//1957 1958//1958
f 1953//1953 1952//1952 1955//1955
f 1953//1953 1955//1955 1959//1959
f 1957//1957 1956//1956 1960//1960
f 1961//1961 1962//1962 1956//1956
f 1963//1963 1964//1964 1959//1959
f 1959//1959 1965//1965 1966//1966
f 1962//1962 1961//1961 1967//1967
f 1961//1961 1968//1968 1967//1967
f 1962//1962 1969//1969 1970//1970
f 1964//1964 1971//1971 1967//1967
f 1972//1972 1964//1964 1963//1963
f 1972//1972 1973//1973 1964//1964
f 1971//1971 1974//1974 1967//1967
f 1975//1975 1976//1976 1969//1969
f 1973//1973 1977//1977 1971//1971
f 1976//1976 1978//1978 1969//1969
f 1974//1974 1979//1979 1975//1975
f 1974//1974 1977//1977 1980//1980
f 1981//1981 1982//1982 1976//1976
f 1983//1983 1990//1990 1980//1980 1977//1977
f 1957//1957 1960//1960 1970//1970
f 1951//1951 1984//1984 1954//1954
f 1985//1985 1986//1986 1987//1987
f 1979//1979 1988//1988 1982//1982
f 1966//1966 1965//1965 1989//1989
f 1988//1988 1980//1980 1990//1990
f 1991//1991 2004//2004 1992//1992 1993//1993
f 1994//1994 1991//1991 1995//1995
f 1993//1993 1996//1996 1995//1995
f 1997//1997 1998//1998 1999//1999
f 2000//2000 1997//1997 1999//1999
f 2001//2001 2002//2002 2003//2003
f 2006//2006 2002//2002 2001//2001 2005//2005
f 2000//2000 1999//1999 2002//2002 2006//2006
f 2007//2007 2008//2008 2009//2009
f 2010//2010 2011//2011 2012//2012
f 2011//2011 2010//2010 2013//2013
f 2015//2015 2056//2056 2016//2016 2014//2014
f 2019//2019 2023//2023 2017//2017 2018//2018
f 2021//2021 2018//2018 2017//2017 2020//2020
f 2022//2022 2023//2023 2019//2019
f 2015//2015 2029//2029 2024//2024 2021//2021
f 2025//2025 2019//2019 2026//2026
f 2028//2028 2024//2024 2029//2029 2027//2027
f 2030//2030 2027//2027 2031//2031
f 2026//2026 2032//2032 2033//2033
f 2026//2026 3973//3973 2024//2024 2028//2028
f 2034//2034 2032//2032 2027//2027
f 2027//2027 2035//2035 2034//2034
f 2037//2037 2022//2022 2025//2025 2036//2036
f 2032//2032 2034//2034 2038//2038
f 2034//2034 2035//2035 2039//2039
f 2040//2040 2041//2041 2042//2042
f 2045//2045 2047//2047 2043//2043 2044//2044
f 2046//2046 2047//2047 2048//2048
f 2035//2035 2042//2042 2048//2048
f 2049//2049 2037//2037 2044//2044
f 2047//2047 2050//2050 2043//2043
f 2050//2050 2047//2047 2046//2046
f 2041//2041 2051//2051 2052//2052
f 2053//2053 2017//2017 2054//2054
f 2020//2020 2017//2017 2053//2053
f 2055//2055 2016//2016 2056//2056
f 2014//2014 2057//2057 2058//2058
f 2014//2014 2058//2058 2059//2059
f 2060//2060 2050//2050 2046//2046 2052//2052
f 2051//2051 2060//2060 2052//2052
f 2061//2061 2062//2062 2063//2063
f 2064//2064 2062//2062 2061//2061
f 2065//2065 2063//2063 2062//2062
f 2061//2061 2066//2066 2064//2064
f 2067//2067 2068//2068 2069//2069
f 2072//2072 2074//2074 2070//2070 2071//2071
f 2071//2071 2073//2073 2072//2072
f 2074//2074 2075//2075 2076//2076
f 2077//2077 2078//2078 2079//2079
f 2081//2081 3826//3826 2082//2082 2080//2080
f 2084//2084 2076//2076 2075//2075 2083//2083
f 2078//2078 2085//2085 2079//2079
f 2086//2086 2072//2072 2087//2087
f 2088//2088 2070//2070 2074//2074
f 2088//2088 2074//2074 2081//2081 2089//2089
f 2092//2092 2093//2093 2090//2090 2091//2091
f 2095//2095 2091//2091 2096//2096 2094//2094
f 2091//2091 2095//2095 2097//2097 2092//2092
f 2098//2098 2099//2099 2100//2100
f 2100//2100 2101//2101 2098//2098
f 2101//2101 2102//2102 2098//2098
f 2102//2102 2101//2101 2103//2103
f 2104//2104 2105//2105 2106//2106
f 2106//2106 2107//2107 2108//2108
f 2109//2109 2104//2104 2106//2106
f 2110//2110 2109//2109 2106//2106
f 2111//2111 2112//2112 2113//2113
f 2107//2107 2114//2114 2115//2115
f 2110//2110 2106//2106 2108//2108 2116//2116
f 2117//2117 2118//2118 2119//2119
f 2120//2120 2121//2121 2122//2122
f 2120//2120 3975//3975 2118//2118 2121//2121
f 2124//2124 3831//3831 2122//2122 2123//2123
f 2125//2125 3866//3866 2126//2126 2127//2127
f 2128//2128 2129//2129 2130//2130
f 2129//2129 2128//2128 2131//2131
f 2132//2132 2131//2131 2133//2133
f 2130//2130 2127//2127 2128//2128
f 2125//2125 3966//3966 2135//2135 2134//2134
f 2136//2136 2137//2137 2138//2138
f 2139//2139 2140//2140 2141//2141
f 2142//2142 2141//2141 2143//2143
f 2144//2144 2145//2145 2139//2139
f 2146//2146 2141//2141 2142//2142
f 2147//2147 2146//2146 2148//2148
f 2149//2149 3836//3836 2145//2145 2144//2144
f 2139//2139 2150//2150 2151//2151
f 2152//2152 2139//2139 2151//2151
f 2153//2153 2154//2154 2155//2155
f 2156//2156 2157//2157 2158//2158
f 2159//2159 2149//2149 2144//2144
f 2160//2160 2158//2158 2159//2159
f 2159//2159 3883//3883 2161//2161 2160//2160
f 2162//2162 2163//2163 2164//2164
f 2165//2165 2156//2156 2160//2160
f 2166//2166 2167//2167 2168//2168
f 2154//2154 2153//2153 2167//2167
f 2157//2157 2156//2156 2169//2169
f 2160//2160 2161//2161 2165//2165
f 2170//2170 2171//2171 2172//2172
f 2173//2173 2174//2174 2175//2175
f 2170//2170 2172//2172 2173//2173
f 2163//2163 2162//2162 2176//2176
f 2177//2177 2178//2178 2179//2179
f 2180//2180 2181//2181 2182//2182
f 2182//2182 2183//2183 2180//2180
f 2183//2183 2184//2184 2180//2180
f 2185//2185 2186//2186 2187//2187
f 2188//2188 2189//2189 2190//2190
f 2191//2191 2192//2192 2193//2193
f 2188//2188 2186//2186 2185//2185
f 2189//2189 2188//2188 2185//2185
f 2194//2194 2191//2191 2195//2195
f 2194//2194 2196//2196 2197//2197
f 2198//2198 2199//2199 2200//2200
f 2188//2188 2201//2201 2186//2186
f 2202//2202 2203//2203 2198//2198
f 2202//2202 2198//2198 2200//2200 2204//2204
f 2200//2200 2192//2192 2204//2204
f 2205//2205 2194//2194 2206//2206
f 2201//2201 2207//2207 2186//2186
f 2208//2208 2201//2201 2188//2188
f 2209//2209 2210//2210 2203//2203
f 2202//2202 2211//2211 2203//2203
f 2206//2206 2212//2212 2204//2204
f 2213//2213 2201//2201 2208//2208
f 2206//2206 2194//2194 2214//2214
f 2210//2210 2215//2215 2208//2208
f 2214//2214 2216//2216 2206//2206
f 2210//2210 2209//2209 2211//2211
f 2212//2212 2211//2211 2202//2202
f 2206//2206 2217//2217 2212//2212
f 2215//2215 2218//2218 2213//2213
f 2219//2219 2220//2220 2211//2211
f 2221//2221 2222//2222 2217//2217
f 2217//2217 2223//2223 2212//2212
f 2223//2223 2224//2224 2219//2219
f 2224//2224 2234//2234 2225//2225 2226//2226
f 2222//2222 2239//2239 2224//2224 2223//2223
f 2218//2218 2227//2227 2228//2228
f 2225//2225 2229//2229 2220//2220
f 2231//2231 3932//3932 2230//2230 2228//2228
f 2232//2232 2231//2231 2228//2228
f 2222//2222 2221//2221 2233//2233
f 2228//2228 2227//2227 2232//2232
f 2227//2227 2220//2220 2229//2229
f 2234//2234 2235//2235 2225//2225
f 2233//2233 2236//2236 2222//2222
f 2229//2229 2235//2235 2227//2227
f 2224//2224 2237//2237 2234//2234
f 2237//2237 2224//2224 2238//2238
f 2239//2239 2238//2238 2224//2224
f 2239//2239 2236//2236 2238//2238
f 2237//2237 2240//2240 2234//2234
f 2238//2238 2241//2241 2237//2237
f 2242//2242 2243//2243 2231//2231
f 2241//2241 2252//2252 2244//2244 2237//2237
f 2242//2242 2245//2245 2246//2246
f 2247//2247 2246//2246 2248//2248
f 2240//2240 2247//2247 2235//2235
f 2249//2249 2250//2250 2251//2251
f 2236//2236 2266//2266 2253//2253 2254//2254
f 2187//2187 3978//3978 2255//2255 2256//2256
f 2221//2221 2216//2216 2257//2257
f 2196//2196 2258//2258 2259//2259
f 2260//2260 2261//2261 2257//2257
f 2262//2262 2233//2233 2261//2261 2260//2260
f 2250//2250 2249//2249 2263//2263
f 2253//2253 2264//2264 2249//2249
f 2265//2265 2264//2264 2266//2266
f 2268//2268 3962//3962 2269//2269 2267//2267
f 2270//2270 2271//2271 2272//2272
f 2273//2273 2274//2274 2275//2275
f 2277//2277 2279//2279 2276//2276 2274//2274
f 2274//2274 2273//2273 2277//2277
f 2277//2277 2282//2282 2278//2278 2279//2279
f 2271//2271 2276//2276 2272//2272
f 2275//2275 2280//2280 2281//2281
f 2283//2283 2284//2284 2282//2282
f 2282//2282 2273//2273 2283//2283
f 2285//2285 2286//2286 2287//2287
f 2288//2288 2289//2289 2285//2285
f 2290//2290 2291//2291 2292//2292
f 2287//2287 3993//3993 2293//2293 2285//2285
f 2285//2285 2293//2293 2288//2288
f 2295//2295 2291//2291 2288//2288 2294//2294
f 2297//2297 2337//2337 2298//2298 2296//2296
f 2298//2298 2299//2299 2296//2296
f 2300//2300 3886//3886 2301//2301 2296//2296
f 2299//2299 2302//2302 2303//2303
f 2304//2304 2305//2305 2306//2306
f 2307//2307 2305//2305 2302//2302
f 2308//2308 2306//2306 2307//2307
f 2309//2309 2310//2310 2311//2311
f 2312//2312 2313//2313 2314//2314
f 2308//2308 2313//2313 2315//2315 2316//2316
f 2317//2317 2315//2315 2313//2313
f 2317//2317 2313//2313 2312//2312
f 2312//2312 2314//2314 2318//2318
f 2312//2312 2318//2318 2317//2317
f 2319//2319 2320//2320 2321//2321
f 2321//2321 2322//2322 2319//2319
f 2319//2319 2323//2323 2320//2320
f 2319//2319 2322//2322 2323//2323
f 2323//2323 2322//2322 2324//2324 2325//2325
f 2323//2323 2325//2325 2326//2326
f 2327//2327 2328//2328 2329//2329
f 2329//2329 2328//2328 2330//2330
f 2328//2328 3985//3985 2331//2331 2332//2332
f 2334//2334 2338//2338 2333//2333 2332//2332
f 2334//2334 2332//2332 2331//2331 2335//2335
f 2331//2331 2336//2336 2335//2335
f 2337//2337 2297//2297 2301//2301
f 2308//2308 2316//2316 2306//2306
f 2338//2338 2339//2339 2333//2333
f 2340//2340 3994//3994 2338//2338 2334//2334
f 2334//2334 2341//2341 2340//2340
f 2341//2341 2334//2334 2335//2335
f 2318//2318 2324//2324 2322//2322
f 2327//2327 2325//2325 2324//2324
f 2342//2342 2343//2343 2344//2344
f 2345//2345 2346//2346 2343//2343
f 2347//2347 2348//2348 2349//2349
f 2350//2350 2351//2351 2352//2352
f 2353//2353 3876//3876 2354//2354 2355//2355
f 2356//2356 2355//2355 2354//2354
f 2357//2357 2358//2358 2350//2350
f 2359//2359 2360//2360 2361//2361
f 2359//2359 2362//2362 2363//2363
f 2363//2363 2364//2364 2359//2359
f 2365//2365 2366//2366 2363//2363
f 2367//2367 2368//2368 2360//2360
f 2369//2369 2370//2370 2371//2371
f 2372//2372 2373//2373 2374//2374
f 2375//2375 2376//2376 2377//2377
f 2378//2378 2392//2392 2379//2379 2380//2380
f 2367//2367 2945//2945 2381//2381 2382//2382
f 2374//2374 2383//2383 2384//2384
f 2385//2385 2376//2376 2386//2386
f 2386//2386 2387//2387 2388//2388
f 2389//2389 2390//2390 2391//2391
f 2379//2379 2392//2392 2393//2393
f 2371//2371 2394//2394 2395//2395
f 2396//2396 2397//2397 2382//2382
f 2376//2376 2395//2395 2387//2387
f 2398//2398 2395//2395 2394//2394
f 2399//2399 2400//2400 2398//2398
f 2399//2399 2401//2401 2400//2400
f 2404//2404 2991//2991 2402//2402 2403//2403
f 2405//2405 2391//2391 2406//2406
f 2407//2407 2408//2408 2409//2409
f 2410//2410 2411//2411 2412//2412
f 2413//2413 2414//2414 2415//2415
f 2416//2416 2417//2417 2418//2418
f 2419//2419 2420//2420 2421//2421
f 2422//2422 2434//2434 2423//2423 2424//2424
f 2426//2426 3030//3030 2427//2427 2425//2425
f 2428//2428 2429//2429 2430//2430
f 2431//2431 2432//2432 2433//2433
f 2434//2434 2435//2435 2423//2423
f 2436//2436 2437//2437 2438//2438
f 2439//2439 2434//2434 2440//2440
f 2441//2441 2442//2442 2443//2443
f 2446//2446 2448//2448 2444//2444 2445//2445
f 2447//2447 2448//2448 2446//2446
f 2431//2431 2433//2433 2449//2449
f 2450//2450 2361//2361 2451//2451
f 2451//2451 2361//2361 2452//2452
f 2453//2453 2454//2454 2455//2455
f 2433//2433 2456//2456 2457//2457
f 2458//2458 2397//2397 2459//2459
f 2460//2460 2461//2461 2462//2462
f 2463//2463 2462//2462 2464//2464 2465//2465
f 2466//2466 2467//2467 2468//2468
f 2469//2469 2470//2470 2471//2471
f 2472//2472 2473//2473 2474//2474
f 2475//2475 2476//2476 2473//2473
f 2477//2477 2478//2478 2479//2479
f 2480//2480 2481//2481 2482//2482
f 2483//2483 2484//2484 2485//2485
f 2488//2488 3809//3809 2486//2486 2487//2487
f 2489//2489 2490//2490 2491//2491
f 2492//2492 2493//2493 2494//2494
f 2495//2495 3150//3150 2496//2496 2497//2497
f 2492//2492 2498//2498 2493//2493
f 2495//2495 2497//2497 2499//2499
f 2500//2500 2499//2499 2497//2497
f 2499//2499 2498//2498 2501//2501
f 2502//2502 2503//2503 2504//2504
f 2505//2505 2501//2501 2504//2504
f 2506//2506 2507//2507 2508//2508
f 2509//2509 2510//2510 2505//2505
f 2489//2489 2511//2511 2512//2512
f 2513//2513 2512//2512 2511//2511
f 2514//2514 2515//2515 2516//2516
f 2513//2513 2517//2517 2512//2512
f 2520//2520 3190//3190 2518//2518 2519//2519
f 2521//2521 2522//2522 2523//2523
f 2524//2524 2405//2405 2525//2525
f 2526//2526 2527//2527 2528//2528
f 2530//2530 2528//2528 2527//2527 2529//2529
f 2531//2531 2532//2532 2522//2522
f 2524//2524 2533//2533 2534//2534
f 2535//2535 2536//2536 2537//2537
f 2537//2537 2538//2538 2535//2535
f 2539//2539 2540//2540 2541//2541
f 2542//2542 2543//2543 2544//2544
f 2545//2545 2546//2546 2547//2547
f 2548//2548 2549//2549 2550//2550
f 2551//2551 2552//2552 2548//2548
f 2553//2553 2554//2554 2555//2555
f 2556//2556 2557//2557 2558//2558
f 2558//2558 2557//2557 2559//2559
f 2560//2560 2561//2561 2562//2562
f 2358//2358 2563//2563 2564//2564
f 2565//2565 2566//2566 2567//2567
f 2568//2568 2569//2569 2570//2570
f 2492//2492 2571//2571 2572//2572
f 2573//2573 2572//2572 2571//2571
f 2574//2574 2575//2575 2576//2576
f 2577//2577 2578//2578 2579//2579
f 2580//2580 2581//2581 2582//2582
f 2583//2583 2584//2584 2585//2585
f 2586//2586 2587//2587 2577//2577
f 2492//2492 2572//2572 2502//2502
f 2573//2573 2588//2588 2572//2572
f 2589//2589 2583//2583 2585//2585
f 2514//2514 2590//2590 2591//2591
f 2592//2592 2593//2593 2594//2594
f 2595//2595 2596//2596 2597//2597
f 2598//2598 2599//2599 2600//2600
f 2601//2601 2602//2602 2603//2603
f 2604//2604 2605//2605 2533//2533
f 2606//2606 2605//2605 2599//2599
f 2607//2607 2608//2608 2471//2471
f 2609//2609 2601//2601 2610//2610
f 2611//2611 2612//2612 2613//2613
f 2614//2614 2615//2615 2616//2616
f 2617//2617 2618//2618 2619//2619
f 2620//2620 2621//2621 2622//2622
f 2623//2623 2624//2624 2625//2625
f 2626//2626 2627//2627 2628//2628
f 2629//2629 2630//2630 2631//2631
f 2632//2632 2633//2633 2623//2623
f 2634//2634 2635//2635 2636//2636
f 2637//2637 2629//2629 2638//2638
f 2639//2639 2640//2640 2641//2641
f 2642//2642 2636//2636 2643//2643
f 2644//2644 2645//2645 2639//2639
f 2642//2642 2643//2643 2646//2646
f 2647//2647 2648//2648 2640//2640
f 2649//2649 2652//2652 2650//2650 2637//2637
f 2651//2651 2650//2650 2652//2652
f 2653//2653 2654//2654 2655//2655
f 2656//2656 2657//2657 2658//2658
f 2659//2659 2660//2660 2656//2656
f 2657//2657 2661//2661 2662//2662
f 2660//2660 2663//2663 2664//2664
f 2665//2665 2666//2666 2667//2667
f 2668//2668 2669//2669 2670//2670
f 2671//2671 2672//2672 2673//2673
f 2674//2674 2675//2675 2671//2671
f 2479//2479 2676//2676 2677//2677
f 2678//2678 2482//2482 2679//2679
f 2680//2680 2681//2681 2682//2682
f 2683//2683 2684//2684 2685//2685
f 2686//2686 2687//2687 2688//2688
f 2689//2689 2690//2690 2691//2691
f 2692//2692 2693//2693 2694//2694
f 2695//2695 2696//2696 2697//2697
f 2698//2698 2699//2699 2696//2696
f 2700//2700 2701//2701 2702//2702
f 2703//2703 2689//2689 2704//2704
f 2695//2695 2705//2705 2706//2706
f 2707//2707 2708//2708 2709//2709
f 2712//2712 3488//3488 2710//2710 2711//2711
f 2713//2713 2714//2714 2715//2715
f 2710//2710 2716//2716 2717//2717
f 2719//2719 3501//3501 2718//2718 2717//2717
f 2720//2720 2721//2721 2722//2722
f 2721//2721 2723//2723 2724//2724
f 2725//2725 2724//2724 2714//2714
f 2721//2721 2726//2726 2722//2722
f 2727//2727 2728//2728 2729//2729
f 2730//2730 2731//2731 2732//2732
f 2733//2733 2734//2734 2735//2735
f 2736//2736 2735//2735 2737//2737
f 2738//2738 2739//2739 2740//2740
f 2741//2741 2731//2731 2742//2742
f 2743//2743 2744//2744 2745//2745
f 2548//2548 2746//2746 2747//2747
f 2748//2748 2749//2749 2750//2750
f 2751//2751 2752//2752 2753//2753
f 2754//2754 2755//2755 2543//2543
f 2747//2747 2746//2746 2749//2749
f 2749//2749 2756//2756 2757//2757
f 2758//2758 2756//2756 2759//2759
f 2760//2760 2761//2761 2762//2762
f 2763//2763 2764//2764 2765//2765
f 2763//2763 2766//2766 2764//2764
f 2767//2767 2766//2766 2768//2768
f 2769//2769 2768//2768 2770//2770
f 2771//2771 2772//2772 2769//2769
f 2773//2773 2772//2772 2771//2771
f 2774//2774 2775//2775 2776//2776
f 2777//2777 2778//2778 2779//2779
f 2780//2780 2778//2778 2776//2776
f 2781//2781 2782//2782 2783//2783
f 2784//2784 2767//2767 2785//2785
f 2786//2786 2772//2772 2773//2773
f 2778//2778 2787//2787 2779//2779
f 2788//2788 2789//2789 2790//2790
f 2788//2788 2791//2791 2792//2792
f 2793//2793 2794//2794 2795//2795
f 2796//2796 2789//2789 2797//2797
f 2798//2798 2799//2799 2800//2800
f 2802//2802 2799//2799 2803//2803 2801//2801
f 2804//2804 2800//2800 2617//2617
f 2805//2805 2809//2809 2806//2806 2807//2807
f 2808//2808 2806//2806 2809//2809
f 2810//2810 3808//3808 2811//2811 2812//2812
f 2802//2802 2813//2813 2814//2814
f 2617//2617 2815//2815 2618//2618
f 2816//2816 2817//2817 2818//2818
f 2819//2819 2820//2820 2821//2821
f 2822//2822 2823//2823 2824//2824
f 2825//2825 2826//2826 2827//2827
f 2828//2828 2829//2829 2830//2830
f 2831//2831 2832//2832 2833//2833
f 2834//2834 2835//2835 2836//2836
f 2837//2837 2838//2838 2839//2839
f 2840//2840 2841//2841 2796//2796
f 2842//2842 2843//2843 2796//2796
f 2844//2844 2845//2845 2846//2846
f 2847//2847 2844//2844 2846//2846
f 2848//2848 2849//2849 2850//2850
f 2851//2851 2852//2852 2853//2853
f 2854//2854 2855//2855 2856//2856
f 2857//2857 2858//2858 2859//2859
f 2860//2860 2861//2861 2862//2862
f 2863//2863 2861//2861 2864//2864
f 2865//2865 3690//3690 2866//2866 2741//2741
f 2856//2856 2741//2741 2742//2742
f 2741//2741 2856//2856 2865//2865
f 2868//2868 2736//2736 2737//2737 2867//2867
f 2867//2867 2869//2869 2870//2870
f 2871//2871 2872//2872 2873//2873
f 2856//2856 2855//2855 2874//2874
f 2876//2876 3701//3701 2877//2877 2875//2875
f 2878//2878 2879//2879 2880//2880
f 2881//2881 2878//2878 2880//2880
f 2882//2882 2883//2883 2884//2884
f 2365//2365 2885//2885 2880//2880
f 2880//2880 2366//2366 2365//2365
f 2880//2880 2885//2885 2881//2881
f 2886//2886 2352//2352 2365//2365
f 2887//2887 2888//2888 2889//2889
f 2887//2887 2354//2354 2888//2888
f 2892//2892 2893//2893 2890//2890 2891//2891
f 2893//2893 2892//2892 2881//2881
f 2894//2894 2895//2895 2896//2896
f 2893//2893 2881//2881 2897//2897
f 2898//2898 2899//2899 2895//2895
f 2900//2900 2885//2885 2351//2351
f 2357//2357 2350//2350 2352//2352
f 2351//2351 2365//2365 2352//2352
f 2901//2901 2437//2437 2902//2902
f 2389//2389 2901//2901 2385//2385
f 2895//2895 2903//2903 2898//2898
f 2897//2897 2900//2900 2350//2350
f 2904//2904 2905//2905 2906//2906
f 2907//2907 2908//2908 2906//2906
f 2909//2909 2357//2357 2910//2910
f 2910//2910 2445//2445 2911//2911
f 2438//2438 2912//2912 2913//2913
f 2887//2887 2891//2891 2914//2914
f 2437//2437 2901//2901 2915//2915
f 2901//2901 2389//2389 2491//2491
f 2916//2916 2911//2911 2444//2444
f 2912//2912 2917//2917 2913//2913
f 2918//2918 2919//2919 2920//2920
f 2919//2919 2921//2921 2364//2364
f 2377//2377 2922//2922 2923//2923
f 2361//2361 2450//2450 2359//2359
f 2924//2924 2879//2879 2920//2920
f 2925//2925 2884//2884 2926//2926
f 2927//2927 2928//2928 2929//2929
f 2927//2927 2930//2930 2931//2931
f 2372//2372 2931//2931 2930//2930
f 2932//2932 2927//2927 2929//2929
f 2932//2932 2933//2933 2927//2927
f 2933//2933 2930//2930 2927//2927
f 2908//2908 2930//2930 2933//2933
f 2934//2934 2372//2372 2908//2908
f 2377//2377 2453//2453 2922//2922
f 2453//2453 2455//2455 2935//2935
f 2507//2507 2372//2372 2934//2934
f 2936//2936 2380//2380 2937//2937
f 2378//2378 2380//2380 2936//2936
f 2367//2367 2360//2360 2921//2921
f 2920//2920 2938//2938 2918//2918
f 2372//2372 2374//2374 2939//2939
f 2360//2360 2359//2359 2921//2921
f 2925//2925 2931//2931 2939//2939
f 2359//2359 2364//2364 2921//2921
f 2931//2931 2372//2372 2939//2939
f 2370//2370 2369//2369 2940//2940
f 2941//2941 2923//2923 2942//2942
f 2943//2943 2923//2923 2922//2922
f 2385//2385 2944//2944 2376//2376
f 2507//2507 2506//2506 2372//2372
f 2945//2945 2946//2946 2947//2947
f 2948//2948 2947//2947 2937//2937
f 2939//2939 2374//2374 2378//2378
f 2378//2378 2374//2374 2949//2949
f 2378//2378 2949//2949 2392//2392
f 2370//2370 2940//2940 2950//2950
f 2382//2382 2397//2397 2951//2951 2367//2367
f 2377//2377 2369//2369 2371//2371
f 2374//2374 2373//2373 2383//2383
f 2386//2386 2388//2388 2389//2389
f 2395//2395 2375//2375 2371//2371
f 2952//2952 2953//2953 2954//2954
f 2394//2394 2371//2371 2954//2954
f 2955//2955 2491//2491 2389//2389
f 2956//2956 2521//2521 2957//2957
f 2958//2958 2521//2521 2403//2403
f 2959//2959 2956//2956 2960//2960
f 2961//2961 2956//2956 2959//2959
f 2521//2521 2961//2961 2962//2962
f 2379//2379 2963//2963 2964//2964
f 2959//2959 2409//2409 2965//2965
f 2399//2399 2398//2398 2394//2394
f 2959//2959 2960//2960 2409//2409
f 2954//2954 2953//2953 2966//2966
f 2949//2949 2409//2409 2967//2967
f 2966//2966 2953//2953 2968//2968
f 2949//2949 2967//2967 2969//2969
f 2970//2970 2393//2393 2969//2969
f 2971//2971 2972//2972 2394//2394
f 2973//2973 2968//2968 2974//2974
f 2972//2972 2975//2975 2399//2399
f 2976//2976 2403//2403 2521//2521
f 2977//2977 2388//2388 2398//2398
f 2523//2523 2976//2976 2521//2521
f 2412//2412 2978//2978 2979//2979
f 2412//2412 2411//2411 2978//2978
f 2965//2965 2538//2538 2962//2962
f 2391//2391 2390//2390 2406//2406
f 2522//2522 2980//2980 2523//2523
f 2405//2405 2406//2406 2525//2525
f 2414//2414 2964//2964 2981//2981
f 2982//2982 2396//2396 2414//2414
f 2982//2982 3092//3092 2983//2983 2396//2396
f 2465//2465 2982//2982 2984//2984
f 2985//2985 2986//2986 2957//2957
f 2963//2963 2393//2393 2970//2970
f 2968//2968 2973//2973 2966//2966
f 2973//2973 2987//2987 2966//2966
f 2971//2971 2394//2394 2988//2988
f 2989//2989 2958//2958 2403//2403
f 2990//2990 2991//2991 2404//2404
f 2413//2413 2982//2982 2414//2414
f 2987//2987 2992//2992 2993//2993
f 2987//2987 2994//2994 2992//2992
f 2995//2995 2984//2984 2413//2413
f 2627//2627 2996//2996 2967//2967
f 2967//2967 2996//2996 2969//2969
f 2627//2627 2967//2967 2960//2960
f 2987//2987 2993//2993 2966//2966
f 2997//2997 2988//2988 2998//2998
f 2989//2989 2999//2999 3000//3000
f 2411//2411 2410//2410 3001//3001
f 2981//2981 2963//2963 2417//2417
f 2969//2969 3002//3002 2970//2970
f 2417//2417 2963//2963 3003//3003
f 2417//2417 3004//3004 2981//2981
f 2627//2627 2960//2960 2628//2628
f 2992//2992 3005//3005 2998//2998
f 2990//2990 2419//2419 2402//2402
f 2419//2419 2990//2990 2420//2420
f 3004//3004 2417//2417 2416//2416
f 2631//2631 3006//3006 2415//2415
f 2415//2415 3007//3007 2631//2631
f 3008//3008 2416//2416 2418//2418
f 2994//2994 3009//3009 3005//3005
f 2624//2624 2623//2623 2994//2994
f 3010//3010 2985//2985 3000//3000
f 3000//3000 2999//2999 3011//3011
f 2402//2402 2419//2419 2999//2999
f 3012//3012 2421//2421 2420//2420
f 2435//2435 3013//3013 3014//3014
f 3014//3014 3018//3018 3015//3015 3016//3016
f 3017//3017 3015//3015 3018//3018
f 3018//3018 3014//3014 3013//3013
f 3018//3018 3019//3019 3020//3020
f 3019//3019 3018//3018 3013//3013
f 3021//3021 3020//3020 3022//3022
f 3022//3022 2429//2429 2428//2428
f 3014//3014 3023//3023 2424//2424
f 3024//3024 3020//3020 3021//3021
f 2427//2427 2424//2424 3023//3023 3025//3025
f 3026//3026 3027//3027 3016//3016
f 3028//3028 3015//3015 3017//3017
f 3029//3029 3017//3017 3024//3024
f 3020//3020 3024//3024 3017//3017
f 3028//3028 3026//3026 3015//3015
f 3030//3030 2422//2422 2424//2424 2427//2427
f 3031//3031 3025//3025 3023//3023 3027//3027
f 3032//3032 3026//3026 3028//3028
f 3033//3033 2430//2430 2429//2429
f 3034//3034 2428//2428 2430//2430
f 3028//3028 3029//3029 3035//3035
f 3032//3032 3028//3028 3035//3035
f 3013//3013 2435//2435 2432//2432
f 3019//3019 3036//3036 3037//3037
f 3013//3013 3038//3038 3019//3019
f 3038//3038 3013//3013 2431//2431
f 3036//3036 3019//3019 3038//3038
f 3039//3039 3040//3040 3041//3041
f 2935//2935 3042//3042 3043//3043
f 3043//3043 3042//3042 3044//3044
f 3045//3045 3046//3046 3047//3047
f 3048//3048 2432//2432 2434//2434
f 3041//3041 3040//3040 2450//2450
f 3042//3042 2436//2436 2438//2438
f 2436//2436 2455//2455 2454//2454
f 2357//2357 3049//3049 3050//3050
f 3039//3039 3050//3050 3040//3040
f 3051//3051 3046//3046 3042//3042
f 3052//3052 3053//3053 3047//3047
f 2352//2352 2886//2886 3040//3040 3049//3049
f 2902//2902 2436//2436 2454//2454
f 2910//2910 2357//2357 3050//3050
f 2913//2913 3054//3054 3051//3051
f 3046//3046 3054//3054 3055//3055
f 3042//3042 2438//2438 3051//3051
f 3056//3056 3057//3057 2422//2422
f 3058//3058 2445//2445 2439//2439
f 3050//3050 2445//2445 2910//2910
f 2913//2913 3051//3051 2438//2438
f 2447//2447 2440//2440 3059//3059
f 3060//3060 3053//3053 3061//3061
f 2559//2559 3055//3055 2558//2558
f 2557//2557 3062//3062 3055//3055
f 3063//3063 3064//3064 3056//3056
f 2422//2422 3030//3030 3065//3065
f 2442//2442 2441//2441 3066//3066
f 2447//2447 3068//3068 3067//3067 2448//2448
f 3069//3069 2441//2441 3070//3070 3062//3062
f 3063//3063 3065//3065 3064//3064
f 3066//3066 3071//3071 3072//3072
f 2441//2441 3071//3071 3066//3066
f 2561//2561 3071//3071 2441//2441
f 3073//3073 2456//2456 3074//3074
f 3075//3075 2433//2433 2432//2432
f 3076//3076 2431//2431 2449//2449
f 3038//3038 3077//3077 3036//3036
f 2943//2943 2922//2922 2935//2935
f 3078//3078 2942//2942 2943//2943
f 3079//3079 2451//2451 3074//3074
f 3078//3078 3044//3044 3037//3037
f 3036//3036 3080//3080 3037//3037
f 3041//3041 2450//2450 2451//2451
f 3043//3043 2943//2943 2935//2935
f 3075//3075 3074//3074 2456//2456
f 2458//2458 2457//2457 2951//2951
f 3077//3077 3076//3076 3081//3081
f 3082//3082 2449//2449 3083//3083
f 2449//2449 3082//3082 3076//3076
f 3084//3084 3082//3082 3085//3085
f 3086//3086 2953//2953 3087//3087
f 3083//3083 2458//2458 3085//3085
f 3088//3088 3086//3086 3084//3084
f 3085//3085 2459//2459 2464//2464
f 3088//3088 3089//3089 3090//3090
f 3084//3084 3091//3091 3088//3088
f 3091//3091 3084//3084 2461//2461
f 2953//2953 2952//2952 3087//3087
f 2974//2974 2953//2953 3086//3086
f 2974//2974 3086//3086 3088//3088
f 3090//3090 2974//2974 3088//3088
f 2983//2983 3092//3092 2397//2397
f 2472//2472 2460//2460 2463//2463
f 2460//2460 2462//2462 2463//2463
f 3093//3093 3091//3091 2461//2461
f 3094//3094 2461//2461 3095//3095
f 2461//2461 3096//3096 3093//3093
f 2461//2461 3094//3094 3096//3096
f 2975//2975 2972//2972 3097//3097
f 2401//2401 3097//3097 3098//3098
f 3099//3099 3100//3100 3098//3098
f 3097//3097 3101//3101 3098//3098
f 3102//3102 3100//3100 3099//3099
f 3101//3101 3103//3103 3099//3099
f 3103//3103 3102//3102 3099//3099
f 2468//2468 2467//2467 3104//3104
f 3100//3100 2467//2467 3105//3105
f 2471//2471 3106//3106 3107//3107
f 2598//2598 3105//3105 2466//2466
f 3108//3108 3109//3109 2466//2466
f 3106//3106 2471//2471 3108//3108
f 3110//3110 3111//3111 3112//3112
f 3096//3096 3113//3113 3114//3114
f 3114//3114 3093//3093 3096//3096
f 3096//3096 3115//3115 3113//3113
f 2460//2460 2472//2472 3095//3095
f 3116//3116 3095//3095 2474//2474
f 3094//3094 3095//3095 3117//3117
f 3103//3103 3118//3118 3102//3102
f 3103//3103 2481//2481 3118//3118
f 2468//2468 2483//2483 3119//3119
f 3111//3111 3120//3120 2624//2624
f 3114//3114 3113//3113 3120//3120
f 3120//3120 3113//3113 3121//3121
f 3116//3116 2477//2477 3095//3095
f 3117//3117 3122//3122 3123//3123
f 3115//3115 3096//3096 3094//3094
f 3094//3094 3124//3124 3115//3115
f 3124//3124 3125//3125 3115//3115
f 3118//3118 2480//2480 2483//2483
f 3126//3126 3119//3119 2485//2485
f 3127//3127 3128//3128 2469//2469
f 3128//3128 3331//3331 2607//2607 2470//2470
f 2474//2474 2473//2473 2476//2476
f 2486//2486 3121//3121 3129//3129
f 2477//2477 3116//3116 2478//2478
f 2487//2487 3130//3130 3125//3125
f 3131//3131 3903//3903 3122//3122 2677//2677
f 3101//3101 3132//3132 2481//2481
f 2480//2480 3118//3118 2481//2481
f 3129//3129 3130//3130 2486//2486
f 2486//2486 3130//3130 2487//2487
f 3125//3125 3133//3133 2487//2487
f 3134//3134 3127//3127 3135//3135
f 2891//2891 2890//2890 2914//2914
f 2358//2358 3136//3136 3137//3137
f 2357//2357 2909//2909 2358//2358
f 2911//2911 2916//2916 3138//3138 2909//2909
f 2356//2356 3139//3139 2355//2355
f 3137//3137 3140//3140 2893//2893
f 2496//2496 3140//3140 3137//3137
f 3141//3141 2906//2906 3142//3142
f 2915//2915 2567//2567 3143//3143
f 2353//2353 2355//2355 3139//3139 3144//3144
f 3136//3136 3145//3145 2496//2496
f 3146//3146 3145//3145 3136//3136
f 3147//3147 3148//3148 3141//3141
f 2494//2494 2358//2358 2571//2571
f 3149//3149 2571//2571 2358//2358
f 3140//3140 2496//2496 3150//3150
f 3147//3147 3151//3151 3144//3144
f 2494//2494 2493//2493 3146//3146
f 3153//3153 3148//3148 3147//3147 3152//3152
f 3153//3153 3154//3154 3148//3148
f 2495//2495 3155//3155 3150//3150
f 3139//3139 3150//3150 3155//3155
f 3156//3156 3139//3139 3155//3155
f 3155//3155 3157//3157 3156//3156
f 3158//3158 3147//3147 3156//3156
f 3158//3158 3152//3152 3147//3147
f 3158//3158 3157//3157 3152//3152
f 3154//3154 3153//3153 3159//3159
f 3160//3160 3161//3161 2490//2490
f 3160//3160 3162//3162 3161//3161
f 3152//3152 3877//3877 3159//3159 3153//3153
f 2493//2493 2498//2498 2500//2500
f 3159//3159 2507//2507 3154//3154
f 3162//3162 3163//3163 3161//3161
f 3164//3164 3165//3165 2495//2495
f 3155//3155 3166//3166 3157//3157
f 3165//3165 3166//3166 3155//3155
f 3166//3166 3167//3167 3168//3168
f 2498//2498 2499//2499 2500//2500
f 2507//2507 3159//3159 3169//3169
f 3164//3164 3170//3170 3165//3165
f 2501//2501 3170//3170 3164//3164
f 3171//3171 3779//3779 3172//3172 3173//3173
f 2506//2506 3174//3174 2372//2372
f 2517//2517 3175//3175 3160//3160
f 3170//3170 3176//3176 3165//3165
f 3166//3166 3165//3165 3177//3177
f 3176//3176 3170//3170 3178//3178
f 3169//3169 3179//3179 2508//2508
f 2510//2510 3178//3178 2505//2505
f 3180//3180 2510//2510 2509//2509
f 2515//2515 2514//2514 2591//2591
f 2383//2383 2373//2373 3181//3181
f 2506//2506 2508//2508 3182//3182
f 3179//3179 3183//3183 3184//3184
f 3185//3185 3182//3182 3179//3179
f 3186//3186 2515//2515 3187//3187
f 3188//3188 3177//3177 3189//3189
f 3184//3184 3177//3177 3188//3188
f 2510//2510 3190//3190 3178//3178
f 2955//2955 2489//2489 2491//2491
f 3182//3182 2408//2408 2407//2407 3181//3181
f 2955//2955 3191//3191 2489//2489
f 3192//3192 2511//2511 2489//2489
f 3189//3189 2520//2520 3188//3188
f 3185//3185 3179//3179 3193//3193
f 3194//3194 3195//3195 3187//3187
f 2979//2979 2980//2980 2412//2412
f 2408//2408 3196//3196 2965//2965
f 2521//2521 2962//2962 3197//3197 2522//2522
f 3198//3198 2955//2955 2405//2405
f 2526//2526 3199//3199 2522//2522
f 3198//3198 3191//3191 2955//2955
f 2532//2532 2527//2527 2522//2522
f 3197//3197 2531//2531 2522//2522
f 2534//2534 3192//3192 3198//3198
f 2524//2524 2534//2534 3198//3198
f 3200//3200 2527//2527 2532//2532
f 2531//2531 3200//3200 2532//2532
f 3200//3200 2529//2529 2527//2527
f 2536//2536 3200//3200 2531//2531
f 3201//3201 2536//2536 3202//3202
f 2537//2537 2531//2531 3197//3197
f 3203//3203 2511//2511 2534//2534
f 3202//3202 2536//2536 3204//3204
f 3206//3206 3193//3193 3188//3188 3205//3205
f 3196//3196 3207//3207 2538//2538
f 2513//2513 3203//3203 3208//3208
f 3207//3207 3196//3196 2544//2544
f 2546//2546 3194//3194 3208//3208
f 3209//3209 2542//2542 3210//3210
f 3206//3206 3211//3211 3210//3210
f 3212//3212 3213//3213 2518//2518
f 3203//3203 2619//2619 3208//3208
f 3214//3214 3215//3215 3216//3216
f 3217//3217 3218//3218 2410//2410
f 2526//2526 3217//3217 3199//3199
f 2526//2526 2528//2528 3217//3217
f 2528//2528 2530//2530 3219//3219
f 3220//3220 3221//3221 3201//3201
f 2541//2541 3205//3205 3222//3222
f 3211//3211 3205//3205 2541//2541
f 3223//3223 3213//3213 2594//2594
f 3216//3216 3215//3215 3224//3224
f 3223//3223 3225//3225 3213//3213
f 3226//3226 3227//3227 3216//3216
f 3219//3219 2551//2551 3228//3228 3217//3217
f 2528//2528 3219//3219 3217//3217
f 3222//3222 2539//2539 2541//2541
f 3229//3229 2539//2539 3222//3222
f 3230//3230 2539//2539 3229//3229
f 3213//3213 3231//3231 3232//3232
f 2540//2540 2539//2539 3233//3233
f 2542//2542 3209//3209 2754//2754
f 3234//3234 3209//3209 2540//2540
f 3235//3235 3231//3231 3225//3225
f 3236//3236 3227//3227 3226//3226
f 3237//3237 3001//3001 3238//3238
f 3217//3217 3228//3228 3238//3238 3218//3218
f 2530//2530 3239//3239 2551//2551 3219//3219
f 3221//3221 2748//2748 3239//3239
f 2748//2748 3221//3221 3220//3220
f 2542//2542 2754//2754 2543//2543
f 3232//3232 3231//3231 3240//3240
f 3229//3229 3232//3232 3230//3230
f 3241//3241 3242//3242 3243//3243
f 2754//2754 3209//3209 3244//3244
f 3209//3209 3234//3234 3244//3244
f 3245//3245 3246//3246 3236//3236
f 3247//3247 3246//3246 3245//3245
f 3237//3237 3238//3238 2550//2550 3012//3012
f 3248//3248 3245//3245 3249//3249
f 3235//3235 3250//3250 3231//3231
f 3251//3251 3247//3247 2743//2743
f 3252//3252 3253//3253 2427//2427
f 3031//3031 3254//3254 3025//3025
f 3027//3027 3255//3255 3254//3254
f 2555//2555 2554//2554 3254//3254 3256//3256
f 2426//2426 2425//2425 3257//3257
f 3253//3253 2574//2574 3257//3257
f 3258//3258 3259//3259 2430//2430
f 3260//3260 3261//3261 3035//3035
f 3262//3262 3263//3263 3260//3260
f 2554//2554 2553//2553 3253//3253
f 3263//3263 3264//3264 3260//3260
f 3260//3260 3264//3264 3261//3261
f 3253//3253 2553//2553 2575//2575
f 3258//3258 3265//3265 3263//3263
f 3264//3264 3266//3266 3267//3267
f 3266//3266 3264//3264 3268//3268
f 3269//3269 2553//2553 3266//3266
f 3059//3059 3270//3270 3068//3068
f 3270//3270 3064//3064 3271//3271
f 3062//3062 2557//2557 3272//3272
f 3273//3273 3072//3072 3274//3274
f 3143//3143 2567//2567 3275//3275
f 3068//3068 3271//3271 3276//3276
f 3277//3277 2562//2562 3272//3272
f 2426//2426 3257//3257 3278//3278
f 2448//2448 2570//2570 2444//2444
f 2444//2444 2570//2570 2569//2569
f 3279//3279 3275//3275 2566//2566
f 2567//2567 2566//2566 3275//3275
f 3277//3277 3272//3272 2557//2557
f 3149//3149 2564//2564 2573//2573 2571//2571
f 3278//3278 2574//2574 3276//3276
f 3280//3280 2588//2588 2568//2568
f 2566//2566 3281//3281 2581//2581
f 3282//3282 3277//3277 2581//2581
f 3265//3265 3258//3258 3283//3283 3282//3282
f 2579//2579 3284//3284 3280//3280
f 3266//3266 2586//2586 3269//3269
f 2585//2585 2580//2580 2589//2589
f 2586//2586 3266//3266 2587//2587
f 3285//3285 3266//3266 2585//2585
f 3161//3161 3163//3163 3281//3281
f 3163//3163 3171//3171 3286//3286 3281//3281
f 2572//2572 2588//2588 2502//2502
f 3171//3171 3287//3287 3286//3286
f 2582//2582 3286//3286 3287//3287
f 2582//2582 2589//2589 2580//2580
f 3284//3284 3289//3289 3288//3288 2502//2502
f 2589//2589 3290//3290 2583//2583
f 2587//2587 3291//3291 2578//2578
f 3285//3285 3292//3292 3293//3293
f 3291//3291 3293//3293 3294//3294
f 3295//3295 3296//3296 3297//3297
f 3296//3296 3295//3295 3298//3298
f 3298//3298 3294//3294 3296//3296
f 3293//3293 3299//3299 3294//3294
f 3300//3300 3301//3301 3302//3302
f 3299//3299 3302//3302 3303//3303
f 2593//2593 3297//3297 3296//3296
f 3303//3303 3223//3223 3296//3296
f 2596//2596 3302//3302 3301//3301
f 3223//3223 2594//2594 3304//3304
f 3195//3195 3305//3305 2516//2516
f 3306//3306 3307//3307 3308//3308
f 3302//3302 3309//3309 3303//3303
f 3302//3302 2596//2596 3310//3310
f 3303//3303 3309//3309 3308//3308
f 3311//3311 3109//3109 3108//3108
f 2598//2598 3109//3109 2599//2599
f 2603//2603 3312//3312 3109//3109
f 3313//3313 2603//2603 3311//3311
f 2605//2605 2604//2604 2599//2599
f 2602//2602 3314//3314 3312//3312
f 2603//2603 3313//3313 2601//2601
f 3307//3307 3306//3306 3315//3315
f 3307//3307 3225//3225 3303//3303
f 3316//3316 3317//3317 3318//3318
f 3314//3314 2606//2606 3312//3312
f 3319//3319 3310//3310 3316//3316
f 3320//3320 2615//2615 3321//3321
f 3322//3322 3311//3311 3323//3323
f 3313//3313 3322//3322 2610//2610
f 2602//2602 2601//2601 3324//3324
f 3324//3324 3314//3314 2602//2602
f 3246//3246 3318//3318 3236//3236
f 3225//3225 3307//3307 3315//3315
f 3318//3318 3325//3325 3326//3326
f 2606//2606 3314//3314 3327//3327
f 2804//2804 2617//2617 3327//3327
f 3306//3306 2615//2615 2614//2614
f 3328//3328 3329//3329 3330//3330
f 3329//3329 3310//3310 3319//3319
f 3309//3309 3310//3310 2612//2612
f 3323//3323 2607//2607 3331//3331
f 3324//3324 2601//2601 2609//2609
f 2616//2616 2615//2615 3320//3320
f 3332//3332 3333//3333 3320//3320
f 3334//3334 3335//3335 3336//3336
f 3337//3337 3338//3338 3339//3339
f 3128//3128 3127//3127 3340//3340
f 3323//3323 3331//3331 3340//3340 2622//2622
f 3341//3341 3342//3342 2622//2622
f 3325//3325 3247//3247 3251//3251
f 3334//3334 3328//3328 3343//3343
f 3344//3344 2611//2611 3345//3345
f 3346//3346 3347//3347 3348//3348
f 3339//3339 2805//2805 3337//3337
f 3349//3349 3350//3350 3348//3348
f 2620//2620 3340//3340 3127//3127 3134//3134
f 2801//2801 2803//2803 3341//3341
f 3333//3333 3351//3351 3352//3352
f 3344//3344 3353//3353 3333//3333
f 3354//3354 3355//3355 3330//3330
f 3355//3355 3343//3343 3328//3328
f 2805//2805 2807//2807 3337//3337
f 3347//3347 3349//3349 3348//3348
f 2416//2416 3356//3356 3007//3007
f 3357//3357 2416//2416 3008//3008
f 2629//2629 2631//2631 3007//3007
f 3002//3002 3358//3358 2418//2418
f 3009//3009 2994//2994 2633//2633
f 3359//3359 3360//3360 3361//3361
f 2998//2998 3362//3362 2997//2997
f 3363//3363 3364//3364 3365//3365
f 3012//3012 3366//3366 2421//2421
f 3367//3367 3368//3368 3008//3008
f 3358//3358 3008//3008 2418//2418
f 2475//2475 3359//3359 3361//3361
f 3369//3369 2634//2634 3010//3010
f 2628//2628 2636//2636 2626//2626
f 3370//3370 2627//2627 2626//2626
f 3371//3371 3005//3005 3009//3009
f 2627//2627 3372//3372 2996//2996
f 3373//3373 3374//3374 3363//3363
f 3366//3366 3375//3375 2421//2421
f 3358//3358 3367//3367 3008//3008
f 3358//3358 3376//3376 3367//3367
f 2633//2633 3377//3377 3378//3378
f 3371//3371 3009//3009 3378//3378
f 3374//3374 2644//2644 3379//3379
f 3380//3380 3381//3381 3373//3373
f 2421//2421 3380//3380 3373//3373
f 3375//3375 3382//3382 3380//3380
f 3368//3368 3383//3383 2638//2638
f 3368//3368 3367//3367 3383//3383
f 3369//3369 3384//3384 2635//2635
f 3383//3383 3376//3376 3385//3385
f 3358//3358 3386//3386 3376//3376
f 3378//3378 3387//3387 3371//3371
f 2996//2996 3388//3388 3386//3386
f 3386//3386 3389//3389 3376//3376
f 3374//3374 3390//3390 2644//2644
f 3380//3380 3382//3382 3381//3381
f 3391//3391 3381//3381 3382//3382
f 3392//3392 3391//3391 3382//3382
f 3393//3393 2683//2683 2637//2637
f 3394//3394 2638//2638 3385//3385
f 3385//3385 3389//3389 3395//3395
f 3396//3396 3397//3397 3395//3395
f 3386//3386 3396//3396 3389//3389
f 3386//3386 3388//3388 3396//3396
f 3398//3398 3362//3362 3371//3371
f 3398//3398 3399//3399 3362//3362
f 3400//3400 3401//3401 3387//3387
f 3390//3390 3402//3402 2644//2644
f 3381//3381 3403//3403 3402//3402
f 3404//3404 2643//2643 3384//3384
f 2640//2640 3405//3405 3404//3404
f 3406//3406 2642//2642 2646//2646
f 3406//3406 2646//2646 3397//3397
f 3406//3406 3397//3397 3407//3407
f 2694//2694 3408//3408 3371//3371
f 3407//3407 3372//3372 3370//3370
f 2640//2640 2639//2639 2647//2647
f 3402//3402 3403//3403 2645//2645
f 3403//3403 2659//2659 2656//2656
f 3405//3405 2654//2654 3404//3404
f 2652//2652 2649//2649 3394//3394
f 3394//3394 2646//2646 3409//3409
f 2705//2705 2650//2650 2651//2651
f 2645//2645 2656//2656 2658//2658
f 3410//3410 2659//2659 3411//3411
f 3412//3412 3413//3413 2667//2667
f 2658//2658 2662//2662 2655//2655 2648//2648
f 2655//2655 2654//2654 3405//3405
f 2654//2654 2653//2653 3409//3409
f 2658//2658 2657//2657 2662//2662
f 2669//2669 2655//2655 2662//2662
f 3412//3412 2667//2667 2666//2666
f 3414//3414 2651//2651 2666//2666
f 2661//2661 2657//2657 2664//2664
f 2670//2670 2661//2661 3415//3415
f 3416//3416 2663//2663 2660//2660
f 2663//2663 3415//3415 2664//2664
f 2665//2665 3417//3417 3414//3414
f 2670//2670 3418//3418 2668//2668
f 2673//2673 2670//2670 3419//3419
f 2671//2671 2673//2673 2674//2674
f 2672//2672 3420//3420 3418//3418 2673//2673
f 3421//3421 3422//3422 2675//2675
f 2672//2672 2671//2671 3422//3422
f 3423//3423 2672//2672 3424//3424
f 2672//2672 3422//3422 3424//3424
f 2479//2479 2478//2478 2676//2676
f 2676//2676 3425//3425 2677//2677
f 3124//3124 3426//3426 3427//3427
f 3428//3428 3426//3426 3124//3124
f 2679//2679 2482//2482 3429//3429
f 3430//3430 2484//2484 2682//2682
f 3431//3431 2632//2632 2625//2625
f 3432//3432 3433//3433 3434//3434
f 3425//3425 3435//3435 3436//3436
f 3437//3437 3438//3438 3439//3439
f 3436//3436 3428//3428 3131//3131
f 3438//3438 3427//3427 3426//3426
f 3438//3438 3426//3426 3439//3439
f 2971//2971 3399//3399 3440//3440 3097//3097
f 2681//2681 3430//3430 2682//2682
f 2681//2681 3441//3441 3135//3135
f 3135//3135 3441//3441 3442//3442
f 3360//3360 3359//3359 3433//3433
f 3359//3359 3443//3443 3433//3433
f 3359//3359 3444//3444 3443//3443
f 3443//3443 2688//2688 3433//3433
f 3428//3428 3436//3436 3435//3435
f 2688//2688 3426//3426 3435//3435
f 3445//3445 3429//3429 3446//3446
f 2679//2679 3445//3445 3447//3447
f 3448//3448 2681//2681 2680//2680
f 3441//3441 3449//3449 3450//3450
f 3452//3452 3450//3450 3449//3449 3451//3451
f 2630//2630 2685//2685 3444//3444
f 3400//3400 3387//3387 3453//3453
f 2685//2685 2684//2684 3444//3444
f 2684//2684 2683//2683 3454//3454
f 3456//3456 3377//3377 2632//2632 3455//3455
f 3453//3453 3377//3377 3456//3456
f 2686//2686 3444//3444 2684//2684
f 3444//3444 2686//2686 3443//3443
f 3457//3457 3458//3458 3439//3439
f 3457//3457 3459//3459 3456//3456
f 2687//2687 3460//3460 2688//2688
f 3457//3457 3426//3426 3459//3459
f 3426//3426 3460//3460 3459//3459
f 3460//3460 3426//3426 2688//2688
f 3461//3461 2680//2680 3447//3447
f 3462//3462 3448//3448 2690//2690
f 3441//3441 2681//2681 3448//3448
f 3441//3441 3463//3463 3464//3464
f 2822//2822 3451//3451 3449//3449 3464//3464
f 2686//2686 2684//2684 2687//2687
f 3454//3454 2699//2699 2687//2687
f 3460//3460 2693//2693 3459//3459
f 3460//3460 2687//2687 2699//2699
f 3401//3401 2692//2692 2694//2694
f 2692//2692 3401//3401 3400//3400
f 3465//3465 3446//3446 3466//3466
f 3467//3467 3464//3464 3463//3463
f 2683//2683 3393//3393 3468//3468
f 2697//2697 2696//2696 3454//3454
f 3469//3469 3470//3470 3408//3408
f 3471//3471 3470//3470 3469//3469
f 3472//3472 3470//3470 3471//3471
f 3473//3473 3474//3474 3469//3469
f 3475//3475 3476//3476 3440//3440
f 3466//3466 3440//3440 3476//3476
f 2693//2693 3473//3473 2694//2694
f 3473//3473 3460//3460 2708//2708
f 2689//2689 2691//2691 2704//2704
f 3462//3462 3477//3477 3478//3478
f 3477//3477 3479//3479 3478//3478
f 3474//3474 3476//3476 3480//3480
f 3481//3481 3476//3476 3475//3475
f 3473//3473 3482//3482 3474//3474
f 2708//2708 3482//3482 3473//3473
f 2709//2709 3460//3460 2699//2699
f 2702//2702 2701//2701 2703//2703
f 3483//3483 3979//3979 3478//3478 3479//3479
f 2827//2827 3979//3979 3483//3483 2830//2830
f 2700//2700 3476//3476 3484//3484
f 2698//2698 3485//3485 2709//2709
f 3484//3484 3486//3486 3487//3487
f 3488//3488 2712//2712 2701//2701
f 3489//3489 3490//3490 2712//2712
f 3489//3489 3491//3491 3490//3490
f 3491//3491 3489//3489 3492//3492
f 2706//2706 3493//3493 3414//3414
f 3494//3494 3495//3495 3486//3486
f 3496//3496 3494//3494 3486//3486
f 3497//3497 3498//3498 2713//2713
f 2713//2713 2706//2706 3414//3414
f 2721//2721 2720//2720 2723//2723
f 3486//3486 3499//3499 2723//2723
f 3485//3485 3497//3497 2715//2715
f 3500//3500 2716//2716 2710//2710
f 2718//2718 3489//3489 2711//2711
f 3489//3489 2718//2718 3501//3501 3492//3492
f 2834//2834 3501//3501 2719//2719
f 2714//2714 3502//3502 3503//3503
f 2724//2724 2707//2707 2715//2715
f 3504//3504 2724//2724 2725//2725
f 3504//3504 3505//3505 2724//2724
f 2728//2728 3506//3506 3507//3507
f 2853//2853 2852//2852 2727//2727
f 2853//2853 2727//2727 3508//3508
f 2727//2727 2852//2852 3509//3509
f 2717//2717 3510//3510 2719//2719
f 2731//2731 2730//2730 3420//3420
f 3511//3511 2853//2853 3508//3508
f 2727//2727 3512//3512 3508//3508
f 3512//3512 3511//3511 3508//3508
f 3506//3506 2852//2852 3510//3510
f 3504//3504 2725//2725 3513//3513
f 3505//3505 3514//3514 2726//2726
f 3504//3504 3513//3513 3515//3515
f 3514//3514 2735//2735 2728//2728
f 3504//3504 3515//3515 2740//2740
f 3515//3515 3516//3516 2740//2740
f 3517//3517 3518//3518 2729//2729
f 3519//3519 3520//3520 3521//3521
f 2735//2735 2867//2867 2737//2737
f 3521//3521 3516//3516 3515//3515
f 3521//3521 3520//3520 3522//3522 3516//3516
f 2740//2740 3525//3525 3523//3523 2738//2738
f 3514//3514 3524//3524 2733//2733
f 2740//2740 3524//3524 3504//3504
f 2734//2734 2867//2867 2735//2735
f 3525//3525 3516//3516 3522//3522
f 3526//3526 3527//3527 3528//3528
f 2740//2740 2739//2739 3524//3524
f 2858//2858 3512//3512 3529//3529
f 3518//3518 3517//3517 3529//3529
f 3519//3519 3530//3530 3520//3520
f 3523//3523 3525//3525 2871//2871
f 2739//2739 2738//2738 3531//3531 3532//3532
f 2549//2549 3366//3366 3012//3012 2550//2550
f 2775//2775 3546//3546 3533//3533 2544//2544
f 3230//3230 3534//3534 2539//2539
f 3534//3534 3230//3230 2751//2751
f 3231//3231 3535//3535 3536//3536
f 3248//3248 3537//3537 3538//3538
f 2549//2549 3539//3539 3375//3375 3366//3366
f 2548//2548 3540//3540 3539//3539 2549//2549
f 3540//3540 2548//2548 2747//2747
f 2548//2548 2552//2552 2746//2746
f 2552//2552 2750//2750 2746//2746
f 2756//2756 2748//2748 3541//3541
f 2543//2543 2776//2776 2775//2775
f 3244//3244 3542//3542 3543//3543
f 3544//3544 3536//3536 3535//3535
f 3545//3545 3382//3382 3375//3375 3539//3539
f 2771//2771 2759//2759 3546//3546
f 3547//3547 3233//3233 3548//3548
f 3548//3548 3534//3534 3549//3549
f 3550//3550 3243//3243 3551//3551
f 3552//3552 3549//3549 2753//2753
f 3248//3248 2760//2760 2762//2762
f 3248//3248 2762//2762 2744//2744
f 3545//3545 3553//3553 3392//3392
f 3545//3545 2765//2765 3553//3553
f 3540//3540 2765//2765 3545//3545
f 2747//2747 2757//2757 2763//2763
f 3549//3549 3554//3554 3547//3547
f 3554//3554 3549//3549 3555//3555
f 2755//2755 2780//2780 2543//2543
f 3556//3556 2761//2761 2760//2760
f 3553//3553 3557//3557 3392//3392
f 3553//3553 2765//2765 3557//3557
f 2757//2757 2770//2770 2766//2766
f 2774//2774 2773//2773 3546//3546
f 3558//3558 3559//3559 3560//3560
f 3554//3554 3559//3559 3561//3561
f 3562//3562 3561//3561 3558//3558
f 3563//3563 3552//3552 2753//2753
f 3561//3561 3543//3543 3564//3564
f 3543//3543 3561//3561 2755//2755
f 2753//2753 3565//3565 3563//3563
f 3566//3566 3567//3567 3557//3557
f 2765//2765 2764//2764 3566//3566
f 2782//2782 3566//3566 2764//2764
f 2766//2766 2767//2767 2784//2784
f 2770//2770 2768//2768 2766//2766
f 3568//3568 2769//2769 2772//2772
f 2777//2777 3569//3569 2774//2774
f 3560//3560 3570//3570 3558//3558
f 2777//2777 2779//2779 3569//3569
f 3555//3555 3552//3552 3570//3570
f 3558//3558 3571//3571 2779//2779
f 3562//3562 3558//3558 2779//2779
f 3563//3563 3572//3572 3552//3552
f 3561//3561 3562//3562 2755//2755
f 2777//2777 2776//2776 2778//2778
f 3573//3573 2832//2832 3556//3556
f 2782//2782 3411//3411 3567//3567 3566//3566
f 3411//3411 2782//2782 2781//2781 3410//3410
f 2764//2764 2784//2784 2783//2783
f 3574//3574 3575//3575 2767//2767
f 3574//3574 2767//2767 3568//3568
f 2772//2772 3576//3576 3568//3568
f 2779//2779 2787//2787 3562//3562
f 3556//3556 3550//3550 3573//3573
f 2787//2787 2780//2780 3562//3562
f 3573//3573 3550//3550 3577//3577
f 3552//3552 3572//3572 3578//3578
f 3410//3410 2781//2781 3579//3579 3416//3416
f 3580//3580 3588//3588 3581//3581 3575//3575
f 2785//2785 3575//3575 3581//3581
f 3582//3582 3575//3575 3574//3574
f 3580//3580 3575//3575 3582//3582
f 3576//3576 3904//3904 3580//3580 3582//3582
f 2791//2791 3576//3576 2786//2786
f 3583//3583 3584//3584 2792//2792
f 3571//3571 3583//3583 2792//2792
f 3583//3583 3570//3570 3552//3552
f 2663//2663 3416//3416 3579//3579
f 2663//2663 3585//3585 3586//3586
f 3587//3587 3588//3588 3580//3580
f 2792//2792 2789//2789 2788//2788
f 2789//2789 2792//2792 2797//2797
f 2796//2796 2797//2797 2840//2840
f 3589//3589 3590//3590 3419//3419
f 2674//2674 3419//3419 3590//3590
f 3591//3591 3424//3424 3592//3592
f 3591//3591 3592//3592 3593//3593
f 3593//3593 3592//3592 3421//3421
f 2794//2794 3423//3423 3591//3591
f 2674//2674 3594//3594 2675//2675
f 2675//2675 3594//3594 3595//3595
f 3596//3596 2675//2675 3595//3595
f 3423//3423 2794//2794 3597//3597
f 3594//3594 2795//2795 3595//3595
f 3596//3596 3595//3595 2795//2795
f 2795//2795 2794//2794 3591//3591
f 3587//3587 3590//3590 3586//3586
f 3587//3587 3598//3598 3590//3590
f 2620//2620 3134//3134 3442//3442 3599//3599
f 2743//2743 2745//2745 3251//3251
f 2804//2804 2798//2798 2800//2800
f 2812//2812 3608//3608 3351//3351 3353//3353
f 2817//2817 3600//3600 3601//3601
f 3334//3334 3600//3600 3335//3335
f 3600//3600 2820//2820 3335//3335
f 2819//2819 3347//3347 3346//3346 2820//2820
f 3602//3602 3790//3790 3349//3349 3347//3347
f 2809//2809 3603//3603 2808//2808
f 3350//3350 3603//3603 2809//2809
f 3450//3450 3452//3452 3599//3599 3442//3442
f 3604//3604 2621//2621 3599//3599 3452//3452
f 2621//2621 3604//3604 2813//2813
f 3251//3251 2745//2745 3605//3605
f 3351//3351 3606//3606 3352//3352
f 3606//3606 3630//3630 3607//3607 3352//3352
f 3608//3608 3606//3606 3351//3351
f 2812//2812 3353//3353 2810//2810
f 3609//3609 3610//3610 3611//3611
f 3611//3611 3813//3813 3613//3613 3612//3612
f 3614//3614 3602//3602 3347//3347
f 3451//3451 2824//2824 3604//3604 3452//3452
f 2814//2814 2813//2813 2824//2824
f 3615//3615 3616//3616 2799//2799
f 2799//2799 2802//2802 3617//3617 3615//3615
f 2817//2817 3601//3601 2818//2818
f 2812//2812 3618//3618 3608//3608
f 3619//3619 2811//2811 3609//3609
f 2807//2807 2806//2806 3620//3620
f 2807//2807 3620//3620 3612//3612
f 3620//3620 2806//2806 2808//2808
f 3621//3621 3622//3622 3623//3623
f 3622//3622 3621//3621 3603//3603
f 3615//3615 3638//3638 3624//3624 3616//3616
f 2745//2745 3625//3625 3605//3605
f 3544//3544 3626//3626 3565//3565
f 3627//3627 3628//3628 3354//3354
f 3629//3629 3628//3628 3627//3627
f 3630//3630 3626//3626 3544//3544
f 2818//2818 3354//3354 3628//3628
f 3631//3631 3612//3612 3632//3632
f 3633//3633 3614//3614 2819//2819
f 3632//3632 3621//3621 3633//3633
f 3603//3603 3621//3621 2808//2808
f 3621//3621 3632//3632 2808//2808
f 3467//3467 2826//2826 2822//2822 3464//3464
f 2826//2826 2823//2823 2822//2822
f 2823//2823 2825//2825 2814//2814
f 2826//2826 2825//2825 2823//2823
f 3617//3617 3634//3634 3635//3635
f 3636//3636 3624//3624 3637//3637
f 3637//3637 3624//3624 3638//3638
f 3617//3617 3638//3638 3615//3615
f 3635//3635 3638//3638 3617//3617
f 3626//3626 3639//3639 3565//3565
f 3619//3619 3618//3618 2811//2811
f 3640//3640 2821//2821 3641//3641
f 3642//3642 2819//2819 3640//3640
f 3643//3643 3631//3631 3632//3632
f 3633//3633 3642//3642 3643//3643
f 2826//2826 3467//3467 3478//3478 2827//2827
f 3644//3644 3635//3635 3645//3645
f 2814//2814 2825//2825 3634//3634
f 3644//3644 3646//3646 3635//3635
f 3577//3577 2618//2618 3647//3647
f 3648//3648 3649//3649 3650//3650
f 2816//2816 3628//3628 3629//3629
f 3619//3619 3651//3651 3618//3618
f 3649//3649 3651//3651 3650//3650
f 3652//3652 3653//3653 3619//3619
f 3641//3641 3629//3629 3640//3640
f 3644//3644 3654//3654 3646//3646
f 3647//3647 3655//3655 3577//3577
f 3563//3563 3639//3639 3656//3656
f 3650//3650 3657//3657 3658//3658
f 3651//3651 3657//3657 3650//3650
f 3657//3657 3643//3643 3659//3659
f 3660//3660 3491//3491 3492//3492
f 3660//3660 2830//2830 3483//3483 3491//3491
f 3661//3661 3654//3654 2828//2828
f 3660//3660 3986//3986 3661//3661 2828//2828
f 3654//3654 2839//2839 2838//2838
f 2845//2845 3662//3662 3655//3655
f 3578//3578 3663//3663 2841//2841
f 2831//2831 2833//2833 3664//3664
f 3665//3665 3659//3659 3666//3666
f 2834//2834 3986//3986 3492//3492 3501//3501
f 2834//2834 2836//2836 3661//3661
f 3667//3667 2847//2847 3668//3668
f 2839//2839 3669//3669 3670//3670
f 2847//2847 2846//2846 3668//3668
f 2843//2843 2842//2842 3671//3671
f 3664//3664 2833//2833 2847//2847
f 3664//3664 2863//2863 3672//3672
f 2831//2831 3672//3672 3666//3666
f 3673//3673 3674//3674 2848//2848
f 3511//3511 2851//2851 2853//2853
f 3675//3675 3510//3510 2852//2852
f 3510//3510 3675//3675 2719//2719
f 2851//2851 3676//3676 3677//3677
f 3676//3676 3678//3678 3677//3677
f 3676//3676 2857//2857 2859//2859
f 2859//2859 3678//3678 3676//3676
f 3679//3679 2855//2855 2854//2854
f 3678//3678 3680//3680 3681//3681
f 3682//3682 3669//3669 3675//3675 3681//3681
f 3680//3680 3682//3682 3681//3681
f 2836//2836 2835//2835 3675//3675 3669//3669
f 2843//2843 3683//3683 2796//2796
f 2854//2854 3598//3598 3683//3683
f 2843//2843 2854//2854 3683//3683
f 3680//3680 3668//3668 3682//3682
f 3684//3684 3679//3679 3685//3685
f 2861//2861 3686//3686 3687//3687
f 3684//3684 3685//3685 3688//3688
f 2861//2861 2863//2863 3686//3686
f 3689//3689 2864//2864 2860//2860
f 3674//3674 3665//3665 2863//2863
f 3691//3691 3517//3517 2736//2736
f 3692//3692 3691//3691 2736//2736
f 3693//3693 2869//2869 2734//2734
f 2873//2873 2738//2738 2871//2871
f 3527//3527 3694//3694 3528//3528
f 3691//3691 3692//3692 3529//3529
f 3694//3694 3695//3695 3528//3528
f 3694//3694 3531//3531 3696//3696
f 2856//2856 2874//2874 2865//2865
f 3697//3697 3690//3690 2865//2865
f 3690//3690 3697//3697 3698//3698
f 2868//2868 2870//2870 2876//2876
f 3699//3699 3698//3698 3700//3700
f 3701//3701 2876//2876 3693//3693
f 3696//3696 3701//3701 3695//3695
f 2872//2872 3696//3696 3531//3531
f 3692//3692 2875//2875 2858//2858
f 3692//3692 2876//2876 2875//2875
f 2860//2860 2862//2862 3701//3701
f 3688//3688 3702//3702 3703//3703
f 3688//3688 3689//3689 3702//3702
f 3688//3688 3703//3703 3704//3704
f 3707//3707 3713//3713 3705//3705 3706//3706
f 3709//3709 3713//3713 3707//3707 3708//3708
f 3708//3708 3712//3712 3710//3710 3709//3709
f 3712//3712 3751//3751 3711//3711 3710//3710
f 3705//3705 3713//3713 3714//3714
f 3715//3715 3714//3714 3713//3713 3709//3709
f 3715//3715 3709//3709 3710//3710 3716//3716
f 3716//3716 3710//3710 3711//3711 3717//3717
f 3718//3718 3719//3719 3714//3714
f 3720//3720 3718//3718 3714//3714 3715//3715
f 3715//3715 3716//3716 3721//3721 3720//3720
f 3721//3721 3716//3716 3717//3717 3722//3722
f 3717//3717 3995//3995 3723//3723 3722//3722
f 3724//3724 3714//3714 3719//3719
f 3727//3727 3719//3719 3725//3725 3726//3726
f 3719//3719 3718//3718 3728//3728
f 3728//3728 3718//3718 3720//3720 3729//3729
f 3722//3722 3734//3734 3730//3730 3721//3721
f 3725//3725 3728//3728 3731//3731
f 3728//3728 3729//3729 3732//3732 3731//3731
f 3733//3733 3732//3732 3729//3729 3730//3730
f 3736//3736 3730//3730 3734//3734 3735//3735
f 3739//3739 3759//3759 3737//3737 3738//3738
f 3739//3739 3731//3731 3732//3732 3740//3740
f 3732//3732 3733//3733 3741//3741
f 3733//3733 3736//3736 3741//3741
f 3736//3736 3765//3765 3742//3742 3741//3741
f 3741//3741 3742//3742 3743//3743
f 3744//3744 3707//3707 3745//3745
f 3706//3706 3746//3746 3745//3745
f 3714//3714 3724//3724 3747//3747 3705//3705
f 3705//3705 3748//3748 3706//3706
f 3747//3747 3748//3748 3705//3705
f 3751//3751 3712//3712 3749//3749 3750//3750
f 3752//3752 3751//3751 3750//3750
f 3751//3751 3752//3752 3753//3753
f 3754//3754 3755//3755 3753//3753
f 3755//3755 3756//3756 3711//3711
f 3756//3756 3995//3995 3717//3717 3711//3711
f 3755//3755 3711//3711 3751//3751 3753//3753
f 3738//3738 3757//3757 3726//3726 3725//3725
f 3737//3737 3757//3757 3738//3738
f 3739//3739 3758//3758 3759//3759
f 3739//3739 3740//3740 3760//3760 3761//3761
f 3743//3743 3760//3760 3740//3740
f 3762//3762 3734//3734 3722//3722 3723//3723
f 3734//3734 3762//3762 3763//3763 3735//3735
f 3763//3763 3764//3764 3735//3735
f 3765//3765 3766//3766 3767//3767
f 3766//3766 3765//3765 3768//3768
f 1777//1777 1759//1759 1756//1756
f 1770//1770 1762//1762 1784//1784
f 1777//1777 1772//1772 1759//1759
f 1785//1785 1776//1776 1769//1769
f 1928//1928 3769//3769 1938//1938
f 2190//2190 2199//2199 2203//2203
f 2252//2252 2247//2247 2244//2244
f 3770//3770 2279//2279 2278//2278
f 2878//2878 3771//3771 2879//2879
f 2879//2879 3771//3771 2884//2884
f 2878//2878 2889//2889 2888//2888
f 2888//2888 2882//2882 3771//3771
f 2882//2882 2884//2884 3771//3771
f 3772//3772 2882//2882 2895//2895
f 2883//2883 2932//2932 2884//2884
f 2895//2895 2899//2899 3772//3772
f 3773//3773 2883//2883 3772//3772
f 2385//2385 2454//2454 2453//2453
f 2887//2887 2889//2889 2891//2891
f 2900//2900 2897//2897 2881//2881 2885//2885
f 2902//2902 2385//2385 2901//2901
f 2904//2904 2899//2899 2898//2898
f 2903//2903 2905//2905 2904//2904 2898//2898
f 2920//2920 2879//2879 2884//2884
f 2884//2884 2938//2938 2920//2920
f 2931//2931 2925//2925 2928//2928
f 2944//2944 2453//2453 2377//2377
f 2385//2385 2453//2453 2944//2944
f 2908//2908 2907//2907 2934//2934
f 2936//2936 2937//2937 2918//2918
f 2946//2946 2918//2918 2937//2937
f 2377//2377 2923//2923 2369//2369
f 2944//2944 2377//2377 2376//2376
f 2947//2947 2946//2946 2937//2937
f 2374//2374 2384//2384 2949//2949
f 2949//2949 2393//2393 2392//2392
f 2952//2952 2954//2954 2370//2370
f 2957//2957 2521//2521 2958//2958
f 2986//2986 2956//2956 2957//2957
f 2948//2948 2937//2937 2964//2964
f 2379//2379 2964//2964 2937//2937
f 2399//2399 2394//2394 2972//2972
f 2388//2388 2387//2387 2398//2398
f 2404//2404 2403//2403 2976//2976
f 2978//2978 2404//2404 2976//2976
f 2979//2979 2978//2978 2976//2976
f 2407//2407 2409//2409 2384//2384
f 2408//2408 2965//2965 2409//2409
f 2955//2955 2391//2391 2405//2405
f 3112//3112 2994//2994 2987//2987
f 2986//2986 2634//2634 2636//2636 2628//2628
f 2988//2988 2993//2993 2992//2992
f 2971//2971 2988//2988 2997//2997
f 3002//3002 2418//2418 2970//2970
f 2994//2994 3005//3005 2992//2992
f 3026//3026 3016//3016 3015//3015
f 3255//3255 3027//3027 3026//3026
f 3032//3032 3255//3255 3026//3026
f 3013//3013 2432//2432 2431//2431
f 3057//3057 2434//2434 2422//2422
f 3022//3022 3774//3774 3060//3060
f 3774//3774 3047//3047 3060//3060
f 2442//2442 3052//3052 3047//3047
f 3033//3033 2429//2429 3022//3022 3060//3060
f 2440//2440 2447//2447 3058//3058
f 3270//3270 3059//3059 3056//3056
f 2433//2433 3075//3075 2456//2456
f 3038//3038 2431//2431 3076//3076
f 3082//3082 3084//3084 3076//3076
f 3080//3080 3775//3775 2942//2942
f 3082//3082 3083//3083 3085//3085
f 3084//3084 3086//3086 3081//3081
f 2461//2461 2460//2460 3095//3095
f 2401//2401 2975//2975 3097//3097
f 2467//2467 3100//3100 3102//3102
f 2467//2467 3102//3102 3104//3104
f 2466//2466 2468//2468 3107//3107
f 2524//2524 2401//2401 3105//3105 2604//2604
f 3106//3106 2466//2466 3107//3107
f 2598//2598 2600//2600 3105//3105
f 3108//3108 2466//2466 3106//3106
f 2607//2607 2471//2471 2470//2470
f 3094//3094 3117//3117 3123//3123
f 3124//3124 3427//3427 3125//3125
f 3142//3142 2906//2906 2905//2905
f 3776//3776 2917//2917 3143//3143
f 3142//3142 3777//3777 3151//3151
f 3778//3778 2915//2915 2490//2490
f 3148//3148 3154//3154 3141//3141
f 2492//2492 2494//2494 2571//2571
f 3154//3154 2507//2507 2907//2907
f 3779//3779 3162//3162 3160//3160
f 3165//3165 3155//3155 2495//2495
f 3780//3780 3779//3779 3160//3160
f 3172//3172 3779//3779 3780//3780
f 3175//3175 3780//3780 3160//3160
f 3176//3176 3177//3177 3165//3165
f 3169//3169 3167//3167 3183//3183
f 3183//3183 3179//3179 3169//3169
f 2515//2515 3172//3172 3780//3780
f 2515//2515 3780//3780 3175//3175
f 3177//3177 3176//3176 3189//3189
f 3187//3187 2515//2515 3175//3175
f 2520//2520 3189//3189 3176//3176
f 3179//3179 3184//3184 3193//3193
f 3781//3781 3190//3190 2510//2510
f 2407//2407 2384//2384 2383//2383
f 3210//3210 3185//3185 3193//3193
f 3210//3210 3196//3196 3185//3185
f 3194//3194 3187//3187 2517//2517
f 3210//3210 3193//3193 3206//3206
f 3199//3199 2410//2410 2412//2412
f 3196//3196 2538//2538 2965//2965
f 2527//2527 2526//2526 2522//2522
f 3201//3201 2529//2529 3200//3200
f 2536//2536 3201//3201 3200//3200
f 2511//2511 3203//3203 2513//2513
f 2536//2536 2535//2535 3207//3207
f 3207//3207 2544//2544 2536//2536
f 2517//2517 2513//2513 3194//3194
f 3533//3533 3202//3202 3204//3204
f 3229//3229 3222//3222 2519//2519
f 2546//2546 3224//3224 3194//3194
f 3224//3224 2546//2546 2545//2545
f 2540//2540 3209//3209 3211//3211
f 2619//2619 3241//3241 3208//3208
f 2543//2543 2775//2775 2544//2544
f 3241//3241 2547//2547 3208//3208
f 2546//2546 3208//3208 2547//2547
f 3226//3226 3224//3224 2545//2545
f 3236//3236 3226//3226 3249//3249
f 2530//2530 3221//3221 3239//3239
f 3241//3241 3243//3243 2547//2547
f 2545//2545 2547//2547 3243//3243
f 3226//3226 2545//2545 3537//3537
f 3249//3249 3226//3226 3537//3537
f 3231//3231 2752//2752 3240//3240
f 2555//2555 3256//3256 3261//3261
f 3267//3267 2553//2553 2555//2555
f 3268//3268 3264//3264 3263//3263
f 3274//3274 3061//3061 3273//3273
f 3275//3275 3776//3776 3143//3143
f 2562//2562 3069//3069 3272//3272
f 3282//3282 3072//3072 2560//2560
f 2579//2579 2576//2576 2577//2577
f 3285//3285 2585//2585 2584//2584
f 3281//3281 3286//3286 2582//2582 2581//2581
f 3285//3285 3293//3293 2587//2587
f 3285//3285 2584//2584 3300//3300 3292//3292
f 3299//3299 3293//3293 3292//3292
f 3299//3299 3292//3292 3302//3302
f 3299//3299 3303//3303 3294//3294
f 3311//3311 3108//3108 2608//2608
f 2603//2603 3109//3109 3311//3311
f 2602//2602 3312//3312 2603//2603
f 2619//2619 3203//3203 2605//2605
f 3782//3782 2619//2619 2605//2605
f 2606//2606 3783//3783 3782//3782
f 2606//2606 2599//2599 3312//3312
f 3320//3320 3321//3321 3332//3332
f 3309//3309 3321//3321 3308//3308
f 3323//3323 3311//3311 2608//2608 2607//2607
f 3310//3310 2613//2613 2612//2612
f 3318//3318 3246//3246 3247//3247 3325//3325
f 3784//3784 3315//3315 2614//2614
f 3350//3350 3339//3339 2613//2613
f 3333//3333 3352//3352 3320//3320
f 3330//3330 3325//3325 3251//3251 3785//3785
f 3350//3350 2805//2805 3339//3339
f 2810//2810 3353//3353 3344//3344
f 2416//2416 3007//3007 3004//3004
f 3369//3369 3010//3010 3379//3379
f 3390//3390 3373//3373 3381//3381
f 3384//3384 3369//3369 2641//2641
f 3385//3385 2638//2638 3383//3383
f 3372//3372 3388//3388 2996//2996
f 3395//3395 3394//3394 3385//3385
f 3402//3402 3390//3390 3381//3381
f 3408//3408 3470//3470 3371//3371
f 2646//2646 3394//3394 3397//3397
f 2705//2705 3393//3393 2637//2637
f 2650//2650 2705//2705 2637//2637
f 2645//2645 2658//2658 2647//2647
f 2659//2659 3567//3567 3411//3411
f 3409//3409 3413//3413 3394//3394
f 3412//3412 2652//2652 3413//3413
f 3413//3413 3409//3409 2653//2653
f 2653//2653 2667//2667 3413//3413
f 2668//2668 2667//2667 2653//2653
f 2673//2673 3418//3418 2670//2670
f 3592//3592 3424//3424 3422//3422
f 3133//3133 3437//3437 2488//2488
f 3124//3124 3786//3786 3428//3428
f 2484//2484 2678//2678 2682//2682
f 3438//3438 3133//3133 3427//3427
f 2679//2679 3429//3429 3445//3445
f 3463//3463 3448//3448 3462//3462
f 3446//3446 3787//3787 3466//3466
f 2691//2691 3445//3445 3465//3465
f 3461//3461 3445//3445 2691//2691
f 3471//3471 3440//3440 3472//3472
f 3475//3475 3471//3471 3480//3480
f 3475//3475 3440//3440 3471//3471
f 3460//3460 3473//3473 2693//2693
f 3474//3474 3480//3480 3471//3471
f 2708//2708 3499//3499 3482//3482
f 2709//2709 2699//2699 2698//2698
f 2708//2708 3460//3460 2709//2709
f 2707//2707 3499//3499 2708//2708
f 2707//2707 2709//2709 3485//3485
f 3493//3493 2651//2651 3414//3414
f 3484//3484 3487//3487 2700//2700
f 3495//3495 2700//2700 3487//3487
f 3495//3495 3487//3487 3486//3486
f 3488//3488 2701//2701 3495//3495
f 3500//3500 3495//3495 3494//3494
f 3496//3496 3507//3507 3494//3494
f 3488//3488 3495//3495 3500//3500 2710//2710
f 2707//2707 3485//3485 2715//2715
f 2707//2707 2724//2724 2723//2723
f 2716//2716 3494//3494 3507//3507
f 2724//2724 2715//2715 2714//2714
f 3417//3417 3502//3502 3414//3414
f 2725//2725 2714//2714 3503//3503
f 3505//3505 2721//2721 2724//2724
f 2728//2728 3509//3509 3506//3506
f 2852//2852 3506//3506 3509//3509
f 2727//2727 3509//3509 2728//2728
f 3524//3524 3514//3514 3504//3504
f 2733//2733 3526//3526 2734//2734
f 3528//3528 2734//2734 3526//3526
f 3526//3526 2739//2739 3527//3527
f 3233//3233 2539//2539 3548//3548
f 3534//3534 3548//3548 2539//2539
f 3542//3542 3234//3234 3788//3788
f 3234//3234 3542//3542 3244//3244
f 3536//3536 2752//2752 3231//3231
f 3242//3242 3551//3551 3243//3243
f 3542//3542 3788//3788 3564//3564
f 3536//3536 2753//2753 2752//2752
f 2753//2753 3549//3549 2751//2751
f 3549//3549 3547//3547 3548//3548
f 2760//2760 3538//3538 3550//3550
f 3241//3241 2619//2619 2618//2618 3577//3577
f 2745//2745 2744//2744 3625//3625
f 2747//2747 2765//2765 3540//3540
f 2758//2758 2770//2770 2756//2756
f 3543//3543 3542//3542 3564//3564
f 3242//3242 3241//3241 3551//3551
f 2780//2780 2776//2776 2543//2543
f 3556//3556 2760//2760 3550//3550
f 2773//2773 2771//2771 3546//3546
f 3555//3555 3560//3560 3559//3559
f 2769//2769 3568//3568 2768//2768
f 3570//3570 3571//3571 3558//3558
f 3568//3568 3576//3576 3582//3582
f 3569//3569 2786//2786 2773//2773
f 3571//3571 3569//3569 2779//2779
f 3571//3571 2792//2792 3569//3569
f 3550//3550 3551//3551 3577//3577
f 2780//2780 2755//2755 3562//3562
f 2780//2780 2787//2787 2778//2778
f 3789//3789 3578//3578 3572//3572
f 3581//3581 3579//3579 2781//2781
f 2792//2792 2791//2791 3569//3569
f 3578//3578 3584//3584 3583//3583
f 3588//3588 3586//3586 3585//3585
f 3584//3584 2797//2797 2792//2792
f 3586//3586 3590//3590 3589//3589
f 2795//2795 3591//3591 3593//3593
f 2621//2621 2813//2813 3341//3341
f 3350//3350 3349//3349 3603//3603
f 3603//3603 3790//3790 3622//3622
f 2814//2814 3617//3617 2802//2802
f 3622//3622 3790//3790 3623//3623
f 3621//3621 3623//3623 3633//3633
f 3645//3645 2825//2825 2829//2829
f 2832//2832 2761//2761 3556//3556
f 3611//3611 3631//3631 3652//3652
f 3653//3653 3631//3631 3643//3643
f 2829//2829 2827//2827 2830//2830
f 3792//3792 3647//3647 3636//3636 3791//3791
f 3573//3573 3577//3577 3793//3793
f 3655//3655 3793//3793 3577//3577
f 3656//3656 3572//3572 3563//3563
f 3794//3794 2762//2762 2832//2832
f 3794//3794 3666//3666 3629//3629
f 3643//3643 3657//3657 3651//3651
f 3662//3662 2845//2845 2844//2844
f 3662//3662 2844//2844 2833//2833
f 3795//3795 3791//3791 2838//2838
f 3659//3659 3629//3629 3666//3666
f 3657//3657 3659//3659 3665//3665
f 2833//2833 2844//2844 2847//2847
f 3665//3665 3666//3666 3672//3672
f 3665//3665 3673//3673 3657//3657
f 3673//3673 3665//3665 3674//3674
f 3665//3665 3672//3672 2863//2863
f 2857//2857 2851//2851 3796//3796
f 3681//3681 3677//3677 3678//3678
f 2843//2843 3679//3679 2854//2854
f 3667//3667 3668//3668 3680//3680
f 2861//2861 2860//2860 2864//2864
f 3674//3674 3689//3689 3797//3797
f 3674//3674 2863//2863 2864//2864
f 3674//3674 2864//2864 3689//3689
f 3531//3531 3694//3694 3532//3532
f 3700//3700 3703//3703 3798//3798
f 3703//3703 3700//3700 3698//3698
f 2860//2860 3701//3701 3696//3696
f 2860//2860 3696//3696 3702//3702
f 1955//1955 3799//3799 1959//1959
f 1982//1982 1987//1987 1978//1978
f 3800//3800 3801//3801 3802//3802
f 2022//2022 2037//2037 2049//2049
f 2067//2067 2079//2079 3803//3803
f 2144//2144 2139//2139 2152//2152
f 2163//2163 2147//2147 2155//2155
f 2236//2236 2233//2233 2266//2266
f 2452//2452 2361//2361 2360//2360
f 3023//3023 3014//3014 3016//3016
f 2569//2569 2916//2916 2444//2444
f 2560//2560 3071//3071 2561//2561
f 3284//3284 2502//2502 2588//2588
f 2619//2619 3782//3782 3327//3327
f 2932//2932 3773//3773 2933//2933
f 2354//2354 2887//2887 2356//2356
f 2915//2915 2901//2901 2490//2490
f 2901//2901 2491//2491 2490//2490
f 2920//2920 2919//2919 2924//2924
f 2941//2941 2940//2940 2923//2923
f 2919//2919 2946//2946 2921//2921
f 2943//2943 2942//2942 2923//2923
f 2947//2947 2948//2948 2381//2381
f 3804//3804 2381//2381 2948//2948
f 2388//2388 2977//2977 2406//2406
f 2406//2406 2977//2977 2525//2525
f 2973//2973 3112//3112 2987//2987
f 3022//3022 2428//2428 3021//3021
f 2430//2430 3805//3805 3034//3034
f 3032//3032 3035//3035 3261//3261
f 3019//3019 3037//3037 3806//3806
f 2913//2913 2917//2917 3054//3054
f 3046//3046 3055//3055 3070//3070
f 2422//2422 3065//3065 3063//3063
f 3066//3066 3053//3053 3052//3052
f 3060//3060 3061//3061 3033//3033
f 3278//3278 3065//3065 2426//2426
f 3053//3053 3273//3273 3061//3061
f 2451//2451 2452//2452 3074//3074
f 2950//2950 2941//2941 3775//3775
f 2457//2457 3083//3083 2449//2449
f 3112//3112 3089//3089 3110//3110
f 2977//2977 2400//2400 2401//2401
f 3111//3111 3110//3110 3120//3120
f 3115//3115 3125//3125 3129//3129
f 3095//3095 2477//2477 3117//3117
f 2887//2887 2914//2914 2356//2356
f 2903//2903 3151//3151 3777//3777 2905//2905
f 3144//3144 3151//3151 2903//2903
f 3154//3154 2906//2906 3141//3141
f 3137//3137 3136//3136 2496//2496
f 3138//3138 2563//2563 2358//2358
f 3144//3144 3156//3156 3147//3147
f 3172//3172 2591//2591 3173//3173
f 2593//2593 2592//2592 3807//3807
f 2525//2525 2977//2977 2524//2524
f 2405//2405 2524//2524 3198//3198
f 2537//2537 3197//3197 2538//2538
f 3256//3256 3032//3032 3261//3261
f 3035//3035 3262//3262 3260//3260
f 3258//3258 2430//2430 3274//3274 3283//3283
f 3280//3280 2568//2568 2570//2570
f 3282//3282 2562//2562 3277//3277
f 3282//3282 2560//2560 2562//2562
f 2580//2580 2585//2585 3268//3268
f 3289//3289 3291//3291 3295//3295
f 2593//2593 3296//3296 3304//3304
f 3305//3305 3214//3214 2597//2597
f 3307//3307 3303//3303 3308//3308
f 2596//2596 3317//3317 3316//3316
f 3316//3316 3318//3318 3326//3326
f 3808//3808 2810//2810 3345//3345 3610//3610
f 3407//3407 3397//3397 3396//3396
f 3406//3406 3407//3407 3370//3370
f 3809//3809 3458//3458 3810//3810
f 3425//3425 2676//2676 3434//3434
f 3437//3437 3133//3133 3438//3438
f 3435//3435 3434//3434 3433//3433
f 3101//3101 3097//3097 3787//3787
f 2683//2683 3468//3468 3454//3454
f 3400//3400 3453//3453 3459//3459
f 2692//2692 3400//3400 2693//2693
f 3398//3398 3472//3472 3440//3440 3399//3399
f 3398//3398 3470//3470 3472//3472
f 3408//3408 2694//2694 3473//3473
f 3408//3408 3473//3473 3469//3469
f 2720//2720 2722//2722 3507//3507
f 3511//3511 3512//3512 3796//3796
f 3811//3811 3515//3515 3812//3812
f 2871//2871 3525//3525 3522//3522
f 3554//3554 3561//3561 3564//3564
f 3583//3583 3571//3571 3570//3570
f 3421//3421 2675//2675 3596//3596
f 2795//2795 3594//3594 2793//2793
f 3610//3610 3813//3813 3611//3611
f 3600//3600 2821//2821 2820//2820
f 2818//2818 3628//3628 2816//2816
f 3649//3649 3608//3608 3618//3618
f 3632//3632 3612//3612 3620//3620
f 2816//2816 3629//3629 3641//3641
f 3789//3789 3656//3656 3663//3663 3578//3578
f 3686//3686 2847//2847 3667//3667
f 3796//3796 3512//3512 2858//2858
f 2857//2857 3796//3796 2858//2858
f 3527//3527 3532//3532 3694//3694
f 3697//3697 2865//2865 2874//2874
f 3699//3699 3700//3700 3798//3798
f 2629//2629 2685//2685 2630//2630
f 1724//1724 3814//3814 3815//3815
f 1743//1743 1744//1744 1749//1749
f 1750//1750 1747//1747 1743//1743
f 1749//1749 1744//1744 1752//1752
f 1753//1753 1747//1747 1750//1750
f 3816//3816 1821//1821 1799//1799
f 3817//3817 1843//1843 3818//3818
f 1855//1855 3818//3818 1885//1885
f 3819//3819 1926//1926 1922//1922
f 1972//1972 1989//1989 1973//1973
f 3821//3821 3856//3856 1973//1973 3820//3820
f 2029//2029 2015//2015 2059//2059 3822//3822
f 2040//2040 2030//2030 2031//2031
f 2089//2089 2081//2081 2080//2080 3823//3823
f 2086//2086 3824//3824 3825//3825
f 2076//2076 2084//2084 3826//3826 2081//2081
f 3827//3827 2099//2099 3828//3828
f 3829//3829 2103//2103 3830//3830
f 2120//2120 2122//2122 3831//3831
f 2138//2138 3832//3832 3833//3833
f 2137//2137 3834//3834 3835//3835
f 3836//3836 2158//2158 3837//3837
f 3838//3838 2162//2162 2164//2164
f 2191//2191 2193//2193 2195//2195
f 2216//2216 2217//2217 2206//2206
f 2266//2266 2233//2233 2262//2262
f 2250//2250 2241//2241 2238//2238
f 2314//2314 2311//2311 2310//2310
f 3839//3839 2337//2337 3840//3840
f 3841//3841 3933//3933 2335//2335 2336//2336
f 2465//2465 2984//2984 2463//2463
f 3842//3842 2624//2624 3120//3120
f 3178//3178 2520//2520 3176//3176
f 2573//2573 2568//2568 2588//2588
f 2604//2604 3105//3105 2600//2600
f 3609//3609 3652//3652 3619//3619
f 2385//2385 2902//2902 2454//2454
f 2445//2445 2444//2444 2911//2911
f 2939//2939 2936//2936 2925//2925
f 2369//2369 2923//2923 2940//2940
f 2396//2396 3804//3804 2414//2414
f 2393//2393 2963//2963 2379//2379
f 3092//3092 2982//2982 2465//2465
f 2981//2981 3004//3004 2415//2415
f 2428//2428 3034//3034 3021//3021
f 3027//3027 3254//3254 3031//3031
f 2436//2436 2935//2935 2455//2455
f 3051//3051 3054//3054 3046//3046
f 2440//2440 3058//3058 2439//2439
f 2558//2558 3054//3054 2917//2917
f 2441//2441 2443//2443 3070//3070
f 3078//3078 3037//3037 3080//3080
f 3081//3081 3087//3087 3843//3843
f 3087//3087 3081//3081 3086//3086
f 3777//3777 3142//3142 2905//2905
f 2569//2569 2563//2563 3138//3138 2916//2916
f 3139//3139 3156//3156 3144//3144
f 3164//3164 2495//2495 2499//2499
f 2501//2501 3164//3164 2499//2499
f 3177//3177 3183//3183 3166//3166
f 2544//2544 3204//3204 2536//2536
f 2597//2597 3214//3214 3216//3216
f 2616//2616 3607//3607 3784//3784
f 2427//2427 3253//3253 2425//2425
f 3263//3263 3262//3262 3259//3259
f 3065//3065 3278//3278 3064//3064
f 2569//2569 2568//2568 2563//2563
f 2581//2581 3277//3277 3279//3279
f 3281//3281 2565//2565 3161//3161
f 2576//2576 2579//2579 3280//3280
f 3287//3287 2589//2589 2582//2582
f 3180//3180 3288//3288 3295//3295
f 3844//3844 3301//3301 3300//3300
f 3305//3305 3844//3844 2516//2516
f 3303//3303 3225//3225 3223//3223
f 3317//3317 2596//2596 2595//2595
f 3308//3308 3321//3321 2615//2615 3306//3306
f 3336//3336 3329//3329 3328//3328
f 3329//3329 3336//3336 3310//3310
f 2613//2613 3339//3339 3338//3338
f 3344//3344 3345//3345 2810//2810
f 3338//3338 3337//3337 3610//3610
f 2629//2629 3356//3356 2638//2638
f 3423//3423 2731//2731 3420//3420 2672//2672
f 3436//3436 3131//3131 2677//2677
f 3516//3516 3525//3525 2740//2740
f 2751//2751 3845//3845 2752//2752
f 2744//2744 2743//2743 3245//3245
f 2818//2818 3601//3601 3355//3355
f 3632//3632 3620//3620 2808//2808
f 3608//3608 3648//3648 3606//3606
f 3614//3614 3623//3623 3602//3602
f 3630//3630 3658//3658 3626//3626
f 3565//3565 3639//3639 3563//3563
f 3651//3651 3649//3649 3618//3618
f 2816//2816 3641//3641 2817//2817
f 3797//3797 3685//3685 3846//3846
f 2873//2873 3531//3531 2738//2738
f 2873//2873 2872//2872 3531//3531
f 3697//3697 3704//3704 3703//3703
f 3697//3697 3703//3703 3698//3698
f 2604//2604 2533//2533 2524//2524
f 2612//2612 2611//2611 3344//3344
f 3782//3782 3783//3783 3327//3327
f 3116//3116 2474//2474 2476//2476
f 3274//3274 2430//2430 3061//3061
f 3485//3485 2698//2698 2695//2695
f 1708//1708 3847//3847 1711//1711
f 3815//3815 3814//3814 1733//1733
f 1717//1717 1716//1716 1721//1721
f 1723//1723 1727//1727 1711//1711
f 1740//1740 1755//1755 1739//1739
f 1742//1742 1758//1758 3848//3848 1779//1779
f 1751//1751 1746//1746 1763//1763
f 1752//1752 1751//1751 1761//1761
f 1756//1756 1759//1759 1748//1748
f 1783//1783 1767//1767 1766//1766
f 1769//1769 1776//1776 1765//1765
f 1760//1760 1770//1770 1785//1785 1769//1769
f 1724//1724 1706//1706 3849//3849
f 1798//1798 3816//3816 1799//1799
f 1842//1842 1849//1849 1850//1850 1853//1853
f 1871//1871 1881//1881 1879//1879
f 1918//1918 3982//3982 1908//1908 1907//1907
f 3850//3850 1916//1916 1915//1915
f 3852//3852 3988//3988 3853//3853 3851//3851
f 1943//1943 1942//1942 1944//1944
f 1946//1946 1952//1952 1949//1949
f 3854//3854 1968//1968 1961//1961
f 1964//1964 1967//1967 1968//1968
f 1963//1963 1959//1959 1972//1972
f 3855//3855 3856//3856 3821//3821
f 3858//3858 1984//1984 1951//1951 3857//3857
f 2002//2002 1999//1999 3859//3859 2003//2003
f 2019//2019 2025//2025 2022//2022
f 2036//2036 2025//2025 2033//2033
f 3860//3860 2065//2065 2062//2062
f 3861//3861 3862//3862 3860//3860
f 2072//2072 2086//2086 2075//2075
f 2080//2080 2077//2077 2079//2079 2069//2069
f 3863//3863 2096//2096 2091//2091
f 2107//2107 2106//2106 2105//2105 3864//3864
f 2110//2110 2116//2116 3865//3865 2111//2111
f 2134//2134 3866//3866 2125//2125
f 3867//3867 2132//2132 3868//3868
f 2168//2168 2153//2153 2143//2143
f 2151//2151 2172//2172 2152//2152
f 3869//3869 3870//3870 3871//3871
f 2258//2258 2196//2196 2195//2195
f 2191//2191 2205//2205 2192//2192
f 2205//2205 2206//2206 2204//2204
f 2202//2202 2204//2204 2212//2212
f 3872//3872 2216//2216 2214//2214
f 3873//3873 3874//3874 3875//3875
f 2220//2220 2219//2219 2226//2226
f 2257//2257 2261//2261 2221//2221
f 2236//2236 2254//2254 2238//2238
f 3871//3871 3870//3870 2193//2193
f 2274//2274 2276//2276 2271//2271 2280//2280
f 2353//2353 2896//2896 3876//3876
f 2940//2940 2941//2941 2950//2950
f 2437//2437 2436//2436 2902//2902
f 2447//2447 2446//2446 3058//3058
f 3105//3105 2401//2401 3100//3100
f 3191//3191 3192//3192 2489//2489
f 2619//2619 3327//3327 2617//2617
f 2686//2686 2688//2688 3443//3443
f 2695//2695 2706//2706 3498//3498
f 3500//3500 3494//3494 2716//2716
f 2850//2850 2849//2849 3671//3671
f 2883//2883 2882//2882 3772//3772
f 2882//2882 2888//2888 2896//2896
f 3773//3773 3772//3772 2899//2899
f 3876//3876 2896//2896 2888//2888 2354//2354
f 2900//2900 2351//2351 2350//2350
f 2879//2879 2366//2366 2880//2880
f 2929//2929 2884//2884 2932//2932
f 2956//2956 2961//2961 2521//2521
f 2956//2956 2986//2986 2960//2960
f 2976//2976 2523//2523 2979//2979
f 2423//2423 3014//3014 2424//2424
f 3805//3805 3024//3024 3021//3021
f 3075//3075 2432//2432 3048//3048
f 3045//3045 3774//3774 3044//3044
f 3047//3047 3774//3774 3045//3045
f 3022//3022 3020//3020 3806//3806 3774//3774
f 3059//3059 3057//3057 3056//3056
f 3075//3075 3079//3079 3074//3074
f 2367//2367 3073//3073 2368//2368
f 3101//3101 2481//2481 3103//3103
f 3158//3158 3156//3156 3157//3157
f 3877//3877 3157//3157 3168//3168
f 3195//3195 3194//3194 3215//3215
f 2542//2542 3196//3196 3210//3210
f 3211//3211 3209//3209 3210//3210
f 2555//2555 3261//3261 3267//3267
f 3257//3257 2574//2574 3278//3278
f 3072//3072 3283//3283 3274//3274
f 2566//2566 2581//2581 3279//3279
f 3287//3287 2591//2591 2589//2589
f 3300//3300 3302//3302 3292//3292
f 2596//2596 3316//3316 3310//3310
f 2630//2630 3359//3359 2475//2475 3006//3006
f 3371//3371 3362//3362 2998//2998 3005//3005
f 3009//3009 2633//2633 3378//3378
f 2632//2632 2623//2623 2625//2625
f 3482//3482 3499//3499 3484//3484 3474//3474
f 2726//2726 2721//2721 3505//3505
f 2735//2735 3517//3517 2729//2729
f 3538//3538 3537//3537 3243//3243
f 3534//3534 2751//2751 3549//3549
f 3248//3248 3538//3538 2760//2760
f 2762//2762 3625//3625 2744//2744
f 2758//2758 2769//2769 2770//2770
f 2674//2674 3590//3590 3594//3594
f 3623//3623 3614//3614 3633//3633
f 2762//2762 2761//2761 2832//2832
f 3794//3794 3625//3625 2762//2762
f 3878//3878 3795//3795 2837//2837
f 2858//2858 2875//2875 2859//2859
f 3674//3674 3846//3846 2848//2848
f 3696//3696 2872//2872 3702//3702
f 3689//3689 3688//3688 3797//3797
f 2507//2507 2934//2934 2907//2907
f 2507//2507 3169//3169 2508//2508
f 3664//3664 3672//3672 2831//2831
f 2862//2862 2861//2861 2877//2877
f 2099//2099 3827//3827 2100//2100
f 2450//2450 3040//3040 2886//2886
f 2585//2585 3266//3266 3268//3268
f 3290//3290 2589//2589 2590//2590
f 3844//3844 2590//2590 2516//2516
f 3236//3236 3317//3317 2595//2595
f 3454//3454 2687//2687 2684//2684
f 3608//3608 3649//3649 3648//3648
f 3879//3879 1994//1994 1995//1995
f 3671//3671 2842//2842 2850//2850
f 1719//1719 1711//1711 3847//3847
f 1730//1730 1725//1725 3815//3815
f 1762//1762 1775//1775 1784//1784
f 1802//1802 1801//1801 1808//1808
f 3880//3880 1878//1878 1894//1894
f 1911//1911 1920//1920 1919//1919
f 3881//3881 1950//1950 1958//1958
f 1965//1965 1959//1959 3799//3799
f 1951//1951 1948//1948 3857//3857
f 2015//2015 2014//2014 2059//2059
f 2117//2117 3908//3908 3882//3882 2118//2118
f 2126//2126 2133//2133 2128//2128
f 2150//2150 2146//2146 2174//2174
f 2156//2156 2158//2158 2160//2160
f 2158//2158 2149//2149 2159//2159
f 2151//2151 2150//2150 2174//2174
f 2147//2147 2163//2163 2174//2174
f 2174//2174 2172//2172 2151//2151
f 2152//2152 3883//3883 2159//2159
f 2168//2168 2143//2143 3884//3884
f 2292//2292 3885//3885 2290//2290
f 2306//2306 3886//3886 2304//2304
f 2327//2327 2329//2329 3887//3887 2325//2325
f 2320//2320 2326//2326 3888//3888
f 2326//2326 3887//3887 3888//3888
f 2390//2390 2389//2389 2388//2388
f 3073//3073 2367//2367 2951//2951
f 3784//3784 2614//2614 2616//2616
f 2697//2697 3468//3468 2705//2705
f 2988//2988 2394//2394 2966//2966
f 3256//3256 3255//3255 3032//3032
f 3078//3078 2943//2943 3043//3043
f 2397//2397 2458//2458 2951//2951
f 2465//2465 2459//2459 3092//3092
f 2471//2471 2608//2608 3108//3108
f 3117//3117 2477//2477 3122//3122
f 3154//3154 2907//2907 2906//2906
f 2353//2353 3144//3144 2903//2903
f 3778//3778 2565//2565 2567//2567
f 2520//2520 2519//2519 3188//3188
f 3252//3252 3254//3254 2554//2554 3253//3253
f 3264//3264 3267//3267 3261//3261
f 2570//2570 3067//3067 3276//3276
f 3295//3295 3297//3297 3889//3889
f 2614//2614 3315//3315 3306//3306
f 3344//3344 3333//3333 3332//3332
f 3345//3345 2611//2611 3338//3338
f 3355//3355 3328//3328 3330//3330
f 2632//2632 3431//3431 3458//3458
f 3457//3457 3455//3455 3458//3458
f 3337//3337 3813//3813 3610//3610
f 3648//3648 3650//3650 3658//3658
f 2796//2796 2841//2841 2842//2842
f 3512//3512 3518//3518 3529//3529
f 3890//3890 3693//3693 2734//2734
f 3080//3080 2942//2942 3078//3078
f 3282//3282 3283//3283 3072//3072
f 2126//2126 3866//3866 2133//2133
f 3055//3055 3062//3062 3070//3070
f 3275//3275 3279//3279 3776//3776
f 3515//3515 3513//3513 3812//3812
f 2872//2872 3798//3798 3703//3703
f 1826//1826 1822//1822 3891//3891 1832//1832
f 2169//2169 2156//2156 2165//2165
f 3291//3291 3289//3289 2578//2578
f 1709//1709 1711//1711 1727//1727
f 1743//1743 1728//1728 1729//1729
f 1766//1766 1745//1745 1783//1783
f 1750//1750 1760//1760 1757//1757
f 1812//1812 1837//1837 1839//1839 1838//1838
f 1848//1848 3892//3892 1849//1849
f 3892//3892 1848//1848 1863//1863 1874//1874
f 3893//3893 1926//1926 1925//1925
f 1968//1968 3854//3854 1959//1959
f 1960//1960 1962//1962 1970//1970
f 1979//1979 1974//1974 1988//1988
f 3856//3856 1990//1990 1983//1983
f 2001//2001 3894//3894 3895//3895
f 3896//3896 2009//2009 3897//3897
f 2030//2030 2040//2040 2035//2035
f 3898//3898 2064//2064 2066//2066
f 3828//3828 3899//3899 3827//3827
f 3900//3900 2103//2103 3829//3829
f 2149//2149 2158//2158 3836//3836
f 2154//2154 2179//2179 2164//2164
f 3901//3901 3874//3874 3873//3873
f 3875//3875 2228//2228 2230//2230
f 2249//2249 2254//2254 2253//2253
f 2265//2265 2266//2266 2262//2262
f 2291//2291 2290//2290 2289//2289 2288//2288
f 2296//2296 2299//2299 2300//2300
f 2330//2330 2333//2333 2339//2339
f 2558//2558 2917//2917 3776//3776 2556//2556
f 3221//3221 2530//2530 2529//2529 3201//3201
f 2597//2597 3216//3216 3227//3227
f 3567//3567 3403//3403 3391//3391
f 2665//2665 2667//2667 2668//2668
f 3485//3485 2695//2695 3497//3497
f 2726//2726 3514//3514 3902//3902
f 2783//2783 3581//3581 2781//2781
f 2877//2877 3701//3701 2862//2862
f 2928//2928 2927//2927 2931//2931
f 2936//2936 2938//2938 2925//2925
f 2384//2384 2409//2409 2949//2949
f 2409//2409 2960//2960 2967//2967
f 2957//2957 2958//2958 2985//2985
f 2992//2992 2998//2998 2988//2988
f 2415//2415 3004//3004 3007//3007
f 3042//3042 3046//3046 3045//3045
f 3049//3049 3040//3040 3050//3050
f 2443//2443 3046//3046 3070//3070
f 3047//3047 2443//2443 2442//2442
f 3273//3273 3066//3066 3072//3072
f 3077//3077 3038//3038 3076//3076
f 2972//2972 2971//2971 3097//3097
f 3122//3122 3903//3903 3123//3123
f 2356//2356 2914//2914 3139//3139
f 2493//2493 3145//3145 3146//3146
f 2489//2489 2512//2512 3160//3160
f 3166//3166 3168//3168 3157//3157
f 3215//3215 3214//3214 3195//3195
f 2544//2544 3196//3196 2542//2542
f 3248//3248 3249//3249 3537//3537
f 2743//2743 3247//3247 3245//3245
f 3262//3262 3029//3029 3024//3024 3805//3805
f 3259//3259 3805//3805 2430//2430
f 2557//2557 2556//2556 3279//3279
f 2576//2576 2575//2575 3269//3269
f 2612//2612 3321//3321 3309//3309
f 3227//3227 2595//2595 2597//2597
f 2595//2595 3227//3227 3236//3236
f 2799//2799 2798//2798 2609//2609
f 3356//3356 2416//2416 3357//3357
f 2997//2997 3399//3399 2971//2971
f 2627//2627 3370//3370 3372//3372
f 3401//3401 3371//3371 3387//3387
f 3394//3394 2649//2649 2638//2638
f 3394//3394 3395//3395 3397//3397
f 2688//2688 3435//3435 3433//3433
f 3471//3471 3469//3469 3474//3474
f 2728//2728 3507//3507 3902//3902
f 3560//3560 3555//3555 3570//3570
f 3587//3587 3580//3580 3904//3904
f 3251//3251 3354//3354 3785//3785
f 3633//3633 3643//3643 3632//3632
f 3661//3661 2836//2836 2839//2839
f 2841//2841 2840//2840 3578//3578
f 2842//2842 2841//2841 2850//2850
f 3687//3687 2877//2877 2861//2861
f 2849//2849 2848//2848 3846//3846
f 3077//3077 3080//3080 3036//3036
f 3653//3653 3651//3651 3619//3619
f 3080//3080 3077//3077 3775//3775
f 3281//3281 2566//2566 2565//2565
f 3503//3503 3812//3812 3513//3513
f 1765//1765 1777//1777 1756//1756
f 3906//3906 3981//3981 3905//3905 1790//1790
f 2021//2021 2024//2024 2018//2018
f 3908//3908 2117//2117 3909//3909 3907//3907
f 2358//2358 3137//3137 2350//2350
f 1736//1736 1741//1741 1721//1721
f 1855//1855 3910//3910 3818//3818
f 3912//3912 1851//1851 1870//1870 3911//3911
f 1928//1928 1939//1939 3913//3913 1929//1929
f 1973//1973 3914//3914 1983//1983
f 3856//3856 3914//3914 1973//1973
f 1981//1981 1979//1979 1982//1982
f 2030//2030 2035//2035 2027//2027
f 2045//2045 2036//2036 2038//2038 2039//2039
f 2041//2041 3915//3915 2051//2051
f 3860//3860 3916//3916 2065//2065
f 2164//2164 2163//2163 2155//2155 2154//2154
f 3838//3838 2164//2164 2179//2179
f 2181//2181 3917//3917 2182//2182
f 3901//3901 2207//2207 2201//2201
f 3901//3901 3873//3873 2207//2207
f 2223//2223 2217//2217 2222//2222
f 2347//2347 2349//2349 3918//3918
f 3918//3918 3919//3919 2347//2347
f 2387//2387 2395//2395 2398//2398
f 3069//3069 2561//2561 2441//2441
f 3920//3920 2451//2451 3079//3079
f 2482//2482 2678//2678 2480//2480
f 3166//3166 3183//3183 3167//3167
f 2537//2537 2536//2536 2531//2531
f 3844//3844 3290//3290 2590//2590
f 3607//3607 2616//2616 3352//3352
f 2735//2735 2736//2736 3517//3517
f 3627//3627 3794//3794 3629//3629
f 2832//2832 3573//3573 3662//3662
f 2878//2878 2888//2888 3771//3771
f 2878//2878 2881//2881 2889//2889
f 2363//2363 2924//2924 2364//2364
f 2884//2884 2929//2929 2926//2926
f 2362//2362 2886//2886 2363//2363
f 2954//2954 2371//2371 2370//2370
f 2949//2949 2969//2969 2393//2393
f 2964//2964 2963//2963 2981//2981
f 2394//2394 2954//2954 2966//2966
f 3010//3010 2634//2634 2985//2985
f 3364//3364 2999//2999 2419//2419
f 3364//3364 3011//3011 2999//2999
f 3806//3806 3020//3020 3019//3019
f 3020//3020 3017//3017 3018//3018
f 2436//2436 3042//3042 2935//2935
f 3039//3039 2439//2439 3050//3050
f 2439//2439 2445//2445 3050//3050
f 3077//3077 3081//3081 3775//3775
f 2952//2952 2950//2950 3843//3843
f 3843//3843 3087//3087 2952//2952
f 3084//3084 3085//3085 2461//2461
f 3091//3091 3089//3089 3088//3088
f 3110//3110 3089//3089 3091//3091
f 3119//3119 2483//2483 2485//2485
f 3127//3127 2469//2469 3126//3126
f 3094//3094 3123//3123 3786//3786
f 3124//3124 3094//3094 3786//3786
f 3135//3135 3127//3127 3126//3126
f 2481//2481 3132//3132 2482//2482
f 3140//3140 2890//2890 2893//2893
f 3150//3150 3139//3139 2914//2914
f 2490//2490 3161//3161 3778//3778
f 2490//2490 2489//2489 3160//3160
f 3195//3195 3921//3921 3187//3187
f 3889//3889 3807//3807 2510//2510
f 3921//3921 3195//3195 2516//2516
f 3198//3198 3192//3192 3191//3191
f 3188//3188 2519//2519 3205//3205
f 2519//2519 3222//3222 3205//3205
f 3216//3216 3224//3224 3226//3226
f 3533//3533 3220//3220 3202//3202
f 3537//3537 2545//2545 3243//3243
f 3235//3235 3784//3784 3250//3250
f 3262//3262 3805//3805 3259//3259
f 2575//2575 2574//2574 3253//3253
f 3258//3258 3263//3263 3259//3259
f 3280//3280 2570//2570 3276//3276
f 3293//3293 3291//3291 2587//2587
f 3889//3889 3180//3180 3295//3295
f 3298//3298 3291//3291 3294//3294
f 3301//3301 3305//3305 2596//2596
f 3310//3310 3309//3309 3302//3302
f 3332//3332 3321//3321 2612//2612
f 3350//3350 3310//3310 3348//3348
f 3341//3341 2622//2622 2621//2621
f 3379//3379 3011//3011 3374//3374
f 2421//2421 3373//3373 3365//3365
f 3368//3368 2638//2638 3356//3356
f 3375//3375 3380//3380 2421//2421
f 3391//3391 3403//3403 3381//3381
f 3370//3370 2642//2642 3406//3406
f 3470//3470 3398//3398 3371//3371
f 3409//3409 3404//3404 2654//2654
f 3413//3413 2652//2652 3394//3394
f 2656//2656 2660//2660 2657//2657
f 3418//3418 3922//3922 2665//2665
f 3131//3131 3786//3786 3903//3903
f 2681//2681 3135//3135 3430//3430
f 3447//3447 2682//2682 2678//2678
f 2713//2713 3414//3414 3502//3502
f 2729//2729 3512//3512 2727//2727
f 3504//3504 3514//3514 3505//3505
f 2739//2739 3526//3526 3524//3524
f 3532//3532 3527//3527 2739//2739
f 3538//3538 3243//3243 3550//3550
f 3554//3554 3555//3555 3559//3559
f 3598//3598 2854//2854 3597//3597 2794//2794
f 2814//2814 2824//2824 2823//2823
f 3652//3652 3609//3609 3611//3611
f 3637//3637 3638//3638 3635//3635
f 3643//3643 3642//3642 3659//3659
f 3659//3659 3640//3640 3629//3629
f 3651//3651 3653//3653 3643//3643
f 2828//2828 3644//3644 2829//2829
f 3792//3792 3795//3795 3878//3878
f 3662//3662 3793//3793 3655//3655
f 3670//3670 3668//3668 2846//2846
f 3663//3663 2850//2850 2841//2841
f 3666//3666 3794//3794 2831//2831
f 2796//2796 3683//3683 2789//2789
f 3679//3679 2843//2843 3671//3671
f 3698//3698 3699//3699 3530//3530 3690//3690
f 2868//2868 3692//3692 2736//2736
f 3696//3696 3695//3695 3694//3694
f 3689//3689 2860//2860 3702//3702
f 2377//2377 2371//2371 2375//2375
f 3152//3152 3157//3157 3877//3877
f 3889//3889 2510//2510 3180//3180
f 3364//3364 3363//3363 3011//3011
f 2635//2635 2643//2643 2636//2636
f 2359//2359 2450//2450 2362//2362
f 3066//3066 3052//3052 2442//2442
f 3129//3129 3121//3121 3113//3113
f 3212//3212 3807//3807 2592//2592
f 3277//3277 2557//2557 3279//3279
f 1803//1803 1814//1814 1819//1819
f 2210//2210 2211//2211 2215//2215
f 2503//2503 3288//3288 3180//3180
f 3327//3327 3783//3783 2606//2606
f 3671//3671 3685//3685 3679//3679
f 3923//3923 1998//1998 1997//1997
f 2357//2357 2352//2352 3049//3049
f 3297//3297 3807//3807 3889//3889
f 3924//3924 3879//3879 1996//1996
f 1701//1701 3925//3925 1698//1698
f 1738//1738 1778//1778 1727//1727
f 1742//1742 1779//1779 1738//1738
f 1753//1753 1755//1755 1740//1740
f 1756//1756 1748//1748 1755//1755
f 1753//1753 1757//1757 1765//1765
f 1745//1745 1730//1730 1737//1737
f 3928//3928 3997//3997 3926//3926 3927//3927
f 1793//1793 1797//1797 3929//3929
f 3929//3929 1811//1811 1813//1813 1793//1793
f 1816//1816 1837//1837 1811//1811
f 1882//1882 1876//1876 1875//1875
f 1895//1895 1897//1897 3930//3930
f 1902//1902 1901//1901 1899//1899
f 1909//1909 1911//1911 1919//1919
f 1923//1923 1926//1926 3893//3893
f 1956//1956 3854//3854 1961//1961
f 2068//2068 3823//3823 2069//2069
f 2171//2171 3883//3883 2172//2172
f 2176//2176 2162//2162 3931//3931
f 2221//2221 2217//2217 2216//2216
f 2220//2220 2226//2226 2225//2225
f 2232//2232 2227//2227 2235//2235 2245//2245
f 2243//2243 3932//3932 2231//2231
f 2190//2190 2189//2189 2199//2199
f 3887//3887 2329//2329 2330//2330
f 2335//2335 3933//3933 2341//2341
f 2376//2376 2387//2387 2386//2386
f 3920//3920 3048//3048 2434//2434
f 3075//3075 3048//3048 3079//3079
f 3093//3093 3110//3110 3091//3091
f 3122//3122 2477//2477 2479//2479
f 2505//2505 3170//3170 2501//2501
f 2515//2515 2591//2591 3172//3172
f 3533//3533 3204//3204 2544//2544
f 2584//2584 2583//2583 3300//3300
f 2583//2583 3290//3290 3300//3300
f 3320//3320 3352//3352 2616//2616
f 3335//3335 2820//2820 3346//3346
f 3410//3410 3416//3416 2660//2660
f 2657//2657 2660//2660 2664//2664
f 3589//3589 3419//3419 2670//2670
f 3787//3787 3429//3429 3132//3132
f 3417//3417 3812//3812 3503//3503
f 2717//2717 3506//3506 3510//3510
f 3588//3588 3585//3585 3581//3581
f 3587//3587 3586//3586 3588//3588
f 3792//3792 3878//3878 3655//3655
f 3670//3670 3669//3669 3682//3682 3668//3668
f 2883//2883 3773//3773 2932//2932
f 2438//2438 2437//2437 2912//2912
f 2884//2884 2925//2925 2938//2938
f 2366//2366 2879//2879 2924//2924
f 2937//2937 2380//2380 2379//2379
f 2952//2952 2370//2370 2950//2950
f 2959//2959 2965//2965 2962//2962
f 2968//2968 2953//2953 2974//2974
f 2994//2994 3112//3112 3111//3111
f 3237//3237 2990//2990 2411//2411
f 3006//3006 2475//2475 3934//3934 2413//2413
f 3805//3805 3021//3021 3034//3034
f 3028//3028 3017//3017 3029//3029
f 3079//3079 3048//3048 3920//3920
f 3039//3039 3920//3920 2434//2434
f 3043//3043 3044//3044 3078//3078
f 3056//3056 2422//2422 3063//3063
f 3073//3073 3074//3074 2368//2368
f 2463//2463 3934//3934 2473//2473
f 2473//2473 2472//2472 2463//2463
f 3110//3110 3114//3114 3120//3120
f 3810//3810 3431//3431 2625//2625
f 3135//3135 3126//3126 3430//3430
f 2890//2890 3150//3150 2914//2914
f 2358//2358 2564//2564 3149//3149
f 3159//3159 3167//3167 3169//3169
f 3190//3190 3212//3212 2518//2518
f 2962//2962 2538//2538 3197//3197
f 3845//3845 3240//3240 2752//2752
f 2425//2425 3253//3253 3257//3257
f 3270//3270 3271//3271 3068//3068
f 3062//3062 3272//3272 3069//3069
f 3067//3067 2570//2570 2448//2448
f 2573//2573 2564//2564 2568//2568
f 2613//2613 3310//3310 3350//3350
f 3342//3342 3322//3322 2622//2622
f 2610//2610 3342//3342 2803//2803 2609//2609
f 3357//3357 3368//3368 3356//3356
f 3379//3379 2644//2644 2639//2639
f 2694//2694 3371//3371 3401//3401
f 3403//3403 2656//2656 2645//2645
f 3405//3405 2648//2648 2655//2655
f 2671//2671 2675//2675 3422//3422
f 3361//3361 3360//3360 3116//3116 2476//2476
f 3433//3433 3432//3432 3360//3360
f 3428//3428 3435//3435 3426//3426
f 2630//2630 3444//3444 3359//3359
f 3441//3441 3448//3448 3463//3463
f 3787//3787 3440//3440 3466//3466
f 3446//3446 3465//3465 3445//3445
f 3466//3466 3476//3476 2702//2702
f 2704//2704 3465//3465 2702//2702
f 3475//3475 3480//3480 3481//3481
f 3476//3476 3474//3474 3484//3484
f 2696//2696 2695//2695 2698//2698
f 3502//3502 2714//2714 2713//2713
f 2710//2710 2717//2717 2718//2718
f 3922//3922 3418//3418 3935//3935
f 3521//3521 3515//3515 3811//3811
f 2866//2866 2732//2732 2741//2741
f 3512//3512 2729//2729 3518//3518
f 3530//3530 3519//3519 2866//2866
f 2759//2759 3533//3533 3546//3546
f 2783//2783 2785//2785 3581//3581
f 2790//2790 3904//3904 2788//2788
f 2788//2788 3576//3576 2791//2791
f 3596//3596 3593//3593 3421//3421
f 2790//2790 2789//2789 3598//3598
f 3790//3790 3603//3603 3349//3349
f 3604//3604 2824//2824 2813//2813
f 3789//3789 3572//3572 3656//3656
f 3791//3791 3795//3795 3792//3792
f 2838//2838 2837//2837 3795//3795
f 2838//2838 3791//3791 3646//3646
f 2846//2846 3878//3878 2837//2837 3670//3670
f 3685//3685 3671//3671 2849//2849
f 2863//2863 3664//3664 3686//3686
f 2851//2851 2857//2857 3676//3676
f 3678//3678 2859//2859 3680//3680
f 3688//3688 3704//3704 3684//3684
f 3797//3797 3846//3846 3674//3674
f 3695//3695 3890//3890 3528//3528
f 3529//3529 3692//3692 2858//2858
f 3798//3798 2872//2872 2871//2871
f 3707//3707 3744//3744 3936//3936 3708//3708
f 1940//1940 1942//1942 1947//1947
f 2263//2263 2252//2252 2241//2241
f 2966//2966 2993//2993 2988//2988
f 2958//2958 2989//2989 3000//3000
f 3774//3774 3806//3806 3044//3044
f 2951//2951 2457//2457 3073//3073
f 2723//2723 3499//3499 2707//2707
f 2767//2767 3575//3575 2785//2785
f 3658//3658 3630//3630 3606//3606
f 3686//3686 3667//3667 3687//3687
f 3697//3697 2874//2874 3704//3704
f 3937//3937 3953//3953 3938//3938 1823//1823
f 3940//3940 1915//1915 1906//1906 3939//3939
f 3943//3943 3998//3998 3941//3941 3942//3942
f 3944//3944 3945//3945 3946//3946
f 2909//2909 2910//2910 2911//2911
f 3212//3212 3781//3781 3807//3807
f 3592//3592 3422//3422 3421//3421
f 3425//3425 3436//3436 2677//2677
f 2685//2685 2629//2629 2683//2683
f 3456//3456 3455//3455 3457//3457
f 1922//1922 1926//1926 1923//1923
f 3948//3948 3924//3924 1996//1996 3947//3947
f 2137//2137 3835//3835 2138//2138
f 3235//3235 3315//3315 3784//3784
f 3276//3276 3067//3067 3068//3068
f 3180//3180 2509//2509 2503//2503
f 3890//3890 2734//2734 3528//3528
f 2459//2459 2465//2465 2464//2464
f 1969//1969 1978//1978 1986//1986
f 2025//2025 2026//2026 2033//2033
f 2273//2273 2282//2282 2277//2277
f 2301//2301 2297//2297 2296//2296
f 3002//3002 2969//2969 2996//2996
f 3057//3057 2440//2440 2434//2434
f 3244//3244 3543//3543 2754//2754
f 3607//3607 3250//3250 3784//3784
f 2581//2581 2580//2580 3282//3282
f 3214//3214 3305//3305 3195//3195
f 3404//3404 2646//2646 2643//2643
f 2871//2871 3522//3522 3520//3520 3798//3798
f 3890//3890 3695//3695 3693//3693
f 1714//1714 1713//1713 1781//1781
f 3949//3949 1817//1817 1808//1808 1807//1807
f 3778//3778 2567//2567 2915//2915
f 3160//3160 2512//2512 2517//2517
f 1734//1734 1733//1733 3950//3950
f 1811//1811 3929//3929 1797//1797 1810//1810
f 1859//1859 1844//1844 3817//3817 3910//3910
f 2375//2375 2395//2395 2376//2376
f 3358//3358 2996//2996 3386//3386
f 1707//1707 1706//1706 1722//1722
f 1721//1721 1741//1741 1729//1729
f 1696//1696 1695//1695 3951//3951
f 1695//1695 1697//1697 1704//1704
f 1703//1703 1702//1702 3952//3952
f 1714//1714 1780//1780 1712//1712
f 3814//3814 1724//1724 3849//3849
f 1728//1728 1713//1713 1717//1717
f 1723//1723 1732//1732 1740//1740
f 1745//1745 1731//1731 1730//1730
f 1762//1762 1754//1754 1752//1752
f 1774//1774 1764//1764 1763//1763
f 1786//1786 1771//1771 1767//1767
f 1758//1758 1768//1768 3848//3848
f 1791//1791 1790//1790 3905//3905
f 1819//1819 3949//3949 1807//1807
f 1819//1819 1814//1814 1827//1827
f 3954//3954 1839//1839 1837//1837
f 1818//1818 1834//1834 1831//1831
f 1843//1843 1842//1842 3955//3955
f 1847//1847 1885//1885 1887//1887 1845//1845
f 1856//1856 1845//1845 1887//1887
f 1852//1852 1851//1851 3912//3912
f 1848//1848 1859//1859 1858//1858
f 1869//1869 1865//1865 1866//1866
f 1898//1898 1896//1896 1895//1895
f 1919//1919 3956//3956 1909//1909
f 3956//3956 1919//1919 1914//1914 1913//1913
f 1932//1932 1930//1930 1931//1931
f 1956//1956 1958//1958 1950//1950
f 1967//1967 1975//1975 1969//1969 1962//1962
f 1974//1974 1975//1975 1967//1967
f 3856//3856 1983//1983 3914//3914
f 1944//1944 1950//1950 3881//3881 1945//1945
f 3923//3923 3947//3947 1998//1998
f 2076//2076 2081//2081 2074//2074
f 2102//2102 2103//2103 3900//3900
f 2131//2131 2132//2132 3867//3867
f 2146//2146 2139//2139 2141//2141
f 2146//2146 2150//2150 2139//2139
f 2155//2155 2147//2147 2153//2153
f 2159//2159 2144//2144 2152//2152
f 3838//3838 2179//2179 2162//2162
f 2175//2175 2163//2163 2176//2176
f 3957//3957 3958//3958 3959//3959
f 2181//2181 3944//3944 3946//3946
f 3869//3869 3871//3871 2199//2199
f 3874//3874 2201//2201 2213//2213
f 2219//2219 2211//2211 2212//2212
f 2215//2215 2220//2220 2227//2227
f 2224//2224 2226//2226 2219//2219
f 2242//2242 2231//2231 2232//2232
f 3960//3960 2268//2268 3961//3961
f 2268//2268 3960//3960 3962//3962
f 2305//2305 2304//2304 2303//2303
f 2313//2313 2308//2308 2311//2311
f 2363//2363 2366//2366 2924//2924
f 2411//2411 3001//3001 3237//3237
f 2419//2419 2421//2421 3365//3365
f 2439//2439 3039//3039 2434//2434
f 2445//2445 3058//3058 2446//2446
f 2451//2451 3920//3920 3041//3041
f 2483//2483 3104//3104 3118//3118
f 3123//3123 3903//3903 3786//3786
f 2484//2484 2483//2483 2480//2480
f 3140//3140 3150//3150 2890//2890
f 2504//2504 2501//2501 2498//2498
f 2533//2533 3203//3203 2534//2534
f 2538//2538 3207//3207 2535//2535
f 2548//2548 2550//2550 3228//3228
f 2551//2551 2548//2548 3228//3228
f 3533//3533 3541//3541 3220//3220
f 3268//3268 3265//3265 2580//2580
f 3326//3326 3325//3325 3330//3330
f 3324//3324 2804//2804 3314//3314
f 2674//2674 2673//2673 3419//3419
f 2690//2690 2680//2680 3461//3461
f 3465//3465 2704//2704 2691//2691
f 2702//2702 3476//3476 2700//2700
f 3811//3811 3812//3812 3417//3417
f 3506//3506 2717//2717 2716//2716
f 3902//3902 3514//3514 2728//2728
f 2759//2759 2771//2771 2758//2758
f 2769//2769 2758//2758 2771//2771
f 2776//2776 2777//2777 2774//2774
f 3423//3423 3597//3597 2742//2742
f 3599//3599 2621//2621 2620//2620
f 3790//3790 3602//3602 3623//3623
f 2828//2828 3654//3654 3644//3644
f 3680//3680 3687//3687 3667//3667
f 3680//3680 2875//2875 3687//3687
f 2908//2908 2933//2933 2906//2906
f 2381//2381 2396//2396 2382//2382
f 2396//2396 2381//2381 3804//3804
f 2959//2959 2962//2962 2961//2961
f 2411//2411 2990//2990 2978//2978
f 2985//2985 2958//2958 3000//3000
f 3003//3003 2970//2970 2418//2418
f 3012//3012 2420//2420 3237//3237
f 3010//3010 3000//3000 3011//3011
f 3014//3014 2423//2423 2435//2435
f 3055//3055 2559//2559 2557//2557
f 2368//2368 3074//3074 2452//2452
f 3076//3076 3084//3084 3081//3081
f 2974//2974 3090//3090 2973//2973
f 3934//3934 2463//2463 2995//2995
f 3110//3110 3093//3093 3114//3114
f 2469//2469 3119//3119 3126//3126
f 2678//2678 2484//2484 2480//2480
f 3430//3430 3126//3126 2485//2485
f 3146//3146 3136//3136 2358//2358 2494//2494
f 2498//2498 2492//2492 2504//2504
f 3171//3171 3163//3163 3779//3779
f 3182//3182 2508//2508 3179//3179
f 2516//2516 3186//3186 3921//3921
f 2408//2408 3182//3182 3185//3185 3196//3196
f 3217//3217 2410//2410 3199//3199
f 3213//3213 3225//3225 3231//3231
f 3232//3232 3240//3240 3230//3230
f 3228//3228 2550//2550 3238//3238
f 3239//3239 2552//2552 2551//2551
f 3220//3220 3541//3541 2748//2748
f 2576//2576 3280//3280 2574//2574
f 3266//3266 3285//3285 2587//2587
f 2605//2605 2606//2606 3782//3782
f 3319//3319 3316//3316 3326//3326
f 3317//3317 3236//3236 3318//3318
f 2610//2610 3322//3322 3342//3342
f 3334//3334 3336//3336 3328//3328
f 3336//3336 3348//3348 3310//3310
f 2609//2609 2798//2798 3324//3324
f 2622//2622 3340//3340 2620//2620
f 3343//3343 3600//3600 3334//3334
f 3350//3350 2809//2809 2805//2805
f 2629//2629 3007//3007 3356//3356
f 3374//3374 3373//3373 3390//3390
f 3379//3379 2639//2639 3369//3369
f 2640//2640 3384//3384 2641//2641
f 3407//3407 3396//3396 3388//3388
f 3407//3407 3388//3388 3372//3372
f 2645//2645 2647//2647 2639//2639
f 3409//3409 2646//2646 3404//3404
f 2661//2661 2669//2669 2662//2662
f 2669//2669 2668//2668 2653//2653
f 3429//3429 3787//3787 3446//3446
f 3465//3465 3466//3466 2702//2702
f 2702//2702 2703//2703 2704//2704
f 3490//3490 2703//2703 2712//2712
f 3490//3490 3479//3479 2689//2689
f 3484//3484 3499//3499 3486//3486
f 3498//3498 2706//2706 2713//2713
f 3417//3417 3503//3503 3502//3502
f 3417//3417 3922//3922 3935//3935
f 3521//3521 2732//2732 2866//2866 3519//3519
f 2755//2755 2754//2754 3543//3543
f 2749//2749 2748//2748 2756//2756
f 2757//2757 2766//2766 2763//2763
f 3581//3581 3585//3585 3579//3579
f 3576//3576 2788//2788 3904//3904
f 3354//3354 2818//2818 3355//3355
f 3337//3337 3613//3613 3813//3813
f 2800//2800 2799//2799 3616//3616
f 3251//3251 3605//3605 3354//3354
f 2617//2617 2800//2800 2815//2815
f 2815//2815 3616//3616 3624//3624
f 3618//3618 2812//2812 2811//2811
f 2815//2815 3624//3624 2618//2618
f 3634//3634 3617//3617 2814//2814
f 2825//2825 2827//2827 2829//2829
f 2618//2618 3636//3636 3647//3647
f 3661//3661 2839//2839 3654//3654
f 3657//3657 3673//3673 3639//3639
f 3673//3673 2848//2848 2850//2850 3663//3663
f 2855//2855 3679//3679 3684//3684 3704//3704
f 3702//3702 2872//2872 3703//3703
f 3730//3730 3729//3729 3720//3720 3721//3721
f 3739//3739 3761//3761 3758//3758
f 2199//2199 2198//2198 2203//2203
f 2904//2904 3773//3773 2899//2899
f 3773//3773 2904//2904 2906//2906
f 3118//3118 3104//3104 3102//3102
f 3174//3174 3182//3182 3181//3181
f 2407//2407 2383//2383 3181//3181
f 2534//2534 2511//2511 3192//3192
f 3224//3224 3215//3215 3194//3194
f 3425//3425 3434//3434 3435//3435
f 3461//3461 3447//3447 3445//3445
f 2726//2726 3902//3902 2722//2722
f 3533//3533 2759//2759 3541//3541
f 3646//3646 3791//3791 3637//3637
f 3662//3662 3573//3573 3793//3793
f 2852//2852 2851//2851 3677//3677
f 2564//2564 2563//2563 2568//2568
f 2897//2897 3137//3137 2893//2893
f 2919//2919 2364//2364 2924//2924
f 2922//2922 2453//2453 2935//2935
f 3037//3037 3044//3044 3806//3806
f 2942//2942 3775//3775 2941//2941
f 3287//3287 3173//3173 2591//2591
f 3809//3809 3810//3810 3121//3121 2486//2486
f 2676//2676 2478//2478 3434//3434
f 3686//3686 3664//3664 2847//2847
f 3675//3675 2852//2852 3677//3677
f 2048//2048 2047//2047 2039//2039
f 2188//2188 2190//2190 2208//2208
f 3315//3315 3235//3235 3225//3225
f 3458//3458 3455//3455 2632//2632
f 2437//2437 3143//3143 2912//2912
f 1824//1824 1823//1823 3938//3938
f 1900//1900 3963//3963 1904//1904
f 1925//1925 3964//3964 3893//3893
f 1959//1959 3854//3854 1953//1953
f 2174//2174 2146//2146 2147//2147
f 2271//2271 2270//2270 2280//2280
f 3303//3303 3296//3296 3294//3294
f 3389//3389 3396//3396 3395//3395
f 3025//3025 3254//3254 3252//3252 2427//2427
f 3530//3530 2866//2866 3690//3690
f 1929//1929 3913//3913 1931//1931
f 1974//1974 1980//1980 1988//1988
f 2517//2517 3187//3187 3175//3175
f 2121//2121 2118//2118 3882//3882
f 2163//2163 2175//2175 2174//2174
f 2285//2285 2289//2289 2286//2286
f 2886//2886 2362//2362 2450//2450
f 2578//2578 3284//3284 2579//2579
f 3284//3284 2578//2578 3289//3289
f 3417//3417 3935//3935 3811//3811
f 3637//3637 3635//3635 3646//3646
f 3927//3927 3981//3981 3906//3906 3928//3928
f 3248//3248 2744//2744 3245//3245
f 1707//1707 1715//1715 1705//1705
f 1715//1715 1707//1707 1716//1716
f 1725//1725 1721//1721 1722//1722
f 1744//1744 1743//1743 1729//1729
f 1746//1746 1735//1735 1731//1731
f 1747//1747 1740//1740 1732//1732
f 1766//1766 1746//1746 1745//1745
f 1806//1806 3938//3938 1795//1795
f 1796//1796 1802//1802 1810//1810
f 1813//1813 1812//1812 1805//1805 1794//1794
f 1824//1824 1815//1815 1825//1825
f 1804//1804 1806//1806 1795//1795
f 1827//1827 1834//1834 3949//3949
f 1877//1877 1866//1866 1860//1860 1861//1861
f 1862//1862 1869//1869 3880//3880 1864//1864
f 1953//1953 1956//1956 1950//1950
f 1973//1973 1971//1971 1964//1964
f 1981//1981 1976//1976 1975//1975
f 1971//1971 1977//1977 1974//1974
f 3947//3947 3923//3923 3948//3948
f 2036//2036 2045//2045 2044//2044 2037//2037
f 2043//2043 3965//3965 2044//2044
f 3860//3860 3862//3862 3916//3916
f 2142//2142 2143//2143 2148//2148
f 3871//3871 2192//2192 2200//2200
f 2192//2192 2205//2205 2204//2204
f 2227//2227 2218//2218 2215//2215
f 2240//2240 2244//2244 2247//2247
f 2280//2280 2270//2270 2281//2281
f 2313//2313 2311//2311 2314//2314
f 2345//2345 2343//2343 3967//3967
f 2400//2400 2977//2977 2398//2398
f 2979//2979 2523//2523 2980//2980
f 3016//3016 3027//3027 3023//3023
f 2461//2461 2464//2464 2462//2462
f 3121//3121 3842//3842 3120//3120
f 2587//2587 2578//2578 2577//2577
f 3298//3298 3295//3295 3291//3291
f 3290//3290 3844//3844 3300//3300
f 2599//2599 2604//2604 2600//2600
f 3414//3414 2666//2666 2665//2665
f 3477//3477 2690//2690 2689//2689
f 2697//2697 2705//2705 2695//2695
f 2756//2756 2770//2770 2757//2757
f 2766//2766 2784//2784 2764//2764
f 3606//3606 3648//3648 3658//3658
f 3637//3637 3791//3791 3636//3636
f 2867//2867 2870//2870 2868//2868
f 2882//2882 2896//2896 2895//2895
f 2894//2894 2903//2903 2895//2895
f 2896//2896 2353//2353 2894//2894
f 2381//2381 2945//2945 2947//2947
f 2397//2397 2396//2396 2983//2983
f 2975//2975 2401//2401 2399//2399
f 2982//2982 2413//2413 2984//2984
f 2415//2415 2414//2414 2981//2981
f 3006//3006 2413//2413 2415//2415
f 3029//3029 3262//3262 3035//3035
f 2558//2558 3055//3055 3054//3054
f 2464//2464 2461//2461 3085//3085
f 3092//3092 2459//2459 2397//2397
f 3100//3100 2401//2401 3098//3098
f 3101//3101 3099//3099 3098//3098
f 2483//2483 2468//2468 3104//3104
f 2909//2909 3138//3138 2358//2358
f 3147//3147 3141//3141 3142//3142 3151//3151
f 2497//2497 3145//3145 2500//2500
f 3877//3877 3168//3168 3159//3159
f 3177//3177 3184//3184 3183//3183
f 2373//2373 3174//3174 3181//3181
f 3182//3182 3174//3174 2506//2506
f 3178//3178 3190//3190 2520//2520
f 2553//2553 3267//3267 3266//3266
f 3276//3276 3271//3271 3278//3278
f 2560//2560 3072//3072 3071//3071
f 3288//3288 2503//2503 2502//2502
f 3330//3330 3329//3329 3319//3319 3326//3326
f 2629//2629 2637//2637 2683//2683
f 3376//3376 3389//3389 3385//3385
f 3402//3402 2645//2645 2644//2644
f 3404//3404 3384//3384 2640//2640
f 2651//2651 3412//3412 2666//2666
f 2478//2478 3116//3116 3432//3432 3434//3434
f 3476//3476 3481//3481 3480//3480
f 3483//3483 3479//3479 3490//3490
f 2720//2720 3496//3496 2723//2723
f 2733//2733 3524//3524 3526//3526
f 2748//2748 2750//2750 3239//3239
f 3564//3564 3788//3788 3233//3233
f 3547//3547 3564//3564 3233//3233
f 3544//3544 3565//3565 3536//3536
f 2753//2753 3536//3536 3565//3565
f 3557//3557 3391//3391 3392//3392
f 3341//3341 2813//2813 2801//2801
f 2821//2821 2817//2817 3641//3641
f 2819//2819 2821//2821 3640//3640
f 2825//2825 3645//3645 3634//3634
f 3654//3654 2838//2838 3646//3646
f 3511//3511 3796//3796 2851//2851
f 2869//2869 2867//2867 2734//2734
f 3695//3695 3701//3701 3693//3693
f 3047//3047 3053//3053 3060//3060
f 3778//3778 3161//3161 2565//2565
f 3367//3367 3376//3376 3383//3383
f 2690//2690 3477//3477 3462//3462
f 3493//3493 2705//2705 2651//2651
f 3625//3625 3627//3627 3605//3605
f 3631//3631 3653//3653 3652//3652
f 2946//2946 2945//2945 2921//2921
f 3496//3496 2720//2720 3507//3507
f 1717//1717 1729//1729 1728//1728
f 1989//1989 3820//3820 1973//1973
f 3162//3162 3779//3779 3163//3163
f 1989//1989 1972//1972 1966//1966
f 2194//2194 2205//2205 2191//2191
f 2593//2593 3807//3807 3297//3297
f 2996//2996 3358//3358 3002//3002
f 3486//3486 2723//2723 3496//3496
f 3173//3173 3287//3287 3171//3171
f 2079//2079 2067//2067 2069//2069
f 2458//2458 2459//2459 3085//3085
f 2590//2590 2514//2514 2516//2516
f 3811//3811 3935//3935 2732//2732
f 3909//3909 3968//3968 3907//3907
f 3269//3269 2586//2586 2577//2577
f 3188//3188 3193//3193 3184//3184
f 2072//2072 2075//2075 2074//2074
f 2215//2215 2213//2213 2208//2208
f 3655//3655 3647//3647 3792//3792
f 3530//3530 3699//3699 3520//3520
f 2580//2580 3265//3265 3282//3282
f 1817//1817 1802//1802 1808//1808
f 1842//1842 1853//1853 3955//3955
f 1701//1701 1698//1698 1700//1700
f 1701//1701 1703//1703 3925//3925
f 3847//3847 1781//1781 1720//1720
f 1720//1720 1713//1713 1718//1718
f 1724//1724 3815//3815 1725//1725
f 1744//1744 1741//1741 1735//1735
f 1782//1782 1745//1745 1737//1737
f 1787//1787 1789//1789 3969//3969
f 1798//1798 1803//1803 1820//1820
f 1807//1807 1809//1809 1820//1820
f 1838//1838 1805//1805 1812//1812
f 1827//1827 3949//3949 1819//1819
f 1829//1829 1836//1836 1823//1823
f 1829//1829 1828//1828 1835//1835
f 1885//1885 1847//1847 1855//1855
f 3892//3892 1870//1870 1851//1851
f 1874//1874 1871//1871 1870//1870 3892//3892
f 1863//1863 1864//1864 1867//1867
f 3880//3880 1894//1894 1864//1864
f 1883//1883 1866//1866 1876//1876
f 1896//1896 1899//1899 1901//1901
f 1900//1900 1902//1902 3963//3963
f 1910//1910 3852//3852 3851//3851
f 1907//1907 1916//1916 1917//1917
f 1926//1926 3819//3819 3970//3970 1927//1927
f 3971//3971 3943//3943 3942//3942
f 1949//1949 1941//1941 1946//1946
f 2001//2001 2003//2003 3894//3894
f 3895//3895 2005//2005 2001//2001
f 3801//3801 3800//3800 3972//3972
f 3801//3801 3972//3972 2008//2008
f 2018//2018 3973//3973 2019//2019
f 2026//2026 2019//2019 3973//3973
f 2035//2035 2048//2048 2039//2039
f 2041//2041 2052//2052 2042//2042
f 3974//3974 2044//2044 3965//3965
f 2107//2107 2115//2115 2108//2108
f 2118//2118 3975//3975 2119//2119
f 3976//3976 3975//3975 2120//2120
f 2126//2126 2128//2128 2127//2127
f 2167//2167 2153//2153 2168//2168
f 2157//2157 3837//3837 2158//2158
f 3836//3836 3837//3837 3977//3977
f 2175//2175 2176//2176 2173//2173
f 3959//3959 3944//3944 3957//3957
f 2194//2194 2195//2195 2196//2196
f 2187//2187 2186//2186 3978//3978
f 2211//2211 2209//2209 2203//2203
f 3874//3874 3901//3901 2201//2201
f 2235//2235 2229//2229 2225//2225
f 2240//2240 2235//2235 2234//2234
f 2295//2295 2292//2292 2291//2291
f 3886//3886 2300//2300 2303//2303
f 2302//2302 2309//2309 2311//2311 2307//2307
f 2332//2332 2333//2333 2330//2330
f 2365//2365 2363//2363 2886//2886
f 2389//2389 2385//2385 2386//2386
f 2948//2948 2964//2964 2414//2414
f 3804//3804 2948//2948 2414//2414
f 2433//2433 2457//2457 2449//2449
f 2598//2598 2466//2466 3109//3109
f 3010//3010 3011//3011 3379//3379
f 2653//2653 2655//2655 2669//2669
f 2680//2680 2682//2682 3447//3447
f 2703//2703 3490//3490 2689//2689
f 3493//3493 2706//2706 2705//2705
f 2747//2747 2749//2749 2757//2757
f 3693//3693 2870//2870 2869//2869
f 2925//2925 2926//2926 2928//2928
f 2367//2367 2921//2921 2945//2945
f 2406//2406 2390//2390 2388//2388
f 2970//2970 3003//3003 2963//2963
f 3934//3934 2475//2475 2473//2473
f 2990//2990 2402//2402 2991//2991
f 3068//3068 2447//2447 3059//3059
f 3066//3066 3273//3273 3053//3053
f 2915//2915 3143//3143 2437//2437
f 3168//3168 3167//3167 3159//3159
f 2540//2540 3233//3233 3234//3234
f 3276//3276 2574//2574 3280//3280
f 2610//2610 2601//2601 3313//3313
f 3354//3354 3330//3330 3785//3785
f 3363//3363 3365//3365 3373//3373
f 2647//2647 2658//2658 2648//2648
f 3412//3412 2651//2651 2652//2652
f 3458//3458 3431//3431 3810//3810
f 3448//3448 2680//2680 2690//2690
f 3478//3478 3467//3467 3463//3463 3462//3462
f 3454//3454 3468//3468 2697//2697
f 3489//3489 2712//2712 2711//2711
f 2834//2834 2719//2719 2835//2835
f 3418//3418 3420//3420 2730//2730 3935//3935
f 2750//2750 2552//2552 3239//3239
f 2759//2759 2756//2756 3541//3541
f 3545//3545 3392//3392 3382//3382
f 3569//3569 2791//2791 2786//2786
f 3583//3583 3552//3552 3578//3578
f 2663//2663 3579//3579 3585//3585
f 3593//3593 3596//3596 2795//2795
f 3808//3808 3610//3610 3609//3609
f 2813//2813 2802//2802 2801//2801
f 3616//3616 2815//2815 2800//2800
f 2822//2822 2824//2824 3451//3451
f 3627//3627 3354//3354 3605//3605
f 2827//2827 3478//3478 3979//3979
f 3642//3642 3640//3640 3659//3659
f 3644//3644 3645//3645 2829//2829
f 3660//3660 2828//2828 2830//2830
f 3663//3663 3656//3656 3639//3639
f 3597//3597 2854//2854 2856//2856
f 3739//3739 3738//3738 3731//3731
f 3706//3706 3745//3745 3707//3707
f 3083//3083 2457//2457 2458//2458
f 3101//3101 3787//3787 3132//3132
f 3439//3439 3426//3426 3457//3457
f 2701//2701 2712//2712 2703//2703
f 3568//3568 3582//3582 3574//3574
f 1699//1699 1697//1697 1700//1700
f 3854//3854 1956//1956 1953//1953
f 3825//3825 2083//2083 2075//2075
f 2235//2235 2248//2248 2245//2245
f 2413//2413 3934//3934 2995//2995
f 1959//1959 1966//1966 1972//1972
f 2036//2036 2033//2033 2038//2038
f 2153//2153 2148//2148 2143//2143
f 2337//2337 3839//3839 2298//2298
f 2318//2318 2322//2322 2321//2321
f 3205//3205 3211//3211 3206//3206
f 2632//2632 3377//3377 2633//2633
f 1719//1719 3847//3847 1720//1720
f 1730//1730 3815//3815 1733//1733
f 2028//2028 2032//2032 2026//2026
f 2223//2223 2219//2219 2212//2212
f 1726//1726 1738//1738 1727//1727
f 3322//3322 3313//3313 3311//3311
f 3507//3507 3506//3506 2716//2716
f 3503//3503 3513//3513 2725//2725
f 2045//2045 2039//2039 2047//2047
f 2665//2665 3922//3922 3417//3417
f 3447//3447 2678//2678 2679//2679
f 3514//3514 2733//2733 2735//2735
f 3598//3598 2794//2794 2793//2793
f 3612//3612 3631//3631 3611//3611
f 1987//1987 1986//1986 1978//1978
f 3840//3840 2337//2337 2301//2301 3980//3980
f 2492//2492 2502//2502 2504//2504
f 3410//3410 2660//2660 2659//2659
f 2729//2729 2728//2728 2735//2735
f 3364//3364 2419//2419 3365//3365
f 2085//2085 3803//3803 2079//2079
f 2131//2131 3867//3867 2129//2129
f 2181//2181 3946//3946 3917//3917
f 2677//2677 3122//3122 2479//2479
f 3119//3119 3107//3107 2468//2468
f 2786//2786 3576//3576 2772//2772
f 1752//1752 1744//1744 1735//1735
f 1769//1769 1765//1765 1757//1757
f 1754//1754 1762//1762 1770//1770
f 1804//1804 1794//1794 1805//1805
f 1814//1814 1803//1803 1800//1800
f 1817//1817 3949//3949 1834//1834
f 1854//1854 1846//1846 1860//1860
f 1873//1873 1868//1868 1867//1867
f 1890//1890 1880//1880 1891//1891
f 1910//1910 1909//1909 3852//3852
f 1932//1932 1927//1927 3970//3970
f 1937//1937 1924//1924 1934//1934
f 1949//1949 1944//1944 1941//1941
f 1951//1951 1954//1954 1952//1952
f 1964//1964 1968//1968 1959//1959
f 1979//1979 1981//1981 1975//1975
f 1982//1982 1978//1978 1976//1976
f 1984//1984 3983//3983 1954//1954
f 2007//2007 2009//2009 3896//3896
f 2008//2008 3972//3972 2009//2009
f 2018//2018 2024//2024 3973//3973
f 2031//2031 2027//2027 2029//2029 3822//3822
f 2032//2032 2038//2038 2033//2033
f 2032//2032 2028//2028 2027//2027
f 2034//2034 2039//2039 2038//2038
f 2052//2052 2046//2046 2048//2048 2042//2042
f 2044//2044 3974//3974 2049//2049
f 2125//2125 2127//2127 3966//3966
f 2141//2141 3884//3884 2143//2143
f 2145//2145 2140//2140 2139//2139
f 2146//2146 2142//2142 2148//2148
f 2172//2172 2174//2174 2173//2173
f 2194//2194 2197//2197 2214//2214
f 2218//2218 3874//3874 2213//2213
f 2220//2220 2215//2215 2211//2211
f 3874//3874 2218//2218 2228//2228
f 2221//2221 2261//2261 2233//2233
f 2236//2236 2239//2239 2222//2222
f 2245//2245 2242//2242 2232//2232
f 2246//2246 2243//2243 2242//2242
f 2247//2247 2248//2248 2235//2235
f 2251//2251 2254//2254 2249//2249
f 2258//2258 3984//3984 2259//2259
f 2264//2264 2253//2253 2266//2266
f 2282//2282 2284//2284 2278//2278
f 2304//2304 3886//3886 2303//2303
f 2305//2305 2307//2307 2306//2306
f 2318//2318 2321//2321 2317//2317
f 2315//2315 2317//2317 2321//2321
f 2323//2323 2326//2326 2320//2320
f 2325//2325 3887//3887 2326//2326
f 3985//3985 2336//2336 2331//2331
f 2343//2343 2346//2346 2344//2344
f 2515//2515 3186//3186 2516//2516
f 2594//2594 3213//3213 2592//2592
f 2540//2540 3211//3211 2541//2541
f 2553//2553 3269//3269 2575//2575
f 2605//2605 3203//3203 2533//2533
f 3323//3323 2622//2622 3322//3322
f 2624//2624 3842//3842 2625//2625
f 2690//2690 3461//3461 2691//2691
f 2731//2731 2741//2741 2732//2732
f 3904//3904 2790//2790 3587//3587
f 3639//3639 3626//3626 3658//3658
f 2832//2832 3662//3662 2833//2833
f 3675//3675 3677//3677 3681//3681
f 2365//2365 2351//2351 2885//2885
f 3773//3773 2906//2906 2933//2933
f 2894//2894 2353//2353 2903//2903
f 2928//2928 2926//2926 2929//2929
f 2372//2372 2930//2930 2908//2908
f 2936//2936 2939//2939 2378//2378
f 2946//2946 2919//2919 2918//2918
f 2989//2989 2403//2403 2402//2402
f 2402//2402 2999//2999 2989//2989
f 2417//2417 3003//3003 2418//2418
f 2990//2990 3237//3237 2420//2420
f 2623//2623 2633//2633 2994//2994
f 2986//2986 2985//2985 2634//2634
f 3843//3843 2950//2950 3775//3775
f 3089//3089 3112//3112 3090//3090
f 3105//3105 2467//2467 2466//2466
f 3174//3174 2373//2373 2372//2372
f 3170//3170 2505//2505 3178//3178
f 3190//3190 3781//3781 3212//3212
f 2980//2980 3199//3199 2412//2412
f 3199//3199 2980//2980 2522//2522
f 3202//3202 3220//3220 3201//3201
f 2519//2519 2518//2518 3232//3232 3229//3229
f 3245//3245 3236//3236 3249//3249
f 3265//3265 3268//3268 3263//3263
f 3284//3284 2588//2588 3280//3280
f 3305//3305 3301//3301 3844//3844
f 3223//3223 3304//3304 3296//3296
f 3109//3109 3312//3312 2599//2599
f 2804//2804 3327//3327 3314//3314
f 3335//3335 3348//3348 3336//3336
f 3335//3335 3346//3346 3348//3348
f 2803//2803 3342//3342 3341//3341
f 2609//2609 2803//2803 2799//2799
f 3368//3368 3357//3357 3008//3008
f 2642//2642 3370//3370 2626//2626
f 3384//3384 2643//2643 2635//2635
f 2484//2484 3430//3430 2485//2485
f 3428//3428 3786//3786 3131//3131
f 3459//3459 3453//3453 3456//3456
f 3491//3491 3483//3483 3490//3490
f 3497//3497 2713//2713 2715//2715
f 3811//3811 2732//2732 3521//3521
f 3230//3230 3845//3845 2751//2751
f 3545//3545 3539//3539 3540//3540
f 3564//3564 3547//3547 3554//3554
f 3561//3561 3559//3559 3558//3558
f 2784//2784 2785//2785 2783//2783
f 2767//2767 2768//2768 3568//3568
f 2797//2797 3584//3584 2840//2840
f 3423//3423 3424//3424 3591//3591
f 3598//3598 2793//2793 3590//3590
f 3600//3600 3343//3343 3601//3601
f 2811//2811 3808//3808 3609//3609
f 2819//2819 3642//3642 3633//3633
f 3625//3625 3794//3794 3627//3627
f 3657//3657 3639//3639 3658//3658
f 3660//3660 3492//3492 3986//3986
f 2837//2837 2839//2839 3670//3670
f 2836//2836 3669//3669 2839//2839
f 3675//3675 2835//2835 2719//2719
f 3598//3598 2789//2789 3683//3683
f 2855//2855 3704//3704 2874//2874
f 2876//2876 2870//2870 3693//3693
f 3708//3708 3936//3936 3749//3749 3712//3712
f 3719//3719 3728//3728 3725//3725
f 3725//3725 3731//3731 3738//3738
f 3733//3733 3730//3730 3736//3736
f 3732//3732 3741//3741 3740//3740
f 3736//3736 3735//3735 3765//3765
f 3764//3764 3768//3768 3765//3765
f 2973//2973 3090//3090 3112//3112
f 2509//2509 2505//2505 2504//2504
f 2524//2524 2977//2977 2401//2401
f 2556//2556 3776//3776 3279//3279
f 3437//3437 3809//3809 2488//2488
f 3241//3241 3577//3577 3551//3551
f 3800//3800 3802//3802 2012//2012
f 3065//3065 3030//3030 2426//2426
f 3600//3600 2817//2817 2821//2821
f 1731//1731 1736//1736 1721//1721
f 1772//1772 1768//1768 1759//1759
f 2010//2010 2012//2012 3802//3802
f 2138//2138 3833//3833 2136//2136
f 2984//2984 2995//2995 2463//2463
f 2452//2452 2360//2360 2368//2368
f 3039//3039 3041//3041 3920//3920
f 3288//3288 3289//3289 3295//3295
f 3544//3544 3607//3607 3630//3630
f 3601//3601 3343//3343 3355//3355
f 3685//3685 2849//2849 3846//3846
f 3814//3814 3950//3950 1733//1733
f 1763//1763 1761//1761 1751//1751
f 3987//3987 3911//3911 1870//1870 1872//1872
f 1866//1866 1883//1883 1878//1878
f 2086//2086 3825//3825 2075//2075
f 2254//2254 2251//2251 2238//2238
f 2592//2592 3213//3213 3212//3212
f 3520//3520 3699//3699 3798//3798
f 3535//3535 3250//3250 3544//3544
f 3555//3555 3549//3549 3552//3552
f 2589//2589 2591//2591 2590//2590
f 1948//1948 1947//1947 3857//3857
f 3061//3061 2430//2430 3033//3033
f 2611//2611 2613//2613 3338//3338
f 3495//3495 2701//2701 2700//2700
f 1854//1854 3910//3910 1855//1855
f 2040//2040 2042//2042 2035//2035
f 2695//2695 3498//3498 3497//3497
f 3507//3507 2722//2722 3902//3902
f 3910//3910 3817//3817 3818//3818
f 3810//3810 2625//2625 3842//3842
f 3132//3132 3429//3429 2482//2482
f 3921//3921 3186//3186 3187//3187
f 3807//3807 3781//3781 2510//2510
f 2670//2670 2669//2669 2661//2661
f 3363//3363 3374//3374 3011//3011
f 1880//1880 3987//3987 1872//1872
f 3978//3978 2186//2186 2207//2207
f 2804//2804 3324//3324 2798//2798
f 3360//3360 3432//3432 3116//3116
f 2457//2457 2456//2456 3073//3073
f 1780//1780 1715//1715 1712//1712
f 1799//1799 1822//1822 1826//1826 1814//1814
f 1856//1856 1887//1887 3989//3989
f 2020//2020 2055//2055 2056//2056
f 2147//2147 2148//2148 2153//2153
f 3931//3931 2162//2162 2179//2179 2178//2178
f 2305//2305 2303//2303 2302//2302
f 2308//2308 2307//2307 2311//2311
f 2576//2576 3269//3269 2577//2577
f 3240//3240 3845//3845 3230//3230
f 3479//3479 3477//3477 2689//2689
f 3673//3673 3663//3663 3639//3639
f 3125//3125 3427//3427 3133//3133
f 3938//3938 1806//1806 1824//1824
f 3594//3594 3590//3590 2793//2793
f 2092//2092 2097//2097 3990//3990
f 1731//1731 1721//1721 1725//1725
f 1739//1739 1755//1755 1748//1748
f 1754//1754 1750//1750 1749//1749
f 1771//1771 1774//1774 1763//1763
f 1775//1775 1762//1762 1764//1764
f 1821//1821 3891//3891 1822//1822
f 1815//1815 1838//1838 1830//1830
f 1831//1831 1810//1810 1818//1818
f 1841//1841 1827//1827 1826//1826
f 3892//3892 1850//1850 1849//1849
f 1878//1878 3880//3880 1869//1869
f 1890//1890 3987//3987 1880//1880
f 1868//1868 1873//1873 1881//1881
f 1853//1853 1884//1884 3955//3955
f 1892//1892 1893//1893 1888//1888
f 1910//1910 3991//3991 1911//1911
f 1912//1912 1914//1914 1918//1918
f 1935//1935 3964//3964 1925//1925
f 1953//1953 1950//1950 1949//1949
f 1954//1954 3983//3983 1955//1955
f 1962//1962 1960//1960 1956//1956
f 1991//1991 1993//1993 1995//1995
f 1999//1999 1998//1998 3859//3859
f 2014//2014 2016//2016 2057//2057
f 2015//2015 2021//2021 2056//2056
f 2017//2017 2023//2023 2054//2054
f 2020//2020 2053//2053 2055//2055
f 2082//2082 2077//2077 2080//2080
f 2072//2072 2073//2073 2087//2087
f 2110//2110 2113//2113 2109//2109
f 2111//2111 2113//2113 2110//2110
f 2117//2117 2119//2119 3992//3992
f 3944//3944 3959//3959 3945//3945
f 2192//2192 3871//3871 2193//2193
f 2196//2196 2259//2259 2197//2197
f 2199//2199 3871//3871 2200//2200
f 2210//2210 2208//2208 2203//2203
f 2244//2244 2240//2240 2237//2237
f 2245//2245 2248//2248 2246//2246
f 2216//2216 3872//3872 2257//2257
f 2274//2274 2280//2280 2275//2275
f 2293//2293 2294//2294 2288//2288
f 2320//2320 2315//2315 2321//2321
f 2328//2328 2332//2332 2330//2330
f 3361//3361 2476//2476 2475//2475
f 3107//3107 3119//3119 2469//2469
f 2469//2469 2471//2471 3107//3107
f 2496//2496 3145//3145 2497//2497
f 2503//2503 2509//2509 2504//2504
f 2561//2561 3069//3069 2562//2562
f 2593//2593 3304//3304 2594//2594
f 2630//2630 3006//3006 2631//2631
f 2637//2637 2638//2638 2649//2649
f 2648//2648 3405//3405 2640//2640
f 3935//3935 2730//2730 2732//2732
f 2782//2782 2764//2764 2783//2783
f 3587//3587 2790//2790 3598//3598
f 2846//2846 2845//2845 3878//3878
f 2856//2856 2742//2742 3597//3597
f 2889//2889 2881//2881 2892//2892 2891//2891
f 2938//2938 2936//2936 2918//2918
f 2955//2955 2389//2389 2391//2391
f 2990//2990 2404//2404 2978//2978
f 2410//2410 3218//3218 3001//3001
f 3042//3042 3045//3045 3044//3044
f 3046//3046 2443//2443 3047//3047
f 2432//2432 2435//2435 2434//2434
f 2440//2440 3057//3057 3059//3059
f 3064//3064 3270//3270 3056//3056
f 3115//3115 3129//3129 3113//3113
f 2472//2472 2474//2474 3095//3095
f 3128//3128 2470//2470 2469//2469
f 3133//3133 2488//2488 2487//2487
f 3213//3213 3232//3232 2518//2518
f 3001//3001 3218//3218 3238//3238
f 3233//3233 3788//3788 3234//3234
f 3250//3250 3535//3535 3231//3231
f 3255//3255 3256//3256 3254//3254
f 3064//3064 3278//3278 3271//3271
f 3332//3332 2612//2612 3344//3344
f 3128//3128 3340//3340 3331//3331
f 3353//3353 3351//3351 3333//3333
f 2807//2807 3613//3613 3337//3337
f 3362//3362 3399//3399 2997//2997
f 3369//3369 2635//2635 2634//2634
f 2636//2636 2642//2642 2626//2626
f 3377//3377 3453//3453 3378//3378
f 2661//2661 2664//2664 3415//3415
f 3586//3586 3589//3589 3415//3415
f 3135//3135 3442//3442 3134//3134
f 3458//3458 3809//3809 3437//3437
f 3439//3439 3458//3458 3437//3437
f 3441//3441 3450//3450 3442//3442
f 3387//3387 3378//3378 3453//3453
f 3441//3441 3464//3464 3449//3449
f 3459//3459 2693//2693 3400//3400
f 2696//2696 2699//2699 3454//3454
f 3517//3517 3691//3691 3529//3529
f 2750//2750 2749//2749 2746//2746
f 3607//3607 3544//3544 3250//3250
f 2747//2747 2763//2763 2765//2765
f 2765//2765 3566//3566 3557//3557
f 3567//3567 3391//3391 3557//3557
f 3569//3569 2773//2773 2774//2774
f 2663//2663 3586//3586 3415//3415
f 3584//3584 3578//3578 2840//2840
f 3612//3612 3613//3613 2807//2807
f 3635//3635 3634//3634 3645//3645
f 2834//2834 3661//3661 3986//3986
f 3685//3685 3797//3797 3688//3688
f 2738//2738 3523//3523 2871//2871
f 2868//2868 2876//2876 3692//3692
f 3724//3724 3719//3719 3727//3727
f 3765//3765 3735//3735 3764//3764
f 3741//3741 3743//3743 3740//3740
f 3765//3765 3767//3767 3742//3742
f 2628//2628 2960//2960 2986//2986
f 2917//2917 2912//2912 3143//3143
f 2513//2513 3208//3208 3194//3194
f 3125//3125 3130//3130 3129//3129
f 3610//3610 3345//3345 3338//3338
f 3097//3097 3440//3440 3787//3787
f 3989//3989 1887//1887 1886//1886
f 2120//2120 3831//3831 3976//3976
f 2250//2250 2238//2238 2251//2251
f 1746//1746 1766//1766 1763//1763
f 3863//3863 2091//2091 2090//2090
f 3874//3874 2228//2228 3875//3875
f 3879//3879 1995//1995 1996//1996
f 1742//1742 1748//1748 1758//1758
f 2133//2133 2131//2131 2128//2128
f 3468//3468 3393//3393 2705//2705
f 1874//1874 1863//1863 1868//1868
f 2299//2299 2303//2303 2300//2300
f 3888//3888 3887//3887 2330//2330 2339//2339
f 3680//3680 2859//2859 2875//2875
f 3567//3567 2659//2659 3403//3403
f 3137//3137 2897//2897 2350//2350
f 1840//1840 1833//1833 3996//3996
f 1973//1973 1983//1983 1977//1977
f 3081//3081 3843//3843 3775//3775
f 3121//3121 3810//3810 3842//3842
f 3305//3305 2597//2597 2596//2596
f 3418//3418 2665//2665 2668//2668
f 2710//2710 2718//2718 2711//2711
f 3794//3794 2832//2832 2831//2831
f 1923//1923 3893//3893 1933//1933
f 3823//3823 2080//2080 2069//2069
f 3883//3883 2152//2152 2172//2172
f 2207//2207 2255//2255 3978//3978
f 3589//3589 2670//2670 3415//3415
f 2775//2775 2774//2774 3546//3546
f 3878//3878 2845//2845 3655//3655
f 3347//3347 2819//2819 3614//3614
f 2263//2263 2241//2241 2250//2250
f 3937//3937 1823//1823 1836//1836
f 1713//1713 1720//1720 1781//1781
f 2056//2056 2021//2021 2020//2020
f 3992//3992 3909//3909 2117//2117
f 2731//2731 3423//3423 2742//2742
f 2875//2875 2877//2877 3687//3687
f 2639//2639 2641//2641 3369//3369
f 3624//3624 3636//3636 2618//2618
f 2190//2190 2203//2203 2208//2208
f 1865//1865 1862//1862 1858//1858
f 1861//1861 1893//1893 1877//1877
f 2624//2624 2994//2994 3111//3111
f 3145//3145 2493//2493 2500//2500
f 1787//1787 3969//3969 1792//1792
f 1807//1807 1820//1820 1819//1819
f 3892//3892 1851//1851 1850//1850
f 1910//1910 3851//3851 3991//3991
vn 0.70829403400421143 0.7059059739112854 0.0040412400849163532
vn 0.7020951509475708 0.71175074577331543 0.021753806620836258
vn 0.70948988199234009 0.70456278324127197 0.014677006751298904
vn 0.70938408374786377 0.70454174280166626 0.019878474995493889
vn 0.70505267381668091 0.70878511667251587 0.02289954200387001
vn 0.70651614665985107 0.70678055286407471 0.036003079265356064
vn 0.70438504219055176 -0.70886999368667603 0.036675598472356796
vn 0.70557987689971924 -0.70840471982955933 0.01788167841732502
vn 0.71338880062103271 -0.70019078254699707 0.02844838984310627
vn 0.71060079336166382 -0.70347493886947632 0.01301887258887291
vn 0.70540100336074829 -0.70880156755447388 0.003133643651381135
vn 0.7128455638885498 -0.70120179653167725 0.012931616045534611
vn 0.71370422840118408 -0.23213717341423035 -0.6608620285987854
vn 0.68154686689376831 -0.64330869913101196 -0.34878045320510864
vn 0.68686395883560181 0.13065305352210999 -0.71494597196578979
vn 0.69788867235183716 -0.66927146911621094 -0.25500407814979553
vn 0.00076182803604751825 0.93612152338027954 0.35167577862739563
vn 0.00065046572126448154 0.94474643468856812 0.32780131697654724
vn -0.0021207998506724834 0.37534189224243164 0.9268839955329895
vn 0.90249496698379517 -0.38352659344673157 0.19598515331745148
vn 0.99946784973144531 0.032494638115167618 0.0028404616750776768
vn 0.99995309114456177 0.0063922330737113953 -0.0072779678739607334
vn 0.99919134378433228 -0.03441634401679039 0.020788967609405518
vn 0.89550411701202393 -0.444832444190979 0.014016596600413322
vn 0.99944025278091431 0.032602109014987946 -0.0074992519803345203
vn 0.99900168180465698 0.017552532255649567 0.041079610586166382
vn 0.89864259958267212 -0.43698179721832275 0.038579512387514114
vn 0.87322217226028442 -0.4873211681842804 -0.0010392592521384358
vn 0.81349438428878784 -0.57983303070068359 0.044950779527425766
vn 0.99743175506591797 0.032192833721637726 0.063980549573898315
vn 0.0013216853840276599 -0.92703795433044434 -0.3749651312828064
vn 0.0036956840194761753 -0.32747247815132141 -0.94485348463058472
vn 0.0009503026376478374 -0.96180635690689087 -0.27372902631759644
vn 4.4869543671666179E-06 -1 -4.6280689502964378E-08
vn -8.1255935313606642E-09 -1 0
vn -4.0378033361321286E-08 -1 -8.0857676110213106E-10
vn 0 -1 0
vn 2.7825099095935002E-06 -1 1.933476880822127E-07
vn -4.0597202314529568E-05 -1 -2.0115525956043712E-07
vn -1.4583147276425734E-05 -1 7.5404057042760542E-07
vn 0.8075287938117981 0.58807885646820068 0.045392736792564392
vn 0.99784880876541138 -0.013181526213884354 0.064218208193778992
vn 0.96694290637969971 0.25137883424758911 0.042779631912708282
vn 0.86570918560028076 0.50012803077697754 0.020482541993260384
vn 0.9990386962890625 0.024913152679800987 0.036068905144929886
vn 0.99948877096176147 0.030228560790419579 0.010411277413368225
vn 0.94426804780960083 0.068798378109931946 0.32190787792205811
vn 0.78190737962722778 -0.49701574444770813 0.37629273533821106
vn 0.68035507202148438 -0.39871174097061157 0.61493569612503052
vn 0.99701142311096191 -0.0013044232036918402 0.077243253588676453
vn 0.89405184984207153 0.41762852668762207 -0.1620422750711441
vn 0.99169629812240601 0.10780347883701324 -0.070120163261890411
vn 3.7315655845304718E-06 1 2.5347640075779054E-07
vn 1.4215081137081143E-05 1 7.3844728376570856E-07
vn -1.1688086487993132E-05 1 2.1567958086166072E-08
vn -2.0122632122365758E-05 1 -9.8805884363173391E-08
vn -1.2771413821610622E-05 1 -1.5643958022337756E-06
vn -3.5486300475895405E-05 1 -1.9277786122984253E-06
vn 0.70767730474472046 0.64058321714401245 0.29807037115097046
vn 0.69260644912719727 0.16714420914649963 0.70168304443359375
vn 0.67676585912704468 0.44541805982589722 0.5861661434173584
vn 0.99984115362167358 0.015891261398792267 0.0080711506307125092
vn 0.84805053472518921 0.40141740441322327 0.34593984484672546
vn 0.9991568922996521 0.0043352013453841209 0.040824774652719498
vn 0.99507361650466919 -0.034534629434347153 0.0929294154047966
vn 0.99942022562026978 0.0015734833432361484 0.034009966999292374
vn 0.91988694667816162 -0.33636492490768433 -0.20165981352329254
vn 0.90943807363510132 -0.32504165172576904 0.25936517119407654
vn 0.99988377094268799 0.014016661792993546 -0.0059997867792844772
vn 0.94286209344863892 0.33314812183380127 -0.0048363409005105495
vn 7.3738360697461758E-06 1 1.9688833674535999E-07
vn 0.99802350997924805 -0.034213054925203323 0.052711762487888336
vn 0.98896050453186035 0.044641558080911636 -0.14129483699798584
vn 0.77613192796707153 -0.40523034334182739 -0.48312279582023621
vn 0.66890865564346313 0.74333763122558594 0.0032277163118124008
vn 0.89507156610488892 0.090700216591358185 -0.43660089373588562
vn 0.99130761623382568 -0.059338338673114777 0.11742301285266876
vn 0.81573057174682617 0.47453141212463379 -0.33076205849647522
vn 0.63390904664993286 0.56471240520477295 -0.52844983339309692
vn 0.6126365065574646 -0.12980657815933228 -0.77963244915008545
vn -0.0020667209755629301 -0.1098007932305336 0.99395143985748291
vn -0.002742034150287509 -0.24202202260494232 0.97026687860488892
vn 0.70416295528411865 0.70908439159393311 0.036795921623706818
vn 0.70648568868637085 -0.70674794912338257 0.037220548838376999
vn 0.71055221557617188 -0.7036442756652832 0.00054879218805581331
vn 0.00060818693600594997 -0.97998344898223877 0.19907790422439575
vn 0.0012088955845683813 -0.95940983295440674 0.28201287984848022
vn -0.0023118709214031696 -0.46368542313575745 0.88599687814712524
vn 0.98233127593994141 0.17617519199848175 0.063147030770778656
vn 0.93328362703323364 -0.057157684117555618 0.35456264019012451
vn 0.50977367162704468 0.6468779444694519 0.56716817617416382
vn 0.69795650243759155 -0.69704234600067139 0.16428238153457642
vn 0.61567074060440063 -0.46509987115859985 0.63610661029815674
vn 0.8900335431098938 -0.036493174731731415 -0.45443207025527954
usemtl vc_000000__Personalizza
f 3999//3999 4000//4000 4001//4001
f 4002//4002 4003//4003 4004//4004
f 4005//4005 4006//4006 4007//4007
f 4008//4008 4007//4007 4006//4006
f 4006//4006 4009//4009 4010//4010
f 4011//4011 4012//4012 4013//4013
f 4012//4012 4011//4011 4014//4014
f 4015//4015 4016//4016 4017//4017
f 4018//4018 4019//4019 4020//4020
f 4021//4021 4022//4022 4023//4023
f 4024//4024 4025//4025 4021//4021
f 4023//4023 4022//4022 4026//4026
f 4027//4027 4025//4025 4028//4028
f 4029//4029 4030//4030 4031//4031
f 4032//4032 4033//4033 4034//4034
f 4033//4033 4035//4035 4034//4034
f 4032//4032 4034//4034 4036//4036
f 4037//4037 4038//4038 4036//4036
f 4039//4039 4040//4040 4041//4041
f 4042//4042 4039//4039 4041//4041
f 4041//4041 4040//4040 4043//4043
f 4041//4041 4043//4043 4042//4042
f 4044//4044 4042//4042 4043//4043
f 4045//4045 4046//4046 4047//4047
f 4048//4048 4049//4049 4050//4050
f 4051//4051 4052//4052 4053//4053
f 4053//4053 4054//4054 4051//4051
f 4055//4055 4052//4052 4056//4056
f 4057//4057 4058//4058 4059//4059
f 4060//4060 4061//4061 4062//4062
f 4063//4063 4064//4064 4065//4065
f 4019//4019 4018//4018 4066//4066
f 4067//4067 4068//4068 4044//4044
f 4052//4052 4051//4051 4069//4069
f 4071//4071 4092//4092 4072//4072 4070//4070
f 4073//4073 4042//4042 4068//4068
f 4074//4074 4075//4075 4076//4076
f 4074//4074 4077//4077 4078//4078
f 4076//4076 4077//4077 4074//4074
f 4017//4017 4079//4079 4080//4080
f 4025//4025 4024//4024 4028//4028
f 4042//4042 4044//4044 4068//4068
f 4004//4004 4003//4003 4081//4081
f 4007//4007 4082//4082 4005//4005
f 4009//4009 4083//4083 4010//4010
f 4084//4084 4085//4085 4086//4086
f 4087//4087 4088//4088 4089//4089
f 4018//4018 4090//4090 4091//4091
f 4025//4025 4022//4022 4021//4021
f 4038//4038 4032//4032 4036//4036
f 4052//4052 4069//4069 4056//4056
vn 0.99859988689422607 -0.029697580263018608 0.04377543181180954
vn 0.99849313497543335 -0.021259533241391182 0.050591073930263519
vn 0.99442636966705322 0.090072751045227051 0.054800968617200851
vn 0.99893182516098022 0.0062088947743177414 0.045789528638124466
vn 0.99888759851455688 0.02200271375477314 0.041705973446369171
vn 0.99415236711502075 0.09818597137928009 0.044950481504201889
vn 0.99945396184921265 0.010986767709255219 0.031162882223725319
vn 0.98844492435455322 0.14900152385234833 0.02784278616309166
vn 0.99552649259567261 -0.092567317187786102 0.018928259611129761
vn 0.99107015132904053 -0.13016453385353088 0.028934037312865257
vn 0.99978399276733398 -0.020006708800792694 0.0056312233209609985
vn 0.99670147895812988 0.077979646623134613 0.022480480372905731
vn 0.99923306703567505 0.037705585360527039 0.010559845715761185
vn 0.99888932704925537 0.046836860477924347 0.005142665933817625
vn 0.998340904712677 0.056164801120758057 0.012686297297477722
vn 0.9954293966293335 0.09550049901008606 1.6431418771389872E-05
vn 0.99991965293884277 0.0025188080035150051 0.012422970496118069
vn 0.99977856874465942 -0.015619772486388683 0.014101835899055004
vn 0.99384993314743042 -0.1107281893491745 -0.0012637206818908453
vn 0.9947323203086853 -0.084781229496002197 0.057616941630840302
usemtl vc_FFFFFF__Default
f 4093//4093 4094//4094 4095//4095
f 4093//4093 4095//4095 4097//4097 4096//4096
f 4096//4096 4098//4098 4093//4093
f 4099//4099 4098//4098 4100//4100
f 4101//4101 4102//4102 4099//4099
f 4101//4101 4103//4103 4102//4102
f 4099//4099 4104//4104 4101//4101
f 4104//4104 4105//4105 4101//4101
f 4100//4100 4106//4106 4104//4104
f 4107//4107 4108//4108 4109//4109
f 4110//4110 4107//4107 4109//4109
f 4111//4111 4110//4110 4105//4105
f 4111//4111 4105//4105 4106//4106
f 4096//4096 4097//4097 4112//4112
f 4093//4093 4099//4099 4094//4094
f 4108//4108 4103//4103 4109//4109
f 4110//4110 4109//4109 4105//4105
f 4093//4093 4098//4098 4099//4099
f 4104//4104 4099//4099 4100//4100
f 4103//4103 4101//4101 4109//4109
f 4096//4096 4112//4112 4098//4098
f 4105//4105 4109//4109 4101//4101
f 4106//4106 4105//4105 4104//4104
f 4099//4099 4102//4102 4094//4094
