5.957755539087559874e-04 -2.821041246142829140e-01 -1.085729044472763267e-03 1.352458986379071193e-01 2.591598881810819755e-03 -1.508513457276064625e-03 6.870509113860893968e-02 1.027714850621824945e-02 1.462175077753254755e-04 1.353701277623653720e-01 -2.483728583397233451e-03 1.793737286090904114e-03 6.851695374341641720e-02 1.036776218807458801e-02 -1.718387692653338642e-04 -1.220739719913807423e-04 -4.413679098411924222e-04 -2.256311809057743867e-01 0.000000000000000000e+00 0.000000000000000000e+00 0.000000000000000000e+00 0.000000000000000000e+00 0.000000000000000000e+00 0.000000000000000000e+00 0.000000000000000000e+00 0.000000000000000000e+00 0.000000000000000000e+00 0.000000000000000000e+00 0.000000000000000000e+00 0.000000000000000000e+00 0.000000000000000000e+00 0.000000000000000000e+00 8.347369337096800572e-07 -3.173199735404987477e-04 -1.096240760590134662e-06 1.190548026836646688e-04 2.068764876758728554e-06 -1.228793477650608277e-06 6.028161389801396083e-05 9.101690634604035440e-06 1.186092647234221122e-07 1.193007949537136416e-04 -1.937175393125632618e-06 1.454517037318927468e-06 6.006933538758814822e-05 9.222428026836697256e-06 -1.402914354030524340e-07 -1.025338087582255150e-07 -8.644407479995054820e-07 -3.779114279041877579e-04 0.000000000000000000e+00 0.000000000000000000e+00 0.000000000000000000e+00 0.000000000000000000e+00 0.000000000000000000e+00 0.000000000000000000e+00 0.000000000000000000e+00 0.000000000000000000e+00 0.000000000000000000e+00 0.000000000000000000e+00 0.000000000000000000e+00 0.000000000000000000e+00 0.000000000000000000e+00 0.000000000000000000e+00 0.000000000000000000e+00 0.000000000000000000e+00 0.000000000000000000e+00 1.153945660427631715e-04 -3.387559205429247931e-07 -1.041271697300549969e-06
1.157629273119733371e-04 7.733218132742350737e-07 -2.671663036619313577e-06 3.098950594084065591e-01 -6.278416666116162434e-04 2.064140336185982597e-03 3.103435444004581378e-01 1.650025224479708752e-03 6.742935055434653427e-04 -2.688601182090182840e-01 -3.807724348975043268e-04 1.338250155237976843e-02 -6.444828570738421686e-04 -1.082609325405994305e-01 7.534738383567526898e-02 9.462631889785903805e-03 -1.988399281005517969e-03 -6.638041734563482864e-03 5.323192605741351420e-04 -1.081210249041552468e-01 7.575148243618107236e-02 -9.806546764953292736e-03 1.924801594349038157e-03 -6.642278497023359693e-03 1.065471447947523992e-02 2.170332671040760830e-01 -2.166910673222882363e-04 0.000000000000000000e+00 0.000000000000000000e+00 0.000000000000000000e+00 0.000000000000000000e+00 0.000000000000000000e+00 0.000000000000000000e+00 0.000000000000000000e+00 0.000000000000000000e+00 0.000000000000000000e+00 0.000000000000000000e+00 0.000000000000000000e+00 0.000000000000000000e+00 0.000000000000000000e+00 0.000000000000000000e+00 -2.832287932768210825e-04 -2.440261793658230528e-07 1.449704819982547204e-05 -1.632752581070980830e-06 -9.175702603247863165e-05 6.396246817987703685e-05 1.444059829457964944e-05 -3.577659468145119612e-06 -5.666039091902296841e-06 1.396718090686655182e-06 -9.178637498519371253e-05 6.440359502431149304e-05 -1.488013037699095160e-05 3.513618506576663967e-06 -5.671399272527557036e-06 1.738529952513778609e-05 3.467172584577447566e-04 -2.294479051321474138e-07 0.000000000000000000e+00 0.000000000000000000e+00 0.000000000000000000e+00 0.000000000000000000e+00 0.000000000000000000e+00 0.000000000000000000e+00 0.000000000000000000e+00 0.000000000000000000e+00 0.000000000000000000e+00 0.000000000000000000e+00 0.000000000000000000e+00
0.000000000000000000e+00 0.000000000000000000e+00 0.000000000000000000e+00 0.000000000000000000e+00 0.000000000000000000e+00 0.000000000000000000e+00 3.162785737884234483e-06 -1.113693818813698801e-04 9.016197235295965754e-05 -2.825488707591651772e-06 -1.111774366268744363e-04 -9.096261118349274625e-05 3.652108714184055908e-03 -3.139578301281046868e-01 7.039046077985214311e-02 -2.558423548579954240e-03 -3.138989108873879719e-01 -7.238810197456577167e-02 -1.358881659973317359e-04 -1.593872111756993934e-02 -1.390382043584583131e-05 8.343480247794791971e-03 -4.263161551616958395e-03 2.566811838050610250e-03 -2.691290881775374941e-02 8.787798011252087246e-03 -5.082138857584722766e-06 7.969261213415193557e-03 4.104291666508846741e-03 -2.477197952639292530e-03 -2.738331465573650564e-02 8.756693103980365406e-03 2.067870525376740444e-05 2.215315110008587304e-05 1.059149380741564151e-04 -1.137753900367798748e-02 0.000000000000000000e+00 0.000000000000000000e+00 0.000000000000000000e+00 0.000000000000000000e+00 0.000000000000000000e+00 0.000000000000000000e+00 0.000000000000000000e+00 0.000000000000000000e+00 0.000000000000000000e+00 0.000000000000000000e+00 0.000000000000000000e+00 0.000000000000000000e+00 0.000000000000000000e+00 0.000000000000000000e+00 -1.362297192291281390e-07 -1.630782126702610738e-05 -2.710800916413631637e-09 6.219003397546953337e-06 -2.030217163971771423e-06 1.083779098228517940e-06 -1.607071091497050804e-05 5.489920314917600475e-06 1.248980271320978783e-08 6.044700166661534303e-06 1.904961981012255527e-06 -1.003038251527494978e-06 -1.636089302496645403e-05 5.479318704251497081e-06 -5.475191236143147282e-09 4.263771115326567344e-08 1.625002745684689776e-07 -1.781999847146443380e-05 0.000000000000000000e+00 0.000000000000000000e+00
0.000000000000000000e+00 0.000000000000000000e+00 0.000000000000000000e+00 0.000000000000000000e+00 0.000000000000000000e+00 0.000000000000000000e+00 0.000000000000000000e+00 0.000000000000000000e+00 0.000000000000000000e+00 0.000000000000000000e+00 0.000000000000000000e+00 0.000000000000000000e+00 0.000000000000000000e+00 0.000000000000000000e+00 0.000000000000000000e+00 2.026487718340468404e-06 1.679219054595823549e-06 -5.748629381450291086e-05 2.189005479673086470e-06 -1.371651348330989397e-06 -5.768507831875761474e-05 -2.200192149625681323e-03 4.110823848979425384e-03 -3.649881608484268347e-01 -1.851604735404913582e-03 -1.661345671704571141e-03 -3.651317020228799226e-01 4.647247247451901653e-01 6.123918560602181543e-04 1.994102256142678015e-03 3.762485515070253250e-03 -2.322213247514257756e-02 1.590244840413931535e-02 -8.556063010005311720e-03 3.151783775363904173e-03 -1.290528213664568231e-03 -3.592346163232886143e-03 -2.294024570177368577e-02 1.581459262226093954e-02 8.693567931926542147e-03 -3.145430760527372690e-03 -1.290280037527662387e-03 1.353344883007637093e-03 -3.500546003335074374e-01 3.521941472366490978e-04 0.000000000000000000e+00 0.000000000000000000e+00 0.000000000000000000e+00 0.000000000000000000e+00 0.000000000000000000e+00 0.000000000000000000e+00 0.000000000000000000e+00 0.000000000000000000e+00 0.000000000000000000e+00 0.000000000000000000e+00 0.000000000000000000e+00 0.000000000000000000e+00 0.000000000000000000e+00 0.000000000000000000e+00 3.197287751457036724e-04 1.871769021714825855e-07 -3.347718972913315333e-06 5.033657784184770859e-06 2.229552147772968342e-05 -1.576881584063205300e-05 -1.431424892357332845e-05 4.647114043262785363e-06 1.481878386029998625e-06 -4.731038985599836932e-06 2.252103921469321619e-05
-1.602765312688964240e-05 1.467560686859080513e-05 -4.611494739893414243e-06 1.482846827276117227e-06 -2.347321785364518188e-06 -4.328262443038401034e-04 2.535493134182284337e-07 0.000000000000000000e+00 0.000000000000000000e+00 0.000000000000000000e+00 0.000000000000000000e+00 0.000000000000000000e+00 0.000000000000000000e+00 0.000000000000000000e+00 0.000000000000000000e+00 0.000000000000000000e+00 0.000000000000000000e+00 0.000000000000000000e+00 0.000000000000000000e+00 0.000000000000000000e+00 0.000000000000000000e+00 0.000000000000000000e+00 0.000000000000000000e+00 0.000000000000000000e+00 -1.953623670845404862e-07 7.482557481843977077e-05 -1.053593705903428966e-04 7.270940553303750566e-09 7.444385851852952033e-05 1.059337356481638762e-04 1.206586302519858716e-03 -7.970607629741614797e-02 -1.143731862824558382e-01 -9.893290641832517586e-04 -8.012978485334916467e-02 1.137577155970442150e-01 9.717745045065086284e-04 -4.877803910014624211e-01 -1.632044231652685562e-03 -2.683422969952946671e-02 -4.517906962952635084e-04 2.223064177967271418e-04 -1.325662371396049699e-02 -2.139074783997731675e-03 -3.127638688288921322e-05 -2.663935361562201967e-02 4.490020460997029344e-04 -2.899353321423811525e-04 -1.328961441666936909e-02 -2.091875174391424896e-03 3.554484443381213126e-05 -1.444437109944916846e-05 -6.531993523333222721e-04 -3.662353989028521162e-01 0.000000000000000000e+00 0.000000000000000000e+00 0.000000000000000000e+00 0.000000000000000000e+00 0.000000000000000000e+00 0.000000000000000000e+00 0.000000000000000000e+00 0.000000000000000000e+00 0.000000000000000000e+00 0.000000000000000000e+00 0.000000000000000000e+00 0.000000000000000000e+00 0.000000000000000000e+00 0.000000000000000000e+00 9.373678653249096821e-07 -3.596573205903446789e-04
-1.085698875647197423e-06 3.197409239472627182e-05 6.974346126992640990e-07 -4.400618328950470755e-07 1.597248603278998201e-05 2.501634661191264865e-06 3.531064535828419029e-08 3.216751087024264673e-05 -6.166012682873612176e-07 4.662919173008747791e-07 1.579739878876671304e-05 2.590954280304203000e-06 -3.991942516901931818e-08 7.630765766637286067e-08 -1.018950639789809192e-06 -4.737938575413762018e-04 0.000000000000000000e+00 0.000000000000000000e+00 0.000000000000000000e+00 0.000000000000000000e+00 0.000000000000000000e+00 0.000000000000000000e+00 0.000000000000000000e+00 0.000000000000000000e+00 0.000000000000000000e+00 0.000000000000000000e+00 0.000000000000000000e+00 0.000000000000000000e+00 0.000000000000000000e+00 0.000000000000000000e+00 0.000000000000000000e+00 0.000000000000000000e+00 0.000000000000000000e+00 7.586505612785639729e-05 7.132742341617861915e-07 -3.275431951750109910e-06 7.606663068447507643e-05 -3.904086590618885344e-07 -4.919261485416460271e-06 -8.082387905900306757e-02 5.458170611115104737e-04 5.182319815431814421e-03 -8.057952997537536077e-02 -8.780624484147727445e-04 3.552726043605127296e-03 -1.655547324945216186e-03 1.664194980111443310e-03 -5.235522123398709260e-01 -4.408575822865714450e-02 -2.375506981832051744e-03 1.458694224595411459e-03 -2.217698561387640779e-02 -3.397706022659965821e-03 -1.347349109806410619e-04 4.402966242090790988e-02 -1.768420907724525034e-03 1.163344556634845605e-03 2.212653659726339025e-02 3.408012856341350021e-03 -1.085092831409881952e-04 -3.856708140448151245e-01 1.342140366520467752e-03 5.414316620416233326e-04 0.000000000000000000e+00 0.000000000000000000e+00 0.000000000000000000e+00 0.000000000000000000e+00 0.000000000000000000e+00 0.000000000000000000e+00 0.000000000000000000e+00
0.000000000000000000e+00 0.000000000000000000e+00 0.000000000000000000e+00 0.000000000000000000e+00 0.000000000000000000e+00 0.000000000000000000e+00 0.000000000000000000e+00 2.046389476891152724e-06 1.075878916619304018e-06 -2.761324164822499512e-04 -5.042484501916832360e-05 -1.661153448767300607e-07 8.906376850998553242e-09 -2.548942341894435565e-05 -3.868066385780638060e-06 -9.634484214828199412e-09 5.037548869962385045e-05 5.309530978315058649e-07 -3.357783522203107389e-07 2.544693263566383005e-05 3.881338898326210042e-06 2.062854249767706876e-08 -4.057222955303432148e-04 -2.324393270942553356e-06 7.185736161562115064e-07 0.000000000000000000e+00 0.000000000000000000e+00 0.000000000000000000e+00 0.000000000000000000e+00 0.000000000000000000e+00 0.000000000000000000e+00 0.000000000000000000e+00 0.000000000000000000e+00 0.000000000000000000e+00 0.000000000000000000e+00 0.000000000000000000e+00 0.000000000000000000e+00 0.000000000000000000e+00 0.000000000000000000e+00 0.000000000000000000e+00 0.000000000000000000e+00 0.000000000000000000e+00 -5.837094815011075719e-05 3.215962045308363257e-06 1.685445793699143622e-07 5.837577102827059709e-05 4.408572509144581468e-06 -1.330806092795785338e-07 -9.491537532026315949e-02 -5.107430037464096538e-03 1.405116298407670409e-03 9.488861140323548438e-02 -3.197143241731207047e-03 -1.439551873243188548e-03 2.011891978644011775e-03 1.686107439453912379e-02 2.442374634541665673e-02 5.500850215846458946e-01 -1.319161861720328892e-03 7.455468550305033564e-04 -3.332867947355291210e-02 -5.479888178318736112e-03 -8.437415777489498485e-05 5.050559881868884465e-02 -9.746001865448035298e-04 7.126422207573504270e-04 2.464563511828704936e-02 4.107285064052574458e-03 -7.414277493074272643e-05 1.943447872549310465e-02
-1.686277712293112428e-03 9.864046991709049528e-03 0.000000000000000000e+00 0.000000000000000000e+00 0.000000000000000000e+00 0.000000000000000000e+00 0.000000000000000000e+00 0.000000000000000000e+00 0.000000000000000000e+00 0.000000000000000000e+00 0.000000000000000000e+00 0.000000000000000000e+00 0.000000000000000000e+00 0.000000000000000000e+00 0.000000000000000000e+00 0.000000000000000000e+00 2.358577352696803783e-06 -1.919651113237537797e-05 2.201492446466995958e-05 1.815140810211025846e-04 -5.345320764809461770e-07 2.926732114909184197e-07 -1.432770337909480303e-05 -2.442656443279923211e-06 -3.590598128022393768e-08 4.938001858647911502e-05 -8.775228401036433924e-07 6.458749970974426377e-07 2.402458020135277820e-05 4.034595144219681856e-06 -6.805385426746159329e-08 2.783839101860782953e-05 -2.787995962815150409e-06 -1.279111504129896965e-05 0.000000000000000000e+00 0.000000000000000000e+00 0.000000000000000000e+00 0.000000000000000000e+00 0.000000000000000000e+00 0.000000000000000000e+00 0.000000000000000000e+00 0.000000000000000000e+00 0.000000000000000000e+00 0.000000000000000000e+00 0.000000000000000000e+00 0.000000000000000000e+00 0.000000000000000000e+00 0.000000000000000000e+00 0.000000000000000000e+00 0.000000000000000000e+00 0.000000000000000000e+00 -3.281000820839714604e-06 -8.313464151266322148e-09 2.166793197986468486e-06 5.067574586650238895e-05 1.860232173252339079e-07 -5.293759196568254749e-06 -1.642660003896147525e-01 -2.293984786330879584e-04 1.334052639248198453e-02 1.086420074182591067e-01 7.540172900340110776e-05 -9.662461507184449613e-03 -1.442662333899569563e-02 1.687552488745528085e-04 1.415435961553228794e-03 -1.319161861720328892e-03 5.697790413458830860e-01 3.330399271888551116e-02 1.377910463644102588e-04
-2.645093734058742393e-05 -2.868749653243109210e-03 9.849081968433051615e-04 3.652236481158248338e-02 -2.550664986753093180e-02 1.716886810455348598e-03 1.883210867600617423e-05 2.189233021070358196e-03 9.790536287824355352e-04 8.739290039896461387e-03 1.171716017415320570e-04 0.000000000000000000e+00 0.000000000000000000e+00 0.000000000000000000e+00 0.000000000000000000e+00 0.000000000000000000e+00 0.000000000000000000e+00 0.000000000000000000e+00 0.000000000000000000e+00 0.000000000000000000e+00 0.000000000000000000e+00 0.000000000000000000e+00 0.000000000000000000e+00 0.000000000000000000e+00 0.000000000000000000e+00 1.372933858086824241e-05 -4.714908766519344158e-07 -1.539147554461188829e-07 -5.345320765169294072e-07 1.868143726802368133e-04 1.678232014181946322e-05 -3.399052453080596764e-07 1.186995038403717291e-07 -1.445666646399952769e-06 8.809982632836309541e-07 3.677674883957216694e-05 -2.568897839899645614e-05 2.228032869585282619e-06 -1.342712336997068622e-07 2.210001036639333655e-06 2.692935508360244419e-07 -8.537912893432720438e-06 -3.122801196281609532e-07 0.000000000000000000e+00 0.000000000000000000e+00 0.000000000000000000e+00 0.000000000000000000e+00 0.000000000000000000e+00 0.000000000000000000e+00 0.000000000000000000e+00 0.000000000000000000e+00 0.000000000000000000e+00 0.000000000000000000e+00 0.000000000000000000e+00 0.000000000000000000e+00 0.000000000000000000e+00 0.000000000000000000e+00 0.000000000000000000e+00 0.000000000000000000e+00 0.000000000000000000e+00 -2.335786301740818254e-07 -1.004992545771913905e-05 -4.637885201477349748e-06 1.134000112783108482e-06 4.857274458030776468e-05 6.467995281535405168e-06 -3.151709734332527445e-03 -1.430436814044832305e-01 -4.643090716885338309e-03 2.067578959354437074e-03
9.775659359941403503e-02 2.399033603648910874e-03 9.867508114577991721e-03 -6.535588313551580748e-05 -8.768182552644710392e-04 7.455468550305033564e-04 3.330399271888551116e-02 5.948254289966636854e-01 -1.878917676152462221e-04 3.518373812395882377e-06 1.992959328928092973e-03 -5.864963198593083548e-04 -2.534511451859209133e-02 1.768840130131231134e-02 -1.145209230854360048e-03 4.818506234199943256e-07 -1.520713013589749044e-03 -5.946849368338695411e-04 -5.970974438799419963e-03 -5.867615355932585071e-05 0.000000000000000000e+00 0.000000000000000000e+00 0.000000000000000000e+00 0.000000000000000000e+00 0.000000000000000000e+00 0.000000000000000000e+00 0.000000000000000000e+00 0.000000000000000000e+00 0.000000000000000000e+00 0.000000000000000000e+00 0.000000000000000000e+00 0.000000000000000000e+00 0.000000000000000000e+00 0.000000000000000000e+00 -9.625317434155172534e-06 3.291919079460562677e-07 1.411682319440228533e-07 2.926732114968564383e-07 1.678232014181946322e-05 1.994508636442990303e-04 2.025562158378308506e-07 -9.108345667175685177e-08 1.003970580059535665e-06 -5.185762596168220554e-07 -2.552623755026048774e-05 1.781721159648394845e-05 -1.504190292351074906e-06 1.072378203539758158e-07 -1.535903213197022925e-06 -1.292931473367857747e-07 6.088093783218530472e-06 1.828094872773577348e-07 0.000000000000000000e+00 0.000000000000000000e+00 0.000000000000000000e+00 0.000000000000000000e+00 0.000000000000000000e+00 0.000000000000000000e+00 0.000000000000000000e+00 0.000000000000000000e+00 0.000000000000000000e+00 0.000000000000000000e+00 0.000000000000000000e+00 0.000000000000000000e+00 0.000000000000000000e+00 0.000000000000000000e+00 0.000000000000000000e+00 0.000000000000000000e+00 0.000000000000000000e+00 1.613062505261976545e-07
6.956760955334617787e-06 3.246780681669441156e-06 -7.294349673398555119e-07 -3.367489723607498424e-05 -4.396092814153890339e-06 1.972979725301143503e-03 9.910419542904361223e-02 2.829438418834802869e-03 -1.293524091503364237e-03 -6.770926515755965047e-02 -1.413064222891701740e-03 -4.632947541377089098e-03 8.347973943053997592e-03 1.229420342237327532e-02 -3.332867947355291210e-02 1.377910463644102588e-04 -1.878917676152462221e-04 5.979607766573524774e-01 -1.725646670822556308e-03 2.841916012641080520e-05 2.473959274537912076e-02 -1.621667125914534689e-03 1.156164549449866354e-03 1.485320512888441309e-02 1.279983018405381548e-03 -7.972440090824888426e-05 9.777089941713659402e-03 3.905115692111109545e-03 4.856279027989891459e-03 0.000000000000000000e+00 0.000000000000000000e+00 0.000000000000000000e+00 0.000000000000000000e+00 0.000000000000000000e+00 0.000000000000000000e+00 0.000000000000000000e+00 0.000000000000000000e+00 0.000000000000000000e+00 0.000000000000000000e+00 0.000000000000000000e+00 0.000000000000000000e+00 0.000000000000000000e+00 0.000000000000000000e+00 -6.575840575694304557e-06 -9.582823951002071130e-06 1.114844158666575152e-05 -1.432770337909480303e-05 -3.399052453242210121e-07 2.025562158423010405e-07 2.022081239659747731e-04 -6.609722166412158131e-07 -1.057376975846117868e-08 2.413110357042666247e-05 -2.133105741318438149e-06 1.516297747794772680e-06 1.468850389676785379e-05 1.192094869884370063e-06 -1.085451742615163198e-07 1.405773002961090269e-05 7.604722945485136342e-06 -6.425658602905041700e-06 0.000000000000000000e+00 0.000000000000000000e+00 0.000000000000000000e+00 0.000000000000000000e+00 0.000000000000000000e+00 0.000000000000000000e+00 0.000000000000000000e+00 0.000000000000000000e+00 0.000000000000000000e+00
0.000000000000000000e+00 0.000000000000000000e+00 0.000000000000000000e+00 0.000000000000000000e+00 0.000000000000000000e+00 0.000000000000000000e+00 0.000000000000000000e+00 0.000000000000000000e+00 -1.539751245081500157e-06 -7.493905682290722898e-07 -3.205852328959239777e-06 2.576099242355744728e-05 -1.937473761413842175e-06 1.369731275446502238e-05 -8.353770799956450333e-02 4.110085175146010843e-03 -3.659035246392195601e-02 5.512251943085150208e-02 -1.551752646225666721e-03 2.439190229404976720e-02 1.711689390487173374e-03 1.342366842299662312e-03 1.881666597886724659e-03 -5.479888178318736112e-03 -2.645093734058742393e-05 3.518373812395882377e-06 -1.725646670822556308e-03 6.173468337749997703e-01 -9.323400028128948970e-06 4.079910641928773118e-03 -2.251198901387988390e-06 -1.757132868993548352e-06 1.253780788408176763e-03 5.238751031075641884e-04 -6.778848677350326555e-06 1.498271744381760246e-03 -1.421018609388137195e-03 7.893584803790122716e-04 0.000000000000000000e+00 0.000000000000000000e+00 0.000000000000000000e+00 0.000000000000000000e+00 0.000000000000000000e+00 0.000000000000000000e+00 0.000000000000000000e+00 0.000000000000000000e+00 0.000000000000000000e+00 0.000000000000000000e+00 0.000000000000000000e+00 0.000000000000000000e+00 0.000000000000000000e+00 0.000000000000000000e+00 2.126473152697662401e-06 -1.501863613331049705e-06 1.685822783093848472e-06 -2.442656443279923211e-06 1.186995038431783066e-07 -9.108345667331531298e-08 -6.609722166412158131e-07 2.108040315182857938e-04 2.960998296877742554e-09 4.004142493127142402e-06 1.509807990859973023e-07 -1.096056358661911864e-07 1.163584125206493585e-06 5.326594588411264797e-07 2.032884042811734058e-09 2.137697634261142353e-06 -2.512276054031735598e-06 -9.938564921453860722e-07
0.000000000000000000e+00 0.000000000000000000e+00 0.000000000000000000e+00 0.000000000000000000e+00 0.000000000000000000e+00 0.000000000000000000e+00 0.000000000000000000e+00 0.000000000000000000e+00 0.000000000000000000e+00 0.000000000000000000e+00 0.000000000000000000e+00 0.000000000000000000e+00 0.000000000000000000e+00 0.000000000000000000e+00 0.000000000000000000e+00 0.000000000000000000e+00 0.000000000000000000e+00 -2.814434768132640404e-07 2.434446213105167682e-07 1.322445092650301840e-06 3.849200652635371021e-06 2.796606545033513348e-07 -4.725483565710825286e-06 -1.247394739425857803e-02 -3.255996782692463076e-04 1.237388284917209993e-02 8.283569496462221335e-03 -1.213764589723025447e-04 -8.407177968706033844e-03 -8.068100965464581470e-04 4.266622792504588319e-05 8.016556937666960772e-05 -8.437415777489498485e-05 -2.868749653243109210e-03 1.992959328928092973e-03 2.841916012641080520e-05 -9.323400028128948970e-06 6.178621864380223760e-01 6.314236893394520181e-05 2.183153205591733485e-03 -1.526432599351695537e-03 7.668289715899578450e-05 7.437663927400844864e-06 1.364029599476343079e-04 5.517785099376399944e-05 4.783830000467542438e-04 1.054989877784414679e-05 0.000000000000000000e+00 0.000000000000000000e+00 0.000000000000000000e+00 0.000000000000000000e+00 0.000000000000000000e+00 0.000000000000000000e+00 0.000000000000000000e+00 0.000000000000000000e+00 0.000000000000000000e+00 0.000000000000000000e+00 0.000000000000000000e+00 0.000000000000000000e+00 0.000000000000000000e+00 0.000000000000000000e+00 8.856058318143481875e-07 1.186800630024910162e-08 -7.734969366518881637e-09 -3.590598127864678880e-08 -1.445666646399952769e-06 1.003970580059535665e-06 -1.057376975677960322e-08 2.960998296722193308e-09 2.110521952014065910e-04
5.682985968983056539e-08 2.204493445391662600e-06 -1.542164827447564401e-06 1.055068132648814728e-07 -1.292204765701355247e-09 1.384146741249301807e-07 1.642307894751724923e-08 -5.907419172500359999e-07 -1.298519747322648156e-08 0.000000000000000000e+00 0.000000000000000000e+00 0.000000000000000000e+00 0.000000000000000000e+00 0.000000000000000000e+00 0.000000000000000000e+00 0.000000000000000000e+00 0.000000000000000000e+00 0.000000000000000000e+00 0.000000000000000000e+00 0.000000000000000000e+00 0.000000000000000000e+00 0.000000000000000000e+00 0.000000000000000000e+00 0.000000000000000000e+00 0.000000000000000000e+00 0.000000000000000000e+00 -1.959841493888577327e-08 -6.145528238007644910e-07 -2.418952138843941030e-07 6.009602275361650054e-08 2.960751406461369321e-06 2.532376130475484393e-07 -1.751057525171695339e-04 -8.665942072904676483e-03 8.657662863155609050e-05 1.226984054341189454e-04 5.913857117632415755e-03 -1.050053025450990962e-04 -1.973691485760433687e-03 1.686068655674327621e-02 -2.426191752641564808e-02 5.050559881868884465e-02 9.849081968433051615e-04 -5.864963198593083548e-04 2.473959274537912076e-02 4.079910641928773118e-03 6.314236893394520181e-05 5.502455160053584260e-01 1.303359005338344378e-03 -9.102035684692995733e-04 -3.323487040644586277e-02 -5.474980288158782377e-03 9.774438631641777062e-05 -1.939934170432934882e-02 1.636382111912846639e-03 9.815781546613370004e-03 0.000000000000000000e+00 0.000000000000000000e+00 0.000000000000000000e+00 0.000000000000000000e+00 0.000000000000000000e+00 0.000000000000000000e+00 0.000000000000000000e+00 0.000000000000000000e+00 0.000000000000000000e+00 0.000000000000000000e+00 0.000000000000000000e+00 0.000000000000000000e+00 0.000000000000000000e+00 0.000000000000000000e+00
-2.155670717784534978e-06 -1.919136899947033247e-05 -2.214260880372768202e-05 4.938001858647911502e-05 8.809982631117424523e-07 -5.185762596637470454e-07 2.413110357042666247e-05 4.004142493127142402e-06 5.682985969138902661e-08 1.816364745784375498e-04 5.693996474302635079e-07 -3.916223505422905670e-07 -1.427727416892122284e-05 -2.430975179059008083e-06 4.377471504097339741e-08 -2.782537612754443966e-05 2.591600195430596675e-06 -1.286067815385091766e-05 0.000000000000000000e+00 0.000000000000000000e+00 0.000000000000000000e+00 0.000000000000000000e+00 0.000000000000000000e+00 0.000000000000000000e+00 0.000000000000000000e+00 0.000000000000000000e+00 0.000000000000000000e+00 0.000000000000000000e+00 0.000000000000000000e+00 0.000000000000000000e+00 0.000000000000000000e+00 0.000000000000000000e+00 0.000000000000000000e+00 0.000000000000000000e+00 0.000000000000000000e+00 5.062420867390879538e-05 -4.951139002981529937e-08 -4.947189699638412806e-06 -3.200361752953291167e-06 7.725882765891433949e-08 1.969719566935771082e-06 1.085165157871764985e-01 2.599817870704315649e-04 -9.216563399619834285e-03 -1.641516168687466304e-01 -3.382600202178970218e-04 1.270581814200680976e-02 -1.426392784060090055e-02 -2.236357152462044903e-04 1.074553794586190691e-03 -9.746001865448035298e-04 3.652236481158248338e-02 -2.534511451859209133e-02 -1.621667125914534689e-03 -2.251198901387988390e-06 2.183153205591733485e-03 1.303359005338344378e-03 5.700960670292586352e-01 3.330775668110864951e-02 -2.476502200867880163e-04 6.668166976799414888e-06 -2.861146354143933538e-03 7.101081641147730800e-04 8.617631747654581204e-03 -1.452229276554486319e-04 0.000000000000000000e+00 0.000000000000000000e+00 0.000000000000000000e+00 0.000000000000000000e+00 0.000000000000000000e+00
0.000000000000000000e+00 0.000000000000000000e+00 0.000000000000000000e+00 0.000000000000000000e+00 0.000000000000000000e+00 0.000000000000000000e+00 0.000000000000000000e+00 0.000000000000000000e+00 0.000000000000000000e+00 1.381690476498453406e-05 4.707059525064481900e-07 -4.587303704997501778e-07 -8.775228400866545584e-07 3.677674883957216694e-05 -2.552623755026048774e-05 -2.133105741302853166e-06 1.509807990841131304e-07 2.204493445391662600e-06 5.693996474470934172e-07 1.869966575818975813e-04 1.676982906866552133e-05 3.163241203360987884e-07 -1.264010658345267099e-07 -1.440996450034308103e-06 -1.159808597957680147e-07 -8.670911984695883011e-06 2.944649947206271118e-07 0.000000000000000000e+00 0.000000000000000000e+00 0.000000000000000000e+00 0.000000000000000000e+00 0.000000000000000000e+00 0.000000000000000000e+00 0.000000000000000000e+00 0.000000000000000000e+00 0.000000000000000000e+00 0.000000000000000000e+00 0.000000000000000000e+00 0.000000000000000000e+00 0.000000000000000000e+00 0.000000000000000000e+00 0.000000000000000000e+00 0.000000000000000000e+00 0.000000000000000000e+00 -1.317165584207482153e-06 4.845935461677495495e-05 -6.125625955727033450e-06 3.290889446032464078e-07 -9.998894582177493353e-06 4.602802502228586425e-06 -2.369874590320092400e-03 9.743317738366059910e-02 -1.675302416859381039e-03 3.557824888409690228e-03 -1.426290829878760213e-01 3.558242453691769572e-03 9.815451993735027636e-03 1.432755693889598090e-04 -7.093796985942716227e-04 7.126422207573504270e-04 -2.550664986753093180e-02 1.768840130131231134e-02 1.156164549449866354e-03 -1.757132868993548352e-06 -1.526432599351695537e-03 -9.102035684692995733e-04 3.330775668110864951e-02 5.946632525948456482e-01 1.860393829146271831e-04 -2.044500083540839490e-06
2.001728635414399844e-03 -4.623817702584201331e-04 -5.927532850419300198e-03 1.069641286845549565e-04 0.000000000000000000e+00 0.000000000000000000e+00 0.000000000000000000e+00 0.000000000000000000e+00 0.000000000000000000e+00 0.000000000000000000e+00 0.000000000000000000e+00 0.000000000000000000e+00 0.000000000000000000e+00 0.000000000000000000e+00 0.000000000000000000e+00 0.000000000000000000e+00 0.000000000000000000e+00 0.000000000000000000e+00 -9.743374951220325176e-06 -3.838299575655784236e-07 2.902636496757456353e-07 6.458749970662735193e-07 -2.568897839899645614e-05 1.781721159804240437e-05 1.516297747935033713e-06 -1.096056358707405078e-07 -1.542164827447564401e-06 -3.916223505594308611e-07 1.676982906866552133e-05 1.993788230308894541e-04 -2.208794307138283079e-07 9.189493168344631242e-08 1.007843952343909663e-06 5.897873709970405677e-08 6.219952221036075091e-06 -2.001737493766155636e-07 0.000000000000000000e+00 0.000000000000000000e+00 0.000000000000000000e+00 0.000000000000000000e+00 0.000000000000000000e+00 0.000000000000000000e+00 0.000000000000000000e+00 0.000000000000000000e+00 0.000000000000000000e+00 0.000000000000000000e+00 0.000000000000000000e+00 0.000000000000000000e+00 0.000000000000000000e+00 0.000000000000000000e+00 0.000000000000000000e+00 0.000000000000000000e+00 0.000000000000000000e+00 9.938757565381571555e-07 -3.380722442804565651e-05 4.186009499020462697e-06 -2.352490981494682570e-07 6.970454725555593042e-06 -3.243365648318434890e-06 1.796191759053773762e-03 -6.790586402923694254e-02 9.129890681970619397e-04 -2.699477482462640191e-03 9.942828793286055677e-02 -2.087035906202907524e-03 4.676771392170342781e-03 8.436753374684398052e-03 -1.220103105382926850e-02 2.464563511828704936e-02 1.716886810455348598e-03
-1.145209230854360048e-03 1.485320512888441309e-02 1.253780788408176763e-03 7.668289715899578450e-05 -3.323487040644586277e-02 -2.476502200867880163e-04 1.860393829146271831e-04 5.979553666116137478e-01 -1.715851806875915700e-03 -2.567515306117697750e-05 -9.749705361873878956e-03 -3.957874910856218689e-03 4.906543660505545412e-03 0.000000000000000000e+00 0.000000000000000000e+00 0.000000000000000000e+00 0.000000000000000000e+00 0.000000000000000000e+00 0.000000000000000000e+00 0.000000000000000000e+00 0.000000000000000000e+00 0.000000000000000000e+00 0.000000000000000000e+00 0.000000000000000000e+00 0.000000000000000000e+00 0.000000000000000000e+00 0.000000000000000000e+00 6.780522707041115849e-06 -9.408116238506303362e-06 -1.120399750833767018e-05 2.402458020135277820e-05 2.228032869600882424e-06 -1.504190292351074906e-06 1.468850389676785379e-05 1.163584125206493585e-06 1.055068132633074341e-07 -1.427727416892122284e-05 3.163241203083505713e-07 -2.208794306908901263e-07 2.021990844902217782e-04 -6.525981862980440981e-07 1.309613751054957642e-08 -1.404018154599013083e-05 -7.808100914814687695e-06 -6.293539254168886783e-06 0.000000000000000000e+00 0.000000000000000000e+00 0.000000000000000000e+00 0.000000000000000000e+00 0.000000000000000000e+00 0.000000000000000000e+00 0.000000000000000000e+00 0.000000000000000000e+00 0.000000000000000000e+00 0.000000000000000000e+00 0.000000000000000000e+00 0.000000000000000000e+00 0.000000000000000000e+00 0.000000000000000000e+00 0.000000000000000000e+00 0.000000000000000000e+00 0.000000000000000000e+00 2.564337630287052519e-05 1.985698007971236323e-06 1.401037216458882424e-05 -1.514679369588251142e-06 8.178816900257281012e-07 -3.321270219898388913e-06 5.492081285883481517e-02 1.700630348377448050e-03
2.487403378580576099e-02 -8.323069964778731511e-02 -4.386391330798334806e-03 -3.730500763955989924e-02 -1.713341082193072613e-03 1.317906763768972962e-03 -1.876983124707807269e-03 4.107285064052574458e-03 1.883210867600617423e-05 4.818506234199943256e-07 1.279983018405381548e-03 5.238751031075641884e-04 7.437663927400844864e-06 -5.474980288158782377e-03 6.668166976799414888e-06 -2.044500083540839490e-06 -1.715851806875915700e-03 6.173467605431858241e-01 8.477378531657564042e-06 -1.502005971230862711e-03 1.419598244709032332e-03 7.669593082629484792e-04 0.000000000000000000e+00 0.000000000000000000e+00 0.000000000000000000e+00 0.000000000000000000e+00 0.000000000000000000e+00 0.000000000000000000e+00 0.000000000000000000e+00 0.000000000000000000e+00 0.000000000000000000e+00 0.000000000000000000e+00 0.000000000000000000e+00 0.000000000000000000e+00 0.000000000000000000e+00 0.000000000000000000e+00 -2.103486979646524735e-06 -1.545091374762323387e-06 -1.703622224854301997e-06 4.034595144219681856e-06 -1.342712337043682169e-07 1.072378203546261518e-07 1.192094869884370063e-06 5.326594588411264797e-07 -1.292204767259812531e-09 -2.430975179059008083e-06 -1.264010658002253431e-07 9.189493168500477363e-08 -6.525981862824595389e-07 2.108050525575078235e-04 -3.383735733665576795e-09 -2.146243447152694249e-06 2.491801253046755164e-06 -1.044012916186156169e-06 0.000000000000000000e+00 0.000000000000000000e+00 0.000000000000000000e+00 0.000000000000000000e+00 0.000000000000000000e+00 0.000000000000000000e+00 0.000000000000000000e+00 0.000000000000000000e+00 0.000000000000000000e+00 0.000000000000000000e+00 0.000000000000000000e+00 0.000000000000000000e+00 0.000000000000000000e+00 0.000000000000000000e+00 0.000000000000000000e+00 0.000000000000000000e+00
0.000000000000000000e+00 3.863463943162995090e-06 -2.123044281635624961e-07 -4.700528484203544265e-06 -2.679061101969861863e-07 -2.540509023970410475e-07 1.306934434513655292e-06 8.300436752953273961e-03 2.491341031675534698e-04 -8.366929700620227145e-03 -1.251773822273482065e-02 1.323215551683973876e-04 1.232026903656143098e-02 -8.059449111990752389e-04 -4.791011317239249865e-05 6.511662771561218708e-05 -7.414277493074272643e-05 2.189233021070358196e-03 -1.520713013589749044e-03 -7.972440090824888426e-05 -6.778848677350326555e-06 1.364029599476343079e-04 9.774438631641777062e-05 -2.861146354143933538e-03 2.001728635414399844e-03 -2.567515306117697750e-05 8.477378531657564042e-06 6.178621748588827289e-01 4.334201460962807512e-05 4.782649157341932813e-04 -1.390213590920410782e-05 0.000000000000000000e+00 0.000000000000000000e+00 0.000000000000000000e+00 0.000000000000000000e+00 0.000000000000000000e+00 0.000000000000000000e+00 0.000000000000000000e+00 0.000000000000000000e+00 0.000000000000000000e+00 0.000000000000000000e+00 0.000000000000000000e+00 0.000000000000000000e+00 0.000000000000000000e+00 0.000000000000000000e+00 8.855658447963114697e-07 -5.186877315593879194e-09 -2.105886978064341287e-08 -6.805385426746159329e-08 2.210001036639333655e-06 -1.535903213197022925e-06 -1.085451742630749266e-07 2.032884042827130784e-09 1.384146741249301807e-07 4.377471504080197912e-08 -1.440996450034308103e-06 1.007843952343909663e-06 1.309613751082994929e-08 -3.383735733509900990e-09 2.110522295653673240e-04 -3.913435649487815701e-10 -5.912229244898317304e-07 1.590108813105893582e-08 0.000000000000000000e+00 0.000000000000000000e+00 0.000000000000000000e+00 0.000000000000000000e+00 0.000000000000000000e+00 0.000000000000000000e+00 0.000000000000000000e+00
0.000000000000000000e+00 0.000000000000000000e+00 0.000000000000000000e+00 0.000000000000000000e+00 0.000000000000000000e+00 0.000000000000000000e+00 0.000000000000000000e+00 0.000000000000000000e+00 0.000000000000000000e+00 0.000000000000000000e+00 -8.332025077710947873e-08 2.960250271748329870e-06 -2.449590008576322576e-07 2.544896412638813547e-08 -6.141854485085565971e-07 2.425858638159448051e-07 -1.663318199843787407e-04 5.910211110401191077e-03 1.269784197692175440e-04 2.389479644512658809e-04 -8.661792330985252850e-03 -1.191105796048421925e-04 1.288332742939185104e-03 4.165456382393472679e-04 -1.495253977028433157e-01 1.943447872549310465e-02 9.790536287824355352e-04 -5.946849368338695411e-04 9.777089941713659402e-03 1.498271744381760246e-03 5.517785099376399944e-05 -1.939934170432934882e-02 7.101081641147730800e-04 -4.623817702584201331e-04 -9.749705361873878956e-03 -1.502005971230862711e-03 4.334201460962807512e-05 5.362657367297773980e-01 -5.168316774882838289e-04 8.403836502763344281e-05 0.000000000000000000e+00 0.000000000000000000e+00 0.000000000000000000e+00 0.000000000000000000e+00 0.000000000000000000e+00 0.000000000000000000e+00 0.000000000000000000e+00 0.000000000000000000e+00 0.000000000000000000e+00 0.000000000000000000e+00 0.000000000000000000e+00 0.000000000000000000e+00 0.000000000000000000e+00 0.000000000000000000e+00 -1.877593592000494535e-06 -3.687124307230138750e-07 1.195888811675965927e-04 2.783839101860782953e-05 2.692935508327346188e-07 -1.292931473196162051e-07 1.405773002961090269e-05 2.137697634261142353e-06 1.642307895119177742e-08 -2.782537612754443966e-05 -1.159808598556088013e-07 5.897873716897501339e-08 -1.404018154599013083e-05 -2.146243447152694249e-06 -3.913435637550152929e-10 2.853023806377251426e-04
1.008470903843156471e-06 -9.789999887123703534e-08 0.000000000000000000e+00 0.000000000000000000e+00 0.000000000000000000e+00 0.000000000000000000e+00 0.000000000000000000e+00 0.000000000000000000e+00 0.000000000000000000e+00 0.000000000000000000e+00 0.000000000000000000e+00 0.000000000000000000e+00 0.000000000000000000e+00 0.000000000000000000e+00 0.000000000000000000e+00 0.000000000000000000e+00 0.000000000000000000e+00 0.000000000000000000e+00 0.000000000000000000e+00 3.574599507527360823e-05 -1.371758574257211942e-06 -2.375762107631048499e-07 -3.578737808340862393e-05 -2.110418602686696048e-06 2.237502364298977660e-07 3.937475859177726883e-02 1.928803136381629715e-03 -6.045604984772310351e-04 -3.933769027054786344e-02 1.129266344544864508e-03 6.160929491657145003e-04 1.698034146744372974e-01 1.467044480809551220e-04 -9.238701035970216160e-04 -1.686277712293112428e-03 8.739290039896461387e-03 -5.970974438799419963e-03 3.905115692111109545e-03 -1.421018609388137195e-03 4.783830000467542438e-04 1.636382111912846639e-03 8.617631747654581204e-03 -5.927532850419300198e-03 -3.957874910856218689e-03 1.419598244709032332e-03 4.782649157341932813e-04 -5.168316774882838289e-04 5.212713033693805453e-01 7.596470662563408404e-05 0.000000000000000000e+00 0.000000000000000000e+00 0.000000000000000000e+00 0.000000000000000000e+00 0.000000000000000000e+00 0.000000000000000000e+00 0.000000000000000000e+00 0.000000000000000000e+00 0.000000000000000000e+00 0.000000000000000000e+00 0.000000000000000000e+00 0.000000000000000000e+00 0.000000000000000000e+00 0.000000000000000000e+00 -1.362894800174553318e-04 1.757594638039222172e-07 1.407109233330980005e-06 -2.787995962659304394e-06 -8.537912894991178051e-06 6.088093783249698743e-06 7.604722945485136342e-06
-2.512276054187581190e-06 -5.907419172605836777e-07 2.591600195430596675e-06 -8.670911985319267073e-06 6.219952220599705739e-06 -7.808100915126378879e-06 2.491801253046755164e-06 -5.912229244927740052e-07 1.008470903702895015e-06 2.955018322460541244e-04 2.113577892411481704e-07 0.000000000000000000e+00 0.000000000000000000e+00 0.000000000000000000e+00 0.000000000000000000e+00 0.000000000000000000e+00 0.000000000000000000e+00 0.000000000000000000e+00 0.000000000000000000e+00 0.000000000000000000e+00 0.000000000000000000e+00 0.000000000000000000e+00 0.000000000000000000e+00 0.000000000000000000e+00 0.000000000000000000e+00 0.000000000000000000e+00 0.000000000000000000e+00 0.000000000000000000e+00 -8.931500797385970823e-08 -3.053004365816787484e-05 6.039672359349313678e-05 7.924550150333278209e-08 -3.030813344559410178e-05 -6.062638117850562827e-05 -4.626186070176597511e-04 2.668356841162010037e-02 4.888047601845200985e-02 4.679027306082194520e-04 2.686686084219092399e-02 -4.867831972695772086e-02 -2.996136288754423956e-05 -1.586419806127866705e-01 -3.583107033061291857e-04 9.864046991709049528e-03 1.171716017415320570e-04 -5.867615355932585071e-05 4.856279027989891459e-03 7.893584803790122716e-04 1.054989877784414679e-05 9.815781546613370004e-03 -1.452229276554486319e-04 1.069641286845549565e-04 4.906543660505545412e-03 7.669593082629484792e-04 -1.390213590920410782e-05 8.403836502763344281e-05 7.596470662563408404e-05 5.304840941152569878e-01 0.000000000000000000e+00 0.000000000000000000e+00 0.000000000000000000e+00 0.000000000000000000e+00 0.000000000000000000e+00 0.000000000000000000e+00 0.000000000000000000e+00 0.000000000000000000e+00 0.000000000000000000e+00 0.000000000000000000e+00 0.000000000000000000e+00 0.000000000000000000e+00
0.000000000000000000e+00 0.000000000000000000e+00 -2.508728904774282915e-07 1.568982280631477544e-04 3.679540792053759321e-07 -1.279111504270158167e-05 -3.122801194072249026e-07 1.828094872835650834e-07 -6.425658602905041700e-06 -9.938564922233088682e-07 -1.298519747368883086e-08 -1.286067815400676326e-05 2.944649947315225495e-07 -2.001737494872660715e-07 -6.293539254168887630e-06 -1.044012916170571186e-06 1.590108813479159826e-08 -9.789999880900143512e-08 2.113577892760580245e-07 3.182443786927608765e-04 0.000000000000000000e+00 0.000000000000000000e+00 0.000000000000000000e+00 0.000000000000000000e+00 0.000000000000000000e+00 0.000000000000000000e+00 0.000000000000000000e+00 0.000000000000000000e+00 0.000000000000000000e+00 0.000000000000000000e+00 0.000000000000000000e+00 0.000000000000000000e+00 0.000000000000000000e+00 0.000000000000000000e+00 0.000000000000000000e+00 0.000000000000000000e+00 0.000000000000000000e+00 -3.075774264470293272e-05 -5.958747328008788774e-07 1.098521119106237415e-06 -3.081852695726707632e-05 5.491673241813463865e-07 2.198298590374990755e-06 2.694777013371578780e-02 -6.558027481938474065e-04 -1.866732259187096118e-03 2.693082318517585338e-02 6.942449265583780938e-04 -1.029038873866886103e-03 0.000000000000000000e+00 0.000000000000000000e+00 0.000000000000000000e+00 0.000000000000000000e+00 0.000000000000000000e+00 0.000000000000000000e+00 0.000000000000000000e+00 0.000000000000000000e+00 0.000000000000000000e+00 0.000000000000000000e+00 0.000000000000000000e+00 0.000000000000000000e+00 0.000000000000000000e+00 0.000000000000000000e+00 0.000000000000000000e+00 0.000000000000000000e+00 0.000000000000000000e+00 0.000000000000000000e+00 6.180406651802926588e-01 0.000000000000000000e+00 0.000000000000000000e+00
0.000000000000000000e+00 0.000000000000000000e+00 0.000000000000000000e+00 0.000000000000000000e+00 0.000000000000000000e+00 0.000000000000000000e+00 0.000000000000000000e+00 0.000000000000000000e+00 0.000000000000000000e+00 0.000000000000000000e+00 0.000000000000000000e+00 0.000000000000000000e+00 0.000000000000000000e+00 0.000000000000000000e+00 0.000000000000000000e+00 0.000000000000000000e+00 0.000000000000000000e+00 0.000000000000000000e+00 0.000000000000000000e+00 0.000000000000000000e+00 0.000000000000000000e+00 0.000000000000000000e+00 0.000000000000000000e+00 0.000000000000000000e+00 0.000000000000000000e+00 0.000000000000000000e+00 0.000000000000000000e+00 0.000000000000000000e+00 0.000000000000000000e+00 2.111423625501063022e-04 0.000000000000000000e+00 0.000000000000000000e+00 0.000000000000000000e+00 0.000000000000000000e+00 0.000000000000000000e+00 0.000000000000000000e+00 0.000000000000000000e+00 0.000000000000000000e+00 0.000000000000000000e+00 0.000000000000000000e+00 0.000000000000000000e+00 0.000000000000000000e+00 0.000000000000000000e+00 0.000000000000000000e+00 0.000000000000000000e+00 0.000000000000000000e+00 0.000000000000000000e+00 0.000000000000000000e+00 0.000000000000000000e+00 0.000000000000000000e+00 0.000000000000000000e+00 0.000000000000000000e+00 0.000000000000000000e+00 0.000000000000000000e+00 0.000000000000000000e+00 0.000000000000000000e+00 0.000000000000000000e+00 0.000000000000000000e+00 0.000000000000000000e+00 0.000000000000000000e+00 0.000000000000000000e+00 0.000000000000000000e+00 0.000000000000000000e+00 0.000000000000000000e+00 0.000000000000000000e+00 0.000000000000000000e+00 0.000000000000000000e+00 0.000000000000000000e+00 0.000000000000000000e+00 0.000000000000000000e+00
0.000000000000000000e+00 0.000000000000000000e+00 0.000000000000000000e+00 0.000000000000000000e+00 0.000000000000000000e+00 0.000000000000000000e+00 0.000000000000000000e+00 6.180406651802926588e-01 0.000000000000000000e+00 0.000000000000000000e+00 0.000000000000000000e+00 0.000000000000000000e+00 0.000000000000000000e+00 0.000000000000000000e+00 0.000000000000000000e+00 0.000000000000000000e+00 0.000000000000000000e+00 0.000000000000000000e+00 0.000000000000000000e+00 0.000000000000000000e+00 0.000000000000000000e+00 0.000000000000000000e+00 0.000000000000000000e+00 0.000000000000000000e+00 0.000000000000000000e+00 0.000000000000000000e+00 0.000000000000000000e+00 0.000000000000000000e+00 0.000000000000000000e+00 0.000000000000000000e+00 0.000000000000000000e+00 0.000000000000000000e+00 0.000000000000000000e+00 0.000000000000000000e+00 0.000000000000000000e+00 0.000000000000000000e+00 0.000000000000000000e+00 0.000000000000000000e+00 0.000000000000000000e+00 2.111423625501063022e-04 0.000000000000000000e+00 0.000000000000000000e+00 0.000000000000000000e+00 0.000000000000000000e+00 0.000000000000000000e+00 0.000000000000000000e+00 0.000000000000000000e+00 0.000000000000000000e+00 0.000000000000000000e+00 0.000000000000000000e+00 0.000000000000000000e+00 0.000000000000000000e+00 0.000000000000000000e+00 0.000000000000000000e+00 0.000000000000000000e+00 0.000000000000000000e+00 0.000000000000000000e+00 0.000000000000000000e+00 0.000000000000000000e+00 0.000000000000000000e+00 0.000000000000000000e+00 0.000000000000000000e+00 0.000000000000000000e+00 0.000000000000000000e+00 0.000000000000000000e+00 0.000000000000000000e+00 0.000000000000000000e+00 0.000000000000000000e+00 0.000000000000000000e+00 0.000000000000000000e+00
0.000000000000000000e+00 0.000000000000000000e+00 0.000000000000000000e+00 0.000000000000000000e+00 0.000000000000000000e+00 0.000000000000000000e+00 0.000000000000000000e+00 0.000000000000000000e+00 0.000000000000000000e+00 0.000000000000000000e+00 0.000000000000000000e+00 0.000000000000000000e+00 0.000000000000000000e+00 0.000000000000000000e+00 0.000000000000000000e+00 0.000000000000000000e+00 0.000000000000000000e+00 6.180406651802926588e-01 0.000000000000000000e+00 0.000000000000000000e+00 0.000000000000000000e+00 0.000000000000000000e+00 0.000000000000000000e+00 0.000000000000000000e+00 0.000000000000000000e+00 0.000000000000000000e+00 0.000000000000000000e+00 0.000000000000000000e+00 0.000000000000000000e+00 0.000000000000000000e+00 0.000000000000000000e+00 0.000000000000000000e+00 0.000000000000000000e+00 0.000000000000000000e+00 0.000000000000000000e+00 0.000000000000000000e+00 0.000000000000000000e+00 0.000000000000000000e+00 0.000000000000000000e+00 0.000000000000000000e+00 0.000000000000000000e+00 0.000000000000000000e+00 0.000000000000000000e+00 0.000000000000000000e+00 0.000000000000000000e+00 0.000000000000000000e+00 0.000000000000000000e+00 0.000000000000000000e+00 0.000000000000000000e+00 2.111423625501063022e-04 0.000000000000000000e+00 0.000000000000000000e+00 0.000000000000000000e+00 0.000000000000000000e+00 0.000000000000000000e+00 0.000000000000000000e+00 0.000000000000000000e+00 0.000000000000000000e+00 0.000000000000000000e+00 0.000000000000000000e+00 0.000000000000000000e+00 0.000000000000000000e+00 0.000000000000000000e+00 0.000000000000000000e+00 0.000000000000000000e+00 0.000000000000000000e+00 0.000000000000000000e+00 0.000000000000000000e+00 0.000000000000000000e+00 0.000000000000000000e+00
0.000000000000000000e+00 0.000000000000000000e+00 0.000000000000000000e+00 0.000000000000000000e+00 0.000000000000000000e+00 0.000000000000000000e+00 0.000000000000000000e+00 0.000000000000000000e+00 0.000000000000000000e+00 0.000000000000000000e+00 0.000000000000000000e+00 0.000000000000000000e+00 0.000000000000000000e+00 0.000000000000000000e+00 0.000000000000000000e+00 0.000000000000000000e+00 0.000000000000000000e+00 0.000000000000000000e+00 0.000000000000000000e+00 0.000000000000000000e+00 0.000000000000000000e+00 0.000000000000000000e+00 0.000000000000000000e+00 0.000000000000000000e+00 0.000000000000000000e+00 0.000000000000000000e+00 0.000000000000000000e+00 6.180406651802926588e-01 0.000000000000000000e+00 0.000000000000000000e+00 0.000000000000000000e+00 0.000000000000000000e+00 0.000000000000000000e+00 0.000000000000000000e+00 0.000000000000000000e+00 0.000000000000000000e+00 0.000000000000000000e+00 0.000000000000000000e+00 0.000000000000000000e+00 0.000000000000000000e+00 0.000000000000000000e+00 0.000000000000000000e+00 0.000000000000000000e+00 0.000000000000000000e+00 0.000000000000000000e+00 0.000000000000000000e+00 0.000000000000000000e+00 0.000000000000000000e+00 0.000000000000000000e+00 0.000000000000000000e+00 0.000000000000000000e+00 0.000000000000000000e+00 0.000000000000000000e+00 0.000000000000000000e+00 0.000000000000000000e+00 0.000000000000000000e+00 0.000000000000000000e+00 0.000000000000000000e+00 0.000000000000000000e+00 2.111423625501063022e-04 0.000000000000000000e+00 0.000000000000000000e+00 0.000000000000000000e+00 0.000000000000000000e+00 0.000000000000000000e+00 0.000000000000000000e+00 0.000000000000000000e+00 0.000000000000000000e+00 0.000000000000000000e+00 0.000000000000000000e+00
0.000000000000000000e+00 0.000000000000000000e+00 0.000000000000000000e+00 0.000000000000000000e+00 0.000000000000000000e+00 0.000000000000000000e+00 0.000000000000000000e+00 0.000000000000000000e+00 0.000000000000000000e+00 0.000000000000000000e+00 0.000000000000000000e+00 0.000000000000000000e+00 0.000000000000000000e+00 0.000000000000000000e+00 0.000000000000000000e+00 0.000000000000000000e+00 0.000000000000000000e+00 0.000000000000000000e+00 0.000000000000000000e+00 0.000000000000000000e+00 0.000000000000000000e+00 0.000000000000000000e+00 0.000000000000000000e+00 0.000000000000000000e+00 0.000000000000000000e+00 0.000000000000000000e+00 0.000000000000000000e+00 0.000000000000000000e+00 0.000000000000000000e+00 0.000000000000000000e+00 0.000000000000000000e+00 0.000000000000000000e+00 0.000000000000000000e+00 0.000000000000000000e+00 0.000000000000000000e+00 0.000000000000000000e+00 0.000000000000000000e+00 6.180406651802926588e-01 0.000000000000000000e+00 0.000000000000000000e+00 0.000000000000000000e+00 0.000000000000000000e+00 0.000000000000000000e+00 0.000000000000000000e+00 0.000000000000000000e+00 0.000000000000000000e+00 0.000000000000000000e+00 0.000000000000000000e+00 0.000000000000000000e+00 0.000000000000000000e+00 0.000000000000000000e+00 0.000000000000000000e+00 0.000000000000000000e+00 0.000000000000000000e+00 0.000000000000000000e+00 0.000000000000000000e+00 0.000000000000000000e+00 0.000000000000000000e+00 0.000000000000000000e+00 0.000000000000000000e+00 0.000000000000000000e+00 0.000000000000000000e+00 0.000000000000000000e+00 0.000000000000000000e+00 0.000000000000000000e+00 0.000000000000000000e+00 0.000000000000000000e+00 0.000000000000000000e+00 0.000000000000000000e+00 2.111423625501063022e-04
0.000000000000000000e+00 0.000000000000000000e+00 0.000000000000000000e+00 0.000000000000000000e+00 0.000000000000000000e+00 0.000000000000000000e+00 0.000000000000000000e+00 0.000000000000000000e+00 0.000000000000000000e+00 0.000000000000000000e+00 0.000000000000000000e+00 0.000000000000000000e+00 0.000000000000000000e+00 0.000000000000000000e+00 0.000000000000000000e+00 0.000000000000000000e+00 0.000000000000000000e+00 0.000000000000000000e+00 0.000000000000000000e+00 0.000000000000000000e+00 0.000000000000000000e+00 0.000000000000000000e+00 0.000000000000000000e+00 0.000000000000000000e+00 0.000000000000000000e+00 0.000000000000000000e+00 0.000000000000000000e+00 0.000000000000000000e+00 0.000000000000000000e+00 0.000000000000000000e+00 0.000000000000000000e+00 0.000000000000000000e+00 0.000000000000000000e+00 0.000000000000000000e+00 0.000000000000000000e+00 0.000000000000000000e+00 0.000000000000000000e+00 0.000000000000000000e+00 0.000000000000000000e+00 0.000000000000000000e+00 0.000000000000000000e+00 0.000000000000000000e+00 0.000000000000000000e+00 0.000000000000000000e+00 0.000000000000000000e+00 0.000000000000000000e+00 0.000000000000000000e+00 6.180406651802926588e-01 0.000000000000000000e+00 0.000000000000000000e+00 0.000000000000000000e+00 0.000000000000000000e+00 0.000000000000000000e+00 0.000000000000000000e+00 0.000000000000000000e+00 0.000000000000000000e+00 0.000000000000000000e+00 0.000000000000000000e+00 0.000000000000000000e+00 0.000000000000000000e+00 0.000000000000000000e+00 0.000000000000000000e+00 0.000000000000000000e+00 0.000000000000000000e+00 0.000000000000000000e+00 0.000000000000000000e+00 0.000000000000000000e+00 0.000000000000000000e+00 0.000000000000000000e+00 0.000000000000000000e+00
0.000000000000000000e+00 0.000000000000000000e+00 0.000000000000000000e+00 0.000000000000000000e+00 0.000000000000000000e+00 0.000000000000000000e+00 0.000000000000000000e+00 0.000000000000000000e+00 0.000000000000000000e+00 2.111423625501063022e-04 0.000000000000000000e+00 0.000000000000000000e+00 0.000000000000000000e+00 0.000000000000000000e+00 0.000000000000000000e+00 0.000000000000000000e+00 0.000000000000000000e+00 0.000000000000000000e+00 0.000000000000000000e+00 0.000000000000000000e+00 0.000000000000000000e+00 0.000000000000000000e+00 0.000000000000000000e+00 0.000000000000000000e+00 0.000000000000000000e+00 0.000000000000000000e+00 0.000000000000000000e+00 0.000000000000000000e+00 0.000000000000000000e+00 0.000000000000000000e+00 0.000000000000000000e+00 0.000000000000000000e+00 0.000000000000000000e+00 0.000000000000000000e+00 0.000000000000000000e+00 0.000000000000000000e+00 0.000000000000000000e+00 0.000000000000000000e+00 0.000000000000000000e+00 0.000000000000000000e+00 0.000000000000000000e+00 0.000000000000000000e+00 0.000000000000000000e+00 0.000000000000000000e+00 0.000000000000000000e+00 0.000000000000000000e+00 0.000000000000000000e+00 0.000000000000000000e+00 0.000000000000000000e+00 0.000000000000000000e+00 0.000000000000000000e+00 0.000000000000000000e+00 0.000000000000000000e+00 0.000000000000000000e+00 0.000000000000000000e+00 0.000000000000000000e+00 0.000000000000000000e+00 6.180406651802926588e-01 0.000000000000000000e+00 0.000000000000000000e+00 0.000000000000000000e+00 0.000000000000000000e+00 0.000000000000000000e+00 0.000000000000000000e+00 0.000000000000000000e+00 0.000000000000000000e+00 0.000000000000000000e+00 0.000000000000000000e+00 0.000000000000000000e+00 0.000000000000000000e+00
0.000000000000000000e+00 0.000000000000000000e+00 0.000000000000000000e+00 0.000000000000000000e+00 0.000000000000000000e+00 0.000000000000000000e+00 0.000000000000000000e+00 0.000000000000000000e+00 0.000000000000000000e+00 0.000000000000000000e+00 0.000000000000000000e+00 0.000000000000000000e+00 0.000000000000000000e+00 0.000000000000000000e+00 0.000000000000000000e+00 0.000000000000000000e+00 0.000000000000000000e+00 0.000000000000000000e+00 0.000000000000000000e+00 2.111423625501063022e-04 0.000000000000000000e+00 0.000000000000000000e+00 0.000000000000000000e+00 0.000000000000000000e+00 0.000000000000000000e+00 0.000000000000000000e+00 0.000000000000000000e+00 0.000000000000000000e+00 0.000000000000000000e+00 0.000000000000000000e+00 0.000000000000000000e+00 0.000000000000000000e+00 0.000000000000000000e+00 0.000000000000000000e+00 0.000000000000000000e+00 0.000000000000000000e+00 0.000000000000000000e+00 0.000000000000000000e+00 0.000000000000000000e+00 0.000000000000000000e+00 0.000000000000000000e+00 0.000000000000000000e+00 0.000000000000000000e+00 0.000000000000000000e+00 0.000000000000000000e+00 0.000000000000000000e+00 0.000000000000000000e+00 0.000000000000000000e+00 0.000000000000000000e+00 0.000000000000000000e+00 0.000000000000000000e+00 0.000000000000000000e+00 0.000000000000000000e+00 0.000000000000000000e+00 0.000000000000000000e+00 0.000000000000000000e+00 0.000000000000000000e+00 0.000000000000000000e+00 0.000000000000000000e+00 0.000000000000000000e+00 0.000000000000000000e+00 0.000000000000000000e+00 0.000000000000000000e+00 0.000000000000000000e+00 0.000000000000000000e+00 0.000000000000000000e+00 0.000000000000000000e+00 6.180406651802926588e-01 0.000000000000000000e+00 0.000000000000000000e+00
0.000000000000000000e+00 0.000000000000000000e+00 0.000000000000000000e+00 0.000000000000000000e+00 0.000000000000000000e+00 0.000000000000000000e+00 0.000000000000000000e+00 0.000000000000000000e+00 0.000000000000000000e+00 0.000000000000000000e+00 0.000000000000000000e+00 0.000000000000000000e+00 0.000000000000000000e+00 0.000000000000000000e+00 0.000000000000000000e+00 0.000000000000000000e+00 0.000000000000000000e+00 0.000000000000000000e+00 0.000000000000000000e+00 0.000000000000000000e+00 0.000000000000000000e+00 0.000000000000000000e+00 0.000000000000000000e+00 0.000000000000000000e+00 0.000000000000000000e+00 0.000000000000000000e+00 0.000000000000000000e+00 0.000000000000000000e+00 0.000000000000000000e+00 2.111423625501063022e-04 0.000000000000000000e+00 0.000000000000000000e+00 0.000000000000000000e+00 0.000000000000000000e+00 0.000000000000000000e+00 0.000000000000000000e+00 0.000000000000000000e+00 0.000000000000000000e+00 0.000000000000000000e+00 0.000000000000000000e+00 0.000000000000000000e+00 0.000000000000000000e+00 0.000000000000000000e+00 0.000000000000000000e+00 0.000000000000000000e+00 0.000000000000000000e+00 0.000000000000000000e+00 0.000000000000000000e+00 0.000000000000000000e+00 0.000000000000000000e+00 0.000000000000000000e+00 0.000000000000000000e+00 0.000000000000000000e+00 0.000000000000000000e+00 0.000000000000000000e+00 0.000000000000000000e+00 0.000000000000000000e+00 0.000000000000000000e+00 0.000000000000000000e+00 0.000000000000000000e+00 0.000000000000000000e+00 0.000000000000000000e+00 0.000000000000000000e+00 0.000000000000000000e+00 0.000000000000000000e+00 0.000000000000000000e+00 0.000000000000000000e+00 0.000000000000000000e+00 0.000000000000000000e+00 0.000000000000000000e+00
0.000000000000000000e+00 0.000000000000000000e+00 0.000000000000000000e+00 0.000000000000000000e+00 0.000000000000000000e+00 0.000000000000000000e+00 0.000000000000000000e+00 6.180406651802926588e-01 0.000000000000000000e+00 0.000000000000000000e+00 0.000000000000000000e+00 0.000000000000000000e+00 0.000000000000000000e+00 0.000000000000000000e+00 0.000000000000000000e+00 0.000000000000000000e+00 0.000000000000000000e+00 0.000000000000000000e+00 0.000000000000000000e+00 0.000000000000000000e+00 0.000000000000000000e+00 0.000000000000000000e+00 0.000000000000000000e+00 0.000000000000000000e+00 0.000000000000000000e+00 0.000000000000000000e+00 0.000000000000000000e+00 0.000000000000000000e+00 0.000000000000000000e+00 0.000000000000000000e+00 0.000000000000000000e+00 0.000000000000000000e+00 0.000000000000000000e+00 0.000000000000000000e+00 0.000000000000000000e+00 0.000000000000000000e+00 0.000000000000000000e+00 0.000000000000000000e+00 0.000000000000000000e+00 2.111423625501063022e-04 0.000000000000000000e+00 0.000000000000000000e+00 0.000000000000000000e+00 0.000000000000000000e+00 0.000000000000000000e+00 0.000000000000000000e+00 0.000000000000000000e+00 0.000000000000000000e+00 0.000000000000000000e+00 0.000000000000000000e+00 0.000000000000000000e+00 0.000000000000000000e+00 0.000000000000000000e+00 0.000000000000000000e+00 0.000000000000000000e+00 0.000000000000000000e+00 0.000000000000000000e+00 0.000000000000000000e+00 0.000000000000000000e+00 0.000000000000000000e+00 0.000000000000000000e+00 0.000000000000000000e+00 0.000000000000000000e+00 0.000000000000000000e+00 0.000000000000000000e+00 0.000000000000000000e+00 0.000000000000000000e+00 0.000000000000000000e+00 0.000000000000000000e+00 0.000000000000000000e+00
0.000000000000000000e+00 0.000000000000000000e+00 0.000000000000000000e+00 0.000000000000000000e+00 0.000000000000000000e+00 0.000000000000000000e+00 0.000000000000000000e+00 0.000000000000000000e+00 0.000000000000000000e+00 0.000000000000000000e+00 0.000000000000000000e+00 0.000000000000000000e+00 0.000000000000000000e+00 0.000000000000000000e+00 0.000000000000000000e+00 0.000000000000000000e+00 0.000000000000000000e+00 6.180406651802926588e-01 0.000000000000000000e+00 0.000000000000000000e+00 0.000000000000000000e+00 0.000000000000000000e+00 0.000000000000000000e+00 0.000000000000000000e+00 0.000000000000000000e+00 0.000000000000000000e+00 0.000000000000000000e+00 0.000000000000000000e+00 0.000000000000000000e+00 0.000000000000000000e+00 0.000000000000000000e+00 0.000000000000000000e+00 0.000000000000000000e+00 0.000000000000000000e+00 0.000000000000000000e+00 0.000000000000000000e+00 0.000000000000000000e+00 0.000000000000000000e+00 0.000000000000000000e+00 0.000000000000000000e+00 0.000000000000000000e+00 0.000000000000000000e+00 0.000000000000000000e+00 0.000000000000000000e+00 0.000000000000000000e+00 0.000000000000000000e+00 0.000000000000000000e+00 0.000000000000000000e+00 0.000000000000000000e+00 2.111423625501063022e-04 0.000000000000000000e+00 0.000000000000000000e+00 0.000000000000000000e+00 0.000000000000000000e+00 0.000000000000000000e+00 0.000000000000000000e+00 0.000000000000000000e+00 0.000000000000000000e+00 0.000000000000000000e+00 0.000000000000000000e+00 0.000000000000000000e+00 0.000000000000000000e+00 0.000000000000000000e+00 0.000000000000000000e+00 0.000000000000000000e+00 0.000000000000000000e+00 0.000000000000000000e+00 0.000000000000000000e+00 0.000000000000000000e+00 0.000000000000000000e+00
0.000000000000000000e+00 0.000000000000000000e+00 0.000000000000000000e+00 0.000000000000000000e+00 0.000000000000000000e+00 0.000000000000000000e+00 0.000000000000000000e+00 0.000000000000000000e+00 0.000000000000000000e+00 0.000000000000000000e+00 0.000000000000000000e+00 0.000000000000000000e+00 0.000000000000000000e+00 0.000000000000000000e+00 0.000000000000000000e+00 0.000000000000000000e+00 0.000000000000000000e+00 0.000000000000000000e+00 0.000000000000000000e+00 0.000000000000000000e+00 0.000000000000000000e+00 0.000000000000000000e+00 0.000000000000000000e+00 0.000000000000000000e+00 0.000000000000000000e+00 0.000000000000000000e+00 0.000000000000000000e+00 6.180406651802926588e-01 0.000000000000000000e+00 0.000000000000000000e+00 0.000000000000000000e+00 0.000000000000000000e+00 0.000000000000000000e+00 0.000000000000000000e+00 0.000000000000000000e+00 0.000000000000000000e+00 0.000000000000000000e+00 0.000000000000000000e+00 0.000000000000000000e+00 0.000000000000000000e+00 0.000000000000000000e+00 0.000000000000000000e+00 0.000000000000000000e+00 0.000000000000000000e+00 0.000000000000000000e+00 0.000000000000000000e+00 0.000000000000000000e+00 0.000000000000000000e+00 0.000000000000000000e+00 0.000000000000000000e+00 0.000000000000000000e+00 0.000000000000000000e+00 0.000000000000000000e+00 0.000000000000000000e+00 0.000000000000000000e+00 0.000000000000000000e+00 0.000000000000000000e+00 0.000000000000000000e+00 0.000000000000000000e+00 2.111423625501063022e-04 0.000000000000000000e+00 0.000000000000000000e+00 0.000000000000000000e+00 0.000000000000000000e+00 0.000000000000000000e+00 0.000000000000000000e+00 0.000000000000000000e+00 0.000000000000000000e+00 0.000000000000000000e+00 0.000000000000000000e+00
0.000000000000000000e+00 0.000000000000000000e+00 0.000000000000000000e+00 0.000000000000000000e+00 0.000000000000000000e+00 0.000000000000000000e+00 0.000000000000000000e+00 0.000000000000000000e+00 0.000000000000000000e+00 0.000000000000000000e+00 0.000000000000000000e+00 0.000000000000000000e+00 0.000000000000000000e+00 0.000000000000000000e+00 0.000000000000000000e+00 0.000000000000000000e+00 0.000000000000000000e+00 0.000000000000000000e+00 0.000000000000000000e+00 0.000000000000000000e+00 0.000000000000000000e+00 0.000000000000000000e+00 0.000000000000000000e+00 0.000000000000000000e+00 0.000000000000000000e+00 0.000000000000000000e+00 0.000000000000000000e+00 0.000000000000000000e+00 0.000000000000000000e+00 0.000000000000000000e+00 0.000000000000000000e+00 0.000000000000000000e+00 0.000000000000000000e+00 0.000000000000000000e+00 0.000000000000000000e+00 0.000000000000000000e+00 0.000000000000000000e+00 6.180406651802926588e-01 0.000000000000000000e+00 0.000000000000000000e+00 0.000000000000000000e+00 0.000000000000000000e+00 0.000000000000000000e+00 0.000000000000000000e+00 0.000000000000000000e+00 0.000000000000000000e+00 0.000000000000000000e+00 0.000000000000000000e+00 0.000000000000000000e+00 0.000000000000000000e+00 0.000000000000000000e+00 0.000000000000000000e+00 0.000000000000000000e+00 0.000000000000000000e+00 0.000000000000000000e+00 0.000000000000000000e+00 0.000000000000000000e+00 0.000000000000000000e+00 0.000000000000000000e+00 0.000000000000000000e+00 0.000000000000000000e+00 0.000000000000000000e+00 0.000000000000000000e+00 0.000000000000000000e+00 0.000000000000000000e+00 0.000000000000000000e+00 0.000000000000000000e+00 0.000000000000000000e+00 0.000000000000000000e+00 2.111423625501063022e-04
0.000000000000000000e+00 0.000000000000000000e+00 0.000000000000000000e+00 0.000000000000000000e+00 0.000000000000000000e+00 0.000000000000000000e+00 0.000000000000000000e+00 0.000000000000000000e+00 0.000000000000000000e+00 0.000000000000000000e+00 0.000000000000000000e+00 0.000000000000000000e+00 0.000000000000000000e+00 0.000000000000000000e+00 0.000000000000000000e+00 0.000000000000000000e+00 0.000000000000000000e+00 0.000000000000000000e+00 0.000000000000000000e+00 0.000000000000000000e+00 0.000000000000000000e+00 0.000000000000000000e+00 0.000000000000000000e+00 0.000000000000000000e+00 0.000000000000000000e+00 0.000000000000000000e+00 0.000000000000000000e+00 0.000000000000000000e+00 0.000000000000000000e+00 0.000000000000000000e+00 0.000000000000000000e+00 0.000000000000000000e+00 0.000000000000000000e+00 0.000000000000000000e+00 0.000000000000000000e+00 0.000000000000000000e+00 0.000000000000000000e+00 0.000000000000000000e+00 0.000000000000000000e+00 0.000000000000000000e+00 0.000000000000000000e+00 0.000000000000000000e+00 0.000000000000000000e+00 0.000000000000000000e+00 0.000000000000000000e+00 0.000000000000000000e+00 0.000000000000000000e+00 6.180406651802926588e-01 0.000000000000000000e+00 0.000000000000000000e+00 0.000000000000000000e+00 0.000000000000000000e+00 0.000000000000000000e+00 0.000000000000000000e+00 0.000000000000000000e+00 0.000000000000000000e+00 0.000000000000000000e+00 0.000000000000000000e+00 0.000000000000000000e+00 0.000000000000000000e+00 0.000000000000000000e+00 0.000000000000000000e+00 0.000000000000000000e+00 0.000000000000000000e+00 0.000000000000000000e+00 0.000000000000000000e+00 0.000000000000000000e+00 0.000000000000000000e+00 0.000000000000000000e+00 0.000000000000000000e+00
0.000000000000000000e+00 0.000000000000000000e+00 0.000000000000000000e+00 0.000000000000000000e+00 0.000000000000000000e+00 0.000000000000000000e+00 0.000000000000000000e+00 0.000000000000000000e+00 0.000000000000000000e+00 2.111423625501063022e-04 0.000000000000000000e+00 0.000000000000000000e+00 0.000000000000000000e+00 0.000000000000000000e+00 0.000000000000000000e+00 0.000000000000000000e+00 0.000000000000000000e+00 0.000000000000000000e+00 0.000000000000000000e+00 0.000000000000000000e+00 0.000000000000000000e+00 0.000000000000000000e+00 0.000000000000000000e+00 0.000000000000000000e+00 0.000000000000000000e+00 0.000000000000000000e+00 0.000000000000000000e+00 0.000000000000000000e+00 0.000000000000000000e+00 0.000000000000000000e+00 0.000000000000000000e+00 0.000000000000000000e+00 0.000000000000000000e+00 0.000000000000000000e+00 0.000000000000000000e+00 0.000000000000000000e+00 0.000000000000000000e+00 0.000000000000000000e+00 0.000000000000000000e+00 0.000000000000000000e+00 0.000000000000000000e+00 0.000000000000000000e+00 0.000000000000000000e+00 0.000000000000000000e+00 0.000000000000000000e+00 0.000000000000000000e+00 0.000000000000000000e+00 0.000000000000000000e+00 0.000000000000000000e+00 0.000000000000000000e+00 0.000000000000000000e+00 0.000000000000000000e+00 0.000000000000000000e+00 0.000000000000000000e+00 0.000000000000000000e+00 0.000000000000000000e+00 0.000000000000000000e+00 6.180406651802926588e-01 0.000000000000000000e+00 0.000000000000000000e+00 0.000000000000000000e+00 0.000000000000000000e+00 0.000000000000000000e+00 0.000000000000000000e+00 0.000000000000000000e+00 0.000000000000000000e+00 0.000000000000000000e+00 0.000000000000000000e+00 0.000000000000000000e+00 0.000000000000000000e+00
0.000000000000000000e+00 0.000000000000000000e+00 0.000000000000000000e+00 0.000000000000000000e+00 0.000000000000000000e+00 0.000000000000000000e+00 0.000000000000000000e+00 0.000000000000000000e+00 0.000000000000000000e+00 0.000000000000000000e+00 0.000000000000000000e+00 0.000000000000000000e+00 0.000000000000000000e+00 0.000000000000000000e+00 0.000000000000000000e+00 0.000000000000000000e+00 0.000000000000000000e+00 0.000000000000000000e+00 0.000000000000000000e+00 2.111423625501063022e-04 0.000000000000000000e+00 0.000000000000000000e+00 0.000000000000000000e+00 0.000000000000000000e+00 0.000000000000000000e+00 0.000000000000000000e+00 0.000000000000000000e+00 0.000000000000000000e+00 0.000000000000000000e+00 0.000000000000000000e+00 0.000000000000000000e+00 0.000000000000000000e+00 0.000000000000000000e+00 0.000000000000000000e+00 0.000000000000000000e+00 8.347369337252642987e-07 -3.173199735404987477e-04 -1.096240761837072616e-06 1.190548026992492347e-04 2.068764876743470103e-06 -1.228793477188104994e-06 6.028161389801396083e-05 9.101690634915728318e-06 1.186092647107558859e-07 1.193007949537136416e-04 -1.937175392668084902e-06 1.454517037336381641e-06 6.006933538914660075e-05 9.222428026680849970e-06 -1.402914354049242974e-07 -1.025338068442833538e-07 -8.644407481122465202e-07 -3.779114279041877579e-04 0.000000000000000000e+00 0.000000000000000000e+00 0.000000000000000000e+00 0.000000000000000000e+00 0.000000000000000000e+00 0.000000000000000000e+00 0.000000000000000000e+00 0.000000000000000000e+00 0.000000000000000000e+00 0.000000000000000000e+00 0.000000000000000000e+00 0.000000000000000000e+00 0.000000000000000000e+00 0.000000000000000000e+00 5.957717070264975006e-04 -2.821027803977219084e-01 -1.085724536525753663e-03
1.352454546021260029e-01 2.591591196323453448e-03 -1.508508874274823745e-03 6.870486671757607133e-02 1.027711443163050603e-02 1.462170667805692196e-04 1.353696807655146717e-01 -2.483721483924123362e-03 1.793731969502025984e-03 6.851673051927881231e-02 1.036772747062302512e-02 -1.718382503432072954e-04 -1.220738964903985129e-04 -4.413637213392948371e-04 -2.256294948415042689e-01 0.000000000000000000e+00 0.000000000000000000e+00 0.000000000000000000e+00 0.000000000000000000e+00 0.000000000000000000e+00 0.000000000000000000e+00 0.000000000000000000e+00 0.000000000000000000e+00 0.000000000000000000e+00 0.000000000000000000e+00 0.000000000000000000e+00 0.000000000000000000e+00 0.000000000000000000e+00 0.000000000000000000e+00 0.000000000000000000e+00 0.000000000000000000e+00 0.000000000000000000e+00 3.098946194713689262e-01 -6.278411935159249318e-04 2.064147641670896222e-03 3.103431050868040164e-01 1.650022711877901366e-03 6.743075931354210618e-04 1.153945660427631715e-04 -3.387559206831826495e-07 -1.041271697047460547e-06 1.157629273119733371e-04 7.733218131182491919e-07 -2.671663036937674721e-06 -2.832287932768210825e-04 -2.440261776047650049e-07 1.449704819982547204e-05 -1.632752581070980830e-06 -9.175702603092017234e-05 6.396246817987703685e-05 1.444059829457964944e-05 -3.577659468145119612e-06 -5.666039091902296841e-06 1.396718091013931561e-06 -9.178637498519371253e-05 6.440359502119457442e-05 -1.488013037699095160e-05 3.513618506576663967e-06 -5.671399272527557036e-06 1.738529952513778609e-05 3.467172584577447566e-04 -2.294479051177971404e-07 0.000000000000000000e+00 0.000000000000000000e+00 0.000000000000000000e+00 0.000000000000000000e+00 0.000000000000000000e+00 0.000000000000000000e+00 0.000000000000000000e+00 0.000000000000000000e+00
0.000000000000000000e+00 0.000000000000000000e+00 0.000000000000000000e+00 0.000000000000000000e+00 0.000000000000000000e+00 0.000000000000000000e+00 -2.688589572359225688e-01 -3.807717406485810032e-04 1.338244145357351741e-02 -6.444748763052049641e-04 -1.082606023548311619e-01 7.534715141819589568e-02 9.462569419318589067e-03 -1.988383222173746231e-03 -6.638021108530955949e-03 5.323124551475888434e-04 -1.081206917791346089e-01 7.575124843374975159e-02 -9.806482414206875442e-03 1.924785769924884952e-03 -6.642257849640069607e-03 1.065463813811042340e-02 2.170317619299914347e-01 -2.166904293210362281e-04 0.000000000000000000e+00 0.000000000000000000e+00 0.000000000000000000e+00 0.000000000000000000e+00 0.000000000000000000e+00 0.000000000000000000e+00 0.000000000000000000e+00 0.000000000000000000e+00 0.000000000000000000e+00 0.000000000000000000e+00 0.000000000000000000e+00 0.000000000000000000e+00 0.000000000000000000e+00 0.000000000000000000e+00 0.000000000000000000e+00 0.000000000000000000e+00 0.000000000000000000e+00 3.652096276690893796e-03 -3.139574171835529115e-01 7.039008117694706135e-02 -2.558412169033932610e-03 -3.138984965090546031e-01 -7.238771916123711014e-02 3.162785737714221418e-06 -1.113693818813698801e-04 9.016197235607657616e-05 -2.825488706016077740e-06 -1.111774366268744363e-04 -9.096261118660966486e-05 -1.362297216154596617e-07 -1.630782126687026009e-05 -2.710800985322383232e-09 6.219003397702798929e-06 -2.030217164389451416e-06 1.083779098381262332e-06 -1.607071091497050804e-05 5.489920315073446914e-06 1.248980269732800113e-08 6.044700166817379895e-06 1.904961981152236192e-06 -1.003038251508793549e-06 -1.636089302496645403e-05 5.479318704251497081e-06 -5.475191234913516832e-09 4.263771114392953071e-08 1.625002728431973570e-07
-1.781999847130858990e-05 0.000000000000000000e+00 0.000000000000000000e+00 0.000000000000000000e+00 0.000000000000000000e+00 0.000000000000000000e+00 0.000000000000000000e+00 0.000000000000000000e+00 0.000000000000000000e+00 0.000000000000000000e+00 0.000000000000000000e+00 0.000000000000000000e+00 0.000000000000000000e+00 0.000000000000000000e+00 0.000000000000000000e+00 -1.358877128931475719e-04 -1.593865425256362628e-02 -1.390380925923127260e-05 8.343458768662494543e-03 -4.263156493282922038e-03 2.566809638145521860e-03 -2.691286521210603175e-02 8.787782194620159457e-03 -5.082165455106278034e-06 7.969240216937322971e-03 4.104287116631763141e-03 -2.477196109505047043e-03 -2.738327057164233538e-02 8.756677307764295856e-03 2.067872306562421164e-05 2.215296578875844972e-05 1.059142840597933225e-04 -1.137746201103386444e-02 0.000000000000000000e+00 0.000000000000000000e+00 0.000000000000000000e+00 0.000000000000000000e+00 0.000000000000000000e+00 0.000000000000000000e+00 0.000000000000000000e+00 0.000000000000000000e+00 0.000000000000000000e+00 0.000000000000000000e+00 0.000000000000000000e+00 0.000000000000000000e+00 0.000000000000000000e+00 0.000000000000000000e+00 0.000000000000000000e+00 0.000000000000000000e+00 0.000000000000000000e+00 -2.200204088453405066e-03 4.110819365230687639e-03 -3.649880254807865154e-01 -1.851617140381601155e-03 -1.661341729791798380e-03 -3.651315666708240260e-01 2.026487718602445107e-06 1.679219055078587013e-06 -5.748629381294445155e-05 2.189005479674597576e-06 -1.371651347955416470e-06 -5.768507831875761474e-05 3.197287751457036724e-04 1.871769021714825855e-07 -3.347718973054979052e-06 5.033657784652308482e-06 2.229552147601538022e-05 -1.576881584016451453e-05 -1.431424892357332845e-05 4.647114043262785363e-06
1.481878385827399356e-06 -4.731038985443991340e-06 2.252103921313475688e-05 -1.602765312673379511e-05 1.467560686859080513e-05 -4.611494739893414243e-06 1.482846827213778779e-06 -2.347321784273597774e-06 -4.328262443038401034e-04 2.535493127903132749e-07 0.000000000000000000e+00 0.000000000000000000e+00 0.000000000000000000e+00 0.000000000000000000e+00 0.000000000000000000e+00 0.000000000000000000e+00 0.000000000000000000e+00 0.000000000000000000e+00 0.000000000000000000e+00 0.000000000000000000e+00 0.000000000000000000e+00 0.000000000000000000e+00 0.000000000000000000e+00 0.000000000000000000e+00 4.647234207835899134e-01 6.123909135402723835e-04 1.994124039921193418e-03 3.762465158027662997e-03 -2.322227664183520307e-02 1.590254957142394829e-02 -8.555999306798007034e-03 3.151763818689002142e-03 -1.290537481189415808e-03 -3.592327260231253840e-03 -2.294039031886041177e-02 1.581469507059814900e-02 8.693502589689219850e-03 -3.145410982763464317e-03 -1.290289308060345698e-03 1.353365097661648553e-03 -3.500527994264800435e-01 3.521935666921445387e-04 0.000000000000000000e+00 0.000000000000000000e+00 0.000000000000000000e+00 0.000000000000000000e+00 0.000000000000000000e+00 0.000000000000000000e+00 0.000000000000000000e+00 0.000000000000000000e+00 0.000000000000000000e+00 0.000000000000000000e+00 0.000000000000000000e+00 0.000000000000000000e+00 0.000000000000000000e+00 0.000000000000000000e+00 0.000000000000000000e+00 0.000000000000000000e+00 0.000000000000000000e+00 1.206588827171840546e-03 -7.970641586042555293e-02 -1.143727506467591831e-01 -9.893310888512414462e-04 -8.013012277062629696e-02 1.137572800704414050e-01 -1.953623675315338809e-07 7.482557481688131146e-05 -1.053593705903428966e-04 7.270940553303750566e-09 7.444385851852952033e-05
1.059337356310208374e-04 9.373678653372695869e-07 -3.596573205903446789e-04 -1.085698874773479127e-06 3.197409239472627182e-05 6.974346125622446613e-07 -4.400618328796244584e-07 1.597248603247829082e-05 2.501634661035418850e-06 3.531064535342175134e-08 3.216751087180110604e-05 -6.166012682926444797e-07 4.662919172774000021e-07 1.579739878705240983e-05 2.590954280148356985e-06 -3.991942516905158484e-08 7.630765859560712614e-08 -1.018950639964434775e-06 -4.737938575413762018e-04 0.000000000000000000e+00 0.000000000000000000e+00 0.000000000000000000e+00 0.000000000000000000e+00 0.000000000000000000e+00 0.000000000000000000e+00 0.000000000000000000e+00 0.000000000000000000e+00 0.000000000000000000e+00 0.000000000000000000e+00 0.000000000000000000e+00 0.000000000000000000e+00 0.000000000000000000e+00 0.000000000000000000e+00 9.717704454669743447e-04 -4.877788793441975024e-01 -1.632039710505660008e-03 -2.683443477230945673e-02 -4.517948788055236231e-04 2.223089939717316093e-04 -1.325672612785578838e-02 -2.139090841878878851e-03 -3.127660928411472798e-05 -2.663955958451525233e-02 4.490057394465356744e-04 -2.899380866934854538e-04 -1.328971589361965452e-02 -2.091891663497817688e-03 3.554509273197634648e-05 -1.444486784418410875e-05 -6.531945670873655178e-04 -3.662333757285816671e-01 0.000000000000000000e+00 0.000000000000000000e+00 0.000000000000000000e+00 0.000000000000000000e+00 0.000000000000000000e+00 0.000000000000000000e+00 0.000000000000000000e+00 0.000000000000000000e+00 0.000000000000000000e+00 0.000000000000000000e+00 0.000000000000000000e+00 0.000000000000000000e+00 0.000000000000000000e+00 0.000000000000000000e+00 0.000000000000000000e+00 0.000000000000000000e+00 0.000000000000000000e+00 -8.082423518374229343e-02 5.458141592490371773e-04
5.182334398793724851e-03 -8.057988720817883810e-02 -8.780611660017428096e-04 3.552747611331872474e-03 7.586505612785639729e-05 7.132742344576440004e-07 -3.275431951283695030e-06 7.606663068447507643e-05 -3.904086592146045513e-07 -4.919261486536929006e-06 2.046389476860965740e-06 1.075878915873130672e-06 -2.761324164822499512e-04 -5.042484501916832360e-05 -1.661153447213611630e-07 8.906376886702818384e-09 -2.548942342050281157e-05 -3.868066385936483652e-06 -9.634484216403806425e-09 5.037548869962385045e-05 5.309530978141863704e-07 -3.357783522042570294e-07 2.544693263566383005e-05 3.881338898326210042e-06 2.062854249431219398e-08 -4.057222955303432148e-04 -2.324393270317611601e-06 7.185736175750290684e-07 0.000000000000000000e+00 0.000000000000000000e+00 0.000000000000000000e+00 0.000000000000000000e+00 0.000000000000000000e+00 0.000000000000000000e+00 0.000000000000000000e+00 0.000000000000000000e+00 0.000000000000000000e+00 0.000000000000000000e+00 0.000000000000000000e+00 0.000000000000000000e+00 0.000000000000000000e+00 0.000000000000000000e+00 -1.655560596164330290e-03 1.664190737101939668e-03 -5.235512393011898524e-01 -4.408556922980965548e-02 -2.375509527149084407e-03 1.458696295520158686e-03 -2.217688976404940879e-02 -3.397691583704785454e-03 -1.347350625962007143e-04 4.402947382414409971e-02 -1.768426079116282345e-03 1.163347943026080957e-03 2.212644100146485618e-02 3.407998419256299139e-03 -1.085095500063537350e-04 -3.856693193435815070e-01 1.342160412065378575e-03 5.414285606240186108e-04 0.000000000000000000e+00 0.000000000000000000e+00 0.000000000000000000e+00 0.000000000000000000e+00 0.000000000000000000e+00 0.000000000000000000e+00 0.000000000000000000e+00 0.000000000000000000e+00 0.000000000000000000e+00 0.000000000000000000e+00
0.000000000000000000e+00 0.000000000000000000e+00 0.000000000000000000e+00 0.000000000000000000e+00 0.000000000000000000e+00 0.000000000000000000e+00 0.000000000000000000e+00 -9.491516749992177926e-02 -5.107444444086057037e-03 1.405118672413311134e-03 9.488840528317162015e-02 -3.197161962326711820e-03 -1.439554405631368345e-03 -5.837094814855230465e-05 3.215962045169999578e-06 1.685445793039994494e-07 5.837577102515367848e-05 4.408572509181658642e-06 -1.330806095198973981e-07 2.358577352710675218e-06 -1.919651113253122187e-05 2.201492446622841550e-05 1.815140810211025846e-04 -5.345320765169294072e-07 2.926732114968564383e-07 -1.432770337909480303e-05 -2.442656443279923211e-06 -3.590598127864678880e-08 4.938001858647911502e-05 -8.775228400866545584e-07 6.458749970662735193e-07 2.402458020135277820e-05 4.034595144219681856e-06 -6.805385426746159329e-08 2.783839101860782953e-05 -2.787995962659304394e-06 -1.279111504270158167e-05 0.000000000000000000e+00 0.000000000000000000e+00 0.000000000000000000e+00 0.000000000000000000e+00 0.000000000000000000e+00 0.000000000000000000e+00 0.000000000000000000e+00 0.000000000000000000e+00 0.000000000000000000e+00 0.000000000000000000e+00 0.000000000000000000e+00 0.000000000000000000e+00 0.000000000000000000e+00 0.000000000000000000e+00 2.011882550835902925e-03 1.686118161954940423e-02 2.442366822304634436e-02 5.500845122494910644e-01 -1.319160920511684666e-03 7.455464067623565790e-04 -3.332864980986833398e-02 -5.479882928186280595e-03 -8.437409080506559037e-05 5.050543834896904088e-02 -9.745975996456272133e-04 7.126402696700351704e-04 2.464555724059484115e-02 4.107271952124138224e-03 -7.414256926375617908e-05 1.943437085839851489e-02 -1.686265994451888834e-03 9.864145153663971682e-03 0.000000000000000000e+00
0.000000000000000000e+00 0.000000000000000000e+00 0.000000000000000000e+00 0.000000000000000000e+00 0.000000000000000000e+00 0.000000000000000000e+00 0.000000000000000000e+00 0.000000000000000000e+00 0.000000000000000000e+00 0.000000000000000000e+00 0.000000000000000000e+00 0.000000000000000000e+00 0.000000000000000000e+00 0.000000000000000000e+00 0.000000000000000000e+00 0.000000000000000000e+00 -1.642660252470159454e-01 -2.293988192125326234e-04 1.334052234672567644e-02 1.086418623881814371e-01 7.540089066833543401e-05 -9.662447104853102986e-03 -3.281000820995560196e-06 -8.313464135802212029e-09 2.166793197986468486e-06 5.067574586650238895e-05 1.860232173253742771e-07 -5.293759196724100341e-06 1.372933858102408800e-05 -4.714908766566253902e-07 -1.539147554475245341e-07 -5.345320764809461770e-07 1.868143726802368133e-04 1.678232014181946322e-05 -3.399052453242210121e-07 1.186995038431783066e-07 -1.445666646399952769e-06 8.809982631117424523e-07 3.677674883957216694e-05 -2.568897839899645614e-05 2.228032869600882424e-06 -1.342712337043682169e-07 2.210001036639333655e-06 2.692935508327346188e-07 -8.537912894991178051e-06 -3.122801194072249026e-07 0.000000000000000000e+00 0.000000000000000000e+00 0.000000000000000000e+00 0.000000000000000000e+00 0.000000000000000000e+00 0.000000000000000000e+00 0.000000000000000000e+00 0.000000000000000000e+00 0.000000000000000000e+00 0.000000000000000000e+00 0.000000000000000000e+00 0.000000000000000000e+00 0.000000000000000000e+00 0.000000000000000000e+00 -1.442669907973072839e-02 1.687576815348394797e-04 1.415437989129867714e-03 -1.319160920511684666e-03 5.697785308730484166e-01 3.330395185768141725e-02 1.377935949169823088e-04 -2.645174818294610363e-05 -2.868746200791664688e-03 9.849055393932634565e-04
3.652224446903312022e-02 -2.550656575444940413e-02 1.716878196588509384e-03 1.883295304384382689e-05 2.189225747436333684e-03 9.790544751257050909e-04 8.739358222890654740e-03 1.171736614990439342e-04 0.000000000000000000e+00 0.000000000000000000e+00 0.000000000000000000e+00 0.000000000000000000e+00 0.000000000000000000e+00 0.000000000000000000e+00 0.000000000000000000e+00 0.000000000000000000e+00 0.000000000000000000e+00 0.000000000000000000e+00 0.000000000000000000e+00 0.000000000000000000e+00 0.000000000000000000e+00 0.000000000000000000e+00 0.000000000000000000e+00 0.000000000000000000e+00 0.000000000000000000e+00 -3.151709236687976444e-03 -1.430436763550800294e-01 -4.643066485506976149e-03 2.067575466945414508e-03 9.775645255275471068e-02 2.399004098196798503e-03 -2.335786303129403833e-07 -1.004992545771913905e-05 -4.637885201352673275e-06 1.134000112800249887e-06 4.857274458030776468e-05 6.467995279961362148e-06 -9.625317434155172534e-06 3.291919081360183351e-07 1.411682319436971162e-07 2.926732114909184197e-07 1.678232014181946322e-05 1.994508636442990303e-04 2.025562158423010405e-07 -9.108345667331531298e-08 1.003970580059535665e-06 -5.185762596637470454e-07 -2.552623755026048774e-05 1.781721159804240437e-05 -1.504190292351074906e-06 1.072378203546261518e-07 -1.535903213197022925e-06 -1.292931473196162051e-07 6.088093783249698743e-06 1.828094872835650834e-07 0.000000000000000000e+00 0.000000000000000000e+00 0.000000000000000000e+00 0.000000000000000000e+00 0.000000000000000000e+00 0.000000000000000000e+00 0.000000000000000000e+00 0.000000000000000000e+00 0.000000000000000000e+00 0.000000000000000000e+00 0.000000000000000000e+00 0.000000000000000000e+00 0.000000000000000000e+00 0.000000000000000000e+00 9.867560871645595158e-03
-6.535752652807036163e-05 -8.768197399121059046e-04 7.455464067623565790e-04 3.330395185768141725e-02 5.948248876975301691e-01 -1.878934871925926227e-04 3.518963085200234698e-06 1.992956900383385192e-03 -5.864947926471520290e-04 -2.534503066421460796e-02 1.768834250693490998e-02 -1.145203392326170485e-03 4.812181454216384011e-07 -1.520707988654432024e-03 -5.946856735191722535e-04 -5.971022390674156528e-03 -5.867733878961442560e-05 0.000000000000000000e+00 0.000000000000000000e+00 0.000000000000000000e+00 0.000000000000000000e+00 0.000000000000000000e+00 0.000000000000000000e+00 0.000000000000000000e+00 0.000000000000000000e+00 0.000000000000000000e+00 0.000000000000000000e+00 0.000000000000000000e+00 0.000000000000000000e+00 0.000000000000000000e+00 0.000000000000000000e+00 0.000000000000000000e+00 0.000000000000000000e+00 0.000000000000000000e+00 1.972979397107896184e-03 9.910419226225755662e-02 2.829421327919021296e-03 -1.293521759606300336e-03 -6.770916736433613137e-02 -1.413043894705348115e-03 1.613062505106286595e-07 6.956760955334617787e-06 3.246780681996717323e-06 -7.294349673398555119e-07 -3.367489723607498424e-05 -4.396092814465583217e-06 -6.575840575382612526e-06 -9.582823951157916722e-06 1.114844158666575152e-05 -1.432770337909480303e-05 -3.399052453080596764e-07 2.025562158378308506e-07 2.022081239659747731e-04 -6.609722166412158131e-07 -1.057376975677960322e-08 2.413110357042666247e-05 -2.133105741302853166e-06 1.516297747935033713e-06 1.468850389676785379e-05 1.192094869884370063e-06 -1.085451742630749266e-07 1.405773002961090269e-05 7.604722945485136342e-06 -6.425658602905041700e-06 0.000000000000000000e+00 0.000000000000000000e+00 0.000000000000000000e+00 0.000000000000000000e+00 0.000000000000000000e+00 0.000000000000000000e+00
0.000000000000000000e+00 0.000000000000000000e+00 0.000000000000000000e+00 0.000000000000000000e+00 0.000000000000000000e+00 0.000000000000000000e+00 0.000000000000000000e+00 0.000000000000000000e+00 -4.632919526228827974e-03 8.348027470155481439e-03 1.229416363494685929e-02 -3.332864980986833398e-02 1.377935949169823088e-04 -1.878934871925926227e-04 5.979602373218776412e-01 -1.725645441978620413e-03 2.841929059903910862e-05 2.473951418664106089e-02 -1.621658800401846144e-03 1.156158647601547053e-03 1.485315785618553965e-02 1.279979029813294294e-03 -7.972396140867284229e-05 9.777035142910579096e-03 3.905080863073917032e-03 4.856328137487231703e-03 0.000000000000000000e+00 0.000000000000000000e+00 0.000000000000000000e+00 0.000000000000000000e+00 0.000000000000000000e+00 0.000000000000000000e+00 0.000000000000000000e+00 0.000000000000000000e+00 0.000000000000000000e+00 0.000000000000000000e+00 0.000000000000000000e+00 0.000000000000000000e+00 0.000000000000000000e+00 0.000000000000000000e+00 0.000000000000000000e+00 0.000000000000000000e+00 0.000000000000000000e+00 -8.353772064021534882e-02 4.110090784497639864e-03 -3.659034973038703675e-02 5.512244543839453503e-02 -1.551744331925283783e-03 2.439186727862106482e-02 -1.539751245081499945e-06 -7.493905681640532996e-07 -3.205852329115085792e-06 2.576099242355744728e-05 -1.937473761554404328e-06 1.369731275446502238e-05 2.126473152697662401e-06 -1.501863613331049705e-06 1.685822782938002668e-06 -2.442656443279923211e-06 1.186995038403717291e-07 -9.108345667175685177e-08 -6.609722166412158131e-07 2.108040315182857938e-04 2.960998296722193308e-09 4.004142493127142402e-06 1.509807990841131304e-07 -1.096056358707405078e-07 1.163584125206493585e-06 5.326594588411264797e-07 2.032884042827130784e-09
2.137697634261142353e-06 -2.512276054187581190e-06 -9.938564922233088682e-07 0.000000000000000000e+00 0.000000000000000000e+00 0.000000000000000000e+00 0.000000000000000000e+00 0.000000000000000000e+00 0.000000000000000000e+00 0.000000000000000000e+00 0.000000000000000000e+00 0.000000000000000000e+00 0.000000000000000000e+00 0.000000000000000000e+00 0.000000000000000000e+00 0.000000000000000000e+00 0.000000000000000000e+00 1.711680543122521278e-03 1.342375226023141644e-03 1.881660633045515590e-03 -5.479882928186280595e-03 -2.645174818294610363e-05 3.518963085200234698e-06 -1.725645441978620413e-03 6.173462625222652100e-01 -9.323438589813933940e-06 4.079897677586257800e-03 -2.252096944633016873e-06 -1.756489503759069606e-06 1.253776935900636135e-03 5.238734002742897371e-04 -6.778880629681565427e-06 1.498263495620731200e-03 -1.421007505376693575e-03 7.893661379079229328e-04 0.000000000000000000e+00 0.000000000000000000e+00 0.000000000000000000e+00 0.000000000000000000e+00 0.000000000000000000e+00 0.000000000000000000e+00 0.000000000000000000e+00 0.000000000000000000e+00 0.000000000000000000e+00 0.000000000000000000e+00 0.000000000000000000e+00 0.000000000000000000e+00 0.000000000000000000e+00 0.000000000000000000e+00 0.000000000000000000e+00 0.000000000000000000e+00 0.000000000000000000e+00 -1.247394914284820702e-02 -3.256012319041498159e-04 1.237388117383002133e-02 8.283558408970433801e-03 -1.213780653192119151e-04 -8.407165590188024618e-03 -2.814434767976794812e-07 2.434446212955650485e-07 1.322445092650301840e-06 3.849200652479525429e-06 2.796606545033513348e-07 -4.725483565710825286e-06 8.856058318034391443e-07 1.186800633595181166e-08 -7.734969366207295935e-09 -3.590598128022393768e-08 -1.445666646399952769e-06 1.003970580059535665e-06
-1.057376975846117868e-08 2.960998296877742554e-09 2.110521952014065910e-04 5.682985969138902661e-08 2.204493445391662600e-06 -1.542164827447564401e-06 1.055068132633074341e-07 -1.292204767259812531e-09 1.384146741249301807e-07 1.642307895119177742e-08 -5.907419172605836777e-07 -1.298519747368883086e-08 0.000000000000000000e+00 0.000000000000000000e+00 0.000000000000000000e+00 0.000000000000000000e+00 0.000000000000000000e+00 0.000000000000000000e+00 0.000000000000000000e+00 0.000000000000000000e+00 0.000000000000000000e+00 0.000000000000000000e+00 0.000000000000000000e+00 0.000000000000000000e+00 0.000000000000000000e+00 0.000000000000000000e+00 -8.068148912508189049e-04 4.266620456204955832e-05 8.016568146626661129e-05 -8.437409080506559037e-05 -2.868746200791664688e-03 1.992956900383385192e-03 2.841929059903910862e-05 -9.323438589813933940e-06 6.178615737303198019e-01 6.314220028360353074e-05 2.183146005361092171e-03 -1.526427540597818803e-03 7.668246865381167640e-05 7.437693691030306885e-06 1.364025028987298068e-04 5.517789480281286985e-05 4.783874284512009355e-04 1.054999677769431148e-05 0.000000000000000000e+00 0.000000000000000000e+00 0.000000000000000000e+00 0.000000000000000000e+00 0.000000000000000000e+00 0.000000000000000000e+00 0.000000000000000000e+00 0.000000000000000000e+00 0.000000000000000000e+00 0.000000000000000000e+00 0.000000000000000000e+00 0.000000000000000000e+00 0.000000000000000000e+00 0.000000000000000000e+00 0.000000000000000000e+00 0.000000000000000000e+00 0.000000000000000000e+00 -1.751056956975489921e-04 -8.665941785369215764e-03 8.657803572267691562e-05 1.226982235618172214e-04 5.913848492815538573e-03 -1.050067388416286020e-04 -1.959841493734274063e-08 -6.145528238007644910e-07 -2.418952138878668322e-07
6.009602275361495206e-08 2.960751406461369321e-06 2.532376130495765008e-07 -2.155670717968945486e-06 -1.919136899962617637e-05 -2.214260880528613794e-05 4.938001858647911502e-05 8.809982632836309541e-07 -5.185762596168220554e-07 2.413110357042666247e-05 4.004142493127142402e-06 5.682985968983056539e-08 1.816364745784375498e-04 5.693996474470934172e-07 -3.916223505594308611e-07 -1.427727416892122284e-05 -2.430975179059008083e-06 4.377471504080197912e-08 -2.782537612754443966e-05 2.591600195430596675e-06 -1.286067815400676326e-05 0.000000000000000000e+00 0.000000000000000000e+00 0.000000000000000000e+00 0.000000000000000000e+00 0.000000000000000000e+00 0.000000000000000000e+00 0.000000000000000000e+00 0.000000000000000000e+00 0.000000000000000000e+00 0.000000000000000000e+00 0.000000000000000000e+00 0.000000000000000000e+00 0.000000000000000000e+00 0.000000000000000000e+00 -1.973683062951489021e-03 1.686079381136437738e-02 -2.426183843000966067e-02 5.050543834896904088e-02 9.849055393932634565e-04 -5.864947926471520290e-04 2.473951418664106089e-02 4.079897677586257800e-03 6.314220028360353074e-05 5.502450105663417856e-01 1.303357880905632290e-03 -9.102028317064355311e-04 -3.323484049340774682e-02 -5.474975106442641140e-03 9.774429641895256626e-05 -1.939923384035155754e-02 1.636371460009975170e-03 9.815879948415090830e-03 0.000000000000000000e+00 0.000000000000000000e+00 0.000000000000000000e+00 0.000000000000000000e+00 0.000000000000000000e+00 0.000000000000000000e+00 0.000000000000000000e+00 0.000000000000000000e+00 0.000000000000000000e+00 0.000000000000000000e+00 0.000000000000000000e+00 0.000000000000000000e+00 0.000000000000000000e+00 0.000000000000000000e+00 0.000000000000000000e+00 0.000000000000000000e+00 0.000000000000000000e+00
1.085163707882678547e-01 2.599823633045788228e-04 -9.216550171897989335e-03 -1.641516412430259753e-01 -3.382601171743493829e-04 1.270581481469945997e-02 5.062420867390879538e-05 -4.951139002668270683e-08 -4.947189699950104837e-06 -3.200361753264982775e-06 7.725882758095779454e-08 1.969719566935771082e-06 1.381690476514038135e-05 4.707059524909105353e-07 -4.587303703626094556e-07 -8.775228401036433924e-07 3.677674883957216694e-05 -2.552623755026048774e-05 -2.133105741318438149e-06 1.509807990859973023e-07 2.204493445391662600e-06 5.693996474302635079e-07 1.869966575818975813e-04 1.676982906866552133e-05 3.163241203083505713e-07 -1.264010658002253431e-07 -1.440996450034308103e-06 -1.159808598556088013e-07 -8.670911985319267073e-06 2.944649947315225495e-07 0.000000000000000000e+00 0.000000000000000000e+00 0.000000000000000000e+00 0.000000000000000000e+00 0.000000000000000000e+00 0.000000000000000000e+00 0.000000000000000000e+00 0.000000000000000000e+00 0.000000000000000000e+00 0.000000000000000000e+00 0.000000000000000000e+00 0.000000000000000000e+00 0.000000000000000000e+00 0.000000000000000000e+00 -1.426400396128810026e-02 -2.236381140351844147e-04 1.074556885318647334e-03 -9.745975996456272133e-04 3.652224446903312022e-02 -2.534503066421460796e-02 -1.621658800401846144e-03 -2.252096944633016873e-06 2.183146005361092171e-03 1.303357880905632290e-03 5.700955608110148676e-01 3.330771595549051473e-02 -2.476528277501503306e-04 6.668989226026658352e-06 -2.861142857432300186e-03 7.101105202440082627e-04 8.617700120624724458e-03 -1.452249089938064178e-04 0.000000000000000000e+00 0.000000000000000000e+00 0.000000000000000000e+00 0.000000000000000000e+00 0.000000000000000000e+00 0.000000000000000000e+00 0.000000000000000000e+00 0.000000000000000000e+00
0.000000000000000000e+00 0.000000000000000000e+00 0.000000000000000000e+00 0.000000000000000000e+00 0.000000000000000000e+00 0.000000000000000000e+00 0.000000000000000000e+00 0.000000000000000000e+00 0.000000000000000000e+00 -2.369870368835834320e-03 9.743303696817580406e-02 -1.675273713498263636e-03 3.557824222282457427e-03 -1.426290782813336711e-01 3.558217797188373711e-03 -1.317165584205923613e-06 4.845935461677495495e-05 -6.125625955556850979e-06 3.290889445704743325e-07 -9.998894582333338945e-06 4.602802502415601135e-06 -9.743374953246321260e-06 -3.838299573768461422e-07 2.902636496956592740e-07 6.458749970974426377e-07 -2.568897839899645614e-05 1.781721159648394845e-05 1.516297747794772680e-06 -1.096056358661911864e-07 -1.542164827447564401e-06 -3.916223505422905670e-07 1.676982906866552133e-05 1.993788230308894541e-04 -2.208794306908901263e-07 9.189493168500477363e-08 1.007843952343909663e-06 5.897873716897501339e-08 6.219952220599705739e-06 -2.001737494872660715e-07 0.000000000000000000e+00 0.000000000000000000e+00 0.000000000000000000e+00 0.000000000000000000e+00 0.000000000000000000e+00 0.000000000000000000e+00 0.000000000000000000e+00 0.000000000000000000e+00 0.000000000000000000e+00 0.000000000000000000e+00 0.000000000000000000e+00 0.000000000000000000e+00 0.000000000000000000e+00 0.000000000000000000e+00 9.815505607642667496e-03 1.432775217219876373e-04 -7.093817039086136112e-04 7.126402696700351704e-04 -2.550656575444940413e-02 1.768834250693490998e-02 1.156158647601547053e-03 -1.756489503759069606e-06 -1.526427540597818803e-03 -9.102028317064355311e-04 3.330771595549051473e-02 5.946627145373091228e-01 1.860412034784780886e-04 -2.045091189461282949e-06 2.001726161986086983e-03 -4.623832324488578180e-04 -5.927581469937379284e-03
1.069655051320037741e-04 0.000000000000000000e+00 0.000000000000000000e+00 0.000000000000000000e+00 0.000000000000000000e+00 0.000000000000000000e+00 0.000000000000000000e+00 0.000000000000000000e+00 0.000000000000000000e+00 0.000000000000000000e+00 0.000000000000000000e+00 0.000000000000000000e+00 0.000000000000000000e+00 0.000000000000000000e+00 0.000000000000000000e+00 0.000000000000000000e+00 0.000000000000000000e+00 0.000000000000000000e+00 1.796188773644708187e-03 -6.790576598510128514e-02 9.129692936346681413e-04 -2.699477020694927148e-03 9.942828481126991802e-02 -2.087018511086409251e-03 9.938757565537415030e-07 -3.380722442804565651e-05 4.186009498289576602e-06 -2.352490981494682570e-07 6.970454725555593042e-06 -3.243365648334019449e-06 6.780522707196962288e-06 -9.408116238506303362e-06 -1.120399750833767018e-05 2.402458020135277820e-05 2.228032869585282619e-06 -1.504190292351074906e-06 1.468850389676785379e-05 1.163584125206493585e-06 1.055068132648814728e-07 -1.427727416892122284e-05 3.163241203360987884e-07 -2.208794307138283079e-07 2.021990844902217782e-04 -6.525981862824595389e-07 1.309613751082994929e-08 -1.404018154599013083e-05 -7.808100915126378879e-06 -6.293539254168887630e-06 0.000000000000000000e+00 0.000000000000000000e+00 0.000000000000000000e+00 0.000000000000000000e+00 0.000000000000000000e+00 0.000000000000000000e+00 0.000000000000000000e+00 0.000000000000000000e+00 0.000000000000000000e+00 0.000000000000000000e+00 0.000000000000000000e+00 0.000000000000000000e+00 0.000000000000000000e+00 0.000000000000000000e+00 4.676742371816860512e-03 8.436806132375403861e-03 -1.220099088146381523e-02 2.464555724059484115e-02 1.716878196588509384e-03 -1.145203392326170485e-03 1.485315785618553965e-02 1.253776935900636135e-03
7.668246865381167640e-05 -3.323484049340774682e-02 -2.476528277501503306e-04 1.860412034784780886e-04 5.979548204189381044e-01 -1.715850650344408852e-03 -2.567529225023962064e-05 -9.749650673721249258e-03 -3.957839041548510614e-03 4.906592109995945063e-03 0.000000000000000000e+00 0.000000000000000000e+00 0.000000000000000000e+00 0.000000000000000000e+00 0.000000000000000000e+00 0.000000000000000000e+00 0.000000000000000000e+00 0.000000000000000000e+00 0.000000000000000000e+00 0.000000000000000000e+00 0.000000000000000000e+00 0.000000000000000000e+00 0.000000000000000000e+00 0.000000000000000000e+00 0.000000000000000000e+00 0.000000000000000000e+00 0.000000000000000000e+00 5.492073918897907164e-02 1.700621862726580747e-03 2.487399793816054416e-02 -8.323071242246588008e-02 -4.386397358865918097e-03 -3.730500458342412423e-02 2.564337630287052519e-05 1.985698007989925258e-06 1.401037216458882424e-05 -1.514679369603835913e-06 8.178816899819091810e-07 -3.321270219898388913e-06 -2.103486979646524735e-06 -1.545091374762323387e-06 -1.703622224854301997e-06 4.034595144219681856e-06 -1.342712336997068622e-07 1.072378203539758158e-07 1.192094869884370063e-06 5.326594588411264797e-07 -1.292204765701355247e-09 -2.430975179059008083e-06 -1.264010658345267099e-07 9.189493168344631242e-08 -6.525981862980440981e-07 2.108050525575078235e-04 -3.383735733509900990e-09 -2.146243447152694249e-06 2.491801253046755164e-06 -1.044012916170571186e-06 0.000000000000000000e+00 0.000000000000000000e+00 0.000000000000000000e+00 0.000000000000000000e+00 0.000000000000000000e+00 0.000000000000000000e+00 0.000000000000000000e+00 0.000000000000000000e+00 0.000000000000000000e+00 0.000000000000000000e+00 0.000000000000000000e+00 0.000000000000000000e+00 0.000000000000000000e+00
0.000000000000000000e+00 -1.713332362466080724e-03 1.317915336829468412e-03 -1.876977092385383574e-03 4.107271952124138224e-03 1.883295304384382689e-05 4.812181454216384011e-07 1.279979029813294294e-03 5.238734002742897371e-04 7.437693691030306885e-06 -5.474975106442641140e-03 6.668989226026658352e-06 -2.045091189461282949e-06 -1.715850650344408852e-03 6.173462438053006762e-01 8.477418032437948763e-06 -1.501997701898203112e-03 1.419587248698680072e-03 7.669672175606977735e-04 0.000000000000000000e+00 0.000000000000000000e+00 0.000000000000000000e+00 0.000000000000000000e+00 0.000000000000000000e+00 0.000000000000000000e+00 0.000000000000000000e+00 0.000000000000000000e+00 0.000000000000000000e+00 0.000000000000000000e+00 0.000000000000000000e+00 0.000000000000000000e+00 0.000000000000000000e+00 0.000000000000000000e+00 0.000000000000000000e+00 0.000000000000000000e+00 0.000000000000000000e+00 8.300425622136276688e-03 2.491355472082915838e-04 -8.366917402986038393e-03 -1.251774007574106388e-02 1.323230854578256305e-04 1.232026743134994121e-02 3.863463943318840681e-06 -2.123044281635624961e-07 -4.700528484047698673e-06 -2.679061101954277515e-07 -2.540509023941483770e-07 1.306934434513655292e-06 8.855658448321559982e-07 -5.186877318554947559e-09 -2.105886978199926777e-08 -6.805385426746159329e-08 2.210001036639333655e-06 -1.535903213197022925e-06 -1.085451742615163198e-07 2.032884042811734058e-09 1.384146741249301807e-07 4.377471504097339741e-08 -1.440996450034308103e-06 1.007843952343909663e-06 1.309613751054957642e-08 -3.383735733665576795e-09 2.110522295653673240e-04 -3.913435637550152929e-10 -5.912229244927740052e-07 1.590108813479159826e-08 0.000000000000000000e+00 0.000000000000000000e+00 0.000000000000000000e+00 0.000000000000000000e+00
0.000000000000000000e+00 0.000000000000000000e+00 0.000000000000000000e+00 0.000000000000000000e+00 0.000000000000000000e+00 0.000000000000000000e+00 0.000000000000000000e+00 0.000000000000000000e+00 0.000000000000000000e+00 0.000000000000000000e+00 -8.059497069008513632e-04 -4.791012375037683536e-05 6.511678675622553474e-05 -7.414256926375617908e-05 2.189225747436333684e-03 -1.520707988654432024e-03 -7.972396140867284229e-05 -6.778880629681565427e-06 1.364025028987298068e-04 9.774429641895256626e-05 -2.861142857432300186e-03 2.001726161986086983e-03 -2.567529225023962064e-05 8.477418032437948763e-06 6.178615302808062593e-01 4.334212332813213667e-05 4.782693494373991801e-04 -1.390225662578302898e-05 0.000000000000000000e+00 0.000000000000000000e+00 0.000000000000000000e+00 0.000000000000000000e+00 0.000000000000000000e+00 0.000000000000000000e+00 0.000000000000000000e+00 0.000000000000000000e+00 0.000000000000000000e+00 0.000000000000000000e+00 0.000000000000000000e+00 0.000000000000000000e+00 0.000000000000000000e+00 0.000000000000000000e+00 0.000000000000000000e+00 0.000000000000000000e+00 0.000000000000000000e+00 -1.663315785009857528e-04 5.910202495714219489e-03 1.269798295714034790e-04 2.389478964506340898e-04 -8.661792055605748927e-03 -1.191119945881255406e-04 -8.332025077712488414e-08 2.960250271748329870e-06 -2.449590008748048448e-07 2.544896412810212318e-08 -6.141854485241411563e-07 2.425858638105173356e-07 -1.877593592142500456e-06 -3.687124300525652744e-07 1.195888811675965927e-04 2.783839101860782953e-05 2.692935508360244419e-07 -1.292931473367857747e-07 1.405773002961090269e-05 2.137697634261142353e-06 1.642307894751724923e-08 -2.782537612754443966e-05 -1.159808597957680147e-07 5.897873709970405677e-08 -1.404018154599013083e-05
-2.146243447152694249e-06 -3.913435649487815701e-10 2.853023806377251426e-04 1.008470903702895015e-06 -9.789999880900143512e-08 0.000000000000000000e+00 0.000000000000000000e+00 0.000000000000000000e+00 0.000000000000000000e+00 0.000000000000000000e+00 0.000000000000000000e+00 0.000000000000000000e+00 0.000000000000000000e+00 0.000000000000000000e+00 0.000000000000000000e+00 0.000000000000000000e+00 0.000000000000000000e+00 0.000000000000000000e+00 0.000000000000000000e+00 1.288345068835207484e-03 4.165472057903916395e-04 -1.495258802792849284e-01 1.943437085839851489e-02 9.790544751257050909e-04 -5.946856735191722535e-04 9.777035142910579096e-03 1.498263495620731200e-03 5.517789480281286985e-05 -1.939923384035155754e-02 7.101105202440082627e-04 -4.623832324488578180e-04 -9.749650673721249258e-03 -1.501997701898203112e-03 4.334212332813213667e-05 5.362647355921171810e-01 -5.168414524464332721e-04 8.403899449336699461e-05 0.000000000000000000e+00 0.000000000000000000e+00 0.000000000000000000e+00 0.000000000000000000e+00 0.000000000000000000e+00 0.000000000000000000e+00 0.000000000000000000e+00 0.000000000000000000e+00 0.000000000000000000e+00 0.000000000000000000e+00 0.000000000000000000e+00 0.000000000000000000e+00 0.000000000000000000e+00 0.000000000000000000e+00 0.000000000000000000e+00 0.000000000000000000e+00 0.000000000000000000e+00 3.937463078889199414e-02 1.928811196279417743e-03 -6.045611683183399390e-04 -3.933756264688491322e-02 1.129276912303147761e-03 6.160936924863387367e-04 3.574599507683206754e-05 -1.371758574252553261e-06 -2.375762107995120200e-07 -3.578737808185016462e-05 -2.110418602844225118e-06 2.237502364316118166e-07 -1.362894800174553318e-04 1.757594638054647171e-07 1.407109233611705782e-06 -2.787995962815150409e-06
-8.537912893432720438e-06 6.088093783218530472e-06 7.604722945485136342e-06 -2.512276054031735598e-06 -5.907419172500359999e-07 2.591600195430596675e-06 -8.670911984695883011e-06 6.219952221036075091e-06 -7.808100914814687695e-06 2.491801253046755164e-06 -5.912229244898317304e-07 1.008470903843156471e-06 2.955018322460541244e-04 2.113577892760580245e-07 0.000000000000000000e+00 0.000000000000000000e+00 0.000000000000000000e+00 0.000000000000000000e+00 0.000000000000000000e+00 0.000000000000000000e+00 0.000000000000000000e+00 0.000000000000000000e+00 0.000000000000000000e+00 0.000000000000000000e+00 0.000000000000000000e+00 0.000000000000000000e+00 0.000000000000000000e+00 0.000000000000000000e+00 1.698040618863584095e-01 1.467037186789463320e-04 -9.238807199837997634e-04 -1.686265994451888834e-03 8.739358222890654740e-03 -5.971022390674156528e-03 3.905080863073917032e-03 -1.421007505376693575e-03 4.783874284512009355e-04 1.636371460009975170e-03 8.617700120624724458e-03 -5.927581469937379284e-03 -3.957839041548510614e-03 1.419587248698680072e-03 4.782693494373991801e-04 -5.168414524464332721e-04 5.212701596639913726e-01 7.596351419280627138e-05 0.000000000000000000e+00 0.000000000000000000e+00 0.000000000000000000e+00 0.000000000000000000e+00 0.000000000000000000e+00 0.000000000000000000e+00 0.000000000000000000e+00 0.000000000000000000e+00 0.000000000000000000e+00 0.000000000000000000e+00 0.000000000000000000e+00 0.000000000000000000e+00 0.000000000000000000e+00 0.000000000000000000e+00 0.000000000000000000e+00 0.000000000000000000e+00 0.000000000000000000e+00 -4.626192727816956117e-04 2.668373295047224772e-02 4.888022446622826422e-02 4.679035603069575514e-04 2.686702465636011186e-02 -4.867806736745328156e-02 -8.931500797246952864e-08
-3.053004365816787484e-05 6.039672359505159608e-05 7.924550151861671076e-08 -3.030813344403564247e-05 -6.062638118006408080e-05 -2.508728904760414869e-07 1.568982280631477544e-04 3.679540791897597151e-07 -1.279111504129896965e-05 -3.122801196281609532e-07 1.828094872773577348e-07 -6.425658602905041700e-06 -9.938564921453860722e-07 -1.298519747322648156e-08 -1.286067815385091766e-05 2.944649947206271118e-07 -2.001737493766155636e-07 -6.293539254168886783e-06 -1.044012916186156169e-06 1.590108813105893582e-08 -9.789999887123703534e-08 2.113577892411481704e-07 3.182443786927608765e-04 0.000000000000000000e+00 0.000000000000000000e+00 0.000000000000000000e+00 0.000000000000000000e+00 0.000000000000000000e+00 0.000000000000000000e+00 0.000000000000000000e+00 0.000000000000000000e+00 0.000000000000000000e+00 0.000000000000000000e+00 0.000000000000000000e+00 0.000000000000000000e+00 0.000000000000000000e+00 0.000000000000000000e+00 -2.995991312902069191e-05 -1.586427350621832655e-01 -3.583125686417688253e-04 9.864145153663971682e-03 1.171736614990439342e-04 -5.867733878961442560e-05 4.856328137487231703e-03 7.893661379079229328e-04 1.054999677769431148e-05 9.815879948415090830e-03 -1.452249089938064178e-04 1.069655051320037741e-04 4.906592109995945063e-03 7.669672175606977735e-04 -1.390225662578302898e-05 8.403899449336699461e-05 7.596351419280627138e-05 5.304828235670053793e-01 0.000000000000000000e+00 0.000000000000000000e+00 0.000000000000000000e+00 0.000000000000000000e+00 0.000000000000000000e+00 0.000000000000000000e+00 0.000000000000000000e+00 0.000000000000000000e+00 0.000000000000000000e+00 0.000000000000000000e+00 0.000000000000000000e+00 0.000000000000000000e+00 0.000000000000000000e+00 0.000000000000000000e+00 0.000000000000000000e+00
0.000000000000000000e+00 0.000000000000000000e+00 2.694794204407334123e-02 -6.558004658582970367e-04 -1.866738627871470692e-03 2.693099539475713247e-02 6.942429946558843204e-04 -1.029049918345331617e-03 -3.075774264454708543e-05 -5.958747326789781308e-07 1.098521118383829696e-06 -3.081852695711122903e-05 5.491673241992514983e-07 2.198298590219145587e-06 0.000000000000000000e+00 0.000000000000000000e+00 0.000000000000000000e+00 0.000000000000000000e+00 0.000000000000000000e+00 0.000000000000000000e+00 0.000000000000000000e+00 0.000000000000000000e+00 0.000000000000000000e+00 0.000000000000000000e+00 0.000000000000000000e+00 0.000000000000000000e+00 0.000000000000000000e+00 0.000000000000000000e+00 0.000000000000000000e+00 0.000000000000000000e+00 0.000000000000000000e+00 0.000000000000000000e+00 2.111423625501063022e-04 0.000000000000000000e+00 0.000000000000000000e+00 0.000000000000000000e+00 0.000000000000000000e+00 0.000000000000000000e+00 0.000000000000000000e+00 0.000000000000000000e+00 0.000000000000000000e+00 0.000000000000000000e+00 0.000000000000000000e+00 0.000000000000000000e+00 0.000000000000000000e+00 0.000000000000000000e+00 0.000000000000000000e+00 0.000000000000000000e+00 0.000000000000000000e+00 0.000000000000000000e+00 0.000000000000000000e+00 0.000000000000000000e+00 0.000000000000000000e+00 0.000000000000000000e+00 0.000000000000000000e+00 0.000000000000000000e+00 0.000000000000000000e+00 0.000000000000000000e+00 0.000000000000000000e+00 0.000000000000000000e+00 0.000000000000000000e+00 0.000000000000000000e+00 0.000000000000000000e+00 0.000000000000000000e+00 6.180406651023697684e-01 0.000000000000000000e+00 0.000000000000000000e+00 0.000000000000000000e+00 0.000000000000000000e+00 0.000000000000000000e+00
0.000000000000000000e+00 0.000000000000000000e+00 0.000000000000000000e+00 0.000000000000000000e+00 0.000000000000000000e+00 0.000000000000000000e+00 0.000000000000000000e+00 0.000000000000000000e+00 0.000000000000000000e+00 0.000000000000000000e+00 0.000000000000000000e+00 0.000000000000000000e+00 0.000000000000000000e+00 0.000000000000000000e+00 0.000000000000000000e+00 0.000000000000000000e+00 0.000000000000000000e+00 0.000000000000000000e+00 0.000000000000000000e+00 0.000000000000000000e+00 0.000000000000000000e+00 0.000000000000000000e+00 0.000000000000000000e+00 0.000000000000000000e+00 0.000000000000000000e+00 0.000000000000000000e+00 0.000000000000000000e+00 0.000000000000000000e+00 0.000000000000000000e+00 0.000000000000000000e+00 0.000000000000000000e+00 0.000000000000000000e+00 0.000000000000000000e+00 0.000000000000000000e+00 0.000000000000000000e+00 0.000000000000000000e+00 0.000000000000000000e+00 0.000000000000000000e+00 0.000000000000000000e+00 0.000000000000000000e+00 0.000000000000000000e+00 0.000000000000000000e+00 2.111423625501063022e-04 0.000000000000000000e+00 0.000000000000000000e+00 0.000000000000000000e+00 0.000000000000000000e+00 0.000000000000000000e+00 0.000000000000000000e+00 0.000000000000000000e+00 0.000000000000000000e+00 0.000000000000000000e+00 0.000000000000000000e+00 0.000000000000000000e+00 0.000000000000000000e+00 0.000000000000000000e+00 0.000000000000000000e+00 0.000000000000000000e+00 0.000000000000000000e+00 0.000000000000000000e+00 0.000000000000000000e+00 0.000000000000000000e+00 0.000000000000000000e+00 0.000000000000000000e+00 0.000000000000000000e+00 0.000000000000000000e+00 0.000000000000000000e+00 0.000000000000000000e+00 0.000000000000000000e+00 0.000000000000000000e+00
0.000000000000000000e+00 0.000000000000000000e+00 0.000000000000000000e+00 0.000000000000000000e+00 6.180406651023697684e-01 0.000000000000000000e+00 0.000000000000000000e+00 0.000000000000000000e+00 0.000000000000000000e+00 0.000000000000000000e+00 0.000000000000000000e+00 0.000000000000000000e+00 0.000000000000000000e+00 0.000000000000000000e+00 0.000000000000000000e+00 0.000000000000000000e+00 0.000000000000000000e+00 0.000000000000000000e+00 0.000000000000000000e+00 0.000000000000000000e+00 0.000000000000000000e+00 0.000000000000000000e+00 0.000000000000000000e+00 0.000000000000000000e+00 0.000000000000000000e+00 0.000000000000000000e+00 0.000000000000000000e+00 0.000000000000000000e+00 0.000000000000000000e+00 0.000000000000000000e+00 0.000000000000000000e+00 0.000000000000000000e+00 0.000000000000000000e+00 0.000000000000000000e+00 0.000000000000000000e+00 0.000000000000000000e+00 0.000000000000000000e+00 0.000000000000000000e+00 0.000000000000000000e+00 0.000000000000000000e+00 0.000000000000000000e+00 0.000000000000000000e+00 0.000000000000000000e+00 0.000000000000000000e+00 0.000000000000000000e+00 0.000000000000000000e+00 0.000000000000000000e+00 0.000000000000000000e+00 0.000000000000000000e+00 0.000000000000000000e+00 0.000000000000000000e+00 0.000000000000000000e+00 2.111423625501063022e-04 0.000000000000000000e+00 0.000000000000000000e+00 0.000000000000000000e+00 0.000000000000000000e+00 0.000000000000000000e+00 0.000000000000000000e+00 0.000000000000000000e+00 0.000000000000000000e+00 0.000000000000000000e+00 0.000000000000000000e+00 0.000000000000000000e+00 0.000000000000000000e+00 0.000000000000000000e+00 0.000000000000000000e+00 0.000000000000000000e+00 0.000000000000000000e+00 0.000000000000000000e+00
0.000000000000000000e+00 0.000000000000000000e+00 0.000000000000000000e+00 0.000000000000000000e+00 0.000000000000000000e+00 0.000000000000000000e+00 0.000000000000000000e+00 0.000000000000000000e+00 0.000000000000000000e+00 0.000000000000000000e+00 0.000000000000000000e+00 0.000000000000000000e+00 0.000000000000000000e+00 0.000000000000000000e+00 6.180406651023697684e-01 0.000000000000000000e+00 0.000000000000000000e+00 0.000000000000000000e+00 0.000000000000000000e+00 0.000000000000000000e+00 0.000000000000000000e+00 0.000000000000000000e+00 0.000000000000000000e+00 0.000000000000000000e+00 0.000000000000000000e+00 0.000000000000000000e+00 0.000000000000000000e+00 0.000000000000000000e+00 0.000000000000000000e+00 0.000000000000000000e+00 0.000000000000000000e+00 0.000000000000000000e+00 0.000000000000000000e+00 0.000000000000000000e+00 0.000000000000000000e+00 0.000000000000000000e+00 0.000000000000000000e+00 0.000000000000000000e+00 0.000000000000000000e+00 0.000000000000000000e+00 0.000000000000000000e+00 0.000000000000000000e+00 0.000000000000000000e+00 0.000000000000000000e+00 0.000000000000000000e+00 0.000000000000000000e+00 0.000000000000000000e+00 0.000000000000000000e+00 0.000000000000000000e+00 0.000000000000000000e+00 0.000000000000000000e+00 0.000000000000000000e+00 0.000000000000000000e+00 0.000000000000000000e+00 0.000000000000000000e+00 0.000000000000000000e+00 0.000000000000000000e+00 0.000000000000000000e+00 0.000000000000000000e+00 0.000000000000000000e+00 0.000000000000000000e+00 0.000000000000000000e+00 2.111423625501063022e-04 0.000000000000000000e+00 0.000000000000000000e+00 0.000000000000000000e+00 0.000000000000000000e+00 0.000000000000000000e+00 0.000000000000000000e+00 0.000000000000000000e+00
0.000000000000000000e+00 0.000000000000000000e+00 0.000000000000000000e+00 0.000000000000000000e+00 0.000000000000000000e+00 0.000000000000000000e+00 0.000000000000000000e+00 0.000000000000000000e+00 0.000000000000000000e+00 0.000000000000000000e+00 0.000000000000000000e+00 0.000000000000000000e+00 0.000000000000000000e+00 0.000000000000000000e+00 0.000000000000000000e+00 0.000000000000000000e+00 0.000000000000000000e+00 0.000000000000000000e+00 0.000000000000000000e+00 0.000000000000000000e+00 0.000000000000000000e+00 0.000000000000000000e+00 0.000000000000000000e+00 0.000000000000000000e+00 6.180406651023697684e-01 0.000000000000000000e+00 0.000000000000000000e+00 0.000000000000000000e+00 0.000000000000000000e+00 0.000000000000000000e+00 0.000000000000000000e+00 0.000000000000000000e+00 0.000000000000000000e+00 0.000000000000000000e+00 0.000000000000000000e+00 0.000000000000000000e+00 0.000000000000000000e+00 0.000000000000000000e+00 0.000000000000000000e+00 0.000000000000000000e+00 0.000000000000000000e+00 0.000000000000000000e+00 0.000000000000000000e+00 0.000000000000000000e+00 0.000000000000000000e+00 0.000000000000000000e+00 0.000000000000000000e+00 0.000000000000000000e+00 0.000000000000000000e+00 0.000000000000000000e+00 0.000000000000000000e+00 0.000000000000000000e+00 0.000000000000000000e+00 0.000000000000000000e+00 0.000000000000000000e+00 0.000000000000000000e+00 0.000000000000000000e+00 0.000000000000000000e+00 0.000000000000000000e+00 0.000000000000000000e+00 0.000000000000000000e+00 0.000000000000000000e+00 0.000000000000000000e+00 0.000000000000000000e+00 0.000000000000000000e+00 0.000000000000000000e+00 0.000000000000000000e+00 0.000000000000000000e+00 0.000000000000000000e+00 0.000000000000000000e+00
0.000000000000000000e+00 0.000000000000000000e+00 2.111423625501063022e-04 0.000000000000000000e+00 0.000000000000000000e+00 0.000000000000000000e+00 0.000000000000000000e+00 0.000000000000000000e+00 0.000000000000000000e+00 0.000000000000000000e+00 0.000000000000000000e+00 0.000000000000000000e+00 0.000000000000000000e+00 0.000000000000000000e+00 0.000000000000000000e+00 0.000000000000000000e+00 0.000000000000000000e+00 0.000000000000000000e+00 0.000000000000000000e+00 0.000000000000000000e+00 0.000000000000000000e+00 0.000000000000000000e+00 0.000000000000000000e+00 0.000000000000000000e+00 0.000000000000000000e+00 0.000000000000000000e+00 0.000000000000000000e+00 0.000000000000000000e+00 0.000000000000000000e+00 0.000000000000000000e+00 0.000000000000000000e+00 0.000000000000000000e+00 0.000000000000000000e+00 0.000000000000000000e+00 6.180406651023697684e-01 0.000000000000000000e+00 0.000000000000000000e+00 0.000000000000000000e+00 0.000000000000000000e+00 0.000000000000000000e+00 0.000000000000000000e+00 0.000000000000000000e+00 0.000000000000000000e+00 0.000000000000000000e+00 0.000000000000000000e+00 0.000000000000000000e+00 0.000000000000000000e+00 0.000000000000000000e+00 0.000000000000000000e+00 0.000000000000000000e+00 0.000000000000000000e+00 0.000000000000000000e+00 0.000000000000000000e+00 0.000000000000000000e+00 0.000000000000000000e+00 0.000000000000000000e+00 0.000000000000000000e+00 0.000000000000000000e+00 0.000000000000000000e+00 0.000000000000000000e+00 0.000000000000000000e+00 0.000000000000000000e+00 0.000000000000000000e+00 0.000000000000000000e+00 0.000000000000000000e+00 0.000000000000000000e+00 0.000000000000000000e+00 0.000000000000000000e+00 0.000000000000000000e+00 0.000000000000000000e+00
0.000000000000000000e+00 0.000000000000000000e+00 0.000000000000000000e+00 0.000000000000000000e+00 0.000000000000000000e+00 0.000000000000000000e+00 0.000000000000000000e+00 0.000000000000000000e+00 0.000000000000000000e+00 0.000000000000000000e+00 0.000000000000000000e+00 0.000000000000000000e+00 2.111423625501063022e-04 0.000000000000000000e+00 0.000000000000000000e+00 0.000000000000000000e+00 0.000000000000000000e+00 0.000000000000000000e+00 0.000000000000000000e+00 0.000000000000000000e+00 0.000000000000000000e+00 0.000000000000000000e+00 0.000000000000000000e+00 0.000000000000000000e+00 0.000000000000000000e+00 0.000000000000000000e+00 0.000000000000000000e+00 0.000000000000000000e+00 0.000000000000000000e+00 0.000000000000000000e+00 0.000000000000000000e+00 0.000000000000000000e+00 0.000000000000000000e+00 0.000000000000000000e+00 0.000000000000000000e+00 0.000000000000000000e+00 0.000000000000000000e+00 0.000000000000000000e+00 0.000000000000000000e+00 0.000000000000000000e+00 0.000000000000000000e+00 0.000000000000000000e+00 0.000000000000000000e+00 0.000000000000000000e+00 6.180406651023697684e-01 0.000000000000000000e+00 0.000000000000000000e+00 0.000000000000000000e+00 0.000000000000000000e+00 0.000000000000000000e+00 0.000000000000000000e+00 0.000000000000000000e+00 0.000000000000000000e+00 0.000000000000000000e+00 0.000000000000000000e+00 0.000000000000000000e+00 0.000000000000000000e+00 0.000000000000000000e+00 0.000000000000000000e+00 0.000000000000000000e+00 0.000000000000000000e+00 0.000000000000000000e+00 0.000000000000000000e+00 0.000000000000000000e+00 0.000000000000000000e+00 0.000000000000000000e+00 0.000000000000000000e+00 0.000000000000000000e+00 0.000000000000000000e+00 0.000000000000000000e+00
0.000000000000000000e+00 0.000000000000000000e+00 0.000000000000000000e+00 0.000000000000000000e+00 0.000000000000000000e+00 0.000000000000000000e+00 0.000000000000000000e+00 0.000000000000000000e+00 0.000000000000000000e+00 0.000000000000000000e+00 0.000000000000000000e+00 0.000000000000000000e+00 0.000000000000000000e+00 0.000000000000000000e+00 0.000000000000000000e+00 0.000000000000000000e+00 0.000000000000000000e+00 0.000000000000000000e+00 0.000000000000000000e+00 0.000000000000000000e+00 0.000000000000000000e+00 0.000000000000000000e+00 2.111423625501063022e-04 0.000000000000000000e+00 0.000000000000000000e+00 0.000000000000000000e+00 0.000000000000000000e+00 0.000000000000000000e+00 0.000000000000000000e+00 0.000000000000000000e+00 0.000000000000000000e+00 0.000000000000000000e+00 0.000000000000000000e+00 0.000000000000000000e+00 0.000000000000000000e+00 0.000000000000000000e+00 0.000000000000000000e+00 0.000000000000000000e+00 0.000000000000000000e+00 0.000000000000000000e+00 0.000000000000000000e+00 0.000000000000000000e+00 0.000000000000000000e+00 0.000000000000000000e+00 0.000000000000000000e+00 0.000000000000000000e+00 0.000000000000000000e+00 0.000000000000000000e+00 0.000000000000000000e+00 0.000000000000000000e+00 0.000000000000000000e+00 0.000000000000000000e+00 0.000000000000000000e+00 0.000000000000000000e+00 6.180406651023697684e-01 0.000000000000000000e+00 0.000000000000000000e+00 0.000000000000000000e+00 0.000000000000000000e+00 0.000000000000000000e+00 0.000000000000000000e+00 0.000000000000000000e+00 0.000000000000000000e+00 0.000000000000000000e+00 0.000000000000000000e+00 0.000000000000000000e+00 0.000000000000000000e+00 0.000000000000000000e+00 0.000000000000000000e+00 0.000000000000000000e+00
0.000000000000000000e+00 0.000000000000000000e+00 0.000000000000000000e+00 0.000000000000000000e+00 0.000000000000000000e+00 0.000000000000000000e+00 0.000000000000000000e+00 0.000000000000000000e+00 0.000000000000000000e+00 0.000000000000000000e+00 0.000000000000000000e+00 0.000000000000000000e+00 0.000000000000000000e+00 0.000000000000000000e+00 0.000000000000000000e+00 0.000000000000000000e+00 0.000000000000000000e+00 0.000000000000000000e+00 0.000000000000000000e+00 0.000000000000000000e+00 0.000000000000000000e+00 0.000000000000000000e+00 0.000000000000000000e+00 0.000000000000000000e+00 0.000000000000000000e+00 0.000000000000000000e+00 0.000000000000000000e+00 0.000000000000000000e+00 0.000000000000000000e+00 0.000000000000000000e+00 0.000000000000000000e+00 0.000000000000000000e+00 2.111423625501063022e-04 0.000000000000000000e+00 0.000000000000000000e+00 0.000000000000000000e+00 0.000000000000000000e+00 0.000000000000000000e+00 0.000000000000000000e+00 0.000000000000000000e+00 0.000000000000000000e+00 0.000000000000000000e+00 0.000000000000000000e+00 0.000000000000000000e+00 0.000000000000000000e+00 0.000000000000000000e+00 0.000000000000000000e+00 0.000000000000000000e+00 0.000000000000000000e+00 0.000000000000000000e+00 0.000000000000000000e+00 0.000000000000000000e+00 0.000000000000000000e+00 0.000000000000000000e+00 0.000000000000000000e+00 0.000000000000000000e+00 0.000000000000000000e+00 0.000000000000000000e+00 0.000000000000000000e+00 0.000000000000000000e+00 0.000000000000000000e+00 0.000000000000000000e+00 0.000000000000000000e+00 0.000000000000000000e+00 6.180406651023697684e-01 0.000000000000000000e+00 0.000000000000000000e+00 0.000000000000000000e+00 0.000000000000000000e+00 0.000000000000000000e+00
0.000000000000000000e+00 0.000000000000000000e+00 0.000000000000000000e+00 0.000000000000000000e+00 0.000000000000000000e+00 0.000000000000000000e+00 0.000000000000000000e+00 0.000000000000000000e+00 0.000000000000000000e+00 0.000000000000000000e+00 0.000000000000000000e+00 0.000000000000000000e+00 0.000000000000000000e+00 0.000000000000000000e+00 0.000000000000000000e+00 0.000000000000000000e+00 0.000000000000000000e+00 0.000000000000000000e+00 0.000000000000000000e+00 0.000000000000000000e+00 0.000000000000000000e+00 0.000000000000000000e+00 0.000000000000000000e+00 0.000000000000000000e+00 0.000000000000000000e+00 0.000000000000000000e+00 0.000000000000000000e+00 0.000000000000000000e+00 0.000000000000000000e+00 0.000000000000000000e+00 0.000000000000000000e+00 0.000000000000000000e+00 0.000000000000000000e+00 0.000000000000000000e+00 0.000000000000000000e+00 0.000000000000000000e+00 0.000000000000000000e+00 0.000000000000000000e+00 0.000000000000000000e+00 0.000000000000000000e+00 0.000000000000000000e+00 0.000000000000000000e+00 2.111423625501063022e-04 0.000000000000000000e+00 0.000000000000000000e+00 0.000000000000000000e+00 0.000000000000000000e+00 0.000000000000000000e+00 0.000000000000000000e+00 0.000000000000000000e+00 0.000000000000000000e+00 0.000000000000000000e+00 0.000000000000000000e+00 0.000000000000000000e+00 0.000000000000000000e+00 0.000000000000000000e+00 0.000000000000000000e+00 0.000000000000000000e+00 0.000000000000000000e+00 0.000000000000000000e+00 0.000000000000000000e+00 0.000000000000000000e+00 0.000000000000000000e+00 0.000000000000000000e+00 0.000000000000000000e+00 0.000000000000000000e+00 0.000000000000000000e+00 0.000000000000000000e+00 0.000000000000000000e+00 0.000000000000000000e+00
0.000000000000000000e+00 0.000000000000000000e+00 0.000000000000000000e+00 0.000000000000000000e+00 6.180406651023697684e-01 0.000000000000000000e+00 0.000000000000000000e+00 0.000000000000000000e+00 0.000000000000000000e+00 0.000000000000000000e+00 0.000000000000000000e+00 0.000000000000000000e+00 0.000000000000000000e+00 0.000000000000000000e+00 0.000000000000000000e+00 0.000000000000000000e+00 0.000000000000000000e+00 0.000000000000000000e+00 0.000000000000000000e+00 0.000000000000000000e+00 0.000000000000000000e+00 0.000000000000000000e+00 0.000000000000000000e+00 0.000000000000000000e+00 0.000000000000000000e+00 0.000000000000000000e+00 0.000000000000000000e+00 0.000000000000000000e+00 0.000000000000000000e+00 0.000000000000000000e+00 0.000000000000000000e+00 0.000000000000000000e+00 0.000000000000000000e+00 0.000000000000000000e+00 0.000000000000000000e+00 0.000000000000000000e+00 0.000000000000000000e+00 0.000000000000000000e+00 0.000000000000000000e+00 0.000000000000000000e+00 0.000000000000000000e+00 0.000000000000000000e+00 0.000000000000000000e+00 0.000000000000000000e+00 0.000000000000000000e+00 0.000000000000000000e+00 0.000000000000000000e+00 0.000000000000000000e+00 0.000000000000000000e+00 0.000000000000000000e+00 0.000000000000000000e+00 0.000000000000000000e+00 2.111423625501063022e-04 0.000000000000000000e+00 0.000000000000000000e+00 0.000000000000000000e+00 0.000000000000000000e+00 0.000000000000000000e+00 0.000000000000000000e+00 0.000000000000000000e+00 0.000000000000000000e+00 0.000000000000000000e+00 0.000000000000000000e+00 0.000000000000000000e+00 0.000000000000000000e+00 0.000000000000000000e+00 0.000000000000000000e+00 0.000000000000000000e+00 0.000000000000000000e+00 0.000000000000000000e+00
0.000000000000000000e+00 0.000000000000000000e+00 0.000000000000000000e+00 0.000000000000000000e+00 0.000000000000000000e+00 0.000000000000000000e+00 0.000000000000000000e+00 0.000000000000000000e+00 0.000000000000000000e+00 0.000000000000000000e+00 0.000000000000000000e+00 0.000000000000000000e+00 0.000000000000000000e+00 0.000000000000000000e+00 6.180406651023697684e-01 0.000000000000000000e+00 0.000000000000000000e+00 0.000000000000000000e+00 0.000000000000000000e+00 0.000000000000000000e+00 0.000000000000000000e+00 0.000000000000000000e+00 0.000000000000000000e+00 0.000000000000000000e+00 0.000000000000000000e+00 0.000000000000000000e+00 0.000000000000000000e+00 0.000000000000000000e+00 0.000000000000000000e+00 0.000000000000000000e+00 0.000000000000000000e+00 0.000000000000000000e+00 0.000000000000000000e+00 0.000000000000000000e+00 0.000000000000000000e+00 0.000000000000000000e+00 0.000000000000000000e+00 0.000000000000000000e+00 0.000000000000000000e+00 0.000000000000000000e+00 0.000000000000000000e+00 0.000000000000000000e+00 0.000000000000000000e+00 0.000000000000000000e+00 0.000000000000000000e+00 0.000000000000000000e+00 0.000000000000000000e+00 0.000000000000000000e+00 0.000000000000000000e+00 0.000000000000000000e+00 0.000000000000000000e+00 0.000000000000000000e+00 0.000000000000000000e+00 0.000000000000000000e+00 0.000000000000000000e+00 0.000000000000000000e+00 0.000000000000000000e+00 0.000000000000000000e+00 0.000000000000000000e+00 0.000000000000000000e+00 0.000000000000000000e+00 0.000000000000000000e+00 2.111423625501063022e-04 0.000000000000000000e+00 0.000000000000000000e+00 0.000000000000000000e+00 0.000000000000000000e+00 0.000000000000000000e+00 0.000000000000000000e+00 0.000000000000000000e+00
0.000000000000000000e+00 0.000000000000000000e+00 0.000000000000000000e+00 0.000000000000000000e+00 0.000000000000000000e+00 0.000000000000000000e+00 0.000000000000000000e+00 0.000000000000000000e+00 0.000000000000000000e+00 0.000000000000000000e+00 0.000000000000000000e+00 0.000000000000000000e+00 0.000000000000000000e+00 0.000000000000000000e+00 0.000000000000000000e+00 0.000000000000000000e+00 0.000000000000000000e+00 0.000000000000000000e+00 0.000000000000000000e+00 0.000000000000000000e+00 0.000000000000000000e+00 0.000000000000000000e+00 0.000000000000000000e+00 0.000000000000000000e+00 6.180406651023697684e-01 0.000000000000000000e+00 0.000000000000000000e+00 0.000000000000000000e+00 0.000000000000000000e+00 0.000000000000000000e+00 0.000000000000000000e+00 0.000000000000000000e+00 0.000000000000000000e+00 0.000000000000000000e+00 0.000000000000000000e+00 0.000000000000000000e+00 0.000000000000000000e+00 0.000000000000000000e+00 0.000000000000000000e+00 0.000000000000000000e+00 0.000000000000000000e+00 0.000000000000000000e+00 0.000000000000000000e+00 0.000000000000000000e+00 0.000000000000000000e+00 0.000000000000000000e+00 0.000000000000000000e+00 0.000000000000000000e+00 0.000000000000000000e+00 0.000000000000000000e+00 0.000000000000000000e+00 0.000000000000000000e+00 0.000000000000000000e+00 0.000000000000000000e+00 0.000000000000000000e+00 0.000000000000000000e+00 0.000000000000000000e+00 0.000000000000000000e+00 0.000000000000000000e+00 0.000000000000000000e+00 0.000000000000000000e+00 0.000000000000000000e+00 0.000000000000000000e+00 0.000000000000000000e+00 0.000000000000000000e+00 0.000000000000000000e+00 0.000000000000000000e+00 0.000000000000000000e+00 0.000000000000000000e+00 0.000000000000000000e+00
0.000000000000000000e+00 0.000000000000000000e+00 2.111423625501063022e-04 0.000000000000000000e+00 0.000000000000000000e+00 0.000000000000000000e+00 0.000000000000000000e+00 0.000000000000000000e+00 0.000000000000000000e+00 0.000000000000000000e+00 0.000000000000000000e+00 0.000000000000000000e+00 0.000000000000000000e+00 0.000000000000000000e+00 0.000000000000000000e+00 0.000000000000000000e+00 0.000000000000000000e+00 0.000000000000000000e+00 0.000000000000000000e+00 0.000000000000000000e+00 0.000000000000000000e+00 0.000000000000000000e+00 0.000000000000000000e+00 0.000000000000000000e+00 0.000000000000000000e+00 0.000000000000000000e+00 0.000000000000000000e+00 0.000000000000000000e+00 0.000000000000000000e+00 0.000000000000000000e+00 0.000000000000000000e+00 0.000000000000000000e+00 0.000000000000000000e+00 0.000000000000000000e+00 6.180406651023697684e-01 0.000000000000000000e+00 0.000000000000000000e+00 0.000000000000000000e+00 0.000000000000000000e+00 0.000000000000000000e+00 0.000000000000000000e+00 0.000000000000000000e+00 0.000000000000000000e+00 0.000000000000000000e+00 0.000000000000000000e+00 0.000000000000000000e+00 0.000000000000000000e+00 0.000000000000000000e+00 0.000000000000000000e+00 0.000000000000000000e+00 0.000000000000000000e+00 0.000000000000000000e+00 0.000000000000000000e+00 0.000000000000000000e+00 0.000000000000000000e+00 0.000000000000000000e+00 0.000000000000000000e+00 0.000000000000000000e+00 0.000000000000000000e+00 0.000000000000000000e+00 0.000000000000000000e+00 0.000000000000000000e+00 0.000000000000000000e+00 0.000000000000000000e+00 0.000000000000000000e+00 0.000000000000000000e+00 0.000000000000000000e+00 0.000000000000000000e+00 0.000000000000000000e+00 0.000000000000000000e+00
0.000000000000000000e+00 0.000000000000000000e+00 0.000000000000000000e+00 0.000000000000000000e+00 0.000000000000000000e+00 0.000000000000000000e+00 0.000000000000000000e+00 0.000000000000000000e+00 0.000000000000000000e+00 0.000000000000000000e+00 0.000000000000000000e+00 0.000000000000000000e+00 2.111423625501063022e-04 0.000000000000000000e+00 0.000000000000000000e+00 0.000000000000000000e+00 0.000000000000000000e+00 0.000000000000000000e+00 0.000000000000000000e+00 0.000000000000000000e+00 0.000000000000000000e+00 0.000000000000000000e+00 0.000000000000000000e+00 0.000000000000000000e+00 0.000000000000000000e+00 0.000000000000000000e+00 0.000000000000000000e+00 0.000000000000000000e+00 0.000000000000000000e+00 0.000000000000000000e+00 0.000000000000000000e+00 0.000000000000000000e+00 0.000000000000000000e+00 0.000000000000000000e+00 0.000000000000000000e+00 0.000000000000000000e+00 0.000000000000000000e+00 0.000000000000000000e+00 0.000000000000000000e+00 0.000000000000000000e+00 0.000000000000000000e+00 0.000000000000000000e+00 0.000000000000000000e+00 0.000000000000000000e+00 6.180406651023697684e-01 0.000000000000000000e+00 0.000000000000000000e+00 0.000000000000000000e+00 0.000000000000000000e+00 0.000000000000000000e+00 0.000000000000000000e+00 0.000000000000000000e+00 0.000000000000000000e+00 0.000000000000000000e+00 0.000000000000000000e+00 0.000000000000000000e+00 0.000000000000000000e+00 0.000000000000000000e+00 0.000000000000000000e+00 0.000000000000000000e+00 0.000000000000000000e+00 0.000000000000000000e+00 0.000000000000000000e+00 0.000000000000000000e+00 0.000000000000000000e+00 0.000000000000000000e+00 0.000000000000000000e+00 0.000000000000000000e+00 0.000000000000000000e+00 0.000000000000000000e+00
0.000000000000000000e+00 0.000000000000000000e+00 0.000000000000000000e+00 0.000000000000000000e+00 0.000000000000000000e+00 0.000000000000000000e+00 0.000000000000000000e+00 0.000000000000000000e+00 0.000000000000000000e+00 0.000000000000000000e+00 0.000000000000000000e+00 0.000000000000000000e+00 0.000000000000000000e+00 0.000000000000000000e+00 0.000000000000000000e+00 0.000000000000000000e+00 0.000000000000000000e+00 0.000000000000000000e+00 0.000000000000000000e+00 0.000000000000000000e+00 0.000000000000000000e+00 0.000000000000000000e+00 2.111423625501063022e-04 0.000000000000000000e+00 0.000000000000000000e+00 0.000000000000000000e+00 0.000000000000000000e+00 0.000000000000000000e+00 0.000000000000000000e+00 0.000000000000000000e+00 0.000000000000000000e+00 0.000000000000000000e+00 0.000000000000000000e+00 0.000000000000000000e+00 0.000000000000000000e+00 0.000000000000000000e+00 0.000000000000000000e+00 0.000000000000000000e+00 0.000000000000000000e+00 0.000000000000000000e+00 0.000000000000000000e+00 0.000000000000000000e+00 0.000000000000000000e+00 0.000000000000000000e+00 0.000000000000000000e+00 0.000000000000000000e+00 0.000000000000000000e+00 0.000000000000000000e+00 0.000000000000000000e+00 0.000000000000000000e+00 0.000000000000000000e+00 0.000000000000000000e+00 0.000000000000000000e+00 0.000000000000000000e+00 6.180406651023697684e-01 0.000000000000000000e+00 0.000000000000000000e+00 0.000000000000000000e+00 0.000000000000000000e+00 0.000000000000000000e+00 0.000000000000000000e+00 0.000000000000000000e+00 0.000000000000000000e+00 0.000000000000000000e+00 0.000000000000000000e+00 0.000000000000000000e+00 0.000000000000000000e+00 0.000000000000000000e+00 0.000000000000000000e+00 0.000000000000000000e+00
