# Dual color encoding: per-vertex RGB for Rerun, face MTL colors for legacy RViz.
mtllib sim_gene01_r_hand_middle_2.mtl
# Rhino

g sim_gene01_r_hand_middle_2
v -5.3840028506638795 32.898991866845869 -10.371243414789602 0.0980392157 0.0980392157 0.0980392157
v -2.9665586420197059 33.398134883625573 -12.486328224584595 0.0980392157 0.0980392157 0.0980392157
v -10.289902832461404 33.344012258659326 -9.1168706679871772 0.0980392157 0.0980392157 0.0980392157
v -5.3840028506638795 32.898991866845869 -10.371243414789602 0.0980392157 0.0980392157 0.0980392157
v -0.48314106541844781 30.966422728190352 -8.8429175423536641 0.0980392157 0.0980392157 0.0980392157
v 4.6559031512373963 33.348131479144826 -12.001849323099096 0.0980392157 0.0980392157 0.0980392157
v 4.6559031512373963 33.348131479144826 -12.001849323099096 0.0980392157 0.0980392157 0.0980392157
v 13.106818793348015 33.395480128445655 -7.7424504236607916 0.0980392157 0.0980392157 0.0980392157
v 10.76969590508476 33.438136168991797 -10.408897766701145 0.0980392157 0.0980392157 0.0980392157
v 2.0132138422210026 5.912806297820822 -12.255210297615498 0.0980392157 0.0980392157 0.0980392157
v -3.2407801823339284 13.416797067487664 -12.160835211495375 0.0980392157 0.0980392157 0.0980392157
v 4.6559031512373963 33.348131479144826 -12.001849323099096 0.0980392157 0.0980392157 0.0980392157
v 11.465133331301985 5.9092777732629997 -10.096080570229319 0.0980392157 0.0980392157 0.0980392157
v -11.020854222623763 5.1110580549370752 -10.392649793246315 0.0980392157 0.0980392157 0.0980392157
v -2.5176083520891126 -5.7628104340074939 -10.221682735273895 0.0980392157 0.0980392157 0.0980392157
v -8.5998239952061599 -5.682512699780796 -8.7491452129192684 0.0980392157 0.0980392157 0.0980392157
v 9.4468168499591769 -5.7763267610446265 -9.1122841161188415 0.0980392157 0.0980392157 0.0980392157
v -11.076830952119227 33.440970241130188 -10.243843828240763 0.0980392157 0.0980392157 0.0980392157
v -13.124838082442928 33.317603272967169 -7.7804648305115478 0.0980392157 0.0980392157 0.0980392157
v -10.732118219742588 35.205193797307281 -6.2804393475150038 0.0980392157 0.0980392157 0.0980392157
v -10.315762159067813 20.000061121492759 -9.1231794097009526 0.0980392157 0.0980392157 0.0980392157
v -6.3350436209867667 20.929701282896982 -10.515225674402879 0.0980392157 0.0980392157 0.0980392157
v -10.289902832461404 33.344012258659326 -9.1168706679871772 0.0980392157 0.0980392157 0.0980392157
v -11.651407849020217 29.574590654302259 -7.4927204028080263 0.0980392157 0.0980392157 0.0980392157
v -10.289902832461404 33.344012258659326 -9.1168706679871772 0.0980392157 0.0980392157 0.0980392157
v -10.732118219742588 35.205193797307281 -6.2804393475150038 0.0980392157 0.0980392157 0.0980392157
v -4.3013215152470083 32.363134026487721 -6.5366127160674656 0.0980392157 0.0980392157 0.0980392157
v -0.48314106541844781 30.966422728190352 -8.8429175423536641 0.0980392157 0.0980392157 0.0980392157
v -5.3840028506638795 32.898991866845869 -10.371243414789602 0.0980392157 0.0980392157 0.0980392157
v -4.3013215152470083 32.363134026487721 -6.5366127160674656 0.0980392157 0.0980392157 0.0980392157
v -5.3840028506638795 32.898991866845869 -10.371243414789602 0.0980392157 0.0980392157 0.0980392157
v -2.8957445737947238 24.930225898801378 -8.6603191660004732 0.0980392157 0.0980392157 0.0980392157
v 3.7462365627288818 32.272937774658203 -6.4986677169799805 0.0980392157 0.0980392157 0.0980392157
v 4.6559031512373963 33.348131479144826 -12.001849323099096 0.0980392157 0.0980392157 0.0980392157
v -0.48314106541844781 30.966422728190352 -8.8429175423536641 0.0980392157 0.0980392157 0.0980392157
v 6.5473932588950765 28.603262593946095 -9.882584452435287 0.0980392157 0.0980392157 0.0980392157
v 13.106818793348015 33.395480128445655 -7.7424504236607916 0.0980392157 0.0980392157 0.0980392157
v 4.6559031512373963 33.348131479144826 -12.001849323099096 0.0980392157 0.0980392157 0.0980392157
v 3.7284228488942768 27.995178930713298 -7.2790072367215011 0.0980392157 0.0980392157 0.0980392157
v 6.5473932588950765 28.603262593946095 -9.882584452435287 0.0980392157 0.0980392157 0.0980392157
v 4.6559031512373963 33.348131479144826 -12.001849323099096 0.0980392157 0.0980392157 0.0980392157
v 3.7284228488942768 27.995178930713298 -7.2790072367215011 0.0980392157 0.0980392157 0.0980392157
v 4.6559031512373963 33.348131479144826 -12.001849323099096 0.0980392157 0.0980392157 0.0980392157
v 3.7462365627288818 32.272937774658203 -6.4986677169799805 0.0980392157 0.0980392157 0.0980392157
v 3.7462365627288818 32.272937774658203 -6.4986677169799805 0.0980392157 0.0980392157 0.0980392157
v -0.48314106541844781 30.966422728190352 -8.8429175423536641 0.0980392157 0.0980392157 0.0980392157
v -4.3013215152470083 32.363134026487721 -6.5366127160674656 0.0980392157 0.0980392157 0.0980392157
v 11.024595601331143 20.180525599239907 -7.427755278553402 0.0980392157 0.0980392157 0.0980392157
v 13.106818793348015 33.395480128445655 -7.7424504236607916 0.0980392157 0.0980392157 0.0980392157
v 8.1654714728577584 19.814550538410174 -9.8356247305910465 0.0980392157 0.0980392157 0.0980392157
v -11.651407849020217 29.574590654302259 -7.4927204028080263 0.0980392157 0.0980392157 0.0980392157
v -10.315762159067813 20.000061121492759 -9.1231794097009526 0.0980392157 0.0980392157 0.0980392157
v -10.289902832461404 33.344012258659326 -9.1168706679871772 0.0980392157 0.0980392157 0.0980392157
v -13.124838082442928 33.317603272967169 -7.7804648305115478 0.0980392157 0.0980392157 0.0980392157
v -11.076830952119227 33.440970241130188 -10.243843828240763 0.0980392157 0.0980392157 0.0980392157
v -13.160473303879703 -4.8115802852681622 -6.6126400834410255 0.0980392157 0.0980392157 0.0980392157
v -4.1065648121194194 23.124193600645114 -6.5230797691901508 0.0980392157 0.0980392157 0.0980392157
v -4.3013215152470083 32.363134026487721 -6.5366127160674656 0.0980392157 0.0980392157 0.0980392157
v -2.8957445737947238 24.930225898801378 -8.6603191660004732 0.0980392157 0.0980392157 0.0980392157
v 4.884321975634192 21.323524113846769 -10.461556242338688 0.0980392157 0.0980392157 0.0980392157
v 6.5473932588950765 28.603262593946095 -9.882584452435287 0.0980392157 0.0980392157 0.0980392157
v 3.7284228488942768 27.995178930713298 -7.2790072367215011 0.0980392157 0.0980392157 0.0980392157
v -12.368352453778179 22.671988912882284 -5.2422505291117458 0.0980392157 0.0980392157 0.0980392157
v 3.7462365627288818 22.185932159423828 -6.4990839958190918 0.0980392157 0.0980392157 0.0980392157
v 4.884321975634192 21.323524113846769 -10.461556242338688 0.0980392157 0.0980392157 0.0980392157
v 3.7284228488942768 27.995178930713298 -7.2790072367215011 0.0980392157 0.0980392157 0.0980392157
v 3.7462365627288818 22.185932159423828 -6.4990839958190918 0.0980392157 0.0980392157 0.0980392157
v -2.8957445737947238 24.930225898801378 -8.6603191660004732 0.0980392157 0.0980392157 0.0980392157
v 4.884321975634192 21.323524113846769 -10.461556242338688 0.0980392157 0.0980392157 0.0980392157
v -6.3350436209867667 20.929701282896982 -10.515225674402879 0.0980392157 0.0980392157 0.0980392157
v -10.315762159067813 20.000061121492759 -9.1231794097009526 0.0980392157 0.0980392157 0.0980392157
v -7.1203565452964774 20.23916808692104 -6.495727909316372 0.0980392157 0.0980392157 0.0980392157
v 4.884321975634192 21.323524113846769 -10.461556242338688 0.0980392157 0.0980392157 0.0980392157
v -2.8957445737947238 24.930225898801378 -8.6603191660004732 0.0980392157 0.0980392157 0.0980392157
v -6.3350436209867667 20.929701282896982 -10.515225674402879 0.0980392157 0.0980392157 0.0980392157
v 1.3114982941493736 3.8733108580935944 -10.551642117950637 0.0980392157 0.0980392157 0.0980392157
v 4.884321975634192 21.323524113846769 -10.461556242338688 0.0980392157 0.0980392157 0.0980392157
v 3.7462365627288818 22.185932159423828 -6.4990839958190918 0.0980392157 0.0980392157 0.0980392157
v -4.1065648121194194 23.124193600645114 -6.5230797691901508 0.0980392157 0.0980392157 0.0980392157
v -2.8957445737947238 24.930225898801378 -8.6603191660004732 0.0980392157 0.0980392157 0.0980392157
v 8.1654714728577584 19.814550538410174 -9.8356247305910465 0.0980392157 0.0980392157 0.0980392157
v 4.884321975634192 21.323524113846769 -10.461556242338688 0.0980392157 0.0980392157 0.0980392157
v 6.251008755028634 19.044511955715777 -6.3632930740073865 0.0980392157 0.0980392157 0.0980392157
v 11.024595601331143 20.180525599239907 -7.427755278553402 0.0980392157 0.0980392157 0.0980392157
v 8.1654714728577584 19.814550538410174 -9.8356247305910465 0.0980392157 0.0980392157 0.0980392157
v -7.4389946190181817 12.362339727663072 -6.266038673803644 0.0980392157 0.0980392157 0.0980392157
v -7.9769701873380603 11.424709812171018 -9.7416779392959203 0.0980392157 0.0980392157 0.0980392157
v -6.3350436209867667 20.929701282896982 -10.515225674402879 0.0980392157 0.0980392157 0.0980392157
v -7.9769701873380603 11.424709812171018 -9.7416779392959203 0.0980392157 0.0980392157 0.0980392157
v 6.6731829169043966 14.588604288881033 -10.143075301643549 0.0980392157 0.0980392157 0.0980392157
v 11.53415595192433 5.8032676334584083 -8.2076703290581552 0.0980392157 0.0980392157 0.0980392157
v -7.4389946190181817 12.362339727663072 -6.266038673803644 0.0980392157 0.0980392157 0.0980392157
v -11.575435835546079 11.725033145455685 -7.2693123574989569 0.0980392157 0.0980392157 0.0980392157
v -7.9769701873380603 11.424709812171018 -9.7416779392959203 0.0980392157 0.0980392157 0.0980392157
v -7.7982727590952576 10.081418974322316 -6.4939234275114135 0.0980392157 0.0980392157 0.0980392157
v -7.800387089814441 3.9849852812235218 -6.5194183621048944 0.0980392157 0.0980392157 0.0980392157
v -8.4958314275475022 3.9884915694154355 -9.3049004950265992 0.0980392157 0.0980392157 0.0980392157
v -7.7982727590952576 10.081418974322316 -6.4939234275114135 0.0980392157 0.0980392157 0.0980392157
v -7.9769701873380603 11.424709812171018 -9.7416779392959203 0.0980392157 0.0980392157 0.0980392157
v -11.575435835546079 11.725033145455685 -7.2693123574989569 0.0980392157 0.0980392157 0.0980392157
v 11.53415595192433 5.8032676334584083 -8.2076703290581552 0.0980392157 0.0980392157 0.0980392157
v 9.2751106389977789 12.640505395689562 -6.671581125900703 0.0980392157 0.0980392157 0.0980392157
v 6.6731829169043966 14.588604288881033 -10.143075301643549 0.0980392157 0.0980392157 0.0980392157
v 13.106818793348015 33.395480128445655 -7.7424504236607916 0.0980392157 0.0980392157 0.0980392157
v 13.002554373682187 -3.7179789739413307 -6.4218790544843047 0.0980392157 0.0980392157 0.0980392157
v -7.800387089814441 3.9849852812235218 -6.5194183621048944 0.0980392157 0.0980392157 0.0980392157
v 1.3114982941493736 3.8733108580935944 -10.551642117950637 0.0980392157 0.0980392157 0.0980392157
v -8.4958314275475022 3.9884915694154355 -9.3049004950265992 0.0980392157 0.0980392157 0.0980392157
v 7.5347966670056197 4.1960017517082022 -6.5740015179467282 0.0980392157 0.0980392157 0.0980392157
v -5.1234425583629974 -0.98703394581161286 -5.0542481160190249 0.0980392157 0.0980392157 0.0980392157
v -2.7369781775277646 -5.4431729534443427 -8.699449958088902 0.0980392157 0.0980392157 0.0980392157
v -4.8428623702013462 2.0136058257921654 -9.4316534195957384 0.0980392157 0.0980392157 0.0980392157
v 3.8767408037814297 2.2882788697104637 -9.8625899057772468 0.0980392157 0.0980392157 0.0980392157
v -4.8428623702013462 2.0136058257921654 -9.4316534195957384 0.0980392157 0.0980392157 0.0980392157
v -2.7369781775277646 -5.4431729534443427 -8.699449958088902 0.0980392157 0.0980392157 0.0980392157
v 5.2177127049778163 -0.6267083852650257 -4.6751978495351452 0.0980392157 0.0980392157 0.0980392157
v 3.8767408037814297 2.2882788697104637 -9.8625899057772468 0.0980392157 0.0980392157 0.0980392157
v 3.6649012073299625 -5.3702305168012732 -8.8217044886306439 0.0980392157 0.0980392157 0.0980392157
v -5.551570616820519 -5.192875042466425 -6.8149218152540803 0.0980392157 0.0980392157 0.0980392157
v -8.5998239952061599 -5.682512699780796 -8.7491452129192684 0.0980392157 0.0980392157 0.0980392157
v -2.5176083520891126 -5.7628104340074939 -10.221682735273895 0.0980392157 0.0980392157 0.0980392157
v -11.35128023857447 -4.8901865373513713 -7.0841893235381734 0.0980392157 0.0980392157 0.0980392157
v -13.160473303879703 -4.8115802852681622 -6.6126400834410255 0.0980392157 0.0980392157 0.0980392157
v -2.7369781775277646 -5.4431729534443427 -8.699449958088902 0.0980392157 0.0980392157 0.0980392157
v 3.6649012073299625 -5.3702305168012732 -8.8217044886306439 0.0980392157 0.0980392157 0.0980392157
v -8.0712111519420979 30.313700717092043 -6.5045084256682673 0.0980392157 0.0980392157 0.0980392157
v -11.651407849020217 29.574590654302259 -7.4927204028080263 0.0980392157 0.0980392157 0.0980392157
v -10.732118219742588 35.205193797307281 -6.2804393475150038 0.0980392157 0.0980392157 0.0980392157
v 11.98246217949386 33.313099496881492 -5.0035956917219231 0.0980392157 0.0980392157 0.0980392157
v 13.106818793348015 33.395480128445655 -7.7424504236607916 0.0980392157 0.0980392157 0.0980392157
v 7.7923869130080563 34.253130389761019 -6.4979759636093064 0.0980392157 0.0980392157 0.0980392157
v -2.4555670797223028 34.981294614440856 -6.442408524871996 0.0980392157 0.0980392157 0.0980392157
v 7.7923869130080563 34.253130389761019 -6.4979759636093064 0.0980392157 0.0980392157 0.0980392157
v -2.4469971348716171 38.63297944256535 -4.2901387012567715 0.0980392157 0.0980392157 0.0980392157
v -4.3013215152470083 32.363134026487721 -6.5366127160674656 0.0980392157 0.0980392157 0.0980392157
v 3.7462365627288818 32.272937774658203 -6.4986677169799805 0.0980392157 0.0980392157 0.0980392157
v 3.7284228488942768 27.995178930713298 -7.2790072367215011 0.0980392157 0.0980392157 0.0980392157
v 11.024595601331143 20.180525599239907 -7.427755278553402 0.0980392157 0.0980392157 0.0980392157
v 6.251008755028634 19.044511955715777 -6.3632930740073865 0.0980392157 0.0980392157 0.0980392157
v 13.106818793348015 33.395480128445655 -7.7424504236607916 0.0980392157 0.0980392157 0.0980392157
v -12.368352453778179 22.671988912882284 -5.2422505291117458 0.0980392157 0.0980392157 0.0980392157
v -11.651407849020217 29.574590654302259 -7.4927204028080263 0.0980392157 0.0980392157 0.0980392157
v -8.8775791348414241 29.385834599162422 -3.8698981165647477 0.0980392157 0.0980392157 0.0980392157
v -4.1065648121194194 23.124193600645114 -6.5230797691901508 0.0980392157 0.0980392157 0.0980392157
v -4.1065648121194194 23.124193600645114 -6.5230797691901508 0.0980392157 0.0980392157 0.0980392157
v 3.7462365627288818 22.185932159423828 -6.4990839958190918 0.0980392157 0.0980392157 0.0980392157
v -7.1203565452964774 20.23916808692104 -6.495727909316372 0.0980392157 0.0980392157 0.0980392157
v -10.315762159067813 20.000061121492759 -9.1231794097009526 0.0980392157 0.0980392157 0.0980392157
v -8.7808519459582524 19.870607432189441 -3.8733579909449776 0.0980392157 0.0980392157 0.0980392157
v -7.1203565452964774 20.23916808692104 -6.495727909316372 0.0980392157 0.0980392157 0.0980392157
v -8.7808519459582524 19.870607432189441 -3.8733579909449776 0.0980392157 0.0980392157 0.0980392157
v -8.0712111519420979 30.313700717092043 -6.5045084256682673 0.0980392157 0.0980392157 0.0980392157
v -7.1203565452964774 20.23916808692104 -6.495727909316372 0.0980392157 0.0980392157 0.0980392157
v 1.1016417422827169 16.787656794552611 -6.3252842018440587 0.0980392157 0.0980392157 0.0980392157
v -7.4389946190181817 12.362339727663072 -6.266038673803644 0.0980392157 0.0980392157 0.0980392157
v 6.251008755028634 19.044511955715777 -6.3632930740073865 0.0980392157 0.0980392157 0.0980392157
v 5.5286786951865619 13.685560132326072 -6.0083706846492051 0.0980392157 0.0980392157 0.0980392157
v -11.575435835546079 11.725033145455685 -7.2693123574989569 0.0980392157 0.0980392157 0.0980392157
v -11.35128023857447 -4.8901865373513713 -7.0841893235381734 0.0980392157 0.0980392157 0.0980392157
v -7.800387089814441 3.9849852812235218 -6.5194183621048944 0.0980392157 0.0980392157 0.0980392157
v -8.5998239952061599 -5.682512699780796 -8.7491452129192684 0.0980392157 0.0980392157 0.0980392157
v -7.800387089814441 3.9849852812235218 -6.5194183621048944 0.0980392157 0.0980392157 0.0980392157
v -0.62316347184529286 1.815493351009444 -5.3063038713991562 0.0980392157 0.0980392157 0.0980392157
v -4.8428623702013462 2.0136058257921654 -9.4316534195957384 0.0980392157 0.0980392157 0.0980392157
v 3.8767408037814297 2.2882788697104637 -9.8625899057772468 0.0980392157 0.0980392157 0.0980392157
v -0.62316347184529286 1.815493351009444 -5.3063038713991562 0.0980392157 0.0980392157 0.0980392157
v -5.1234425583629974 -0.98703394581161286 -5.0542481160190249 0.0980392157 0.0980392157 0.0980392157
v -4.8428623702013462 2.0136058257921654 -9.4316534195957384 0.0980392157 0.0980392157 0.0980392157
v 9.2751106389977789 12.640505395689562 -6.671581125900703 0.0980392157 0.0980392157 0.0980392157
v 7.5347966670056197 4.1960017517082022 -6.5740015179467282 0.0980392157 0.0980392157 0.0980392157
v -7.800387089814441 3.9849852812235218 -6.5194183621048944 0.0980392157 0.0980392157 0.0980392157
v 5.2177127049778163 -0.6267083852650257 -4.6751978495351452 0.0980392157 0.0980392157 0.0980392157
v -5.551570616820519 -5.192875042466425 -6.8149218152540803 0.0980392157 0.0980392157 0.0980392157
v -2.7369781775277646 -5.4431729534443427 -8.699449958088902 0.0980392157 0.0980392157 0.0980392157
v -5.1234425583629974 -0.98703394581161286 -5.0542481160190249 0.0980392157 0.0980392157 0.0980392157
v 5.283797218411177 -5.8085138786065675 -4.0150670000209026 0.0980392157 0.0980392157 0.0980392157
v 5.2177127049778163 -0.6267083852650257 -4.6751978495351452 0.0980392157 0.0980392157 0.0980392157
v 3.6649012073299625 -5.3702305168012732 -8.8217044886306439 0.0980392157 0.0980392157 0.0980392157
v -7.6890320985425786 -7.0566798056244302 1.0253078955733153 0.0980392157 0.0980392157 0.0980392157
v 5.283797218411177 -5.8085138786065675 -4.0150670000209026 0.0980392157 0.0980392157 0.0980392157
v 9.4468168499591769 -5.7763267610446265 -9.1122841161188415 0.0980392157 0.0980392157 0.0980392157
v 13.002554373682187 -3.7179789739413307 -6.4218790544843047 0.0980392157 0.0980392157 0.0980392157
v 5.283797218411177 -5.8085138786065675 -4.0150670000209026 0.0980392157 0.0980392157 0.0980392157
v 1.6850608024493607 48.956849269781827 -0.0054247014222910221 0.0980392157 0.0980392157 0.0980392157
v 2.6002189623054357 48.334456211579997 -5.6955428837691757 0.0980392157 0.0980392157 0.0980392157
v -8.3394471463466786 48.551884231050458 -0.74401211848763882 0.0980392157 0.0980392157 0.0980392157
v 2.6002189623054357 48.334456211579997 -5.6955428837691757 0.0980392157 0.0980392157 0.0980392157
v -10.324676495077219 44.593291183378305 -6.5366516367197649 0.0980392157 0.0980392157 0.0980392157
v 2.5 45.689971923828125 -3.3507237434387207 0.0980392157 0.0980392157 0.0980392157
v 7.5535713132687423 43.73860689198321 -0.57220173092274973 0.0980392157 0.0980392157 0.0980392157
v 2.6002189623054357 48.334456211579997 -5.6955428837691757 0.0980392157 0.0980392157 0.0980392157
v 2.6174773993939664 46.944732158863843 6.1183996016552902 0.0980392157 0.0980392157 0.0980392157
v 2.5 45.689971923828125 -3.3507237434387207 0.0980392157 0.0980392157 0.0980392157
v 2.6002189623054357 48.334456211579997 -5.6955428837691757 0.0980392157 0.0980392157 0.0980392157
v 1.6850608024493607 48.956849269781827 -0.0054247014222910221 0.0980392157 0.0980392157 0.0980392157
v 7.196084296928114 45.223186006226342 -6.049621254357219 0.0980392157 0.0980392157 0.0980392157
v -10.324676495077219 44.593291183378305 -6.5366516367197649 0.0980392157 0.0980392157 0.0980392157
v 2.6002189623054357 48.334456211579997 -5.6955428837691757 0.0980392157 0.0980392157 0.0980392157
v 7.5535713132687423 43.73860689198321 -0.57220173092274973 0.0980392157 0.0980392157 0.0980392157
v 7.196084296928114 45.223186006226342 -6.049621254357219 0.0980392157 0.0980392157 0.0980392157
v 2.6002189623054357 48.334456211579997 -5.6955428837691757 0.0980392157 0.0980392157 0.0980392157
v -1.5719219967362055 41.73933795962175 -6.2335633690599366 0.0980392157 0.0980392157 0.0980392157
v -1.5719219967362055 41.73933795962175 -6.2335633690599366 0.0980392157 0.0980392157 0.0980392157
v -8.8775791348414241 29.385834599162422 -3.8698981165647477 0.0980392157 0.0980392157 0.0980392157
v -2.5677831083845515 11.73666481920319 -3.8842905057534791 0.0980392157 0.0980392157 0.0980392157
v 1.1016417422827169 16.787656794552611 -6.3252842018440587 0.0980392157 0.0980392157 0.0980392157
v 0.80763809622394933 8.1398639490338809 -6.4059837020992756 0.0980392157 0.0980392157 0.0980392157
v 2.6275856383798217 13.110783630912382 -3.9513308784132839 0.0980392157 0.0980392157 0.0980392157
v 1.1016417422827169 16.787656794552611 -6.3252842018440587 0.0980392157 0.0980392157 0.0980392157
v 5.5286786951865619 13.685560132326072 -6.0083706846492051 0.0980392157 0.0980392157 0.0980392157
v 0.80763809622394933 8.1398639490338809 -6.4059837020992756 0.0980392157 0.0980392157 0.0980392157
v -1.5719219967362055 41.73933795962175 -6.2335633690599366 0.0980392157 0.0980392157 0.0980392157
v 7.7757198329315509 35.285975452984026 -3.9778612817348664 0.0980392157 0.0980392157 0.0980392157
v 7.7923869130080563 34.253130389761019 -6.4979759636093064 0.0980392157 0.0980392157 0.0980392157
v 7.196084296928114 45.223186006226342 -6.049621254357219 0.0980392157 0.0980392157 0.0980392157
v -1.5719219967362055 41.73933795962175 -6.2335633690599366 0.0980392157 0.0980392157 0.0980392157
v -2.4469971348716171 38.63297944256535 -4.2901387012567715 0.0980392157 0.0980392157 0.0980392157
v -2.4555670797223028 34.981294614440856 -6.442408524871996 0.0980392157 0.0980392157 0.0980392157
v -1.5719219967362055 41.73933795962175 -6.2335633690599366 0.0980392157 0.0980392157 0.0980392157
v -8.3394471463466786 48.551884231050458 -0.74401211848763882 0.0980392157 0.0980392157 0.0980392157
v -10.324676495077219 44.593291183378305 -6.5366516367197649 0.0980392157 0.0980392157 0.0980392157
v -10.366465738829488 44.581432392550902 6.4753576964271522 0.0980392157 0.0980392157 0.0980392157
v -6.2443874612626544 47.864374515408592 4.283986710801611 0.0980392157 0.0980392157 0.0980392157
v -8.3394471463466786 48.551884231050458 -0.74401211848763882 0.0980392157 0.0980392157 0.0980392157
v -10.366465738829488 44.581432392550902 6.4753576964271522 0.0980392157 0.0980392157 0.0980392157
v -12.321573496623831 43.455660124653733 -1.4696803271149093 0.0980392157 0.0980392157 0.0980392157
v -10.324676495077219 44.593291183378305 -6.5366516367197649 0.0980392157 0.0980392157 0.0980392157
v -10.732118219742588 35.205193797307281 -6.2804393475150038 0.0980392157 0.0980392157 0.0980392157
v 11.675590061534303 39.951528033101411 -0.29488549266719288 0.0980392157 0.0980392157 0.0980392157
v 7.196084296928114 45.223186006226342 -6.049621254357219 0.0980392157 0.0980392157 0.0980392157
v 7.5535713132687423 43.73860689198321 -0.57220173092274973 0.0980392157 0.0980392157 0.0980392157
v 11.675590061534303 39.951528033101411 -0.29488549266719288 0.0980392157 0.0980392157 0.0980392157
v 7.7757198329315509 35.285975452984026 -3.9778612817348664 0.0980392157 0.0980392157 0.0980392157
v 7.196084296928114 45.223186006226342 -6.049621254357219 0.0980392157 0.0980392157 0.0980392157
v 11.998930771280088 32.564170316364965 2.9878955733891059 0.0980392157 0.0980392157 0.0980392157
v 11.98246217949386 33.313099496881492 -5.0035956917219231 0.0980392157 0.0980392157 0.0980392157
v 11.997557872697225 20.285438281667012 -5.0433457768294323 0.0980392157 0.0980392157 0.0980392157
v 9.0998878456410139 19.449015005199744 -4.2221006513803534 0.0980392157 0.0980392157 0.0980392157
v 11.997557872697225 20.285438281667012 -5.0433457768294323 0.0980392157 0.0980392157 0.0980392157
v 7.7757198329315509 35.285975452984026 -3.9778612817348664 0.0980392157 0.0980392157 0.0980392157
v 9.0998878456410139 19.449015005199744 -4.2221006513803534 0.0980392157 0.0980392157 0.0980392157
v 7.7757198329315509 35.285975452984026 -3.9778612817348664 0.0980392157 0.0980392157 0.0980392157
v 8.0481653779837981 35.108366759747199 3.3662892966325195 0.0980392157 0.0980392157 0.0980392157
v -8.7808519459582524 19.870607432189441 -3.8733579909449776 0.0980392157 0.0980392157 0.0980392157
v -12.368352453778179 22.671988912882284 -5.2422505291117458 0.0980392157 0.0980392157 0.0980392157
v -8.8775791348414241 29.385834599162422 -3.8698981165647477 0.0980392157 0.0980392157 0.0980392157
v -8.7808519459582524 19.870607432189441 -3.8733579909449776 0.0980392157 0.0980392157 0.0980392157
v -10.315762159067813 20.000061121492759 -9.1231794097009526 0.0980392157 0.0980392157 0.0980392157
v -12.368352453778179 22.671988912882284 -5.2422505291117458 0.0980392157 0.0980392157 0.0980392157
v 9.0998878456410139 19.449015005199744 -4.2221006513803534 0.0980392157 0.0980392157 0.0980392157
v 11.989043618696094 20.166516128262295 3.0224903405751697 0.0980392157 0.0980392157 0.0980392157
v 11.997557872697225 20.285438281667012 -5.0433457768294323 0.0980392157 0.0980392157 0.0980392157
v 0.80763809622394933 8.1398639490338809 -6.4059837020992756 0.0980392157 0.0980392157 0.0980392157
v -7.4389946190181817 12.362339727663072 -6.266038673803644 0.0980392157 0.0980392157 0.0980392157
v -2.5677831083845515 11.73666481920319 -3.8842905057534791 0.0980392157 0.0980392157 0.0980392157
v -2.5677831083845515 11.73666481920319 -3.8842905057534791 0.0980392157 0.0980392157 0.0980392157
v 1.1016417422827169 16.787656794552611 -6.3252842018440587 0.0980392157 0.0980392157 0.0980392157
v 2.6275856383798217 13.110783630912382 -3.9513308784132839 0.0980392157 0.0980392157 0.0980392157
v 0.80763809622394933 8.1398639490338809 -6.4059837020992756 0.0980392157 0.0980392157 0.0980392157
v -7.3238365928031159 9.2730837104099475 1.359269699405147 0.0980392157 0.0980392157 0.0980392157
v -7.4389946190181817 12.362339727663072 -6.266038673803644 0.0980392157 0.0980392157 0.0980392157
v -7.800387089814441 3.9849852812235218 -6.5194183621048944 0.0980392157 0.0980392157 0.0980392157
v -2.5677831083845515 11.73666481920319 -3.8842905057534791 0.0980392157 0.0980392157 0.0980392157
v 2.6275856383798217 13.110783630912382 -3.9513308784132839 0.0980392157 0.0980392157 0.0980392157
v 0.80763809622394933 8.1398639490338809 -6.4059837020992756 0.0980392157 0.0980392157 0.0980392157
v -7.6890320985425786 -7.0566798056244302 1.0253078955733153 0.0980392157 0.0980392157 0.0980392157
v -7.800387089814441 3.9849852812235218 -6.5194183621048944 0.0980392157 0.0980392157 0.0980392157
v -12.833325990146736 6.4560939226437499 5.9900609268328466 0.0980392157 0.0980392157 0.0980392157
v -7.3238365928031159 9.2730837104099475 1.359269699405147 0.0980392157 0.0980392157 0.0980392157
v -7.8000001907348633 4.0293359756469727 3.0276684761047363 0.0980392157 0.0980392157 0.0980392157
v -10.947100949670926 8.3923612756157837 4.9794766447744792 0.0980392157 0.0980392157 0.0980392157
v -7.7814469283598271 -2.8307452760126477 6.6587417005986991 0.0980392157 0.0980392157 0.0980392157
v -7.8000001907348633 4.0293359756469727 3.0276684761047363 0.0980392157 0.0980392157 0.0980392157
v -12.833325990146736 6.4560939226437499 5.9900609268328466 0.0980392157 0.0980392157 0.0980392157
v -7.8000001907348633 4.0293359756469727 3.0276684761047363 0.0980392157 0.0980392157 0.0980392157
v -6.8682406636923305 4.2843934535784012 8.4064436630750929 0.0980392157 0.0980392157 0.0980392157
v -7.7814469283598271 -2.8307452760126477 6.6587417005986991 0.0980392157 0.0980392157 0.0980392157
v -7.6890320985425786 -7.0566798056244302 1.0253078955733153 0.0980392157 0.0980392157 0.0980392157
v -5.2743681395123829 -7.8966758357088933 2.258511940198515 0.0980392157 0.0980392157 0.0980392157
v 7.4869115854264185 11.882112952609349 -4.6405076043183726 0.0980392157 0.0980392157 0.0980392157
v 7.8668352151907639 -5.599275475506067 -3.7914603685498292 0.0980392157 0.0980392157 0.0980392157
v 12.058764939815138 -0.3809954933104378 -4.6305550971348559 0.0980392157 0.0980392157 0.0980392157
v 7.6989147372300719 8.0038712836485324 -0.53297267156011496 0.0980392157 0.0980392157 0.0980392157
v 7.8668352151907639 -5.599275475506067 -3.7914603685498292 0.0980392157 0.0980392157 0.0980392157
v 7.4869115854264185 11.882112952609349 -4.6405076043183726 0.0980392157 0.0980392157 0.0980392157
v 13.540257227041867 12.17197173964434 1.4689250895579564 0.0980392157 0.0980392157 0.0980392157
v -5.1234425583629974 -0.98703394581161286 -5.0542481160190249 0.0980392157 0.0980392157 0.0980392157
v -0.62316347184529286 1.815493351009444 -5.3063038713991562 0.0980392157 0.0980392157 0.0980392157
v -4.8584955541950947 4.7647319397142738 -1.8755108792838249 0.0980392157 0.0980392157 0.0980392157
v 5.07646904503261 -7.5034237240082673 2.1111290290982261 0.0980392157 0.0980392157 0.0980392157
v 5.283797218411177 -5.8085138786065675 -4.0150670000209026 0.0980392157 0.0980392157 0.0980392157
v 7.8668352151907639 -5.599275475506067 -3.7914603685498292 0.0980392157 0.0980392157 0.0980392157
v 5.283797218411177 -5.8085138786065675 -4.0150670000209026 0.0980392157 0.0980392157 0.0980392157
v 13.002554373682187 -3.7179789739413307 -6.4218790544843047 0.0980392157 0.0980392157 0.0980392157
v 7.5535713132687423 43.73860689198321 -0.57220173092274973 0.0980392157 0.0980392157 0.0980392157
v 2.5 45.689971923828125 -3.3507237434387207 0.0980392157 0.0980392157 0.0980392157
v 2.6174773993939664 46.944732158863843 6.1183996016552902 0.0980392157 0.0980392157 0.0980392157
v -13.544995400001456 39.536942392970452 -0.29647918054509398 0.0980392157 0.0980392157 0.0980392157
v -12.321573496623831 43.455660124653733 -1.4696803271149093 0.0980392157 0.0980392157 0.0980392157
v -10.732118219742588 35.205193797307281 -6.2804393475150038 0.0980392157 0.0980392157 0.0980392157
v 13.450210228980694 32.651642300314649 3.3355767000295224 0.0980392157 0.0980392157 0.0980392157
v 11.98246217949386 33.313099496881492 -5.0035956917219231 0.0980392157 0.0980392157 0.0980392157
v 8.0481653779837981 35.108366759747199 3.3662892966325195 0.0980392157 0.0980392157 0.0980392157
v 11.998930771280088 32.564170316364965 2.9878955733891059 0.0980392157 0.0980392157 0.0980392157
v 9.4060406139156143 19.712920172682786 2.9464226290212592 0.0980392157 0.0980392157 0.0980392157
v 13.450210228980694 32.651642300314649 3.3355767000295224 0.0980392157 0.0980392157 0.0980392157
v -8.8883209225852138 14.845157918805057 0.10900461201167234 0.0980392157 0.0980392157 0.0980392157
v -11.575435835546079 11.725033145455685 -7.2693123574989569 0.0980392157 0.0980392157 0.0980392157
v -7.4389946190181817 12.362339727663072 -6.266038673803644 0.0980392157 0.0980392157 0.0980392157
v -4.3176241682102416 12.293749975698374 0.07621865749461515 0.0980392157 0.0980392157 0.0980392157
v -8.8883209225852138 14.845157918805057 0.10900461201167234 0.0980392157 0.0980392157 0.0980392157
v -7.4389946190181817 12.362339727663072 -6.266038673803644 0.0980392157 0.0980392157 0.0980392157
v -7.3238365928031159 9.2730837104099475 1.359269699405147 0.0980392157 0.0980392157 0.0980392157
v -4.3176241682102416 12.293749975698374 0.07621865749461515 0.0980392157 0.0980392157 0.0980392157
v -7.4389946190181817 12.362339727663072 -6.266038673803644 0.0980392157 0.0980392157 0.0980392157
v 8.5435440022044755 14.181362745693651 0.16202657092501954 0.0980392157 0.0980392157 0.0980392157
v 7.4869115854264185 11.882112952609349 -4.6405076043183726 0.0980392157 0.0980392157 0.0980392157
v 11.815213147576648 12.609605112132094 -4.9258287395549658 0.0980392157 0.0980392157 0.0980392157
v 8.5435440022044755 14.181362745693651 0.16202657092501954 0.0980392157 0.0980392157 0.0980392157
v 7.6989147372300719 8.0038712836485324 -0.53297267156011496 0.0980392157 0.0980392157 0.0980392157
v 7.4869115854264185 11.882112952609349 -4.6405076043183726 0.0980392157 0.0980392157 0.0980392157
v 12.058764939815138 -0.3809954933104378 -4.6305550971348559 0.0980392157 0.0980392157 0.0980392157
v 7.8668352151907639 -5.599275475506067 -3.7914603685498292 0.0980392157 0.0980392157 0.0980392157
v 12.242039435849005 5.875386854767525 6.2290701476109254 0.0980392157 0.0980392157 0.0980392157
v 7.6989147372300719 8.0038712836485324 -0.53297267156011496 0.0980392157 0.0980392157 0.0980392157
v 7.5710053576123491 10.397666742432618 1.761365250313045 0.0980392157 0.0980392157 0.0980392157
v 3.9166903661300236 13.977267848357437 2.3354675629410093 0.0980392157 0.0980392157 0.0980392157
v 8.5435440022044755 14.181362745693651 0.16202657092501954 0.0980392157 0.0980392157 0.0980392157
v 7.5710053576123491 10.397666742432618 1.761365250313045 0.0980392157 0.0980392157 0.0980392157
v 3.9166903661300236 13.977267848357437 2.3354675629410093 0.0980392157 0.0980392157 0.0980392157
v 7.5710053576123491 10.397666742432618 1.761365250313045 0.0980392157 0.0980392157 0.0980392157
v 3.8436623399646659 9.763027170010675 0.13358607040142401 0.0980392157 0.0980392157 0.0980392157
v 8.5435440022044755 14.181362745693651 0.16202657092501954 0.0980392157 0.0980392157 0.0980392157
v 4.0275510976694004 13.934340236498656 -2.2313906224870128 0.0980392157 0.0980392157 0.0980392157
v 7.6989147372300719 8.0038712836485324 -0.53297267156011496 0.0980392157 0.0980392157 0.0980392157
v -12.157071838067955 10.177854053714912 -0.027655560705979867 0.0980392157 0.0980392157 0.0980392157
v -11.35128023857447 -4.8901865373513713 -7.0841893235381734 0.0980392157 0.0980392157 0.0980392157
v -11.575435835546079 11.725033145455685 -7.2693123574989569 0.0980392157 0.0980392157 0.0980392157
v -0.62316347184529286 1.815493351009444 -5.3063038713991562 0.0980392157 0.0980392157 0.0980392157
v 3.8472629845436326 4.6122937332432601 -2.0997380347871761 0.0980392157 0.0980392157 0.0980392157
v -4.8584955541950947 4.7647319397142738 -1.8755108792838249 0.0980392157 0.0980392157 0.0980392157
v 5.2177127049778163 -0.6267083852650257 -4.6751978495351452 0.0980392157 0.0980392157 0.0980392157
v 3.8472629845436326 4.6122937332432601 -2.0997380347871761 0.0980392157 0.0980392157 0.0980392157
v -0.62316347184529286 1.815493351009444 -5.3063038713991562 0.0980392157 0.0980392157 0.0980392157
v -5.2032781583708685 -1.685868693725098 7.2476993902616149 0.0980392157 0.0980392157 0.0980392157
v -5.2743681395123829 -7.8966758357088933 2.258511940198515 0.0980392157 0.0980392157 0.0980392157
v 7.6989147372300719 8.0038712836485324 -0.53297267156011496 0.0980392157 0.0980392157 0.0980392157
v 7.7914363748877591 1.2163774391872701 6.9191054039886541 0.0980392157 0.0980392157 0.0980392157
v 7.8668352151907639 -5.599275475506067 -3.7914603685498292 0.0980392157 0.0980392157 0.0980392157
v 7.7914363748877591 1.2163774391872701 6.9191054039886541 0.0980392157 0.0980392157 0.0980392157
v 5.4296941290761733 -0.73352966255469099 7.4637149032416632 0.0980392157 0.0980392157 0.0980392157
v 7.8244727833839063 -6.4581849528682378 3.9080058154853328 0.0980392157 0.0980392157 0.0980392157
v 12.242039435849005 5.875386854767525 6.2290701476109254 0.0980392157 0.0980392157 0.0980392157
v 7.7914363748877591 1.2163774391872701 6.9191054039886541 0.0980392157 0.0980392157 0.0980392157
v 7.6989147372300719 8.0038712836485324 -0.53297267156011496 0.0980392157 0.0980392157 0.0980392157
v 11.675590061534303 39.951528033101411 -0.29488549266719288 0.0980392157 0.0980392157 0.0980392157
v 8.0481653779837981 35.108366759747199 3.3662892966325195 0.0980392157 0.0980392157 0.0980392157
v 7.7757198329315509 35.285975452984026 -3.9778612817348664 0.0980392157 0.0980392157 0.0980392157
v -13.544995400001456 39.536942392970452 -0.29647918054509398 0.0980392157 0.0980392157 0.0980392157
v -10.732118219742588 35.205193797307281 -6.2804393475150038 0.0980392157 0.0980392157 0.0980392157
v -11.028374164214231 34.41658155530844 6.321904933189801 0.0980392157 0.0980392157 0.0980392157
v -11.028374164214231 34.41658155530844 6.321904933189801 0.0980392157 0.0980392157 0.0980392157
v -10.732118219742588 35.205193797307281 -6.2804393475150038 0.0980392157 0.0980392157 0.0980392157
v -13.630605586985011 32.794374993486635 1.8184890587555267 0.0980392157 0.0980392157 0.0980392157
v -12.157071838067955 10.177854053714912 -0.027655560705979867 0.0980392157 0.0980392157 0.0980392157
v -11.575435835546079 11.725033145455685 -7.2693123574989569 0.0980392157 0.0980392157 0.0980392157
v -8.8883209225852138 14.845157918805057 0.10900461201167234 0.0980392157 0.0980392157 0.0980392157
v 3.9166903661300236 13.977267848357437 2.3354675629410093 0.0980392157 0.0980392157 0.0980392157
v 3.8436623399646659 9.763027170010675 0.13358607040142401 0.0980392157 0.0980392157 0.0980392157
v 4.0275510976694004 13.934340236498656 -2.2313906224870128 0.0980392157 0.0980392157 0.0980392157
v 7.6989147372300719 8.0038712836485324 -0.53297267156011496 0.0980392157 0.0980392157 0.0980392157
v 4.0275510976694004 13.934340236498656 -2.2313906224870128 0.0980392157 0.0980392157 0.0980392157
v 3.8436623399646659 9.763027170010675 0.13358607040142401 0.0980392157 0.0980392157 0.0980392157
v 8.5435440022044755 14.181362745693651 0.16202657092501954 0.0980392157 0.0980392157 0.0980392157
v 11.815213147576648 12.609605112132094 -4.9258287395549658 0.0980392157 0.0980392157 0.0980392157
v 11.939263925246092 12.201710548660371 2.0150463915095917 0.0980392157 0.0980392157 0.0980392157
v -7.4391926911385822 11.803790967344126 5.097330746895965 0.0980392157 0.0980392157 0.0980392157
v -4.3176241682102416 12.293749975698374 0.07621865749461515 0.0980392157 0.0980392157 0.0980392157
v -7.3238365928031159 9.2730837104099475 1.359269699405147 0.0980392157 0.0980392157 0.0980392157
v 3.9803291360545594 4.510344509853959 3.6884807413889922 0.0980392157 0.0980392157 0.0980392157
v 3.8472629845436326 4.6122937332432601 -2.0997380347871761 0.0980392157 0.0980392157 0.0980392157
v 13.540257227041867 12.17197173964434 1.4689250895579564 0.0980392157 0.0980392157 0.0980392157
v -6.2443874612626544 47.864374515408592 4.283986710801611 0.0980392157 0.0980392157 0.0980392157
v 7.3441202125784022 44.366787932478772 6.0588352576387381 0.0980392157 0.0980392157 0.0980392157
v 11.675590061534303 39.951528033101411 -0.29488549266719288 0.0980392157 0.0980392157 0.0980392157
v 7.5535713132687423 43.73860689198321 -0.57220173092274973 0.0980392157 0.0980392157 0.0980392157
v 7.3441202125784022 44.366787932478772 6.0588352576387381 0.0980392157 0.0980392157 0.0980392157
v 9.4060406139156143 19.712920172682786 2.9464226290212592 0.0980392157 0.0980392157 0.0980392157
v 11.989043618696094 20.166516128262295 3.0224903405751697 0.0980392157 0.0980392157 0.0980392157
v 12.331727276762091 12.947657636398635 7.7079745626601524 0.0980392157 0.0980392157 0.0980392157
v -13.407761346990124 12.760391558319705 1.6413072051746607 0.0980392157 0.0980392157 0.0980392157
v -13.203065802469673 12.376644434213029 4.8447641350438673 0.0980392157 0.0980392157 0.0980392157
v -13.630605586985011 32.794374993486635 1.8184890587555267 0.0980392157 0.0980392157 0.0980392157
v -7.4391926911385822 11.803790967344126 5.097330746895965 0.0980392157 0.0980392157 0.0980392157
v -8.8883209225852138 14.845157918805057 0.10900461201167234 0.0980392157 0.0980392157 0.0980392157
v -4.3176241682102416 12.293749975698374 0.07621865749461515 0.0980392157 0.0980392157 0.0980392157
v -10.947100949670926 8.3923612756157837 4.9794766447744792 0.0980392157 0.0980392157 0.0980392157
v -12.157071838067955 10.177854053714912 -0.027655560705979867 0.0980392157 0.0980392157 0.0980392157
v -8.8883209225852138 14.845157918805057 0.10900461201167234 0.0980392157 0.0980392157 0.0980392157
v -13.203065802469673 12.376644434213029 4.8447641350438673 0.0980392157 0.0980392157 0.0980392157
v -8.8883209225852138 14.845157918805057 0.10900461201167234 0.0980392157 0.0980392157 0.0980392157
v -7.4391926911385822 11.803790967344126 5.097330746895965 0.0980392157 0.0980392157 0.0980392157
v -10.947100949670926 8.3923612756157837 4.9794766447744792 0.0980392157 0.0980392157 0.0980392157
v -8.8883209225852138 14.845157918805057 0.10900461201167234 0.0980392157 0.0980392157 0.0980392157
v -13.203065802469673 12.376644434213029 4.8447641350438673 0.0980392157 0.0980392157 0.0980392157
v -10.947100949670926 8.3923612756157837 4.9794766447744792 0.0980392157 0.0980392157 0.0980392157
v -13.407761346990124 12.760391558319705 1.6413072051746607 0.0980392157 0.0980392157 0.0980392157
v -12.157071838067955 10.177854053714912 -0.027655560705979867 0.0980392157 0.0980392157 0.0980392157
v 5.4296941290761733 -0.73352966255469099 7.4637149032416632 0.0980392157 0.0980392157 0.0980392157
v 5.07646904503261 -7.5034237240082673 2.1111290290982261 0.0980392157 0.0980392157 0.0980392157
v 8.0481653779837981 35.108366759747199 3.3662892966325195 0.0980392157 0.0980392157 0.0980392157
v 11.675590061534303 39.951528033101411 -0.29488549266719288 0.0980392157 0.0980392157 0.0980392157
v 7.3441202125784022 44.366787932478772 6.0588352576387381 0.0980392157 0.0980392157 0.0980392157
v 12.331727276762091 12.947657636398635 7.7079745626601524 0.0980392157 0.0980392157 0.0980392157
v 11.067392295991416 8.0809484735701105 6.6094121799658803 0.0980392157 0.0980392157 0.0980392157
v 7.5710053576123491 10.397666742432618 1.761365250313045 0.0980392157 0.0980392157 0.0980392157
v 8.5435440022044755 14.181362745693651 0.16202657092501954 0.0980392157 0.0980392157 0.0980392157
v 11.067392295991416 8.0809484735701105 6.6094121799658803 0.0980392157 0.0980392157 0.0980392157
v 12.331727276762091 12.947657636398635 7.7079745626601524 0.0980392157 0.0980392157 0.0980392157
v 11.939263925246092 12.201710548660371 2.0150463915095917 0.0980392157 0.0980392157 0.0980392157
v -12.833325990146736 6.4560939226437499 5.9900609268328466 0.0980392157 0.0980392157 0.0980392157
v -10.947100949670926 8.3923612756157837 4.9794766447744792 0.0980392157 0.0980392157 0.0980392157
v -13.407761346990124 12.760391558319705 1.6413072051746607 0.0980392157 0.0980392157 0.0980392157
v -12.833325990146736 6.4560939226437499 5.9900609268328466 0.0980392157 0.0980392157 0.0980392157
v -13.407761346990124 12.760391558319705 1.6413072051746607 0.0980392157 0.0980392157 0.0980392157
v -10.947100949670926 8.3923612756157837 4.9794766447744792 0.0980392157 0.0980392157 0.0980392157
v -13.203065802469673 12.376644434213029 4.8447641350438673 0.0980392157 0.0980392157 0.0980392157
v -10.947100949670926 8.3923612756157837 4.9794766447744792 0.0980392157 0.0980392157 0.0980392157
v 11.067392295991416 8.0809484735701105 6.6094121799658803 0.0980392157 0.0980392157 0.0980392157
v 11.939263925246092 12.201710548660371 2.0150463915095917 0.0980392157 0.0980392157 0.0980392157
v 7.5710053576123491 10.397666742432618 1.761365250313045 0.0980392157 0.0980392157 0.0980392157
v 12.242039435849005 5.875386854767525 6.2290701476109254 0.0980392157 0.0980392157 0.0980392157
v 7.5710053576123491 10.397666742432618 1.761365250313045 0.0980392157 0.0980392157 0.0980392157
v 11.939263925246092 12.201710548660371 2.0150463915095917 0.0980392157 0.0980392157 0.0980392157
v 12.242039435849005 5.875386854767525 6.2290701476109254 0.0980392157 0.0980392157 0.0980392157
v 11.939263925246092 12.201710548660371 2.0150463915095917 0.0980392157 0.0980392157 0.0980392157
v 13.540257227041867 12.17197173964434 1.4689250895579564 0.0980392157 0.0980392157 0.0980392157
v 12.242039435849005 5.875386854767525 6.2290701476109254 0.0980392157 0.0980392157 0.0980392157
v 13.540257227041867 12.17197173964434 1.4689250895579564 0.0980392157 0.0980392157 0.0980392157
v 12.331727276762091 12.947657636398635 7.7079745626601524 0.0980392157 0.0980392157 0.0980392157
v -4.320738240586933 4.0435622995539537 3.8273581784117443 0.0980392157 0.0980392157 0.0980392157
v -4.8584955541950947 4.7647319397142738 -1.8755108792838249 0.0980392157 0.0980392157 0.0980392157
v -10.366465738829488 44.581432392550902 6.4753576964271522 0.0980392157 0.0980392157 0.0980392157
v 2.6174773993939664 46.944732158863843 6.1183996016552902 0.0980392157 0.0980392157 0.0980392157
v -11.028374164214231 34.41658155530844 6.321904933189801 0.0980392157 0.0980392157 0.0980392157
v -10.366465738829488 44.581432392550902 6.4753576964271522 0.0980392157 0.0980392157 0.0980392157
v -13.544995400001456 39.536942392970452 -0.29647918054509398 0.0980392157 0.0980392157 0.0980392157
v -3.5807197181430936 36.125550155596066 6.4391826531628773 0.0980392157 0.0980392157 0.0980392157
v -0.93486644837574295 36.273881527234131 4.7035114295643048 0.0980392157 0.0980392157 0.0980392157
v -0.99669002488524328 42.143025430093687 6.0539844311569242 0.0980392157 0.0980392157 0.0980392157
v 7.9878273240147042 34.328398669688454 6.4885439752785485 0.0980392157 0.0980392157 0.0980392157
v 8.0481653779837981 35.108366759747199 3.3662892966325195 0.0980392157 0.0980392157 0.0980392157
v 7.3441202125784022 44.366787932478772 6.0588352576387381 0.0980392157 0.0980392157 0.0980392157
v 11.743199763358684 32.679424922581582 8.1682336356400196 0.0980392157 0.0980392157 0.0980392157
v 8.0481653779837981 35.108366759747199 3.3662892966325195 0.0980392157 0.0980392157 0.0980392157
v 7.9878273240147042 34.328398669688454 6.4885439752785485 0.0980392157 0.0980392157 0.0980392157
v -12.524235746276934 32.467114663410356 7.0740938294760634 0.0980392157 0.0980392157 0.0980392157
v -12.524235746276934 32.467114663410356 7.0740938294760634 0.0980392157 0.0980392157 0.0980392157
v 11.743199763358684 32.679424922581582 8.1682336356400196 0.0980392157 0.0980392157 0.0980392157
v -6.4327844484087437 13.977619838600987 6.2336057199616119 0.0980392157 0.0980392157 0.0980392157
v -2.8173608435105035 11.691989583930514 3.7788082599614432 0.0980392157 0.0980392157 0.0980392157
v 1.2634403011143629 16.986042203176321 6.4271115439120985 0.0980392157 0.0980392157 0.0980392157
v -1.8288130115647565 8.9574337223311442 7.1659179691255543 0.0980392157 0.0980392157 0.0980392157
v -2.8173608435105035 11.691989583930514 3.7788082599614432 0.0980392157 0.0980392157 0.0980392157
v -6.4327844484087437 13.977619838600987 6.2336057199616119 0.0980392157 0.0980392157 0.0980392157
v 2.6657760155774879 13.045591944341997 3.9744633585533724 0.0980392157 0.0980392157 0.0980392157
v 1.2634403011143629 16.986042203176321 6.4271115439120985 0.0980392157 0.0980392157 0.0980392157
v -2.8173608435105035 11.691989583930514 3.7788082599614432 0.0980392157 0.0980392157 0.0980392157
v 1.498059812015877 8.168571510952896 7.1608293135754861 0.0980392157 0.0980392157 0.0980392157
v 2.6657760155774879 13.045591944341997 3.9744633585533724 0.0980392157 0.0980392157 0.0980392157
v -2.8173608435105035 11.691989583930514 3.7788082599614432 0.0980392157 0.0980392157 0.0980392157
v 1.498059812015877 8.168571510952896 7.1608293135754861 0.0980392157 0.0980392157 0.0980392157
v 1.2634403011143629 16.986042203176321 6.4271115439120985 0.0980392157 0.0980392157 0.0980392157
v 2.6657760155774879 13.045591944341997 3.9744633585533724 0.0980392157 0.0980392157 0.0980392157
v 11.067392295991416 8.0809484735701105 6.6094121799658803 0.0980392157 0.0980392157 0.0980392157
v 8.5435440022044755 14.181362745693651 0.16202657092501954 0.0980392157 0.0980392157 0.0980392157
v 12.331727276762091 12.947657636398635 7.7079745626601524 0.0980392157 0.0980392157 0.0980392157
v -7.3238365928031159 9.2730837104099475 1.359269699405147 0.0980392157 0.0980392157 0.0980392157
v -10.947100949670926 8.3923612756157837 4.9794766447744792 0.0980392157 0.0980392157 0.0980392157
v -8.1332037277541414 9.3726409803127666 7.7885211103741128 0.0980392157 0.0980392157 0.0980392157
v 1.498059812015877 8.168571510952896 7.1608293135754861 0.0980392157 0.0980392157 0.0980392157
v -2.8173608435105035 11.691989583930514 3.7788082599614432 0.0980392157 0.0980392157 0.0980392157
v -1.8288130115647565 8.9574337223311442 7.1659179691255543 0.0980392157 0.0980392157 0.0980392157
v 12.242039435849005 5.875386854767525 6.2290701476109254 0.0980392157 0.0980392157 0.0980392157
v 12.331727276762091 12.947657636398635 7.7079745626601524 0.0980392157 0.0980392157 0.0980392157
v 11.067392295991416 8.0809484735701105 6.6094121799658803 0.0980392157 0.0980392157 0.0980392157
v -1.8288130115647565 8.9574337223311442 7.1659179691255543 0.0980392157 0.0980392157 0.0980392157
v 3.9803291360545594 4.510344509853959 3.6884807413889922 0.0980392157 0.0980392157 0.0980392157
v 1.498059812015877 8.168571510952896 7.1608293135754861 0.0980392157 0.0980392157 0.0980392157
v -3.5807197181430936 36.125550155596066 6.4391826531628773 0.0980392157 0.0980392157 0.0980392157
v -0.99669002488524328 42.143025430093687 6.0539844311569242 0.0980392157 0.0980392157 0.0980392157
v -10.366465738829488 44.581432392550902 6.4753576964271522 0.0980392157 0.0980392157 0.0980392157
v 7.9878273240147042 34.328398669688454 6.4885439752785485 0.0980392157 0.0980392157 0.0980392157
v 7.3441202125784022 44.366787932478772 6.0588352576387381 0.0980392157 0.0980392157 0.0980392157
v -0.99669002488524328 42.143025430093687 6.0539844311569242 0.0980392157 0.0980392157 0.0980392157
v 2.6174773993939664 46.944732158863843 6.1183996016552902 0.0980392157 0.0980392157 0.0980392157
v -0.93486644837574295 36.273881527234131 4.7035114295643048 0.0980392157 0.0980392157 0.0980392157
v -11.028374164214231 34.41658155530844 6.321904933189801 0.0980392157 0.0980392157 0.0980392157
v -11.028374164214231 34.41658155530844 6.321904933189801 0.0980392157 0.0980392157 0.0980392157
v -9.8258585007302095 32.605767856934349 9.1070479201205039 0.0980392157 0.0980392157 0.0980392157
v 7.9878273240147042 34.328398669688454 6.4885439752785485 0.0980392157 0.0980392157 0.0980392157
v -12.524235746276934 32.467114663410356 7.0740938294760634 0.0980392157 0.0980392157 0.0980392157
v -7.786957085247356 24.194211968151233 9.0824111488744759 0.0980392157 0.0980392157 0.0980392157
v -6.4236670611902653 25.404172984114602 6.4289297331685722 0.0980392157 0.0980392157 0.0980392157
v -1.9583130018518515 22.995707828267001 9.8193431579719483 0.0980392157 0.0980392157 0.0980392157
v -6.4236670611902653 25.404172984114602 6.4289297331685722 0.0980392157 0.0980392157 0.0980392157
v -2.3288168907165527 22.185968399047852 6.5009160041809082 0.0980392157 0.0980392157 0.0980392157
v -1.9583130018518515 22.995707828267001 9.8193431579719483 0.0980392157 0.0980392157 0.0980392157
v -2.3288168907165527 22.185968399047852 6.5009160041809082 0.0980392157 0.0980392157 0.0980392157
v 7.6138526663427752 23.726470129296871 6.5864666535698033 0.0980392157 0.0980392157 0.0980392157
v -1.9583130018518515 22.995707828267001 9.8193431579719483 0.0980392157 0.0980392157 0.0980392157
v -2.3288168907165527 22.185968399047852 6.5009160041809082 0.0980392157 0.0980392157 0.0980392157
v 7.6138526663427752 23.726470129296871 6.5864666535698033 0.0980392157 0.0980392157 0.0980392157
v 6.3264826573003194 12.199656584842685 6.1260271940271336 0.0980392157 0.0980392157 0.0980392157
v 7.7380519849626257 23.882310152946669 9.4245224671732046 0.0980392157 0.0980392157 0.0980392157
v 7.6138526663427752 23.726470129296871 6.5864666535698033 0.0980392157 0.0980392157 0.0980392157
v 7.7380519849626257 23.882310152946669 9.4245224671732046 0.0980392157 0.0980392157 0.0980392157
v 7.6138526663427752 23.726470129296871 6.5864666535698033 0.0980392157 0.0980392157 0.0980392157
v 6.3264826573003194 12.199656584842685 6.1260271940271336 0.0980392157 0.0980392157 0.0980392157
v 1.498059812015877 8.168571510952896 7.1608293135754861 0.0980392157 0.0980392157 0.0980392157
v -7.168295225631347 13.911749005575627 10.381327285963488 0.0980392157 0.0980392157 0.0980392157
v -6.4327844484087437 13.977619838600987 6.2336057199616119 0.0980392157 0.0980392157 0.0980392157
v -7.786957085247356 24.194211968151233 9.0824111488744759 0.0980392157 0.0980392157 0.0980392157
v -6.4327844484087437 13.977619838600987 6.2336057199616119 0.0980392157 0.0980392157 0.0980392157
v -6.4236670611902653 25.404172984114602 6.4289297331685722 0.0980392157 0.0980392157 0.0980392157
v -7.786957085247356 24.194211968151233 9.0824111488744759 0.0980392157 0.0980392157 0.0980392157
v -10.930143512112464 13.717191599007304 10.056292899731773 0.0980392157 0.0980392157 0.0980392157
v 8.309849267322214 13.59248408271101 11.552005287958863 0.0980392157 0.0980392157 0.0980392157
v -7.168295225631347 13.911749005575627 10.381327285963488 0.0980392157 0.0980392157 0.0980392157
v -7.4391926911385822 11.803790967344126 5.097330746895965 0.0980392157 0.0980392157 0.0980392157
v -1.8288130115647565 8.9574337223311442 7.1659179691255543 0.0980392157 0.0980392157 0.0980392157
v -8.1332037277541414 9.3726409803127666 7.7885211103741128 0.0980392157 0.0980392157 0.0980392157
v -7.168295225631347 13.911749005575627 10.381327285963488 0.0980392157 0.0980392157 0.0980392157
v -13.203065802469673 12.376644434213029 4.8447641350438673 0.0980392157 0.0980392157 0.0980392157
v -7.4391926911385822 11.803790967344126 5.097330746895965 0.0980392157 0.0980392157 0.0980392157
v 11.067392295991416 8.0809484735701105 6.6094121799658803 0.0980392157 0.0980392157 0.0980392157
v 12.331727276762091 12.947657636398635 7.7079745626601524 0.0980392157 0.0980392157 0.0980392157
v 6.3264826573003194 12.199656584842685 6.1260271940271336 0.0980392157 0.0980392157 0.0980392157
v 8.309849267322214 13.59248408271101 11.552005287958863 0.0980392157 0.0980392157 0.0980392157
v 6.3264826573003194 12.199656584842685 6.1260271940271336 0.0980392157 0.0980392157 0.0980392157
v 12.331727276762091 12.947657636398635 7.7079745626601524 0.0980392157 0.0980392157 0.0980392157
v 6.2258082066077867 6.8890419789936708 9.2476215419407737 0.0980392157 0.0980392157 0.0980392157
v 6.3264826573003194 12.199656584842685 6.1260271940271336 0.0980392157 0.0980392157 0.0980392157
v 1.498059812015877 8.168571510952896 7.1608293135754861 0.0980392157 0.0980392157 0.0980392157
v 6.2258082066077867 6.8890419789936708 9.2476215419407737 0.0980392157 0.0980392157 0.0980392157
v 11.067392295991416 8.0809484735701105 6.6094121799658803 0.0980392157 0.0980392157 0.0980392157
v 6.3264826573003194 12.199656584842685 6.1260271940271336 0.0980392157 0.0980392157 0.0980392157
v 6.2258082066077867 6.8890419789936708 9.2476215419407737 0.0980392157 0.0980392157 0.0980392157
v 1.498059812015877 8.168571510952896 7.1608293135754861 0.0980392157 0.0980392157 0.0980392157
v 3.9803291360545594 4.510344509853959 3.6884807413889922 0.0980392157 0.0980392157 0.0980392157
v -6.8682406636923305 4.2843934535784012 8.4064436630750929 0.0980392157 0.0980392157 0.0980392157
v -4.320738240586933 4.0435622995539537 3.8273581784117443 0.0980392157 0.0980392157 0.0980392157
v -1.8288130115647565 8.9574337223311442 7.1659179691255543 0.0980392157 0.0980392157 0.0980392157
v -4.320738240586933 4.0435622995539537 3.8273581784117443 0.0980392157 0.0980392157 0.0980392157
v 5.4296941290761733 -0.73352966255469099 7.4637149032416632 0.0980392157 0.0980392157 0.0980392157
v 6.2258082066077867 6.8890419789936708 9.2476215419407737 0.0980392157 0.0980392157 0.0980392157
v 3.9803291360545594 4.510344509853959 3.6884807413889922 0.0980392157 0.0980392157 0.0980392157
v -2.8093127692888515 32.692249884117466 10.188940083897137 0.0980392157 0.0980392157 0.0980392157
v 11.743199763358684 32.679424922581582 8.1682336356400196 0.0980392157 0.0980392157 0.0980392157
v -9.8258585007302095 32.605767856934349 9.1070479201205039 0.0980392157 0.0980392157 0.0980392157
v 6.7251961904045174 32.645751459912887 9.8278453046177283 0.0980392157 0.0980392157 0.0980392157
v -9.8258585007302095 32.605767856934349 9.1070479201205039 0.0980392157 0.0980392157 0.0980392157
v -7.168295225631347 13.911749005575627 10.381327285963488 0.0980392157 0.0980392157 0.0980392157
v -7.786957085247356 24.194211968151233 9.0824111488744759 0.0980392157 0.0980392157 0.0980392157
v -1.9583130018518515 22.995707828267001 9.8193431579719483 0.0980392157 0.0980392157 0.0980392157
v 8.309849267322214 13.59248408271101 11.552005287958863 0.0980392157 0.0980392157 0.0980392157
v 5.8576920409934665 13.673860712700938 10.786615272619272 0.0980392157 0.0980392157 0.0980392157
v 6.3264826573003194 12.199656584842685 6.1260271940271336 0.0980392157 0.0980392157 0.0980392157
v -4.9005005844019252 13.465759380599479 12.518296295047117 0.0980392157 0.0980392157 0.0980392157
v -10.930143512112464 13.717191599007304 10.056292899731773 0.0980392157 0.0980392157 0.0980392157
v -6.8682406636923305 4.2843934535784012 8.4064436630750929 0.0980392157 0.0980392157 0.0980392157
v -8.1332037277541414 9.3726409803127666 7.7885211103741128 0.0980392157 0.0980392157 0.0980392157
v -12.833325990146736 6.4560939226437499 5.9900609268328466 0.0980392157 0.0980392157 0.0980392157
v -1.8288130115647565 8.9574337223311442 7.1659179691255543 0.0980392157 0.0980392157 0.0980392157
v 11.067392295991416 8.0809484735701105 6.6094121799658803 0.0980392157 0.0980392157 0.0980392157
v 6.2258082066077867 6.8890419789936708 9.2476215419407737 0.0980392157 0.0980392157 0.0980392157
v 12.242039435849005 5.875386854767525 6.2290701476109254 0.0980392157 0.0980392157 0.0980392157
v 6.2258082066077867 6.8890419789936708 9.2476215419407737 0.0980392157 0.0980392157 0.0980392157
v 7.7914363748877591 1.2163774391872701 6.9191054039886541 0.0980392157 0.0980392157 0.0980392157
v 12.242039435849005 5.875386854767525 6.2290701476109254 0.0980392157 0.0980392157 0.0980392157
v -4.9005005844019252 13.465759380599479 12.518296295047117 0.0980392157 0.0980392157 0.0980392157
v 6.7251961904045174 32.645751459912887 9.8278453046177283 0.0980392157 0.0980392157 0.0980392157
v -9.8258585007302095 32.605767856934349 9.1070479201205039 0.0980392157 0.0980392157 0.0980392157
v -8.8775791348414241 29.385834599162422 -3.8698981165647477 0.0980392157 0.0980392157 0.0980392157
v -11.651407849020217 29.574590654302259 -7.4927204028080263 0.0980392157 0.0980392157 0.0980392157
v -8.0712111519420979 30.313700717092043 -6.5045084256682673 0.0980392157 0.0980392157 0.0980392157
v -7.4389946190181817 12.362339727663072 -6.266038673803644 0.0980392157 0.0980392157 0.0980392157
v 12.058764939815138 -0.3809954933104378 -4.6305550971348559 0.0980392157 0.0980392157 0.0980392157
v 11.815213147576648 12.609605112132094 -4.9258287395549658 0.0980392157 0.0980392157 0.0980392157
v -12.157071838067955 10.177854053714912 -0.027655560705979867 0.0980392157 0.0980392157 0.0980392157
v -13.407761346990124 12.760391558319705 1.6413072051746607 0.0980392157 0.0980392157 0.0980392157
v -11.35128023857447 -4.8901865373513713 -7.0841893235381734 0.0980392157 0.0980392157 0.0980392157
v 5.8576920409934665 13.673860712700938 10.786615272619272 0.0980392157 0.0980392157 0.0980392157
v 8.1654714728577584 19.814550538410174 -9.8356247305910465 0.0980392157 0.0980392157 0.0980392157
v -6.3350436209867667 20.929701282896982 -10.515225674402879 0.0980392157 0.0980392157 0.0980392157
v -2.8957445737947238 24.930225898801378 -8.6603191660004732 0.0980392157 0.0980392157 0.0980392157
v -5.3840028506638795 32.898991866845869 -10.371243414789602 0.0980392157 0.0980392157 0.0980392157
v 6.6731829169043966 14.588604288881033 -10.143075301643549 0.0980392157 0.0980392157 0.0980392157
v 5.5286786951865619 13.685560132326072 -6.0083706846492051 0.0980392157 0.0980392157 0.0980392157
v 6.251008755028634 19.044511955715777 -6.3632930740073865 0.0980392157 0.0980392157 0.0980392157
v 11.53415595192433 5.8032676334584083 -8.2076703290581552 0.0980392157 0.0980392157 0.0980392157
v 7.7757198329315509 35.285975452984026 -3.9778612817348664 0.0980392157 0.0980392157 0.0980392157
v -8.5998239952061599 -5.682512699780796 -8.7491452129192684 0.0980392157 0.0980392157 0.0980392157
v -10.366465738829488 44.581432392550902 6.4753576964271522 0.0980392157 0.0980392157 0.0980392157
v -10.324676495077219 44.593291183378305 -6.5366516367197649 0.0980392157 0.0980392157 0.0980392157
v -12.321573496623831 43.455660124653733 -1.4696803271149093 0.0980392157 0.0980392157 0.0980392157
v -12.321573496623831 43.455660124653733 -1.4696803271149093 0.0980392157 0.0980392157 0.0980392157
v -10.732118219742588 35.205193797307281 -6.2804393475150038 0.0980392157 0.0980392157 0.0980392157
v -13.630605586985011 32.794374993486635 1.8184890587555267 0.0980392157 0.0980392157 0.0980392157
v -5.2032781583708685 -1.685868693725098 7.2476993902616149 0.0980392157 0.0980392157 0.0980392157
v -5.551570616820519 -5.192875042466425 -6.8149218152540803 0.0980392157 0.0980392157 0.0980392157
v 11.998930771280088 32.564170316364965 2.9878955733891059 0.0980392157 0.0980392157 0.0980392157
v 11.939263925246092 12.201710548660371 2.0150463915095917 0.0980392157 0.0980392157 0.0980392157
v 11.743199763358684 32.679424922581582 8.1682336356400196 0.0980392157 0.0980392157 0.0980392157
v -7.4391926911385822 11.803790967344126 5.097330746895965 0.0980392157 0.0980392157 0.0980392157
v -7.3238365928031159 9.2730837104099475 1.359269699405147 0.0980392157 0.0980392157 0.0980392157
v -8.1332037277541414 9.3726409803127666 7.7885211103741128 0.0980392157 0.0980392157 0.0980392157
v -7.4391926911385822 11.803790967344126 5.097330746895965 0.0980392157 0.0980392157 0.0980392157
v 5.07646904503261 -7.5034237240082673 2.1111290290982261 0.0980392157 0.0980392157 0.0980392157
v 5.8576920409934665 13.673860712700938 10.786615272619272 0.0980392157 0.0980392157 0.0980392157
v -6.8682406636923305 4.2843934535784012 8.4064436630750929 0.0980392157 0.0980392157 0.0980392157
v 4.884321975634192 21.323524113846769 -10.461556242338688 0.0980392157 0.0980392157 0.0980392157
v 5.5286786951865619 13.685560132326072 -6.0083706846492051 0.0980392157 0.0980392157 0.0980392157
v 6.6731829169043966 14.588604288881033 -10.143075301643549 0.0980392157 0.0980392157 0.0980392157
v 8.0481653779837981 35.108366759747199 3.3662892966325195 0.0980392157 0.0980392157 0.0980392157
v 11.743199763358684 32.679424922581582 8.1682336356400196 0.0980392157 0.0980392157 0.0980392157
v 11.998930771280088 32.564170316364965 2.9878955733891059 0.0980392157 0.0980392157 0.0980392157
v -12.833325990146736 6.4560939226437499 5.9900609268328466 0.0980392157 0.0980392157 0.0980392157
v -7.7982727590952576 10.081418974322316 -6.4939234275114135 0.0980392157 0.0980392157 0.0980392157
v 5.283797218411177 -5.8085138786065675 -4.0150670000209026 0.0980392157 0.0980392157 0.0980392157
v 7.8668352151907639 -5.599275475506067 -3.7914603685498292 0.0980392157 0.0980392157 0.0980392157
v 5.07646904503261 -7.5034237240082673 2.1111290290982261 0.0980392157 0.0980392157 0.0980392157
v 7.5710053576123491 10.397666742432618 1.761365250313045 0.0980392157 0.0980392157 0.0980392157
v 7.6989147372300719 8.0038712836485324 -0.53297267156011496 0.0980392157 0.0980392157 0.0980392157
v 3.8436623399646659 9.763027170010675 0.13358607040142401 0.0980392157 0.0980392157 0.0980392157
v 9.4060406139156143 19.712920172682786 2.9464226290212592 0.0980392157 0.0980392157 0.0980392157
v -4.8584955541950947 4.7647319397142738 -1.8755108792838249 0.0980392157 0.0980392157 0.0980392157
v 3.8472629845436326 4.6122937332432601 -2.0997380347871761 0.0980392157 0.0980392157 0.0980392157
v 3.9803291360545594 4.510344509853959 3.6884807413889922 0.0980392157 0.0980392157 0.0980392157
v -4.320738240586933 4.0435622995539537 3.8273581784117443 0.0980392157 0.0980392157 0.0980392157
v -6.3350436209867667 20.929701282896982 -10.515225674402879 0.0980392157 0.0980392157 0.0980392157
v -7.1203565452964774 20.23916808692104 -6.495727909316372 0.0980392157 0.0980392157 0.0980392157
v -7.4389946190181817 12.362339727663072 -6.266038673803644 0.0980392157 0.0980392157 0.0980392157
v -6.8682406636923305 4.2843934535784012 8.4064436630750929 0.0980392157 0.0980392157 0.0980392157
v 11.743199763358684 32.679424922581582 8.1682336356400196 0.0980392157 0.0980392157 0.0980392157
v 3.9803291360545594 4.510344509853959 3.6884807413889922 0.0980392157 0.0980392157 0.0980392157
v -1.8288130115647565 8.9574337223311442 7.1659179691255543 0.0980392157 0.0980392157 0.0980392157
v -4.320738240586933 4.0435622995539537 3.8273581784117443 0.0980392157 0.0980392157 0.0980392157
v -2.9665586420197059 33.398134883625573 -12.486328224584595 0.0980392157 0.0980392157 0.0980392157
v -7.9769701873380603 11.424709812171018 -9.7416779392959203 0.0980392157 0.0980392157 0.0980392157
v 11.53415595192433 5.8032676334584083 -8.2076703290581552 0.0980392157 0.0980392157 0.0980392157
v -5.3840028506638795 32.898991866845869 -10.371243414789602 0.0980392157 0.0980392157 0.0980392157
v 10.76969590508476 33.438136168991797 -10.408897766701145 0.0980392157 0.0980392157 0.0980392157
v 11.815213147576648 12.609605112132094 -4.9258287395549658 0.0980392157 0.0980392157 0.0980392157
v 4.0275510976694004 13.934340236498656 -2.2313906224870128 0.0980392157 0.0980392157 0.0980392157
v 8.5435440022044755 14.181362745693651 0.16202657092501954 0.0980392157 0.0980392157 0.0980392157
v 3.9166903661300236 13.977267848357437 2.3354675629410093 0.0980392157 0.0980392157 0.0980392157
v 5.8576920409934665 13.673860712700938 10.786615272619272 0.0980392157 0.0980392157 0.0980392157
v 8.1654714728577584 19.814550538410174 -9.8356247305910465 0.0980392157 0.0980392157 0.0980392157
v -8.4958314275475022 3.9884915694154355 -9.3049004950265992 0.0980392157 0.0980392157 0.0980392157
v 11.98246217949386 33.313099496881492 -5.0035956917219231 0.0980392157 0.0980392157 0.0980392157
v 9.4060406139156143 19.712920172682786 2.9464226290212592 0.0980392157 0.0980392157 0.0980392157
v 7.8244727833839063 -6.4581849528682378 3.9080058154853328 0.0980392157 0.0980392157 0.0980392157
v 3.6649012073299625 -5.3702305168012732 -8.8217044886306439 0.0980392157 0.0980392157 0.0980392157
v -5.551570616820519 -5.192875042466425 -6.8149218152540803 0.0980392157 0.0980392157 0.0980392157
v -11.028374164214231 34.41658155530844 6.321904933189801 0.0980392157 0.0980392157 0.0980392157
v -2.8093127692888515 32.692249884117466 10.188940083897137 0.0980392157 0.0980392157 0.0980392157
v 7.7380519849626257 23.882310152946669 9.4245224671732046 0.0980392157 0.0980392157 0.0980392157
vn 0.00040020528831519186 0.99999862909317017 -0.0016194963827729225
vn -0.00038589196628890932 0.99999988079071045 0.00038298830622807145
vn 0.0036254758015275002 0.99933141469955444 -0.036380264908075333
vn -0.053012371063232422 0.90323871374130249 0.42585146427154541
vn -0.12367158383131027 0.84598773717880249 0.51866179704666138
vn 0.02780589833855629 0.891044020652771 0.45306438207626343
vn -0.00085085071623325348 0.99999964237213135 0.00013815403508488089
vn -0.0019625260028988123 0.99998939037322998 0.0041608470492064953
vn -0.0085488464683294296 0.99993985891342163 0.0068659894168376923
vn 0.062214359641075134 -0.048875525593757629 -0.99686539173126221
vn -0.11924845725297928 -0.014677914790809155 -0.9927559494972229
vn 0.17889334261417389 -0.0036578052677214146 -0.98386168479919434
vn 0.49940872192382812 -0.039359070360660553 -0.86547201871871948
vn -0.41231140494346619 -0.051404938101768494 -0.90959155559539795
vn -0.087684020400047302 -0.21964624524116516 -0.97163110971450806
vn -0.23457044363021851 -0.19803264737129211 -0.95171409845352173
vn 0.2903173565864563 -0.22426627576351166 -0.93027979135513306
vn 0.007026289589703083 0.99993419647216797 0.0090671880170702934
vn -0.023254293948411942 0.99888873100280762 -0.040994815528392792
vn -0.0017550166230648756 0.94469290971755981 -0.327951580286026
vn 0.32375112175941467 0.0010216976515948772 0.94614171981811523
vn 0.2006041556596756 0.00049762509297579527 0.97967225313186646
vn 0.32849246263504028 -0.0067424732260406017 0.94448250532150269
vn 0.81068164110183716 -0.5799403190612793 -0.080401986837387085
vn 0.81068164110183716 -0.5799403190612793 -0.080401986837387085
vn 0.81068164110183716 -0.5799403190612793 -0.080401986837387085
vn 0.50966590642929077 0.80876177549362183 -0.2935047447681427
vn 0.50966590642929077 0.80876177549362183 -0.2935047447681427
vn 0.50966590642929077 0.80876177549362183 -0.2935047447681427
vn -0.80894684791564941 -0.54835623502731323 -0.21192082762718201
vn -0.80894684791564941 -0.54835623502731323 -0.21192082762718201
vn -0.80894684791564941 -0.54835623502731323 -0.21192082762718201
vn -0.39224904775619507 0.91932612657546997 -0.031308222562074661
vn -0.39224904775619507 0.91932612657546997 -0.031308222562074661
vn -0.39224904775619507 0.91932612657546997 -0.031308222562074661
vn -0.23441466689109802 -5.9657118981704116E-05 0.97213667631149292
vn -0.3625476062297821 -0.010948121547698975 0.93190097808837891
vn -0.17976026237010956 0.00064602430211380124 0.98371022939682007
vn 0.31375506520271301 0.47595673799514771 0.82159781455993652
vn 0.31375506520271301 0.47595673799514771 0.82159781455993652
vn 0.31375506520271301 0.47595673799514771 0.82159781455993652
vn 0.99701160192489624 -3.1771385238243965E-06 0.077251866459846497
vn 0.99701160192489624 -3.1771385238243965E-06 0.077251866459846497
vn 0.99701160192489624 -3.1771385238243965E-06 0.077251866459846497
vn 0 0.90780466794967651 -0.41939321160316467
vn -0.003980227280408144 0.90955424308776855 -0.41556620597839355
vn -0.12578284740447998 0.91162467002868652 -0.3913043737411499
vn -0.72226738929748535 0.00060534937074407935 0.69161361455917358
vn -0.69507819414138794 -0.0027600766625255346 0.71892887353897095
vn -0.72705841064453125 -0.0018877474358305335 0.68657302856445312
vn 0.80624520778656006 -0.0019701358396559954 0.59157818555831909
vn 0.82226526737213135 -0.0022544227540493011 0.56909996271133423
vn 0.8005940318107605 -0.0065437471494078636 0.59917140007019043
vn -0.97096949815750122 0.0013460008194670081 -0.2391994446516037
vn -0.44248712062835693 0.0085634756833314896 -0.89673399925231934
vn -0.97465437650680542 -0.022977873682975769 -0.22253274917602539
vn -0.96253877878189087 -0.047484871000051498 -0.2669537365436554
vn -0.91814327239990234 0.35157838463783264 -0.18277190625667572
vn -0.9636843204498291 -0.0087352879345417023 -0.26690104603767395
vn 0.32170349359512329 -0.078144162893295288 0.94361025094985962
vn 0.57446515560150146 0.035893071442842484 0.81774169206619263
vn 0.47216662764549255 -0.094915986061096191 0.876384437084198
vn 0.81318247318267822 -0.00049247039714828134 0.58200865983963013
vn 0.94169807434082031 0.33116862177848816 0.05943162739276886
vn 0.94169807434082031 0.33116862177848816 0.05943162739276886
vn 0.94169807434082031 0.33116862177848816 0.05943162739276886
vn -0.51927202939987183 -0.85406941175460815 -0.030364664271473885
vn -0.51927202939987183 -0.85406941175460815 -0.030364664271473885
vn -0.51927202939987183 -0.85406941175460815 -0.030364664271473885
vn 0.0044675976969301701 0.99998700618743896 -0.0024575151037424803
vn -0.012626460753381252 0.99991416931152344 0.0034993551671504974
vn -0.0041601620614528656 0.99999088048934937 0.00099552632309496403
vn -0.080341316759586334 -0.49509930610656738 0.86511385440826416
vn -0.13547989726066589 -0.4128125011920929 0.90068364143371582
vn -0.14914678037166595 -0.40226802229881287 0.90329158306121826
vn -0.049270879477262497 0.071934401988983154 0.99619168043136597
vn -0.14307300746440887 0.0054499376565217972 0.9896971583366394
vn 0 -0.82862496376037598 -0.55980408191680908
vn -0.10056902468204498 -0.82240647077560425 -0.5599406361579895
vn -0.058274038136005402 -0.82644087076187134 -0.55999964475631714
vn -0.23534116148948669 -0.027211727574467659 0.97153180837631226
vn -0.18864086270332336 0.0031075107399374247 0.98204123973846436
vn 0.35280880331993103 0.93546211719512939 0.020892936736345291
vn 0.35280880331993103 0.93546211719512939 0.020892936736345291
vn 0.35280880331993103 0.93546211719512939 0.020892936736345291
vn 0.80348360538482666 -0.49372830986976624 -0.33263564109802246
vn 0.80348360538482666 -0.49372830986976624 -0.33263564109802246
vn 0.80348360538482666 -0.49372830986976624 -0.33263564109802246
vn 0.27830603718757629 0.017417285591363907 0.96033453941345215
vn -0.25406628847122192 -0.040070664137601852 0.96635639667510986
vn -0.28688922524452209 0.069335564970970154 0.95545130968093872
vn 0.0015659561613574624 -0.99999856948852539 0.00065651442855596542
vn 0.0052698259241878986 -0.99998015165328979 -0.0034456562716513872
vn -0.0072235888801515102 -0.99993914365768433 0.0083380024880170822
vn 0.9699673056602478 -5.1891980547225103E-05 -0.24323531985282898
vn 0.96971064805984497 -8.5289007984101772E-05 -0.24425660073757172
vn 0.96969747543334961 -0.00010598504013614729 -0.24430890381336212
vn 0.0009046896593645215 0.99999910593032837 -0.00099991436582058668
vn 0.0098800398409366608 0.99989187717437744 -0.010892218910157681
vn -0.005317306611686945 0.99996870756149292 0.0058577442541718483
vn -0.85456842184066772 -0.4272104799747467 0.29530319571495056
vn -0.85456842184066772 -0.4272104799747467 0.29530319571495056
vn -0.85456842184066772 -0.4272104799747467 0.29530319571495056
vn 0.98060667514801025 0.0043938606977462769 -0.19593681395053864
vn 0.96611028909683228 -0.04255961999297142 -0.25459691882133484
vn 0.020155044272542 0.99962931871414185 -0.018303867429494858
vn -0.0038430031854659319 0.99971103668212891 -0.023729113861918449
vn 0.024882975965738297 0.99963468313217163 -0.010549162514507771
vn -0.016170963644981384 0.99976271390914917 -0.014593184925615788
vn 0.99659979343414307 -0.053640369325876236 -0.062542498111724854
vn 0.96848315000534058 0.0088752200827002525 0.24892085790634155
vn 0.98168981075286865 0.05324229970574379 0.18289458751678467
vn -0.13380534946918488 0.13904684782028198 0.98120439052581787
vn 0.15157797932624817 0.13908912241458893 0.97861039638519287
vn 0.071679249405860901 0.21930094063282013 0.97302067279815674
vn -0.94292336702346802 -0.0086781801655888557 0.33289673924446106
vn -0.9444844126701355 0.068118266761302948 0.32141739130020142
vn -0.89645737409591675 0.063975892961025238 0.43848744034767151
vn 0.10360285639762878 -0.9944339394569397 -0.019173726439476013
vn 0.02933424711227417 -0.98814678192138672 0.15068340301513672
vn 0.016711123287677765 -0.97201806306838989 0.23431088030338287
vn -0.15132720768451691 -0.92196953296661377 0.35647201538085938
vn -0.34765312075614929 -0.60582292079925537 0.71562272310256958
vn 0.024617983028292656 -0.97754752635955811 0.20927207171916962
vn -0.033454440534114838 -0.99574977159500122 0.085808776319026947
vn 0.025643458589911461 0.026884321123361588 -0.99930959939956665
vn 0.21954382956027985 0.17363995313644409 -0.9600258469581604
vn -0.032690312713384628 0.0075429407879710197 -0.99943709373474121
vn 0.1381690502166748 0.99039977788925171 0.0041977269574999809
vn -0.0062741884030401707 0.99997985363006592 0.00098692183382809162
vn 0.20009066164493561 0.97830629348754883 -0.053670335561037064
vn 0.014669098891317844 -0.0043733119964599609 -0.99988281726837158
vn -0.093167506158351898 0.00023992387286853045 -0.99565041065216064
vn 0.13029748201370239 -0.00063101918203756213 -0.99147474765777588
vn 0.01459738053381443 0.01540965773165226 -0.99977469444274902
vn 0 4.1221541323466226E-05 -1
vn 0.10170181840658188 -0.019188687205314636 -0.99462985992431641
vn -0.24094371497631073 -0.010753646492958069 -0.97047948837280273
vn -0.053364183753728867 -0.0079720392823219299 -0.99854332208633423
vn -0.32270815968513489 -0.0027121920138597488 -0.94649463891983032
vn 0.64904433488845825 -0.60500496625900269 -0.46120539307594299
vn 0.64904433488845825 -0.60500496625900269 -0.46120539307594299
vn 0.64904433488845825 -0.60500496625900269 -0.46120539307594299
vn -0.062015652656555176 -0.062306597828865051 -0.99612849950790405
vn 0.00689715426415205 -0.0046860002912580967 -0.99996525049209595
vn 0 4.1363371565239504E-05 -1
vn -0.30696681141853333 0.93682479858398438 0.16772212088108063
vn -0.31413501501083374 0.91238027811050415 0.26245275139808655
vn -0.29585897922515869 0.95390486717224121 0.050328668206930161
vn -0.01146668940782547 -0.0049637230113148689 -0.99992191791534424
vn -0.99802231788635254 -0.051515989005565643 0.036021765321493149
vn -0.93288588523864746 -0.10956560075283051 -0.34310254454612732
vn -0.99999785423278809 -0.0019904656801372766 0.00058111600810661912
vn 0.010121135041117668 -0.10215096175670624 -0.99471741914749146
vn 0.09777195006608963 -0.12876088917255402 -0.98684412240982056
vn -0.047662191092967987 0.031831808388233185 -0.9983561635017395
vn 0.0068520251661539078 -0.0085686203092336655 -0.99993979930877686
vn -0.18235518038272858 -0.0030410217586904764 0.98322802782058716
vn -0.18472549319267273 0.0020686674397438765 0.98278796672821045
vn -0.20312681794166565 -0.012779689393937588 0.9790690541267395
vn -0.1467137485742569 0.045187734067440033 0.98814630508422852
vn -0.21643613278865814 -0.068909287452697754 0.97386187314987183
vn -0.083456888794898987 -0.74662768840789795 -0.65998637676239014
vn 0.24491500854492188 -0.72642278671264648 -0.64212661981582642
vn -0.086698710918426514 -0.74642002582550049 -0.65980333089828491
vn 0.34080314636230469 -0.28941655158996582 -0.8944782018661499
vn 0.34080314636230469 -0.28941655158996582 -0.8944782018661499
vn 0.34080314636230469 -0.28941655158996582 -0.8944782018661499
vn -0.11030078679323196 0.052054431289434433 -0.99253416061401367
vn -0.0069035468623042107 0.014714780263602734 -0.99986791610717773
vn -0.010942818596959114 -0.0049236249178647995 -0.99992799758911133
vn -0.45344844460487366 -0.66778582334518433 -0.59029364585876465
vn 0.6063799262046814 0.034867517650127411 0.79441022872924805
vn 0.64169073104858398 0.07889123260974884 0.76289528608322144
vn 0.69632041454315186 0.045947588980197906 0.71625882387161255
vn -0.96932440996170044 -0.021603578701615334 0.24483348429203033
vn -0.99025017023086548 -0.13768941164016724 -0.021123392507433891
vn -0.93431848287582397 0.07090362161397934 0.34931594133377075
vn -0.61117279529571533 -0.79113352298736572 0.023989355191588402
vn 0.13575401902198792 -0.98289388418197632 -0.12446055561304092
vn -0.0198260098695755 -0.97531294822692871 0.21993546187877655
vn 0.38827875256538391 -0.57707709074020386 0.71848565340042114
vn 0.28301617503166199 -0.95868438482284546 0.028741095215082169
vn 0.084723219275474548 0.99619901180267334 0.020237257704138756
vn 0.067834533751010895 0.99419707059860229 0.083490334451198578
vn -0.098761938512325287 0.9840502142906189 -0.14795686304569244
vn -0.44385999441146851 0.71433043479919434 -0.54103630781173706
vn -0.099567919969558716 0.62118947505950928 -0.7773093581199646
vn -0.040525414049625397 0.57954049110412598 0.81393516063690186
vn -0.040525414049625397 0.57954049110412598 0.81393516063690186
vn -0.040525414049625397 0.57954049110412598 0.81393516063690186
vn 0.90686535835266113 0.41567590832710266 -0.069345399737358093
vn 0.94434058666229248 -0.30304607748985291 0.1279996782541275
vn 0.97405010461807251 -0.096647471189498901 0.20465986430644989
vn 0.92439126968383789 0.3805546760559082 0.026055751368403435
vn 0.056847944855690002 0.03992437943816185 -0.99758428335189819
vn -0.087829306721687317 0.045575108379125595 -0.99509239196777344
vn 0.047867588698863983 -0.016456024721264839 -0.99871814250946045
vn 0.46482351422309875 0.78082972764968872 0.4174254834651947
vn 0.46482351422309875 0.78082972764968872 0.4174254834651947
vn 0.46482351422309875 0.78082972764968872 0.4174254834651947
vn -0.0083330553025007248 -0.0032560552936047316 -0.99996000528335571
vn 0.005478991661220789 -0.0018477818230167031 -0.99998331069946289
vn -0.88757091760635376 -0.049768056720495224 -0.45797494053840637
vn 0.12069860100746155 -0.48600083589553833 -0.86558365821838379
vn 0.067459374666213989 -0.16033075749874115 -0.98475545644760132
vn -0.95729488134384155 1.393009824823821E-06 0.28911331295967102
vn -0.95729643106460571 4.429529781191377E-06 0.28910815715789795
vn -0.95728713274002075 -1.3666855920746457E-05 0.28913897275924683
vn 0.10868652909994125 0.13687393069267273 -0.98460793495178223
vn 0.2568487823009491 -0.036495111882686615 -0.96576231718063354
vn 0.00045093210064806044 -0.022990608587861061 -0.99973559379577637
vn 0.9973984956741333 0.056891221553087234 0.044267747551202774
vn 0.99998593330383301 -0.0016856935108080506 0.0050269914790987968
vn 0.99443501234054565 0.048014607280492783 -0.093774154782295227
vn 0.092300944030284882 -0.00035428453702479601 -0.99573111534118652
vn 0.8562016487121582 -0.03739093616604805 -0.51528698205947876
vn 0.68833202123641968 -0.082695707678794861 -0.72066670656204224
vn 0.88276392221450806 -0.10550493746995926 -0.45781713724136353
vn -0.86770051717758179 0.4970872700214386 2.0058196241734549E-05
vn -0.86770051717758179 0.4970872700214386 2.0058196241734549E-05
vn -0.86770051717758179 0.4970872700214386 2.0058196241734549E-05
vn -0.86845242977142334 0.36853668093681335 0.33161881566047668
vn -0.62987673282623291 0.67805391550064087 0.37881156802177429
vn -0.46304294466972351 0.86595600843429565 0.1889747679233551
vn -0.91189682483673096 -0.021897921338677406 -0.40983495116233826
vn -0.96323221921920776 0.027449922636151314 -0.26726436614990234
vn -0.95434439182281494 0.090511970221996307 -0.2846653163433075
vn 0.72222119569778442 0.67833620309829712 0.13511686027050018
vn 0.72222119569778442 0.67833620309829712 0.13511686027050018
vn 0.72222119569778442 0.67833620309829712 0.13511686027050018
vn 0.79616576433181763 0.0024078958667814732 -0.60507380962371826
vn 0.78996920585632324 -0.038512516766786575 -0.61193579435348511
vn 0.83167260885238647 0.089621417224407196 -0.54798603057861328
vn -0.99991846084594727 0.0078845815733075142 -0.010042577050626278
vn -0.99986886978149414 -9.7959062259178609E-05 0.016193078830838203
vn -0.99977296590805054 0.0058349985629320145 0.020493878051638603
vn 0.32493025064468384 0.081254012882709503 0.94224101305007935
vn 0.32293820381164551 0.036399297416210175 0.94571983814239502
vn 0.25394752621650696 -0.08066287636756897 0.96384859085083008
vn 0.99630731344223022 0.083949707448482513 -0.018005223944783211
vn 0.99125766754150391 0.070330016314983368 -0.11163318902254105
vn 0.99949729442596436 0.031462684273719788 -0.0039017926901578903
vn 0.015301031060516834 0.41632616519927979 -0.90908658504486084
vn 0.015301031060516834 0.41632616519927979 -0.90908658504486084
vn 0.015301031060516834 0.41632616519927979 -0.90908658504486084
vn 0.8720594048500061 0.48936596512794495 -0.0057723070494830608
vn 0.90707516670227051 0.41871291399002075 0.043522018939256668
vn 0.85709214210510254 0.51179242134094238 0.058835048228502274
vn -0.33622643351554871 0.9417804479598999 -0.0011585511965677142
vn -0.35255530476570129 0.93576478958129883 -0.0070015317760407925
vn -0.34627100825309753 0.93808150291442871 0.0099749770015478134
vn 0.50709348917007446 0.61042541265487671 -0.60847103595733643
vn 0.50709348917007446 0.61042541265487671 -0.60847103595733643
vn 0.50709348917007446 0.61042541265487671 -0.60847103595733643
vn 0.0081061134114861488 -0.38147655129432678 -0.92434298992156982
vn -0.076296165585517883 -0.35559859871864319 -0.93151944875717163
vn -0.15201123058795929 -0.32982939481735229 -0.93172162771224976
vn 0.013573258183896542 0.11749792844057083 -0.99298036098480225
vn -0.99913245439529419 -0.040069494396448135 -0.011346524581313133
vn -0.99999010562896729 0.0044139311648905277 -0.00056860235054045916
vn -0.99999237060546875 -0.0038971470203250647 0.00017748487880453467
vn -0.049204260110855103 0.4764152467250824 -0.8778424859046936
vn -0.18276461958885193 0.33292737603187561 -0.92507106065750122
vn -0.015637209638953209 0.50913745164871216 -0.86054319143295288
vn -0.99759370088577271 0.034529205411672592 0.060120940208435059
vn -0.9999006986618042 0.0029070191085338593 0.013787362724542618
vn -0.13457901775836945 0.099361896514892578 -0.98590856790542603
vn -0.41157117486000061 0.0048623369075357914 -0.91136467456817627
vn -0.32620507478713989 0 -0.94529902935028076
vn -0.39539191126823425 0.032176323235034943 -0.91794878244400024
vn -0.99824613332748413 -0.05025164783000946 0.031295221298933029
vn -0.9968111515045166 -0.027872906997799873 -0.074770629405975342
vn -0.43614473938941956 -0.89987653493881226 0
vn -0.43614473938941956 -0.89987653493881226 0
vn -0.43614473938941956 -0.89987653493881226 0
vn -0.36766597628593445 -0.33823654055595398 0.86626654863357544
vn -0.36310237646102905 -0.92058873176574707 0.14378112554550171
vn -0.025348169729113579 -0.96767133474349976 0.25093761086463928
vn 0.0014242033939808607 -0.00014793165610171854 0.99999898672103882
vn 0.00051275937585160136 0.00054388615535572171 0.99999970197677612
vn 0.00085982080781832337 0.00032630781061016023 0.99999958276748657
vn 0.99940532445907593 -0.03448168933391571 -2.6005059226008598E-06
vn 0.99753105640411377 -0.070226743817329407 1.2411179284299578E-07
vn 0.99242651462554932 0.12283989787101746 4.8127194531843998E-06
vn 0.99909484386444092 0.0052637048065662384 0.042211413383483887
vn 0.47847768664360046 -0.51125502586364746 0.71391695737838745
vn 0.47571298480033875 -0.40723669528961182 0.77965086698532104
vn 0.41860389709472656 -0.038179103285074234 0.90736603736877441
vn -0.7881695032119751 -0.61545330286026001 0.002469873521476984
vn -0.95859569311141968 -0.25066667795181274 -0.13513132929801941
vn 0.21326524019241333 -0.89890950918197632 -0.3827265202999115
vn 0.21326524019241333 -0.89890950918197632 -0.3827265202999115
vn 0.21326524019241333 -0.89890950918197632 -0.3827265202999115
vn 0.015252710320055485 0.99914050102233887 -0.038543008267879486
vn 0.35312354564666748 0.92538160085678101 -0.13774125277996063
vn 0.47906133532524109 0.84979039430618286 -0.21990109980106354
vn 0.00032132858177646995 0.30939623713493347 -0.95093315839767456
vn 0.00032132858177646995 0.30939623713493347 -0.95093315839767456
vn 0.00032132858177646995 0.30939623713493347 -0.95093315839767456
vn -0.014097689650952816 0.99394172430038452 0.10900034755468369
vn 0.011875297874212265 0.99684727191925049 0.078450605273246765
vn 0.0024815963115543127 -0.0005333932931534946 -0.99999678134918213
vn 0.0012965792557224631 -0.0016113281017169356 -0.99999785423278809
vn 0.0003115978033747524 0.00045326747931540012 -0.99999982118606567
vn 0.9955018162727356 -0.008483394980430603 0.094362072646617889
vn -0.29315561056137085 -0.88310456275939941 0.36631426215171814
vn -0.52736198902130127 -0.8486473560333252 -0.041072793304920197
vn -0.48869380354881287 -0.86387825012207031 0.12203572690486908
vn -0.50080543756484985 -0.62294787168502808 0.60094082355499268
vn -0.50080543756484985 -0.62294787168502808 0.60094082355499268
vn -0.50080543756484985 -0.62294787168502808 0.60094082355499268
vn -0.6385878324508667 0.070549465715885162 0.76630830764770508
vn -0.6385878324508667 0.070549465715885162 0.76630830764770508
vn -0.6385878324508667 0.070549465715885162 0.76630830764770508
vn 0.45828500390052795 -0.88879406452178955 0.00446704076603055
vn 0.45828500390052795 -0.88879406452178955 0.00446704076603055
vn 0.45828500390052795 -0.88879406452178955 0.00446704076603055
vn 0.89097446203231812 -0.19174477458000183 -0.41158038377761841
vn 0.89097446203231812 -0.19174477458000183 -0.41158038377761841
vn 0.89097446203231812 -0.19174477458000183 -0.41158038377761841
vn 0.23119139671325684 -0.44097092747688293 0.86723423004150391
vn 0.33991453051567078 -0.6528780460357666 0.67691093683242798
vn 0.77660930156707764 -0.084949806332588196 -0.62422871589660645
vn 0.75709843635559082 -0.15349577367305756 -0.63501256704330444
vn 0.79613900184631348 0.072855159640312195 -0.60071194171905518
vn -0.26554813981056213 -0.096661195158958435 -0.95923972129821777
vn -0.27227190136909485 -0.12092786282300949 -0.95459127426147461
vn -0.28570544719696045 0.032106894999742508 -0.95777946710586548
vn 0 0.38105911016464233 -0.92455065250396729
vn 0 0.38105911016464233 -0.92455065250396729
vn 0 0.38105911016464233 -0.92455065250396729
vn -0.28692293167114258 -0.1265883594751358 0.94955283403396606
vn -0.28028538823127747 -0.095910347998142242 0.95511323213577271
vn -0.30772155523300171 0.12747868895530701 0.9428979754447937
vn 0.99811136722564697 -0.0088519938290119171 -0.060788925737142563
vn 0.9539802074432373 0.038941062986850739 0.29733040928840637
vn 0.98839932680130005 0.018580090254545212 0.15073658525943756
vn 0 -0.39698031544685364 0.91782712936401367
vn 0 -0.93451684713363647 0.35591885447502136
vn 0 -0.83505439758300781 0.55016738176345825
vn -0.40121835470199585 -0.6382177472114563 0.6570402979850769
vn -0.40121835470199585 -0.6382177472114563 0.6570402979850769
vn -0.40121835470199585 -0.6382177472114563 0.6570402979850769
vn 0.95520877838134766 -0.083382390439510345 0.28394284844398499
vn 0.97535526752471924 -0.21418100595474243 0.052995804697275162
vn 0.99998557567596436 0.0046196645125746727 -0.0027381074614822865
vn 0.99999749660491943 -0.001440667430870235 0.0017178894486278296
vn 0.99867957830429077 0.016080392524600029 -0.048790320754051208
vn 0.33592712879180908 0.10273215919733047 0.93626868724822998
vn 0.071772202849388123 -0.10121636837720871 0.99227213859558105
vn 0.31717896461486816 -0.81840914487838745 0.47917008399963379
vn 0.70101422071456909 -0.50021809339523315 -0.50829213857650757
vn 0.70101422071456909 -0.50021809339523315 -0.50829213857650757
vn 0.70101422071456909 -0.50021809339523315 -0.50829213857650757
vn 0.49568673968315125 -0.86850130558013916 -0.0004136966890655458
vn 0.50042629241943359 -0.86575853824615479 -0.0059699574485421181
vn 0.4981960654258728 -0.86702436208724976 0.0083342324942350388
vn -0.99999988079071045 -6.945811037439853E-05 0.00048157025594264269
vn -0.99998432397842407 -0.00029256980633363128 -0.0055886050686240196
vn -0.99998342990875244 0.00032491714227944613 0.0057494784705340862
vn -0.68012374639511108 0.71762418746948242 0.14982409775257111
vn -0.3110521137714386 0.94756197929382324 -0.073300182819366455
vn -0.62725025415420532 0.77578890323638916 0.068619579076766968
vn 0.88351398706436157 -0.45363730192184448 0.11668851971626282
vn 0.91405808925628662 -0.38502222299575806 -0.12749764323234558
vn 0.84992992877960205 -0.52439522743225098 -0.051271706819534302
vn 0.99970376491546631 -0.0084917536005377769 -0.02280876599252224
vn 0.99907904863357544 0.037738781422376633 -0.020417613908648491
vn 0.99975287914276123 0.0051130861975252628 -0.021633381024003029
vn 0.55723476409912109 0.49226728081703186 0.66870200634002686
vn 0.55723476409912109 0.49226728081703186 0.66870200634002686
vn 0.55723476409912109 0.49226728081703186 0.66870200634002686
vn -0.47149300575256348 -0.88164305686950684 -0.019997606053948402
vn -0.60467928647994995 -0.79643851518630981 0.0069734691642224789
vn -0.59324848651885986 -0.80499255657196045 0.0065769371576607227
vn 0.0020893753971904516 0.46559619903564453 -0.88499480485916138
vn 0.0020893753971904516 0.46559619903564453 -0.88499480485916138
vn 0.0020893753971904516 0.46559619903564453 -0.88499480485916138
vn -0.93862658739089966 -0.34129783511161804 -0.049959652125835419
vn -0.92792367935180664 -0.36835750937461853 0.057187370955944061
vn -0.15368063747882843 -0.24348154664039612 0.95765286684036255
vn -0.017885463312268257 0.87223982810974121 0.48875129222869873
vn 0.10542411357164383 0.94268602132797241 -0.31658938527107239
vn 0.33739519119262695 0.94136196374893188 -0.0014790251152589917
vn 0.33739519119262695 0.94136196374893188 -0.0014790251152589917
vn 0.33739519119262695 0.94136196374893188 -0.0014790251152589917
vn -0.97746467590332031 0.02262219600379467 -0.20988331735134125
vn -0.99948281049728394 0.0050307116471230984 -0.031762555241584778
vn 0.92675513029098511 0.023860016837716103 0.37490749359130859
vn -0.99875444173812866 -0.002769076731055975 0.049819149076938629
vn -0.99484413862228394 -0.00055672111921012402 0.10141399502754211
vn -0.9972725510597229 -0.003905819496139884 0.073703743517398834
vn -0.47013747692108154 -0.67881226539611816 -0.56407862901687622
vn -0.47010216116905212 -0.67880165576934814 -0.56412076950073242
vn -0.47008183598518372 -0.67879557609558105 -0.56414502859115601
vn 0.79103696346282959 -0.37522679567337036 -0.48318251967430115
vn 0.79103696346282959 -0.37522679567337036 -0.48318251967430115
vn 0.79103696346282959 -0.37522679567337036 -0.48318251967430115
vn 0.11541112512350082 -0.85042661428451538 -0.5132785439491272
vn 0.19329282641410828 -0.81665843725204468 -0.54378938674926758
vn 0.22599534690380096 -0.80265349149703979 -0.55197238922119141
vn 0.52675765752792358 0.44663050770759583 0.72322022914886475
vn 0.52675765752792358 0.44663050770759583 0.72322022914886475
vn 0.52675765752792358 0.44663050770759583 0.72322022914886475
vn -0.91789925098419189 -0.35604798793792725 0.17518800497055054
vn -0.91789925098419189 -0.35604798793792725 0.17518800497055054
vn -0.91789925098419189 -0.35604798793792725 0.17518800497055054
vn -0.98691552877426147 0.090275317430496216 0.1335967630147934
vn -0.99469161033630371 -0.080329328775405884 0.064310193061828613
vn 0.81089878082275391 -0.019292710348963737 0.58486837148666382
vn 0.80785596370697021 0.027782255783677101 0.58872479200363159
vn 0.80728065967559814 0.10163699090480804 0.58135002851486206
vn -0.48239916563034058 -0.85893398523330688 0.17182397842407227
vn 0.59249424934387207 -0.30734989047050476 -0.74463856220245361
vn 0.59249424934387207 -0.30734989047050476 -0.74463856220245361
vn 0.59249424934387207 -0.30734989047050476 -0.74463856220245361
vn -0.99008470773696899 0.1251763254404068 -0.06374271959066391
vn -0.98453795909881592 0.17111188173294067 -0.037492338567972183
vn -0.99890595674514771 0.0060899979434907436 -0.046365614980459213
vn -0.69598263502120972 0.38064268231391907 0.60886722803115845
vn -0.69598263502120972 0.38064268231391907 0.60886722803115845
vn -0.69598263502120972 0.38064268231391907 0.60886722803115845
vn -0.10502941906452179 -0.40724405646324158 -0.9072602391242981
vn -0.10502941906452179 -0.40724405646324158 -0.9072602391242981
vn -0.10502941906452179 -0.40724405646324158 -0.9072602391242981
vn -0.9400220513343811 -0.2885667085647583 0.18190056085586548
vn -0.94256448745727539 -0.2865578830242157 0.17162959277629852
vn -0.28402775526046753 0.6745879054069519 0.68136584758758545
vn -0.28402775526046753 0.6745879054069519 0.68136584758758545
vn -0.28402775526046753 0.6745879054069519 0.68136584758758545
vn 0.14048981666564941 -0.47976940870285034 -0.8660738468170166
vn 0.042647242546081543 -0.4426875114440918 -0.89566117525100708
vn 0.22572389245033264 -0.38522934913635254 -0.89478886127471924
vn -0.037069607526063919 -0.44058674573898315 -0.89694434404373169
vn -0.037069607526063919 -0.44058674573898315 -0.89694434404373169
vn -0.037069607526063919 -0.44058674573898315 -0.89694434404373169
vn 0.99951803684234619 0.015341142192482948 0.02698793075978756
vn 0.99479216337203979 -0.020692477002739906 0.099801927804946899
vn 0.98463326692581177 -0.15196077525615692 0.086053565144538879
vn 0.96835958957672119 -0.22675132751464844 -0.10422814637422562
vn 0.9955715537071228 -0.031848683953285217 -0.088447466492652893
vn -0.19740425050258636 0.63749676942825317 0.74473446607589722
vn 0.0051568080671131611 0.76997542381286621 0.63805270195007324
vn -0.90279537439346313 -0.036245290189981461 0.42854028940200806
vn -0.91874295473098755 0.003133788937702775 0.39484372735023499
vn -0.95229882001876831 -0.0034623979590833187 -0.30514740943908691
vn 0.74065196514129639 0.24076828360557556 0.62726813554763794
vn 0.63712000846862793 0.41243788599967957 0.65113216638565063
vn 0.8466913104057312 -0.33248698711395264 0.41541090607643127
vn 0.99982011318206787 -0.0093437852337956429 -0.01650644838809967
vn 0.99987733364105225 -0.0073831877671182156 -0.013814858160912991
vn 0.99604535102844238 0.042809698730707169 0.077852346003055573
vn 0.85517466068267822 0.51833999156951904 -6.642067546636099E-06
vn 0.85517466068267822 0.51833999156951904 -6.642067546636099E-06
vn 0.85517466068267822 0.51833999156951904 -6.642067546636099E-06
vn -0.66555464267730713 0.70484864711761475 0.24540875852108002
vn -0.86410325765609741 0.015711022540926933 0.50306934118270874
vn 0.70054954290390015 0.043458335101604462 0.71227926015853882
vn 0.15343508124351501 -0.0071029430255293846 0.98813319206237793
vn 0.099512070417404175 -0.50434970855712891 0.85774630308151245
vn 0.016571855172514915 -0.053829174488782883 0.9984126091003418
vn 0.47170639038085938 0.67608386278152466 0.56604212522506714
vn 0.47172781825065613 0.67608386278152466 0.56602424383163452
vn 0.47166785597801208 0.67608386278152466 0.56607425212860107
vn -0.14855138957500458 -0.3415471613407135 0.92805063724517822
vn -0.081160798668861389 -0.36512473225593567 0.92741405963897705
vn 0.0048408424481749535 -0.39233008027076721 0.91981178522109985
vn -0.026346376165747643 0.51246660947799683 0.85830289125442505
vn -0.17498637735843658 0.35579115152359009 0.9180372953414917
vn -0.044100631028413773 0.4951765239238739 0.8676723837852478
vn -0.96116095781326294 -0.0094917137175798416 -0.27582517266273499
vn -0.95422989130020142 -0.024860650300979614 -0.29803907871246338
vn -0.96222102642059326 -0.0069831786677241325 -0.27218005061149597
vn 0.91237998008728027 -0.058993406593799591 -0.40507104992866516
vn 0.91237998008728027 -0.058993406593799591 -0.40507104992866516
vn 0.91237998008728027 -0.058993406593799591 -0.40507104992866516
vn -0.48616066575050354 0.73857462406158447 -0.46707102656364441
vn -0.45953279733657837 0.87150299549102783 -0.17120799422264099
vn -0.36324378848075867 0.92651838064193726 0.0980696901679039
vn 0.0053664334118366241 0.99997866153717041 -0.0037287387531250715
vn 0.0084540983662009239 0.99979937076568604 0.018159452825784683
vn 0.019215762615203857 0.99980384111404419 0.0048035909421741962
vn 0.18000152707099915 0.38003882765769958 0.9072871208190918
vn 0.18000152707099915 0.38003882765769958 0.9072871208190918
vn 0.18000152707099915 0.38003882765769958 0.9072871208190918
vn 5.090185162259786E-09 -0.9321628212928772 0.36203929781913757
vn 6.4280349931777891E-08 -0.93216294050216675 0.36203908920288086
vn -1.2770818180740662E-08 -0.9321628212928772 0.36203929781913757
vn 0.0086936429142951965 -0.003395305247977376 0.99995642900466919
vn 0.001685998635366559 -0.0019537080079317093 0.99999666213989258
vn -0.0789685919880867 0.059434179216623306 0.99510377645492554
vn -0.041259363293647766 0.0020990252960473299 0.99914628267288208
vn 0.042220734059810638 0.077085800468921661 0.99613010883331299
vn 0.021542312577366829 -0.018621232360601425 0.99959450960159302
vn 0.0017038986552506685 0.0019394021946936846 0.99999666213989258
vn 0.031389661133289337 -0.00089375604875385761 0.99950683116912842
vn 0.02128324843943119 -0.0012541532050818205 0.99977272748947144
vn -0.067525900900363922 0.83873826265335083 0.54033172130584717
vn -0.059945885092020035 0.83749806880950928 0.54314219951629639
vn 0.0049478509463369846 0.84295958280563354 0.53795415163040161
vn -0.45305174589157104 0.74346733093261719 0.49193546175956726
vn 0.030695335939526558 -0.9995233416557312 0.0033024945296347141
vn 0.011379003524780273 -0.99976509809494019 0.018446648493409157
vn 0.008065362460911274 -0.99974602460861206 0.02104291133582592
vn -0.018142610788345337 -0.0086534544825553894 0.99979794025421143
vn -4.1088918578680023E-07 -4.1584258724469692E-05 1
vn -0.28484940528869629 -0.28845345973968506 0.91414189338684082
vn -0.21172612905502319 -0.21256478130817413 0.95393306016921997
vn -0.013141678646206856 -0.041304983198642731 0.99906015396118164
vn 0.00036582746542990208 -0.99946951866149902 0.03256542980670929
vn 0.00017173780361190438 -0.99946784973144531 0.032619658857584
vn -0.00024120895250234753 -0.99945962429046631 0.032868940383195877
vn 0.11493074148893356 -0.16567374765872955 0.97946065664291382
vn -0.0020302401389926672 -0.99947541952133179 0.032323714345693588
vn -0.0016679568216204643 -0.9994850754737854 0.03204350546002388
vn -0.99918568134307861 -0.032810784876346588 0.023481419309973717
vn -0.9992792010307312 -0.017448689788579941 0.033713515847921371
vn -0.99569606781005859 0.085497185587882996 0.035770747810602188
vn 0.33776453137397766 0.094460584223270416 0.93647867441177368
vn 0.82455909252166748 -0.56206512451171875 0.064692258834838867
vn 0.8519895076751709 -0.51854264736175537 0.0723005011677742
vn 0.95043998956680298 0.30977988243103027 0.026462437584996223
vn 0.96311527490615845 0.0094991521909832954 0.26892143487930298
vn 0.97131478786468506 -0.005692322738468647 0.23772919178009033
vn 0.97147965431213379 -0.010195750743150711 0.2369036078453064
vn -0.68880438804626465 0.10121044516563416 0.71784746646881104
vn 0.28450509905815125 0.092331074178218842 0.95421791076660156
vn 0.22654584050178528 -0.020074984058737755 0.973793625831604
vn 0.0033884604927152395 -0.21614035964012146 0.97635644674301147
vn 0.041951987892389297 0.35336461663246155 0.93454450368881226
vn -0.061693813651800156 0.2291865199804306 0.97142547369003296
vn -0.025043277069926262 -0.99214750528335571 0.1225404366850853
vn -0.0314132459461689 -0.98678076267242432 0.15898726880550385
vn -0.13337831199169159 -0.98470193147659302 0.11212654411792755
vn -0.22924306988716125 -0.17155128717422485 0.95813244581222534
vn -0.22924306988716125 -0.17155128717422485 0.95813244581222534
vn -0.22924306988716125 -0.17155128717422485 0.95813244581222534
vn 0.013938133604824543 -0.9916951060295105 0.1278536319732666
vn 0.19185493886470795 -0.93385154008865356 0.30184924602508545
vn -0.020607016980648041 -0.99417400360107422 0.10579902678728104
vn -0.015761144459247589 0.63194304704666138 0.77485454082489014
vn -0.056725312024354935 0.56624221801757812 0.82228463888168335
vn -0.037053145468235016 0.39705228805541992 0.91704773902893066
vn 0.46254029870033264 0.6141507625579834 0.63943356275558472
vn 0.46254029870033264 0.6141507625579834 0.63943356275558472
vn 0.46254029870033264 0.6141507625579834 0.63943356275558472
vn -0.43004751205444336 -0.8383520245552063 0.33499997854232788
vn -0.43077290058135986 -0.83998501300811768 0.32993927597999573
vn -0.44159156084060669 -0.83440941572189331 0.3297845721244812
vn 0.86352860927581787 -0.23196914792060852 0.44778189063072205
vn 0.74982583522796631 -0.44889551401138306 0.48605972528457642
vn 0.81044274568557739 -0.2596575915813446 0.52512902021408081
vn 0.99528127908706665 0.076358579099178314 0.059871256351470947
vn -0.90553009510040283 0.08991377055644989 0.41464531421661377
vn -0.74195939302444458 -0.30945289134979248 0.5947563648223877
vn -0.97624498605728149 -0.21178822219371796 -0.045733008533716202
vn 0.0019923171494156122 0.99271959066390991 -0.12043213099241257
vn -0.01166199054569006 0.9952235221862793 -0.096923500299453735
vn 0.0075459908694028854 0.9948158860206604 -0.10141225904226303
vn -0.0053625497967004776 0.99377197027206421 -0.11130344122648239
vn -0.3156762421131134 0.097596302628517151 0.94383448362350464
vn 0.096200220286846161 -0.11456810683012009 -0.9887465238571167
vn 0.19892902672290802 -0.11121780425310135 -0.97368264198303223
vn -0.00050900544738397002 -0.12134231626987457 -0.99261057376861572
vn -0.43184971809387207 -0.6463506817817688 -0.62907600402832031
vn -0.43184971809387207 -0.6463506817817688 -0.62907600402832031
vn -0.43184971809387207 -0.6463506817817688 -0.62907600402832031
vn -0.0020954140927642584 -0.99433302879333496 0.10628931224346161
vn 0.00051002571126446128 -0.99241435527801514 0.12293679267168045
vn 0.055419538170099258 0.033694207668304443 0.99789446592330933
vn -0.15485383570194244 0.082112513482570648 0.98451906442642212
vn -0.25116801261901855 0.060657761991024017 0.96604102849960327
vn 0.26222524046897888 -0.3245241641998291 0.90880250930786133
vn -0.011105724610388279 -0.16011874377727509 0.98703527450561523
vn -0.026272684335708618 0.081031017005443573 0.9963652491569519
vn -0.019016262143850327 0.099529869854450226 0.99485284090042114
vn 0.054679177701473236 -0.41126218438148499 0.90987557172775269
vn 0.28576314449310303 -0.37574800848960876 0.88156270980834961
vn 0.50733751058578491 -0.33097469806671143 0.79565346240997314
vn -0.10980380326509476 0.1124538779258728 0.98757141828536987
vn 0.12838432192802429 0.11626291275024414 0.98488599061965942
vn -0.32624921202659607 0.091619543731212616 0.94083333015441895
vn 0.048522081226110458 -0.99824732542037964 -0.033880230039358139
vn 0.035400249063968658 -0.99928021430969238 -0.013633049093186855
vn 0.024979401379823685 -0.99968498945236206 0.00242948392406106
vn 0.012629920616745949 -0.08510231226682663 -0.99629217386245728
vn -0.99768823385238647 -0.0026358393952250481 0.067906394600868225
vn -0.99924737215042114 0.0062620574608445168 0.038281884044408798
vn 0.063734166324138641 -0.27493274211883545 0.95934873819351196
vn 0.088035270571708679 -0.31929737329483032 0.94355654716491699
vn -0.36991652846336365 -0.58546906709671021 0.72137904167175293
vn -0.0006345566944219172 -0.9937475323677063 0.11164849251508713
vn -0.24435624480247498 0.0034877604339271784 0.96967923641204834
vn -0.34278225898742676 -0.13008913397789001 0.93036401271820068
vn -0.35425671935081482 -0.074938409030437469 0.9321407675743103
vn -0.35721033811569214 0.072883769869804382 0.93117600679397583
vn -0.99755877256393433 0.00065515184542164207 -0.069828443229198456
vn -0.9975476861000061 -0.0010534981265664101 -0.069982476532459259
vn -0.99731498956680298 0.0032744682393968105 -0.073157608509063721
vn -0.028191238641738892 0.99954426288604736 -0.010795517824590206
vn 0.20594404637813568 0.97854846715927124 0.0054688253439962864
vn -0.99932575225830078 -0.013925937004387379 -0.033972330391407013
vn 9.2050521516284789E-07 1 4.2098214180441573E-05
vn -4.3971334662273875E-07 1 4.163982521276921E-05
vn -2.3304887690756004E-06 1 4.0590675780549645E-05
vn -0.95958805084228516 -0.0014225365594029427 -0.28140491247177124
vn 0.03344346210360527 0.99912822246551514 -0.024985698983073235
vn 0.00030673950095660985 0.98766016960144043 0.15661203861236572
vn 0.024163590744137764 -0.15603324770927429 0.98745620250701904
vn 0.23429669439792633 -0.54204255342483521 -0.80702847242355347
vn -0.023190349340438843 0.99707722663879395 0.072795353829860687
vn -0.030991837382316589 -0.49489665031433105 0.86839896440505981
vn -0.049214828759431839 0.99447053670883179 -0.092769652605056763
vn -1 0 0
vn -1 0 0
vn -1 0 0
vn 0.0306705292314291 0.16861703991889954 0.98520433902740479
vn 0.11668910086154938 -0.93697613477706909 0.32933178544044495
vn -0.078677691519260406 -0.080867372453212738 -0.99361473321914673
vn -0.12676055729389191 0.31963014602661133 0.93902522325515747
vn -0.19515153765678406 0.0067873368971049786 0.98074960708618164
vn -0.005769374780356884 -0.012270038947463036 -0.99990808963775635
vn 0.088122740387916565 -0.023785308003425598 -0.99582558870315552
vn 0.37703028321266174 0.92620086669921875 0.00032951333560049534
vn 0.40542027354240417 0.91297399997711182 -0.045966032892465591
vn 0.35772973299026489 0.93272954225540161 0.045221537351608276
vn -0.11070974171161652 0.99367338418960571 -0.018882064148783684
vn -0.18236014246940613 0.00078457832569256425 0.98323148488998413
vn 0.14256340265274048 -0.84646832942962646 -0.51299810409545898
vn 0.32408753037452698 -0.80649948120117188 -0.49449554085731506
vn 0.11216818541288376 -0.96012896299362183 0.25606772303581238
vn 0.038242731243371964 0.99926233291625977 -0.0034989709965884686
vn -0.032201856374740601 0.99946475028991699 0.0057673072442412376
vn 0.28403490781784058 0.95873278379440308 -0.012472355738282204
vn -0.36442098021507263 0.93123221397399902 0.0019733705557882786
vn 0.30072972178459167 -0.95367908477783203 0.0076029272750020027
vn -0.0019426748622208834 -0.99895530939102173 0.04565604031085968
vn -0.043003298342227936 -0.97958219051361084 -0.19639092683792114
vn 0.045721113681793213 -0.99664831161499023 -0.067836165428161621
vn 0.99759078025817871 0.00028549466514959931 -0.069372445344924927
vn 0.99758261442184448 3.6744781937159132E-06 -0.069490306079387665
vn 0.99763458967208862 0.00025876853032968938 -0.068739376962184906
vn -0.99798625707626343 0.017166448757052422 0.061063278466463089
vn 0.014137057587504387 0.84370040893554688 0.5366281270980835
vn 0 -0.41117113828659058 0.91155815124511719
vn 0 -0.41117113828659058 0.91155815124511719
vn 0 -0.41117113828659058 0.91155815124511719
vn -0.10266044735908508 0.0018270756117999554 -0.99471479654312134
vn 0.96994477510452271 -0.0003548766253516078 -0.24332498013973236
vn -0.26069867610931396 -0.0045444262214004993 -0.96540951728820801
vn 0.21771302819252014 -0.0010494537418708205 0.97601228952407837
vn 0.4124322235584259 0.010655276477336884 -0.91092598438262939
vn 0.0025226206053048372 6.5880565671250224E-05 0.9999968409538269
vn 0.044668380171060562 -0.99900174140930176 -0.00051875424105674028
vn 0.11528073251247406 -0.9933321475982666 -0.0012853242224082351
vn 0.012771275825798512 -0.99991840124130249 -0.00017623871099203825
vn -0.99462956190109253 0.081270501017570496 0.064087077975273132
vn -0.99734073877334595 0.0048027005977928638 -0.072720929980278015
vn 0.24404975771903992 0.078577615320682526 0.96657401323318481
vn 0.26453283429145813 -0.04977092519402504 0.96309149265289307
vn 0.99975043535232544 -0.021407824009656906 -0.0063811186701059341
vn 0.99998265504837036 0.0018275351030752063 0.0056029385887086391
vn -0.11436877399682999 0.2256447970867157 0.96747308969497681
vn 0.80453187227249146 -0.39618992805480957 -0.44245001673698425
vn -0.078013226389884949 0.051568862050771713 0.99561768770217896
vn -0.035914219915866852 0.12330517917871475 0.99171870946884155
vn -0.13267885148525238 -0.13183483481407166 -0.98235225677490234
usemtl vc_191919__Default
f 1//1 2//2 3//3
f 4//4 5//5 6//6
f 7//7 8//8 9//9
f 10//10 11//11 12//12
f 12//12 653//653 13//13 10//10
f 10//10 14//14 11//11
f 15//15 16//16 14//14
f 17//17 15//15 10//10
f 3//3 18//18 19//19
f 20//20 3//3 19//19
f 21//21 22//22 23//23
f 24//24 25//25 26//26
f 27//27 28//28 29//29
f 30//30 31//31 32//32
f 33//33 34//34 35//35
f 36//36 37//37 38//38
f 39//39 40//40 41//41
f 42//42 43//43 44//44
f 45//45 46//46 47//47
f 48//48 49//49 50//50
f 51//51 52//52 53//53
f 14//14 54//54 55//55
f 56//56 54//54 14//14
f 57//57 58//58 59//59
f 60//60 61//61 62//62
f 63//63 52//52 51//51
f 64//64 65//65 66//66
f 67//67 68//68 69//69
f 70//70 71//71 72//72
f 73//73 74//74 75//75
f 76//76 77//77 22//22
f 78//78 79//79 80//80
f 81//81 82//82 76//76
f 83//83 84//84 85//85
f 86//86 87//87 88//88
f 89//89 76//76 22//22
f 90//90 81//81 76//76
f 76//76 91//91 90//90
f 92//92 93//93 94//94
f 95//95 96//96 97//97
f 98//98 99//99 100//100
f 101//101 102//102 103//103
f 13//13 104//104 105//105
f 106//106 107//107 108//108
f 109//109 107//107 106//106
f 110//110 111//111 112//112
f 115//115 664//664 113//113 114//114
f 116//116 117//117 118//118
f 16//16 56//56 14//14
f 105//105 17//17 13//13
f 119//119 120//120 121//121
f 122//122 123//123 120//120
f 124//124 119//119 121//121
f 125//125 124//124 121//121
f 126//126 127//127 128//128
f 129//129 130//130 131//131
f 132//132 133//133 128//128
f 132//132 134//134 133//133
f 126//126 128//128 135//135
f 128//128 136//136 135//135
f 136//136 133//133 137//137
f 133//133 136//136 128//128
f 139//139 133//133 140//140 138//138
f 141//141 142//142 143//143
f 126//126 135//135 144//144
f 139//139 145//145 146//146
f 147//147 148//148 149//149
f 126//126 144//144 150//150
f 151//151 152//152 153//153
f 154//154 155//155 150//150
f 154//154 156//156 157//157
f 158//158 159//159 160//160
f 161//161 162//162 159//159
f 163//163 164//164 165//165
f 166//166 167//167 168//168
f 169//169 170//170 171//171
f 163//163 165//165 172//172
f 173//173 174//174 175//175
f 176//176 177//177 178//178
f 119//119 179//179 120//120
f 180//180 125//125 181//181
f 182//182 183//183 181//181
f 184//184 185//185 186//186
f 186//186 187//187 188//188
f 189//189 190//190 191//191
f 192//192 193//193 194//194
f 192//192 194//194 195//195
f 196//196 197//197 198//198
f 199//199 200//200 201//201
f 202//202 197//197 196//196
f 128//128 197//197 203//203 132//132
f 151//151 204//204 152//152
f 205//205 155//155 206//206
f 207//207 208//208 209//209
f 210//210 211//211 206//206
f 212//212 196//196 133//133
f 213//213 214//214 215//215
f 216//216 133//133 134//134
f 217//217 218//218 219//219
f 220//220 221//221 222//222
f 223//223 224//224 225//225
f 226//226 227//227 228//228
f 229//229 230//230 231//231
f 232//232 233//233 234//234
f 237//237 389//389 235//235 236//236
f 238//238 239//239 240//240
f 243//243 662//662 241//241 242//242
f 244//244 245//245 246//246
f 247//247 248//248 249//249
f 250//250 251//251 252//252
f 253//253 254//254 255//255
f 256//256 257//257 258//258
f 169//169 259//259 210//210
f 171//171 259//259 169//169
f 260//260 261//261 262//262
f 263//263 264//264 265//265
f 266//266 260//260 267//267
f 268//268 269//269 270//270
f 268//268 271//271 269//269
f 266//266 272//272 273//273
f 266//266 273//273 260//260
f 274//274 275//275 276//276
f 277//277 278//278 279//279
f 280//280 281//281 282//282
f 283//283 284//284 285//285
f 105//105 104//104 286//286
f 287//287 288//288 289//289
f 290//290 177//177 291//291
f 292//292 293//293 294//294
f 295//295 296//296 297//297
f 298//298 299//299 300//300
f 301//301 130//130 302//302
f 303//303 304//304 305//305
f 286//286 104//104 306//306
f 307//307 308//308 309//309
f 310//310 311//311 312//312
f 313//313 314//314 315//315
f 316//316 317//317 318//318
f 319//319 320//320 321//321
f 182//182 322//322 323//323
f 324//324 325//325 326//326
f 327//327 328//328 329//329
f 330//330 331//331 332//332
f 333//333 334//334 335//335
f 336//336 337//337 338//338
f 339//339 340//340 341//341
f 342//342 343//343 344//344
f 110//110 442//442 345//345 346//346
f 347//347 348//348 349//349
f 350//350 351//351 352//352
f 353//353 354//354 355//355
f 356//356 357//357 358//358
f 359//359 360//360 361//361
f 362//362 363//363 364//364
f 365//365 366//366 367//367
f 368//368 369//369 370//370
f 371//371 372//372 373//373
f 374//374 375//375 376//376
f 377//377 378//378 379//379
f 380//380 381//381 177//177
f 182//182 382//382 322//322
f 383//383 184//184 186//186
f 384//384 295//295 297//297
f 385//385 386//386 387//387
f 388//388 235//235 389//389
f 390//390 286//286 306//306
f 391//391 392//392 393//393
f 394//394 395//395 396//396
f 397//397 398//398 399//399
f 400//400 401//401 402//402
f 403//403 404//404 405//405
f 406//406 407//407 408//408
f 409//409 380//380 177//177
f 177//177 410//410 409//409
f 411//411 412//412 413//413
f 414//414 374//374 376//376
f 415//415 416//416 417//417
f 418//418 419//419 420//420
f 421//421 422//422 423//423
f 424//424 425//425 426//426
f 427//427 391//391 428//428
f 429//429 430//430 431//431
f 432//432 433//433 434//434
f 435//435 436//436 437//437
f 438//438 439//439 440//440
f 441//441 345//345 442//442
f 383//383 443//443 444//444
f 445//445 446//446 447//447
f 448//448 449//449 450//450
f 451//451 452//452 453//453
f 454//454 455//455 456//456
f 457//457 362//362 364//364
f 458//458 393//393 392//392
f 390//390 306//306 459//459
f 460//460 461//461 462//462
f 463//463 464//464 465//465
f 466//466 467//467 468//468
f 469//469 470//470 471//471
f 472//472 473//473 474//474
f 475//475 476//476 477//477
f 478//478 479//479 480//480
f 481//481 482//482 483//483
f 484//484 485//485 486//486
f 487//487 488//488 489//489
f 492//492 666//666 490//490 491//491
f 493//493 494//494 495//495
f 496//496 495//495 494//494
f 497//497 490//490 493//493
f 490//490 498//498 493//493
f 499//499 500//500 501//501
f 495//495 497//497 493//493
f 500//500 499//499 502//502
f 503//503 504//504 505//505
f 506//506 460//460 507//507
f 508//508 506//506 509//509
f 462//462 510//510 507//507
f 511//511 512//512 513//513
f 462//462 514//514 510//510
f 515//515 511//511 516//516
f 517//517 518//518 519//519
f 520//520 514//514 462//462
f 462//462 507//507 460//460
f 521//521 522//522 523//523
f 524//524 525//525 526//526
f 527//527 458//458 392//392
f 528//528 390//390 459//459
f 529//529 530//530 460//460
f 531//531 460//460 532//532
f 533//533 534//534 535//535
f 536//536 537//537 538//538
f 539//539 540//540 541//541
f 542//542 543//543 544//544
f 545//545 546//546 547//547
f 548//548 549//549 550//550
f 551//551 552//552 553//553
f 345//345 554//554 551//551
f 555//555 556//556 557//557
f 558//558 559//559 560//560
f 561//561 559//559 558//558
f 527//527 562//562 458//458
f 563//563 564//564 565//565
f 566//566 567//567 568//568
f 569//569 534//534 533//533
f 569//569 570//570 534//534
f 571//571 572//572 573//573
f 571//571 574//574 572//572
f 575//575 576//576 577//577
f 350//350 578//578 351//351
f 579//579 580//580 578//578
f 582//582 667//667 581//581 528//528
f 581//581 583//583 527//527
f 3//3 2//2 18//18
f 14//14 55//55 11//11
f 584//584 585//585 586//586
f 133//133 139//139 137//137
f 137//137 139//139 146//146
f 259//259 171//171 587//587
f 588//588 420//420 589//589
f 590//590 591//591 123//123
f 123//123 592//592 590//590
f 491//491 496//496 492//492
f 569//569 533//533 593//593
f 2//2 1//1 7//7
f 36//36 594//594 37//37
f 595//595 596//596 597//597
f 598//598 599//599 600//600
f 109//109 601//601 107//107
f 181//181 125//125 121//121
f 129//129 131//131 602//602
f 266//266 267//267 603//603
f 604//604 605//605 606//606
f 446//446 607//607 447//447
f 608//608 19//19 609//609
f 610//610 277//277 279//279
f 278//278 611//611 279//279
f 612//612 301//301 302//302
f 382//382 613//613 322//322
f 301//301 612//612 614//614
f 615//615 616//616 617//617
f 532//532 460//460 618//618
f 352//352 351//351 619//619
f 620//620 563//563 565//565
f 610//610 621//621 277//277
f 593//593 539//539 569//569
f 594//594 36//36 622//622
f 17//17 10//10 13//13
f 623//623 624//624 169//169
f 625//625 626//626 627//627
f 383//383 444//444 184//184
f 479//479 628//628 480//480
f 528//528 459//459 582//582
f 158//158 160//160 629//629
f 630//630 631//631 632//632
f 633//633 634//634 635//635
f 632//632 631//631 352//352
f 636//636 251//251 250//250
f 637//637 638//638 639//639
f 637//637 639//639 640//640
f 641//641 642//642 643//643
f 272//272 644//644 273//273
f 500//500 645//645 501//501
f 145//145 156//156 154//154
f 646//646 647//647 648//648
f 11//11 649//649 12//12
f 95//95 97//97 650//650
f 393//393 54//54 56//56 391//391
f 651//651 170//170 169//169
f 15//15 14//14 10//10
f 22//22 652//652 23//23
f 653//653 104//104 13//13
f 280//280 282//282 654//654
f 655//655 656//656 657//657
f 517//517 519//519 658//658
f 598//598 600//600 659//659
f 89//89 660//660 76//76
f 239//239 661//661 240//240
f 348//348 663//663 349//349
f 55//55 649//649 11//11
f 154//154 150//150 145//145
f 110//110 346//346 665//665
f 581//581 667//667 562//562
f 620//620 565//565 668//668
