# Dual color encoding: per-vertex RGB for Rerun, face MTL colors for legacy RViz.
mtllib sim_gene01_l_wrist_1.mtl
# Rhino

g sim_gene01_l_wrist_1
v -57.673028796828696 2.2958824735359813 -18.598835381076444 0.333333333 0.117647059 0.129411765
v -57.053142693795095 8.0996792308823746 -18.619831694085505 0.333333333 0.117647059 0.129411765
v -56.57770133537408 2.8834981277820777 -52.005968986076226 0.333333333 0.117647059 0.129411765
v -55.867274702151057 10.773966197103693 -38.992569814956035 0.333333333 0.117647059 0.129411765
v -54.426051560046403 15.4563529079332 -43.388889068026067 0.333333333 0.117647059 0.129411765
v -53.476243777087952 16.005823302411763 -60.373490530054426 0.333333333 0.117647059 0.129411765
v -55.005654415378039 10.189632385335324 -63.463385985882866 0.333333333 0.117647059 0.129411765
v -53.798023070896228 7.8304830748575798 -97.145685192396471 0.333333333 0.117647059 0.129411765
v -55.004096448569491 1.9077104550163768 -89.087344601466995 0.333333333 0.117647059 0.129411765
v -53.311473305510738 11.412771191012439 -90.717319030175716 0.333333333 0.117647059 0.129411765
v -52.008123373865168 15.554966178451325 -91.086378262369394 0.333333333 0.117647059 0.129411765
v -51.326588821278513 9.5161436627628575 -133.67185208621314 0.333333333 0.117647059 0.129411765
v -53.397144817333071 4.9657330481193283 -112.92795074892061 0.333333333 0.117647059 0.129411765
v -49.257444317390345 18.679380112546539 -115.06063482704216 0.333333333 0.117647059 0.129411765
v -48.021089308747264 16.754779208144555 -145.39985952763126 0.333333333 0.117647059 0.129411765
v -51.595867907691407 13.689557298486712 -109.92898705353552 0.333333333 0.117647059 0.129411765
v -55.931067361979196 -2.9150905065815311 -72.567754630609684 0.333333333 0.117647059 0.129411765
v -57.277429268199327 -0.5859427599026219 -36.858331226166179 0.333333333 0.117647059 0.129411765
v -49.272497528429312 12.532509349941392 -149.61887410425703 0.333333333 0.117647059 0.129411765
v -50.557054861306483 7.9488903970686806 -149.73424608339309 0.333333333 0.117647059 0.129411765
v -57.302343793510175 -9.701592086503986 -18.594910767826999 0.333333333 0.117647059 0.129411765
v -55.543333107915345 -13.359832939961358 -53.830555735763966 0.333333333 0.117647059 0.129411765
v -56.366671086922587 -14.98777210786494 -18.57309474654339 0.333333333 0.117647059 0.129411765
v -56.747445322291441 -6.2697486668269367 -48.426303781307794 0.333333333 0.117647059 0.129411765
v -55.931067361979196 -2.9150905065815311 -72.567754630609684 0.333333333 0.117647059 0.129411765
v -57.277429268199327 -0.5859427599026219 -36.858331226166179 0.333333333 0.117647059 0.129411765
v -54.883641554960903 -10.630255735618512 -78.256443271875227 0.333333333 0.117647059 0.129411765
v -54.571861330270295 -18.082662482531202 -50.11742043694337 0.333333333 0.117647059 0.129411765
v -53.591954306080112 -14.577048392081927 -88.636027657948105 0.333333333 0.117647059 0.129411765
v -52.486908146943648 -17.443265006670089 -94.896200584245307 0.333333333 0.117647059 0.129411765
v -54.48857472612471 -8.3436710104988148 -92.192521767393742 0.333333333 0.117647059 0.129411765
v -53.970811745120855 -2.3026561869169146 -109.16730896553717 0.333333333 0.117647059 0.129411765
v -55.004096448569491 1.9077104550163768 -89.087344601466995 0.333333333 0.117647059 0.129411765
v -53.373507166647066 -7.461297860504077 -113.35518241561077 0.333333333 0.117647059 0.129411765
v -52.941879998415338 -12.254921642510933 -108.67729808672841 0.333333333 0.117647059 0.129411765
v -51.664640301174465 -2.493619928345395 -145.17823515944474 0.333333333 0.117647059 0.129411765
v -50.246109134240847 -17.832624483116497 -127.59535778159812 0.333333333 0.117647059 0.129411765
v -50.036077029618909 -13.703004293897475 -145.51763190275932 0.333333333 0.117647059 0.129411765
v -51.664753513370307 2.6121513853590885 -145.32134277917424 0.333333333 0.117647059 0.129411765
v 61.231817056718114 6.3639590562161477 -34.077810802778615 0.333333333 0.117647059 0.129411765
v 61.421770812046539 1.3925305804091079 -38.373752224739391 0.333333333 0.117647059 0.129411765
v 60.164628618343386 7.886108335746985 -54.998365879289587 0.333333333 0.117647059 0.129411765
v 60.359805684775118 1.1386824946815921 -64.608819419896264 0.333333333 0.117647059 0.129411765
v 58.843328820023189 5.1163831346097304 -87.503885462898353 0.333333333 0.117647059 0.129411765
v 58.634939857646806 11.504240716047223 -70.93801806822475 0.333333333 0.117647059 0.129411765
v 57.097899777444823 9.3224489790946095 -104.48291067709356 0.333333333 0.117647059 0.129411765
v 53.556184767867734 11.78634428371177 -146.14030282086003 0.333333333 0.117647059 0.129411765
v 56.082450342774237 15.424407067563383 -92.976569852851824 0.333333333 0.117647059 0.129411765
v 57.932441148983671 0.50775173699942178 -108.44432565009029 0.333333333 0.117647059 0.129411765
v 54.741461974155001 7.3974961673113171 -146.33133893817194 0.333333333 0.117647059 0.129411765
v 60.538911855007967 14.546330528487196 -18.655461253725449 0.333333333 0.117647059 0.129411765
v 61.329970117052675 10.021778456671129 -18.646908188380216 0.333333333 0.117647059 0.129411765
v 57.703765592008153 17.612556095550545 -55.561612302931621 0.333333333 0.117647059 0.129411765
v 59.649875003793703 18.052967516357537 -18.664169045308391 0.333333333 0.117647059 0.129411765
v 61.852289538601497 -7.2158293798608053 -18.618465227918115 0.333333333 0.117647059 0.129411765
v 60.786286317564112 -10.270154760503541 -37.753389723058149 0.333333333 0.117647059 0.129411765
v 61.421770812046539 1.3925305804091079 -38.373752224739391 0.333333333 0.117647059 0.129411765
v 60.359805684775118 1.1386824946815921 -64.608819419896264 0.333333333 0.117647059 0.129411765
v 61.225000999860782 -5.9807318859585283 -40.361184854144234 0.333333333 0.117647059 0.129411765
v 59.130555611030168 -3.4589568966767605 -87.627834944223821 0.333333333 0.117647059 0.129411765
v 58.568848903811215 -9.8375528293896721 -84.300806225469799 0.333333333 0.117647059 0.129411765
v 57.937673050313947 -19.315199621740515 -53.321273053577549 0.333333333 0.117647059 0.129411765
v 53.851867356490722 -18.421387466786033 -122.08378415398735 0.333333333 0.117647059 0.129411765
v 57.161455908916082 -13.913196884749183 -93.226238319751744 0.333333333 0.117647059 0.129411765
v 57.174492484626128 -10.480309943763839 -105.45227796587781 0.333333333 0.117647059 0.129411765
v 56.632755094100133 -7.4870879152629248 -121.02099021832581 0.333333333 0.117647059 0.129411765
v 54.839236969200641 -7.8879530237069373 -146.21071350093968 0.333333333 0.117647059 0.129411765
v 56.936233462263338 -3.280474520399947 -122.9289248029423 0.333333333 0.117647059 0.129411765
v 57.932441148983671 0.50775173699942178 -108.44432565009029 0.333333333 0.117647059 0.129411765
v 55.434067625613608 2.7365289843566458 -146.47703738367537 0.333333333 0.117647059 0.129411765
v 55.183217986434407 -2.256114621502352 -149.22009842042564 0.333333333 0.117647059 0.129411765
v 51.852472641195618 -18.007923144630695 -149.63702504633096 0.333333333 0.117647059 0.129411765
v 53.681558439896889 -12.419514752896722 -149.14542608825897 0.333333333 0.117647059 0.129411765
v -11.886850639475142 -51.711156873497202 -130.01959501235106 0.333333333 0.117647059 0.129411765
v -2.2567966761971547 -53.313441216490588 -128.77095054535187 0.333333333 0.117647059 0.129411765
v -8.6205950421572197 -55.566206601562072 -127.44460414759938 0.333333333 0.117647059 0.129411765
v -19.881878762180065 -52.186513753361993 -129.95231548329556 0.333333333 0.117647059 0.129411765
v 7.0146890882169828 -55.818748193702049 -127.2981577628622 0.333333333 0.117647059 0.129411765
v 18.071191735055379 -49.93256975132482 -131.81709406731784 0.333333333 0.117647059 0.129411765
v 18.091226052920945 -53.056799352955807 -129.63399020676709 0.333333333 0.117647059 0.129411765
v 20.694013492164359 -55.67709556474221 -52.693996752279105 0.333333333 0.117647059 0.129411765
v 27.865129574755539 -54.3713545957146 -18.543695601538342 0.333333333 0.117647059 0.129411765
v 19.91585947666227 -57.245692241032579 -18.535605717112045 0.333333333 0.117647059 0.129411765
v 15.202387793476408 -58.492427043026254 -18.530723460112569 0.333333333 0.117647059 0.129411765
v 14.806321976481669 -55.88620072531446 -91.469644612825959 0.333333333 0.117647059 0.129411765
v 10.157029712787363 -58.185516462711853 -55.768597970508516 0.333333333 0.117647059 0.129411765
v 2.8844100427699706 -60.148619915685032 -18.524969208668342 0.333333333 0.117647059 0.129411765
v 1.0001678246523724 -59.092432170804351 -52.746630005726004 0.333333333 0.117647059 0.129411765
v 3.4437807148533697 -58.931806366315058 -55.028746699836837 0.333333333 0.117647059 0.129411765
v 20.296989802582345 -53.87577004300514 -97.764366471031067 0.333333333 0.117647059 0.129411765
v 25.512930861418877 -53.176256111347385 -68.3471614437222 0.333333333 0.117647059 0.129411765
v 8.2290134525742005 -56.719884437554875 -102.55701771950362 0.333333333 0.117647059 0.129411765
v 3.4323919942890537 -58.669853947706983 -62.739099242835493 0.333333333 0.117647059 0.129411765
v 7.0146890882169828 -55.818748193702049 -127.2981577628622 0.333333333 0.117647059 0.129411765
v 3.2504826591913947 -56.747474498081914 -113.76050095191358 0.333333333 0.117647059 0.129411765
v 27.565711909757567 -50.290382960000706 -104.88961281140769 0.333333333 0.117647059 0.129411765
v 26.906581214831398 -48.813229334169023 -134.87991790002587 0.333333333 0.117647059 0.129411765
v 30.52903669323614 -48.992396059162289 -99.289377771419808 0.333333333 0.117647059 0.129411765
v 18.091226052920945 -53.056799352955807 -129.63399020676709 0.333333333 0.117647059 0.129411765
v 22.148582251364616 -51.388648481437258 -131.72905076988167 0.333333333 0.117647059 0.129411765
v 34.712160740850891 -42.918266356031751 -142.0859469538091 0.333333333 0.117647059 0.129411765
v 36.996421484755388 -41.460265147370336 -138.02711415176037 0.333333333 0.117647059 0.129411765
v 30.525652856975881 -46.307104811707063 -138.59128975238769 0.333333333 0.117647059 0.129411765
v 32.19897488632656 -46.613979825926222 -119.57249564142037 0.333333333 0.117647059 0.129411765
v 33.844126159530482 -44.654435897468474 -129.96685089936466 0.333333333 0.117647059 0.129411765
v 29.472163325803869 -51.095352573376367 -71.313751116979631 0.333333333 0.117647059 0.129411765
v 50.091712036383797 -23.122325695818063 -145.69956678634352 0.333333333 0.117647059 0.129411765
v 45.914462247597612 -30.503585061285548 -144.71560453727884 0.333333333 0.117647059 0.129411765
v 47.982376171265514 -26.169188940603817 -149.30164529576214 0.333333333 0.117647059 0.129411765
v 44.323504171892978 -31.922490829297431 -148.90213021331965 0.333333333 0.117647059 0.129411765
v 40.559040838784796 -36.941114568823622 -146.95645267425274 0.333333333 0.117647059 0.129411765
v 53.681558439896889 -12.419514752896722 -149.14542608825897 0.333333333 0.117647059 0.129411765
v 55.183217986434407 -2.256114621502352 -149.22009842042564 0.333333333 0.117647059 0.129411765
v 54.839236969200641 -7.8879530237069373 -146.21071350093968 0.333333333 0.117647059 0.129411765
v 41.760564769484091 -36.139317588902202 -142.84163943579759 0.333333333 0.117647059 0.129411765
v 51.852472641195618 -18.007923144630695 -149.63702504633096 0.333333333 0.117647059 0.129411765
v 31.160542024995294 40.249331290420599 -139.02464075429688 0.333333333 0.117647059 0.129411765
v 25.418907559114444 44.46242689285171 -133.48386244814486 0.333333333 0.117647059 0.129411765
v 33.879534575388782 40.071424251575387 -126.46452174409998 0.333333333 0.117647059 0.129411765
v 32.268212634953748 42.206176465934931 -117.86862687640159 0.333333333 0.117647059 0.129411765
v 27.419018629123585 44.26225974691782 -126.30394044264047 0.333333333 0.117647059 0.129411765
v 19.755791143959755 47.51783263565784 -130.15089617027553 0.333333333 0.117647059 0.129411765
v 21.819427135917209 47.573765624684157 -122.11491565744201 0.333333333 0.117647059 0.129411765
v 16.081183781105437 50.714182886276127 -113.62911316764685 0.333333333 0.117647059 0.129411765
v 24.637773530877137 47.51524492245553 -109.90524051297268 0.333333333 0.117647059 0.129411765
v 13.743474875977071 52.93096316712063 -95.708194530264848 0.333333333 0.117647059 0.129411765
v 19.898922646955523 50.33769497806724 -102.03352432603735 0.333333333 0.117647059 0.129411765
v 8.9184584155494946 52.290606634880305 -117.18124224941101 0.333333333 0.117647059 0.129411765
v 17.400737871710241 52.274964480571015 -88.549696134409345 0.333333333 0.117647059 0.129411765
v 23.727343705065277 49.490004800205341 -91.847563058687868 0.333333333 0.117647059 0.129411765
v 11.185297520630201 54.089797150528128 -87.865402684593676 0.333333333 0.117647059 0.129411765
v 7.9047138317741519 54.281720038566043 -95.032344742135237 0.333333333 0.117647059 0.129411765
v 26.490507019959303 49.031371409300611 -79.750187698058696 0.333333333 0.117647059 0.129411765
v 30.545844920851334 45.887875943142269 -92.589496014361856 0.333333333 0.117647059 0.129411765
v 21.275338093373382 51.492474984320445 -78.707153930298858 0.333333333 0.117647059 0.129411765
v 13.604585787315976 54.525760839104606 -70.605884315814095 0.333333333 0.117647059 0.129411765
v 6.4996972506994748 55.645056448464068 -76.518152380792046 0.333333333 0.117647059 0.129411765
v 3.8458780246973916 55.658889972255388 -80.744599785203221 0.333333333 0.117647059 0.129411765
v 18.776080673566778 53.199377181542971 -65.490082960004372 0.333333333 0.117647059 0.129411765
v 29.783517619043497 47.954671590803606 -69.499270246916282 0.333333333 0.117647059 0.129411765
v 24.474996260214823 51.23421014499629 -59.631958357133854 0.333333333 0.117647059 0.129411765
v 2.041373063062025 56.728084929211072 -60.507631391153524 0.333333333 0.117647059 0.129411765
v -0.47954528762124227 56.753713800652292 -60.863304632559654 0.333333333 0.117647059 0.129411765
v 12.631985566320594 55.546880506639738 -51.677701940490401 0.333333333 0.117647059 0.129411765
v 8.2476231873059724 56.122107170987228 -59.472180935923681 0.333333333 0.117647059 0.129411765
v 3.8442545810527058 56.705044109616701 -58.596536584746495 0.333333333 0.117647059 0.129411765
v 0.35138192871890966 57.173243228789929 -47.842979365811537 0.333333333 0.117647059 0.129411765
v 6.8019788096686575 56.943183431368801 -41.337126976647951 0.333333333 0.117647059 0.129411765
v 3.8002162594404769 56.943916005310541 -50.234896381243615 0.333333333 0.117647059 0.129411765
v 20.912788917414218 53.610731694236264 -35.460617390468421 0.333333333 0.117647059 0.129411765
v 17.018269046242512 54.744151046252966 -40.647800014511581 0.333333333 0.117647059 0.129411765
v 28.201472190088477 51.180116517511813 -18.694763003870587 0.333333333 0.117647059 0.129411765
v 29.222899975961326 49.447717308243931 -48.23490529923712 0.333333333 0.117647059 0.129411765
v 11.125862131358192 56.336078629428911 -36.116238321466327 0.333333333 0.117647059 0.129411765
v 13.364365376347557 56.275006438104114 -18.701301519851054 0.333333333 0.117647059 0.129411765
v 5.1867441252717983 57.56276876044776 -18.725003564645192 0.333333333 0.117647059 0.129411765
v 54.55758778099198 8.3399354967523323 -146.35991289323286 0.333333333 0.117647059 0.129411765
v 55.434067625613608 2.7365289843566458 -146.47703738367537 0.333333333 0.117647059 0.129411765
v 54.956662592457342 3.7679607149078347 -149.52812463648644 0.333333333 0.117647059 0.129411765
v 53.864544024846737 9.0624246255774779 -149.86704129685049 0.333333333 0.117647059 0.129411765
v 52.131430751659607 14.512461874830564 -149.20426339388936 0.333333333 0.117647059 0.129411765
v 52.572318147878377 14.585595523711618 -146.04855808900314 0.333333333 0.117647059 0.129411765
v 55.183217986434407 -2.256114621502352 -149.22009842042564 0.333333333 0.117647059 0.129411765
v 49.219511598420695 21.028566067716611 -145.50954173676652 0.333333333 0.117647059 0.129411765
v 49.16223411048486 20.260292542278876 -149.44527097088263 0.333333333 0.117647059 0.129411765
v 44.564960762562578 26.575766960403257 -148.9399224953072 0.333333333 0.117647059 0.129411765
v 45.248961413880323 26.81029906537384 -144.27966621764796 0.333333333 0.117647059 0.129411765
v 37.34927172624414 36.137506895040602 -135.65412843943497 0.333333333 0.117647059 0.129411765
v 41.37050605448735 31.577902858203771 -141.25782388377522 0.333333333 0.117647059 0.129411765
v 36.034230290699597 36.186816965092206 -142.43646351680829 0.333333333 0.117647059 0.129411765
v 13.177573059677798 50.088652907801105 -128.05811224155576 0.333333333 0.117647059 0.129411765
v 4.5557605505191532 51.921811906879071 -127.13855684533604 0.333333333 0.117647059 0.129411765
v 0.65214607649138823 57.575959493330892 -29.692067403796646 0.333333333 0.117647059 0.129411765
v -37.53778308685547 -44.825228306227039 -49.135884912386253 0.333333333 0.117647059 0.129411765
v -34.281201856460548 -46.75626318878836 -72.732257291493994 0.333333333 0.117647059 0.129411765
v -34.441178541311906 -49.141819020877499 -18.526546456816106 0.333333333 0.117647059 0.129411765
v -39.123752246561736 -41.496968176131588 -84.138814261850825 0.333333333 0.117647059 0.129411765
v -41.055500516231419 -40.3091714379972 -68.044036175776426 0.333333333 0.117647059 0.129411765
v -40.674634023431224 -43.027923205268699 -18.535275653141536 0.333333333 0.117647059 0.129411765
v -34.815767420026603 -44.030621521152085 -109.50046097822727 0.333333333 0.117647059 0.129411765
v -34.309332654084052 -42.939436220536741 -129.94177703104262 0.333333333 0.117647059 0.129411765
v -31.154058445424983 -47.756318554494399 -101.23735519883738 0.333333333 0.117647059 0.129411765
v -49.605473841066321 -22.687163372703704 -112.11410511436191 0.333333333 0.117647059 0.129411765
v -50.246109134240847 -17.832624483116497 -127.59535778159812 0.333333333 0.117647059 0.129411765
v -46.795990069644262 -25.386521653848053 -134.17509111371126 0.333333333 0.117647059 0.129411765
v -51.496581769322468 -21.538635591680805 -89.217395149877873 0.333333333 0.117647059 0.129411765
v -52.486908146943648 -17.443265006670089 -94.896200584245307 0.333333333 0.117647059 0.129411765
v -48.431830282006956 -26.978372566559539 -100.52121869880771 0.333333333 0.117647059 0.129411765
v -50.970617262992945 -26.949384116957116 -55.787093989100271 0.333333333 0.117647059 0.129411765
v -52.407841203817483 -24.72950203365869 -45.774694254539611 0.333333333 0.117647059 0.129411765
v -54.571861330270295 -18.082662482531202 -50.11742043694337 0.333333333 0.117647059 0.129411765
v -50.241952078171558 -24.965412306501243 -86.07767926004432 0.333333333 0.117647059 0.129411765
v -48.27197853104672 -30.123005197707862 -75.514367584584207 0.333333333 0.117647059 0.129411765
v -51.23979725992335 -25.150325306667145 -67.081302187085484 0.333333333 0.117647059 0.129411765
v -46.877587822959867 -23.290590311508595 -145.31436565037481 0.333333333 0.117647059 0.129411765
v -42.665489854204623 -31.347525445272197 -143.79316777377247 0.333333333 0.117647059 0.129411765
v -46.835030179990113 -28.445830850183143 -113.15822288096356 0.333333333 0.117647059 0.129411765
v -45.02960110439021 -29.327622388263023 -130.22941933630187 0.333333333 0.117647059 0.129411765
v -40.986872702877527 -35.881563198952357 -127.11205977733577 0.333333333 0.117647059 0.129411765
v -52.752652883804402 -22.382294054053045 -58.506327175531652 0.333333333 0.117647059 0.129411765
v -48.882101335634523 -30.157072632177545 -63.974228639745142 0.333333333 0.117647059 0.129411765
v -46.743795264227487 -30.311328919762062 -98.936818540117187 0.333333333 0.117647059 0.129411765
v -43.906864093381103 -35.05853615665724 -94.314351262661987 0.333333333 0.117647059 0.129411765
v -48.682867261462391 -27.938203044229709 -88.815100197680536 0.333333333 0.117647059 0.129411765
v -46.104022880481615 -33.850308983206716 -71.689529348800477 0.333333333 0.117647059 0.129411765
v -51.112236324100088 -28.779692695781026 -30.428597735679315 0.333333333 0.117647059 0.129411765
v -49.041676273353495 -31.672952100043549 -38.988434883512895 0.333333333 0.117647059 0.129411765
v -37.724947966368781 -40.146617253177439 -122.69985202028936 0.333333333 0.117647059 0.129411765
v -44.320088441307078 -33.004703314757421 -110.74059371551954 0.333333333 0.117647059 0.129411765
v -43.006401197279594 -32.03859116268432 -134.70417267684178 0.333333333 0.117647059 0.129411765
v -36.730186346579643 -39.856018872266588 -137.35991402419791 0.333333333 0.117647059 0.129411765
v -45.560912089612586 -33.736358771427263 -83.989126755586639 0.333333333 0.117647059 0.129411765
v -42.562486085863746 -38.087598602550869 -76.14299110637748 0.333333333 0.117647059 0.129411765
v -34.309332654084052 -42.939436220536741 -129.94177703104262 0.333333333 0.117647059 0.129411765
v -46.280712138398115 -34.504705002589439 -59.078836140279115 0.333333333 0.117647059 0.129411765
v -43.773031622168759 -37.325869846422606 -64.894072416246658 0.333333333 0.117647059 0.129411765
v -49.615158585211162 -31.569917985243499 -27.036093012278172 0.333333333 0.117647059 0.129411765
v -45.466066985669805 -37.110317865872332 -30.866842221865099 0.333333333 0.117647059 0.129411765
v -41.055500516231419 -40.3091714379972 -68.044036175776426 0.333333333 0.117647059 0.129411765
v -34.815767420026603 -44.030621521152085 -109.50046097822727 0.333333333 0.117647059 0.129411765
v -39.123752246561736 -41.496968176131588 -84.138814261850825 0.333333333 0.117647059 0.129411765
v -50.246109134240847 -17.832624483116497 -127.59535778159812 0.333333333 0.117647059 0.129411765
v -40.674634023431224 -43.027923205268699 -18.535275653141536 0.333333333 0.117647059 0.129411765
v -52.852315289857742 19.164069213430693 -48.28134434731097 0.333333333 0.117647059 0.129411765
v -51.607258481037526 21.053709295349581 -57.332972068066887 0.333333333 0.117647059 0.129411765
v -54.426051560046403 15.4563529079332 -43.388889068026067 0.333333333 0.117647059 0.129411765
v -49.257444317390345 18.679380112546539 -115.06063482704216 0.333333333 0.117647059 0.129411765
v -48.600791165234021 22.428629060867468 -96.509201899466873 0.333333333 0.117647059 0.129411765
v -45.952724325664235 21.009601542855421 -144.9946824367365 0.333333333 0.117647059 0.129411765
v -52.008123373865168 15.554966178451325 -91.086378262369394 0.333333333 0.117647059 0.129411765
v -45.28432152409097 27.17253176081471 -103.40414528027935 0.333333333 0.117647059 0.129411765
v -43.246593813120683 25.39229541306122 -143.98203697050107 0.333333333 0.117647059 0.129411765
v -47.601247672439143 25.970772724241201 -79.480724610468471 0.333333333 0.117647059 0.129411765
v -51.095422231888698 20.380998179773172 -72.269486990384451 0.333333333 0.117647059 0.129411765
v -48.769078139557067 25.584326653365977 -65.114682474047271 0.333333333 0.117647059 0.129411765
v -50.089010312005179 22.957652866094911 -67.049509747923125 0.333333333 0.117647059 0.129411765
v -41.43422702266507 29.996641415342488 -125.68983923625046 0.333333333 0.117647059 0.129411765
v -45.865044188116997 29.189414072753792 -71.956970414336169 0.333333333 0.117647059 0.129411765
v -46.871219104700472 28.697377700408317 -61.264138821895763 0.333333333 0.117647059 0.129411765
v -51.182124414984607 23.201887802880531 -44.572542107544187 0.333333333 0.117647059 0.129411765
v -49.531452583303718 25.332047878380912 -53.792252943741026 0.333333333 0.117647059 0.129411765
v -52.780050103318075 21.778623454139009 -27.018069371148798 0.333333333 0.117647059 0.129411765
v -49.708573626044995 26.10622067515088 -41.645677571850015 0.333333333 0.117647059 0.129411765
v -53.522130582864584 19.153135874145288 -33.936269077666005 0.333333333 0.117647059 0.129411765
v -42.439786154760348 33.469866251050618 -72.371609028664821 0.333333333 0.117647059 0.129411765
v -41.653263289984473 32.786004761568172 -93.245075744164993 0.333333333 0.117647059 0.129411765
v -36.825497333401046 34.253362782897725 -136.74310719916215 0.333333333 0.117647059 0.129411765
v -39.874483974701462 30.189116060894179 -141.34657900808696 0.333333333 0.117647059 0.129411765
v -44.50408207805858 32.284928305773285 -53.898714860088297 0.333333333 0.117647059 0.129411765
v -49.482339973930017 27.33958942510888 -29.397298168513881 0.333333333 0.117647059 0.129411765
v -47.893347077486816 29.059980820058264 -37.895015269945851 0.333333333 0.117647059 0.129411765
v -48.099807322383761 30.084780845706252 -18.641826232946713 0.333333333 0.117647059 0.129411765
v -44.593856503663673 33.150944708315699 -39.223751837158488 0.333333333 0.117647059 0.129411765
v -38.322002719358835 34.248451556467359 -119.41493191399732 0.333333333 0.117647059 0.129411765
v -31.62260857795728 42.2324361305065 -111.18316699493489 0.333333333 0.117647059 0.129411765
v -32.853241908594683 39.726855874715397 -123.57065870465902 0.333333333 0.117647059 0.129411765
v -33.977480077395441 41.228436947408362 -93.724470045881134 0.333333333 0.117647059 0.129411765
v -34.689528828493998 37.069685119233455 -131.35758314367084 0.333333333 0.117647059 0.129411765
v -44.574362459596657 30.005763790495227 -83.022105626506985 0.333333333 0.117647059 0.129411765
v -48.099807322383761 30.084780845706252 -18.641826232946713 0.333333333 0.117647059 0.129411765
v -46.799981426549543 29.822322197193959 -48.361354144543157 0.333333333 0.117647059 0.129411765
v -37.290485812806146 39.634700027298159 -67.970442806386814 0.333333333 0.117647059 0.129411765
v -43.168057690350516 36.161433417120833 -18.672623706635125 0.333333333 0.117647059 0.129411765
v -53.476243777087952 16.005823302411763 -60.373490530054426 0.333333333 0.117647059 0.129411765
v -2.3600243552773033 57.753129567623319 -18.705276575737368 0.333333333 0.117647059 0.129411765
v 0.35138192871890966 57.173243228789929 -47.842979365811537 0.333333333 0.117647059 0.129411765
v -3.1322139197653556 57.014707728996008 -50.196094298705702 0.333333333 0.117647059 0.129411765
v -3.1210425372903874 56.708189303590444 -58.864299009675022 0.333333333 0.117647059 0.129411765
v -0.47954528762124227 56.753713800652292 -60.863304632559654 0.333333333 0.117647059 0.129411765
v -5.6125480671579426 56.351020792688544 -63.476153520876586 0.333333333 0.117647059 0.129411765
v -1.280528034599655 55.914593807905078 -78.455050287280883 0.333333333 0.117647059 0.129411765
v -3.1215918315753868 53.658741441576694 -109.92857018874533 0.333333333 0.117647059 0.129411765
v -6.6068161566325418 53.781091899063348 -103.86344479729067 0.333333333 0.117647059 0.129411765
v -0.063773367950652471 53.981262115272472 -107.93557368970498 0.333333333 0.117647059 0.129411765
v -1.5631936039144421 55.21650901704804 -90.366057498134495 0.333333333 0.117647059 0.129411765
v -3.0861749956422946 54.507291183688196 -99.378361905486045 0.333333333 0.117647059 0.129411765
v -5.8779502968582014 55.090535952808516 -87.232707685629435 0.333333333 0.117647059 0.129411765
v -8.6962766927682082 56.778559127465755 -38.36809298514283 0.333333333 0.117647059 0.129411765
v -3.2109498404632646 52.871726839062738 -118.20041328903083 0.333333333 0.117647059 0.129411765
v -6.633250010506976 52.537472580740612 -117.6544710266493 0.333333333 0.117647059 0.129411765
v -11.52162293770256 51.617597436402342 -116.52562706244829 0.333333333 0.117647059 0.129411765
v -12.319410847321109 55.670793874700777 -51.724124695108351 0.333333333 0.117647059 0.129411765
v -8.8272084698079851 55.144921089648079 -78.269142078054898 0.333333333 0.117647059 0.129411765
v -11.461966796409934 53.633536021833208 -93.307793381199161 0.333333333 0.117647059 0.129411765
v -9.9311976481695865 50.807538396368443 -127.78268242715781 0.333333333 0.117647059 0.129411765
v -19.481491285282111 53.803078014557393 -43.497850976467454 0.333333333 0.117647059 0.129411765
v -18.670771662747882 52.375861093461843 -77.26422431239493 0.333333333 0.117647059 0.129411765
v -15.519584859149939 54.133073378247516 -66.58614899063663 0.333333333 0.117647059 0.129411765
v -13.385538080734943 53.847110344572123 -82.535036724538884 0.333333333 0.117647059 0.129411765
v -15.966755848604382 50.804162581165343 -110.53738298684419 0.333333333 0.117647059 0.129411765
v -17.943208564244276 51.809885511653292 -89.659544430385424 0.333333333 0.117647059 0.129411765
v -20.659309079881126 50.075701271565038 -97.354592450754794 0.333333333 0.117647059 0.129411765
v -24.802550191177971 51.900522400168079 -36.998849879502032 0.333333333 0.117647059 0.129411765
v -21.204914591382984 54.020273794126247 -18.684981762556038 0.333333333 0.117647059 0.129411765
v -23.836391828920576 50.999529891603494 -63.759580357883991 0.333333333 0.117647059 0.129411765
v -21.962338172798177 50.694724446899187 -81.581772388989336 0.333333333 0.117647059 0.129411765
v -21.55752398643051 52.630303578832411 -51.621125864917722 0.333333333 0.117647059 0.129411765
v -29.298933716880665 49.245761746439996 -46.234026506357587 0.333333333 0.117647059 0.129411765
v -25.902281428783365 48.760475818736481 -81.35385972970316 0.333333333 0.117647059 0.129411765
v -26.115573780081618 45.076114116747114 -118.5117541736951 0.333333333 0.117647059 0.129411765
v -20.171865342279148 46.808245828874391 -130.38474017111946 0.333333333 0.117647059 0.129411765
v -25.428648543823016 43.560675283457925 -133.75240625989832 0.333333333 0.117647059 0.129411765
v 1.7939997960751271 55.929951603439541 -78.237776854284604 0.333333333 0.117647059 0.129411765
v -3.5598851463471419 51.956928291148017 -127.11305472830716 0.333333333 0.117647059 0.129411765
v -1.162086676932077 52.766760521360496 -120.65021110920418 0.333333333 0.117647059 0.129411765
v -15.775946245071054 48.955532184879871 -128.40636582646445 0.333333333 0.117647059 0.129411765
v -28.348342313026567 50.949234783829503 -18.679340072684639 0.333333333 0.117647059 0.129411765
v -30.067842760168801 46.711235606050494 -76.091662000216857 0.333333333 0.117647059 0.129411765
v -30.805514127015201 44.344108227839925 -97.192625351207127 0.333333333 0.117647059 0.129411765
v -35.467221835668617 35.993653302445225 -133.68146285437834 0.333333333 0.117647059 0.129411765
v -31.225029722277696 38.871154258616571 -139.01141900607257 0.333333333 0.117647059 0.129411765
v -38.413094121071907 32.201618161343234 -139.47930051325122 0.333333333 0.117647059 0.129411765
v -45.477975589327571 20.725812064154979 -149.31231190403864 0.333333333 0.117647059 0.129411765
v -49.272497528429312 12.532509349941392 -149.61887410425703 0.333333333 0.117647059 0.129411765
v -48.021089308747264 16.754779208144555 -145.39985952763126 0.333333333 0.117647059 0.129411765
v -51.664753513370307 2.6121513853590885 -145.32134277917424 0.333333333 0.117647059 0.129411765
v -50.557054861306483 7.9488903970686806 -149.73424608339309 0.333333333 0.117647059 0.129411765
v -51.179439309060591 0.66387031148899212 -149.86355032760449 0.333333333 0.117647059 0.129411765
v 31.912891098384605 -51.062765499577274 -30.486336020195111 0.333333333 0.117647059 0.129411765
v 36.719167255642652 -48.231892061748958 -18.557691784174363 0.333333333 0.117647059 0.129411765
v 27.792156798378493 -54.331518992572015 -18.544506945008354 0.333333333 0.117647059 0.129411765
v 28.465764144628881 -53.245256459585036 -36.321914193769956 0.333333333 0.117647059 0.129411765
v 39.650325743416673 -44.129224539455066 -51.08663468911476 0.333333333 0.117647059 0.129411765
v 36.719167255642652 -48.231892061748958 -18.557691784174363 0.333333333 0.117647059 0.129411765
v 44.719457757955247 -41.015285570898406 -28.956221699248445 0.333333333 0.117647059 0.129411765
v 42.549346183646719 -39.498282571637844 -87.368048121679649 0.333333333 0.117647059 0.129411765
v 48.78292282968485 -37.142597791880831 -28.362232042604976 0.333333333 0.117647059 0.129411765
v 29.365455996494681 -51.446988506101555 -66.268363876715156 0.333333333 0.117647059 0.129411765
v 30.491486288935192 -49.026813341310138 -98.937619732430193 0.333333333 0.117647059 0.129411765
v 42.549346183646719 -39.498282571637844 -87.368048121679649 0.333333333 0.117647059 0.129411765
v 32.19897488632656 -46.613979825926222 -119.57249564142037 0.333333333 0.117647059 0.129411765
v 38.748095234536116 -42.408350044359011 -96.031336869223693 0.333333333 0.117647059 0.129411765
v 48.905131426638704 25.118369302293392 -118.84180951359845 0.333333333 0.117647059 0.129411765
v 46.837714596382511 24.636751662570191 -144.90982935619076 0.333333333 0.117647059 0.129411765
v 43.499508518303088 28.933228933453648 -143.14410963800651 0.333333333 0.117647059 0.129411765
v 33.375310253571328 40.581272743194383 -124.82755926504824 0.333333333 0.117647059 0.129411765
v 31.477490335755583 43.533285168351092 -110.58190485843333 0.333333333 0.117647059 0.129411765
v 38.04454010653285 37.390578669690171 -114.96822312421068 0.333333333 0.117647059 0.129411765
v 45.736572651660694 28.34272007958279 -125.87762127257729 0.333333333 0.117647059 0.129411765
v 40.634036467185268 32.391599392985768 -140.36515627157658 0.333333333 0.117647059 0.129411765
v 37.273413805712799 36.155639632819899 -135.38278571201658 0.333333333 0.117647059 0.129411765
v 42.66113400149856 33.159856535759666 -113.46782834988092 0.333333333 0.117647059 0.129411765
v 44.833380409336911 30.363539531013071 -117.70551694707375 0.333333333 0.117647059 0.129411765
v 38.836152895633781 39.99350755777624 -76.095766549208889 0.333333333 0.117647059 0.129411765
v 40.185866901416702 36.922351791179274 -98.541842559193213 0.333333333 0.117647059 0.129411765
v 50.285035090235688 19.154497733533091 -145.64380842118041 0.333333333 0.117647059 0.129411765
v 52.340933060551237 22.977000048663061 -94.700413331516813 0.333333333 0.117647059 0.129411765
v 47.66416224769722 28.626700769742573 -103.32199142004113 0.333333333 0.117647059 0.129411765
v 43.956327440455226 34.553667301423452 -85.508847654944191 0.333333333 0.117647059 0.129411765
v 50.873337749519287 26.719389522137341 -83.744769920390723 0.333333333 0.117647059 0.129411765
v 46.379272410239565 31.482161153965837 -90.900228665419874 0.333333333 0.117647059 0.129411765
v 55.313011742448722 20.049672142192186 -76.708174302429953 0.333333333 0.117647059 0.129411765
v 47.767284401244197 31.526605547887929 -75.201995667814543 0.333333333 0.117647059 0.129411765
v 53.236183627937216 25.488290966157656 -64.117185861619788 0.333333333 0.117647059 0.129411765
v 45.625210859117331 36.121726052071502 -42.365523445482069 0.333333333 0.117647059 0.129411765
v 44.619361487981294 35.62082552668447 -63.567238819801752 0.333333333 0.117647059 0.129411765
v 57.703765592008153 17.612556095550545 -55.561612302931621 0.333333333 0.117647059 0.129411765
v 56.082450342774237 15.424407067563383 -92.976569852851824 0.333333333 0.117647059 0.129411765
v 55.245216965495572 23.969553136242755 -48.500469061055803 0.333333333 0.117647059 0.129411765
v 51.163918156131558 29.364532680780432 -54.22837360741984 0.333333333 0.117647059 0.129411765
v 50.149005510887953 32.168619164537489 -33.472663970404952 0.333333333 0.117647059 0.129411765
v 53.605013541644944 27.917715945097516 -36.092041988229418 0.333333333 0.117647059 0.129411765
v 50.109147348284644 33.13720968004656 -18.679806784449113 0.333333333 0.117647059 0.129411765
v 57.046794681579833 23.242087134379734 -27.000490716606667 0.333333333 0.117647059 0.129411765
v 58.634939857646806 11.504240716047223 -70.93801806822475 0.333333333 0.117647059 0.129411765
v 59.649875003793703 18.052967516357537 -18.664169045308391 0.333333333 0.117647059 0.129411765
v 60.538911855007967 14.546330528487196 -18.655461253725449 0.333333333 0.117647059 0.129411765
v 59.81594628776719 -15.361856700401674 -38.452938809358599 0.333333333 0.117647059 0.129411765
v 60.58139771594066 -16.758045885604794 -18.605779684899474 0.333333333 0.117647059 0.129411765
v 59.29340731524308 -18.927471491891257 -32.013636248595823 0.333333333 0.117647059 0.129411765
v 58.415530721445649 -24.112252163321845 -18.592122701295228 0.333333333 0.117647059 0.129411765
v 55.243189410246799 -26.602822061690926 -47.965673579406086 0.333333333 0.117647059 0.129411765
v 57.434235256958928 -23.199658300473121 -38.3375529721663 0.333333333 0.117647059 0.129411765
v 55.927115472635052 -28.945051952222236 -18.616657991310053 0.333333333 0.117647059 0.129411765
v 57.937673050313947 -19.315199621740515 -53.321273053577549 0.333333333 0.117647059 0.129411765
v 48.125567145877206 -35.221748944398819 -64.711183705910912 0.333333333 0.117647059 0.129411765
v 51.968754393232288 -31.114559058402925 -56.287733587953198 0.333333333 0.117647059 0.129411765
v 51.679655516054446 -34.732173977624456 -18.578386658621369 0.333333333 0.117647059 0.129411765
v 53.547615596025508 -22.368400034472195 -103.42865009455785 0.333333333 0.117647059 0.129411765
v 52.996826323414162 -28.081393190225324 -69.146861328527095 0.333333333 0.117647059 0.129411765
v 51.724850566872227 -28.039488903778661 -87.4641665765119 0.333333333 0.117647059 0.129411765
v 49.534470950709043 -32.252389963685047 -79.292378137673481 0.333333333 0.117647059 0.129411765
v 46.404038548889474 -36.198512459154927 -77.891959132246214 0.333333333 0.117647059 0.129411765
v 42.549346183646719 -39.498282571637844 -87.368048121679649 0.333333333 0.117647059 0.129411765
v 48.946286248120657 -31.30476131453419 -97.207570667925879 0.333333333 0.117647059 0.129411765
v 47.141511520998655 -34.398912646734153 -89.531436181042153 0.333333333 0.117647059 0.129411765
v 44.606541779686573 -36.496351754949352 -98.97949353805005 0.333333333 0.117647059 0.129411765
v 46.013984456663643 -32.028132047503171 -128.88240975714103 0.333333333 0.117647059 0.129411765
v 48.956932034716715 -27.868883156912229 -126.76845169713576 0.333333333 0.117647059 0.129411765
v 45.604788152226881 -34.486088216691854 -109.63586885454043 0.333333333 0.117647059 0.129411765
v 50.091712036383797 -23.122325695818063 -145.69956678634352 0.333333333 0.117647059 0.129411765
v 48.407994629514405 -26.399709739826449 -145.35440289821096 0.333333333 0.117647059 0.129411765
v 39.4402907085028 -38.719041870339566 -140.85933611680107 0.333333333 0.117647059 0.129411765
v 40.208370133801296 -40.138316233036385 -111.41685891318077 0.333333333 0.117647059 0.129411765
v 38.748095234536116 -42.408350044359011 -96.031336869223693 0.333333333 0.117647059 0.129411765
v 32.19897488632656 -46.613979825926222 -119.57249564142037 0.333333333 0.117647059 0.129411765
v 41.91987334301507 -35.822644179177928 -142.88066478287863 0.333333333 0.117647059 0.129411765
v 36.638135338550228 -41.726989146541911 -137.28564994016619 0.333333333 0.117647059 0.129411765
v 33.88762895964193 -44.590900676422443 -130.24815247433344 0.333333333 0.117647059 0.129411765
v 53.851867356490722 -18.421387466786033 -122.08378415398735 0.333333333 0.117647059 0.129411765
v 48.78292282968485 -37.142597791880831 -28.362232042604976 0.333333333 0.117647059 0.129411765
v -25.326362551821276 -51.022472917169488 -104.78764459960369 0.333333333 0.117647059 0.129411765
v -31.154058445424983 -47.756318554494399 -101.23735519883738 0.333333333 0.117647059 0.129411765
v -26.295355486971943 -48.575608010890647 -134.90649074551862 0.333333333 0.117647059 0.129411765
v -24.368251908968226 -53.243494268540857 -71.877087528203234 0.333333333 0.117647059 0.129411765
v -23.129195227123681 -56.142169833561802 -18.523366229439823 0.333333333 0.117647059 0.129411765
v -28.810675111276076 -53.700412033051997 -18.526572104140644 0.333333333 0.117647059 0.129411765
v -20.868648708383429 -54.299105305611384 -79.831346513620531 0.333333333 0.117647059 0.129411765
v -21.827693039230567 -55.127455531337681 -53.316787884272557 0.333333333 0.117647059 0.129411765
v -18.442895369896082 -56.270419587524287 -54.002578208300584 0.333333333 0.117647059 0.129411765
v -19.881878762180065 -52.186513753361993 -129.95231548329556 0.333333333 0.117647059 0.129411765
v -17.557300569216949 -55.362610798204869 -82.379010803988109 0.333333333 0.117647059 0.129411765
v -17.516372295155399 -57.898301743261534 -18.522880160134395 0.333333333 0.117647059 0.129411765
v -14.407099192034462 -54.263727272085504 -127.74043555904841 0.333333333 0.117647059 0.129411765
v -14.41002758990261 -57.312711861215732 -55.978299936343475 0.333333333 0.117647059 0.129411765
v -12.837454372071448 -59.050290751621553 -18.527787711559789 0.333333333 0.117647059 0.129411765
v -11.461768139640018 -56.466938584499474 -94.303612157421327 0.333333333 0.117647059 0.129411765
v -6.8915385344832076 -57.779962930013404 -79.697405033247975 0.333333333 0.117647059 0.129411765
v -7.0740568020369858 -59.843050024994852 -18.523254434056803 0.333333333 0.117647059 0.129411765
v -3.5827854487507054 -56.72705696823062 -114.15887346550333 0.333333333 0.117647059 0.129411765
v -3.5879817819149373 -57.544079235074427 -92.925137081500893 0.333333333 0.117647059 0.129411765
v -2.521283770571884 -60.176907984782822 -18.523251736989835 0.333333333 0.117647059 0.129411765
v -3.6110105515912618 -58.923762755226868 -55.300654905912687 0.333333333 0.117647059 0.129411765
v -3.5797628572558597 -58.645078891350856 -63.181016024193234 0.333333333 0.117647059 0.129411765
v -2.0374508882973856 -59.042568912971575 -53.207799818508512 0.333333333 0.117647059 0.129411765
v -34.309332654084052 -42.939436220536741 -129.94177703104262 0.333333333 0.117647059 0.129411765
v -35.893902667447001 -40.870831329340845 -135.30173932784632 0.333333333 0.117647059 0.129411765
v -30.615880419770917 -45.242606953089478 -138.34901470765206 0.333333333 0.117647059 0.129411765
v -29.891791720186692 -51.491506048165277 -51.704009868680849 0.333333333 0.117647059 0.129411765
v -50.036077029618909 -13.703004293897475 -145.51763190275932 0.333333333 0.117647059 0.129411765
v -51.140440185168892 -7.2609158478201294 -146.27794582847935 0.333333333 0.117647059 0.129411765
v -48.989968041502834 -15.823913918961352 -149.63756728116601 0.333333333 0.117647059 0.129411765
v -51.664640301174465 -2.493619928345395 -145.17823515944474 0.333333333 0.117647059 0.129411765
v -51.664753513370307 2.6121513853590885 -145.32134277917424 0.333333333 0.117647059 0.129411765
v -51.179439309060591 0.66387031148899212 -149.86355032760449 0.333333333 0.117647059 0.129411765
v -46.877587822959867 -23.290590311508595 -145.31436565037481 0.333333333 0.117647059 0.129411765
v -45.896042186484237 -24.093298885141849 -149.3907609239541 0.333333333 0.117647059 0.129411765
v -41.054952685772463 -33.911952123926312 -142.73871848250604 0.333333333 0.117647059 0.129411765
v -43.976233360791753 -29.051098241721093 -144.38675541193854 0.333333333 0.117647059 0.129411765
v -39.517805487580091 -35.29156454048092 -147.26541877950024 0.333333333 0.117647059 0.129411765
v -42.66626071007704 -30.392603382811672 -148.88007980873536 0.333333333 0.117647059 0.129411765
v 1.0001678246523724 -59.092432170804351 -52.746630005726004 0.333333333 0.117647059 0.129411765
v -8.6205950421572197 -55.566206601562072 -127.44460414759938 0.333333333 0.117647059 0.129411765
v 49.16223411048486 20.260292542278876 -149.44527097088263 0.333333333 0.117647059 0.129411765
v 52.131430751659607 14.512461874830564 -149.20426339388936 0.333333333 0.117647059 0.129411765
v 53.864544024846737 9.0624246255774779 -149.86704129685049 0.333333333 0.117647059 0.129411765
v 36.034230290699597 36.186816965092206 -142.43646351680829 0.333333333 0.117647059 0.129411765
v 40.853743959254786 31.077797486464931 -147.07023367312124 0.333333333 0.117647059 0.129411765
v 31.160542024995294 40.249331290420599 -139.02464075429688 0.333333333 0.117647059 0.129411765
v 53.681558439896889 -12.419514752896722 -149.14542608825897 0.333333333 0.117647059 0.129411765
v 51.852472641195618 -18.007923144630695 -149.63702504633096 0.333333333 0.117647059 0.129411765
v 54.120194204279755 -6.8842888193958061 -150.08488126650659 0.333333333 0.117647059 0.129411765
v 55.183217986434407 -2.256114621502352 -149.22009842042564 0.333333333 0.117647059 0.129411765
v 54.645903338007997 0.19285198048777841 -150.10074466585823 0.333333333 0.117647059 0.129411765
v 54.645903338007997 0.19285198048777841 -150.10074466585823 0.333333333 0.117647059 0.129411765
v 54.120194204279755 -6.8842888193958061 -150.08488126650659 0.333333333 0.117647059 0.129411765
v 51.876210936068489 0.1901357186054331 -150.97232744223271 0.333333333 0.117647059 0.129411765
v 47.982376171265514 -26.169188940603817 -149.30164529576214 0.333333333 0.117647059 0.129411765
v 45.43786100433249 -24.432600411236308 -150.39566172370877 0.333333333 0.117647059 0.129411765
v 48.685597507864941 -17.334348472207239 -150.73124390358748 0.333333333 0.117647059 0.129411765
v 44.323504171892978 -31.922490829297431 -148.90213021331965 0.333333333 0.117647059 0.129411765
v 51.852472641195618 -18.007923144630695 -149.63702504633096 0.333333333 0.117647059 0.129411765
v 40.559040838784796 -36.941114568823622 -146.95645267425274 0.333333333 0.117647059 0.129411765
v 37.683682642844104 -35.48054148153966 -147.86770953580569 0.333333333 0.117647059 0.129411765
v 41.024315696682265 -31.287574742623633 -149.84128802896433 0.333333333 0.117647059 0.129411765
v 22.148582251364616 -51.388648481437258 -131.72905076988167 0.333333333 0.117647059 0.129411765
v 28.454517207558808 -44.163688667156734 -140.23547922109614 0.333333333 0.117647059 0.129411765
v 30.525652856975881 -46.307104811707063 -138.59128975238769 0.333333333 0.117647059 0.129411765
v -26.295355486971943 -48.575608010890647 -134.90649074551862 0.333333333 0.117647059 0.129411765
v -30.615880419770917 -45.242606953089478 -138.34901470765206 0.333333333 0.117647059 0.129411765
v -33.606923581084914 -42.363360748003061 -141.81731923920532 0.333333333 0.117647059 0.129411765
v -42.66626071007704 -30.392603382811672 -148.88007980873536 0.333333333 0.117647059 0.129411765
v -40.010342581704322 -28.707181748419089 -150.07779488652949 0.333333333 0.117647059 0.129411765
v -37.367565925918427 -32.9794890515372 -149.03403371292532 0.333333333 0.117647059 0.129411765
v -3.9138849296496119 -56.170045674026596 -126.56415426966196 0.333333333 0.117647059 0.129411765
v -8.6205950421572197 -55.566206601562072 -127.44460414759938 0.333333333 0.117647059 0.129411765
v 7.0146890882169828 -55.818748193702049 -127.2981577628622 0.333333333 0.117647059 0.129411765
v -18.858764304171416 -49.380210936260013 -131.98390796994806 0.333333333 0.117647059 0.129411765
v -19.881878762180065 -52.186513753361993 -129.95231548329556 0.333333333 0.117647059 0.129411765
v -26.295355486971943 -48.575608010890647 -134.90649074551862 0.333333333 0.117647059 0.129411765
v -32.404463039536026 -39.239160256394257 -144.52548008392603 0.333333333 0.117647059 0.129411765
v -27.068175137819253 -44.24419681379247 -139.3308917664624 0.333333333 0.117647059 0.129411765
v -33.606923581084914 -42.363360748003061 -141.81731923920532 0.333333333 0.117647059 0.129411765
v -37.367565925918427 -32.9794890515372 -149.03403371292532 0.333333333 0.117647059 0.129411765
v -39.517805487580091 -35.29156454048092 -147.26541877950024 0.333333333 0.117647059 0.129411765
v -45.896042186484237 -24.093298885141849 -149.3907609239541 0.333333333 0.117647059 0.129411765
v -48.989968041502834 -15.823913918961352 -149.63756728116601 0.333333333 0.117647059 0.129411765
v -44.076730174749628 -20.678357470191258 -150.57589577314764 0.333333333 0.117647059 0.129411765
v -50.677395411989927 -7.0085591726961773 -149.89185827029885 0.333333333 0.117647059 0.129411765
v -47.905872860267209 -3.8619469118712004 -150.96110519671555 0.333333333 0.117647059 0.129411765
v -46.808675067129343 -11.387096305300474 -150.87708040350168 0.333333333 0.117647059 0.129411765
v -40.010342581704322 -28.707181748419089 -150.07779488652949 0.333333333 0.117647059 0.129411765
v -51.179439309060591 0.66387031148899212 -149.86355032760449 0.333333333 0.117647059 0.129411765
v 17.779571127292797 45.233235399167597 -131.67736237704787 0.333333333 0.117647059 0.129411765
v 19.755791143959755 47.51783263565784 -130.15089617027553 0.333333333 0.117647059 0.129411765
v 31.160542024995294 40.249331290420599 -139.02464075429688 0.333333333 0.117647059 0.129411765
v 34.215093626527221 33.60076922601715 -144.89446071892783 0.333333333 0.117647059 0.129411765
v 26.603846763026468 39.958785514953163 -138.4514066533128 0.333333333 0.117647059 0.129411765
v 39.903374947311647 27.377375785644176 -149.13846195316486 0.333333333 0.117647059 0.129411765
v 40.853743959254786 31.077797486464931 -147.07023367312124 0.333333333 0.117647059 0.129411765
v 44.564960762562578 26.575766960403257 -148.9399224953072 0.333333333 0.117647059 0.129411765
v 49.16223411048486 20.260292542278876 -149.44527097088263 0.333333333 0.117647059 0.129411765
v 46.920526194553759 17.894715027128768 -150.4924136240503 0.333333333 0.117647059 0.129411765
v 42.371503902650943 24.391764258328749 -150.02916738871016 0.333333333 0.117647059 0.129411765
v 4.5557605505191532 51.921811906879071 -127.13855684533604 0.333333333 0.117647059 0.129411765
v 19.755791143959755 47.51783263565784 -130.15089617027553 0.333333333 0.117647059 0.129411765
v 6.9045827599840095 48.499647061132492 -129.12019847370755 0.333333333 0.117647059 0.129411765
v 17.779571127292797 45.233235399167597 -131.67736237704787 0.333333333 0.117647059 0.129411765
v -2.895394926915742 48.926704016769605 -128.74981832300054 0.333333333 0.117647059 0.129411765
v -10.984591244568946 47.266146727509749 -129.79690640838086 0.333333333 0.117647059 0.129411765
v -9.9311976481695865 50.807538396368443 -127.78268242715781 0.333333333 0.117647059 0.129411765
v -2.895394926915742 48.926704016769605 -128.74981832300054 0.333333333 0.117647059 0.129411765
v -39.459090773994035 24.320455165733165 -150.03054455945176 0.333333333 0.117647059 0.129411765
v -45.125764421816484 14.639919468510925 -150.66641618091435 0.333333333 0.117647059 0.129411765
v -45.477975589327571 20.725812064154979 -149.31231190403864 0.333333333 0.117647059 0.129411765
v -49.272497528429312 12.532509349941392 -149.61887410425703 0.333333333 0.117647059 0.129411765
v -47.842156245989145 4.7593010731106915 -150.9418139119241 0.333333333 0.117647059 0.129411765
v -50.557054861306483 7.9488903970686806 -149.73424608339309 0.333333333 0.117647059 0.129411765
v -41.130041621708358 27.236398337919809 -148.66564470975356 0.333333333 0.117647059 0.129411765
v -41.130041621708358 27.236398337919809 -148.66564470975356 0.333333333 0.117647059 0.129411765
v -36.664874576783603 28.039166835616868 -148.48884873312437 0.333333333 0.117647059 0.129411765
v -39.459090773994035 24.320455165733165 -150.03054455945176 0.333333333 0.117647059 0.129411765
v -36.400783893638717 33.314125964948602 -144.75461263976777 0.333333333 0.117647059 0.129411765
v -10.984591244568946 47.266146727509749 -129.79690640838086 0.333333333 0.117647059 0.129411765
v -18.573788656543428 44.237098740171874 -131.99812859362805 0.333333333 0.117647059 0.129411765
v -20.171865342279148 46.808245828874391 -130.38474017111946 0.333333333 0.117647059 0.129411765
v -32.644262993010585 32.798116669268921 -144.8678479958821 0.333333333 0.117647059 0.129411765
v -36.664874576783603 28.039166835616868 -148.48884873312437 0.333333333 0.117647059 0.129411765
v -36.400783893638717 33.314125964948602 -144.75461263976777 0.333333333 0.117647059 0.129411765
v -27.355293757004219 38.006265942958635 -139.82532772689004 0.333333333 0.117647059 0.129411765
v -18.573788656543428 44.237098740171874 -131.99812859362805 0.333333333 0.117647059 0.129411765
v -28.4483768935944 40.530068014128318 -137.84429981950569 0.333333333 0.117647059 0.129411765
v -20.171865342279148 46.808245828874391 -130.38474017111946 0.333333333 0.117647059 0.129411765
v -28.4483768935944 40.530068014128318 -137.84429981950569 0.333333333 0.117647059 0.129411765
v -36.400783893638717 33.314125964948602 -144.75461263976777 0.333333333 0.117647059 0.129411765
v -31.225029722277696 38.871154258616571 -139.01141900607257 0.333333333 0.117647059 0.129411765
v 13.177573059677798 50.088652907801105 -128.05811224155576 0.333333333 0.117647059 0.129411765
v 19.755791143959755 47.51783263565784 -130.15089617027553 0.333333333 0.117647059 0.129411765
v 4.5557605505191532 51.921811906879071 -127.13855684533604 0.333333333 0.117647059 0.129411765
v -20.171865342279148 46.808245828874391 -130.38474017111946 0.333333333 0.117647059 0.129411765
v -15.775946245071054 48.955532184879871 -128.40636582646445 0.333333333 0.117647059 0.129411765
v -9.9311976481695865 50.807538396368443 -127.78268242715781 0.333333333 0.117647059 0.129411765
v -55.629476503534846 14.666320962169941 -18.62350404630962 0.333333333 0.117647059 0.129411765
v -57.053142693795095 8.0996792308823746 -18.619831694085505 0.333333333 0.117647059 0.129411765
v -57.693918815077453 -4.3309563454598745 -18.588341120435857 0.333333333 0.117647059 0.129411765
v -57.673028796828696 2.2958824735359813 -18.598835381076444 0.333333333 0.117647059 0.129411765
v 15.202387793476408 -58.492427043026254 -18.530723460112569 0.333333333 0.117647059 0.129411765
v 8.6954851863932578 -59.657562675630082 -18.527142930660723 0.333333333 0.117647059 0.129411765
v -2.3600243552773033 57.753129567623319 -18.705276575737368 0.333333333 0.117647059 0.129411765
v -40.674634023431224 -43.027923205268699 -18.535275653141536 0.333333333 0.117647059 0.129411765
v -46.745569146069457 -36.11126104972513 -18.545051129080324 0.333333333 0.117647059 0.129411765
v -45.466066985669805 -37.110317865872332 -30.866842221865099 0.333333333 0.117647059 0.129411765
v -56.366671086922587 -14.98777210786494 -18.57309474654339 0.333333333 0.117647059 0.129411765
v -54.80340326086781 -21.121510089008094 -18.562277455733035 0.333333333 0.117647059 0.129411765
v -54.80340326086781 -21.121510089008094 -18.562277455733035 0.333333333 0.117647059 0.129411765
v -53.167661680967811 -24.853141465675112 -24.387251214093396 0.333333333 0.117647059 0.129411765
v -54.80340326086781 -21.121510089008094 -18.562277455733035 0.333333333 0.117647059 0.129411765
v -51.425040738829026 -29.073252711283143 -18.545639890725855 0.333333333 0.117647059 0.129411765
v -54.80340326086781 -21.121510089008094 -18.562277455733035 0.333333333 0.117647059 0.129411765
v -51.425040738829026 -29.073252711283143 -18.545639890725855 0.333333333 0.117647059 0.129411765
v -46.745569146069457 -36.11126104972513 -18.545051129080324 0.333333333 0.117647059 0.129411765
v -55.629476503534846 14.666320962169941 -18.62350404630962 0.333333333 0.117647059 0.129411765
v -54.181252632231036 19.176661717535325 -18.622807816669916 0.333333333 0.117647059 0.129411765
v -54.181252632231036 19.176661717535325 -18.622807816669916 0.333333333 0.117647059 0.129411765
v -54.181252632231036 19.176661717535325 -18.622807816669916 0.333333333 0.117647059 0.129411765
v -51.637054765970532 24.710686162813253 -18.632842598719225 0.333333333 0.117647059 0.129411765
v -48.099807322383761 30.084780845706252 -18.641826232946713 0.333333333 0.117647059 0.129411765
v -6.626237881955773 57.392587619484374 -18.695797194802768 0.333333333 0.117647059 0.129411765
v -12.91863253263023 56.352214393183047 -18.689915403743882 0.333333333 0.117647059 0.129411765
v -14.951468178442024 55.521273743601292 -33.934188654189001 0.333333333 0.117647059 0.129411765
v -21.204914591382984 54.020273794126247 -18.684981762556038 0.333333333 0.117647059 0.129411765
v -12.91863253263023 56.352214393183047 -18.689915403743882 0.333333333 0.117647059 0.129411765
v -21.204914591382984 54.020273794126247 -18.684981762556038 0.333333333 0.117647059 0.129411765
v 45.605105152344393 -40.999073272639428 -18.567981134863217 0.333333333 0.117647059 0.129411765
v 59.649875003793703 18.052967516357537 -18.664169045308391 0.333333333 0.117647059 0.129411765
v 56.867963463525648 24.664537847190626 -18.685553957772122 0.333333333 0.117647059 0.129411765
v 1.6763127973512439 -58.644160359945474 -65.038637636971544 0.333333333 0.117647059 0.129411765
v 3.3279324924983733 -57.868784982402069 -84.337756963489042 0.333333333 0.117647059 0.129411765
v 0.43763117400094131 -58.048368728310059 -82.321347853038802 0.333333333 0.117647059 0.129411765
v 1.6763127973512439 -58.644160359945474 -65.038637636971544 0.333333333 0.117647059 0.129411765
v 3.3126753082252272 -57.546567302103263 -93.193357324555279 0.333333333 0.117647059 0.129411765
v -0.41140250075150497 -57.567245695598849 -95.340213641979233 0.333333333 0.117647059 0.129411765
v -0.41140250075150497 -57.567245695598849 -95.340213641979233 0.333333333 0.117647059 0.129411765
v -0.56602166170237211 -56.897981819505006 -112.10337495437318 0.333333333 0.117647059 0.129411765
v 1.6763127973512439 -58.644160359945474 -65.038637636971544 0.333333333 0.117647059 0.129411765
v -1.3617768355714475 -58.658856330703124 -65.204386275479933 0.333333333 0.117647059 0.129411765
v 3.3115171562439087 -56.326586887888212 -122.84138374584029 0.333333333 0.117647059 0.129411765
v 3.3115171562439087 -56.326586887888212 -122.84138374584029 0.333333333 0.117647059 0.129411765
v -0.21774223264837111 -56.336904906261751 -125.17561867889854 0.333333333 0.117647059 0.129411765
v -1.162086676932077 52.766760521360496 -120.65021110920418 0.333333333 0.117647059 0.129411765
v 2.1525149343550538 52.75459103367978 -120.37935645056254 0.333333333 0.117647059 0.129411765
v -3.1660345495309858 55.73598138781896 -80.339630393264002 0.333333333 0.117647059 0.129411765
v -3.1782200898561968 55.239825320333139 -88.422771122030454 0.333333333 0.117647059 0.129411765
v -3.1782200898561968 55.239825320333139 -88.422771122030454 0.333333333 0.117647059 0.129411765
v 1.4223316503212686 55.195246872561341 -90.84037903798064 0.333333333 0.117647059 0.129411765
v -3.4378163696007284 -57.889664561062936 -83.883158806614503 0.333333333 0.117647059 0.129411765
v -0.41140250075150497 -57.567245695598849 -95.340213641979233 0.333333333 0.117647059 0.129411765
v -3.5879817819149373 -57.544079235074427 -92.925137081500893 0.333333333 0.117647059 0.129411765
v -0.56602166170237211 -56.897981819505006 -112.10337495437318 0.333333333 0.117647059 0.129411765
v -3.5911479512947864 -56.330496454734295 -122.76519036718359 0.333333333 0.117647059 0.129411765
v -3.9138849296496119 -56.170045674026596 -126.56415426966196 0.333333333 0.117647059 0.129411765
v -1.3617768355714475 -58.658856330703124 -65.204386275479933 0.333333333 0.117647059 0.129411765
v -3.4378163696007284 -57.889664561062936 -83.883158806614503 0.333333333 0.117647059 0.129411765
v 0.43763117400094131 -58.048368728310059 -82.321347853038802 0.333333333 0.117647059 0.129411765
v -0.21774223264837111 -56.336904906261751 -125.17561867889854 0.333333333 0.117647059 0.129411765
v -3.5911479512947864 -56.330496454734295 -122.76519036718359 0.333333333 0.117647059 0.129411765
v 42.066810972240113 38.214027125335072 -60.248524990661423 0.333333333 0.117647059 0.129411765
v 37.824086534420132 42.011605372271866 -59.366299822935048 0.333333333 0.117647059 0.129411765
v 46.778882120062661 35.379913764651299 -36.363555306300533 0.333333333 0.117647059 0.129411765
v 37.13541441269706 40.850234617610027 -84.194387127749124 0.333333333 0.117647059 0.129411765
v 29.907921575904481 47.638269892712685 -73.905069520186132 0.333333333 0.117647059 0.129411765
v 28.90167248765723 50.036257884222465 -37.734226419199523 0.333333333 0.117647059 0.129411765
v 30.822374562009241 45.097898139509695 -98.564766516132238 0.333333333 0.117647059 0.129411765
v 31.560468486946675 43.495916247102393 -110.17827518330328 0.333333333 0.117647059 0.129411765
v -35.726442172916926 44.193623108434338 -18.6641566184121 0.333333333 0.117647059 0.129411765
v -28.383545424557131 50.980410129745422 -18.682998264748665 0.333333333 0.117647059 0.129411765
v -29.222596058346248 49.44691570891716 -43.001829008744004 0.333333333 0.117647059 0.129411765
v -35.726442172916926 44.193623108434338 -18.6641566184121 0.333333333 0.117647059 0.129411765
v -34.826042592539245 43.921982521709005 -43.971520316566682 0.333333333 0.117647059 0.129411765
v -29.815249598566915 47.679650745265022 -66.068129091407229 0.333333333 0.117647059 0.129411765
v -38.451491107128639 39.002040103607655 -58.539912846391722 0.333333333 0.117647059 0.129411765
v -31.62260857795728 42.2324361305065 -111.18316699493489 0.333333333 0.117647059 0.129411765
v -34.829364368002381 40.857385121502077 -87.309687175693512 0.333333333 0.117647059 0.129411765
v -30.476955482850343 45.3989226157084 -88.542664679337079 0.333333333 0.117647059 0.129411765
v -33.756033495121855 43.551074479288822 -67.480774685045532 0.333333333 0.117647059 0.129411765
v -43.171861284879967 36.161875208725128 -18.661160267824648 0.333333333 0.117647059 0.129411765
v -55.935901646896603 6.2381666213073315 -58.723761708044073 0.333333333 0.117647059 0.129411765
v -55.629476503534846 14.666320962169941 -18.62350404630962 0.333333333 0.117647059 0.129411765
v 0.65214607649138823 57.575959493330892 -29.692067403796646 0.333333333 0.117647059 0.129411765
v 34.685265799266759 46.679359458127337 -18.697437807321968 0.333333333 0.117647059 0.129411765
v 37.389192052144026 43.801674325105054 -35.062272811517303 0.333333333 0.117647059 0.129411765
v 28.183369819982993 51.097413001644199 -18.697647647933863 0.333333333 0.117647059 0.129411765
v -55.629476503534846 14.666320962169941 -18.62350404630962 0.333333333 0.117647059 0.129411765
v 3.3126753082252272 -57.546567302103263 -93.193357324555279 0.333333333 0.117647059 0.129411765
v -41.602704741239052 -37.241243444328418 -104.66606717404684 0.333333333 0.117647059 0.129411765
v -48.021089308747264 16.754779208144555 -145.39985952763126 0.333333333 0.117647059 0.129411765
v -36.400783893638717 33.314125964948602 -144.75461263976777 0.333333333 0.117647059 0.129411765
v -41.130041621708358 27.236398337919809 -148.66564470975356 0.333333333 0.117647059 0.129411765
v -41.915897447928899 27.379313299938985 -143.12500076674885 0.333333333 0.117647059 0.129411765
v -45.084553849100075 22.504122222176647 -144.77924360198301 0.333333333 0.117647059 0.129411765
v -38.01128115002858 -38.189064425264235 -139.48818717921856 0.333333333 0.117647059 0.129411765
v 7.0146890882169828 -55.818748193702049 -127.2981577628622 0.333333333 0.117647059 0.129411765
v 8.609783138765124 -52.475654324719216 -129.51391319885457 0.333333333 0.117647059 0.129411765
v 18.071191735055379 -49.93256975132482 -131.81709406731784 0.333333333 0.117647059 0.129411765
v 18.091226052920945 -53.056799352955807 -129.63399020676709 0.333333333 0.117647059 0.129411765
v 12.776611168740516 -54.708196405704705 -127.84549285534311 0.333333333 0.117647059 0.129411765
v 7.0146890882169828 -55.818748193702049 -127.2981577628622 0.333333333 0.117647059 0.129411765
v 26.906581214831398 -48.813229334169023 -134.87991790002587 0.333333333 0.117647059 0.129411765
v 22.148582251364616 -51.388648481437258 -131.72905076988167 0.333333333 0.117647059 0.129411765
v 30.525652856975881 -46.307104811707063 -138.59128975238769 0.333333333 0.117647059 0.129411765
v -14.407099192034462 -54.263727272085504 -127.74043555904841 0.333333333 0.117647059 0.129411765
v -19.881878762180065 -52.186513753361993 -129.95231548329556 0.333333333 0.117647059 0.129411765
v -8.6205950421572197 -55.566206601562072 -127.44460414759938 0.333333333 0.117647059 0.129411765
v -19.881878762180065 -52.186513753361993 -129.95231548329556 0.333333333 0.117647059 0.129411765
v -18.858764304171416 -49.380210936260013 -131.98390796994806 0.333333333 0.117647059 0.129411765
v -11.886850639475142 -51.711156873497202 -130.01959501235106 0.333333333 0.117647059 0.129411765
v -25.428648543823016 43.560675283457925 -133.75240625989832 0.333333333 0.117647059 0.129411765
v -25.428648543823016 43.560675283457925 -133.75240625989832 0.333333333 0.117647059 0.129411765
v -28.4483768935944 40.530068014128318 -137.84429981950569 0.333333333 0.117647059 0.129411765
v 19.755791143959755 47.51783263565784 -130.15089617027553 0.333333333 0.117647059 0.129411765
v 25.418907559114444 44.46242689285171 -133.48386244814486 0.333333333 0.117647059 0.129411765
v 31.160542024995294 40.249331290420599 -139.02464075429688 0.333333333 0.117647059 0.129411765
v 12.776611168740516 -54.708196405704705 -127.84549285534311 0.333333333 0.117647059 0.129411765
v 40.853743959254786 31.077797486464931 -147.07023367312124 0.333333333 0.117647059 0.129411765
v -34.441178541311906 -49.141819020877499 -18.526546456816106 0.333333333 0.117647059 0.129411765
v -29.891791720186692 -51.491506048165277 -51.704009868680849 0.333333333 0.117647059 0.129411765
v -28.810675111276076 -53.700412033051997 -18.526572104140644 0.333333333 0.117647059 0.129411765
v -0.21774223264837111 -56.336904906261751 -125.17561867889854 0.333333333 0.117647059 0.129411765
v 7.0146890882169828 -55.818748193702049 -127.2981577628622 0.333333333 0.117647059 0.129411765
v 54.084784097270663 19.54952999001133 -96.024495527736036 0.333333333 0.117647059 0.129411765
v 52.18358430906585 15.311694482092662 -145.92133911988466 0.333333333 0.117647059 0.129411765
v 7.0146890882169828 -55.818748193702049 -127.2981577628622 0.333333333 0.117647059 0.129411765
v -46.745569146069457 -36.11126104972513 -18.545051129080324 0.333333333 0.117647059 0.129411765
v 53.050068107416614 29.9196338482074 -18.684084772764642 0.333333333 0.117647059 0.129411765
v -50.677395411989927 -7.0085591726961773 -149.89185827029885 0.333333333 0.117647059 0.129411765
v 54.956662592457342 3.7679607149078347 -149.52812463648644 0.333333333 0.117647059 0.129411765
v 54.645903338007997 0.19285198048777841 -150.10074466585823 0.333333333 0.117647059 0.129411765
v 51.288428600800216 -7.8584496243547619 -150.95499702406826 0.333333333 0.117647059 0.129411765
v 34.712160740850891 -42.918266356031751 -142.0859469538091 0.333333333 0.117647059 0.129411765
v 34.072966343126751 -39.317997274846221 -145.05696064434321 0.333333333 0.117647059 0.129411765
v 18.071191735055379 -49.93256975132482 -131.81709406731784 0.333333333 0.117647059 0.129411765
v 53.864544024846737 9.0624246255774779 -149.86704129685049 0.333333333 0.117647059 0.129411765
v 51.03174512211217 8.2903423311036022 -150.91018344349823 0.333333333 0.117647059 0.129411765
v -51.664753513370307 2.6121513853590885 -145.32134277917424 0.333333333 0.117647059 0.129411765
v -51.140440185168892 -7.2609158478201294 -146.27794582847935 0.333333333 0.117647059 0.129411765
v 62.059612544718142 1.1933371945902884 -18.633877488049066 0.333333333 0.117647059 0.129411765
v 50.285035090235688 19.154497733533091 -145.64380842118041 0.333333333 0.117647059 0.129411765
v 59.81594628776719 -15.361856700401674 -38.452938809358599 0.333333333 0.117647059 0.129411765
v 54.939631923213021 -14.3171095974732 -124.64486697755197 0.333333333 0.117647059 0.129411765
v 50.091712036383797 -23.122325695818063 -145.69956678634352 0.333333333 0.117647059 0.129411765
v 22.148582251364616 -51.388648481437258 -131.72905076988167 0.333333333 0.117647059 0.129411765
v 2.8844100427699706 -60.148619915685032 -18.524969208668342 0.333333333 0.117647059 0.129411765
v -2.521283770571884 -60.176907984782822 -18.523251736989835 0.333333333 0.117647059 0.129411765
v -39.774612036664649 -35.75760434898325 -141.57621092628958 0.333333333 0.117647059 0.129411765
v -26.116703972575301 47.401025566735292 -96.307700037874369 0.333333333 0.117647059 0.129411765
v 45.164637936859492 -31.584620607507986 -144.48304758538336 0.333333333 0.117647059 0.129411765
v 41.024315696682265 -31.287574742623633 -149.84128802896433 0.333333333 0.117647059 0.129411765
v 40.559040838784796 -36.941114568823622 -146.95645267425274 0.333333333 0.117647059 0.129411765
v 37.683682642844104 -35.48054148153966 -147.86770953580569 0.333333333 0.117647059 0.129411765
v -47.842156245989145 4.7593010731106915 -150.9418139119241 0.333333333 0.117647059 0.129411765
v 54.645903338007997 0.19285198048777841 -150.10074466585823 0.333333333 0.117647059 0.129411765
v 43.184215876437115 39.836320387203962 -18.685908291633229 0.333333333 0.117647059 0.129411765
v -54.571861330270295 -18.082662482531202 -50.11742043694337 0.333333333 0.117647059 0.129411765
v 3.8268936268218567 52.865301399038351 -118.23200013239348 0.333333333 0.117647059 0.129411765
v 3.6313223187353678 53.7134916894436 -109.49215103238161 0.333333333 0.117647059 0.129411765
v -21.745052391062401 47.702997835703037 -116.59540364734963 0.333333333 0.117647059 0.129411765
v 54.084784097270663 19.54952999001133 -96.024495527736036 0.333333333 0.117647059 0.129411765
v 49.342497289779807 32.038089576039383 -48.199975693983454 0.333333333 0.117647059 0.129411765
v -33.606923581084914 -42.363360748003061 -141.81731923920532 0.333333333 0.117647059 0.129411765
v 55.183217986434407 -2.256114621502352 -149.22009842042564 0.333333333 0.117647059 0.129411765
v 40.853743959254786 31.077797486464931 -147.07023367312124 0.333333333 0.117647059 0.129411765
v -3.5598851463471419 51.956928291148017 -127.11305472830716 0.333333333 0.117647059 0.129411765
v -51.179439309060591 0.66387031148899212 -149.86355032760449 0.333333333 0.117647059 0.129411765
v 50.11191464183868 33.14040535324046 -18.676927852235913 0.333333333 0.117647059 0.129411765
v 60.58139771594066 -16.758045885604794 -18.605779684899474 0.333333333 0.117647059 0.129411765
v 3.8321508300665368 55.203526337865384 -88.478546870813204 0.333333333 0.117647059 0.129411765
v 1.4223316503212686 55.195246872561341 -90.84037903798064 0.333333333 0.117647059 0.129411765
v 31.369091412403868 43.895231696316429 -107.94726454298433 0.333333333 0.117647059 0.129411765
v -32.041833086610197 41.303576423022214 -116.16764925718201 0.333333333 0.117647059 0.129411765
v -46.877587822959867 -23.290590311508595 -145.31436565037481 0.333333333 0.117647059 0.129411765
v 19.837396521065209 54.44856547940757 -18.700274445616337 0.333333333 0.117647059 0.129411765
v -2.2567966761971547 -53.313441216490588 -128.77095054535187 0.333333333 0.117647059 0.129411765
v 44.323504171892978 -31.922490829297431 -148.90213021331965 0.333333333 0.117647059 0.129411765
v -42.66626071007704 -30.392603382811672 -148.88007980873536 0.333333333 0.117647059 0.129411765
v 44.564960762562578 26.575766960403257 -148.9399224953072 0.333333333 0.117647059 0.129411765
v 51.912180141392184 0.19466274965090546 -150.98371372403557 0.333333333 0.117647059 0.129411765
v 2.1525149343550538 52.75459103367978 -120.37935645056254 0.333333333 0.117647059 0.129411765
v 62.059612544718142 1.1933371945902884 -18.633877488049066 0.333333333 0.117647059 0.129411765
v -40.674634023431224 -43.027923205268699 -18.535275653141536 0.333333333 0.117647059 0.129411765
v -12.91863253263023 56.352214393183047 -18.689915403743882 0.333333333 0.117647059 0.129411765
v 34.215093626527221 33.60076922601715 -144.89446071892783 0.333333333 0.117647059 0.129411765
v -3.5598851463471419 51.956928291148017 -127.11305472830716 0.333333333 0.117647059 0.129411765
v -9.9311976481695865 50.807538396368443 -127.78268242715781 0.333333333 0.117647059 0.129411765
v 1.7939997960751271 55.929951603439541 -78.237776854284604 0.333333333 0.117647059 0.129411765
v -57.693918815077453 -4.3309563454598745 -18.588341120435857 0.333333333 0.117647059 0.129411765
v -33.320036491111338 38.933782147409609 -126.40478568389172 0.333333333 0.117647059 0.129411765
v -0.063773367950652471 53.981262115272472 -107.93557368970498 0.333333333 0.117647059 0.129411765
v 55.434067625613608 2.7365289843566458 -146.47703738367537 0.333333333 0.117647059 0.129411765
v -51.425040738829026 -29.073252711283143 -18.545639890725855 0.333333333 0.117647059 0.129411765
v -51.637054765970532 24.710686162813253 -18.632842598719225 0.333333333 0.117647059 0.129411765
v -3.4378163696007284 -57.889664561062936 -83.883158806614503 0.333333333 0.117647059 0.129411765
v -39.517805487580091 -35.29156454048092 -147.26541877950024 0.333333333 0.117647059 0.129411765
v 42.371503902650943 24.391764258328749 -150.02916738871016 0.333333333 0.117647059 0.129411765
v 51.679655516054446 -34.732173977624456 -18.578386658621369 0.333333333 0.117647059 0.129411765
v -3.5598851463471419 51.956928291148017 -127.11305472830716 0.333333333 0.117647059 0.129411765
v 56.867963463525648 24.664537847190626 -18.685553957772122 0.333333333 0.117647059 0.129411765
v 19.224665555383801 -57.458067031187355 -18.534109000965532 0.333333333 0.117647059 0.129411765
v 22.950122235694835 -56.228635636428976 -18.476110204158001 0.333333333 0.117647059 0.129411765
v 17.468751556911307 -57.946726688056117 -18.44180453311327 0.333333333 0.117647059 0.129411765
v 17.468751556911307 -57.946726688056117 -18.44180453311327 0.333333333 0.117647059 0.129411765
v 13.941459317704318 -58.754186773843699 -18.530376601439468 0.333333333 0.117647059 0.129411765
v 19.224665555383801 -57.458067031187355 -18.534109000965532 0.333333333 0.117647059 0.129411765
v 12.161522809254635 -59.104741870240836 -18.43841818155067 0.333333333 0.117647059 0.129411765
v 9.3855445063700831 -59.549746890145691 -18.527795366381369 0.333333333 0.117647059 0.129411765
v 13.941459317704318 -58.754186773843699 -18.530376601439468 0.333333333 0.117647059 0.129411765
v 6.59978161195294 -59.897218373811675 -18.435262685219762 0.333333333 0.117647059 0.129411765
v 5.1744401928657169 -59.995332481706377 -18.525670650169911 0.333333333 0.117647059 0.129411765
v 9.3855445063700831 -59.549746890145691 -18.527795366381369 0.333333333 0.117647059 0.129411765
v 0.86043375033945946 -60.207686173721001 -18.433542935638187 0.333333333 0.117647059 0.129411765
v 0.86354840178448544 -60.203930537489754 -18.524020534233046 0.333333333 0.117647059 0.129411765
v 5.1744401928657169 -59.995332481706377 -18.525670650169911 0.333333333 0.117647059 0.129411765
v -33.770488370486419 -49.706302555852744 -18.437651641081942 0.333333333 0.117647059 0.129411765
v -28.981594094809569 -53.600850057827387 -18.524212157620674 0.333333333 0.117647059 0.129411765
v -28.98696483916466 -53.599448423998169 -18.434392827335028 0.333333333 0.117647059 0.129411765
v -33.774179740034015 -49.699630686787714 -18.528297986576451 0.333333333 0.117647059 0.129411765
v -25.74317978450183 -55.078723907882697 -18.432272986474878 0.333333333 0.117647059 0.129411765
v -25.001764461246623 -55.389124177908208 -18.522675128150087 0.333333333 0.117647059 0.129411765
v -20.999769599306436 -56.871805872146112 -18.431131416066105 0.333333333 0.117647059 0.129411765
v -25.001764461246623 -55.389124177908208 -18.522675128150087 0.333333333 0.117647059 0.129411765
v -19.581936570454289 -57.325105843073146 -18.521827675553084 0.333333333 0.117647059 0.129411765
v -20.999769599306436 -56.871805872146112 -18.431131416066105 0.333333333 0.117647059 0.129411765
v -19.581936570454289 -57.325105843073146 -18.521827675553084 0.333333333 0.117647059 0.129411765
v -16.040201838523881 -58.283660279460221 -18.430665921441292 0.333333333 0.117647059 0.129411765
v -19.581936570454289 -57.325105843073146 -18.521827675553084 0.333333333 0.117647059 0.129411765
v -14.304044069467867 -58.684908986923752 -18.521453686752867 0.333333333 0.117647059 0.129411765
v -16.040201838523881 -58.283660279460221 -18.430665921441292 0.333333333 0.117647059 0.129411765
v -14.304044069467867 -58.684908986923752 -18.521453686752867 0.333333333 0.117647059 0.129411765
v -11.630437350848055 -59.215610878494964 -18.430658774176909 0.333333333 0.117647059 0.129411765
v -9.0285668581480909 -59.626850758110876 -18.52189187618983 0.333333333 0.117647059 0.129411765
v -3.7747056848923011 -60.105547242712824 -18.522478872897437 0.333333333 0.117647059 0.129411765
v -3.8099375157006765 -60.106265364841484 -18.431956386592219 0.333333333 0.117647059 0.129411765
v -25.74317978450183 -55.078723907882697 -18.432272986474878 0.333333333 0.117647059 0.129411765
v -28.98696483916466 -53.599448423998169 -18.434392827335028 0.333333333 0.117647059 0.129411765
v -25.001764461246623 -55.389124177908208 -18.522675128150087 0.333333333 0.117647059 0.129411765
v -3.7747056848923011 -60.105547242712824 -18.522478872897437 0.333333333 0.117647059 0.129411765
v 0.86354840178448544 -60.203930537489754 -18.524020534233046 0.333333333 0.117647059 0.129411765
v 0.86043375033945946 -60.207686173721001 -18.433542935638187 0.333333333 0.117647059 0.129411765
v -33.774179740034015 -49.699630686787714 -18.528297986576451 0.333333333 0.117647059 0.129411765
v -33.770488370486419 -49.706302555852744 -18.437651641081942 0.333333333 0.117647059 0.129411765
v -37.828408015089281 -45.951215402376647 -18.476565967705739 0.333333333 0.117647059 0.129411765
v -11.630437350848055 -59.215610878494964 -18.430658774176909 0.333333333 0.117647059 0.129411765
v -14.304044069467867 -58.684908986923752 -18.521453686752867 0.333333333 0.117647059 0.129411765
v -9.0285668581480909 -59.626850758110876 -18.52189187618983 0.333333333 0.117647059 0.129411765
v -28.981594094809569 -53.600850057827387 -18.524212157620674 0.333333333 0.117647059 0.129411765
v 12.161522809254635 -59.104741870240836 -18.43841818155067 0.333333333 0.117647059 0.129411765
v 13.941459317704318 -58.754186773843699 -18.530376601439468 0.333333333 0.117647059 0.129411765
v 17.468751556911307 -57.946726688056117 -18.44180453311327 0.333333333 0.117647059 0.129411765
v 6.59978161195294 -59.897218373811675 -18.435262685219762 0.333333333 0.117647059 0.129411765
v 12.161522809254635 -59.104741870240836 -18.43841818155067 0.333333333 0.117647059 0.129411765
v 6.59978161195294 -59.897218373811675 -18.435262685219762 0.333333333 0.117647059 0.129411765
v -9.0285668581480909 -59.626850758110876 -18.52189187618983 0.333333333 0.117647059 0.129411765
v -7.6201779492712296 -59.779893525060295 -18.431218487769559 0.333333333 0.117647059 0.129411765
v -11.630437350848055 -59.215610878494964 -18.430658774176909 0.333333333 0.117647059 0.129411765
v -7.6201779492712296 -59.779893525060295 -18.431218487769559 0.333333333 0.117647059 0.129411765
v -3.8099375157006765 -60.106265364841484 -18.431956386592219 0.333333333 0.117647059 0.129411765
v 61.066727627077711 11.643386194840787 -18.594806982875571 0.333333333 0.117647059 0.129411765
v 61.656750090695141 7.1278282486309763 -18.551733477592304 0.333333333 0.117647059 0.129411765
v 61.650826427934589 7.1744033215218224 -18.642372293778401 0.333333333 0.117647059 0.129411765
v 61.650826427934589 7.1744033215218224 -18.642372293778401 0.333333333 0.117647059 0.129411765
v 61.656750090695141 7.1278282486309763 -18.551733477592304 0.333333333 0.117647059 0.129411765
v 62.037220716295565 1.2929226881187788 -18.634000332343369 0.333333333 0.117647059 0.129411765
v 62.041571509666937 1.2615017338739563 -18.54375617328585 0.333333333 0.117647059 0.129411765
v 61.978234385377164 -4.6747411466003541 -18.534502207771521 0.333333333 0.117647059 0.129411765
v 61.977841327869385 -4.6311063685770932 -18.625124535541836 0.333333333 0.117647059 0.129411765
v 62.037220716295565 1.2929226881187788 -18.634000332343369 0.333333333 0.117647059 0.129411765
v 61.977841327869385 -4.6311063685770932 -18.625124535541836 0.333333333 0.117647059 0.129411765
v 61.978234385377164 -4.6747411466003541 -18.534502207771521 0.333333333 0.117647059 0.129411765
v 61.647445909864473 -9.2328101488055836 -18.618322780158518 0.333333333 0.117647059 0.129411765
v 61.647445909864473 -9.2328101488055836 -18.618322780158518 0.333333333 0.117647059 0.129411765
v 61.650419843464306 -9.2257806576890289 -18.527687723269946 0.333333333 0.117647059 0.129411765
v 61.125442350257003 -13.393100910967178 -18.558174033927713 0.333333333 0.117647059 0.129411765
v 27.783880271761241 -54.331289972304504 -18.495886943151529 0.333333333 0.117647059 0.129411765
v 32.049825609150503 -51.512446022987206 -18.546762927201048 0.333333333 0.117647059 0.129411765
v 32.042275426603737 -51.521807924144014 -18.456049009640363 0.333333333 0.117647059 0.129411765
v 32.042275426603737 -51.521807924144014 -18.456049009640363 0.333333333 0.117647059 0.129411765
v 32.049825609150503 -51.512446022987206 -18.546762927201048 0.333333333 0.117647059 0.129411765
v 36.075164000636505 -48.666245694756071 -18.461492949497416 0.333333333 0.117647059 0.129411765
v 37.13732876667018 -47.882857635762775 -18.553661859083736 0.333333333 0.117647059 0.129411765
v 39.902506735399584 -45.743265407476429 -18.467050831523885 0.333333333 0.117647059 0.129411765
v 37.13732876667018 -47.882857635762775 -18.553661859083736 0.333333333 0.117647059 0.129411765
v 41.745727475430613 -44.256838321589385 -18.560552506269936 0.333333333 0.117647059 0.129411765
v 41.745727475430613 -44.256838321589385 -18.560552506269936 0.333333333 0.117647059 0.129411765
v 43.353237589024502 -42.928014755216282 -18.4722788641667 0.333333333 0.117647059 0.129411765
v 39.902506735399584 -45.743265407476429 -18.467050831523885 0.333333333 0.117647059 0.129411765
v 37.13732876667018 -47.882857635762775 -18.553661859083736 0.333333333 0.117647059 0.129411765
v 39.902506735399584 -45.743265407476429 -18.467050831523885 0.333333333 0.117647059 0.129411765
v 36.075164000636505 -48.666245694756071 -18.461492949497416 0.333333333 0.117647059 0.129411765
v 47.090786725542785 -39.551978604607939 -18.478307269502722 0.333333333 0.117647059 0.129411765
v 43.353237589024502 -42.928014755216282 -18.4722788641667 0.333333333 0.117647059 0.129411765
v 44.952013746131342 -41.525626727674535 -18.56567201348966 0.333333333 0.117647059 0.129411765
v 44.952013746131342 -41.525626727674535 -18.56567201348966 0.333333333 0.117647059 0.129411765
v 47.951983016981103 -38.685862409040055 -18.570718944732548 0.333333333 0.117647059 0.129411765
v 47.090786725542785 -39.551978604607939 -18.478307269502722 0.333333333 0.117647059 0.129411765
v 51.104581369534074 -35.383991565972742 -18.57652848535465 0.333333333 0.117647059 0.129411765
v 50.99491920000046 -35.520281195046792 -18.48611957225468 0.333333333 0.117647059 0.129411765
v 47.951983016981103 -38.685862409040055 -18.570718944732548 0.333333333 0.117647059 0.129411765
v 53.573026147694577 -32.390810599229553 -18.525703478000715 0.333333333 0.117647059 0.129411765
v 50.99491920000046 -35.520281195046792 -18.48611957225468 0.333333333 0.117647059 0.129411765
v 51.104581369534074 -35.383991565972742 -18.57652848535465 0.333333333 0.117647059 0.129411765
v 61.650419843464306 -9.2257806576890289 -18.527687723269946 0.333333333 0.117647059 0.129411765
v 43.353237589024502 -42.928014755216282 -18.4722788641667 0.333333333 0.117647059 0.129411765
v 41.745727475430613 -44.256838321589385 -18.560552506269936 0.333333333 0.117647059 0.129411765
v 44.952013746131342 -41.525626727674535 -18.56567201348966 0.333333333 0.117647059 0.129411765
v 62.041571509666937 1.2615017338739563 -18.54375617328585 0.333333333 0.117647059 0.129411765
v -4.3052182197570801 47.197330474853516 -160.60891723632812 0 0 0
v -8.6634120941162109 47.827548980712891 -152.365478515625 0 0 0
v 0.14129270613193512 48.238082885742188 -155.99272155761719 0 0 0
v -4.2924032211303711 43.527839660644531 -179.314208984375 0 0 0
v -3.6943328380584717 45.391349792480469 -170.75724792480469 0 0 0
v 0.45330941677093506 46.214916229248047 -167.84933471679688 0 0 0
v 1.326572060585022 43.449718475341797 -181.22372436523438 0 0 0
v -6.2596712112426758 41.773418426513672 -185.771240234375 0 0 0
v -8.5210952758789062 43.62677001953125 -175.54986572265625 0 0 0
v -8.5354881286621094 45.385684967041016 -166.74513244628906 0 0 0
v -13.597280502319336 41.281600952148438 -179.88459777832031 0 0 0
v -13.218552589416504 46.059181213378906 -155.46784973144531 0 0 0
v -18.542642593383789 45.525371551513672 -145.58634948730469 0 0 0
v -12.55626106262207 49.41259765625 -133.99131774902344 0 0 0
v -12.434324264526367 43.980438232421875 -168.57052612304688 0 0 0
v -1.3913712501525879 40.452907562255859 -193.39814758300781 0 0 0
v -9.5042400360107422 39.41455078125 -192.54209899902344 0 0 0
v -19.41077995300293 41.076503753662109 -169.42649841308594 0 0 0
v -17.427465438842773 44.186882019042969 -157.05491638183594 0 0 0
v -22.022121429443359 41.191234588623047 -161.43112182617188 0 0 0
v -17.654783248901367 38.224178314208984 -186.1988525390625 0 0 0
v -14.301495552062988 34.7841796875 -203.90982055664062 0 0 0
v -21.575651168823242 32.243862152099609 -201.80133056640625 0 0 0
v -16.253942489624023 36.801815032958984 -194.06312561035156 0 0 0
v -21.568994522094727 35.992584228515625 -187.53494262695312 0 0 0
v -25.463703155517578 36.229732513427734 -176.53805541992188 0 0 0
v -26.043529510498047 40.066940307617188 -154.36505126953125 0 0 0
v -25.832633972167969 32.627056121826172 -190.83856201171875 0 0 0
v -30.351346969604492 32.371814727783203 -177.68075561523438 0 0 0
v -27.213106155395508 29.374654769897461 -199.738525390625 0 0 0
v -32.538597106933594 25.731233596801758 -197.38920593261719 0 0 0
v -32.540702819824219 28.988996505737305 -184.60379028320312 0 0 0
v -29.773345947265625 36.070976257324219 -161.83538818359375 0 0 0
v -33.009437561035156 32.09564208984375 -168.30722045898438 0 0 0
v -36.870487213134766 25.21405029296875 -181.68229675292969 0 0 0
v -35.742454528808594 24.31749153137207 -190.1934814453125 0 0 0
v -39.011615753173828 22.880956649780273 -180.8389892578125 0 0 0
v -35.795246124267578 32.637046813964844 -152.16291809082031 0 0 0
v -40.231136322021484 27.27861213684082 -154.2982177734375 0 0 0
v -37.103122711181641 28.216815948486328 -167.51130676269531 0 0 0
v -37.714534759521484 20.845537185668945 -194.68421936035156 0 0 0
v -40.139591217041016 19.704196929931641 -186.79074096679688 0 0 0
v -42.044528961181641 22.213424682617188 -166.10231018066406 0 0 0
v -43.938804626464844 17.050643920898438 -173.83891296386719 0 0 0
v -47.0262451171875 15.979192733764648 -155.68798828125 0 0 0
v -42.274650573730469 14.52794361114502 -191.86521911621094 0 0 0
v -44.350242614746094 9.9576053619384766 -190.4537353515625 0 0 0
v -45.345264434814453 6.9839720726013184 -189.74105834960938 0 0 0
v -47.970142364501953 3.0835130214691162 -175.04472351074219 0 0 0
v -49.874629974365234 7.3790020942687988 -155.37031555175781 0 0 0
v -4.9825477600097656 51.134376525878906 -132.79901123046875 0 0 0
v -5.2088422775268555 49.310543060302734 -146.59101867675781 0 0 0
v -18.893161773681641 46.613357543945312 -136.08285522460938 0 0 0
v -24.841653823852539 42.812286376953125 -141.27642822265625 0 0 0
v -22.687179565429688 43.347549438476562 -146.08815002441406 0 0 0
v -29.509452819824219 38.91632080078125 -146.55863952636719 0 0 0
v 0.94804674386978149 36.542686462402344 -206.40278625488281 0 0 0
v -6.1627755165100098 36.297225952148438 -205.5467529296875 0 0 0
v -47.605537414550781 -0.049428485333919525 -178.42781066894531 0 0 0
v -50.540336608886719 2.0304756164550781 -155.51004028320312 0 0 0
v -46.104393005371094 1.5942857265472412 -189.16314697265625 0 0 0
v 8.9483394622802734 -55.261863708496094 -133.31169128417969 0 0 0
v 9.1156253814697266 -53.556324005126953 -165.97578430175781 0 0 0
v 14.480489730834961 -53.940494537353516 -134.45158386230469 0 0 0
v 18.421709060668945 -52.621452331542969 -136.00814819335938 0 0 0
v 20.47096061706543 -50.068271636962891 -164.48332214355469 0 0 0
v 24.247655868530273 -49.853748321533203 -140.22648620605469 0 0 0
v 32.616180419921875 -44.195766448974609 -147.15135192871094 0 0 0
v 29.233633041381836 -45.316619873046875 -161.95989990234375 0 0 0
v 37.627708435058594 -39.286357879638672 -152.57501220703125 0 0 0
v 27.607967376708984 -47.804191589355469 -143.78593444824219 0 0 0
v 24.365150451660156 -48.638515472412109 -157.07646179199219 0 0 0
v 5.2020916938781738 -54.962997436523438 -150.23423767089844 0 0 0
v 54.238166809082031 -3.6134920120239258 -155.49658203125 0 0 0
v 52.699390411376953 -7.0060372352600098 -163.90260314941406 0 0 0
v 54.329555511474609 0.17656901478767395 -155.48252868652344 0 0 0
v 53.101879119873047 -11.035871505737305 -155.38017272949219 0 0 0
v 49.850223541259766 -20.871246337890625 -155.81370544433594 0 0 0
v 47.518783569335938 -25.904323577880859 -154.7125244140625 0 0 0
v 45.825553894042969 -25.979503631591797 -167.77937316894531 0 0 0
v 51.151271820068359 -6.1047191619873047 -175.47581481933594 0 0 0
v 51.357845306396484 -11.993637084960938 -166.9459228515625 0 0 0
v 44.357227325439453 -30.994157791137695 -155.19230651855469 0 0 0
v 40.634208679199219 -35.966842651367188 -153.3101806640625 0 0 0
v 41.105979919433594 -32.999435424804688 -168.76882934570312 0 0 0
v 37.123664855957031 -36.990066528320312 -173.69412231445312 0 0 0
v 33.408233642578125 -41.655414581298828 -165.66912841796875 0 0 0
v 32.75372314453125 -39.357086181640625 -188.70077514648438 0 0 0
v 27.717643737792969 -44.288414001464844 -183.5263671875 0 0 0
v 23.943466186523438 -47.728290557861328 -172.30455017089844 0 0 0
v 42.075313568115234 -29.14935302734375 -181.07771301269531 0 0 0
v 45.468505859375 -23.345983505249023 -179.41064453125 0 0 0
v 41.050670623779297 -31.10406494140625 -178.751953125 0 0 0
v 19.737180709838867 -49.398651123046875 -178.18086242675781 0 0 0
v 17.452911376953125 -50.941207885742188 -170.0489501953125 0 0 0
v 48.793968200683594 -10.813560485839844 -185.21945190429688 0 0 0
v 36.803886413574219 -34.494426727294922 -190.62521362304688 0 0 0
v 23.5338134765625 -46.934535980224609 -183.9647216796875 0 0 0
v 12.579828262329102 -52.466758728027344 -171.91795349121094 0 0 0
v 49.433357238769531 -3.3480925559997559 -187.50193786621094 0 0 0
v 50.244598388671875 1.7780749797821045 -183.57542419433594 0 0 0
v 45.930213928222656 -19.397451400756836 -186.98175048828125 0 0 0
v 6.9397783279418945 -52.148365020751953 -196.55303955078125 0 0 0
v 4.3816561698913574 -53.169971466064453 -185.53001403808594 0 0 0
v 19.606231689453125 -48.549526214599609 -190.070068359375 0 0 0
v 23.287654876708984 -46.300914764404297 -192.4049072265625 0 0 0
v 15.82232666015625 -50.021709442138672 -192.09344482421875 0 0 0
v 15.947318077087402 -50.653327941894531 -182.65509033203125 0 0 0
v 47.823348999023438 -14.521864891052246 -185.23512268066406 0 0 0
v 44.807621002197266 -16.071434020996094 -199.65390014648438 0 0 0
v 42.816677093505859 -24.070985794067383 -193.33639526367188 0 0 0
v 10.841904640197754 -50.563652038574219 -206.6578369140625 0 0 0
v 25.268753051757812 -43.517925262451172 -205.33438110351562 0 0 0
v 28.55694580078125 -42.565177917480469 -192.12353515625 0 0 0
v 19.530168533325195 -47.136661529541016 -206.110595703125 0 0 0
v 0.4412197470664978 -56.03729248046875 -132.401123046875 0 0 0
v 39.078525543212891 -28.256458282470703 -201.83139038085938 0 0 0
v 35.378261566162109 -33.599662780761719 -203.00364685058594 0 0 0
v 4.9516701698303223 -51.770435333251953 -206.59754943847656 0 0 0
v 16.058444976806641 -48.766609191894531 -206.44143676757812 0 0 0
v -46.661247253417969 -12.720993995666504 -174.65005493164062 0 0 0
v -48.579326629638672 -14.833826065063477 -155.25323486328125 0 0 0
v -48.395259857177734 -8.5549345016479492 -167.54962158203125 0 0 0
v -45.672710418701172 -7.1619482040405273 -189.51943969726562 0 0 0
v -44.005771636962891 -14.661602020263672 -190.74034118652344 0 0 0
v -45.228294372558594 -17.548826217651367 -175.8204345703125 0 0 0
v -43.849334716796875 -20.734916687011719 -178.0272216796875 0 0 0
v -45.425754547119141 -23.901254653930664 -154.79627990722656 0 0 0
v -41.509254455566406 -26.088296890258789 -178.25404357910156 0 0 0
v -41.587802886962891 -21.5848388671875 -192.3834228515625 0 0 0
v -39.215347290039062 -26.437400817871094 -193.85621643066406 0 0 0
v -36.100456237792969 -34.306236267089844 -182.07722473144531 0 0 0
v -37.038303375244141 -35.201862335205078 -169.12600708007812 0 0 0
v -38.906070709228516 -31.212642669677734 -176.29115295410156 0 0 0
v -32.965526580810547 -37.800148010253906 -185.39305114746094 0 0 0
v -32.902706146240234 -40.22796630859375 -167.87094116210938 0 0 0
v -38.192562103271484 -36.233283996582031 -152.80397033691406 0 0 0
v -28.634593963623047 -42.823780059814453 -180.76667785644531 0 0 0
v -34.344966888427734 -40.88641357421875 -149.3238525390625 0 0 0
v -18.135202407836914 -47.968597412109375 -202.85781860351562 0 0 0
v -26.032833099365234 -46.073558807373047 -168.41615295410156 0 0 0
v -22.819318771362305 -45.162406921386719 -201.38812255859375 0 0 0
v -23.251377105712891 -48.343986511230469 -162.90672302246094 0 0 0
v -23.261449813842773 -49.908241271972656 -140.02656555175781 0 0 0
v -27.20121955871582 -47.366260528564453 -142.973876953125 0 0 0
v -19.439718246459961 -50.714508056640625 -157.10971069335938 0 0 0
v -15.820114135742188 -50.564586639404297 -182.79150390625 0 0 0
v -15.519423484802246 -52.440071105957031 -155.06077575683594 0 0 0
v -12.102068901062012 -51.706150054931641 -185.5068359375 0 0 0
v -11.925786018371582 -52.663387298583984 -169.91719055175781 0 0 0
v -10.563577651977539 -54.886524200439453 -134.28117370605469 0 0 0
v -13.246353149414062 -49.988117218017578 -204.11965942382812 0 0 0
v -7.3184170722961426 -51.546882629394531 -205.29954528808594 0 0 0
v -7.5808548927307129 -53.461299896240234 -172.85382080078125 0 0 0
v -2.3701508045196533 -54.646770477294922 -161.00364685058594 0 0 0
v -4.3730530738830566 -53.562252044677734 -179.15167236328125 0 0 0
v -50.086784362792969 -7.1374187469482422 -155.41093444824219 0 0 0
v -42.328311920166016 -29.823644638061523 -155.34059143066406 0 0 0
v -46.813617706298828 -20.386646270751953 -155.04869079589844 0 0 0
v -36.504329681396484 -31.042976379394531 -195.41105651855469 0 0 0
v -31.569917678833008 -37.507820129394531 -197.90109252929688 0 0 0
v 0.37102112174034119 -54.510177612304688 -164.68278503417969 0 0 0
v -5.5506343841552734 -55.764999389648438 -133.48301696777344 0 0 0
v -0.79999792575836182 -52.086727142333984 -206.16107177734375 0 0 0
v 20.017770767211914 32.501266479492188 -206.21134948730469 0 0 0
v 12.884462356567383 34.761844635009766 -206.72682189941406 0 0 0
v 10.055844306945801 37.08062744140625 -201.23286437988281 0 0 0
v 43.411758422851562 14.250174522399902 -200.33377075195312 0 0 0
v 48.229545593261719 10.205257415771484 -185.59523010253906 0 0 0
v 45.361526489257812 10.420745849609375 -199.49491882324219 0 0 0
v 5.7897439002990723 38.005619049072266 -200.70658874511719 0 0 0
v 6.7668261528015137 41.062717437744141 -189.055419921875 0 0 0
v 13.888455390930176 37.223075866699219 -197.31451416015625 0 0 0
v -1.3913712501525879 40.452907562255859 -193.39814758300781 0 0 0
v 50.244598388671875 1.7780749797821045 -183.57542419433594 0 0 0
v 47.550136566162109 -0.86902856826782227 -198.48188781738281 0 0 0
v 47.064990997314453 5.0799174308776855 -198.71568298339844 0 0 0
v 36.752552032470703 28.159944534301758 -181.16529846191406 0 0 0
v 37.866615295410156 21.17919921875 -202.36764526367188 0 0 0
v 33.045825958251953 25.349431991577148 -203.7908935546875 0 0 0
v 31.511663436889648 31.146883010864258 -186.44720458984375 0 0 0
v 45.693290710449219 16.194547653198242 -184.80335998535156 0 0 0
v 43.100151062011719 21.002727508544922 -181.54020690917969 0 0 0
v 40.483036041259766 23.306655883789062 -185.26823425292969 0 0 0
v 18.184686660766602 36.992877960205078 -192.62908935546875 0 0 0
v 15.203506469726562 40.398296356201172 -183.28746032714844 0 0 0
v 23.019956588745117 37.642478942871094 -180.873046875 0 0 0
v 10.192418098449707 39.913917541503906 -190.87300109863281 0 0 0
v 41.542564392089844 25.283363342285156 -172.49606323242188 0 0 0
v 29.410751342773438 35.158908843994141 -175.16978454589844 0 0 0
v 20.09300422668457 40.548431396484375 -173.53642272949219 0 0 0
v 45.614429473876953 21.209362030029297 -167.75460815429688 0 0 0
v 26.808183670043945 37.877872467041016 -169.7938232421875 0 0 0
v 34.458591461181641 32.124790191650391 -172.06916809082031 0 0 0
v 23.526268005371094 39.531955718994141 -170.4013671875 0 0 0
v 11.509907722473145 42.809024810791016 -177.22314453125 0 0 0
v 48.794940948486328 15.620683670043945 -168.86289978027344 0 0 0
v 51.407497406005859 10.61895751953125 -165.19071960449219 0 0 0
v 10.710531234741211 45.564262390136719 -164.12841796875 0 0 0
v 15.088964462280273 42.98724365234375 -171.02653503417969 0 0 0
v 6.9787330627441406 44.448524475097656 -173.86993408203125 0 0 0
v 4.5157537460327148 46.601310729980469 -164.22975158691406 0 0 0
v 0.45330941677093506 46.214916229248047 -167.84933471679688 0 0 0
v 53.457855224609375 8.1030521392822266 -155.38203430175781 0 0 0
v 52.39361572265625 4.0714960098266602 -168.45706176757812 0 0 0
v 45.290771484375 24.570491790771484 -155.19973754882812 0 0 0
v 39.367263793945312 29.072303771972656 -165.54550170898438 0 0 0
v 54.211093902587891 3.6795487403869629 -155.53861999511719 0 0 0
v 50.99652099609375 15.314956665039062 -155.17666625976562 0 0 0
v 47.857158660888672 20.99211311340332 -154.81172180175781 0 0 0
v 37.864665985107422 33.054714202880859 -152.30723571777344 0 0 0
v 42.110527038574219 28.502264022827148 -154.12767028808594 0 0 0
v 9.0718803405761719 47.351654052734375 -155.55964660644531 0 0 0
v 31.816558837890625 36.8260498046875 -158.26161193847656 0 0 0
v 25.169912338256836 41.481533050537109 -154.98141479492188 0 0 0
v 16.165765762329102 44.440223693847656 -161.1817626953125 0 0 0
v 13.249971389770508 47.172142028808594 -149.98114013671875 0 0 0
v 16.956701278686523 46.873043060302734 -143.7021484375 0 0 0
v 21.056472778320312 43.207626342773438 -156.93354797363281 0 0 0
v 22.679378509521484 45.096084594726562 -138.92024230957031 0 0 0
v 8.3939266204833984 48.832416534423828 -146.65835571289062 0 0 0
v 8.8422870635986328 50.546527862548828 -133.14912414550781 0 0 0
v 10.855979919433594 49.391399383544922 -138.61366271972656 0 0 0
v 4.1031842231750488 50.107810974121094 -141.90937805175781 0 0 0
v 6.3838100433349609 36.029060363769531 -206.71603393554688 0 0 0
v 0.94804674386978149 36.542686462402344 -206.40278625488281 0 0 0
v 33.678943634033203 37.088169097900391 -148.07504272460938 0 0 0
v -39.222480773925781 24.544605255126953 -149.93748474121094 0 0 0
v -36.710559844970703 28.038780212402344 -148.52317810058594 0 0 0
v -40.231136322021484 27.27861213684082 -154.2982177734375 0 0 0
v -44.724502563476562 20.714149475097656 -154.834716796875 0 0 0
v -44.233066558837891 16.469814300537109 -150.60125732421875 0 0 0
v 8.8422870635986328 50.546527862548828 -133.14912414550781 0 0 0
v 9.6298904418945312 47.814472198486328 -129.61886596679688 0 0 0
v 15.56523609161377 45.944839477539062 -131.01632690429688 0 0 0
v -15.060306549072266 45.733791351318359 -130.79537963867188 0 0 0
v -12.55626106262207 49.41259765625 -133.99131774902344 0 0 0
v -18.893161773681641 46.613357543945312 -136.08285522460938 0 0 0
v -24.841653823852539 42.812286376953125 -141.27642822265625 0 0 0
v -32.685070037841797 36.031017303466797 -148.21142578125 0 0 0
v -29.744068145751953 35.880111694335938 -142.1337890625 0 0 0
v -23.455297470092773 40.982189178466797 -136.1829833984375 0 0 0
v -19.065048217773438 43.852134704589844 -132.44471740722656 0 0 0
v -18.893161773681641 46.613357543945312 -136.08285522460938 0 0 0
v -36.710559844970703 28.038780212402344 -148.52317810058594 0 0 0
v -40.231136322021484 27.27861213684082 -154.2982177734375 0 0 0
v -15.060306549072266 45.733791351318359 -130.79537963867188 0 0 0
v -10.360803604125977 47.4288330078125 -129.70106506347656 0 0 0
v -12.55626106262207 49.41259765625 -133.99131774902344 0 0 0
v -5.7859225273132324 48.447700500488281 -129.0509033203125 0 0 0
v -1.0051834583282471 48.963497161865234 -128.72796630859375 0 0 0
v 0.54200196266174316 51.498115539550781 -132.50431823730469 0 0 0
v 20.156919479370117 44.022167205810547 -133.24090576171875 0 0 0
v 22.679378509521484 45.096084594726562 -138.92024230957031 0 0 0
v 17.079488754272461 47.951087951660156 -135.18153381347656 0 0 0
v 15.56523609161377 45.944839477539062 -131.01632690429688 0 0 0
v -42.328311920166016 -29.823644638061523 -155.34059143066406 0 0 0
v -38.192562103271484 -36.233283996582031 -152.80397033691406 0 0 0
v -45.425754547119141 -23.901254653930664 -154.79627990722656 0 0 0
v -49.874629974365234 7.3790020942687988 -155.37031555175781 0 0 0
v -50.540336608886719 2.0304756164550781 -155.51004028320312 0 0 0
v -47.989280700683594 1.8000720739364624 -150.96360778808594 0 0 0
v -44.724502563476562 20.714149475097656 -154.834716796875 0 0 0
v -48.351890563964844 12.75504207611084 -155.200927734375 0 0 0
v -44.233066558837891 16.469814300537109 -150.60125732421875 0 0 0
v -25.650339126586914 -45.350608825683594 -137.96617126464844 0 0 0
v -27.20121955871582 -47.366260528564453 -142.973876953125 0 0 0
v -19.314296722412109 -52.027225494384766 -135.97358703613281 0 0 0
v -32.175960540771484 -39.453742980957031 -144.30026245117188 0 0 0
v -31.445884704589844 -43.81353759765625 -146.73809814453125 0 0 0
v -36.798908233642578 -33.825592041015625 -148.53738403320312 0 0 0
v -38.192562103271484 -36.233283996582031 -152.80397033691406 0 0 0
v -34.344966888427734 -40.88641357421875 -149.3238525390625 0 0 0
v 8.9483394622802734 -55.261863708496094 -133.31169128417969 0 0 0
v 10.235442161560059 -52.116603851318359 -129.83955383300781 0 0 0
v 4.8639554977416992 -52.941349029541016 -129.09654235839844 0 0 0
v 14.480489730834961 -53.940494537353516 -134.45158386230469 0 0 0
v 0.4412197470664978 -56.03729248046875 -132.401123046875 0 0 0
v -1.4557485580444336 -53.214672088623047 -128.83132934570312 0 0 0
v -1.4557485580444336 -53.214672088623047 -128.83132934570312 0 0 0
v -9.178004264831543 -52.391582489013672 -129.49244689941406 0 0 0
v -8.2871503829956055 -54.888431549072266 -132.26571655273438 0 0 0
v -15.758605003356934 -50.492935180664062 -130.93714904785156 0 0 0
v -14.608283996582031 -53.835311889648438 -134.29997253417969 0 0 0
v 32.616180419921875 -44.195766448974609 -147.15135192871094 0 0 0
v 40.634208679199219 -35.966842651367188 -153.3101806640625 0 0 0
v 35.891193389892578 -37.546653747558594 -146.55836486816406 0 0 0
v -45.425754547119141 -23.901254653930664 -154.79627990722656 0 0 0
v -38.192562103271484 -36.233283996582031 -152.80397033691406 0 0 0
v -39.346405029296875 -29.850486755371094 -149.95314025878906 0 0 0
v 47.518783569335938 -25.904323577880859 -154.7125244140625 0 0 0
v 44.308696746826172 -26.344512939453125 -150.28337097167969 0 0 0
v 40.674045562744141 -31.733547210693359 -149.73001098632812 0 0 0
v -15.758605003356934 -50.492935180664062 -130.93714904785156 0 0 0
v -19.570100784301758 -48.900051116943359 -132.57768249511719 0 0 0
v -19.314296722412109 -52.027225494384766 -135.97358703613281 0 0 0
v -42.713016510009766 -23.609590530395508 -150.4150390625 0 0 0
v -45.316383361816406 -17.022621154785156 -150.72792053222656 0 0 0
v -46.813617706298828 -20.386646270751953 -155.04869079589844 0 0 0
v 18.421709060668945 -52.621452331542969 -136.00814819335938 0 0 0
v 20.982706069946289 -48.52117919921875 -133.94084167480469 0 0 0
v 16.732196807861328 -50.290332794189453 -131.429931640625 0 0 0
v 32.616180419921875 -44.195766448974609 -147.15135192871094 0 0 0
v 37.627708435058594 -39.286357879638672 -152.57501220703125 0 0 0
v 40.634208679199219 -35.966842651367188 -153.3101806640625 0 0 0
v 34.142566680908203 33.647388458251953 -144.82624816894531 0 0 0
v 40.707210540771484 26.463216781616211 -149.65904235839844 0 0 0
v 42.110527038574219 28.502264022827148 -154.12767028808594 0 0 0
v 46.593669891357422 18.502031326293945 -150.49940490722656 0 0 0
v 47.857158660888672 20.99211311340332 -154.81172180175781 0 0 0
v 50.969173431396484 -17.623136520385742 -154.66802978515625 0 0 0
v 53.101879119873047 -11.035871505737305 -155.38017272949219 0 0 0
v 50.565422058105469 -10.974091529846191 -150.90060424804688 0 0 0
v 54.238166809082031 -3.6134920120239258 -155.49658203125 0 0 0
v 51.630344390869141 -4.8440518379211426 -150.96583557128906 0 0 0
v 34.142566680908203 33.647388458251953 -144.82624816894531 0 0 0
v 33.678943634033203 37.088169097900391 -148.07504272460938 0 0 0
v 28.771087646484375 41.091281890869141 -143.99263000488281 0 0 0
v 54.211093902587891 3.6795487403869629 -155.53861999511719 0 0 0
v 51.549648284912109 5.0997562408447266 -150.95370483398438 0 0 0
v 51.902759552001953 0.19612875580787659 -150.99162292480469 0 0 0
v 53.457855224609375 8.1030521392822266 -155.38203430175781 0 0 0
v 46.593669891357422 18.502031326293945 -150.49940490722656 0 0 0
v 50.99652099609375 15.314956665039062 -155.17666625976562 0 0 0
v 47.857158660888672 20.99211311340332 -154.81172180175781 0 0 0
v -48.351890563964844 12.75504207611084 -155.200927734375 0 0 0
v -44.724502563476562 20.714149475097656 -154.834716796875 0 0 0
v -47.0262451171875 15.979192733764648 -155.68798828125 0 0 0
v 42.110527038574219 28.502264022827148 -154.12767028808594 0 0 0
v 37.864665985107422 33.054714202880859 -152.30723571777344 0 0 0
v 33.678943634033203 37.088169097900391 -148.07504272460938 0 0 0
v 47.857158660888672 20.99211311340332 -154.81172180175781 0 0 0
v 45.290771484375 24.570491790771484 -155.19973754882812 0 0 0
v 42.110527038574219 28.502264022827148 -154.12767028808594 0 0 0
v 52.304893493652344 -0.43787026405334473 -170.75602722167969 0 0 0
v 54.329555511474609 0.17656901478767395 -155.48252868652344 0 0 0
v 0.54200196266174316 51.498115539550781 -132.50431823730469 0 0 0
v -0.41525852680206299 50.054645538330078 -143.80972290039062 0 0 0
v 49.850223541259766 -20.871246337890625 -155.81370544433594 0 0 0
v 51.461780548095703 -16.233388900756836 -156.94306945800781 0 0 0
v 53.101879119873047 -11.035871505737305 -155.38017272949219 0 0 0
v -32.685070037841797 36.031017303466797 -148.21142578125 0 0 0
v 51.461780548095703 -16.233388900756836 -156.94306945800781 0 0 0
v 48.907115936279297 -18.3604736328125 -170.58740234375 0 0 0
v 0.37102112174034119 -54.510177612304688 -164.68278503417969 0 0 0
v -0.79999792575836182 -52.086727142333984 -206.16107177734375 0 0 0
v -31.445884704589844 -43.81353759765625 -146.73809814453125 0 0 0
v 17.079488754272461 47.951087951660156 -135.18153381347656 0 0 0
v 40.634208679199219 -35.966842651367188 -153.3101806640625 0 0 0
v 44.357227325439453 -30.994157791137695 -155.19230651855469 0 0 0
v 47.518783569335938 -25.904323577880859 -154.7125244140625 0 0 0
v 54.329555511474609 0.17656901478767395 -155.48252868652344 0 0 0
v 51.876216888427734 0.19012382626533508 -150.97232055664062 0 0 0
v 42.110527038574219 28.502264022827148 -154.12767028808594 0 0 0
v -40.231136322021484 27.27861213684082 -154.2982177734375 0 0 0
v -32.685070037841797 36.031017303466797 -148.21142578125 0 0 0
v -35.795246124267578 32.637046813964844 -152.16291809082031 0 0 0
v -46.721908569335938 12.292903900146484 -169.14079284667969 0 0 0
v -32.685070037841797 36.031017303466797 -148.21142578125 0 0 0
v -24.841653823852539 42.812286376953125 -141.27642822265625 0 0 0
v -29.509452819824219 38.91632080078125 -146.55863952636719 0 0 0
v 30.818571090698242 -38.757266998291016 -204.20925903320312 0 0 0
v -4.9825477600097656 51.134376525878906 -132.79901123046875 0 0 0
v -14.608283996582031 -53.835311889648438 -134.29997253417969 0 0 0
v -10.563577651977539 -54.886524200439453 -134.28117370605469 0 0 0
v -8.2871503829956055 -54.888431549072266 -132.26571655273438 0 0 0
v -19.314296722412109 -52.027225494384766 -135.97358703613281 0 0 0
v -27.20121955871582 -47.366260528564453 -142.973876953125 0 0 0
v -23.261449813842773 -49.908241271972656 -140.02656555175781 0 0 0
v -36.798908233642578 -33.825592041015625 -148.53738403320312 0 0 0
v 27.607967376708984 -47.804191589355469 -143.78593444824219 0 0 0
v 32.616180419921875 -44.195766448974609 -147.15135192871094 0 0 0
v 24.247655868530273 -49.853748321533203 -140.22648620605469 0 0 0
v -0.41525852680206299 50.054645538330078 -143.80972290039062 0 0 0
v -48.351890563964844 12.75504207611084 -155.200927734375 0 0 0
v 46.659698486328125 -8.7967252731323242 -198.87295532226562 0 0 0
v -49.039482116699219 -4.0054817199707031 -166.29937744140625 0 0 0
v -47.605537414550781 -0.049428485333919525 -178.42781066894531 0 0 0
v -46.104393005371094 1.5942857265472412 -189.16314697265625 0 0 0
v 40.940532684326172 17.760168075561523 -201.29721069335938 0 0 0
v 50.877723693847656 6.5385336875915527 -175.98577880859375 0 0 0
v 0.54200196266174316 51.498115539550781 -132.50431823730469 0 0 0
v 4.0013427734375 48.752933502197266 -128.91334533691406 0 0 0
v -5.5506343841552734 -55.764999389648438 -133.48301696777344 0 0 0
v 0.4412197470664978 -56.03729248046875 -132.401123046875 0 0 0
v -47.269638061523438 7.6939949989318848 -150.89535522460938 0 0 0
v 40.634208679199219 -35.966842651367188 -153.3101806640625 0 0 0
v 35.891193389892578 -37.546653747558594 -146.55836486816406 0 0 0
v 50.969173431396484 -17.623136520385742 -154.66802978515625 0 0 0
v 22.679378509521484 45.096084594726562 -138.92024230957031 0 0 0
v 27.323524475097656 39.406814575195312 -139.08724975585938 0 0 0
v 0.54200196266174316 51.498115539550781 -132.50431823730469 0 0 0
v -50.540336608886719 2.0304756164550781 -155.51004028320312 0 0 0
v -19.314296722412109 -52.027225494384766 -135.97358703613281 0 0 0
v -14.608283996582031 -53.835311889648438 -134.29997253417969 0 0 0
v 23.356952667236328 34.187786102294922 -194.43499755859375 0 0 0
v 0.14129270613193512 48.238082885742188 -155.99272155761719 0 0 0
v -48.579326629638672 -14.833826065063477 -155.25323486328125 0 0 0
v -45.425754547119141 -23.901254653930664 -154.79627990722656 0 0 0
v -39.346405029296875 -29.850486755371094 -149.95314025878906 0 0 0
v 1.326572060585022 43.449718475341797 -181.22372436523438 0 0 0
v 26.842033386230469 34.07061767578125 -187.21929931640625 0 0 0
v 28.771087646484375 41.091281890869141 -143.99263000488281 0 0 0
v -27.128938674926758 -41.815814971923828 -199.79475402832031 0 0 0
v -44.724502563476562 20.714149475097656 -154.834716796875 0 0 0
v 42.559616088867188 -21.796443939208984 -200.57106018066406 0 0 0
v 4.2369222640991211 48.633899688720703 -152.114501953125 0 0 0
v -1.0051834583282471 48.963497161865234 -128.72796630859375 0 0 0
v -19.570100784301758 -48.900051116943359 -132.57768249511719 0 0 0
v 20.982706069946289 -48.52117919921875 -133.94084167480469 0 0 0
v 24.247655868530273 -49.853748321533203 -140.22648620605469 0 0 0
v 28.676841735839844 -43.938377380371094 -140.53634643554688 0 0 0
v 18.421709060668945 -52.621452331542969 -136.00814819335938 0 0 0
v -47.687419891357422 -6.7737884521484375 -150.94583129882812 0 0 0
v -50.540336608886719 2.0304756164550781 -155.51004028320312 0 0 0
v -50.086784362792969 -7.1374187469482422 -155.41093444824219 0 0 0
v 48.092075347900391 -18.930624008178711 -150.67890930175781 0 0 0
v 47.518783569335938 -25.904323577880859 -154.7125244140625 0 0 0
v 20.156919479370117 44.022167205810547 -133.24090576171875 0 0 0
v 50.057582855224609 11.028335571289062 -150.80628967285156 0 0 0
v 28.108062744140625 28.579486846923828 -204.93167114257812 0 0 0
v 52.304893493652344 -0.43787026405334473 -170.75602722167969 0 0 0
v 0.4412197470664978 -56.03729248046875 -132.401123046875 0 0 0
v 17.079488754272461 47.951087951660156 -135.18153381347656 0 0 0
v 16.732196807861328 -50.290332794189453 -131.429931640625 0 0 0
v -14.608283996582031 -53.835311889648438 -134.29997253417969 0 0 0
v 44.308696746826172 -26.344512939453125 -150.28337097167969 0 0 0
v 32.616180419921875 -44.195766448974609 -147.15135192871094 0 0 0
v 14.480489730834961 -53.940494537353516 -134.45158386230469 0 0 0
v 47.518783569335938 -25.904323577880859 -154.7125244140625 0 0 0
v 47.550136566162109 -0.86902856826782227 -198.48188781738281 0 0 0
v -19.065048217773438 43.852134704589844 -132.44471740722656 0 0 0
v 0.4412197470664978 -56.03729248046875 -132.401123046875 0 0 0
v 54.329555511474609 0.17656901478767395 -155.48252868652344 0 0 0
v -47.989280700683594 1.8000720739364624 -150.96360778808594 0 0 0
v -41.874004364013672 -20.578733444213867 -192.4019775390625 0.0980392157 0.0980392157 0.0980392157
v -46.488262176513672 -1.7844418287277222 -188.92240905761719 0.0980392157 0.0980392157 0.0980392157
v -19.678981781005859 -0.55664265155792236 -197.60005187988281 0.0980392157 0.0980392157 0.0980392157
v -7.180821418762207 -24.885646820068359 -200.89884948730469 0.0980392157 0.0980392157 0.0980392157
v -30.093971252441406 -39.860069274902344 -198.70697021484375 0.0980392157 0.0980392157 0.0980392157
v -2.7049117088317871 37.103355407714844 -206.13246154785156 0.0980392157 0.0980392157 0.0980392157
v 3.7225584983825684 1.2402548789978027 -201.53431701660156 0.0980392157 0.0980392157 0.0980392157
v 22.877628326416016 31.725378036499023 -206.09272766113281 0.0980392157 0.0980392157 0.0980392157
v 22.9522705078125 9.1228494644165039 -202.08474731445312 0.0980392157 0.0980392157 0.0980392157
v 18.749652862548828 -13.440803527832031 -201.69633483886719 0.0980392157 0.0980392157 0.0980392157
v 48.15484619140625 -7.0373620986938477 -198.29228210449219 0.0980392157 0.0980392157 0.0980392157
v -42.827999114990234 15.083687782287598 -191.77511596679688 0.0980392157 0.0980392157 0.0980392157
v -25.896337509155273 30.452709197998047 -200.35520935058594 0.0980392157 0.0980392157 0.0980392157
v 44.542804718017578 14.129488945007324 -200.014404296875 0.0980392157 0.0980392157 0.0980392157
v 33.646343231201172 -36.303730010986328 -203.592529296875 0.0980392157 0.0980392157 0.0980392157
v 14.17723560333252 -50.284576416015625 -206.68563842773438 0.0980392157 0.0980392157 0.0980392157
v -9.2919025421142578 -51.931507110595703 -205.28791809082031 0.0980392157 0.0980392157 0.0980392157
v 2.4137111455688185 -57.390992747744626 -53.712265848502177 0.333333333 0.117647059 0.129411765
v 2.0842145528080636 -57.037031540171029 -64.644307374950998 0.333333333 0.117647059 0.129411765
v 3.4321449672956996 -57.280239794482426 -55.395058347596041 0.333333333 0.117647059 0.129411765
v 2.649379854053727 -58.889188627458019 -53.895572082849327 0.333333333 0.117647059 0.129411765
v 3.4619127373944574 -58.778017320913072 -55.749428430801856 0.333333333 0.117647059 0.129411765
v 2.3121427367086085 -58.540302427528466 -64.430647872989582 0.333333333 0.117647059 0.129411765
v 3.4188717611363062 -57.033243167345205 -62.58842612308964 0.333333333 0.117647059 0.129411765
v 3.4223095748221333 -58.532759376236562 -62.803582730116098 0.333333333 0.117647059 0.129411765
v 0.98177037298424352 -57.461818073049315 -52.826334537887767 0.333333333 0.117647059 0.129411765
v 0.79515908726682483 -58.974758097070278 -52.808910780536323 0.333333333 0.117647059 0.129411765
v 0.84947194356166733 -58.550797779054676 -65.231107650586182 0.333333333 0.117647059 0.129411765
v 0.98177037298424352 -57.461818073049315 -52.826334537887767 0.333333333 0.117647059 0.129411765
v -0.90326271264137858 -57.475924271701722 -52.759734935849217 0.333333333 0.117647059 0.129411765
v -1.5010847280411497 -58.973211950567006 -52.983615745202968 0.333333333 0.117647059 0.129411765
v 0.79515908726682483 -58.974758097070278 -52.808910780536323 0.333333333 0.117647059 0.129411765
v -3.6457086619544139 -58.561386709464756 -62.184024647274626 0.333333333 0.117647059 0.129411765
v -3.631902572279853 -58.780704586206795 -55.839786154978562 0.333333333 0.117647059 0.129411765
v -3.2457634403681368 -58.538030002713597 -63.514499843561417 0.333333333 0.117647059 0.129411765
v -3.6474730671561764 -57.269994845727524 -55.836455008781179 0.333333333 0.117647059 0.129411765
v -3.6079036791821029 -57.035217750857839 -62.804778691155249 0.333333333 0.117647059 0.129411765
v -3.2453122201909466 -57.337454453139948 -54.520417343248106 0.333333333 0.117647059 0.129411765
v -3.1715893171685217 -58.852695829604642 -54.458717543317626 0.333333333 0.117647059 0.129411765
v -2.1440184496220525 -57.035417040280073 -64.724017599078508 0.333333333 0.117647059 0.129411765
v -2.2659299402945763 -57.417415337416912 -53.410220761017428 0.333333333 0.117647059 0.129411765
v -3.6079036791821029 -57.035217750857839 -62.804778691155249 0.333333333 0.117647059 0.129411765
v -1.9856925473062148 -58.545069867846529 -64.848510028808107 0.333333333 0.117647059 0.129411765
v -3.2457634403681368 -58.538030002713597 -63.514499843561417 0.333333333 0.117647059 0.129411765
v -1.5010847280411497 -58.973211950567006 -52.983615745202968 0.333333333 0.117647059 0.129411765
v -3.2453122201909466 -57.337454453139948 -54.520417343248106 0.333333333 0.117647059 0.129411765
v -2.2659299402945763 -57.417415337416912 -53.410220761017428 0.333333333 0.117647059 0.129411765
v -3.1715893171685217 -58.852695829604642 -54.458717543317626 0.333333333 0.117647059 0.129411765
v -1.5010847280411497 -58.973211950567006 -52.983615745202968 0.333333333 0.117647059 0.129411765
v -2.2659299402945763 -57.417415337416912 -53.410220761017428 0.333333333 0.117647059 0.129411765
v -0.90326271264137858 -57.475924271701722 -52.759734935849217 0.333333333 0.117647059 0.129411765
v -0.27023990041584511 -57.04516301796118 -65.311957808031508 0.333333333 0.117647059 0.129411765
v -0.27023990041584511 -57.04516301796118 -65.311957808031508 0.333333333 0.117647059 0.129411765
v -1.5010847280411497 -58.973211950567006 -52.983615745202968 0.333333333 0.117647059 0.129411765
v -0.62176916802565074 -58.556886715525131 -65.284661001023977 0.333333333 0.117647059 0.129411765
v 3.4321449672956996 -57.280239794482426 -55.395058347596041 0.333333333 0.117647059 0.129411765
v 3.4188717611363062 -57.033243167345205 -62.58842612308964 0.333333333 0.117647059 0.129411765
v 3.4619127373944574 -58.778017320913072 -55.749428430801856 0.333333333 0.117647059 0.129411765
v 2.0842145528080636 -57.037031540171029 -64.644307374950998 0.333333333 0.117647059 0.129411765
v 2.3121427367086085 -58.540302427528466 -64.430647872989582 0.333333333 0.117647059 0.129411765
v 3.4223095748221333 -58.532759376236562 -62.803582730116098 0.333333333 0.117647059 0.129411765
v 0.98177037298424352 -57.461818073049315 -52.826334537887767 0.333333333 0.117647059 0.129411765
v 2.4137111455688185 -57.390992747744626 -53.712265848502177 0.333333333 0.117647059 0.129411765
v 0.79515908726682483 -58.974758097070278 -52.808910780536323 0.333333333 0.117647059 0.129411765
v -0.90326271264137858 -57.475924271701722 -52.759734935849217 0.333333333 0.117647059 0.129411765
v 0.98177037298424352 -57.461818073049315 -52.826334537887767 0.333333333 0.117647059 0.129411765
v 0.79515908726682483 -58.974758097070278 -52.808910780536323 0.333333333 0.117647059 0.129411765
v -0.62176916802565074 -58.556886715525131 -65.284661001023977 0.333333333 0.117647059 0.129411765
v 0.84947194356166733 -58.550797779054676 -65.231107650586182 0.333333333 0.117647059 0.129411765
v -0.27023990041584511 -57.04516301796118 -65.311957808031508 0.333333333 0.117647059 0.129411765
v -3.6474730671561764 -57.269994845727524 -55.836455008781179 0.333333333 0.117647059 0.129411765
v -3.631902572279853 -58.780704586206795 -55.839786154978562 0.333333333 0.117647059 0.129411765
v -3.6457086619544139 -58.561386709464756 -62.184024647274626 0.333333333 0.117647059 0.129411765
v -3.2453122201909466 -57.337454453139948 -54.520417343248106 0.333333333 0.117647059 0.129411765
v -3.1715893171685217 -58.852695829604642 -54.458717543317626 0.333333333 0.117647059 0.129411765
v -3.631902572279853 -58.780704586206795 -55.839786154978562 0.333333333 0.117647059 0.129411765
v -2.2659299402945763 -57.417415337416912 -53.410220761017428 0.333333333 0.117647059 0.129411765
v -1.5010847280411497 -58.973211950567006 -52.983615745202968 0.333333333 0.117647059 0.129411765
v -3.1715893171685217 -58.852695829604642 -54.458717543317626 0.333333333 0.117647059 0.129411765
v -2.1440184496220525 -57.035417040280073 -64.724017599078508 0.333333333 0.117647059 0.129411765
v -3.6079036791821029 -57.035217750857839 -62.804778691155249 0.333333333 0.117647059 0.129411765
v -3.2457634403681368 -58.538030002713597 -63.514499843561417 0.333333333 0.117647059 0.129411765
v -0.62176916802565074 -58.556886715525131 -65.284661001023977 0.333333333 0.117647059 0.129411765
v -0.27023990041584511 -57.04516301796118 -65.311957808031508 0.333333333 0.117647059 0.129411765
v -2.1440184496220525 -57.035417040280073 -64.724017599078508 0.333333333 0.117647059 0.129411765
v 0.84947194356166733 -58.550797779054676 -65.231107650586182 0.333333333 0.117647059 0.129411765
v 2.0842145528080636 -57.037031540171029 -64.644307374950998 0.333333333 0.117647059 0.129411765
v -0.27023990041584511 -57.04516301796118 -65.311957808031508 0.333333333 0.117647059 0.129411765
v 2.3121427367086085 -58.540302427528466 -64.430647872989582 0.333333333 0.117647059 0.129411765
v 2.0842145528080636 -57.037031540171029 -64.644307374950998 0.333333333 0.117647059 0.129411765
v 0.84947194356166733 -58.550797779054676 -65.231107650586182 0.333333333 0.117647059 0.129411765
v 3.4321449672956996 -57.280239794482426 -55.395058347596041 0.333333333 0.117647059 0.129411765
v 3.4619127373944574 -58.778017320913072 -55.749428430801856 0.333333333 0.117647059 0.129411765
v 2.649379854053727 -58.889188627458019 -53.895572082849327 0.333333333 0.117647059 0.129411765
v 2.649379854053727 -58.889188627458019 -53.895572082849327 0.333333333 0.117647059 0.129411765
v 2.4137111455688185 -57.390992747744626 -53.712265848502177 0.333333333 0.117647059 0.129411765
v 3.4321449672956996 -57.280239794482426 -55.395058347596041 0.333333333 0.117647059 0.129411765
v 3.4223095748221333 -58.532759376236562 -62.803582730116098 0.333333333 0.117647059 0.129411765
v -0.62176916802565074 -58.556886715525131 -65.284661001023977 0.333333333 0.117647059 0.129411765
v 3.4188717611363062 -57.033243167345205 -62.58842612308964 0.333333333 0.117647059 0.129411765
v 2.649379854053727 -58.889188627458019 -53.895572082849327 0.333333333 0.117647059 0.129411765
v -1.5010847280411497 -58.973211950567006 -52.983615745202968 0.333333333 0.117647059 0.129411765
v -3.6079036791821029 -57.035217750857839 -62.804778691155249 0.333333333 0.117647059 0.129411765
v -3.6457086619544139 -58.561386709464756 -62.184024647274626 0.333333333 0.117647059 0.129411765
v -3.2457634403681368 -58.538030002713597 -63.514499843561417 0.333333333 0.117647059 0.129411765
v -3.6079036791821029 -57.035217750857839 -62.804778691155249 0.333333333 0.117647059 0.129411765
v -3.6474730671561764 -57.269994845727524 -55.836455008781179 0.333333333 0.117647059 0.129411765
v -0.90326271264137858 -57.475924271701722 -52.759734935849217 0.333333333 0.117647059 0.129411765
v -1.5010847280411497 -58.973211950567006 -52.983615745202968 0.333333333 0.117647059 0.129411765
v -2.2659299402945763 -57.417415337416912 -53.410220761017428 0.333333333 0.117647059 0.129411765
v -3.2453122201909466 -57.337454453139948 -54.520417343248106 0.333333333 0.117647059 0.129411765
v -1.9856925473062148 -58.545069867846529 -64.848510028808107 0.333333333 0.117647059 0.129411765
v -1.9856925473062148 -58.545069867846529 -64.848510028808107 0.333333333 0.117647059 0.129411765
v -0.28396321842387806 -55.953190595692547 -95.04200545258783 0.333333333 0.117647059 0.129411765
v 1.4331532789989296 -55.948217724434848 -94.683713952556417 0.333333333 0.117647059 0.129411765
v -0.58550392594918321 -56.432859923460143 -82.365710464864875 0.333333333 0.117647059 0.129411765
v -0.17508277999540844 -57.461256366070828 -95.120241363903929 0.333333333 0.117647059 0.129411765
v -0.20760562234247715 -57.945059050126154 -82.377442164742561 0.333333333 0.117647059 0.129411765
v 1.4214808822806617 -57.458363894904153 -94.726533460047662 0.333333333 0.117647059 0.129411765
v -0.28396321842387806 -55.953190595692547 -95.04200545258783 0.333333333 0.117647059 0.129411765
v -0.58550392594918321 -56.432859923460143 -82.365710464864875 0.333333333 0.117647059 0.129411765
v -2.2174481630571563 -55.942114273209356 -94.420505900991571 0.333333333 0.117647059 0.129411765
v -0.17508277999540844 -57.461256366070828 -95.120241363903929 0.333333333 0.117647059 0.129411765
v -2.0454006884705223 -57.451586675001423 -94.560723141124384 0.333333333 0.117647059 0.129411765
v -0.20760562234247715 -57.945059050126154 -82.377442164742561 0.333333333 0.117647059 0.129411765
v 2.8715788895381493 -55.937489762095545 -93.490224692256604 0.333333333 0.117647059 0.129411765
v 3.4193337867973326 -56.217090718392257 -85.156395136405976 0.333333333 0.117647059 0.129411765
v 2.5539666401023879 -56.327068235534099 -83.531454270279454 0.333333333 0.117647059 0.129411765
v 2.774724391635587 -57.445307457901734 -93.687031624432379 0.333333333 0.117647059 0.129411765
v 2.4670143841108114 -57.845144567052671 -83.484313515144422 0.333333333 0.117647059 0.129411765
v 3.4376445001338549 -57.729574794372539 -85.087737643998423 0.333333333 0.117647059 0.129411765
v 3.4177555787741385 -55.960554370603163 -91.898158502322076 0.333333333 0.117647059 0.129411765
v 3.4344542392766177 -57.468290874808744 -91.982225573979207 0.333333333 0.117647059 0.129411765
v 2.8715788895381493 -55.937489762095545 -93.490224692256604 0.333333333 0.117647059 0.129411765
v 1.2408385864236777 -56.409204758601028 -82.585389194956718 0.333333333 0.117647059 0.129411765
v 2.774724391635587 -57.445307457901734 -93.687031624432379 0.333333333 0.117647059 0.129411765
v 1.4176934554895411 -57.910625219656303 -82.750433607094735 0.333333333 0.117647059 0.129411765
v -3.6357792068900849 -55.95009962193852 -92.470682145824497 0.333333333 0.117647059 0.129411765
v -2.5462640756257287 -56.348480434510144 -83.212711479366916 0.333333333 0.117647059 0.129411765
v -3.6592166152780079 -57.474151310856811 -92.075894565988193 0.333333333 0.117647059 0.129411765
v -2.323483912146429 -57.873442522717284 -83.068131181893193 0.333333333 0.117647059 0.129411765
v -3.6433020165637497 -56.224808463175712 -85.127220975050349 0.333333333 0.117647059 0.129411765
v -2.5462640756257287 -56.348480434510144 -83.212711479366916 0.333333333 0.117647059 0.129411765
v -3.6378408938961595 -57.735253112271288 -85.068398362092665 0.333333333 0.117647059 0.129411765
v -2.323483912146429 -57.873442522717284 -83.068131181893193 0.333333333 0.117647059 0.129411765
v -3.2276461582177092 -57.448029989111518 -93.243651441079749 0.333333333 0.117647059 0.129411765
v 2.5539666401023879 -56.327068235534099 -83.531454270279454 0.333333333 0.117647059 0.129411765
v 2.4670143841108114 -57.845144567052671 -83.484313515144422 0.333333333 0.117647059 0.129411765
v 1.4331532789989296 -55.948217724434848 -94.683713952556417 0.333333333 0.117647059 0.129411765
v -0.28396321842387806 -55.953190595692547 -95.04200545258783 0.333333333 0.117647059 0.129411765
v -0.17508277999540844 -57.461256366070828 -95.120241363903929 0.333333333 0.117647059 0.129411765
v 3.4193337867973326 -56.217090718392257 -85.156395136405976 0.333333333 0.117647059 0.129411765
v 3.4177555787741385 -55.960554370603163 -91.898158502322076 0.333333333 0.117647059 0.129411765
v 3.4344542392766177 -57.468290874808744 -91.982225573979207 0.333333333 0.117647059 0.129411765
v 3.4376445001338549 -57.729574794372539 -85.087737643998423 0.333333333 0.117647059 0.129411765
v 2.4670143841108114 -57.845144567052671 -83.484313515144422 0.333333333 0.117647059 0.129411765
v 2.5539666401023879 -56.327068235534099 -83.531454270279454 0.333333333 0.117647059 0.129411765
v 1.4176934554895411 -57.910625219656303 -82.750433607094735 0.333333333 0.117647059 0.129411765
v -0.20760562234247715 -57.945059050126154 -82.377442164742561 0.333333333 0.117647059 0.129411765
v 1.2408385864236777 -56.409204758601028 -82.585389194956718 0.333333333 0.117647059 0.129411765
v 1.2408385864236777 -56.409204758601028 -82.585389194956718 0.333333333 0.117647059 0.129411765
v 2.5539666401023879 -56.327068235534099 -83.531454270279454 0.333333333 0.117647059 0.129411765
v 2.4670143841108114 -57.845144567052671 -83.484313515144422 0.333333333 0.117647059 0.129411765
v 2.8715788895381493 -55.937489762095545 -93.490224692256604 0.333333333 0.117647059 0.129411765
v 2.774724391635587 -57.445307457901734 -93.687031624432379 0.333333333 0.117647059 0.129411765
v 3.4344542392766177 -57.468290874808744 -91.982225573979207 0.333333333 0.117647059 0.129411765
v 1.4331532789989296 -55.948217724434848 -94.683713952556417 0.333333333 0.117647059 0.129411765
v 1.4214808822806617 -57.458363894904153 -94.726533460047662 0.333333333 0.117647059 0.129411765
v 2.774724391635587 -57.445307457901734 -93.687031624432379 0.333333333 0.117647059 0.129411765
v -0.20760562234247715 -57.945059050126154 -82.377442164742561 0.333333333 0.117647059 0.129411765
v -0.58550392594918321 -56.432859923460143 -82.365710464864875 0.333333333 0.117647059 0.129411765
v 1.2408385864236777 -56.409204758601028 -82.585389194956718 0.333333333 0.117647059 0.129411765
v -3.6378408938961595 -57.735253112271288 -85.068398362092665 0.333333333 0.117647059 0.129411765
v -3.6592166152780079 -57.474151310856811 -92.075894565988193 0.333333333 0.117647059 0.129411765
v -3.6433020165637497 -56.224808463175712 -85.127220975050349 0.333333333 0.117647059 0.129411765
v -3.6378408938961595 -57.735253112271288 -85.068398362092665 0.333333333 0.117647059 0.129411765
v -3.6433020165637497 -56.224808463175712 -85.127220975050349 0.333333333 0.117647059 0.129411765
v -2.5462640756257287 -56.348480434510144 -83.212711479366916 0.333333333 0.117647059 0.129411765
v -2.2174481630571563 -55.942114273209356 -94.420505900991571 0.333333333 0.117647059 0.129411765
v -3.6357792068900849 -55.95009962193852 -92.470682145824497 0.333333333 0.117647059 0.129411765
v -3.2276461582177092 -57.448029989111518 -93.243651441079749 0.333333333 0.117647059 0.129411765
v -0.58550392594918321 -56.432859923460143 -82.365710464864875 0.333333333 0.117647059 0.129411765
v -0.20760562234247715 -57.945059050126154 -82.377442164742561 0.333333333 0.117647059 0.129411765
v -2.323483912146429 -57.873442522717284 -83.068131181893193 0.333333333 0.117647059 0.129411765
v -2.0454006884705223 -57.451586675001423 -94.560723141124384 0.333333333 0.117647059 0.129411765
v -0.17508277999540844 -57.461256366070828 -95.120241363903929 0.333333333 0.117647059 0.129411765
v -0.28396321842387806 -55.953190595692547 -95.04200545258783 0.333333333 0.117647059 0.129411765
v -2.5462640756257287 -56.348480434510144 -83.212711479366916 0.333333333 0.117647059 0.129411765
v -2.323483912146429 -57.873442522717284 -83.068131181893193 0.333333333 0.117647059 0.129411765
v 1.4214808822806617 -57.458363894904153 -94.726533460047662 0.333333333 0.117647059 0.129411765
v 3.4376445001338549 -57.729574794372539 -85.087737643998423 0.333333333 0.117647059 0.129411765
v 3.4193337867973326 -56.217090718392257 -85.156395136405976 0.333333333 0.117647059 0.129411765
v 1.4176934554895411 -57.910625219656303 -82.750433607094735 0.333333333 0.117647059 0.129411765
v 3.4177555787741385 -55.960554370603163 -91.898158502322076 0.333333333 0.117647059 0.129411765
v 2.8715788895381493 -55.937489762095545 -93.490224692256604 0.333333333 0.117647059 0.129411765
v -3.6357792068900849 -55.95009962193852 -92.470682145824497 0.333333333 0.117647059 0.129411765
v -3.6357792068900849 -55.95009962193852 -92.470682145824497 0.333333333 0.117647059 0.129411765
v -3.6592166152780079 -57.474151310856811 -92.075894565988193 0.333333333 0.117647059 0.129411765
v -3.2276461582177092 -57.448029989111518 -93.243651441079749 0.333333333 0.117647059 0.129411765
v -2.323483912146429 -57.873442522717284 -83.068131181893193 0.333333333 0.117647059 0.129411765
v -2.0454006884705223 -57.451586675001423 -94.560723141124384 0.333333333 0.117647059 0.129411765
v -2.5462640756257287 -56.348480434510144 -83.212711479366916 0.333333333 0.117647059 0.129411765
v -2.2174481630571563 -55.942114273209356 -94.420505900991571 0.333333333 0.117647059 0.129411765
v 1.4554388914768595 -55.238644565760666 -112.53646229508931 0.333333333 0.117647059 0.129411765
v -0.11470707741467834 -55.274268967468032 -112.12317010167907 0.333333333 0.117647059 0.129411765
v 2.5355796009620803 -55.160193448770421 -113.34358677323107 0.333333333 0.117647059 0.129411765
v 2.5355796009620803 -55.160193448770421 -113.34358677323107 0.333333333 0.117647059 0.129411765
v 1.3594790989800458 -54.742191181379823 -124.50351853563372 0.333333333 0.117647059 0.129411765
v 3.4086224695464917 -55.039730550671244 -114.98214273288099 0.333333333 0.117647059 0.129411765
v 2.458050104825503 -56.67620713267916 -113.30798403827407 0.333333333 0.117647059 0.129411765
v 3.4145713263386206 -56.554249124515707 -114.88972149069453 0.333333333 0.117647059 0.129411765
v 2.2199728246599477 -56.244225716288241 -124.06171373543354 0.333333333 0.117647059 0.129411765
v 3.3761063662712161 -54.738841898360505 -122.16603666435665 0.333333333 0.117647059 0.129411765
v 3.4066215840223393 -56.237421087561884 -122.33635641235891 0.333333333 0.117647059 0.129411765
v 2.3583888013484824 -54.72590236584638 -123.83794588308353 0.333333333 0.117647059 0.129411765
v 3.3761063662712161 -54.738841898360505 -122.16603666435665 0.333333333 0.117647059 0.129411765
v -0.27995377688648659 -54.740405352789246 -124.8843629317842 0.333333333 0.117647059 0.129411765
v -0.1183668224665233 -56.779809200272183 -112.21300959944368 0.333333333 0.117647059 0.129411765
v 0.18895732168641644 -56.254029874975011 -124.9330208633874 0.333333333 0.117647059 0.129411765
v -3.2946012593808831 -55.106655252342669 -114.05698935111566 0.333333333 0.117647059 0.129411765
v -3.6777742277729075 -55.025823913592262 -115.31526216191155 0.333333333 0.117647059 0.129411765
v -3.6661036980626367 -54.749100328944273 -122.06717300137322 0.333333333 0.117647059 0.129411765
v -3.2278096714206157 -56.62318640544045 -113.99579386079802 0.333333333 0.117647059 0.129411765
v -3.674567787553559 -56.265316389725506 -121.72145379944138 0.333333333 0.117647059 0.129411765
v -3.6620933367109245 -56.536753280713718 -115.31716707035646 0.333333333 0.117647059 0.129411765
v -3.1218539956611124 -56.233366337135728 -123.34773687554204 0.333333333 0.117647059 0.129411765
v -2.0747776804439013 -55.221507115945109 -112.67958695506023 0.333333333 0.117647059 0.129411765
v -3.6661036980626367 -54.749100328944273 -122.06717300137322 0.333333333 0.117647059 0.129411765
v -2.8980835377596037 -54.724480604129617 -123.53700754562664 0.333333333 0.117647059 0.129411765
v -1.8807725787937386 -56.741263817127454 -112.63497561386619 0.333333333 0.117647059 0.129411765
v -3.1218539956611124 -56.233366337135728 -123.34773687554204 0.333333333 0.117647059 0.129411765
v -2.8980835377596037 -54.724480604129617 -123.53700754562664 0.333333333 0.117647059 0.129411765
v -1.9372020794939147 -54.735555729350111 -124.38059546433705 0.333333333 0.117647059 0.129411765
v -1.7971319031655071 -56.246094527324722 -124.4953583067265 0.333333333 0.117647059 0.129411765
v -3.1218539956611124 -56.233366337135728 -123.34773687554204 0.333333333 0.117647059 0.129411765
v -1.9372020794939147 -54.735555729350111 -124.38059546433705 0.333333333 0.117647059 0.129411765
v -0.11470707741467834 -55.274268967468032 -112.12317010167907 0.333333333 0.117647059 0.129411765
v -0.1183668224665233 -56.779809200272183 -112.21300959944368 0.333333333 0.117647059 0.129411765
v -1.7971319031655071 -56.246094527324722 -124.4953583067265 0.333333333 0.117647059 0.129411765
v -0.27995377688648659 -54.740405352789246 -124.8843629317842 0.333333333 0.117647059 0.129411765
v 0.18895732168641644 -56.254029874975011 -124.9330208633874 0.333333333 0.117647059 0.129411765
v 1.448078536293707 -56.747231746338606 -112.59027238033127 0.333333333 0.117647059 0.129411765
v -0.1183668224665233 -56.779809200272183 -112.21300959944368 0.333333333 0.117647059 0.129411765
v -0.11470707741467834 -55.274268967468032 -112.12317010167907 0.333333333 0.117647059 0.129411765
v 1.4554388914768595 -55.238644565760666 -112.53646229508931 0.333333333 0.117647059 0.129411765
v 2.5355796009620803 -55.160193448770421 -113.34358677323107 0.333333333 0.117647059 0.129411765
v 2.458050104825503 -56.67620713267916 -113.30798403827407 0.333333333 0.117647059 0.129411765
v 3.4086224695464917 -55.039730550671244 -114.98214273288099 0.333333333 0.117647059 0.129411765
v 3.3761063662712161 -54.738841898360505 -122.16603666435665 0.333333333 0.117647059 0.129411765
v 3.4066215840223393 -56.237421087561884 -122.33635641235891 0.333333333 0.117647059 0.129411765
v 2.5355796009620803 -55.160193448770421 -113.34358677323107 0.333333333 0.117647059 0.129411765
v 3.4086224695464917 -55.039730550671244 -114.98214273288099 0.333333333 0.117647059 0.129411765
v 3.4145713263386206 -56.554249124515707 -114.88972149069453 0.333333333 0.117647059 0.129411765
v 3.4066215840223393 -56.237421087561884 -122.33635641235891 0.333333333 0.117647059 0.129411765
v 3.3761063662712161 -54.738841898360505 -122.16603666435665 0.333333333 0.117647059 0.129411765
v 2.3583888013484824 -54.72590236584638 -123.83794588308353 0.333333333 0.117647059 0.129411765
v 2.2199728246599477 -56.244225716288241 -124.06171373543354 0.333333333 0.117647059 0.129411765
v 2.3583888013484824 -54.72590236584638 -123.83794588308353 0.333333333 0.117647059 0.129411765
v 1.3594790989800458 -54.742191181379823 -124.50351853563372 0.333333333 0.117647059 0.129411765
v 0.18895732168641644 -56.254029874975011 -124.9330208633874 0.333333333 0.117647059 0.129411765
v 1.3594790989800458 -54.742191181379823 -124.50351853563372 0.333333333 0.117647059 0.129411765
v -0.27995377688648659 -54.740405352789246 -124.8843629317842 0.333333333 0.117647059 0.129411765
v -2.0747776804439013 -55.221507115945109 -112.67958695506023 0.333333333 0.117647059 0.129411765
v -1.8807725787937386 -56.741263817127454 -112.63497561386619 0.333333333 0.117647059 0.129411765
v -3.2278096714206157 -56.62318640544045 -113.99579386079802 0.333333333 0.117647059 0.129411765
v -3.6777742277729075 -55.025823913592262 -115.31526216191155 0.333333333 0.117647059 0.129411765
v -3.6620933367109245 -56.536753280713718 -115.31716707035646 0.333333333 0.117647059 0.129411765
v -3.674567787553559 -56.265316389725506 -121.72145379944138 0.333333333 0.117647059 0.129411765
v -2.8980835377596037 -54.724480604129617 -123.53700754562664 0.333333333 0.117647059 0.129411765
v -3.6661036980626367 -54.749100328944273 -122.06717300137322 0.333333333 0.117647059 0.129411765
v -3.1218539956611124 -56.233366337135728 -123.34773687554204 0.333333333 0.117647059 0.129411765
v -3.2946012593808831 -55.106655252342669 -114.05698935111566 0.333333333 0.117647059 0.129411765
v -3.2278096714206157 -56.62318640544045 -113.99579386079802 0.333333333 0.117647059 0.129411765
v -3.6620933367109245 -56.536753280713718 -115.31716707035646 0.333333333 0.117647059 0.129411765
v -0.11470707741467834 -55.274268967468032 -112.12317010167907 0.333333333 0.117647059 0.129411765
v -0.1183668224665233 -56.779809200272183 -112.21300959944368 0.333333333 0.117647059 0.129411765
v -1.8807725787937386 -56.741263817127454 -112.63497561386619 0.333333333 0.117647059 0.129411765
v -1.9372020794939147 -54.735555729350111 -124.38059546433705 0.333333333 0.117647059 0.129411765
v -2.8980835377596037 -54.724480604129617 -123.53700754562664 0.333333333 0.117647059 0.129411765
v -1.7971319031655071 -56.246094527324722 -124.4953583067265 0.333333333 0.117647059 0.129411765
v -0.27995377688648659 -54.740405352789246 -124.8843629317842 0.333333333 0.117647059 0.129411765
v -1.9372020794939147 -54.735555729350111 -124.38059546433705 0.333333333 0.117647059 0.129411765
v -1.7971319031655071 -56.246094527324722 -124.4953583067265 0.333333333 0.117647059 0.129411765
v 1.448078536293707 -56.747231746338606 -112.59027238033127 0.333333333 0.117647059 0.129411765
v 2.458050104825503 -56.67620713267916 -113.30798403827407 0.333333333 0.117647059 0.129411765
v 2.2199728246599477 -56.244225716288241 -124.06171373543354 0.333333333 0.117647059 0.129411765
v 1.3594790989800458 -54.742191181379823 -124.50351853563372 0.333333333 0.117647059 0.129411765
v 0.18895732168641644 -56.254029874975011 -124.9330208633874 0.333333333 0.117647059 0.129411765
v -3.6661036980626367 -54.749100328944273 -122.06717300137322 0.333333333 0.117647059 0.129411765
v -3.6661036980626367 -54.749100328944273 -122.06717300137322 0.333333333 0.117647059 0.129411765
v -3.674567787553559 -56.265316389725506 -121.72145379944138 0.333333333 0.117647059 0.129411765
v -3.1218539956611124 -56.233366337135728 -123.34773687554204 0.333333333 0.117647059 0.129411765
v 1.4554388914768595 -55.238644565760666 -112.53646229508931 0.333333333 0.117647059 0.129411765
v 1.448078536293707 -56.747231746338606 -112.59027238033127 0.333333333 0.117647059 0.129411765
v 3.4145713263386206 -56.554249124515707 -114.88972149069453 0.333333333 0.117647059 0.129411765
v 2.458050104825503 -56.67620713267916 -113.30798403827407 0.333333333 0.117647059 0.129411765
v 2.2199728246599477 -56.244225716288241 -124.06171373543354 0.333333333 0.117647059 0.129411765
v -3.2946012593808831 -55.106655252342669 -114.05698935111566 0.333333333 0.117647059 0.129411765
v -3.6777742277729075 -55.025823913592262 -115.31526216191155 0.333333333 0.117647059 0.129411765
v -2.0747776804439013 -55.221507115945109 -112.67958695506023 0.333333333 0.117647059 0.129411765
v -3.1218539956611124 -56.233366337135728 -123.34773687554204 0.333333333 0.117647059 0.129411765
v 0.18895732168641644 -56.254029874975011 -124.9330208633874 0.333333333 0.117647059 0.129411765
v -0.5815649942223331 55.527571483308186 -48.070090608711986 0.333333333 0.117647059 0.129411765
v 1.7690518499187675 55.478988598070572 -48.349487437143502 0.333333333 0.117647059 0.129411765
v 0.067606794232801803 55.0940751024742 -60.817849699902887 0.333333333 0.117647059 0.129411765
v -0.52669935032014337 57.051958923966296 -48.19020513176882 0.333333333 0.117647059 0.129411765
v 0.28449166979021356 56.634045047037155 -60.885843299338688 0.333333333 0.117647059 0.129411765
v 1.5872738235645159 57.02677265003485 -48.331139159668261 0.333333333 0.117647059 0.129411765
v -1.4295431579172231 56.629772410657267 -60.437382379352059 0.333333333 0.117647059 0.129411765
v 0.28449166979021356 56.634045047037155 -60.885843299338688 0.333333333 0.117647059 0.129411765
v -0.52669935032014337 57.051958923966296 -48.19020513176882 0.333333333 0.117647059 0.129411765
v 3.8481236941495971 55.269326553205225 -50.98631349469548 0.333333333 0.117647059 0.129411765
v 3.8547039343032847 55.037087295703856 -57.714194329506363 0.333333333 0.117647059 0.129411765
v 3.118296704840148 55.375026341882872 -49.438450217049628 0.333333333 0.117647059 0.129411765
v 3.876490579063236 56.79928982964072 -51.356821879827727 0.333333333 0.117647059 0.129411765
v 3.2728208743518294 56.906467415718105 -49.553178576116323 0.333333333 0.117647059 0.129411765
v 3.8812810012761632 56.573206080258188 -57.878260123141921 0.333333333 0.117647059 0.129411765
v 3.2272150790644218 55.027622086071581 -59.404709220103193 0.333333333 0.117647059 0.129411765
v 2.1037973327018307 56.596859225744204 -60.420559149703422 0.333333333 0.117647059 0.129411765
v 3.3440849866803219 56.563706189354612 -59.220243841978792 0.333333333 0.117647059 0.129411765
v 3.2272150790644218 55.027622086071581 -59.404709220103193 0.333333333 0.117647059 0.129411765
v 2.1037973327018307 56.596859225744204 -60.420559149703422 0.333333333 0.117647059 0.129411765
v 1.6119807698029547 55.066150538968209 -60.581586706502392 0.333333333 0.117647059 0.129411765
v 3.2272150790644218 55.027622086071581 -59.404709220103193 0.333333333 0.117647059 0.129411765
v 1.6119807698029547 55.066150538968209 -60.581586706502392 0.333333333 0.117647059 0.129411765
v 2.1037973327018307 56.596859225744204 -60.420559149703422 0.333333333 0.117647059 0.129411765
v -3.2088470785091934 55.088953438020539 -58.287049199642212 0.333333333 0.117647059 0.129411765
v -2.4030163918724199 55.418841988936869 -49.296756227128775 0.333333333 0.117647059 0.129411765
v -0.5815649942223331 55.527571483308186 -48.070090608711986 0.333333333 0.117647059 0.129411765
v -3.2044425494666822 56.643293626611559 -57.895557405113898 0.333333333 0.117647059 0.129411765
v -2.2988184710214767 56.965061618586539 -49.26537615667965 0.333333333 0.117647059 0.129411765
v -1.6317202876859085 55.069440879924592 -60.292330616822312 0.333333333 0.117647059 0.129411765
v -2.6931216222539618 56.615360089727773 -59.192156352896852 0.333333333 0.117647059 0.129411765
v 0.067606794232801803 55.0940751024742 -60.817849699902887 0.333333333 0.117647059 0.129411765
v -1.6317202876859085 55.069440879924592 -60.292330616822312 0.333333333 0.117647059 0.129411765
v -2.4030163918724199 55.418841988936869 -49.296756227128775 0.333333333 0.117647059 0.129411765
v -3.2198026366180748 55.322365040545236 -50.870527807202443 0.333333333 0.117647059 0.129411765
v -2.2988184710214767 56.965061618586539 -49.26537615667965 0.333333333 0.117647059 0.129411765
v -3.2062410998169142 56.860620798424378 -50.859278406970517 0.333333333 0.117647059 0.129411765
v -0.52669935032014337 57.051958923966296 -48.19020513176882 0.333333333 0.117647059 0.129411765
v 3.8812810012761632 56.573206080258188 -57.878260123141921 0.333333333 0.117647059 0.129411765
v 3.3440849866803219 56.563706189354612 -59.220243841978792 0.333333333 0.117647059 0.129411765
v 3.8547039343032847 55.037087295703856 -57.714194329506363 0.333333333 0.117647059 0.129411765
v 3.8481236941495971 55.269326553205225 -50.98631349469548 0.333333333 0.117647059 0.129411765
v 3.876490579063236 56.79928982964072 -51.356821879827727 0.333333333 0.117647059 0.129411765
v 3.8547039343032847 55.037087295703856 -57.714194329506363 0.333333333 0.117647059 0.129411765
v 3.3440849866803219 56.563706189354612 -59.220243841978792 0.333333333 0.117647059 0.129411765
v 2.1037973327018307 56.596859225744204 -60.420559149703422 0.333333333 0.117647059 0.129411765
v 3.2272150790644218 55.027622086071581 -59.404709220103193 0.333333333 0.117647059 0.129411765
v 2.1037973327018307 56.596859225744204 -60.420559149703422 0.333333333 0.117647059 0.129411765
v 0.28449166979021356 56.634045047037155 -60.885843299338688 0.333333333 0.117647059 0.129411765
v 1.6119807698029547 55.066150538968209 -60.581586706502392 0.333333333 0.117647059 0.129411765
v 1.7690518499187675 55.478988598070572 -48.349487437143502 0.333333333 0.117647059 0.129411765
v 1.5872738235645159 57.02677265003485 -48.331139159668261 0.333333333 0.117647059 0.129411765
v 3.2728208743518294 56.906467415718105 -49.553178576116323 0.333333333 0.117647059 0.129411765
v -0.5815649942223331 55.527571483308186 -48.070090608711986 0.333333333 0.117647059 0.129411765
v -0.52669935032014337 57.051958923966296 -48.19020513176882 0.333333333 0.117647059 0.129411765
v 1.5872738235645159 57.02677265003485 -48.331139159668261 0.333333333 0.117647059 0.129411765
v -2.4030163918724199 55.418841988936869 -49.296756227128775 0.333333333 0.117647059 0.129411765
v -3.2198026366180748 55.322365040545236 -50.870527807202443 0.333333333 0.117647059 0.129411765
v -3.2062410998169142 56.860620798424378 -50.859278406970517 0.333333333 0.117647059 0.129411765
v -0.5815649942223331 55.527571483308186 -48.070090608711986 0.333333333 0.117647059 0.129411765
v -2.4030163918724199 55.418841988936869 -49.296756227128775 0.333333333 0.117647059 0.129411765
v -2.2988184710214767 56.965061618586539 -49.26537615667965 0.333333333 0.117647059 0.129411765
v -1.6317202876859085 55.069440879924592 -60.292330616822312 0.333333333 0.117647059 0.129411765
v -1.4295431579172231 56.629772410657267 -60.437382379352059 0.333333333 0.117647059 0.129411765
v -2.6931216222539618 56.615360089727773 -59.192156352896852 0.333333333 0.117647059 0.129411765
v -3.2062410998169142 56.860620798424378 -50.859278406970517 0.333333333 0.117647059 0.129411765
v -3.2198026366180748 55.322365040545236 -50.870527807202443 0.333333333 0.117647059 0.129411765
v -3.2088470785091934 55.088953438020539 -58.287049199642212 0.333333333 0.117647059 0.129411765
v -3.2088470785091934 55.088953438020539 -58.287049199642212 0.333333333 0.117647059 0.129411765
v -2.6931216222539618 56.615360089727773 -59.192156352896852 0.333333333 0.117647059 0.129411765
v -3.2044425494666822 56.643293626611559 -57.895557405113898 0.333333333 0.117647059 0.129411765
v 0.067606794232801803 55.0940751024742 -60.817849699902887 0.333333333 0.117647059 0.129411765
v 0.28449166979021356 56.634045047037155 -60.885843299338688 0.333333333 0.117647059 0.129411765
v -1.4295431579172231 56.629772410657267 -60.437382379352059 0.333333333 0.117647059 0.129411765
v 3.876490579063236 56.79928982964072 -51.356821879827727 0.333333333 0.117647059 0.129411765
v 3.8481236941495971 55.269326553205225 -50.98631349469548 0.333333333 0.117647059 0.129411765
v 3.2728208743518294 56.906467415718105 -49.553178576116323 0.333333333 0.117647059 0.129411765
v 0.28449166979021356 56.634045047037155 -60.885843299338688 0.333333333 0.117647059 0.129411765
v 0.067606794232801803 55.0940751024742 -60.817849699902887 0.333333333 0.117647059 0.129411765
v 1.6119807698029547 55.066150538968209 -60.581586706502392 0.333333333 0.117647059 0.129411765
v 3.118296704840148 55.375026341882872 -49.438450217049628 0.333333333 0.117647059 0.129411765
v 3.2728208743518294 56.906467415718105 -49.553178576116323 0.333333333 0.117647059 0.129411765
v 3.8481236941495971 55.269326553205225 -50.98631349469548 0.333333333 0.117647059 0.129411765
v 3.8812810012761632 56.573206080258188 -57.878260123141921 0.333333333 0.117647059 0.129411765
v 2.1037973327018307 56.596859225744204 -60.420559149703422 0.333333333 0.117647059 0.129411765
v 1.6119807698029547 55.066150538968209 -60.581586706502392 0.333333333 0.117647059 0.129411765
v 3.2272150790644218 55.027622086071581 -59.404709220103193 0.333333333 0.117647059 0.129411765
v 3.2272150790644218 55.027622086071581 -59.404709220103193 0.333333333 0.117647059 0.129411765
v 3.118296704840148 55.375026341882872 -49.438450217049628 0.333333333 0.117647059 0.129411765
v 1.7690518499187675 55.478988598070572 -48.349487437143502 0.333333333 0.117647059 0.129411765
v -2.2988184710214767 56.965061618586539 -49.26537615667965 0.333333333 0.117647059 0.129411765
v -0.52669935032014337 57.051958923966296 -48.19020513176882 0.333333333 0.117647059 0.129411765
v -3.2088470785091934 55.088953438020539 -58.287049199642212 0.333333333 0.117647059 0.129411765
v -3.2044425494666822 56.643293626611559 -57.895557405113898 0.333333333 0.117647059 0.129411765
v -1.6317202876859085 55.069440879924592 -60.292330616822312 0.333333333 0.117647059 0.129411765
v 1.1262425570821506 51.111116666226444 -120.61295586204169 0.333333333 0.117647059 0.129411765
v -0.49846415409808742 51.134128092807629 -120.64384567592622 0.333333333 0.117647059 0.129411765
v 2.8015012436396631 51.118215342256576 -119.77614427773523 0.333333333 0.117647059 0.129411765
v 1.6457665368160121 52.24860540029691 -108.25064696371706 0.333333333 0.117647059 0.129411765
v 0.21120993458750092 52.289255060153266 -108.02027547073321 0.333333333 0.117647059 0.129411765
v 1.5789883900822588 53.794645490560271 -108.28236647163121 0.333333333 0.117647059 0.129411765
v -0.45127117111132975 53.822484490463559 -108.10021744524614 0.333333333 0.117647059 0.129411765
v -0.47039474668611092 52.669564776815911 -120.74534778957053 0.333333333 0.117647059 0.129411765
v -2.479211723972341 52.132235148701923 -109.23457248845908 0.333333333 0.117647059 0.129411765
v 0.21120993458750092 52.289255060153266 -108.02027547073321 0.333333333 0.117647059 0.129411765
v -0.49846415409808742 51.134128092807629 -120.64384567592622 0.333333333 0.117647059 0.129411765
v -2.3100654671211629 53.691265592503683 -109.13894743111364 0.333333333 0.117647059 0.129411765
v -0.47039474668611092 52.669564776815911 -120.74534778957053 0.333333333 0.117647059 0.129411765
v -0.45127117111132975 53.822484490463559 -108.10021744524614 0.333333333 0.117647059 0.129411765
v 3.8128405770770444 51.882434928630133 -110.81182766850854 0.333333333 0.117647059 0.129411765
v 2.6244853424989856 52.657645557268324 -119.92958254083156 0.333333333 0.117647059 0.129411765
v 3.8272126176572101 53.435822306605623 -110.71796973610343 0.333333333 0.117647059 0.129411765
v 3.8144648899253983 51.221684681847449 -117.81667123411862 0.333333333 0.117647059 0.129411765
v 2.8015012436396631 51.118215342256576 -119.77614427773523 0.333333333 0.117647059 0.129411765
v 2.6244853424989856 52.657645557268324 -119.92958254083156 0.333333333 0.117647059 0.129411765
v 3.8380670181512926 52.737165610865773 -118.13143592262996 0.333333333 0.117647059 0.129411765
v 2.9262480005794202 52.080854663386589 -109.17284420005393 0.333333333 0.117647059 0.129411765
v 2.8473016418963795 53.635452724653142 -109.12492417851712 0.333333333 0.117647059 0.129411765
v -0.49846415409808742 51.134128092807629 -120.64384567592622 0.333333333 0.117647059 0.129411765
v -2.7670576152528525 51.181145213734887 -119.01754833438629 0.333333333 0.117647059 0.129411765
v -0.47039474668611092 52.669564776815911 -120.74534778957053 0.333333333 0.117647059 0.129411765
v -2.0560085937196106 52.680157861163863 -119.88883031620713 0.333333333 0.117647059 0.129411765
v -1.9355420735512041 51.135505429174991 -119.92624978927698 0.333333333 0.117647059 0.129411765
v -3.2628945220887413 51.265224250659699 -117.70653710650558 0.333333333 0.117647059 0.129411765
v -3.2669907197727861 51.896129503873624 -110.97721181786964 0.333333333 0.117647059 0.129411765
v -3.238697020559492 53.445667000527685 -110.92320879598221 0.333333333 0.117647059 0.129411765
v -3.2255783295265577 52.773107305472791 -118.11032342630295 0.333333333 0.117647059 0.129411765
v -1.0028457580058898 52.247929999393385 -108.25051894871332 0.333333333 0.117647059 0.129411765
v 3.8380670181512926 52.737165610865773 -118.13143592262996 0.333333333 0.117647059 0.129411765
v 3.8144648899253983 51.221684681847449 -117.81667123411862 0.333333333 0.117647059 0.129411765
v 3.8128405770770444 51.882434928630133 -110.81182766850854 0.333333333 0.117647059 0.129411765
v 1.6457665368160121 52.24860540029691 -108.25064696371706 0.333333333 0.117647059 0.129411765
v 1.5789883900822588 53.794645490560271 -108.28236647163121 0.333333333 0.117647059 0.129411765
v 2.8473016418963795 53.635452724653142 -109.12492417851712 0.333333333 0.117647059 0.129411765
v 2.9262480005794202 52.080854663386589 -109.17284420005393 0.333333333 0.117647059 0.129411765
v 2.8473016418963795 53.635452724653142 -109.12492417851712 0.333333333 0.117647059 0.129411765
v 3.8272126176572101 53.435822306605623 -110.71796973610343 0.333333333 0.117647059 0.129411765
v 1.1262425570821506 51.111116666226444 -120.61295586204169 0.333333333 0.117647059 0.129411765
v 1.262396112808176 52.647713192155223 -120.63984932192089 0.333333333 0.117647059 0.129411765
v -0.47039474668611092 52.669564776815911 -120.74534778957053 0.333333333 0.117647059 0.129411765
v 2.8015012436396631 51.118215342256576 -119.77614427773523 0.333333333 0.117647059 0.129411765
v 2.6244853424989856 52.657645557268324 -119.92958254083156 0.333333333 0.117647059 0.129411765
v 1.262396112808176 52.647713192155223 -120.63984932192089 0.333333333 0.117647059 0.129411765
v 1.5789883900822588 53.794645490560271 -108.28236647163121 0.333333333 0.117647059 0.129411765
v 1.6457665368160121 52.24860540029691 -108.25064696371706 0.333333333 0.117647059 0.129411765
v 0.21120993458750092 52.289255060153266 -108.02027547073321 0.333333333 0.117647059 0.129411765
v 0.21120993458750092 52.289255060153266 -108.02027547073321 0.333333333 0.117647059 0.129411765
v -1.0028457580058898 52.247929999393385 -108.25051894871332 0.333333333 0.117647059 0.129411765
v -0.45127117111132975 53.822484490463559 -108.10021744524614 0.333333333 0.117647059 0.129411765
v -1.0028457580058898 52.247929999393385 -108.25051894871332 0.333333333 0.117647059 0.129411765
v -2.479211723972341 52.132235148701923 -109.23457248845908 0.333333333 0.117647059 0.129411765
v -2.3100654671211629 53.691265592503683 -109.13894743111364 0.333333333 0.117647059 0.129411765
v -2.7670576152528525 51.181145213734887 -119.01754833438629 0.333333333 0.117647059 0.129411765
v -1.9355420735512041 51.135505429174991 -119.92624978927698 0.333333333 0.117647059 0.129411765
v -2.0560085937196106 52.680157861163863 -119.88883031620713 0.333333333 0.117647059 0.129411765
v -1.9355420735512041 51.135505429174991 -119.92624978927698 0.333333333 0.117647059 0.129411765
v -0.49846415409808742 51.134128092807629 -120.64384567592622 0.333333333 0.117647059 0.129411765
v -0.47039474668611092 52.669564776815911 -120.74534778957053 0.333333333 0.117647059 0.129411765
v -3.2669907197727861 51.896129503873624 -110.97721181786964 0.333333333 0.117647059 0.129411765
v -3.2628945220887413 51.265224250659699 -117.70653710650558 0.333333333 0.117647059 0.129411765
v -3.2255783295265577 52.773107305472791 -118.11032342630295 0.333333333 0.117647059 0.129411765
v -2.479211723972341 52.132235148701923 -109.23457248845908 0.333333333 0.117647059 0.129411765
v -3.2669907197727861 51.896129503873624 -110.97721181786964 0.333333333 0.117647059 0.129411765
v -3.238697020559492 53.445667000527685 -110.92320879598221 0.333333333 0.117647059 0.129411765
v -3.2628945220887413 51.265224250659699 -117.70653710650558 0.333333333 0.117647059 0.129411765
v -2.7670576152528525 51.181145213734887 -119.01754833438629 0.333333333 0.117647059 0.129411765
v -3.2255783295265577 52.773107305472791 -118.11032342630295 0.333333333 0.117647059 0.129411765
v 1.262396112808176 52.647713192155223 -120.63984932192089 0.333333333 0.117647059 0.129411765
v 2.6244853424989856 52.657645557268324 -119.92958254083156 0.333333333 0.117647059 0.129411765
v 2.8015012436396631 51.118215342256576 -119.77614427773523 0.333333333 0.117647059 0.129411765
v 3.8380670181512926 52.737165610865773 -118.13143592262996 0.333333333 0.117647059 0.129411765
v 3.8144648899253983 51.221684681847449 -117.81667123411862 0.333333333 0.117647059 0.129411765
v 3.8380670181512926 52.737165610865773 -118.13143592262996 0.333333333 0.117647059 0.129411765
v 2.8015012436396631 51.118215342256576 -119.77614427773523 0.333333333 0.117647059 0.129411765
v 3.8272126176572101 53.435822306605623 -110.71796973610343 0.333333333 0.117647059 0.129411765
v -3.2255783295265577 52.773107305472791 -118.11032342630295 0.333333333 0.117647059 0.129411765
v -2.7670576152528525 51.181145213734887 -119.01754833438629 0.333333333 0.117647059 0.129411765
v -2.0560085937196106 52.680157861163863 -119.88883031620713 0.333333333 0.117647059 0.129411765
v -3.238697020559492 53.445667000527685 -110.92320879598221 0.333333333 0.117647059 0.129411765
v 2.9262480005794202 52.080854663386589 -109.17284420005393 0.333333333 0.117647059 0.129411765
v 3.8128405770770444 51.882434928630133 -110.81182766850854 0.333333333 0.117647059 0.129411765
v -0.49846415409808742 51.134128092807629 -120.64384567592622 0.333333333 0.117647059 0.129411765
v 1.1262425570821506 51.111116666226444 -120.61295586204169 0.333333333 0.117647059 0.129411765
v -0.45127117111132975 53.822484490463559 -108.10021744524614 0.333333333 0.117647059 0.129411765
v -0.45127117111132975 53.822484490463559 -108.10021744524614 0.333333333 0.117647059 0.129411765
v -2.0560085937196106 52.680157861163863 -119.88883031620713 0.333333333 0.117647059 0.129411765
v -2.3100654671211629 53.691265592503683 -109.13894743111364 0.333333333 0.117647059 0.129411765
v 0.30804148220650518 53.565691399496878 -90.813036281309564 0.333333333 0.117647059 0.129411765
v -0.91269711376119744 53.591162225743531 -90.57571562702158 0.333333333 0.117647059 0.129411765
v 2.024746575101517 53.538779103973539 -90.399051917217236 0.333333333 0.117647059 0.129411765
v 2.9603663286177238 55.699818992247415 -79.270577850717046 0.333333333 0.117647059 0.129411765
v 1.5965229195002735 55.823884483648797 -78.318078818438693 0.333333333 0.117647059 0.129411765
v 3.8643510283978602 55.118075154123382 -87.888086356342427 0.333333333 0.117647059 0.129411765
v 3.8314578382755524 53.995478993998503 -80.87966879569187 0.333333333 0.117647059 0.129411765
v 3.8363277829334024 53.572175014796791 -87.937844942903311 0.333333333 0.117647059 0.129411765
v 3.018811169227007 54.149647103786229 -79.304809637923881 0.333333333 0.117647059 0.129411765
v 3.8550094917019249 55.537868475335323 -80.838479926225091 0.333333333 0.117647059 0.129411765
v 2.024746575101517 53.538779103973539 -90.399051917217236 0.333333333 0.117647059 0.129411765
v 1.7463876808049577 54.273049186573765 -78.347771105729905 0.333333333 0.117647059 0.129411765
v 3.1891285051717517 53.536030204277267 -89.298575015702014 0.333333333 0.117647059 0.129411765
v 2.0326530732398282 55.081381169676568 -90.420786784533746 0.333333333 0.117647059 0.129411765
v 3.2331143686900035 55.070441257116073 -89.351697349233305 0.333333333 0.117647059 0.129411765
v 0.26009206810307006 54.305705517168008 -78.06908945998758 0.333333333 0.117647059 0.129411765
v -0.12673392620213519 55.124065140873107 -90.883000463562624 0.333333333 0.117647059 0.129411765
v 2.0326530732398282 55.081381169676568 -90.420786784533746 0.333333333 0.117647059 0.129411765
v -0.09500995654889266 55.847021265131097 -78.138016064989415 0.333333333 0.117647059 0.129411765
v -3.2186471995532671 53.636410924912909 -88.04516122691949 0.333333333 0.117647059 0.129411765
v -3.228332035623831 54.058780370107812 -80.59814228083772 0.333333333 0.117647059 0.129411765
v -1.614510749540301 54.256843906372289 -78.525418041142814 0.333333333 0.117647059 0.129411765
v -3.2113190243404048 55.169294572016753 -88.193221868978299 0.333333333 0.117647059 0.129411765
v -1.6844050460335325 55.783229692668641 -78.709676690777712 0.333333333 0.117647059 0.129411765
v -3.1843818699514692 55.603318447545234 -80.478593858749477 0.333333333 0.117647059 0.129411765
v -0.91269711376119744 53.591162225743531 -90.57571562702158 0.333333333 0.117647059 0.129411765
v -1.614510749540301 54.256843906372289 -78.525418041142814 0.333333333 0.117647059 0.129411765
v -0.12673392620213519 55.124065140873107 -90.883000463562624 0.333333333 0.117647059 0.129411765
v -1.6844050460335325 55.783229692668641 -78.709676690777712 0.333333333 0.117647059 0.129411765
v -2.2872485621763587 53.56816843554472 -89.705000014339987 0.333333333 0.117647059 0.129411765
v -2.1721893569935702 55.105711095054744 -89.860597990412671 0.333333333 0.117647059 0.129411765
v -1.6844050460335325 55.783229692668641 -78.709676690777712 0.333333333 0.117647059 0.129411765
v -0.09500995654889266 55.847021265131097 -78.138016064989415 0.333333333 0.117647059 0.129411765
v 0.26009206810307006 54.305705517168008 -78.06908945998758 0.333333333 0.117647059 0.129411765
v -1.614510749540301 54.256843906372289 -78.525418041142814 0.333333333 0.117647059 0.129411765
v -0.12673392620213519 55.124065140873107 -90.883000463562624 0.333333333 0.117647059 0.129411765
v 0.30804148220650518 53.565691399496878 -90.813036281309564 0.333333333 0.117647059 0.129411765
v 2.024746575101517 53.538779103973539 -90.399051917217236 0.333333333 0.117647059 0.129411765
v 3.8363277829334024 53.572175014796791 -87.937844942903311 0.333333333 0.117647059 0.129411765
v 3.8643510283978602 55.118075154123382 -87.888086356342427 0.333333333 0.117647059 0.129411765
v 3.2331143686900035 55.070441257116073 -89.351697349233305 0.333333333 0.117647059 0.129411765
v 3.8643510283978602 55.118075154123382 -87.888086356342427 0.333333333 0.117647059 0.129411765
v 3.8363277829334024 53.572175014796791 -87.937844942903311 0.333333333 0.117647059 0.129411765
v 3.8314578382755524 53.995478993998503 -80.87966879569187 0.333333333 0.117647059 0.129411765
v 2.024746575101517 53.538779103973539 -90.399051917217236 0.333333333 0.117647059 0.129411765
v 3.1891285051717517 53.536030204277267 -89.298575015702014 0.333333333 0.117647059 0.129411765
v 3.2331143686900035 55.070441257116073 -89.351697349233305 0.333333333 0.117647059 0.129411765
v 3.018811169227007 54.149647103786229 -79.304809637923881 0.333333333 0.117647059 0.129411765
v 2.9603663286177238 55.699818992247415 -79.270577850717046 0.333333333 0.117647059 0.129411765
v 3.8550094917019249 55.537868475335323 -80.838479926225091 0.333333333 0.117647059 0.129411765
v 1.7463876808049577 54.273049186573765 -78.347771105729905 0.333333333 0.117647059 0.129411765
v 1.5965229195002735 55.823884483648797 -78.318078818438693 0.333333333 0.117647059 0.129411765
v 2.9603663286177238 55.699818992247415 -79.270577850717046 0.333333333 0.117647059 0.129411765
v 1.5965229195002735 55.823884483648797 -78.318078818438693 0.333333333 0.117647059 0.129411765
v 1.7463876808049577 54.273049186573765 -78.347771105729905 0.333333333 0.117647059 0.129411765
v 0.26009206810307006 54.305705517168008 -78.06908945998758 0.333333333 0.117647059 0.129411765
v -1.614510749540301 54.256843906372289 -78.525418041142814 0.333333333 0.117647059 0.129411765
v -3.228332035623831 54.058780370107812 -80.59814228083772 0.333333333 0.117647059 0.129411765
v -3.1843818699514692 55.603318447545234 -80.478593858749477 0.333333333 0.117647059 0.129411765
v -2.2872485621763587 53.56816843554472 -89.705000014339987 0.333333333 0.117647059 0.129411765
v -2.1721893569935702 55.105711095054744 -89.860597990412671 0.333333333 0.117647059 0.129411765
v -3.2113190243404048 55.169294572016753 -88.193221868978299 0.333333333 0.117647059 0.129411765
v -0.91269711376119744 53.591162225743531 -90.57571562702158 0.333333333 0.117647059 0.129411765
v -0.12673392620213519 55.124065140873107 -90.883000463562624 0.333333333 0.117647059 0.129411765
v -2.1721893569935702 55.105711095054744 -89.860597990412671 0.333333333 0.117647059 0.129411765
v -3.228332035623831 54.058780370107812 -80.59814228083772 0.333333333 0.117647059 0.129411765
v -3.2186471995532671 53.636410924912909 -88.04516122691949 0.333333333 0.117647059 0.129411765
v -3.2113190243404048 55.169294572016753 -88.193221868978299 0.333333333 0.117647059 0.129411765
v -0.09500995654889266 55.847021265131097 -78.138016064989415 0.333333333 0.117647059 0.129411765
v 0.26009206810307006 54.305705517168008 -78.06908945998758 0.333333333 0.117647059 0.129411765
v -1.614510749540301 54.256843906372289 -78.525418041142814 0.333333333 0.117647059 0.129411765
v -1.614510749540301 54.256843906372289 -78.525418041142814 0.333333333 0.117647059 0.129411765
v -1.6844050460335325 55.783229692668641 -78.709676690777712 0.333333333 0.117647059 0.129411765
v -0.09500995654889266 55.847021265131097 -78.138016064989415 0.333333333 0.117647059 0.129411765
v -0.09500995654889266 55.847021265131097 -78.138016064989415 0.333333333 0.117647059 0.129411765
v 2.0326530732398282 55.081381169676568 -90.420786784533746 0.333333333 0.117647059 0.129411765
v 3.1891285051717517 53.536030204277267 -89.298575015702014 0.333333333 0.117647059 0.129411765
v 3.8550094917019249 55.537868475335323 -80.838479926225091 0.333333333 0.117647059 0.129411765
v 2.0326530732398282 55.081381169676568 -90.420786784533746 0.333333333 0.117647059 0.129411765
v 3.8314578382755524 53.995478993998503 -80.87966879569187 0.333333333 0.117647059 0.129411765
v 3.018811169227007 54.149647103786229 -79.304809637923881 0.333333333 0.117647059 0.129411765
v -1.6844050460335325 55.783229692668641 -78.709676690777712 0.333333333 0.117647059 0.129411765
v -3.2186471995532671 53.636410924912909 -88.04516122691949 0.333333333 0.117647059 0.129411765
v -2.2872485621763587 53.56816843554472 -89.705000014339987 0.333333333 0.117647059 0.129411765
v -3.1843818699514692 55.603318447545234 -80.478593858749477 0.333333333 0.117647059 0.129411765
v 0.30804148220650518 53.565691399496878 -90.813036281309564 0.333333333 0.117647059 0.129411765
v -0.12673392620213519 55.124065140873107 -90.883000463562624 0.333333333 0.117647059 0.129411765
v -0.91269711376119744 53.591162225743531 -90.57571562702158 0.333333333 0.117647059 0.129411765
vn -0.99806249141693115 0.058098915964365005 -0.022265832871198654
vn -0.98872864246368408 0.14767669141292572 -0.024642959237098694
vn -0.99602460861206055 0.080533921718597412 -0.038069162517786026
vn -0.9761892557144165 0.21397893130779266 -0.03560248389840126
vn -0.95627844333648682 0.2895081639289856 -0.041431926190853119
vn -0.94710981845855713 0.31752839684486389 -0.046461854130029678
vn -0.97402161359786987 0.22208081185817719 -0.044294644147157669
vn -0.98034822940826416 0.19001772999763489 -0.053015030920505524
vn -0.99624764919281006 0.069759674370288849 -0.051227159798145294
vn -0.96520143747329712 0.25625211000442505 -0.05216376855969429
vn -0.94004648923873901 0.33684661984443665 -0.053356651216745377
vn -0.97007513046264648 0.23506651818752289 -0.060811329632997513
vn -0.9899744987487793 0.12926608324050903 -0.05692751333117485
vn -0.9103778600692749 0.40939244627952576 -0.06008346751332283
vn -0.91273373365402222 0.40324214100837708 -0.065672501921653748
vn -0.94719845056533813 0.3155403733253479 -0.057003285735845566
vn -0.99886971712112427 0.012333703227341175 -0.045904058963060379
vn -0.99884516000747681 0.036596916615962982 -0.031129701063036919
vn -0.94813954830169678 0.31144058704376221 -0.063530519604682922
vn -0.97724950313568115 0.20264126360416412 -0.062609702348709106
vn -0.99190247058868408 -0.12489176541566849 -0.023055551573634148
vn -0.97962778806686401 -0.19678272306919098 -0.040075045078992844
vn -0.97949165105819702 -0.19969193637371063 -0.026819651946425438
vn -0.99613267183303833 -0.079930439591407776 -0.036480333656072617
vn -0.99870425462722778 -0.020712224766612053 -0.046484723687171936
vn -0.99936401844024658 0.018596606329083443 -0.030424755066633224
vn -0.98588776588439941 -0.16006679832935333 -0.049029842019081116
vn -0.96386802196502686 -0.26324942708015442 -0.040720198303461075
vn -0.97209584712982178 -0.22842688858509064 -0.053392879664897919
vn -0.96023094654083252 -0.27345734834671021 -0.056369934231042862
vn -0.99097824096679688 -0.12257923930883408 -0.054188665002584457
vn -0.99809551239013672 -0.019128076732158661 -0.058647047728300095
vn -0.99764508008956909 0.045581422746181488 -0.051250956952571869
vn -0.99160957336425781 -0.1134609654545784 -0.061943605542182922
vn -0.9788399338722229 -0.19536356627941132 -0.060872327536344528
vn -0.99679380655288696 -0.039438053965568542 -0.069618560373783112
vn -0.95274728536605835 -0.29557222127914429 -0.070068873465061188
vn -0.96914088726043701 -0.23477542400360107 -0.075143143534660339
vn -0.99765396118164062 0.016542693600058556 -0.066430173814296722
vn 0.99366867542266846 0.10633897036314011 -0.036257755011320114
vn 0.99875479936599731 0.034490235149860382 -0.036045148968696594
vn 0.98695558309555054 0.1542443186044693 -0.046123724430799484
vn 0.99827706813812256 0.033914383500814438 -0.047881767153739929
vn 0.99080455303192139 0.12222308665513992 -0.05803326889872551
vn 0.96892756223678589 0.24114726483821869 -0.055021278560161591
vn 0.97280383110046387 0.22280764579772949 -0.063320472836494446
vn 0.94578182697296143 0.31784763932228088 -0.066854909062385559
vn 0.93858194351196289 0.33884179592132568 -0.065193459391593933
vn 0.99777412414550781 0.025627223774790764 -0.061562936753034592
vn 0.97771817445755005 0.19983401894569397 -0.06429222971200943
vn 0.97788423299789429 0.20473301410675049 -0.042741402983665466
vn 0.9897083044052124 0.1387140303850174 -0.035155709832906723
vn 0.95617836713790894 0.28698313236236572 -0.057996563613414764
vn 0.96745514869689941 0.24820573627948761 -0.04923899844288826
vn 0.99650007486343384 -0.077873669564723969 -0.030386507511138916
vn 0.98885315656661987 -0.14271380007266998 -0.042452838271856308
vn 0.9992484450340271 0.015209067612886429 -0.035654429346323013
vn 0.99853777885437012 0.025122040882706642 -0.047866035252809525
vn 0.99586194753646851 -0.082056649029254913 -0.039060663431882858
vn 0.99701136350631714 -0.052762661129236221 -0.056430403143167496
vn 0.9827236533164978 -0.17658320069313049 -0.05543089285492897
vn 0.95982134342193604 -0.2750493586063385 -0.055595535784959793
vn 0.93689250946044922 -0.34322825074195862 -0.066534437239170074
vn 0.96400737762451172 -0.25927701592445374 -0.058865748345851898
vn 0.97966235876083374 -0.19075456261634827 -0.062244672328233719
vn 0.98807978630065918 -0.13935138285160065 -0.065417759120464325
vn 0.98521071672439575 -0.15629351139068604 -0.070229530334472656
vn 0.99641954898834229 -0.053783014416694641 -0.065233968198299408
vn 0.99810111522674561 0.0061218785122036934 -0.061291683465242386
vn 0.99789494276046753 0.0052952631376683712 -0.064634315669536591
vn 0.99668627977371216 -0.046036943793296814 -0.067060276865959167
vn 0.93725419044494629 -0.34127405285835266 -0.071320593357086182
vn 0.96798384189605713 -0.2405572235584259 -0.07169024646282196
vn 0.030591441318392754 -0.53690946102142334 -0.84308505058288574
vn 0.0081864921376109123 -0.51576799154281616 -0.8566892147064209
vn 0.021296806633472443 -0.52462261915206909 -0.85106849670410156
vn 0.020942797884345055 -0.5464026927947998 -0.83726072311401367
vn 0.0089810639619827271 -0.51244300603866577 -0.85867428779602051
vn -0.12298302352428436 -0.57940429449081421 -0.80570828914642334
vn -0.087952367961406708 -0.56149673461914062 -0.8227914571762085
vn 0.31793060898780823 -0.94733732938766479 -0.038367666304111481
vn 0.39894047379493713 -0.91617894172668457 -0.038244549185037613
vn 0.28410246968269348 -0.9581635594367981 -0.034762468189001083
vn 0.22190426290035248 -0.97449779510498047 -0.03335440531373024
vn 0.24763858318328857 -0.96800261735916138 -0.040571358054876328
vn 0.16218248009681702 -0.98613500595092773 -0.035136636346578598
vn 0.032104827463626862 -0.99900257587432861 -0.031034937128424644
vn 0.018807761371135712 -0.9992486834526062 -0.033887159079313278
vn 0.056813083589076996 -0.99779784679412842 -0.034231405705213547
vn 0.3393993079662323 -0.93960809707641602 -0.044098701328039169
vn 0.40201708674430847 -0.91466021537780762 -0.042178157716989517
vn 0.14283935725688934 -0.98891723155975342 -0.040491700172424316
vn 0.056466236710548401 -0.99779772758483887 -0.034802861511707306
vn 0.12687313556671143 -0.99100929498672485 -0.042471341788768768
vn 0.055007990449666977 -0.99762213230133057 -0.0415232814848423
vn 0.4636770486831665 -0.88457632064819336 -0.050282355397939682
vn 0.48548305034637451 -0.87235724925994873 -0.057437349110841751
vn 0.49768275022506714 -0.86583620309829712 -0.051376249641180038
vn 0.32770910859107971 -0.94353735446929932 -0.048415016382932663
vn 0.39850914478302002 -0.91569453477859497 -0.051904097199440002
vn 0.63607221841812134 -0.76836490631103516 -0.070904470980167389
vn 0.65808385610580444 -0.74938684701919556 -0.073109447956085205
vn 0.55386614799499512 -0.83023637533187866 -0.062768109142780304
vn 0.55308079719543457 -0.83102035522460938 -0.059218503534793854
vn 0.59067392349243164 -0.80424076318740845 -0.065582774579524994
vn 0.45716410875320435 -0.88823175430297852 -0.045225512236356735
vn 0.89493000507354736 -0.43380078673362732 -0.10448526591062546
vn 0.82253831624984741 -0.56075400114059448 -0.094792664051055908
vn 0.86653041839599609 -0.48871809244155884 -0.10138852894306183
vn 0.80517792701721191 -0.5857357382774353 -0.092747732996940613
vn 0.7399057149887085 -0.66758918762207031 -0.082850411534309387
vn 0.96292495727539062 -0.24383161962032318 -0.11541929841041565
vn 0.99167680740356445 -0.050218548625707626 -0.11855451017618179
vn 0.98042863607406616 -0.15859025716781616 -0.11665701866149902
vn 0.74368727207183838 -0.66246384382247925 -0.089838325977325439
vn 0.93171316385269165 -0.34587424993515015 -0.11082243919372559
vn 0.5516095757484436 0.82620233297348022 -0.11452770233154297
vn 0.47343933582305908 0.87413704395294189 -0.10834974050521851
vn 0.57986444234848022 0.80795913934707642 -0.10468656569719315
vn 0.55121898651123047 0.82889169454574585 -0.095373749732971191
vn 0.49211084842681885 0.86432373523712158 -0.10378523916006088
vn 0.37767371535301208 0.91981184482574463 -0.10634248703718185
vn 0.40746614336967468 0.90775525569915771 -0.099758602678775787
vn 0.3151681125164032 0.94462811946868896 -0.091360881924629211
vn 0.44343122839927673 0.89210623502731323 -0.086690090596675873
vn 0.2685646116733551 0.96064573526382446 -0.07094256579875946
vn 0.36935240030288696 0.92597866058349609 -0.078373253345489502
vn 0.19142353534698486 0.9768911600112915 -0.095082662999629974
vn 0.32325145602226257 0.94405949115753174 -0.065269894897937775
vn 0.41925853490829468 0.9051661491394043 -0.069974847137928009
vn 0.22119097411632538 0.97319227457046509 -0.063018731772899628
vn 0.16539673507213593 0.98379009962081909 -0.069289281964302063
vn 0.45158779621124268 0.89013797044754028 -0.061015378683805466
vn 0.51264160871505737 0.85556972026824951 -0.072104036808013916
vn 0.37586519122123718 0.92484498023986816 -0.058198515325784683
vn 0.25334557890892029 0.96615570783615112 -0.048571541905403137
vn 0.13108395040035248 0.9900241494178772 -0.05166446790099144
vn 0.073349915444850922 0.99578166007995605 -0.055124480277299881
vn 0.33062231540679932 0.94259655475616455 -0.046910140663385391
vn 0.48249834775924683 0.87411057949066162 -0.055910814553499222
vn 0.41021272540092468 0.91084426641464233 -0.045697834342718124
vn 0.040761224925518036 0.99848181009292603 -0.0370485819876194
vn 0.007381080649793148 0.99923026561737061 -0.03852728009223938
vn 0.22716163098812103 0.97325032949447632 -0.034371018409729004
vn 0.15813866257667542 0.98667424917221069 -0.038289964199066162
vn 0.074075609445571899 0.99662214517593384 -0.035454992204904556
vn 0.022569466382265091 0.99933797121047974 -0.028534473851323128
vn 0.12614986300468445 0.99168932437896729 -0.025268401950597763
vn 0.068927042186260223 0.99715304374694824 -0.030575087293982506
vn 0.33984053134918213 0.94001150131225586 -0.029778957366943359
vn 0.28726601600646973 0.95738124847412109 -0.02998967282474041
vn 0.42587059736251831 0.90437132120132446 -0.02732577919960022
vn 0.45382604002952576 0.89007711410522461 -0.042481061071157455
vn 0.19469791650772095 0.98057013750076294 -0.023977132514119148
vn 0.2194521427154541 0.97550112009048462 -0.015437230467796326
vn 0.093425191938877106 0.99555599689483643 -0.011829785071313381
vn 0.96466958522796631 0.23606295883655548 -0.116990827023983
vn 0.99051940441131592 0.070301957428455353 -0.11802111566066742
vn 0.98754256963729858 0.1036725640296936 -0.11837071180343628
vn 0.96008872985839844 0.25377395749092102 -0.11759433150291443
vn 0.91322147846221924 0.38999038934707642 -0.1180427148938179
vn 0.91422069072723389 0.38797456026077271 -0.11694581806659698
vn 0.99078875780105591 -0.061467219144105911 -0.12066218256950378
vn 0.84205037355422974 0.52631664276123047 -0.11807594448328018
vn 0.84792321920394897 0.51677900552749634 -0.11817646026611328
vn 0.76880830526351929 0.628437340259552 -0.11832283437252045
vn 0.7627260684967041 0.63571023941040039 -0.11883361637592316
vn 0.63354802131652832 0.76520979404449463 -0.11432789266109467
vn 0.69671648740768433 0.70763468742370605 -0.11764046549797058
vn 0.62774491310119629 0.76982396841049194 -0.11535754054784775
vn 0.2757723331451416 0.95567834377288818 -0.10309475660324097
vn 0.10071889311075211 0.98951351642608643 -0.1035311371088028
vn 0.017770648002624512 0.99970203638076782 -0.01673525758087635
vn -0.70089709758758545 -0.71247565746307373 -0.033491488546133041
vn -0.66854357719421387 -0.74267458915710449 -0.038522664457559586
vn -0.66480344533920288 -0.74631476402282715 -0.03241356834769249
vn -0.71072816848754883 -0.70234924554824829 -0.039636414498090744
vn -0.72201353311538696 -0.69104158878326416 -0.034029833972454071
vn -0.72764629125595093 -0.68527501821517944 -0.030479338020086288
vn -0.66592216491699219 -0.74430090188980103 -0.050634238868951797
vn -0.66582369804382324 -0.74389177560806274 -0.057478774338960648
vn -0.63731193542480469 -0.7690894603729248 -0.048320513218641281
vn -0.92708081007003784 -0.36958754062652588 -0.062659911811351776
vn -0.94550222158432007 -0.31821891665458679 -0.069009311497211456
vn -0.90302634239196777 -0.42327997088432312 -0.073331110179424286
vn -0.9352949857711792 -0.34983795881271362 -0.053260654211044312
vn -0.95598345994949341 -0.28803929686546326 -0.055937819182872772
vn -0.89717972278594971 -0.43778595328330994 -0.058412738144397736
vn -0.90045195817947388 -0.43283060193061829 -0.042941078543663025
vn -0.92187690734863281 -0.38539519906044006 -0.040168296545743942
vn -0.95929145812988281 -0.27969768643379211 -0.039104174822568893
vn -0.91317111253738403 -0.40414631366729736 -0.052766568958759308
vn -0.86740237474441528 -0.4953075647354126 -0.047786161303520203
vn -0.91507858037948608 -0.40055179595947266 -0.046790998429059982
vn -0.91702646017074585 -0.39097940921783447 -0.07872491329908371
vn -0.8463253378868103 -0.5270230770111084 -0.077331259846687317
vn -0.87941837310791016 -0.47194573283195496 -0.062374547123908997
vn -0.86609822511672974 -0.49480372667312622 -0.071015290915966034
vn -0.79272347688674927 -0.6059645414352417 -0.066305898129940033
vn -0.93609362840652466 -0.34903070330619812 -0.043661322444677353
vn -0.86718964576721191 -0.49600997567176819 -0.044228967279195786
vn -0.86335122585296631 -0.50147134065628052 -0.056134644895792007
vn -0.80797833204269409 -0.58701372146606445 -0.050852041691541672
vn -0.88724935054779053 -0.45822778344154358 -0.053065285086631775
vn -0.81989341974258423 -0.57089358568191528 -0.043073676526546478
vn -0.88302439451217651 -0.4680173397064209 -0.035039037466049194
vn -0.84529083967208862 -0.53315955400466919 -0.034990277141332626
vn -0.72664207220077515 -0.68442600965499878 -0.059601414948701859
vn -0.83166110515594482 -0.55217087268829346 -0.058712523430585861
vn -0.83741801977157593 -0.54163086414337158 -0.07326023280620575
vn -0.73782408237457275 -0.67153578996658325 -0.068230234086513519
vn -0.82404279708862305 -0.56450802087783813 -0.047792792320251465
vn -0.76375782489776611 -0.64422065019607544 -0.040666159242391586
vn -0.69108837842941284 -0.72015142440795898 -0.061471428722143173
vn -0.80816704034805298 -0.58772504329681396 -0.038017548620700836
vn -0.77296006679534912 -0.63333863019943237 -0.037615559995174408
vn -0.84212499856948853 -0.53834927082061768 -0.031710077077150345
vn -0.77287524938583374 -0.63388592004776001 -0.029197921976447105
vn -0.73676145076751709 -0.67517787218093872 -0.036295682191848755
vn -0.67708569765090942 -0.73412466049194336 -0.051146335899829865
vn -0.72045248746871948 -0.69232237339019775 -0.040471844375133514
vn -0.93656939268112183 -0.34463962912559509 -0.063728712499141693
vn -0.71561098098754883 -0.6979641318321228 -0.027332231402397156
vn -0.92449235916137695 0.37856820225715637 -0.044721253216266632
vn -0.90598732233047485 0.42058208584785461 -0.047933708876371384
vn -0.94927114248275757 0.31181126832962036 -0.040718719363212585
vn -0.90484488010406494 0.4216819703578949 -0.058651715517044067
vn -0.87998664379119873 0.47161871194839478 -0.056561853736639023
vn -0.87009143829345703 0.48807498812675476 -0.068729378283023834
vn -0.93532228469848633 0.34975329041481018 -0.053336940705776215
vn -0.82620161771774292 0.56028854846954346 -0.058886218816041946
vn -0.82399719953536987 0.56202906370162964 -0.071777105331420898
vn -0.84684878587722778 0.52913963794708252 -0.053463909775018692
vn -0.90488553047180176 0.42267608642578125 -0.050269864499568939
vn -0.85359829664230347 0.51850831508636475 -0.050190813839435577
vn -0.88540327548980713 0.46197640895843506 -0.051370181143283844
vn -0.78350293636322021 0.61786383390426636 -0.066086553037166595
vn -0.80704426765441895 0.58837693929672241 -0.049921009689569473
vn -0.8125152587890625 0.58103126287460327 -0.047133978456258774
vn -0.88746124505996704 0.45863980054855347 -0.045410484075546265
vn -0.85820060968399048 0.51114153861999512 -0.047180511057376862
vn -0.90511882305145264 0.42333579063415527 -0.039328340440988541
vn -0.8486100435256958 0.52723121643066406 -0.04345366358757019
vn -0.929756760597229 0.3659592866897583 -0.040325414389371872
vn -0.75912946462631226 0.64920312166213989 -0.04751615971326828
vn -0.75519382953643799 0.65335613489151001 -0.052990861237049103
vn -0.74033248424530029 0.66859561204910278 -0.069911964237689972
vn -0.77702325582504272 0.62536942958831787 -0.071749180555343628
vn -0.7724531888961792 0.63358503580093384 -0.043429341167211533
vn -0.83175939321517944 0.55375760793685913 -0.039100702852010727
vn -0.80788910388946533 0.58793133497238159 -0.040644243359565735
vn -0.8324165940284729 0.55194687843322754 -0.049368780106306076
vn -0.77076047658920288 0.63583505153656006 -0.040522079914808273
vn -0.74066406488418579 0.66902625560760498 -0.06181102991104126
vn -0.73249298334121704 0.67791599035263062 -0.062321525067090988
vn -0.72989088296890259 0.68045967817306519 -0.065068602561950684
vn -0.73813402652740479 0.6721956729888916 -0.057542420923709869
vn -0.72689348459243774 0.68351125717163086 -0.066620424389839172
vn -0.7953791618347168 0.60385036468505859 -0.052313763648271561
vn -0.79805481433868408 0.60147660970687866 -0.036529708653688431
vn -0.79725748300552368 0.60211676359176636 -0.042847272008657455
vn -0.74683666229248047 0.66316169500350952 -0.049512732774019241
vn -0.76310074329376221 0.64524000883102417 -0.036640636622905731
vn -0.9408111572265625 0.33579781651496887 -0.045980427414178848
vn -0.041046440601348877 0.99909770488739014 -0.010907823219895363
vn -0.0061545982025563717 0.9995650053024292 -0.028843982145190239
vn -0.058697894215583801 0.99780046939849854 -0.030801720917224884
vn -0.06242702528834343 0.99738949537277222 -0.036291033029556274
vn -0.01152505911886692 0.9992329478263855 -0.037425249814987183
vn -0.11316660791635513 0.99274551868438721 -0.040615551173686981
vn -0.029490284621715546 0.99809575080871582 -0.054177921265363693
vn -0.06875426322221756 0.99376773834228516 -0.087741568684577942
vn -0.15177223086357117 0.9851958155632019 -0.079714424908161163
vn -0.013274071738123894 0.99643170833587646 -0.083352535963058472
vn -0.031552039086818695 0.99750810861587524 -0.063103295862674713
vn -0.071599654853343964 0.99467629194259644 -0.074112199246883392
vn -0.12767145037651062 0.98991250991821289 -0.061426911503076553
vn -0.15617565810680389 0.98742848634719849 -0.024374363943934441
vn -0.072388283908367157 0.99275887012481689 -0.09586295485496521
vn -0.15831370651721954 0.98262035846710205 -0.096922867000102997
vn -0.2589811384677887 0.96112000942230225 -0.095797225832939148
vn -0.23009650409221649 0.97251909971237183 -0.035527411848306656
vn -0.183598592877388 0.98149305582046509 -0.054433159530162811
vn -0.24426209926605225 0.96720665693283081 -0.069622792303562164
vn -0.23369872570037842 0.96640282869338989 -0.10700669884681702
vn -0.33734393119812012 0.94067436456680298 -0.036480244249105453
vn -0.35796952247619629 0.9318464994430542 -0.059328585863113403
vn -0.29651513695716858 0.95379269123077393 -0.048562090843915939
vn -0.27226987481117249 0.9603150486946106 -0.06053224578499794
vn -0.33683055639266968 0.93714278936386108 -0.09115118533372879
vn -0.35704043507575989 0.93151265382766724 -0.069327220320701599
vn -0.40913286805152893 0.90920102596282959 -0.077225670218467712
vn -0.40777015686035156 0.91229099035263062 -0.038061622530221939
vn -0.3413759171962738 0.93959605693817139 -0.024935057386755943
vn -0.42555543780326843 0.90334624052047729 -0.053555015474557877
vn -0.41506224870681763 0.90746587514877319 -0.065030790865421295
vn -0.37759292125701904 0.92494761943817139 -0.043537896126508713
vn -0.48201808333396912 0.87482559680938721 -0.048360664397478104
vn -0.47791922092437744 0.8758048415184021 -0.067520968616008759
vn -0.51575469970703125 0.85094034671783447 -0.099486894905567169
vn -0.42314070463180542 0.89951694011688232 -0.10872558504343033
vn -0.51802641153335571 0.8477519154548645 -0.11386531591415405
vn 0.0048721013590693474 0.99874591827392578 -0.049828391522169113
vn -0.092256262898445129 0.99025934934616089 -0.10428406298160553
vn -0.03052644245326519 0.99473357200622559 -0.097842976450920105
vn -0.3551371693611145 0.92904472351074219 -0.10369934141635895
vn -0.4368177056312561 0.89889562129974365 -0.034306947141885757
vn -0.52504819631576538 0.84835201501846313 -0.067994192242622375
vn -0.56230425834655762 0.8227354884147644 -0.083187997341156006
vn -0.66701292991638184 0.73599952459335327 -0.11575137823820114
vn -0.61222976446151733 0.78199797868728638 -0.11684998869895935
vn -0.72153931856155396 0.68205857276916504 -0.11906767636537552
vn -0.86434721946716309 0.48909661173820496 -0.11699741333723068
vn -0.94180995225906372 0.31558093428611755 -0.11577004194259644
vn -0.90357381105422974 0.41234755516052246 -0.11629205942153931
vn -0.9917035698890686 0.057168003171682358 -0.11513419449329376
vn -0.97075897455215454 0.21081556379795074 -0.11482086777687073
vn -0.99321246147155762 0.019751131534576416 -0.11462514847517014
vn 0.5796128511428833 -0.81410849094390869 -0.035725798457860947
vn 0.58799225091934204 -0.80764627456665039 -0.044413696974515915
vn 0.5435490608215332 -0.83876067399978638 -0.03217107430100441
vn 0.57277625799179077 -0.8191257119178772 -0.030990723520517349
vn 0.63701349496841431 -0.76976728439331055 -0.040892232209444046
vn 0.59391325712203979 -0.80333179235458374 -0.04387587308883667
vn 0.66952759027481079 -0.74129372835159302 -0.047078739851713181
vn 0.66802650690078735 -0.74316650629043579 -0.038001473993062973
vn 0.71465969085693359 -0.6978830099105835 -0.047125659883022308
vn 0.59414619207382202 -0.80359286069869995 -0.035053957253694534
vn 0.61485826969146729 -0.7877008318901062 -0.038428056985139847
vn 0.67904746532440186 -0.73274403810501099 -0.044505856931209564
vn 0.63037556409835815 -0.77520757913589478 -0.040986020117998123
vn 0.65156704187393188 -0.75739878416061401 -0.042514219880104065
vn 0.81170070171356201 0.57929301261901855 -0.074575677514076233
vn 0.80702668428421021 0.58578795194625854 -0.074568107724189758
vn 0.7598031759262085 0.64553052186965942 -0.077392108738422394
vn 0.65685141086578369 0.75070321559906006 -0.070646338164806366
vn 0.65211528539657593 0.7551535964012146 -0.066998034715652466
vn 0.66953116655349731 0.73954838514328003 -0.069254912436008453
vn 0.76802366971969604 0.63593119382858276 -0.07570444792509079
vn 0.71579438447952271 0.69406569004058838 -0.07688448578119278
vn 0.67759549617767334 0.73165416717529297 -0.074475154280662537
vn 0.71111953258514404 0.69941937923431396 -0.071564875543117523
vn 0.74542450904846191 0.66246962547302246 -0.074002310633659363
vn 0.66049093008041382 0.74873596429824829 -0.056090984493494034
vn 0.67731815576553345 0.73277556896209717 -0.065422333776950836
vn 0.87188881635665894 0.48429405689239502 -0.072588615119457245
vn 0.85854142904281616 0.50791120529174805 -0.070234127342700958
vn 0.77663356065750122 0.62585943937301636 -0.071696080267429352
vn 0.69677126407623291 0.71459037065505981 -0.062212284654378891
vn 0.81357985734939575 0.57747459411621094 -0.067903712391853333
vn 0.74014163017272949 0.66911554336547852 -0.066893666982650757
vn 0.90442806482315063 0.421732097864151 -0.064434938132762909
vn 0.74085730314254761 0.6687929630279541 -0.062019497156143188
vn 0.84100151062011719 0.53733545541763306 -0.063143171370029449
vn 0.68960767984390259 0.72271937131881714 -0.046021711081266403
vn 0.68875360488891602 0.72300261259078979 -0.053719077259302139
vn 0.93852972984313965 0.34043258428573608 -0.057162545621395111
vn 0.93244057893753052 0.35565134882926941 -0.063770376145839691
vn 0.86928826570510864 0.49077779054641724 -0.058949384838342667
vn 0.77905404567718506 0.62436538934707642 -0.05694425106048584
vn 0.72956681251525879 0.68235641717910767 -0.046064641326665878
vn 0.80764138698577881 0.58721786737442017 -0.053763777017593384
vn 0.72294771671295166 0.68959283828735352 -0.04252416267991066
vn 0.88496184349060059 0.46268534660339355 -0.052581056952476501
vn 0.96825051307678223 0.24402612447738647 -0.054241709411144257
vn 0.95254766941070557 0.30046993494033813 -0.048690706491470337
vn 0.97573035955429077 0.21460606157779694 -0.043526384979486465
vn 0.97402083873748779 -0.22087109088897705 -0.049993805587291718
vn 0.97611021995544434 -0.21118989586830139 -0.051065780222415924
vn 0.96107470989227295 -0.27070987224578857 -0.055241048336029053
vn 0.92736870050430298 -0.36812952160835266 -0.066842503845691681
vn 0.88738375902175903 -0.45704731345176697 -0.060480114072561264
vn 0.92472511529922485 -0.37636211514472961 -0.056877095252275467
vn 0.85921663045883179 -0.50825881958007812 -0.058478809893131256
vn 0.9475587010383606 -0.31454434990882874 -0.056518968194723129
vn 0.75130385160446167 -0.65801095962524414 -0.050636675208806992
vn 0.82276833057403564 -0.56544846296310425 -0.057622421532869339
vn 0.75117599964141846 -0.65825212001800537 -0.049383509904146194
vn 0.91176104545593262 -0.40598651766777039 -0.062183257192373276
vn 0.8634868860244751 -0.5007672905921936 -0.06018703430891037
vn 0.85759001970291138 -0.5108826756477356 -0.05948340892791748
vn 0.80625051259994507 -0.58869254589080811 -0.058319780975580215
vn 0.73917382955551147 -0.6715514063835144 -0.051388945430517197
vn 0.69168025255203247 -0.72069019079208374 -0.046734020113945007
vn 0.81573975086212158 -0.57540565729141235 -0.058966435492038727
vn 0.77525591850280762 -0.62909775972366333 -0.056694615632295609
vn 0.74294394254684448 -0.66717416048049927 -0.053971469402313232
vn 0.80246472358703613 -0.59352695941925049 -0.061450298875570297
vn 0.85232490301132202 -0.51902353763580322 -0.064473576843738556
vn 0.77407234907150269 -0.63043880462646484 -0.057956390082836151
vn 0.89862936735153198 -0.4330410361289978 -0.07029019296169281
vn 0.87011051177978516 -0.48799976706504822 -0.069020830094814301
vn 0.72907388210296631 -0.68210947513580322 -0.05637374147772789
vn 0.68593358993530273 -0.72607934474945068 -0.047999326139688492
vn 0.66175663471221924 -0.74838340282440186 -0.044726822525262833
vn 0.63504648208618164 -0.77132666110992432 -0.042084764689207077
vn 0.76220846176147461 -0.64474636316299438 -0.057796049863100052
vn 0.68874216079711914 -0.72327816486358643 -0.050029568374156952
vn 0.65465956926345825 -0.7546120285987854 -0.044515058398246765
vn 0.92387276887893677 -0.37753474712371826 -0.062662802636623383
vn 0.72044855356216431 -0.6917991042137146 -0.048660364001989365
vn -0.46704256534576416 -0.88274365663528442 -0.051331158727407455
vn -0.56169426441192627 -0.82534855604171753 -0.057439599186182022
vn -0.52357256412506104 -0.84994357824325562 -0.05888751894235611
vn -0.41350913047790527 -0.90939730405807495 -0.044797223061323166
vn -0.34383034706115723 -0.93827098608016968 -0.037791892886161804
vn -0.42905056476593018 -0.90229970216751099 -0.042081594467163086
vn -0.35959517955780029 -0.93209880590438843 -0.043394666165113449
vn -0.35355508327484131 -0.9345245361328125 -0.040775947272777557
vn -0.29894170165061951 -0.95348340272903442 -0.038771450519561768
vn -0.38636815547943115 -0.92095065116882324 -0.050690352916717529
vn -0.30407050251960754 -0.95173949003219604 -0.041630294173955917
vn -0.26093432307243347 -0.96472978591918945 -0.034781530499458313
vn -0.28009474277496338 -0.95886260271072388 -0.04614616185426712
vn -0.23339666426181793 -0.97167873382568359 -0.036965295672416687
vn -0.19072560966014862 -0.98110377788543701 -0.03254396840929985
vn -0.20241089165210724 -0.97846585512161255 -0.040428135544061661
vn -0.11664551496505737 -0.99247604608535767 -0.037216842174530029
vn -0.10110368579626083 -0.99438565969467163 -0.031228473410010338
vn -0.062529221177101135 -0.99718087911605835 -0.041477888822555542
vn -0.066933691501617432 -0.99701184034347534 -0.038565613329410553
vn -0.036272630095481873 -0.99886685609817505 -0.030811022967100143
vn -0.054172389209270477 -0.99794483184814453 -0.034226980060338974
vn -0.051884796470403671 -0.99806153774261475 -0.034368462860584259
vn -0.028389377519488335 -0.99901443719863892 -0.034120675176382065
vn -0.66166573762893677 -0.74649816751480103 -0.070277228951454163
vn -0.69874632358551025 -0.71119880676269531 -0.077135123312473297
vn -0.61202186346054077 -0.7881767749786377 -0.064858093857765198
vn -0.47731685638427734 -0.87749284505844116 -0.046635884791612625
vn -0.96503376960754395 -0.23766089975833893 -0.11057624965906143
vn -0.98533403873443604 -0.12714026868343353 -0.11380770057439804
vn -0.95577096939086914 -0.27268204092979431 -0.11021026223897934
vn -0.99249464273452759 -0.044785283505916595 -0.1137922927737236
vn -0.99316376447677612 0.020191416144371033 -0.11496994644403458
vn -0.99329078197479248 0.0024337726645171642 -0.11561795324087143
vn -0.91264623403549194 -0.39554768800735474 -0.10304772108793259
vn -0.9066120982170105 -0.4092748761177063 -0.10270623117685318
vn -0.80523377656936646 -0.58632606267929077 -0.088432252407073975
vn -0.86141026020050049 -0.49874630570411682 -0.096044145524501801
vn -0.7971949577331543 -0.59735071659088135 -0.087477847933769226
vn -0.85217362642288208 -0.51461821794509888 -0.094700746238231659
vn -0.0087530361488461494 -0.99939876794815063 -0.033548023551702499
vn -0.16329890489578247 -0.98563271760940552 -0.043146263808012009
vn 0.60918211936950684 0.4137212336063385 -0.67655885219573975
vn 0.851188063621521 0.37300905585289001 -0.36924675107002258
vn 0.68688255548477173 0.19729286432266235 -0.69947683811187744
vn 0.51863688230514526 0.80785232782363892 -0.27998289465904236
vn 0.34816166758537292 0.72412127256393433 -0.59534180164337158
vn 0.23250384628772736 0.83387774229049683 -0.50058954954147339
vn 0.95146328210830688 -0.23749278485774994 -0.19574177265167236
vn 0.74270826578140259 -0.29515188932418823 -0.60105717182159424
vn 0.53931945562362671 -0.07918258011341095 -0.83837020397186279
vn 0.97924113273620605 -0.064288415014743805 -0.19223366677761078
vn 0.57837790250778198 -0.013242442160844803 -0.81566148996353149
vn 0.30018243193626404 -0.0081054521724581718 -0.95384734869003296
vn 0.29783588647842407 -0.048656359314918518 -0.95337629318237305
vn 0.30017918348312378 -0.0081750182434916496 -0.95384782552719116
vn 0.25471898913383484 -0.19855557382106781 -0.94641107320785522
vn 0.2550031840801239 -0.19630113244056702 -0.94680476188659668
vn 0.27857771515846252 -0.13810697197914124 -0.9504319429397583
vn 0.23601733148097992 -0.23377303779125214 -0.94321048259735107
vn 0.28011208772659302 -0.13513804972171783 -0.95040774345397949
vn 8.3787483163177967E-05 -0.53095024824142456 -0.84740298986434937
vn 0.0027966431807726622 -0.53183853626251221 -0.84684115648269653
vn 0.14254094660282135 -0.35486814379692078 -0.92398631572723389
vn -0.25585845112800598 -0.64308410882949829 -0.72178894281387329
vn -0.15457057952880859 -0.67033630609512329 -0.72578036785125732
vn -0.14991167187690735 -0.66445261240005493 -0.7321401834487915
vn -0.20648719370365143 -0.87946933507919312 -0.4288317859172821
vn -0.47881501913070679 -0.84032386541366577 -0.25414958596229553
vn -0.33845767378807068 -0.7992059588432312 -0.49670544266700745
vn -0.23284868896007538 -0.25146108865737915 -0.93944066762924194
vn -0.23512899875640869 -0.24589341878890991 -0.9403461217880249
vn -0.11029554903507233 -0.48847702145576477 -0.86557787656784058
vn -0.056927308440208435 -0.97080624103546143 -0.23301196098327637
vn -0.078667692840099335 -0.8624081015586853 -0.50006359815597534
vn 0.07387050986289978 -0.49809813499450684 -0.8639683723449707
vn 0.26505610346794128 -0.65409427881240845 -0.70845323801040649
vn 0.24114030599594116 -0.64846867322921753 -0.7220386266708374
vn 0.20109021663665771 -0.67717111110687256 -0.70781493186950684
vn 0.013860427774488926 -0.64688396453857422 -0.76246249675750732
vn 0.13858866691589355 -0.68531805276870728 -0.71493518352508545
vn 0.049062173813581467 -0.66667360067367554 -0.74373328685760498
vn -0.080631718039512634 -0.55020135641098022 -0.83112996816635132
vn -0.067284196615219116 -0.56697487831115723 -0.82098251581192017
vn -0.27119281888008118 -0.17632436752319336 -0.94623684883117676
vn -0.29289531707763672 -0.1120280995965004 -0.94955885410308838
vn -0.27890542149543762 -0.15710560977458954 -0.94738036394119263
vn -0.30267611145973206 -0.044462073594331741 -0.95205581188201904
vn -0.3038688600063324 -0.025180235505104065 -0.95238107442855835
vn -0.2993110716342926 -0.082481078803539276 -0.95058387517929077
vn -0.25677129626274109 -0.20758610963821411 -0.94391554594039917
vn -0.30664139986038208 -0.0026863378006964922 -0.95182132720947266
vn -0.18213756382465363 0.65981841087341309 -0.72901684045791626
vn -0.17650139331817627 0.66004878282546997 -0.73019373416900635
vn -0.12860545516014099 0.65913540124893188 -0.74094617366790771
vn -0.077240101993083954 0.5965532660484314 -0.79884803295135498
vn -0.14560742676258087 0.66453951597213745 -0.732929527759552
vn -0.002921324223279953 0.45758458971977234 -0.88916128873825073
vn -0.050552014261484146 0.50982880592346191 -0.85878932476043701
vn 0.16012880206108093 0.28513246774673462 -0.94501757621765137
vn 0.23508504033088684 0.20173214375972748 -0.95080971717834473
vn 0.23904518783092499 0.19307069480419159 -0.95162028074264526
vn 0.20722444355487823 0.22843566536903381 -0.95124924182891846
vn -0.016799533739686012 0.46906983852386475 -0.88300126791000366
vn -0.029718119651079178 0.5368044376373291 -0.84318315982818604
vn -0.02739357016980648 0.48627856373786926 -0.873374342918396
vn -0.033076070249080658 0.53289777040481567 -0.84553295373916626
vn -0.0019398004515096545 0.45446309447288513 -0.89076346158981323
vn 0.022653942927718163 0.48103374242782593 -0.87640935182571411
vn 0.01728370226919651 0.47519820928573608 -0.87970900535583496
vn 0.007071400061249733 0.46054330468177795 -0.88760906457901001
vn -0.2135290652513504 0.22316351532936096 -0.95110642910003662
vn -0.26616391539573669 0.15797941386699677 -0.95089393854141235
vn -0.24137012660503387 0.1912173330783844 -0.95140761137008667
vn -0.28081381320953369 0.12735624611377716 -0.95127493143081665
vn -0.30338793992996216 0.051669102162122726 -0.9514651894569397
vn -0.29619315266609192 0.083410747349262238 -0.95147895812988281
vn -0.21619756519794464 0.21936318278312683 -0.95138764381408691
vn -0.083708323538303375 0.42602914571762085 -0.90082854032516479
vn -0.0053849066607654095 0.53606730699539185 -0.84415805339813232
vn -0.15767699480056763 0.30732893943786621 -0.9384492039680481
vn 0.035151228308677673 0.58549439907073975 -0.8099139928817749
vn -0.0019421278266236186 0.47537222504615784 -0.87978261709213257
vn 0.11799965053796768 0.55658620595932007 -0.82236725091934204
vn 0.10362458974123001 0.54775208234786987 -0.83019852638244629
vn 0.059573285281658173 0.61204838752746582 -0.78857326507568359
vn 0.013713305816054344 0.56290936470031738 -0.826404869556427
vn 0.046862747520208359 0.60726898908615112 -0.79311299324035645
vn 0.15434584021568298 0.64915609359741211 -0.74483132362365723
vn 0.24846599996089935 0.6188960075378418 -0.74513918161392212
vn 0.16853620111942291 0.64543378353118896 -0.74499046802520752
vn 0.23258693516254425 0.61196619272232056 -0.75591051578521729
vn -0.014808147214353085 0.74777889251708984 -0.66378271579742432
vn -0.36380836367607117 0.75588852167129517 -0.54431241750717163
vn -0.55538976192474365 0.80716723203659058 -0.20005816221237183
vn 0.18795715272426605 0.90176481008529663 -0.38922020792961121
vn -0.045845076441764832 0.35540315508842468 -0.93358814716339111
vn 0.073973186314105988 0.8344348669052124 -0.54611945152282715
vn -0.16522134840488434 0.8239816427230835 -0.54199278354644775
vn -0.31855440139770508 0.89193046092987061 -0.32090982794761658
vn -0.090844050049781799 0.66580116748809814 -0.74057823419570923
vn -0.97519534826278687 0.21934002637863159 -0.029732001945376396
vn -0.97519618272781372 0.21933606266975403 -0.029734162613749504
vn -0.99897700548171997 -0.039176981896162033 -0.022584401071071625
vn -0.99835419654846191 0.052510242909193039 -0.023054653778672218
vn 0.19124895334243774 -0.98099392652511597 -0.032783810049295425
vn 0.12975525856018066 -0.99103844165802002 -0.031723510473966599
vn -0.016531217843294144 0.99978679418563843 -0.012373656034469604
vn -0.75271594524383545 -0.657723069190979 -0.028619775548577309
vn -0.75271570682525635 -0.65772330760955811 -0.02861974760890007
vn -0.7465328574180603 -0.66475552320480347 -0.028085561469197273
vn -0.97115141153335571 -0.23680458962917328 -0.028081586584448814
vn -0.9777148962020874 -0.20710186660289764 -0.034386005252599716
vn -0.94834369421005249 -0.31580707430839539 -0.030167888849973679
vn -0.91975009441375732 -0.39117226004600525 -0.032312065362930298
vn -0.94509774446487427 -0.32544678449630737 -0.02957502007484436
vn -0.92530214786529541 -0.37749668955802917 -0.036223273724317551
vn -0.92280077934265137 -0.38430458307266235 -0.027361847460269928
vn -0.83728361129760742 -0.54588329792022705 -0.031105531379580498
vn -0.83728063106536865 -0.54588794708251953 -0.031105484813451767
vn -0.96019089221954346 0.27704703807830811 -0.035754308104515076
vn -0.96019798517227173 0.27702251076698303 -0.035753913223743439
vn -0.92792975902557373 0.37115567922592163 -0.034493505954742432
vn -0.91159915924072266 0.40942281484603882 -0.036876887083053589
vn -0.91159772872924805 0.4094260036945343 -0.036877486854791641
vn -0.77052700519561768 0.63633155822753906 -0.037017043679952621
vn -0.11840898543596268 0.99288272857666016 -0.01277527492493391
vn -0.23077669739723206 0.97284400463104248 -0.017795955762267113
vn -0.25922837853431702 0.96545135974884033 -0.026539148762822151
vn -0.27125799655914307 0.96227067708969116 -0.021312253549695015
vn -0.25388440489768982 0.96702176332473755 -0.020287252962589264
vn -0.39563179016113281 0.91796743869781494 -0.028483165428042412
vn 0.67721444368362427 -0.73383355140686035 -0.053561870008707047
vn 0.96295011043548584 0.25988289713859558 -0.072027385234832764
vn 0.82490891218185425 0.56462496519088745 -0.026905721053481102
vn 0.046176202595233917 -0.99828916788101196 -0.035867448896169662
vn 0.052255101501941681 -0.99794530868530273 -0.037075471132993698
vn 0.012036510743200779 -0.99926036596298218 -0.036522079259157181
vn 0.041206993162631989 -0.99851310253143311 -0.035687632858753204
vn 0.036272700875997543 -0.99860900640487671 -0.038266178220510483
vn 0.031041475012898445 -0.99874216318130493 -0.039376653730869293
vn 0.0022677131928503513 -0.99924415349960327 -0.038806654512882233
vn 0.0053485534153878689 -0.99917399883270264 -0.040282510221004486
vn 0.0092043746262788773 -0.99932962656021118 -0.035434920340776443
vn 0.0091785592958331108 -0.99932992458343506 -0.035432782024145126
vn 0.058893807232379913 -0.99733614921569824 -0.043036263436079025
vn 0.033622454851865768 -0.99853682518005371 -0.042352966964244843
vn 0.027298005297780037 -0.9987034797668457 -0.042966969311237335
vn -0.0045686257071793079 0.99467986822128296 -0.10291304439306259
vn 0.026859620586037636 0.9942736029624939 -0.1034337505698204
vn -0.069916762411594391 0.9959912896156311 -0.055793963372707367
vn -0.07013433426618576 0.99547910690307617 -0.064050726592540741
vn -0.076810933649539948 0.99508857727050781 -0.062440421432256699
vn 0.013718428090214729 0.99771815538406372 -0.066108182072639465
vn -0.06406913697719574 -0.99721765518188477 -0.038105897605419159
vn -0.0044620763510465622 -0.99923622608184814 -0.038821306079626083
vn -0.058130037039518356 -0.99757015705108643 -0.038401126861572266
vn -0.018550584092736244 -0.99902945756912231 -0.039950676262378693
vn -0.071589946746826172 -0.99654465913772583 -0.04211454838514328
vn -0.062075648456811905 -0.99719297885894775 -0.041866358369588852
vn -0.023394061252474785 -0.99909037351608276 -0.035652611404657364
vn -0.021741852164268494 -0.99907231330871582 -0.037172060459852219
vn -0.016942232847213745 -0.99917632341384888 -0.036872442811727524
vn -0.040545497089624405 -0.99826771020889282 -0.042634204030036926
vn -0.045257814228534698 -0.9980844259262085 -0.042181037366390228
vn 0.66701298952102661 0.7433772087097168 -0.049840092658996582
vn 0.64728128910064697 0.76070064306259155 -0.048595543950796127
vn 0.68910205364227295 0.72335976362228394 -0.043462552130222321
vn 0.65137213468551636 0.75654435157775879 -0.057922177016735077
vn 0.62370026111602783 0.78023350238800049 -0.047262001782655716
vn 0.58115971088409424 0.81315320730209351 -0.032175224274396896
vn 0.6459314227104187 0.76102203130722046 -0.060150239616632462
vn 0.64971059560775757 0.75736308097839355 -0.065401241183280945
vn -0.69485408067703247 0.71865338087081909 -0.026742273941636086
vn -0.65805596113204956 0.7527959942817688 -0.016140451654791832
vn -0.68421965837478638 0.72862261533737183 -0.030862001702189445
vn -0.70764929056167603 0.70602577924728394 -0.027569904923439026
vn -0.72117072343826294 0.69170022010803223 -0.038257747888565063
vn -0.70398044586181641 0.70882320404052734 -0.044510263949632645
vn -0.74833953380584717 0.66167962551116943 -0.046561762690544128
vn -0.73297017812728882 0.67737483978271484 -0.06259426474571228
vn -0.73734819889068604 0.6731988787651062 -0.055865198373794556
vn -0.72201800346374512 0.68970030546188354 -0.054804082959890366
vn -0.72728496789932251 0.68466997146606445 -0.04778754711151123
vn -0.75742733478546143 0.65193015336990356 -0.035929299890995026
vn -0.98850834369659424 0.14529035985469818 -0.041737552732229233
vn -0.96087563037872314 0.27519741654396057 -0.031375344842672348
vn -0.0049842661246657372 0.99983745813369751 -0.017326751723885536
vn 0.59075009822845459 0.80609029531478882 -0.035111233592033386
vn 0.62452155351638794 0.77994275093078613 -0.040769904851913452
vn 0.5512620210647583 0.83405351638793945 -0.021562449634075165
vn -0.966178297996521 0.25578957796096802 -0.032728999853134155
vn 0.055852416902780533 -0.99771136045455933 -0.038111623376607895
vn -0.77759593725204468 -0.62658530473709106 -0.052301842719316483
vn -0.89523309469223022 0.44075357913970947 -0.065528243780136108
vn -0.70088797807693481 0.70330029726028442 -0.11884733289480209
vn -0.7894713282585144 0.60212165117263794 -0.11909902840852737
vn -0.78041690587997437 0.61375671625137329 -0.11938253790140152
vn -0.84253740310668945 0.52567273378372192 -0.11746854335069656
vn -0.74823081493377686 -0.65848636627197266 -0.080909222364425659
vn -0.030311182141304016 -0.52345448732376099 -0.85151433944702148
vn -0.039220999926328659 -0.52806270122528076 -0.84829914569854736
vn -0.063850581645965576 -0.54982715845108032 -0.83283442258834839
vn 0.14057788252830505 -0.87503230571746826 -0.46320220828056335
vn 0.19446347653865814 -0.92483901977539062 -0.32688945531845093
vn -0.029731784015893936 -0.52516967058181763 -0.85047799348831177
vn 0.36465898156166077 -0.90245646238327026 -0.22933851182460785
vn 0.090591683983802795 -0.88381421566009521 -0.45898324251174927
vn 0.24587592482566833 -0.86141335964202881 -0.44442322850227356
vn -0.29027217626571655 -0.93688631057739258 -0.19490019977092743
vn -0.15758584439754486 -0.87237441539764404 -0.46274134516716003
vn 0.018792962655425072 -0.54556810855865479 -0.8378557562828064
vn 0.10688440501689911 -0.58679556846618652 -0.80264979600906372
vn 0.12077074497938156 -0.59479707479476929 -0.79475206136703491
vn 0.019516514614224434 -0.53101366758346558 -0.84713846445083618
vn -0.45132768154144287 0.86621540784835815 -0.21441595256328583
vn -0.38281649351119995 0.89200526475906372 -0.24037079513072968
vn 0.25969880819320679 0.62653547525405884 -0.73485362529754639
vn 0.10447791963815689 0.82900762557983398 -0.54939121007919312
vn 0.32541599869728088 0.905753493309021 -0.27150517702102661
vn -0.19463886320590973 0.66426759958267212 -0.72170925140380859
vn 0.2281191349029541 -0.97258251905441284 -0.045221198350191116
vn 0.70683181285858154 0.69749367237091064 -0.11786158382892609
vn -0.63723504543304443 -0.76979881525039673 -0.036622524261474609
vn -0.62289685010910034 -0.78144317865371704 -0.036688987165689468
vn -0.6012691855430603 -0.79850786924362183 -0.029336286708712578
vn -0.0075899306684732437 -0.99889171123504639 -0.04645153135061264
vn 0.072612188756465912 -0.99586141109466553 -0.054658025503158569
vn 0.90283167362213135 0.4237079918384552 -0.073256492614746094
vn 0.9140552282333374 0.39968109130859375 -0.068978980183601379
vn -0.023195791989564896 -0.50903695821762085 -0.86043202877044678
vn -0.78253209590911865 -0.62202572822570801 -0.026972474530339241
vn 0.75294691324234009 0.65674829483032227 -0.041864641010761261
vn -0.98507100343704224 -0.1284250020980835 -0.11463890224695206
vn 0.90557938814163208 0.096459433436393738 -0.413063645362854
vn 0.54651635885238647 0.0031017458532005548 -0.83744269609451294
vn 0.29697009921073914 -0.058525033295154572 -0.95309162139892578
vn -0.082202613353729248 -0.63895833492279053 -0.76483654975891113
vn -0.051520008593797684 -0.61277025938034058 -0.78857988119125366
vn -0.27937906980514526 -0.64114171266555786 -0.71476197242736816
vn 0.28885960578918457 0.099693633615970612 -0.95216661691665649
vn 0.29036763310432434 0.099058419466018677 -0.95177417993545532
vn -0.99582302570343018 0.064293168485164642 -0.064829267561435699
vn -0.9892541766166687 -0.12660223245620728 -0.073130697011947632
vn 0.9991753101348877 0.031963765621185303 -0.025040736421942711
vn 0.87449568510055542 0.47959372401237488 -0.072437211871147156
vn 0.97444367408752441 -0.21905706822872162 -0.049734856933355331
vn 0.96109539270401001 -0.26798027753829956 -0.066949382424354553
vn 0.89898645877838135 -0.43228647112846375 -0.070368878543376923
vn -0.2320893406867981 -0.63040512800216675 -0.74075901508331299
vn 0.044554341584444046 -0.99853312969207764 -0.030764954164624214
vn -0.0047834347933530807 -0.99951988458633423 -0.03061302937567234
vn -0.79454869031906128 -0.60278451442718506 -0.073097281157970428
vn -0.49585661292076111 0.86478948593139648 -0.079153865575790405
vn 0.81525290012359619 -0.57551008462905884 -0.064427599310874939
vn 0.23503188788890839 -0.23531647026538849 -0.94307273626327515
vn 0.0049136173911392689 -0.54237937927246094 -0.84011930227279663
vn -0.0041954964399337769 -0.54577147960662842 -0.83792358636856079
vn -0.30878865718841553 0.017167802900075912 -0.95097571611404419
vn 0.30482465028762817 0.0047634253278374672 -0.95239657163619995
vn 0.66646003723144531 0.74420309066772461 -0.044640589505434036
vn -0.96364593505859375 -0.26398378610610962 -0.04121943935751915
vn 0.087736323475837708 0.9914853572845459 -0.09622461348772049
vn 0.080471329391002655 0.99302190542221069 -0.086208418011665344
vn -0.44348669052124023 0.89094704389572144 -0.097636550664901733
vn 0.90028101205825806 0.43010333180427551 -0.067120574414730072
vn 0.73426318168640137 0.67686283588409424 -0.052099075168371201
vn -0.67839854955673218 -0.73114699125289917 -0.072107374668121338
vn 0.96969640254974365 -0.04425463080406189 -0.24027155339717865
vn -0.056583378463983536 0.53001093864440918 -0.84610086679458618
vn -0.0016070046694949269 0.45390397310256958 -0.89104914665222168
vn -0.30897757411003113 0.0040860073640942574 -0.95106053352355957
vn 0.70797908306121826 0.70500421524047852 -0.041649352759122849
vn 0.97877198457717896 -0.19910694658756256 -0.048598267138004303
vn 0.077750973403453827 0.99509197473526001 -0.061210498213768005
vn 0.03413129597902298 0.9972912073135376 -0.065156430006027222
vn 0.53282874822616577 0.8418918251991272 -0.085507974028587341
vn -0.59896695613861084 0.7945600152015686 -0.099563688039779663
vn -0.92445141077041626 -0.37258648872375488 -0.081049099564552307
vn 0.31070178747177124 0.95029634237289429 -0.020032273605465889
vn 0.0042269658297300339 -0.51077067852020264 -0.85970664024353027
vn 0.19603708386421204 -0.28924986720085144 -0.93696528673171997
vn -0.25772601366043091 -0.20556683838367462 -0.94409722089767456
vn 0.20582447946071625 0.22992399334907532 -0.9511946439743042
vn 0.3043479323387146 -4.9246118578594178E-05 -0.95256096124649048
vn 0.055619452148675919 0.99341994524002075 -0.1001165583729744
vn 0.99936288595199585 0.025801418349146843 -0.024658778682351112
vn -0.71908962726593018 -0.69414281845092773 -0.032799262553453445
vn -0.22487200796604156 0.97422093152999878 -0.018059996888041496
vn -0.11887713521718979 0.5866464376449585 -0.80107063055038452
vn 0.0074654696509242058 0.46135175228118896 -0.88718587160110474
vn -0.0062365015037357807 0.4715314507484436 -0.88182717561721802
vn 0.039513640105724335 0.99778079986572266 -0.053592938929796219
vn -0.99852406978607178 -0.049650996923446655 -0.022010823711752892
vn -0.62744253873825073 0.77094066143035889 -0.10939083993434906
vn 0.0082323253154754639 0.99649393558502197 -0.083259314298629761
vn 0.99583393335342407 0.064969800412654877 -0.063982062041759491
vn -0.8878905177116394 -0.45875373482704163 -0.034575127065181732
vn -0.86342418193817139 0.50325113534927368 -0.035170074552297592
vn -0.055461917072534561 -0.9977688193321228 -0.037166640162467957
vn -0.08500438928604126 -0.53002440929412842 -0.84371107816696167
vn 0.16183337569236755 0.28263121843338013 -0.94547849893569946
vn 0.73164963722229004 -0.68009346723556519 -0.046493925154209137
vn -0.032893233001232147 0.99418044090270996 -0.10258285701274872
vn 0.86038780212402344 0.50696295499801636 -0.052167028188705444
usemtl vc_551E21__Vernice
f 2//2 4//4 3//3 1//1
f 5//5 6//6 7//7
f 8//8 9//9 7//7
f 10//10 7//7 6//6
f 7//7 10//10 8//8
f 10//10 11//11 8//8
f 12//12 13//13 8//8
f 15//15 12//12 16//16 14//14
f 3//3 9//9 17//17
f 18//18 3//3 17//17
f 12//12 15//15 19//19 20//20
f 21//21 24//24 22//22 23//23
f 25//25 24//24 26//26
f 22//22 27//27 28//28
f 28//28 29//29 30//30
f 31//31 27//27 24//24
f 25//25 32//32 31//31
f 25//25 33//33 32//32
f 34//34 35//35 31//31
f 36//36 34//34 32//32
f 37//37 35//35 38//38
f 32//32 33//33 39//39
f 40//40 41//41 42//42
f 43//43 42//42 41//41
f 44//44 45//45 42//42
f 45//45 44//44 46//46
f 47//47 48//48 46//46
f 44//44 49//49 50//50
f 42//42 51//51 52//52
f 53//53 54//54 45//45
f 48//48 53//53 45//45
f 57//57 728//728 55//55 56//56
f 58//58 57//57 59//59
f 59//59 60//60 58//58
f 59//59 61//61 60//60
f 62//62 63//63 64//64
f 61//61 64//64 60//60
f 65//65 66//66 60//60
f 64//64 63//63 65//65
f 66//66 67//67 68//68
f 67//67 66//66 65//65
f 60//60 69//69 58//58
f 68//68 70//70 69//69
f 71//71 68//68 67//67
f 68//68 71//71 70//70
f 73//73 689//689 63//63 72//72
f 74//74 75//75 76//76
f 76//76 77//77 74//74
f 78//78 79//79 80//80
f 81//81 82//82 83//83
f 84//84 85//85 83//83
f 85//85 84//84 86//86
f 87//87 88//88 89//89
f 83//83 85//85 81//81
f 81//81 85//85 90//90 91//91
f 86//86 93//93 92//92 85//85
f 94//94 92//92 95//95
f 96//96 97//97 98//98
f 85//85 663//663 99//99 90//90
f 97//97 96//96 100//100
f 94//94 663//663 85//85 92//92
f 101//101 102//102 103//103
f 104//104 97//97 105//105
f 104//104 98//98 97//97
f 106//106 82//82 91//91
f 107//107 108//108 109//109
f 108//108 115//115 111//111 110//110
f 112//112 113//113 114//114
f 102//102 101//101 111//111 115//115
f 107//107 109//109 116//116
f 119//119 168//168 117//117 118//118
f 120//120 119//119 121//121
f 121//121 118//118 122//122 123//123
f 121//121 123//123 120//120
f 123//123 124//124 125//125
f 124//124 126//126 127//127
f 126//126 124//124 128//128
f 130//130 127//127 126//126 129//129
f 131//131 126//126 132//132
f 133//133 134//134 130//130
f 133//133 130//130 129//129 135//135
f 131//131 136//136 126//126
f 137//137 131//131 138//138
f 139//139 135//135 136//136
f 133//133 135//135 140//140
f 141//141 140//140 139//139
f 142//142 137//137 143//143
f 136//136 145//145 144//144 139//139
f 145//145 146//146 144//144
f 147//147 148//148 149//149
f 150//150 141//141 151//151
f 152//152 153//153 141//141
f 154//154 155//155 144//144
f 154//154 173//173 156//156 155//155
f 157//157 158//158 159//159
f 162//162 157//157 160//160 161//161
f 163//163 159//159 158//158
f 161//161 165//165 164//164 162//162
f 167//167 164//164 165//165 166//166
f 168//168 169//169 170//170
f 124//124 123//123 122//122 171//171
f 171//171 172//172 128//128
f 153//153 140//140 141//141
f 173//173 148//148 147//147
f 174//174 175//175 176//176
f 177//177 175//175 178//178
f 179//179 178//178 174//174
f 180//180 182//182 175//175 177//177
f 181//181 182//182 180//180
f 183//183 184//184 185//185
f 186//186 187//187 188//188
f 191//191 200//200 189//189 190//190
f 192//192 193//193 194//194
f 196//196 210//210 185//185 195//195
f 197//197 183//183 198//198
f 198//198 199//199 197//197
f 201//201 189//189 200//200 194//194
f 202//202 203//203 204//204
f 194//194 193//193 205//205
f 206//206 190//190 207//207
f 199//199 208//208 209//209
f 199//199 210//210 211//211
f 212//212 213//213 193//193
f 211//211 214//214 199//199
f 207//207 189//189 215//215
f 215//215 201//201 216//216
f 217//217 206//206 218//218
f 219//219 216//216 205//205 213//213
f 219//219 215//215 216//216
f 208//208 220//220 221//221
f 186//186 191//191 187//187
f 183//183 187//187 222//222
f 219//219 223//223 218//218
f 224//224 225//225 226//226
f 227//227 228//228 229//229
f 227//227 230//230 228//228
f 229//229 231//231 232//232
f 233//233 228//228 234//234
f 235//235 236//236 225//225
f 237//237 232//232 231//231
f 235//235 238//238 236//236
f 239//239 235//235 225//225
f 240//240 241//241 224//224
f 242//242 243//243 244//244
f 245//245 259//259 233//233 238//238
f 233//233 246//246 231//231
f 247//247 248//248 237//237
f 249//249 239//239 241//241
f 245//245 238//238 235//235
f 250//250 251//251 242//242
f 242//242 740//740 252//252 250//250
f 246//246 254//254 237//237 231//231
f 243//243 251//251 253//253
f 254//254 255//255 256//256
f 257//257 255//255 254//254 246//246
f 258//258 237//237 254//254 256//256
f 245//245 246//246 259//259
f 239//239 249//249 245//245
f 250//250 260//260 253//253
f 253//253 249//249 261//261
f 262//262 257//257 245//245
f 262//262 245//245 263//263
f 264//264 234//234 230//230
f 265//265 266//266 267//267
f 268//268 269//269 270//270
f 269//269 303//303 271//271 270//270
f 272//272 273//273 274//274
f 275//275 276//276 277//277
f 265//265 267//267 278//278
f 272//272 279//279 280//280
f 273//273 272//272 281//281
f 278//278 267//267 282//282
f 270//270 283//283 282//282
f 277//277 276//276 284//284
f 280//280 285//285 281//281
f 282//282 286//286 278//278
f 287//287 288//288 283//283
f 283//283 277//277 289//289
f 281//281 290//290 273//273
f 289//289 284//284 291//291
f 290//290 292//292 284//284
f 286//286 293//293 294//294
f 287//287 295//295 288//288
f 296//296 287//287 289//289 291//291
f 298//298 293//293 286//286 297//297
f 295//295 298//298 297//297
f 296//296 291//291 299//299
f 300//300 301//301 302//302
f 304//304 279//279 305//305
f 280//280 279//279 304//304
f 280//280 304//304 285//285
f 306//306 706//706 290//290 281//281
f 301//301 300//300 306//306
f 307//307 293//293 298//298
f 299//299 308//308 298//298
f 308//308 299//299 309//309
f 311//311 637//637 312//312 310//310
f 313//313 314//314 315//315
f 316//316 317//317 318//318
f 319//319 320//320 321//321
f 323//323 325//325 319//319 322//322
f 324//324 319//319 325//325
f 326//326 327//327 325//325
f 328//328 329//329 323//323
f 330//330 325//325 323//323
f 331//331 323//323 329//329
f 331//331 332//332 323//323
f 330//330 323//323 332//332
f 333//333 334//334 335//335
f 336//336 337//337 338//338
f 333//333 335//335 339//339
f 340//340 341//341 339//339
f 342//342 343//343 338//338
f 339//339 343//343 333//333
f 344//344 345//345 337//337
f 346//346 333//333 347//347
f 343//343 342//342 333//333
f 333//333 348//348 347//347
f 342//342 345//345 348//348
f 345//345 344//344 349//349
f 350//350 347//347 351//351
f 347//347 350//350 352//352
f 349//349 353//353 350//350
f 349//349 344//344 353//353
f 350//350 353//353 354//354
f 355//355 356//356 344//344
f 357//357 358//358 352//352
f 359//359 352//352 354//354
f 360//360 354//354 353//353
f 361//361 362//362 355//355
f 363//363 361//361 355//355
f 357//357 359//359 364//364
f 364//364 359//359 362//362
f 363//363 674//674 362//362 361//361
f 365//365 366//366 367//367
f 368//368 369//369 370//370
f 369//369 371//371 370//370
f 372//372 373//373 374//374
f 375//375 368//368 373//373
f 378//378 401//401 376//376 377//377
f 373//373 372//372 379//379
f 379//379 372//372 380//380
f 372//372 377//377 380//380
f 373//373 379//379 375//375
f 377//377 376//376 380//380
f 379//379 380//380 381//381
f 381//381 380//380 382//382
f 382//382 380//380 376//376 383//383
f 376//376 384//384 383//383
f 385//385 386//386 387//387
f 388//388 389//389 390//390
f 391//391 379//379 392//392
f 392//392 379//379 389//389
f 390//390 394//394 393//393 388//388
f 394//394 395//395 396//396
f 388//388 397//397 389//389
f 398//398 394//394 399//399
f 399//399 394//394 396//396
f 379//379 400//400 375//375
f 391//391 400//400 379//379
f 402//402 403//403 404//404
f 407//407 429//429 405//405 406//406
f 405//405 402//402 408//408
f 409//409 405//405 410//410
f 408//408 411//411 412//412
f 406//406 409//409 413//413
f 411//411 414//414 412//412
f 415//415 416//416 410//410
f 410//410 408//408 415//415
f 414//414 417//417 412//412
f 415//415 417//417 416//416
f 418//418 419//419 416//416
f 416//416 417//417 418//418
f 420//420 421//421 418//418
f 422//422 419//419 423//423
f 423//423 418//418 424//424
f 423//423 425//425 422//422
f 426//426 427//427 428//428
f 428//428 404//404 403//403
f 402//402 405//405 429//429 403//403
f 431//431 675//675 432//432 430//430
f 433//433 434//434 435//435
f 436//436 432//432 437//437
f 439//439 441//441 440//440 438//438
f 439//439 436//436 437//437 441//441
f 425//425 442//442 422//422
f 402//402 404//404 411//411
f 418//418 443//443 420//420
f 444//444 445//445 446//446
f 447//447 448//448 449//449
f 450//450 451//451 452//452
f 450//450 452//452 453//453
f 453//453 452//452 454//454
f 455//455 456//456 457//457
f 458//458 459//459 460//460
f 458//458 461//461 459//459
f 458//458 460//460 462//462
f 463//463 464//464 465//465
f 466//466 467//467 468//468
f 469//469 470//470 471//471
f 472//472 473//473 474//474
f 475//475 476//476 477//477
f 478//478 479//479 480//480
f 481//481 482//482 483//483
f 484//484 481//481 485//485
f 483//483 485//485 481//481
f 486//486 487//487 488//488
f 489//489 490//490 491//491
f 486//486 488//488 492//492
f 491//491 488//488 487//487
f 489//489 493//493 490//490
f 494//494 495//495 496//496
f 496//496 497//497 498//498
f 499//499 500//500 501//501
f 504//504 725//725 502//502 503//503
f 505//505 506//506 507//507
f 508//508 507//507 506//506
f 507//507 509//509 505//505
f 510//510 511//511 512//512
f 513//513 514//514 515//515
f 515//515 514//514 516//516
f 514//514 517//517 518//518
f 515//515 519//519 513//513
f 520//520 521//521 522//522
f 520//520 523//523 521//521
f 524//524 525//525 526//526
f 527//527 528//528 529//529
f 530//530 527//527 529//529
f 531//531 532//532 533//533
f 534//534 535//535 536//536
f 537//537 538//538 539//539
f 540//540 541//541 542//542
f 543//543 4//4 544//544
f 545//545 546//546 26//26
f 86//86 547//547 548//548
f 173//173 549//549 156//156
f 550//550 551//551 552//552
f 553//553 191//191 554//554
f 190//190 555//555 191//191
f 556//556 557//557 190//190
f 558//558 559//559 556//556
f 560//560 217//217 561//561
f 244//244 562//562 563//563
f 564//564 242//242 244//244
f 565//565 566//566 242//242
f 567//567 263//263 253//253
f 568//568 278//278 569//569
f 570//570 571//571 572//572
f 293//293 307//307 573//573
f 327//327 744//744 574//574 325//325
f 575//575 364//364 576//576
f 93//93 86//86 89//89
f 93//93 577//577 578//578
f 579//579 578//578 580//580
f 95//95 581//581 582//582
f 583//583 584//584 95//95
f 585//585 586//586 579//579
f 587//587 94//94 95//95
f 94//94 588//588 589//589
f 172//172 745//745 590//590 591//591
f 270//270 282//282 268//268
f 592//592 593//593 277//277
f 275//275 277//277 594//594
f 274//274 276//276 595//595
f 596//596 418//418 421//421
f 597//597 598//598 599//599
f 600//600 420//420 601//601
f 602//602 603//603 604//604
f 601//601 605//605 606//606
f 607//607 608//608 609//609
f 607//607 610//610 611//611
f 611//611 612//612 608//608
f 613//613 610//610 614//614
f 615//615 616//616 617//617
f 618//618 617//617 619//619
f 620//620 619//619 617//617
f 619//619 620//620 621//621
f 622//622 623//623 624//624
f 623//623 621//621 625//625
f 626//626 619//619 621//621
f 9//9 3//3 627//627
f 12//12 8//8 16//16
f 29//29 31//31 30//30
f 244//244 226//226 628//628
f 629//629 266//266 265//265
f 631//631 612//612 632//632 630//630
f 633//633 5//5 4//4
f 92//92 578//578 634//634
f 202//202 188//188 209//209
f 208//208 221//221 635//635
f 214//214 220//220 208//208
f 636//636 227//227 229//229
f 637//637 638//638 639//639
f 640//640 639//639 638//638
f 426//426 428//428 403//403
f 432//432 436//436 430//430
f 440//440 641//641 438//438
f 642//642 643//643 644//644
f 645//645 646//646 647//647
f 648//648 649//649 650//650
f 651//651 652//652 653//653
f 654//654 655//655 656//656
f 657//657 534//534 536//536
f 658//658 540//540 659//659
f 660//660 661//661 662//662
f 598//598 420//420 599//599
f 92//92 93//93 578//578
f 98//98 106//106 91//91
f 95//95 92//92 634//634
f 169//169 167//167 664//664
f 665//665 666//666 667//667
f 194//194 191//191 186//186
f 192//192 186//186 202//202
f 376//376 401//401 384//384
f 443//443 417//417 414//414
f 668//668 601//601 669//669
f 24//24 21//21 26//26
f 44//44 43//43 49//49
f 670//670 48//48 671//671
f 60//60 66//66 69//69
f 75//75 672//672 76//76
f 100//100 91//91 90//90
f 204//204 212//212 192//192
f 203//203 202//202 635//635
f 218//218 673//673 217//217
f 234//234 264//264 236//236
f 229//229 228//228 231//231
f 241//241 225//225 224//224
f 224//224 226//226 240//240
f 237//237 258//258 247//247
f 357//357 364//364 366//366
f 362//362 674//674 364//364
f 381//381 382//382 386//386
f 433//433 435//435 675//675
f 676//676 677//677 446//446
f 678//678 456//456 462//462
f 679//679 467//467 680//680
f 467//467 466//466 681//681
f 494//494 496//496 498//498
f 683//683 503//503 502//502 682//682
f 530//530 532//532 531//531
f 4//4 5//5 627//627
f 11//11 10//10 6//6
f 16//16 11//11 14//14
f 13//13 684//684 9//9
f 13//13 12//12 684//684
f 24//24 27//27 22//22
f 31//31 24//24 25//25
f 685//685 34//34 36//36
f 35//35 34//34 38//38
f 40//40 52//52 686//686
f 40//40 42//42 52//52
f 671//671 687//687 670//670
f 61//61 56//56 688//688
f 56//56 61//61 59//59
f 60//60 64//64 65//65
f 65//65 689//689 67//67
f 63//63 690//690 72//72
f 79//79 691//691 80//80
f 692//692 89//89 548//548
f 96//96 91//91 100//100
f 88//88 87//87 693//693
f 137//137 136//136 131//131
f 146//146 145//145 142//142
f 148//148 144//144 146//146 149//149
f 151//151 155//155 150//150
f 155//155 151//151 144//144
f 148//148 173//173 154//154
f 133//133 140//140 134//134
f 694//694 210//210 196//196
f 263//263 245//245 249//249
f 270//270 592//592 283//283
f 288//288 282//282 283//283
f 286//286 282//282 297//297
f 295//295 287//287 299//299
f 292//292 706//706 300//300 695//695
f 311//311 736//736 300//300 302//302
f 321//321 322//322 319//319
f 341//341 336//336 338//338 343//343
f 353//353 344//344 356//356
f 372//372 374//374 377//377
f 384//384 395//395 387//387 386//386
f 696//696 392//392 389//389
f 393//393 394//394 398//398
f 461//461 697//697 459//459
f 698//698 680//680 699//699
f 482//482 480//480 483//483
f 493//493 700//700 490//490
f 683//683 682//682 701//701
f 371//371 374//374 373//373
f 702//702 608//608 631//631
f 610//610 613//613 611//611
f 623//623 625//625 624//624
f 23//23 22//22 703//703
f 30//30 35//35 37//37
f 51//51 42//42 45//45
f 48//48 47//47 671//671
f 688//688 62//62 64//64 61//61
f 91//91 82//82 81//81
f 91//91 96//96 98//98
f 128//128 704//704 705//705
f 130//130 134//134 127//127
f 128//128 705//705 126//126
f 126//126 136//136 129//129
f 137//137 145//145 136//136
f 191//191 194//194 200//200
f 198//198 185//185 210//210
f 189//189 207//207 190//190
f 233//233 234//234 236//236 238//238
f 261//261 241//241 240//240
f 225//225 264//264 226//226
f 265//265 278//278 568//568
f 570//570 286//286 294//294
f 299//299 291//291 695//695
f 707//707 346//346 347//347
f 355//355 708//708 356//356
f 360//360 362//362 359//359
f 389//389 381//381 385//385
f 390//390 387//387 394//394
f 406//406 405//405 409//409
f 415//415 412//412 417//417
f 709//709 427//427 641//641
f 443//443 418//418 417//417
f 676//676 710//710 677//677
f 678//678 462//462 460//460
f 480//480 482//482 478//478
f 491//491 487//487 489//489
f 497//497 496//496 711//711
f 509//509 712//712 505//505
f 518//518 517//517 713//713
f 530//530 529//529 532//532
f 714//714 609//609 702//702
f 188//188 197//197 209//209
f 56//56 55//55 715//715 688//688
f 221//221 219//219 213//213
f 433//433 675//675 431//431
f 679//679 680//680 698//698
f 18//18 1//1 3//3
f 8//8 13//13 9//9
f 47//47 46//46 50//50
f 89//89 86//86 548//548
f 105//105 97//97 103//103
f 716//716 132//132 717//717
f 125//125 127//127 134//134 718//718
f 175//175 174//174 178//178
f 175//175 182//182 666//666
f 202//202 209//209 635//635
f 203//203 221//221 212//212
f 556//556 206//206 217//217
f 201//201 205//205 216//216
f 251//251 243//243 242//242
f 253//253 251//251 250//250
f 263//263 249//249 253//253
f 334//334 333//333 346//346
f 359//359 354//354 360//360
f 371//371 373//373 370//370
f 443//443 601//601 420//420
f 702//702 631//631 630//630
f 295//295 299//299 298//298
f 145//145 137//137 142//142
f 150//150 152//152 141//141
f 592//592 277//277 283//283
f 719//719 309//309 300//300
f 11//11 16//16 8//8
f 39//39 36//36 32//32
f 720//720 37//37 38//38
f 45//45 46//46 48//48
f 63//63 689//689 65//65
f 108//108 110//110 109//109
f 124//124 127//127 125//125
f 138//138 131//131 716//716
f 152//152 150//150 721//721
f 157//157 159//159 160//160
f 167//167 166//166 664//664
f 169//169 664//664 170//170
f 184//184 195//195 185//185
f 192//192 194//194 186//186
f 183//183 197//197 188//188
f 192//192 202//202 204//204
f 206//206 556//556 190//190
f 213//213 205//205 193//193
f 206//206 207//207 218//218
f 215//215 219//219 218//218
f 243//243 240//240 244//244
f 237//237 248//248 232//232
f 231//231 228//228 233//233
f 249//249 241//241 261//261
f 234//234 228//228 230//230
f 273//273 276//276 274//274
f 313//313 315//315 640//640
f 338//338 337//337 342//342
f 708//708 360//360 356//356
f 362//362 360//360 708//708
f 374//374 378//378 377//377
f 384//384 386//386 382//382 383//383
f 408//408 412//412 415//415
f 602//602 424//424 418//418
f 427//427 709//709 428//428
f 643//643 642//642 722//722
f 463//463 465//465 723//723
f 467//467 679//679 468//468
f 486//486 492//492 724//724
f 701//701 726//726 683//683
f 624//624 625//625 620//620
f 29//29 27//27 31//31
f 31//31 35//35 30//30
f 637//637 639//639 312//312
f 640//640 638//638 313//313
f 66//66 68//68 69//69
f 203//203 635//635 221//221
f 288//288 295//295 297//297 282//282
f 727//727 704//704 128//128
f 203//203 212//212 204//204
f 4//4 627//627 3//3
f 27//27 29//29 28//28
f 32//32 34//34 31//31
f 44//44 42//42 43//43
f 50//50 46//46 44//44
f 125//125 718//718 120//120
f 139//139 144//144 151//151 141//141
f 174//174 176//176 729//729
f 183//183 185//185 198//198
f 199//199 209//209 197//197
f 215//215 189//189 201//201
f 210//210 694//694 211//211
f 207//207 215//215 218//218
f 239//239 225//225 241//241
f 261//261 240//240 243//243
f 243//243 253//253 261//261
f 276//276 273//273 284//284
f 730//730 278//278 570//570
f 286//286 570//570 278//278
f 277//277 284//284 289//289
f 300//300 706//706 306//306
f 299//299 695//695 309//309
f 341//341 343//343 339//339
f 342//342 348//348 333//333
f 358//358 707//707 347//347
f 350//350 354//354 352//352
f 357//357 352//352 359//359
f 368//368 370//370 373//373
f 386//386 385//385 381//381
f 390//390 385//385 387//387
f 395//395 394//394 387//387
f 389//389 385//385 390//390
f 397//397 696//696 389//389
f 409//409 410//410 413//413
f 416//416 413//413 410//410
f 500//500 499//499 731//731
f 511//511 732//732 512//512
f 514//514 518//518 516//516
f 524//524 526//526 733//733
f 137//137 138//138 734//734
f 276//276 275//275 595//595
f 608//608 702//702 609//609
f 186//186 188//188 202//202
f 21//21 735//735 26//26
f 212//212 193//193 192//192
f 264//264 225//225 236//236
f 618//618 619//619 626//626
f 12//12 20//20 684//684
f 34//34 685//685 38//38
f 686//686 41//41 40//40
f 155//155 721//721 150//150
f 290//290 706//706 292//292
f 287//287 296//296 299//299
f 695//695 300//300 309//309
f 736//736 719//719 300//300
f 709//709 641//641 440//440
f 259//259 246//246 233//233
f 717//717 132//132 705//705 737//737
f 324//324 325//325 574//574
f 360//360 353//353 356//356
f 9//9 627//627 7//7
f 49//49 738//738 50//50
f 56//56 59//59 57//57
f 118//118 121//121 119//119
f 123//123 125//125 120//120
f 135//135 129//129 136//136
f 140//140 135//135 139//139
f 137//137 734//734 143//143
f 144//144 148//148 154//154
f 168//168 170//170 117//117
f 171//171 128//128 124//124
f 172//172 727//727 128//128
f 175//175 666//666 176//176
f 187//187 183//183 188//188
f 194//194 205//205 201//201
f 199//199 198//198 210//210
f 208//208 635//635 209//209
f 739//739 556//556 217//217
f 214//214 208//208 199//199
f 212//212 221//221 213//213
f 245//245 235//235 239//239
f 257//257 246//246 245//245
f 271//271 592//592 270//270
f 272//272 280//280 281//281
f 287//287 283//283 289//289
f 290//290 284//284 273//273
f 292//292 291//291 284//284
f 310//310 736//736 311//311
f 281//281 285//285 306//306
f 322//322 328//328 323//323
f 335//335 340//340 339//339
f 345//345 351//351 348//348
f 345//345 349//349 351//351
f 347//347 348//348 351//351
f 347//347 352//352 358//358
f 349//349 350//350 351//351
f 362//362 708//708 355//355
f 379//379 381//381 389//389
f 393//393 397//397 388//388
f 402//402 411//411 408//408
f 405//405 408//408 410//410
f 419//419 418//418 423//423
f 741//741 602//602 418//418
f 456//456 678//678 457//457
f 472//472 474//474 742//742
f 499//499 501//501 743//743
f 282//282 267//267 268//268
f 607//607 611//611 608//608
f 612//612 631//631 608//608
f 620//620 625//625 621//621
f 100//100 90//90 99//99
f 226//226 244//244 240//240
f 674//674 746//746 364//364
f 5//5 7//7 627//627
f 689//689 73//73 67//67
f 705//705 132//132 126//126
f 291//291 292//292 695//695
f 105//105 103//103 102//102
f 131//131 132//132 716//716
f 337//337 345//345 342//342
vn 0.28094229102134705 -0.95908200740814209 -0.035115323960781097
vn 0.32990255951881409 -0.943320631980896 -0.036200724542140961
vn 0.25911784172058105 -0.96520429849624634 -0.035194393247365952
vn 0.24452713131904602 -0.96918940544128418 -0.029636498540639877
vn 0.22518615424633026 -0.9736296534538269 -0.036558419466018677
vn 0.25913789868354797 -0.9655531644821167 -0.023549824953079224
vn 0.17049024999141693 -0.98481899499893188 -0.032627616077661514
vn 0.14752550423145294 -0.98853230476379395 -0.032251346856355667
vn 0.17250774800777435 -0.984466552734375 -0.032660812139511108
vn 0.09998677670955658 -0.9944877028465271 -0.031573034822940826
vn 0.09998677670955658 -0.9944877028465271 -0.031573034822940826
vn 0.09998677670955658 -0.9944877028465271 -0.031573034822940826
vn 0.047925136983394623 -0.9983670711517334 -0.031086474657058716
vn 0.053198572248220444 -0.99809855222702026 -0.031132576987147331
vn 0.056808013468980789 -0.9978986382484436 -0.031163640320301056
vn -0.63833820819854736 -0.76914036273956299 -0.030780825763940811
vn -0.63833415508270264 -0.76915329694747925 -0.030540918931365013
vn -0.63833284378051758 -0.76915735006332397 -0.030465750023722649
vn -0.63833993673324585 -0.76913458108901978 -0.03088807500898838
vn -0.37918049097061157 -0.9244655966758728 -0.03981877863407135
vn -0.37235277891159058 -0.92724186182022095 -0.039697460830211639
vn -0.32454434037208557 -0.94511663913726807 -0.037756357342004776
vn -0.34314915537834167 -0.93849879503250122 -0.038322463631629944
vn -0.31611016392707825 -0.94795942306518555 -0.038042645901441574
vn -0.29800060391426086 -0.95386898517608643 -0.036464326083660126
vn -0.28615546226501465 -0.95749902725219727 -0.036202546209096909
vn -0.24434846639633179 -0.96906614303588867 -0.034707866609096527
vn -0.25166952610015869 -0.9671671986579895 -0.035356834530830383
vn -0.23774822056293488 -0.97072106599807739 -0.034298021346330643
vn -0.21408797800540924 -0.97623330354690552 -0.033688679337501526
vn -0.21137022972106934 -0.97682595252990723 -0.033670879900455475
vn -0.1957383006811142 -0.98008161783218384 -0.033563658595085144
vn -0.086158566176891327 -0.99578624963760376 -0.031407896429300308
vn -0.086158566176891327 -0.99578624963760376 -0.031407896429300308
vn -0.086158566176891327 -0.99578624963760376 -0.031407896429300308
vn -0.39445802569389343 -0.9180184006690979 -0.040559079498052597
vn -0.42627346515655518 -0.90363675355911255 -0.041611913591623306
vn -0.39875456690788269 -0.91616338491439819 -0.040490489453077316
vn -0.016454573720693588 -0.99938660860061646 -0.030913865193724632
vn -0.016454573720693588 -0.99938660860061646 -0.030913865193724632
vn -0.016454573720693588 -0.99938660860061646 -0.030913865193724632
vn -0.67540931701660156 -0.7366904616355896 -0.033307954668998718
vn -0.67232680320739746 -0.73958015441894531 -0.031588487327098846
vn -0.67811477184295654 -0.73413056135177612 -0.034823052585124969
vn -0.17374022305011749 -0.98423933982849121 -0.032973300665616989
vn -0.20853684842586517 -0.97745054960250854 -0.033208355307579041
vn -0.16363668441772461 -0.98597198724746704 -0.032897595316171646
vn -0.42697221040725708 -0.90327620506286621 -0.042271565645933151
vn 0.21190550923347473 -0.97671723365783691 -0.033459562808275223
vn 0.21190550923347473 -0.97671723365783691 -0.033459562808275223
vn 0.21190550923347473 -0.97671723365783691 -0.033459562808275223
vn 0.13467875123023987 -0.9903714656829834 -0.032031629234552383
vn 0.14886322617530823 -0.98833149671554565 -0.032258573919534683
vn 0.07686055451631546 -0.99654954671859741 -0.031328905373811722
vn -0.13278187811374664 -0.99062544107437134 -0.032097667455673218
vn -0.13278187811374664 -0.99062544107437134 -0.032097667455673218
vn -0.13278187811374664 -0.99062544107437134 -0.032097667455673218
vn -0.086158566176891327 -0.99578624963760376 -0.031407896429300308
vn -0.016454573720693588 -0.99938660860061646 -0.030913865193724632
f 747//747 748//748 749//749
f 750//750 751//751 752//752
f 753//753 754//754 755//755
f 756//756 757//757 758//758
f 759//759 760//760 761//761
f 762//762 763//763 764//764
f 762//762 765//765 763//763
f 766//766 767//767 768//768
f 768//768 769//769 770//770
f 771//771 772//772 773//773
f 773//773 774//774 775//775
f 776//776 777//777 778//778
f 779//779 780//780 781//781
f 782//782 783//783 784//784
f 785//785 786//786 787//787
f 788//788 789//789 790//790
f 791//791 792//792 793//793
f 783//783 794//794 784//784
f 795//795 796//796 797//797
f 798//798 754//754 799//799
f 759//759 761//761 800//800
f 801//801 802//802 803//803
f 779//779 781//781 804//804
f 785//785 787//787 805//805
vn 0.98981517553329468 0.13875316083431244 -0.031834982335567474
vn 0.98981517553329468 0.13875316083431244 -0.031834982335567474
vn 0.98981517553329468 0.13875316083431244 -0.031834982335567474
vn 0.99780952930450439 0.065590538084506989 -0.0086016654968261719
vn 0.99715006351470947 0.070087231695652008 -0.02792099304497242
vn 0.9969935417175293 0.071978650987148285 -0.028686860576272011
vn 0.99956667423248291 -0.013508046045899391 -0.026154067367315292
vn 0.99959260225296021 -0.013606563210487366 -0.025088893249630928
vn 0.99958837032318115 -0.013590134680271149 -0.025266526266932487
vn 0.99956232309341431 -0.01349206268787384 -0.02632686123251915
vn 0.99794739484786987 -0.057139977812767029 -0.028913429006934166
vn 0.99742096662521362 -0.065301142632961273 -0.029785139486193657
vn 0.99684309959411621 -0.073249511420726776 -0.030632637441158295
vn 0.99117779731750488 -0.12703399360179901 -0.037801019847393036
vn 0.99117779731750488 -0.12703399360179901 -0.037801019847393036
vn 0.99117779731750488 -0.12703399360179901 -0.037801019847393036
vn 0.55688941478729248 -0.83009570837020874 -0.028552163392305374
vn 0.54213815927505493 -0.83935254812240601 -0.039668209850788116
vn 0.54962712526321411 -0.83471596240997314 -0.034048665314912796
vn 0.57735294103622437 -0.81564217805862427 -0.037301816046237946
vn 0.57753843069076538 -0.81552129983901978 -0.037072364240884781
vn 0.57057082653045654 -0.81998860836029053 -0.04547133669257164
vn 0.56630796194076538 -0.82263797521591187 -0.05061626061797142
vn 0.62117165327072144 -0.78220736980438232 -0.047931719571352005
vn 0.62113958597183228 -0.78230553865432739 -0.04672994464635849
vn 0.62122362852096558 -0.78203940391540527 -0.049955695867538452
vn 0.63230180740356445 -0.77323925495147705 -0.047911301255226135
vn 0.62929666042327881 -0.77570581436157227 -0.047605119645595551
vn 0.62932753562927246 -0.77568495273590088 -0.047536864876747131
vn 0.60178232192993164 -0.79749679565429688 -0.043092083185911179
vn 0.61500954627990723 -0.78685456514358521 -0.051216676831245422
vn 0.59732812643051147 -0.80089634656906128 -0.042001686990261078
vn 0.66913771629333496 -0.74121993780136108 -0.0533645860850811
vn 0.66913771629333496 -0.74121993780136108 -0.0533645860850811
vn 0.66913771629333496 -0.74121993780136108 -0.0533645860850811
vn 0.67512279748916626 -0.73647147417068481 -0.042649935930967331
vn 0.69642597436904907 -0.71567368507385254 -0.052934363484382629
vn 0.70078647136688232 -0.71151435375213623 -0.051436446607112885
vn 0.71901893615722656 -0.69343376159667969 -0.046490367501974106
vn 0.72048604488372803 -0.6919628381729126 -0.045687202364206314
vn 0.71780973672866821 -0.6945040225982666 -0.04912596195936203
vn 0.78599178791046143 -0.6159672737121582 -0.052926067262887955
vn 0.75855726003646851 -0.64923381805419922 -0.055555045604705811
vn 0.75983214378356934 -0.64759194850921631 -0.057268843054771423
vn 0.99710923433303833 -0.069698356091976166 -0.030254175886511803
vn 0.64362794160842896 -0.76354712247848511 -0.052334100008010864
vn 0.64362555742263794 -0.76355510950088501 -0.052247133105993271
vn 0.64363598823547363 -0.7635197639465332 -0.052632931619882584
vn 0.99695008993148804 0.07259010523557663 -0.028656924143433571
f 806//806 807//807 808//808
f 809//809 810//810 811//811
f 812//812 813//813 814//814
f 815//815 812//812 814//814
f 816//816 817//817 818//818
f 819//819 820//820 821//821
f 822//822 823//823 824//824
f 825//825 826//826 827//827
f 828//828 827//827 826//826
f 829//829 830//830 831//831
f 832//832 833//833 834//834
f 835//835 836//836 837//837
f 838//838 839//839 840//840
f 841//841 842//842 843//843
f 843//843 844//844 845//845
f 846//846 844//844 843//843
f 847//847 848//848 849//849
f 817//817 850//850 818//818
f 851//851 852//852 853//853
f 810//810 854//854 811//811
vn -0.11574487388134003 0.9788249135017395 -0.16883412003517151
vn -0.21545813977718353 0.96484321355819702 -0.15051713585853577
vn -0.003774645971134305 0.9872128963470459 -0.15936276316642761
vn -0.11718757450580597 0.9696313738822937 -0.21466723084449768
vn -0.10095768421888351 0.9761122465133667 -0.19238613545894623
vn -0.0059586674906313419 0.98257619142532349 -0.18576480448246002
vn 0.015672614797949791 0.97505265474319458 -0.22141976654529572
vn -0.16219919919967651 0.95915758609771729 -0.23175008594989777
vn -0.21427750587463379 0.95578795671463013 -0.20138148963451385
vn -0.2145676463842392 0.95999205112457275 -0.1799333244562149
vn -0.31841906905174255 0.92535316944122314 -0.20574447512626648
vn -0.31042060256004333 0.93811142444610596 -0.1535772830247879
vn -0.40771254897117615 0.90329653024673462 -0.13351358473300934
vn -0.2888396680355072 0.94983780384063721 -0.11991594731807709
vn -0.29648745059967041 0.93781274557113647 -0.18056152760982513
vn -0.049748573452234268 0.96404016017913818 -0.26105859875679016
vn -0.23016224801540375 0.94062149524688721 -0.24951250851154327
vn -0.42879059910774231 0.88654905557632446 -0.17369341850280762
vn -0.39086708426475525 0.90763610601425171 -0.15303458273410797
vn -0.47322794795036316 0.86701935529708862 -0.15598951280117035
vn -0.39298060536384583 0.89429163932800293 -0.21402977406978607
vn -0.3173452615737915 0.90780889987945557 -0.27418056130409241
vn -0.45319509506225586 0.85755747556686401 -0.2433297336101532
vn -0.35966202616691589 0.9013095498085022 -0.24142143130302429
vn -0.46336346864700317 0.86132121086120605 -0.20837491750717163
vn -0.53421539068222046 0.82667428255081177 -0.17670176923274994
vn -0.53963178396224976 0.83017599582672119 -0.14001910388469696
vn -0.53889751434326172 0.81729233264923096 -0.20401646196842194
vn -0.61983245611190796 0.7664799690246582 -0.1682741791009903
vn -0.56162816286087036 0.79832804203033447 -0.21736182272434235
vn -0.66642409563064575 0.72048425674438477 -0.1917845755815506
vn -0.66181927919387817 0.7293851375579834 -0.17318366467952728
vn -0.60454481840133667 0.78309547901153564 -0.14590075612068176
vn -0.66099077463150024 0.73517036437988281 -0.15038520097732544
vn -0.74254703521728516 0.65085029602050781 -0.15817022323608398
vn -0.72801560163497925 0.66368520259857178 -0.1717999279499054
vn -0.78423207998275757 0.60163247585296631 -0.15171805024147034
vn -0.69214886426925659 0.709819495677948 -0.13071425259113312
vn -0.77041292190551758 0.62456703186035156 -0.12798397243022919
vn -0.73245716094970703 0.66584014892578125 -0.1419977992773056
vn -0.77661639451980591 0.60602664947509766 -0.17204266786575317
vn -0.81966227293014526 0.55160713195800781 -0.1545424610376358
vn -0.82332980632781982 0.55168861150741577 -0.1332954466342926
vn -0.87791961431503296 0.45923033356666565 -0.13551612198352814
vn -0.9048696756362915 0.40722155570983887 -0.12402200698852539
vn -0.88596779108047485 0.43824926018714905 -0.1516532301902771
vn -0.93827581405639648 0.31337913870811462 -0.14639662206172943
vn -0.96522331237792969 0.21827395260334015 -0.14387650787830353
vn -0.98815107345581055 0.079201914370059967 -0.13147072494029999
vn -0.9733390212059021 0.19549988210201263 -0.11996202915906906
vn -0.12449321150779724 0.98483550548553467 -0.12083251029253006
vn -0.13663528859615326 0.9807124137878418 -0.13976414501667023
vn -0.40156307816505432 0.90734744071960449 -0.12436921149492264
vn -0.50784331560134888 0.85187405347824097 -0.12808489799499512
vn -0.47870394587516785 0.86789613962173462 -0.1326606422662735
vn -0.58469200134277344 0.80050569772720337 -0.13162775337696075
vn -0.011046862229704857 0.951518714427948 -0.30739244818687439
vn -0.1474001407623291 0.94327831268310547 -0.29748821258544922
vn -0.99093544483184814 0.0081257978454232216 -0.13409289717674255
vn -0.99147069454193115 0.049150455743074417 -0.1207066997885704
vn -0.98894804716110229 0.043202336877584457 -0.14182849228382111
vn 0.16914217174053192 -0.98452669382095337 -0.045805633068084717
vn 0.18656766414642334 -0.98098272085189819 -0.053530026227235794
vn 0.26562410593032837 -0.96283721923828125 -0.048870794475078583
vn 0.34084203839302063 -0.93870139122009277 -0.051637038588523865
vn 0.40831989049911499 -0.91073840856552124 -0.061890244483947754
vn 0.44588211178779602 -0.89323985576629639 -0.057547684758901596
vn 0.60106945037841797 -0.79607164859771729 -0.070607341825962067
vn 0.5691990852355957 -0.81890183687210083 -0.073567710816860199
vn 0.69882315397262573 -0.71027523279190063 -0.084589116275310516
vn 0.51139110326766968 -0.85706174373626709 -0.062644354999065399
vn 0.47147765755653381 -0.87958043813705444 -0.063616245985031128
vn 0.10183029621839523 -0.99363982677459717 -0.048068013042211533
vn 0.98857796192169189 -0.077443346381187439 -0.12929102778434753
vn 0.98061531782150269 -0.14134864509105682 -0.13569878041744232
vn 0.99144643545150757 -0.017985094338655472 -0.12926910817623138
vn 0.96785765886306763 -0.21561029553413391 -0.12947478890419006
vn 0.91442245244979858 -0.38698980212211609 -0.11861889809370041
vn 0.87027806043624878 -0.47979766130447388 -0.11140137165784836
vn 0.86987447738647461 -0.47870644927024841 -0.1189897209405899
vn 0.98061776161193848 -0.12348109483718872 -0.15212257206439972
vn 0.96324843168258667 -0.23172523081302643 -0.13585250079631805
vn 0.81715786457061768 -0.56746542453765869 -0.10117311775684357
vn 0.75031262636184692 -0.65487563610076904 -0.090381532907485962
vn 0.79323822259902954 -0.59950214624404907 -0.10663178563117981
vn 0.73634988069534302 -0.66899353265762329 -0.10117577761411667
vn 0.6506572961807251 -0.7547340989112854 -0.083794392645359039
vn 0.69850212335586548 -0.70766901969909668 -0.10629840940237045
vn 0.58784306049346924 -0.80437219142913818 -0.08617362380027771
vn 0.48995736241340637 -0.86886370182037354 -0.070835299789905548
vn 0.84151661396026611 -0.52471840381622314 -0.12853172421455383
vn 0.8940618634223938 -0.42635545134544373 -0.13738439977169037
vn 0.81811165809631348 -0.56237000226974487 -0.12013878673315048
vn 0.41737061738967896 -0.9061998724937439 -0.067849442362785339
vn 0.35866066813468933 -0.93146985769271851 -0.061044476926326752
vn 0.96457397937774658 -0.20466762781143188 -0.1664576381444931
vn 0.77789866924285889 -0.61609053611755371 -0.12371775507926941
vn 0.50592684745788574 -0.85906606912612915 -0.0777396559715271
vn 0.26164147257804871 -0.96348607540130615 -0.056906033307313919
vn 0.98243182897567749 -0.068317532539367676 -0.17366738617420197
vn 0.98576259613037109 -0.0049623223021626472 -0.16806976497173309
vn 0.92257076501846313 -0.35327017307281494 -0.15512377023696899
vn 0.16102224588394165 -0.98483061790466309 -0.064656451344490051
vn 0.09291096031665802 -0.99395084381103516 -0.058560457080602646
vn 0.43692973256111145 -0.8963923454284668 -0.074653707444667816
vn 0.52093631029129028 -0.84946179389953613 -0.08390488475561142
vn 0.35929369926452637 -0.93056339025497437 -0.070425845682621002
vn 0.34484922885894775 -0.93638747930526733 -0.065249174833297729
vn 0.9495270848274231 -0.27012690901756287 -0.15946705639362335
vn 0.94049561023712158 -0.28766712546348572 -0.18087446689605713
vn 0.89013791084289551 -0.42827725410461426 -0.15566988289356232
vn 0.26114684343338013 -0.96259778738021851 -0.072165295481681824
vn 0.60096734762191772 -0.79263567924499512 -0.10279584676027298
vn 0.62833839654922485 -0.77181214094161987 -0.09745209664106369
vn 0.47257182002067566 -0.8769993782043457 -0.086879149079322815
vn 0.01972845196723938 -0.99878579378128052 -0.045141499489545822
vn 0.85250353813171387 -0.49898594617843628 -0.15572640299797058
vn 0.79423165321350098 -0.59239757061004639 -0.13513416051864624
vn 0.1177351102232933 -0.99075913429260254 -0.06734071671962738
vn 0.39141222834587097 -0.91674268245697021 -0.079870507121086121
vn -0.96756285429000854 -0.21737612783908844 -0.12872366607189178
vn -0.95998299121856689 -0.25509968400001526 -0.11557159572839737
vn -0.98105406761169434 -0.14825275540351868 -0.12471592426300049
vn -0.98233401775360107 -0.12684445083141327 -0.13758769631385803
vn -0.96023797988891602 -0.24474473297595978 -0.1343245655298233
vn -0.94761693477630615 -0.29434558749198914 -0.12402729690074921
vn -0.93010872602462769 -0.34630113840103149 -0.12236547470092773
vn -0.90709394216537476 -0.40688356757164001 -0.10782526433467865
vn -0.89229142665863037 -0.43645304441452026 -0.11543294787406921
vn -0.92453020811080933 -0.35771268606185913 -0.13147430121898651
vn -0.88975530862808228 -0.43894422054290771 -0.12515385448932648
vn -0.80913829803466797 -0.57819825410842896 -0.10479509830474854
vn -0.79451698064804077 -0.5996243953704834 -0.095881909132003784
vn -0.84343177080154419 -0.52664315700531006 -0.10615937411785126
vn -0.75819885730743408 -0.6443132758140564 -0.099974654614925385
vn -0.71460217237472534 -0.69432419538497925 -0.085191860795021057
vn -0.77714383602142334 -0.62304288148880005 -0.088684946298599243
vn -0.65812289714813232 -0.74814552068710327 -0.084572829306125641
vn -0.70741128921508789 -0.70224016904830933 -0.080175310373306274
vn -0.46733710169792175 -0.88064545392990112 -0.077843338251113892
vn -0.57845449447631836 -0.81251561641693115 -0.072171889245510101
vn -0.57877904176712036 -0.81089961528778076 -0.0863514244556427
vn -0.50612282752990723 -0.86001145839691162 -0.064961619675159454
vn -0.47836703062057495 -0.87613481283187866 -0.059605304151773453
vn -0.54895484447479248 -0.83332252502441406 -0.064977705478668213
vn -0.41629627346992493 -0.90732675790786743 -0.058783799409866333
vn -0.37156662344932556 -0.92616063356399536 -0.064534656703472137
vn -0.33082476258277893 -0.94212663173675537 -0.054336369037628174
vn -0.28349161148071289 -0.9569622278213501 -0.06209506094455719
vn -0.26394769549369812 -0.96289461851119995 -0.05626368522644043
vn -0.20801801979541779 -0.97700470685958862 -0.046800218522548676
vn -0.33822831511497498 -0.93830239772796631 -0.072043173015117645
vn -0.18008628487586975 -0.98136413097381592 -0.067032858729362488
vn -0.16502739489078522 -0.98475098609924316 -0.055058855563402176
vn -0.041276536881923676 -0.99788957834243774 -0.050126466900110245
vn -0.090662300586700439 -0.99426394701004028 -0.056740719825029373
vn -0.98482495546340942 -0.12510959804058075 -0.12028053402900696
vn -0.85614848136901855 -0.50695830583572388 -0.10001534223556519
vn -0.93135625123977661 -0.34664398431777954 -0.11141587793827057
vn -0.84718781709671021 -0.51799231767654419 -0.11813878268003464
vn -0.75459522008895874 -0.64860564470291138 -0.099482595920562744
vn -0.009410737082362175 -0.9986732006072998 -0.050628647208213806
vn -0.10398071259260178 -0.99354773759841919 -0.045286659151315689
vn -0.032064035534858704 -0.99734824895858765 -0.065333105623722076
vn 0.37980565428733826 0.88494598865509033 -0.26947775483131409
vn 0.25267890095710754 0.92377680540084839 -0.28773221373558044
vn 0.20161649584770203 0.93884408473968506 -0.27914613485336304
vn 0.85690051317214966 0.47547528147697449 -0.19910988211631775
vn 0.93076455593109131 0.32370522618293762 -0.16997732222080231
vn 0.91324961185455322 0.35757803916931152 -0.19522576034069061
vn 0.11659161001443863 0.95170009136199951 -0.28403046727180481
vn 0.14664648473262787 0.95970427989959717 -0.2397134006023407
vn 0.27792918682098389 0.92571848630905151 -0.25651642680168152
vn -0.035181321203708649 0.96507441997528076 -0.25960281491279602
vn 0.98474705219268799 0.04995376244187355 -0.16666685044765472
vn 0.98027235269546509 -0.038053147494792938 -0.19395367801189423
vn 0.9653969407081604 0.17388489842414856 -0.19435232877731323
vn 0.66653048992156982 0.72516459226608276 -0.17283925414085388
vn 0.72073400020599365 0.66044330596923828 -0.21061132848262787
vn 0.62068194150924683 0.75061047077178955 -0.22657850384712219
vn 0.58057481050491333 0.79132342338562012 -0.19167701900005341
vn 0.85651093721389771 0.48787981271743774 -0.16841121017932892
vn 0.78997951745986938 0.5902637243270874 -0.16589497029781342
vn 0.74120789766311646 0.64809203147888184 -0.1748930811882019
vn 0.35691908001899719 0.9045708179473877 -0.23315311968326569
vn 0.31024417281150818 0.92675411701202393 -0.21183817088603973
vn 0.44158798456192017 0.87604588270187378 -0.19376198947429657
vn 0.2139236181974411 0.9465222954750061 -0.24152077734470367
vn 0.74196654558181763 0.65266495943069458 -0.15334311127662659
vn 0.54201728105545044 0.82240986824035645 -0.17279823124408722
vn 0.39451104402542114 0.90065425634384155 -0.18216182291507721
vn 0.81296586990356445 0.56438171863555908 -0.14338667690753937
vn 0.49976381659507751 0.8500174880027771 -0.16645237803459167
vn 0.6206364631652832 0.76744836568832397 -0.16072776913642883
vn 0.44915136694908142 0.87681752443313599 -0.17162184417247772
vn 0.24520334601402283 0.94836735725402832 -0.20118305087089539
vn 0.88507223129272461 0.4431343674659729 -0.14240474998950958
vn 0.94072574377059937 0.3098437488079071 -0.13795611262321472
vn 0.23228394985198975 0.95741027593612671 -0.17149269580841064
vn 0.3108430802822113 0.93274170160293579 -0.18267323076725006
vn 0.15640111267566681 0.96775680780410767 -0.19744737446308136
vn 0.10365426540374756 0.97897207736968994 -0.1756972074508667
vn 0.0096589177846908569 0.98259431123733521 -0.18551324307918549
vn 0.9646686315536499 0.22977326810359955 -0.12891337275505066
vn 0.98232656717300415 0.12150038778781891 -0.14238037168979645
vn 0.78375881910324097 0.60742819309234619 -0.12943384051322937
vn 0.69470506906509399 0.70433270931243896 -0.145946204662323
vn 0.98683243989944458 0.093865640461444855 -0.1317233145236969
vn 0.89816558361053467 0.4195391833782196 -0.1314740926027298
vn 0.83275008201599121 0.53863823413848877 -0.12804728746414185
vn 0.65682196617126465 0.74259310960769653 -0.13092125952243805
vn 0.72628307342529297 0.67495721578598022 -0.13017554581165314
vn 0.20032382011413574 0.96736079454421997 -0.15518850088119507
vn 0.57204222679138184 0.80796247720718384 -0.14129525423049927
vn 0.472025066614151 0.8700711727142334 -0.14201588928699493
vn 0.32958146929740906 0.93028539419174194 -0.16107495129108429
vn 0.27769976854324341 0.95003783702850342 -0.1425166130065918
vn 0.34117713570594788 0.93097943067550659 -0.12990543246269226
vn 0.40935531258583069 0.90018242597579956 -0.14866024255752563
vn 0.42570817470550537 0.89645731449127197 -0.12303171306848526
vn 0.18570540845394135 0.97270101308822632 -0.13916277885437012
vn 0.19017434120178223 0.9742547869682312 -0.1210840567946434
vn 0.23423640429973602 0.96410244703292847 -0.12505918741226196
vn 0.096633456647396088 0.98659414052963257 -0.13150668144226074
vn 0.13112825155258179 0.94542849063873291 -0.29827901721000671
vn 0.015425760298967361 0.95197272300720215 -0.30579400062561035
vn 0.58714050054550171 0.798625648021698 -0.1321481466293335
vn -0.75461685657501221 0.44313830137252808 0.48392340540885925
vn -0.82076412439346313 0.37332841753959656 0.43240275979042053
vn -0.76717019081115723 0.42804741859436035 0.47772929072380066
vn -0.73779523372650146 0.4579741358757019 0.49590104818344116
vn -0.7328650951385498 0.46083396673202515 0.50054049491882324
vn 0.27562656998634338 0.79244273900985718 0.54411810636520386
vn 0.29403212666511536 0.7861524224281311 0.54360783100128174
vn 0.39116528630256653 0.74834024906158447 0.53570199012756348
vn -0.44778481125831604 0.72089767456054688 0.52895677089691162
vn -0.33478268980979919 0.76112419366836548 0.55552726984024048
vn -0.63414883613586426 0.62199711799621582 0.45931994915008545
vn -0.75774568319320679 0.51448476314544678 0.40140613913536072
vn -0.81252908706665039 0.40893307328224182 0.41541576385498047
vn -0.79888778924942017 0.4440571665763855 0.40569883584976196
vn -0.74078154563903809 0.53935492038726807 0.40042346715927124
vn -0.70908796787261963 0.5843498706817627 0.39462575316429138
vn -0.6924704909324646 0.59252637624740601 0.41157883405685425
vn -0.82774257659912109 0.36811506748199463 0.42347785830497742
vn -0.81796985864639282 0.37382519245147705 0.43724143505096436
vn -0.41602849960327148 0.73513150215148926 0.53525882959365845
vn -0.33124589920043945 0.77299898862838745 0.54106259346008301
vn -0.37100371718406677 0.75713390111923218 0.53768432140350342
vn -0.19180974364280701 0.81230223178863525 0.55079406499862671
vn -0.036502301692962646 0.83102613687515259 0.555034339427948
vn 0.0045913504436612129 0.83220940828323364 0.55444246530532837
vn 0.61848735809326172 0.63940441608428955 0.456766277551651
vn 0.74907505512237549 0.55573230981826782 0.36062189936637878
vn 0.5271759033203125 0.6866341233253479 0.50061875581741333
vn 0.43348973989486694 0.72969448566436768 0.52880299091339111
vn -0.8623957633972168 -0.50598782300949097 0.015806728973984718
vn -0.82163047790527344 -0.47728866338729858 0.31163901090621948
vn -0.82436209917068481 -0.42919465899467468 0.36907872557640076
vn -0.85270911455154419 0.15995840728282928 0.49729317426681519
vn -0.86551493406295776 0.042898993939161301 0.49904268980026245
vn -0.86582684516906738 0.037813108414411545 0.49891290068626404
vn -0.76306909322738647 0.41773441433906555 0.49317696690559387
vn -0.82340943813323975 0.27388018369674683 0.49697744846343994
vn -0.79310178756713867 0.35451865196228027 0.4952838122844696
vn -0.75802022218704224 -0.4797690212726593 0.44184499979019165
vn -0.76944971084594727 -0.44579407572746277 0.45740005373954773
vn -0.67508858442306519 -0.57239693403244019 0.46542149782180786
vn -0.81075018644332886 -0.36460787057876587 0.45797955989837646
vn -0.79805821180343628 -0.38052430748939514 0.46723052859306335
vn -0.83158421516418457 -0.30221420526504517 0.46597665548324585
vn -0.82510781288146973 -0.31075948476791382 0.47183224558830261
vn -0.81202101707458496 -0.34458467364311218 0.47104489803314209
vn 0.24337621033191681 -0.75458693504333496 0.60939854383468628
vn 0.27151477336883545 -0.74709033966064453 0.60674196481704712
vn 0.13266679644584656 -0.77522760629653931 0.61759346723556519
vn 0.35941213369369507 -0.71780532598495483 0.59630399942398071
vn 0.020031549036502838 -0.78446507453918457 0.61984938383102417
vn -0.022453468292951584 -0.78415983915328979 0.62015259265899658
vn -0.034168306738138199 -0.78330081701278687 0.62070310115814209
vn -0.24954016506671906 -0.75249940156936646 0.60948693752288818
vn -0.21797804534435272 -0.76030868291854858 0.61189562082290649
vn -0.38878113031387329 -0.70369970798492432 0.59468984603881836
vn -0.36406555771827698 -0.71452814340591431 0.59741592407226562
vn 0.77039361000061035 -0.43331921100616455 0.46768385171890259
vn 0.78173047304153442 -0.39748108386993408 0.48052704334259033
vn 0.78754931688308716 -0.40264007449150085 0.46652653813362122
vn -0.74656987190246582 -0.41684788465499878 0.51852798461914062
vn -0.80859553813934326 -0.32411694526672363 0.49104118347167969
vn -0.77022218704223633 -0.3794606626033783 0.51260840892791748
vn 0.71613675355911255 -0.46765884757041931 0.51811516284942627
vn 0.72897940874099731 -0.45297139883041382 0.51323086023330688
vn 0.75049477815628052 -0.42671957612037659 0.5046464204788208
vn -0.41271319985389709 -0.69390630722045898 0.59005242586135864
vn -0.60700172185897827 -0.60580497980117798 0.51434355974197388
vn -0.61424803733825684 -0.60156774520874023 0.51070111989974976
vn -0.79026252031326294 -0.33892786502838135 0.51050275564193726
vn -0.82762700319290161 -0.2462359219789505 0.50438225269317627
vn -0.81615269184112549 -0.27886924147605896 0.50608962774276733
vn 0.57047867774963379 -0.63492721319198608 0.5209813117980957
vn 0.65402120351791382 -0.59188497066497803 0.47109284996986389
vn 0.45400932431221008 -0.68281441926956177 0.57239848375320435
vn 0.7324947714805603 -0.63373655080795288 0.24865514039993286
vn 0.68787091970443726 -0.71980464458465576 -0.093353517353534698
vn 0.7990143895149231 -0.55300390720367432 0.23614130914211273
vn 0.81431376934051514 0.4270423948764801 0.39310038089752197
vn 0.74934273958206177 0.46988096833229065 0.46658045053482056
vn 0.74634933471679688 0.4712146520614624 0.47002068161964417
vn 0.69129091501235962 0.52081948518753052 0.50086319446563721
vn 0.7015569806098938 0.51239711046218872 0.49524441361427307
vn 0.8215593695640564 -0.27632412314414978 0.49868348240852356
vn 0.84998136758804321 -0.18087412416934967 0.49478909373283386
vn 0.84820747375488281 -0.18855166435241699 0.49496704339981079
vn 0.86788851022720337 -0.062998570501804352 0.49274817109107971
vn 0.86559599637985229 -0.090592168271541595 0.49248006939888
vn 0.78051877021789551 0.46583765745162964 0.41687613725662231
vn 0.77693313360214233 0.47093570232391357 0.41784501075744629
vn 0.74945610761642456 0.51633954048156738 0.41437786817550659
vn 0.86715239286422729 0.078630156815052032 0.49179670214653015
vn 0.86089158058166504 0.12997260689735413 0.49190735816955566
vn 0.8712998628616333 0.0027783538680523634 0.49074313044548035
vn 0.8495337963104248 0.19209420680999756 0.49131670594215393
vn 0.76047813892364502 0.4251808226108551 0.49080979824066162
vn 0.7994379997253418 0.34578967094421387 0.49125182628631592
vn 0.74882084131240845 0.44535329937934875 0.49084392189979553
vn -0.92892789840698242 0.31880691647529602 0.18829527497291565
vn -0.8540034294128418 0.48407846689224243 0.1906467080116272
vn -0.91555052995681763 0.40216410160064697 0.005588846281170845
vn 0.79410052299499512 0.53816860914230347 0.28245151042938232
vn 0.66931027173995972 0.73932409286499023 -0.073645539581775665
vn 0.72373002767562866 0.67310678958892822 0.15212532877922058
vn 0.76733320951461792 0.57636731863021851 0.2810702919960022
vn 0.79037433862686157 0.60916370153427124 0.065022706985473633
vn 0.77781808376312256 0.61209231615066528 0.14262548089027405
vn 0.98922109603881836 -0.020299522206187248 -0.14501588046550751
vn 0.99156707525253296 0.010824480094015598 -0.12914161384105682
vn 0.0095496401190757751 0.99263554811477661 -0.12076210230588913
vn 0.0048921145498752594 0.99068146944046021 -0.13611143827438354
vn 0.92016404867172241 -0.39085555076599121 -0.023022715002298355
vn 0.94593268632888794 -0.31025788187980652 -0.094611763954162598
vn 0.96527302265167236 -0.2095416784286499 0.15601374208927155
vn -0.64299845695495605 0.75483536720275879 -0.12952432036399841
vn 0.94302529096603394 -0.30890679359436035 -0.1236119419336319
vn 0.92919313907623291 -0.34459331631660461 -0.13362455368041992
vn 0.018580447882413864 -0.99852162599563599 -0.051081117242574692
vn 0.0026014680042862892 -0.99776262044906616 -0.066805608570575714
vn -0.64324080944061279 -0.76223307847976685 -0.072401493787765503
vn 0.33579474687576294 0.93404132127761841 -0.12169120460748672
vn 0.80017787218093872 -0.55859261751174927 0.21837969124317169
vn 0.82045859098434448 -0.57066458463668823 0.034492071717977524
vn 0.77367579936981201 -0.49804803729057312 0.39162978529930115
vn 0.86806309223175049 -0.018034137785434723 0.49612626433372498
vn 0.87072283029556274 -0.022272055968642235 0.49126949906349182
vn 0.78818643093109131 0.43347090482711792 0.43688115477561951
vn -0.81203430891036987 0.55797463655471802 0.17106896638870239
vn -0.8225027322769165 0.50847959518432617 0.25482884049415588
vn -0.75131702423095703 0.65810865163803101 -0.049149386584758759
vn -0.9330708384513855 0.33600184321403503 -0.12838047742843628
vn -0.77839308977127075 0.59761756658554077 0.19224332273006439
vn -0.66138416528701782 0.73683053255081177 0.14018474519252777
vn -0.62458401918411255 0.77794879674911499 -0.068487077951431274
vn 0.70895856618881226 -0.69503778219223022 -0.11958348751068115
vn -0.1660936027765274 0.81761842966079712 0.55128306150436401
vn -0.32428684830665588 -0.90961039066314697 0.25970563292503357
vn -0.2317478358745575 -0.97197479009628296 0.039470378309488297
vn -0.21922926604747772 -0.81596243381500244 0.53492414951324463
vn -0.58815747499465942 -0.76819229125976562 0.25288599729537964
vn -0.68197882175445557 -0.70905107259750366 0.17930832505226135
vn -0.55716854333877563 -0.82577246427536011 0.087538741528987885
vn -0.82358777523040771 -0.30836924910545349 0.47603738307952881
vn 0.58250141143798828 -0.81021541357040405 0.065139278769493103
vn 0.72532761096954346 -0.64938431978225708 0.22847296297550201
vn 0.60680508613586426 -0.75887972116470337 0.23640875518321991
vn -0.015423078089952469 0.99063026905059814 -0.1356976181268692
vn -0.9354546070098877 0.33133804798126221 -0.12304392457008362
vn 0.9698340892791748 -0.16328009963035583 -0.18100118637084961
vn -0.98935073614120483 -0.073828808963298798 -0.12543675303459167
vn -0.99087870121002197 -0.0092741725966334343 -0.13443709909915924
vn -0.98976278305053711 0.019205121323466301 -0.14142435789108276
vn 0.79397940635681152 0.5726391077041626 -0.20415954291820526
vn 0.96724402904510498 0.2018132209777832 -0.15398178994655609
vn 0.021492691710591316 0.83155494928359985 0.55502647161483765
vn 0.12676160037517548 0.82299745082855225 0.55372083187103271
vn -0.11227729916572571 -0.99112218618392944 0.071207895874977112
vn 0.0088123800233006477 -0.95179736614227295 0.30660083889961243
vn -0.84927660226821899 0.17709463834762573 0.49735978245735168
vn 0.77011793851852417 -0.40548259019851685 0.4924452006816864
vn 0.81291288137435913 -0.37079745531082153 0.44909003376960754
vn 0.88554024696350098 -0.30260428786277771 0.35248991847038269
vn 0.69346761703491211 0.5862622857093811 0.41880688071250916
vn 0.73908483982086182 0.53294146060943604 0.41197937726974487
vn 0.00030271569266915321 0.99266636371612549 -0.12088596075773239
vn -0.99238932132720947 0.025497069582343102 -0.12047109007835388
vn -0.38441139459609985 -0.92164963483810425 -0.052819356322288513
vn -0.29149487614631653 -0.95530980825424194 -0.049130953848361969
vn 0.44362342357635498 0.86673504114151001 -0.22796638309955597
vn 0.0077433264814317226 0.98717570304870605 -0.15944975614547729
vn -0.83961367607116699 -0.20686693489551544 0.50224989652633667
vn -0.7938801646232605 -0.33188837766647339 0.50951391458511353
vn -0.75422108173370361 -0.40677466988563538 0.51544636487960815
vn 0.028233548626303673 0.97497260570526123 -0.22052493691444397
vn 0.50314003229141235 0.84029746055603027 -0.20186702907085419
vn 0.51528841257095337 0.84737193584442139 -0.12821343541145325
vn -0.67401754856109619 -0.73261338472366333 -0.09475233405828476
vn -0.85571962594985962 0.50208050012588501 -0.12513624131679535
vn 0.90770787000656128 -0.38258278369903564 -0.17232771217823029
vn 0.096889838576316833 0.98380863666534424 -0.15077446401119232
vn -0.025930440053343773 0.83180969953536987 0.55445486307144165
vn -0.6901363730430603 -0.56397175788879395 0.45348384976387024
vn 0.66025954484939575 -0.58692961931228638 0.46858400106430054
vn 0.69748508930206299 -0.54117333889007568 0.46972969174385071
vn 0.74676036834716797 -0.48016753792762756 0.46020439267158508
vn 0.63869822025299072 -0.59950095415115356 0.48235169053077698
vn -0.8608899712562561 -0.099594004452228546 0.49894839525222778
vn -0.86670249700546265 0.0077528143301606178 0.49876514077186584
vn -0.85966503620147705 -0.10760999470949173 0.49939578771591187
vn 0.80870729684829712 -0.30857372283935547 0.50077420473098755
vn 0.76762336492538452 -0.39184942841529846 0.50715714693069458
vn 0.65865445137023926 0.62300205230712891 0.42195111513137817
vn 0.82687962055206299 0.27321320772171021 0.49155330657958984
vn 0.52575063705444336 0.81518560647964478 -0.24301996827125549
vn 0.98897820711135864 -0.020788859575986862 -0.14659427106380463
vn 0.0050174952484667301 -0.99895119667053223 -0.045511554926633835
vn 0.40639477968215942 0.73945885896682739 0.53669720888137817
vn 0.38097372651100159 -0.7094910740852356 0.59285867214202881
vn -0.36549019813537598 -0.71035516262054443 0.6015084981918335
vn 0.75133121013641357 -0.41827473044395447 0.51043874025344849
vn 0.76203751564025879 -0.44174998998641968 0.47345095872879028
vn 0.37152540683746338 -0.71180534362792969 0.59607219696044922
vn 0.86111360788345337 -0.45600587129592896 0.22481550276279449
vn 0.98008072376251221 -0.02718312107026577 -0.19673039019107819
vn -0.62147647142410278 0.6304669976234436 0.465057373046875
vn 0.0074111316353082657 -0.78451818227767944 0.62006151676177979
vn 0.87108826637268066 0.0055078249424695969 0.49109560251235962
vn -0.86667519807815552 0.0043907002545893192 0.49885350465774536
usemtl vc_000000__Personalizza
f 855//855 856//856 857//857
f 858//858 859//859 860//860
f 858//858 861//861 862//862
f 863//863 864//864 859//859
f 865//865 863//863 858//858 862//862
f 868//868 856//856 866//866 867//867
f 863//863 869//869 864//864
f 862//862 870//870 871//871
f 866//866 864//864 869//869
f 865//865 872//872 869//869
f 869//869 863//863 865//865
f 873//873 869//869 874//874
f 875//875 872//872 865//865
f 876//876 877//877 878//878
f 875//875 878//878 879//879
f 880//880 887//887 881//881 872//872
f 872//872 875//875 880//880
f 882//882 883//883 880//880
f 886//886 882//882 884//884 885//885
f 887//887 880//880 888//888
f 886//886 889//889 883//883
f 890//890 891//891 886//886
f 888//888 894//894 892//892 887//887
f 891//891 893//893 894//894
f 895//895 896//896 890//890
f 897//897 893//893 891//891
f 896//896 898//898 891//891
f 898//898 899//899 897//897
f 898//898 896//896 900//900
f 900//900 901//901 898//898
f 902//902 903//903 904//904
f 868//868 905//905 906//906
f 907//907 867//867 908//908
f 909//909 881//881 910//910
f 870//870 911//911 912//912
f 871//871 870//870 912//912 876//876
f 877//877 884//884 882//882 878//878
f 890//890 885//885 895//895
f 903//903 913//913 914//914
f 903//903 915//915 913//913
f 916//916 927//927 917//917 918//918
f 919//919 920//920 921//921
f 922//922 923//923 924//924
f 925//925 926//926 922//922
f 928//928 929//929 930//930
f 928//928 931//931 929//929
f 932//932 933//933 934//934
f 935//935 929//929 936//936
f 937//937 938//938 939//939
f 938//938 940//940 939//939
f 941//941 942//942 924//924
f 943//943 923//923 944//944
f 945//945 946//946 947//947
f 948//948 944//944 949//949
f 935//935 936//936 950//950
f 939//939 940//940 951//951
f 943//943 944//944 952//952
f 949//949 953//953 948//948
f 954//954 955//955 935//935
f 946//946 945//945 956//956
f 940//940 942//942 951//951
f 957//957 953//953 958//958
f 959//959 960//960 952//952
f 961//961 959//959 962//962
f 950//950 963//963 956//956
f 964//964 956//956 965//965
f 953//953 966//966 961//961
f 967//967 968//968 960//960
f 961//961 974//974 969//969 960//960
f 927//927 916//916 970//970
f 965//965 945//945 971//971
f 951//951 942//942 972//972
f 960//960 969//969 967//967
f 966//966 957//957 973//973
f 966//966 974//974 961//961
f 975//975 976//976 977//977
f 980//980 975//975 978//978 979//979
f 981//981 982//982 980//980
f 983//983 984//984 985//985
f 983//983 985//985 986//986
f 987//987 988//988 989//989
f 990//990 991//991 989//989
f 990//990 992//992 993//993
f 994//994 995//995 996//996
f 997//997 995//995 994//994
f 998//998 999//999 1000//1000
f 994//994 1001//1001 997//997
f 1000//1000 1002//1002 998//998
f 1000//1000 997//997 1001//1001
f 1001//1001 1004//1004 1002//1002 1000//1000
f 1001//1001 994//994 1003//1003
f 1004//1004 1005//1005 1002//1002
f 1003//1003 1006//1006 1007//1007
f 1008//1008 1009//1009 1005//1005
f 1008//1008 1004//1004 1010//1010
f 976//976 1011//1011 977//977
f 982//982 981//981 983//983 1012//1012
f 980//980 1013//1013 976//976
f 991//991 1012//1012 987//987
f 979//979 984//984 981//981
f 986//986 1014//1014 989//989
f 1015//1015 992//992 989//989
f 1009//1009 1016//1016 1017//1017
f 1009//1009 1010//1010 1016//1016
f 1010//1010 1018//1018 1016//1016
f 1010//1010 1007//1007 1018//1018
f 1021//1021 1027//1027 1019//1019 1020//1020
f 1022//1022 1036//1036 1023//1023 1024//1024
f 1025//1025 1026//1026 1027//1027
f 1028//1028 1026//1026 1025//1025
f 1029//1029 1030//1030 1031//1031
f 1034//1034 1035//1035 1032//1032 1033//1033
f 1037//1037 1036//1036 1038//1038
f 1032//1032 1038//1038 1033//1033
f 1041//1041 1256//1256 1039//1039 1040//1040
f 1040//1040 1042//1042 1026//1026
f 1043//1043 1037//1037 1038//1038
f 1038//1038 1032//1032 1043//1043
f 1035//1035 1044//1044 1032//1032
f 1040//1040 1050//1050 1045//1045 1041//1041
f 1037//1037 1043//1043 1046//1046
f 1044//1044 1047//1047 1048//1048
f 1049//1049 1047//1047 1045//1045
f 1051//1051 1052//1052 1023//1023
f 1055//1055 1056//1056 1053//1053 1054//1054
f 1056//1056 1055//1055 1057//1057
f 1058//1058 1062//1062 1059//1059 1052//1052
f 1060//1060 1046//1046 1061//1061
f 1045//1045 1054//1054 1049//1049
f 1052//1052 1063//1063 1058//1058
f 1051//1051 1063//1063 1052//1052
f 1046//1046 1060//1060 1064//1064
f 1061//1061 1065//1065 1066//1066
f 1056//1056 1251//1251 1067//1067 1053//1053
f 1047//1047 1073//1073 1069//1069 1068//1068
f 1072//1072 1073//1073 1070//1070 1071//1071
f 1074//1074 1257//1257 1073//1073 1072//1072
f 1075//1075 1077//1077 1072//1072 1071//1071
f 1076//1076 1077//1077 1078//1078
f 1024//1024 1023//1023 1031//1031
f 1079//1079 1025//1025 1021//1021 1020//1020
f 1079//1079 1080//1080 1025//1025
f 1068//1068 1081//1081 1065//1065
f 1082//1082 1083//1083 1084//1084
f 1085//1085 1086//1086 1082//1082
f 1087//1087 1088//1088 1089//1089
f 1090//1090 1091//1091 1092//1092
f 1093//1093 1094//1094 1095//1095
f 1096//1096 1097//1097 1098//1098
f 1099//1099 1094//1094 1100//1100
f 1101//1101 1102//1102 1103//1103
f 1106//1106 1217//1217 1104//1104 1105//1105
f 1107//1107 1108//1108 1109//1109
f 1109//1109 1110//1110 1107//1107
f 1111//1111 1112//1112 1113//1113
f 1116//1116 1240//1240 1114//1114 1115//1115
f 1117//1117 1118//1118 1119//1119
f 1120//1120 1121//1121 1122//1122
f 1120//1120 1123//1123 1124//1124
f 1125//1125 1126//1126 1127//1127
f 1123//1123 1127//1127 1124//1124
f 1124//1124 1121//1121 1120//1120
f 1128//1128 1129//1129 1130//1130
f 1129//1129 1128//1128 1131//1131
f 1132//1132 1130//1130 1133//1133
f 1134//1134 1135//1135 1136//1136
f 1138//1138 1136//1136 1135//1135 1137//1137
f 1139//1139 1140//1140 1141//1141
f 1142//1142 1143//1143 1144//1144
f 1145//1145 1146//1146 1147//1147
f 1150//1150 1280//1280 1148//1148 1149//1149
f 1151//1151 1152//1152 1153//1153
f 1154//1154 1155//1155 1156//1156
f 1157//1157 1158//1158 1159//1159
f 1160//1160 1161//1161 1162//1162
f 1164//1164 1162//1162 1161//1161 1163//1163
f 1165//1165 1166//1166 1167//1167
f 1169//1169 1167//1167 1166//1166 1168//1168
f 1170//1170 1171//1171 1172//1172
f 1175//1175 1288//1288 1173//1173 1174//1174
f 1174//1174 1173//1173 1176//1176
f 1177//1177 1178//1178 1179//1179
f 1180//1180 1181//1181 1182//1182
f 1183//1183 1184//1184 1185//1185
f 1186//1186 1187//1187 1188//1188
f 1189//1189 1059//1059 1190//1190
f 1191//1191 1078//1078 1192//1192
f 1193//1193 1194//1194 1195//1195
f 887//887 892//892 1196//1196 881//881
f 918//918 917//917 953//953 919//919
f 1197//1197 1198//1198 936//936
f 958//958 1199//1199 1200//1200
f 999//999 1201//1201 997//997
f 992//992 995//995 1201//1201 993//993
f 1077//1077 1076//1076 1202//1202
f 1203//1203 1204//1204 1205//1205
f 1207//1207 1169//1169 1168//1168 1206//1206
f 1170//1170 1208//1208 1171//1171
f 1209//1209 1210//1210 1211//1211
f 926//926 925//925 921//921
f 920//920 926//926 921//921
f 953//953 949//949 919//919
f 1200//1200 973//973 957//957
f 901//901 902//902 1212//1212
f 1213//1213 1214//1214 1215//1215
f 920//920 919//919 949//949
f 940//940 924//924 942//942
f 917//917 927//927 958//958
f 962//962 953//953 961//961
f 967//967 1216//1216 968//968
f 1217//1217 1103//1103 1102//1102
f 1218//1218 1219//1219 1220//1220
f 1221//1221 1222//1222 1223//1223
f 1144//1144 1143//1143 1224//1224
f 1225//1225 1226//1226 1227//1227
f 860//860 855//855 857//857
f 905//905 1228//1228 906//906
f 873//873 881//881 909//909 867//867
f 1212//1212 1229//1229 899//899
f 903//903 914//914 904//904
f 867//867 909//909 908//908
f 915//915 903//903 902//902
f 937//937 934//934 933//933
f 939//939 934//934 937//937
f 940//940 938//938 924//924
f 944//944 923//923 920//920
f 946//946 1198//1198 934//934
f 947//947 946//946 934//934 939//939
f 942//942 941//941 943//943
f 952//952 944//944 948//948
f 954//954 950//950 1230//1230
f 1231//1231 1232//1232 977//977
f 1232//1232 1233//1233 978//978
f 1038//1038 1036//1036 1022//1022 1234//1234
f 1031//1031 1235//1235 1029//1029
f 1051//1051 1023//1023 1036//1036
f 1052//1052 1235//1235 1023//1023
f 1061//1061 1043//1043 1048//1048
f 1065//1065 1061//1061 1068//1068
f 1078//1078 1075//1075 1192//1192
f 1087//1087 1236//1236 1237//1237
f 1220//1220 1238//1238 1239//1239
f 1118//1118 1114//1114 1240//1240
f 1241//1241 1147//1147 1242//1242
f 1193//1193 1195//1195 1243//1243
f 1244//1244 1245//1245 1172//1172
f 898//898 1212//1212 899//899
f 1199//1199 958//958 927//927
f 864//864 855//855 860//860 859//859
f 863//863 859//859 858//858
f 864//864 866//866 855//855
f 878//878 875//875 871//871
f 868//868 867//867 907//907
f 880//880 879//879 882//882
f 891//891 894//894 889//889
f 891//891 898//898 897//897
f 1246//1246 1228//1228 905//905
f 896//896 895//895 900//900
f 923//923 943//943 941//941
f 947//947 939//939 951//951
f 960//960 968//968 943//943 952//952
f 957//957 966//966 953//953
f 945//945 951//951 972//972 971//971
f 1247//1247 1232//1232 1231//1231
f 980//980 976//976 975//975
f 983//983 981//981 984//984
f 991//991 987//987 989//989
f 990//990 989//989 992//992
f 1005//1005 1004//1004 1008//1008
f 991//991 990//990 993//993
f 1248//1248 1002//1002 1249//1249
f 1025//1025 1080//1080 1028//1028
f 1019//1019 1027//1027 1039//1039 1250//1250
f 1039//1039 1027//1027 1042//1042
f 1050//1050 1040//1040 1026//1026
f 1046//1046 1051//1051 1037//1037
f 1046//1046 1064//1064 1063//1063 1051//1051
f 1056//1056 1057//1057 1251//1251
f 1067//1067 1261//1261 1075//1075 1071//1071
f 1072//1072 1077//1077 1202//1202
f 1085//1085 1082//1082 1084//1084
f 1220//1220 1219//1219 1238//1238
f 1252//1252 1153//1153 1152//1152
f 1170//1170 1172//1172 1245//1245
f 1253//1253 1254//1254 1151//1151
f 1228//1228 857//857 906//906
f 886//886 885//885 890//890
f 963//963 950//950 1198//1198
f 952//952 948//948 962//962 959//959
f 942//942 1216//1216 972//972
f 992//992 996//996 995//995
f 994//994 1006//1006 1003//1003
f 1001//1001 1003//1003 1004//1004
f 1028//1028 1255//1255 1026//1026
f 1035//1035 1256//1256 1041//1041
f 1029//1029 1235//1235 1059//1059 1189//1189
f 1055//1055 1050//1050 1255//1255
f 1081//1081 1068//1068 1069//1069 1257//1257
f 996//996 992//992 1258//1258
f 1015//1015 1258//1258 992//992
f 950//950 956//956 964//964 1230//1230
f 866//866 869//869 873//873
f 896//896 891//891 890//890
f 893//893 897//897 1259//1259
f 929//929 931//931 1197//1197 936//936
f 932//932 934//934 1198//1198 1197//1197
f 944//944 920//920 949//949
f 953//953 962//962 948//948
f 1198//1198 946//946 963//963
f 960//960 959//959 961//961
f 1260//1260 964//964 965//965
f 965//965 971//971 1260//1260
f 975//975 977//977 978//978
f 1002//1002 1248//1248 998//998
f 1247//1247 1231//1231 1011//1011
f 979//979 981//981 980//980
f 1033//1033 1038//1038 1234//1234
f 1047//1047 1044//1044 1041//1041 1045//1045
f 1054//1054 1050//1050 1055//1055
f 1053//1053 1070//1070 1054//1054
f 1067//1067 1071//1071 1070//1070
f 1074//1074 1072//1072 1202//1202
f 1261//1261 1251//1251 1192//1192
f 1191//1191 1076//1076 1078//1078
f 1237//1237 1236//1236 1262//1262
f 1096//1096 1098//1098 1093//1093
f 1096//1096 1093//1093 1095//1095
f 1120//1120 1122//1122 1263//1263
f 1125//1125 1127//1127 1123//1123
f 1128//1128 1130//1130 1132//1132
f 1264//1264 1265//1265 1266//1266
f 1265//1265 1264//1264 1267//1267
f 1145//1145 1147//1147 1241//1241
f 1252//1252 1152//1152 1268//1268
f 1268//1268 1289//1289 1269//1269 1270//1270
f 1271//1271 1272//1272 1165//1165
f 1244//1244 1273//1273 1245//1245
f 1178//1178 1274//1274 1176//1176
f 1176//1176 1274//1274 1174//1174
f 1095//1095 1094//1094 1099//1099
f 957//957 958//958 1200//1200
f 1252//1252 1268//1268 1270//1270
f 866//866 873//873 867//867
f 886//886 883//883 882//882
f 1035//1035 1034//1034 1275//1275 1256//1256
f 856//856 906//906 857//857
f 856//856 868//868 906//906
f 862//862 871//871 865//865
f 871//871 876//876 878//878
f 880//880 883//883 888//888
f 888//888 883//883 889//889 894//894
f 899//899 1259//1259 897//897
f 901//901 1212//1212 898//898
f 1212//1212 902//902 904//904
f 892//892 894//894 893//893
f 970//970 1199//1199 927//927
f 923//923 941//941 924//924
f 926//926 923//923 922//922
f 929//929 935//935 1276//1276
f 955//955 1276//1276 935//935
f 982//982 1013//1013 980//980
f 988//988 1012//1012 983//983
f 986//986 988//988 983//983
f 988//988 986//986 989//989
f 1003//1003 1007//1007 1010//1010
f 1008//1008 1010//1010 1009//1009
f 1012//1012 988//988 987//987
f 1016//1016 1277//1277 1017//1017
f 1027//1027 1021//1021 1025//1025
f 1250//1250 1256//1256 1275//1275
f 1023//1023 1235//1235 1031//1031
f 1061//1061 1066//1066 1060//1060
f 1070//1070 1073//1073 1049//1049
f 1053//1053 1067//1067 1070//1070
f 1257//1257 1069//1069 1073//1073
f 1077//1077 1075//1075 1078//1078
f 1087//1087 1089//1089 1278//1278
f 1129//1129 1131//1131 1279//1279
f 1151//1151 1153//1153 1253//1253
f 1281//1281 1272//1272 1271//1271
f 1201//1201 995//995 997//997
f 1216//1216 942//942 968//968
f 1265//1265 1282//1282 1266//1266
f 1156//1156 1283//1283 1154//1154
f 923//923 926//926 920//920
f 954//954 935//935 950//950
f 1232//1232 978//978 977//977
f 1075//1075 1261//1261 1192//1192
f 1087//1087 1237//1237 1088//1088
f 866//866 856//856 855//855
f 882//882 879//879 878//878
f 891//891 889//889 886//886
f 1051//1051 1036//1036 1037//1037
f 1193//1193 1243//1243 1284//1284
f 858//858 860//860 861//861
f 861//861 870//870 862//862
f 871//871 875//875 865//865
f 869//869 872//872 874//874
f 881//881 874//874 872//872
f 875//875 879//879 880//880
f 909//909 910//910 908//908
f 929//929 1276//1276 930//930
f 945//945 965//965 956//956
f 947//947 951//951 945//945
f 953//953 917//917 958//958
f 942//942 943//943 968//968
f 1285//1285 955//955 954//954
f 985//985 1014//1014 986//986
f 999//999 997//997 1000//1000
f 1005//1005 1249//1249 1002//1002
f 1009//1009 1017//1017 1005//1005
f 1004//1004 1003//1003 1010//1010
f 1011//1011 1231//1231 977//977
f 1014//1014 1015//1015 989//989
f 1019//1019 1250//1250 1275//1275
f 1026//1026 1042//1042 1027//1027
f 1044//1044 1048//1048 1032//1032
f 1047//1047 1068//1068 1048//1048
f 1045//1045 1050//1050 1054//1054
f 1055//1055 1255//1255 1057//1057
f 1052//1052 1059//1059 1235//1235
f 1046//1046 1043//1043 1061//1061
f 1054//1054 1070//1070 1049//1049
f 1090//1090 1092//1092 1286//1286
f 1134//1134 1136//1136 1287//1287
f 1139//1139 1141//1141 1266//1266
f 1165//1165 1167//1167 1271//1271
f 1059//1059 1062//1062 1190//1190
f 1196//1196 910//910 881//881
f 1212//1212 904//904 1229//1229
f 1217//1217 1102//1102 1104//1104
f 1274//1274 1178//1178 1177//1177
f 954//954 1230//1230 1285//1285
f 1043//1043 1032//1032 1048//1048
f 1061//1061 1048//1048 1068//1068
f 1118//1118 1240//1240 1119//1119
f 1039//1039 1042//1042 1040//1040
f 1251//1251 1261//1261 1067//1067
f 873//873 874//874 881//881
f 950//950 936//936 1198//1198
f 1035//1035 1041//1041 1044//1044
f 1050//1050 1026//1026 1255//1255
f 946//946 956//956 963//963
f 1256//1256 1250//1250 1039//1039
f 1047//1047 1049//1049 1073//1073
vn -0.29628780484199524 0.12769302725791931 -0.94652420282363892
vn -0.34012883901596069 0.016875358298420906 -0.94022738933563232
vn -0.25053700804710388 -0.062042277306318283 -0.96611696481704712
vn -0.15643706917762756 0.11450931429862976 -0.98102754354476929
vn -0.21561282873153687 0.19347803294658661 -0.95711928606033325
vn -0.10690362751483917 -0.20780128240585327 -0.97231179475784302
vn -0.063490428030490875 -0.066618539392948151 -0.99575644731521606
vn 0.045014295727014542 -0.21319834887981415 -0.97597140073776245
vn 0.061501298099756241 -0.110359787940979 -0.99198704957962036
vn 0.030702397227287292 0.069272488355636597 -0.99712520837783813
vn 0.14891038835048676 0.047241009771823883 -0.98772162199020386
vn -0.36940759420394897 -0.15306159853935242 -0.91657525300979614
vn -0.2641499936580658 -0.17153462767601013 -0.94910520315170288
vn 0.15744365751743317 -0.15185697376728058 -0.97578221559524536
vn 0.082985825836658478 0.161335289478302 -0.98340445756912231
vn -0.015124467201530933 0.18738360702991486 -0.98217034339904785
vn -0.13751961290836334 0.19943246245384216 -0.97021394968032837
usemtl vc_191919__Default
f 1290//1290 1291//1291 1292//1292
f 1290//1290 1292//1292 1293//1293
f 1293//1293 1294//1294 1290//1290
f 1292//1292 1302//1302 1295//1295 1296//1296
f 1298//1298 1296//1296 1295//1295 1297//1297
f 1299//1299 1298//1298 1300//1300
f 1292//1292 1301//1301 1302//1302
f 1298//1298 1297//1297 1303//1303
f 1299//1299 1300//1300 1304//1304
f 1296//1296 1293//1293 1292//1292
f 1293//1293 1296//1296 1299//1299
f 1305//1305 1306//1306 1293//1293
f 1293//1293 1306//1306 1294//1294
f 1304//1304 1305//1305 1299//1299
f 1305//1305 1293//1293 1299//1299
f 1298//1298 1299//1299 1296//1296
f 1298//1298 1303//1303 1300//1300
f 1301//1301 1292//1292 1291//1291
vn 0.037682883441448212 -0.9986230731010437 -0.036496512591838837
vn 0.037315875291824341 -0.99822074174880981 -0.046507351100444794
vn 0.055269770324230194 -0.99786955118179321 -0.034664835780858994
vn -0.039985816925764084 0.99854165315628052 0.036272507160902023
vn -0.055637359619140625 0.99785244464874268 0.034569144248962402
vn -0.047467444092035294 0.99812561273574829 0.038627609610557556
vn 0.056358389556407928 -0.99782925844192505 -0.034066982567310333
vn -0.056326694786548615 0.99783259630203247 0.034021437168121338
vn 0.032141655683517456 -0.99893343448638916 -0.033150620758533478
vn -0.031972400844097137 0.99895477294921875 0.032666251063346863
vn -0.025236755609512329 0.99855291843414307 0.04748842865228653
vn 0.0086683789268136024 -0.99936085939407349 -0.034679744392633438
vn 0.0065672537311911583 -0.99968111515045166 -0.024382481351494789
vn -0.0031973212026059628 0.99976205825805664 0.021579079329967499
vn -0.0061280620284378529 0.99941211938858032 0.033732645213603973
vn 0.058952245861291885 0.99770104885101318 0.033425278961658478
vn 0.059385459870100021 0.99763083457946777 0.034728556871414185
vn 0.05094137042760849 0.99819701910018921 0.031744368374347687
vn -0.059442885220050812 -0.99762827157974243 -0.034703552722930908
vn -0.057571280747652054 -0.99781310558319092 -0.032474108040332794
vn -0.052812527865171432 -0.99796402454376221 -0.035758372396230698
vn 0.051857709884643555 0.99800980091094971 0.03587711974978447
vn -0.037161767482757568 -0.99845963716506958 -0.04119931161403656
vn -0.036068446934223175 -0.99878895282745361 -0.033461462706327438
vn -0.04213348776102066 -0.99854624271392822 -0.0336187444627285
vn 0.036268789321184158 0.99849134683609009 0.041226334869861603
vn 0.04109133780002594 0.99854171276092529 0.035013772547245026
vn 0.032895196229219437 0.99879848957061768 0.036325231194496155
vn -0.043474093079566956 -0.99852502346038818 -0.032523918896913528
vn -0.041965223848819733 -0.99856454133987427 -0.03328348696231842
vn 0.043400339782238007 0.99852710962295532 0.032557804137468338
vn 0.040722772479057312 0.99859333038330078 0.033956147730350494
vn -0.017544616013765335 -0.99925267696380615 -0.034442249685525894
vn -0.021050790324807167 -0.99941128492355347 -0.027090935036540031
vn 0.01106598787009716 -0.99902266263961792 -0.042792636901140213
vn -0.017386574298143387 -0.99890875816345215 -0.043347764760255814
vn 0.022323012351989746 0.99932819604873657 0.029065534472465515
vn 0.021764364093542099 0.99884575605392456 0.042818587273359299
vn -0.99995160102844238 -0.0096976449713110924 0.001646773423999548
vn -0.99995160102844238 -0.0096976449713110924 0.001646773423999548
vn -0.99995160102844238 -0.0096976449713110924 0.001646773423999548
vn -0.80113822221755981 -0.028200699016451836 0.59781461954116821
vn -0.80113822221755981 -0.028200699016451836 0.59781461954116821
vn -0.80113822221755981 -0.028200699016451836 0.59781461954116821
vn -0.51165080070495605 0.024483976885676384 -0.8588445782661438
vn -0.51165080070495605 0.024483976885676384 -0.8588445782661438
vn -0.51165080070495605 0.024483976885676384 -0.8588445782661438
vn 0.041550014168024063 0.03460252657532692 -0.99853706359863281
vn 0.041550014168024063 0.03460252657532692 -0.99853706359863281
vn 0.041550014168024063 0.03460252657532692 -0.99853706359863281
vn 0.043637543916702271 -0.033779088407754898 0.99847620725631714
vn 0.043637543916702271 -0.033779088407754898 0.99847620725631714
vn 0.043637543916702271 -0.033779088407754898 0.99847620725631714
vn 0.99995189905166626 0.0096927518025040627 -0.0015038251876831055
vn 0.99995189905166626 0.0096927518025040627 -0.0015038251876831055
vn 0.99995189905166626 0.0096927518025040627 -0.0015038251876831055
vn 0.95560115575790405 0.019284799695014954 -0.29403150081634521
vn 0.95560115575790405 0.019284799695014954 -0.29403150081634521
vn 0.95560115575790405 0.019284799695014954 -0.29403150081634521
vn 0.73649901151657104 0.030247323215007782 -0.67576199769973755
vn 0.73649901151657104 0.030247323215007782 -0.67576199769973755
vn 0.73649901151657104 0.030247323215007782 -0.67576199769973755
vn 0.73805999755859375 -0.015988394618034363 0.67454564571380615
vn 0.73805999755859375 -0.015988394618034363 0.67454564571380615
vn 0.73805999755859375 -0.015988394618034363 0.67454564571380615
vn 0.28837099671363831 -0.030000464990735054 0.95704865455627441
vn 0.28837099671363831 -0.030000464990735054 0.95704865455627441
vn 0.28837099671363831 -0.030000464990735054 0.95704865455627441
vn -0.31845372915267944 -0.035516448318958282 0.94727283716201782
vn -0.31845372915267944 -0.035516448318958282 0.94727283716201782
vn -0.31845372915267944 -0.035516448318958282 0.94727283716201782
vn -0.50726437568664551 -0.034385453909635544 0.86110419034957886
vn -0.50726437568664551 -0.034385453909635544 0.86110419034957886
vn -0.50726437568664551 -0.034385453909635544 0.86110419034957886
vn -0.94086670875549316 0.0025319124106317759 -0.33876752853393555
vn -0.94086670875549316 0.0025319124106317759 -0.33876752853393555
vn -0.94086670875549316 0.0025319124106317759 -0.33876752853393555
vn -0.80339217185974121 0.012644706293940544 -0.59531599283218384
vn -0.80339217185974121 0.012644706293940544 -0.59531599283218384
vn -0.80339217185974121 0.012644706293940544 -0.59531599283218384
vn -0.99995160102844238 -0.0096976449713110924 0.001646773423999548
vn -0.0071816067211329937 0.99911719560623169 0.041391033679246902
vn -0.80113822221755981 -0.028200699016451836 0.59781461954116821
vn -0.51165080070495605 0.024483976885676384 -0.8588445782661438
vn 0.041550014168024063 0.03460252657532692 -0.99853706359863281
vn 0.96982258558273315 0.00099976651836186647 0.243809774518013
vn 0.96982258558273315 0.00099976651836186647 0.243809774518013
vn 0.96982258558273315 0.00099976651836186647 0.243809774518013
vn 0.99995189905166626 0.0096927518025040627 -0.0015038251876831055
vn 0.95560115575790405 0.019284799695014954 -0.29403150081634521
vn 0.42644995450973511 0.035069745033979416 -0.90383106470108032
vn 0.42644995450973511 0.035069745033979416 -0.90383106470108032
vn 0.42644995450973511 0.035069745033979416 -0.90383106470108032
vn 0.73649901151657104 0.030247323215007782 -0.67576199769973755
vn 0.73805999755859375 -0.015988394618034363 0.67454564571380615
vn 0.28837099671363831 -0.030000464990735054 0.95704865455627441
usemtl vc_551E21__Vernice
f 1307//1307 1308//1308 1309//1309
f 1310//1310 1311//1311 1312//1312
f 1308//1308 1313//1313 1309//1309
f 1312//1312 1311//1311 1314//1314
f 1315//1315 1308//1308 1307//1307
f 1316//1316 1310//1310 1317//1317
f 1308//1308 1318//1318 1319//1319
f 1317//1317 1388//1388 1320//1320 1321//1321
f 1322//1322 1323//1323 1324//1324
f 1325//1325 1326//1326 1327//1327
f 1323//1323 1328//1328 1324//1324
f 1329//1329 1330//1330 1331//1331
f 1332//1332 1333//1333 1334//1334
f 1335//1335 1331//1331 1336//1336
f 1337//1337 1338//1338 1333//1333
f 1339//1339 1329//1329 1340//1340
f 1319//1319 1341//1341 1308//1308
f 1329//1329 1342//1342 1340//1340
f 1332//1332 1343//1343 1344//1344
f 1310//1310 1312//1312 1317//1317
f 1345//1345 1346//1346 1347//1347
f 1350//1350 1389//1389 1348//1348 1349//1349
f 1352//1352 1390//1390 1353//1353 1351//1351
f 1354//1354 1355//1355 1356//1356
f 1357//1357 1358//1358 1359//1359
f 1360//1360 1361//1361 1362//1362
f 1365//1365 1396//1396 1363//1363 1364//1364
f 1366//1366 1367//1367 1368//1368
f 1369//1369 1370//1370 1371//1371
f 1374//1374 1402//1402 1372//1372 1373//1373
f 1375//1375 1376//1376 1377//1377
f 1378//1378 1379//1379 1380//1380
f 1381//1381 1382//1382 1383//1383
f 1384//1384 1385//1385 1386//1386
f 1346//1346 1387//1387 1347//1347
f 1354//1354 1356//1356 1391//1391
f 1392//1392 1393//1393 1394//1394
f 1360//1360 1362//1362 1395//1395
f 1397//1397 1398//1398 1399//1399
f 1366//1366 1368//1368 1400//1400
f 1369//1369 1371//1371 1401//1401
vn 0.010608606040477753 -0.99911415576934814 -0.04072299599647522
vn 0.023819373920559883 -0.99897074699401855 -0.038601439446210861
vn 0.0098387720063328743 -0.99929934740066528 -0.036111131310462952
vn -0.011203257367014885 0.99911105632781982 0.040640197694301605
vn -0.011906731873750687 0.99927401542663574 0.03618917241692543
vn -0.02361096628010273 0.99897634983062744 0.03858480229973793
vn -0.019238501787185669 -0.99881786108016968 -0.044639680534601212
vn -0.018073916435241699 -0.99929040670394897 -0.033046327531337738
vn -0.037000749260187149 -0.99867433309555054 -0.035784900188446045
vn 0.018806857988238335 0.9988020658493042 0.045175034552812576
vn 0.035340305417776108 0.99872183799743652 0.03613533079624176
vn 0.014028139412403107 0.99929410219192505 0.0348496213555336
vn 0.056171044707298279 -0.99758005142211914 -0.040973901748657227
vn 0.06010877713561058 -0.99751359224319458 -0.036790989339351654
vn 0.058780141174793243 -0.99758189916610718 -0.037083771079778671
vn -0.055225681513547897 0.99763208627700806 0.040992606431245804
vn -0.058558095246553421 0.99759203195571899 0.037163492292165756
vn -0.060185480862855911 0.99751073122024536 0.036743786185979843
vn 0.060287259519100189 -0.99745690822601318 -0.038015522062778473
vn -0.060297183692455292 0.99745637178421021 0.038013022392988205
vn 0.036714188754558563 -0.99860578775405884 -0.037927936762571335
vn 0.029153686016798019 -0.99897003173828125 -0.03477029874920845
vn -0.036335848271846771 0.99861836433410645 0.03796081617474556
vn -0.030706681311130524 0.9989282488822937 0.03463229164481163
vn -0.062698662281036377 -0.99733203649520874 -0.037385974079370499
vn -0.038763869553804398 -0.99837476015090942 -0.041775893419981003
vn 0.063689909875392914 0.9972652792930603 0.037490289658308029
vn 0.034833312034606934 0.99840414524078369 0.044449564069509506
vn -0.041371092200279236 -0.99840736389160156 -0.038355715572834015
vn -0.042373564094305038 -0.99842208623886108 -0.036849141120910645
vn 0.040966998785734177 0.99842387437820435 0.038359936326742172
vn 0.04306238517165184 0.9984021782875061 0.036589179188013077
vn 0.038849771022796631 0.99855750799179077 0.037061691284179688
vn 0.03430890291929245 -0.9987373948097229 -0.03669540211558342
vn -0.034763887524604797 0.99873000383377075 0.036467108875513077
vn -0.25599375367164612 -0.035556502640247345 0.96602427959442139
vn -0.25599375367164612 -0.035556502640247345 0.96602427959442139
vn -0.25599375367164612 -0.035556502640247345 0.96602427959442139
vn -0.99995213747024536 -0.0096884425729513168 0.0013779706787317991
vn -0.99995213747024536 -0.0096884425729513168 0.0013779706787317991
vn -0.99995213747024536 -0.0096884425729513168 0.0013779706787317991
vn -0.85734909772872925 0.0093615064397454262 -0.51465028524398804
vn -0.85734909772872925 0.0093615064397454262 -0.51465028524398804
vn -0.85734909772872925 0.0093615064397454262 -0.51465028524398804
vn -0.28872555494308472 0.029993390664458275 -0.95694196224212646
vn -0.28872555494308472 0.029993390664458275 -0.95694196224212646
vn -0.28872555494308472 0.029993390664458275 -0.95694196224212646
vn -0.59525436162948608 0.021773403510451317 -0.8032422661781311
vn -0.59525436162948608 0.021773403510451317 -0.8032422661781311
vn -0.59525436162948608 0.021773403510451317 -0.8032422661781311
vn -0.95567160844802856 -0.019277647137641907 0.29380285739898682
vn -0.95567160844802856 -0.019277647137641907 0.29380285739898682
vn -0.95567160844802856 -0.019277647137641907 0.29380285739898682
vn -0.59139931201934814 -0.033298645168542862 0.80569100379943848
vn -0.59139931201934814 -0.033298645168542862 0.80569100379943848
vn -0.59139931201934814 -0.033298645168542862 0.80569100379943848
vn -0.14792487025260925 0.032430738210678101 -0.98846673965454102
vn -0.14792487025260925 0.032430738210678101 -0.98846673965454102
vn -0.14792487025260925 0.032430738210678101 -0.98846673965454102
vn 0.99995213747024536 0.0096880495548248291 -0.0013664796715602279
vn 0.99995213747024536 0.0096880495548248291 -0.0013664796715602279
vn 0.99995213747024536 0.0096880495548248291 -0.0013664796715602279
vn 0.85594683885574341 0.025940967723727226 -0.51641273498535156
vn 0.85594683885574341 0.025940967723727226 -0.51641273498535156
vn 0.85594683885574341 0.025940967723727226 -0.51641273498535156
vn 0.80247855186462402 -0.012695642188191414 0.59654593467712402
vn 0.80247855186462402 -0.012695642188191414 0.59654593467712402
vn 0.80247855186462402 -0.012695642188191414 0.59654593467712402
vn 0.3343798816204071 0.0354815274477005 -0.94177025556564331
vn 0.3343798816204071 0.0354815274477005 -0.94177025556564331
vn 0.3343798816204071 0.0354815274477005 -0.94177025556564331
vn 0.28987094759941101 -0.029970509931445122 0.95659637451171875
vn 0.28987094759941101 -0.029970509931445122 0.95659637451171875
vn 0.28987094759941101 -0.029970509931445122 0.95659637451171875
vn -0.020145036280155182 -0.99926018714904785 -0.032760590314865112
vn 0.020563535392284393 0.999275803565979 0.032015394419431686
vn -0.25599375367164612 -0.035556502640247345 0.96602427959442139
vn -0.99995213747024536 -0.0096884425729513168 0.0013779706787317991
vn -0.85734909772872925 0.0093615064397454262 -0.51465028524398804
vn -0.59525436162948608 0.021773403510451317 -0.8032422661781311
vn -0.95567160844802856 -0.019277647137641907 0.29380285739898682
vn -0.59139931201934814 -0.033298645168542862 0.80569100379943848
vn 0.99995213747024536 0.0096880495548248291 -0.0013664796715602279
vn 0.94112211465835571 -0.002505133394151926 0.33805757761001587
vn 0.94112211465835571 -0.002505133394151926 0.33805757761001587
vn 0.94112211465835571 -0.002505133394151926 0.33805757761001587
vn 0.85594683885574341 0.025940967723727226 -0.51641273498535156
vn 0.80247855186462402 -0.012695642188191414 0.59654593467712402
vn 0.3343798816204071 0.0354815274477005 -0.94177025556564331
vn 0.28987094759941101 -0.029970509931445122 0.95659637451171875
f 1403//1403 1404//1404 1405//1405
f 1406//1406 1407//1407 1408//1408
f 1409//1409 1410//1410 1411//1411
f 1412//1412 1413//1413 1414//1414
f 1415//1415 1416//1416 1417//1417
f 1418//1418 1419//1419 1420//1420
f 1421//1421 1416//1416 1415//1415
f 1422//1422 1418//1418 1420//1420
f 1423//1423 1424//1424 1404//1404
f 1425//1425 1408//1408 1426//1426
f 1427//1427 1411//1411 1428//1428
f 1429//1429 1430//1430 1413//1413
f 1431//1431 1427//1427 1432//1432
f 1433//1433 1434//1434 1429//1429
f 1429//1429 1413//1413 1435//1435
f 1436//1436 1424//1424 1415//1415
f 1437//1437 1418//1418 1426//1426
f 1440//1440 1479//1479 1438//1438 1439//1439
f 1443//1443 1480//1480 1441//1441 1442//1442
f 1446//1446 1481//1481 1444//1444 1445//1445
f 1447//1447 1448//1448 1449//1449
f 1452//1452 1482//1482 1450//1450 1451//1451
f 1455//1455 1483//1483 1453//1453 1454//1454
f 1458//1458 1484//1484 1456//1456 1457//1457
f 1459//1459 1460//1460 1461//1461
f 1462//1462 1463//1463 1464//1464
f 1465//1465 1466//1466 1467//1467
f 1468//1468 1469//1469 1470//1470
f 1471//1471 1472//1472 1473//1473
f 1476//1476 1492//1492 1474//1474 1475//1475
f 1404//1404 1424//1424 1405//1405
f 1407//1407 1426//1426 1408//1408
f 1477//1477 1411//1411 1410//1410
f 1414//1414 1413//1413 1478//1478
f 1463//1463 1485//1485 1464//1464
f 1486//1486 1487//1487 1488//1488
f 1465//1465 1467//1467 1489//1489
f 1468//1468 1470//1470 1490//1490
f 1471//1471 1473//1473 1491//1491
vn 0.031226823106408119 -0.99893057346343994 -0.034096755087375641
vn 0.011016309261322021 -0.99904370307922363 -0.042312115430831909
vn 0.030215620994567871 -0.99865204095840454 -0.042202997952699661
vn 0.061766993254423141 -0.99721270799636841 -0.041852284222841263
vn 0.031504154205322266 -0.99863946437835693 -0.041553042829036713
vn 0.062342327088117599 -0.99717748165130615 -0.041839156299829483
vn -0.061422836035490036 0.99723339080810547 0.041866041719913483
vn -0.062355700880289078 0.9971768856048584 0.041832633316516876
vn -0.044835757464170456 0.99811345338821411 0.041943516582250595
vn 0.061345405876636505 -0.99723750352859497 -0.041881486773490906
vn -0.06156964972615242 0.99722349643707275 0.041886299848556519
vn 0.043489031493663788 -0.99813932180404663 -0.042739067226648331
vn 0.06373431533575058 -0.99704325199127197 -0.042927008122205734
vn 0.0026360319461673498 -0.99899590015411377 -0.044723719358444214
vn -0.012286148965358734 0.99893772602081299 0.044412188231945038
vn -0.0014715234283357859 0.99932980537414551 0.036575298756361008
vn -0.060025807470083237 -0.99730837345123291 -0.042106039822101593
vn -0.06962546706199646 -0.99666577577590942 -0.042539767920970917
vn -0.072913900017738342 -0.99644404649734497 -0.042222883552312851
vn 0.059263680130243301 0.99735701084136963 0.042033933103084564
vn 0.072548285126686096 0.99647271633148193 0.042176492512226105
vn 0.069614723324775696 0.99666643142700195 0.042541760951280594
vn 0.076674975454807281 0.99610501527786255 0.043540697544813156
vn -0.039166480302810669 -0.99852609634399414 -0.037571921944618225
vn -0.050436437129974365 -0.99780452251434326 -0.042922448366880417
vn -0.044516433030366898 -0.99812442064285278 -0.042022407054901123
vn 0.037460852414369583 0.99859619140625 0.037447873502969742
vn 0.043174762278795242 0.99818789958953857 0.041914172470569611
vn -0.044533144682645798 -0.99813997745513916 -0.041634615510702133
vn -0.044524971395730972 -0.99814164638519287 -0.041602112352848053
vn 0.0444917231798172 0.99814403057098389 0.041580304503440857
vn 0.044501923024654388 0.99814146757125854 0.041632305830717087
vn -0.021856566891074181 -0.99891912937164307 -0.04102223739027977
vn -0.016348868608474731 -0.99902904033660889 -0.040910154581069946
vn 0.016797658056020737 0.99902611970901489 0.040799520909786224
vn 0.020762138068675995 0.99893200397491455 0.041276298463344574
vn -0.017163651064038277 -0.99896925687789917 -0.042021419852972031
vn 0.017232434824109077 0.99896961450576782 0.041984610259532928
vn -0.28756159543991089 0.030016591772437096 -0.95729166269302368
vn -0.28756159543991089 0.030016591772437096 -0.95729166269302368
vn -0.28756159543991089 0.030016591772437096 -0.95729166269302368
vn -0.5954442024230957 0.021766761317849159 -0.80310177803039551
vn -0.5954442024230957 0.021766761317849159 -0.80310177803039551
vn -0.5954442024230957 0.021766761317849159 -0.80310177803039551
vn -0.99995225667953491 -0.0096852649003267288 0.0012851381907239556
vn -0.99995225667953491 -0.0096852649003267288 0.0012851381907239556
vn -0.99995225667953491 -0.0096852649003267288 0.0012851381907239556
vn -0.85744518041610718 0.0093550961464643478 -0.51449024677276611
vn -0.85744518041610718 0.0093550961464643478 -0.51449024677276611
vn -0.85744518041610718 0.0093550961464643478 -0.51449024677276611
vn -0.80003011226654053 -0.028240714222192764 0.59929478168487549
vn -0.80003011226654053 -0.028240714222192764 0.59929478168487549
vn -0.80003011226654053 -0.028240714222192764 0.59929478168487549
vn -0.50982588529586792 -0.034358330070972443 0.85959124565124512
vn -0.50982588529586792 -0.034358330070972443 0.85959124565124512
vn -0.50982588529586792 -0.034358330070972443 0.85959124565124512
vn -0.2417328804731369 -0.035544615238904953 0.96969157457351685
vn -0.2417328804731369 -0.035544615238904953 0.96969157457351685
vn -0.2417328804731369 -0.035544615238904953 0.96969157457351685
vn 0.73893839120864868 0.030179552733898163 -0.67309677600860596
vn 0.73893839120864868 0.030179552733898163 -0.67309677600860596
vn 0.73893839120864868 0.030179552733898163 -0.67309677600860596
vn 0.99995249509811401 0.0096806203946471214 -0.0011494780192151666
vn 0.99995249509811401 0.0096806203946471214 -0.0011494780192151666
vn 0.99995249509811401 0.0096806203946471214 -0.0011494780192151666
vn 0.85699492692947388 -0.0093850968405604362 0.51523935794830322
vn 0.85699492692947388 -0.0093850968405604362 0.51523935794830322
vn 0.85699492692947388 -0.0093850968405604362 0.51523935794830322
vn 0.95617890357971191 0.019225960597395897 -0.29215103387832642
vn 0.95617890357971191 0.019225960597395897 -0.29215103387832642
vn 0.95617890357971191 0.019225960597395897 -0.29215103387832642
vn 0.24091978371143341 0.035543706268072128 -0.96989399194717407
vn 0.24091978371143341 0.035543706268072128 -0.96989399194717407
vn 0.24091978371143341 0.035543706268072128 -0.96989399194717407
vn 0.67051440477371216 -0.018938273191452026 0.74165475368499756
vn 0.67051440477371216 -0.018938273191452026 0.74165475368499756
vn 0.67051440477371216 -0.018938273191452026 0.74165475368499756
vn 0.28992727398872375 -0.029969383031129837 0.95657932758331299
vn 0.28992727398872375 -0.029969383031129837 0.95657932758331299
vn 0.28992727398872375 -0.029969383031129837 0.95657932758331299
vn -0.030693072825670242 0.99893385171890259 0.034483566880226135
vn -0.02980540506541729 0.99866598844528198 0.042165074497461319
vn -0.4232315719127655 -0.035090461373329163 0.9053417444229126
vn -0.4232315719127655 -0.035090461373329163 0.9053417444229126
vn -0.4232315719127655 -0.035090461373329163 0.9053417444229126
vn 0.99995249509811401 0.0096806203946471214 -0.0011494780192151666
vn 0.97013568878173828 0.0010455707088112831 0.24256063997745514
vn 0.97013568878173828 0.0010455707088112831 0.24256063997745514
vn 0.97013568878173828 0.0010455707088112831 0.24256063997745514
vn -0.28756159543991089 0.030016591772437096 -0.95729166269302368
vn -0.5954442024230957 0.021766761317849159 -0.80310177803039551
vn -0.99995225667953491 -0.0096852649003267288 0.0012851381907239556
vn -0.85744518041610718 0.0093550961464643478 -0.51449024677276611
vn -0.80003011226654053 -0.028240714222192764 0.59929478168487549
vn 0.73893839120864868 0.030179552733898163 -0.67309677600860596
vn 0.95617890357971191 0.019225960597395897 -0.29215103387832642
vn 0.24091978371143341 0.035543706268072128 -0.96989399194717407
vn 0.67051440477371216 -0.018938273191452026 0.74165475368499756
vn 0.28992727398872375 -0.029969383031129837 0.95657932758331299
f 1493//1493 1494//1494 1495//1495
f 1496//1496 1497//1497 1498//1498
f 1499//1499 1500//1500 1501//1501
f 1497//1497 1502//1502 1498//1498
f 1501//1501 1500//1500 1503//1503
f 1495//1495 1494//1494 1497//1497
f 1497//1497 1504//1504 1505//1505
f 1494//1494 1506//1506 1497//1497
f 1507//1507 1501//1501 1508//1508
f 1509//1509 1510//1510 1511//1511
f 1512//1512 1513//1513 1514//1514
f 1513//1513 1512//1512 1515//1515
f 1516//1516 1517//1517 1518//1518
f 1509//1509 1517//1517 1516//1516
f 1512//1512 1519//1519 1520//1520
f 1516//1516 1521//1521 1522//1522
f 1519//1519 1523//1523 1524//1524
f 1516//1516 1525//1525 1526//1526
f 1519//1519 1527//1527 1528//1528
f 1526//1526 1525//1525 1529//1529
f 1527//1527 1530//1530 1528//1528
f 1533//1533 1582//1582 1531//1531 1532//1532
f 1536//1536 1583//1583 1534//1534 1535//1535
f 1537//1537 1538//1538 1539//1539
f 1542//1542 1585//1585 1540//1540 1541//1541
f 1543//1543 1544//1544 1545//1545
f 1546//1546 1547//1547 1548//1548
f 1549//1549 1550//1550 1551//1551
f 1554//1554 1587//1587 1552//1552 1553//1553
f 1555//1555 1556//1556 1557//1557
f 1558//1558 1559//1559 1560//1560
f 1563//1563 1588//1588 1561//1561 1562//1562
f 1566//1566 1589//1589 1564//1564 1565//1565
f 1568//1568 1590//1590 1569//1569 1567//1567
f 1570//1570 1571//1571 1572//1572
f 1507//1507 1573//1573 1574//1574
f 1507//1507 1574//1574 1501//1501
f 1575//1575 1576//1576 1577//1577
f 1555//1555 1557//1557 1578//1578
f 1579//1579 1580//1580 1581//1581
f 1537//1537 1539//1539 1584//1584
f 1543//1543 1545//1545 1586//1586
f 1570//1570 1572//1572 1591//1591
vn 0.0047140279784798622 0.99961024522781372 -0.027515050023794174
vn 0.038946915417909622 0.99878883361816406 -0.030066359788179398
vn 0.014554339461028576 0.99918526411056519 -0.037642970681190491
vn -0.0048649855889379978 -0.99961119890213013 0.027454661205410957
vn -0.017294105142354965 -0.99914371967315674 0.037586629390716553
vn -0.036481842398643494 -0.99888205528259277 0.03006196953356266
vn 0.034130297601222992 -0.9987102746963501 0.037588242441415787
vn 0.0088703026995062828 -0.99925148487091064 0.037653893232345581
vn 0.013146164827048779 -0.9994804859161377 0.029426028952002525
vn 0.069871775805950165 0.99709731340408325 -0.030247027054429054
vn 0.069941446185112 0.99691182374954224 -0.035706862807273865
vn 0.061266291886568069 0.99768602848052979 -0.029478644952178001
vn -0.069762080907821655 -0.99709761142730713 0.030489549040794373
vn -0.065294571220874786 -0.99743324518203735 0.029385371133685112
vn -0.070075638592243195 -0.9968993067741394 0.035793483257293701
vn 0.072988018393516541 0.99664932489395142 -0.036917664110660553
vn -0.076539963483810425 -0.99635124206542969 0.037759944796562195
vn -0.071846231818199158 -0.99675911664962769 0.036185003817081451
vn 0.052999064326286316 0.99799430370330811 -0.034618750214576721
vn -0.032574757933616638 -0.99882161617279053 0.03597651794552803
vn 0.042300891131162643 0.99857085943222046 -0.03266371414065361
vn 0.04321124404668808 0.99846851825714111 -0.034545246511697769
vn 0.022694891318678856 0.99913245439529419 -0.034918703138828278
vn -0.025172458961606026 -0.99910479784011841 0.033999290317296982
vn -0.066709384322166443 0.99714434146881104 -0.03539726510643959
vn -0.036088861525058746 0.99890059232711792 -0.029919883236289024
vn -0.016647877171635628 0.99942195415496826 -0.029641222208738327
vn 0.068685434758663177 -0.99702847003936768 0.03487897664308548
vn 0.035353928804397583 -0.99892932176589966 0.029837965965270996
vn -0.028567513450980186 0.99891406297683716 -0.036804061383008957
vn 0.051099333912134171 -0.99803245067596436 0.036333177238702774
vn -0.012783912941813469 0.99920958280563354 -0.037640877068042755
vn -0.032548543065786362 0.99878495931625366 -0.037003427743911743
vn -0.060601167380809784 0.99763393402099609 -0.032465711236000061
vn -0.064049601554870605 0.99745625257492065 -0.031284179538488388
vn 0.060273349285125732 -0.99764901399612427 0.032611511647701263
vn 0.064032912254333496 -0.99745875597000122 0.031238818541169167
vn 0.042905569076538086 -0.99871033430099487 0.027142941951751709
vn -0.94156765937805176 0.025774523615837097 0.33583632111549377
vn -0.94156765937805176 0.025774523615837097 0.33583632111549377
vn -0.94156765937805176 0.025774523615837097 0.33583632111549377
vn -0.99987876415252686 0.015531224198639393 -0.0011144287418574095
vn -0.99987876415252686 0.015531224198639393 -0.0011144287418574095
vn -0.99987876415252686 0.015531224198639393 -0.0011144287418574095
vn -0.73783469200134277 0.033798206597566605 0.67413473129272461
vn -0.73783469200134277 0.033798206597566605 0.67413473129272461
vn -0.73783469200134277 0.033798206597566605 0.67413473129272461
vn -0.24573780596256256 0.035883810371160507 0.96867191791534424
vn -0.24573780596256256 0.035883810371160507 0.96867191791534424
vn -0.24573780596256256 0.035883810371160507 0.96867191791534424
vn -0.59537601470947266 -0.017313476651906967 -0.80326062440872192
vn -0.59537601470947266 -0.017313476651906967 -0.80326062440872192
vn -0.59537601470947266 -0.017313476651906967 -0.80326062440872192
vn -0.13029837608337402 -0.030767777934670448 -0.990997314453125
vn -0.13029837608337402 -0.030767777934670448 -0.990997314453125
vn -0.13029837608337402 -0.030767777934670448 -0.990997314453125
vn 0.86789697408676147 -0.029922779649496078 -0.49584215879440308
vn 0.86789697408676147 -0.029922779649496078 -0.49584215879440308
vn 0.86789697408676147 -0.029922779649496078 -0.49584215879440308
vn 0.61001825332641602 -0.035694994032382965 -0.79158294200897217
vn 0.61001825332641602 -0.035694994032382965 -0.79158294200897217
vn 0.61001825332641602 -0.035694994032382965 -0.79158294200897217
vn 0.73991525173187256 0.010739336721599102 0.67261439561843872
vn 0.73991525173187256 0.010739336721599102 0.67261439561843872
vn 0.73991525173187256 0.010739336721599102 0.67261439561843872
vn 0.99987882375717163 -0.015534477308392525 0.0010161701356992126
vn 0.99987882375717163 -0.015534477308392525 0.0010161701356992126
vn 0.99987882375717163 -0.015534477308392525 0.0010161701356992126
vn 0.93543916940689087 -0.0028666839934885502 0.35347601771354675
vn 0.93543916940689087 -0.0028666839934885502 0.35347601771354675
vn 0.93543916940689087 -0.0028666839934885502 0.35347601771354675
vn 0.25721630454063416 0.027962712571024895 0.96594917774200439
vn 0.25721630454063416 0.027962712571024895 0.96594917774200439
vn 0.25721630454063416 0.027962712571024895 0.96594917774200439
vn -0.97003406286239624 0.007065893616527319 -0.24286630749702454
vn -0.97003406286239624 0.007065893616527319 -0.24286630749702454
vn -0.97003406286239624 0.007065893616527319 -0.24286630749702454
vn -0.13104723393917084 0.034829210489988327 0.99076414108276367
vn -0.13104723393917084 0.034829210489988327 0.99076414108276367
vn -0.13104723393917084 0.034829210489988327 0.99076414108276367
vn -0.89640486240386963 -0.00071162782842293382 -0.44323566555976868
vn -0.89640486240386963 -0.00071162782842293382 -0.44323566555976868
vn -0.89640486240386963 -0.00071162782842293382 -0.44323566555976868
vn -0.99987876415252686 0.015531224198639393 -0.0011144287418574095
vn -0.52720397710800171 0.0363045334815979 0.84896290302276611
vn -0.52720397710800171 0.0363045334815979 0.84896290302276611
vn -0.52720397710800171 0.0363045334815979 0.84896290302276611
vn -0.94156765937805176 0.025774523615837097 0.33583632111549377
vn -0.59537601470947266 -0.017313476651906967 -0.80326062440872192
vn -0.13029837608337402 -0.030767777934670448 -0.990997314453125
vn 0.86789697408676147 -0.029922779649496078 -0.49584215879440308
vn 0.61001825332641602 -0.035694994032382965 -0.79158294200897217
vn 0.73991525173187256 0.010739336721599102 0.67261439561843872
vn 0.99987882375717163 -0.015534477308392525 0.0010161701356992126
vn 0.25721630454063416 0.027962712571024895 0.96594917774200439
f 1592//1592 1593//1593 1594//1594
f 1595//1595 1596//1596 1597//1597
f 1598//1598 1599//1599 1600//1600
f 1601//1601 1602//1602 1603//1603
f 1604//1604 1605//1605 1606//1606
f 1603//1603 1602//1602 1607//1607
f 1605//1605 1608//1608 1606//1606
f 1609//1609 1606//1606 1608//1608
f 1593//1593 1603//1603 1610//1610
f 1597//1597 1611//1611 1605//1605
f 1612//1612 1593//1593 1613//1613
f 1614//1614 1594//1594 1593//1593
f 1615//1615 1597//1597 1596//1596
f 1616//1616 1617//1617 1618//1618
f 1619//1619 1598//1598 1620//1620
f 1616//1616 1618//1618 1621//1621
f 1598//1598 1619//1619 1622//1622
f 1618//1618 1623//1623 1624//1624
f 1625//1625 1616//1616 1626//1626
f 1627//1627 1628//1628 1619//1619
f 1598//1598 1629//1629 1620//1620
f 1631//1631 1679//1679 1632//1632 1630//1630
f 1633//1633 1634//1634 1635//1635
f 1636//1636 1637//1637 1638//1638
f 1639//1639 1640//1640 1641//1641
f 1644//1644 1680//1680 1642//1642 1643//1643
f 1645//1645 1646//1646 1647//1647
f 1650//1650 1682//1682 1648//1648 1649//1649
f 1653//1653 1683//1683 1651//1651 1652//1652
f 1654//1654 1655//1655 1656//1656
f 1659//1659 1685//1685 1657//1657 1658//1658
f 1660//1660 1661//1661 1662//1662
f 1665//1665 1686//1686 1663//1663 1664//1664
f 1666//1666 1667//1667 1668//1668
f 1669//1669 1670//1670 1671//1671
f 1672//1672 1673//1673 1674//1674
f 1634//1634 1675//1675 1635//1635
f 1676//1676 1677//1677 1678//1678
f 1645//1645 1647//1647 1681//1681
f 1654//1654 1656//1656 1684//1684
vn 0.034487854689359665 0.98966151475906372 -0.13921457529067993
vn 0.0076445252634584904 0.99508535861968994 -0.09872514009475708
vn 0.054755769670009613 0.9940677285194397 -0.093974187970161438
vn 0.044616952538490295 0.99551612138748169 -0.083408840000629425
vn 0.016004802659153938 0.99641638994216919 -0.083055272698402405
vn -0.044097013771533966 -0.99553567171096802 0.083451502025127411
vn -0.0018784806597977877 -0.99654895067214966 0.082985967397689819
vn -0.0074316016398370266 -0.99508428573608398 0.098752647638320923
vn -0.057682011276483536 0.99452418088912964 -0.087146274745464325
vn -0.011574221774935722 0.99637913703918457 -0.084229998290538788
vn -0.019380996003746986 0.99487650394439697 -0.09922250360250473
vn 0.055529758334159851 -0.9946744441986084 0.086828403174877167
vn 0.019291207194328308 -0.99486362934112549 0.09936928004026413
vn 0.023390498012304306 -0.99613034725189209 0.084718100726604462
vn 0.084302298724651337 0.99255263805389404 -0.087933987379074097
vn -0.051298134028911591 -0.99422508478164673 0.094260245561599731
vn -0.08422522246837616 -0.99257636070251465 0.087739795446395874
vn 0.070959582924842834 0.99305611848831177 -0.093831285834312439
vn 0.073017783463001251 0.99271541833877563 -0.095835551619529724
vn -0.073705554008483887 -0.99265754222869873 0.095908984541893005
vn -0.070703655481338501 -0.99304831027984619 0.094106629490852356
vn 0.072343505918979645 0.99374336004257202 -0.08509150892496109
vn -0.07229054719209671 -0.99374628067016602 0.085102632641792297
vn -0.033891219645738602 0.99493956565856934 -0.094586916267871857
vn -0.07091280072927475 0.9927409291267395 -0.097143404185771942
vn 0.033982079476118088 -0.9949263334274292 0.094693422317504883
vn 0.059093713760375977 -0.99357473850250244 0.096525378525257111
vn -0.042767584323883057 0.99444210529327393 -0.096207208931446075
vn -0.075903847813606262 0.99242568016052246 -0.0965915247797966
vn -0.073081173002719879 0.99271184206008911 -0.095824234187602997
vn 0.072969533503055573 -0.99272263050079346 0.095798008143901825
vn 0.076554328203201294 -0.99233895540237427 0.096968427300453186
vn -0.029497358947992325 0.99580234289169312 -0.086646072566509247
vn -0.99987810850143433 0.015507982112467289 -0.0018164196517318487
vn -0.99987810850143433 0.015507982112467289 -0.0018164196517318487
vn -0.99987810850143433 0.015507982112467289 -0.0018164196517318487
vn -0.59542173147201538 -0.017311647534370422 -0.80322682857513428
vn -0.59542173147201538 -0.017311647534370422 -0.80322682857513428
vn -0.59542173147201538 -0.017311647534370422 -0.80322682857513428
vn -0.85679900646209717 -0.0037243750412017107 -0.51563704013824463
vn -0.85679900646209717 -0.0037243750412017107 -0.51563704013824463
vn -0.85679900646209717 -0.0037243750412017107 -0.51563704013824463
vn -0.064941279590129852 0.034016545861959457 0.99730914831161499
vn -0.064941279590129852 0.034016545861959457 0.99730914831161499
vn -0.064941279590129852 0.034016545861959457 0.99730914831161499
vn -0.4407423734664917 0.036544427275657654 0.89688944816589355
vn -0.4407423734664917 0.036544427275657654 0.89688944816589355
vn -0.4407423734664917 0.036544427275657654 0.89688944816589355
vn -0.13027423620223999 -0.03076825849711895 -0.9910004734992981
vn -0.13027423620223999 -0.03076825849711895 -0.9910004734992981
vn -0.13027423620223999 -0.03076825849711895 -0.9910004734992981
vn 0.14643631875514984 -0.034997224807739258 -0.98860085010528564
vn 0.14643631875514984 -0.034997224807739258 -0.98860085010528564
vn 0.14643631875514984 -0.034997224807739258 -0.98860085010528564
vn 0.5012086033821106 -0.036415960639715195 -0.86455988883972168
vn 0.5012086033821106 -0.036415960639715195 -0.86455988883972168
vn 0.5012086033821106 -0.036415960639715195 -0.86455988883972168
vn 0.72593408823013306 0.011455240659415722 0.68766885995864868
vn 0.72593408823013306 0.011455240659415722 0.68766885995864868
vn 0.72593408823013306 0.011455240659415722 0.68766885995864868
vn 0.4971049427986145 0.02096744067966938 0.86743706464767456
vn 0.4971049427986145 0.02096744067966938 0.86743706464767456
vn 0.4971049427986145 0.02096744067966938 0.86743706464767456
vn 0.99987715482711792 -0.015488652512431145 0.0024000578559935093
vn 0.99987715482711792 -0.015488652512431145 0.0024000578559935093
vn 0.99987715482711792 -0.015488652512431145 0.0024000578559935093
vn 0.90449428558349609 -0.028166472911834717 -0.42555466294288635
vn 0.90449428558349609 -0.028166472911834717 -0.42555466294288635
vn 0.90449428558349609 -0.028166472911834717 -0.42555466294288635
vn 0.94077759981155396 -0.0034286456648260355 0.33900701999664307
vn 0.94077759981155396 -0.0034286456648260355 0.33900701999664307
vn 0.94077759981155396 -0.0034286456648260355 0.33900701999664307
vn -0.037552200257778168 -0.98940575122833252 0.14023597538471222
vn -0.80290532112121582 0.032200254499912262 0.59523624181747437
vn -0.80290532112121582 0.032200254499912262 0.59523624181747437
vn -0.80290532112121582 0.032200254499912262 0.59523624181747437
vn -0.90401613712310791 0.028192553669214249 0.4265676736831665
vn -0.90401613712310791 0.028192553669214249 0.4265676736831665
vn -0.90401613712310791 0.028192553669214249 0.4265676736831665
vn -0.99987810850143433 0.015507982112467289 -0.0018164196517318487
vn 0.80011630058288574 0.0073922318406403065 0.59979933500289917
vn 0.80011630058288574 0.0073922318406403065 0.59979933500289917
vn 0.80011630058288574 0.0073922318406403065 0.59979933500289917
vn 0.99987715482711792 -0.015488652512431145 0.0024000578559935093
vn -0.59542173147201538 -0.017311647534370422 -0.80322682857513428
vn -0.85679900646209717 -0.0037243750412017107 -0.51563704013824463
vn -0.064941279590129852 0.034016545861959457 0.99730914831161499
vn -0.4407423734664917 0.036544427275657654 0.89688944816589355
vn -0.13027423620223999 -0.03076825849711895 -0.9910004734992981
vn 0.5012086033821106 -0.036415960639715195 -0.86455988883972168
vn 0.4971049427986145 0.02096744067966938 0.86743706464767456
vn 0.90449428558349609 -0.028166472911834717 -0.42555466294288635
f 1687//1687 1688//1688 1689//1689
f 1690//1690 1688//1688 1691//1691
f 1692//1692 1693//1693 1694//1694
f 1695//1695 1696//1696 1697//1697
f 1698//1698 1699//1699 1700//1700
f 1690//1690 1701//1701 1689//1689
f 1692//1692 1702//1702 1703//1703
f 1701//1701 1704//1704 1705//1705
f 1703//1703 1706//1706 1707//1707
f 1689//1689 1688//1688 1690//1690
f 1708//1708 1701//1701 1690//1690
f 1709//1709 1692//1692 1703//1703
f 1710//1710 1711//1711 1695//1695
f 1712//1712 1698//1698 1713//1713
f 1710//1710 1714//1714 1711//1711
f 1695//1695 1715//1715 1716//1716
f 1698//1698 1717//1717 1718//1718
f 1711//1711 1715//1715 1695//1695
f 1713//1713 1698//1698 1718//1718
f 1696//1696 1695//1695 1719//1719
f 1720//1720 1721//1721 1722//1722
f 1725//1725 1771//1771 1723//1723 1724//1724
f 1728//1728 1772//1772 1726//1726 1727//1727
f 1731//1731 1773//1773 1729//1729 1730//1730
f 1734//1734 1774//1774 1732//1732 1733//1733
f 1735//1735 1736//1736 1737//1737
f 1738//1738 1739//1739 1740//1740
f 1741//1741 1742//1742 1743//1743
f 1744//1744 1745//1745 1746//1746
f 1749//1749 1777//1777 1747//1747 1748//1748
f 1750//1750 1751//1751 1752//1752
f 1755//1755 1778//1778 1753//1753 1754//1754
f 1756//1756 1757//1757 1758//1758
f 1694//1694 1759//1759 1702//1702
f 1694//1694 1702//1702 1692//1692
f 1760//1760 1761//1761 1762//1762
f 1763//1763 1764//1764 1765//1765
f 1720//1720 1722//1722 1766//1766
f 1767//1767 1768//1768 1769//1769
f 1750//1750 1752//1752 1770//1770
f 1735//1735 1737//1737 1775//1775
f 1741//1741 1743//1743 1776//1776
vn 0.017056452110409737 0.99773287773132324 -0.065101057291030884
vn 0.0050914078019559383 0.99791920185089111 -0.064275637269020081
vn 0.041845817118883133 0.99713277816772461 -0.063049174845218658
vn -0.066002689301967621 -0.99629354476928711 0.055161401629447937
vn -0.031714636832475662 -0.9980505108833313 0.053753238171339035
vn -0.071702256798744202 -0.99556344747543335 0.060928106307983398
vn 0.072179198265075684 0.99553579092025757 -0.060816816985607147
vn 0.071693539619445801 0.99556350708007812 -0.06093728169798851
vn 0.067524738609790802 0.99618625640869141 -0.055257461965084076
vn -0.072171494364738464 -0.99553579092025757 0.060826100409030914
vn 0.056171886622905731 0.99671226739883423 -0.058389589190483093
vn 0.034737419337034225 0.99794554710388184 -0.053832732141017914
vn 0.069568060338497162 0.99586999416351318 -0.05833754688501358
vn -0.055486120283603668 -0.99674886465072632 0.058420881628990173
vn -0.070285946130752563 -0.99582481384277344 0.058248326182365417
vn 0.019220910966396332 0.99833410978317261 -0.054402057081460953
vn -0.014600268565118313 -0.99783116579055786 0.064185433089733124
vn -0.041639514267444611 -0.99714368581771851 0.063013151288032532
vn -0.015362556092441082 -0.9983818531036377 0.054750688374042511
vn -0.070813119411468506 0.99558192491531372 -0.061661902815103531
vn -0.043067183345556259 0.99753314256668091 -0.055433716624975204
vn -0.040323011577129364 0.99763619899749756 -0.055642686784267426
vn 0.070748455822467804 -0.9955829381942749 0.06171918660402298
vn 0.040451463311910629 -0.99763089418411255 0.055644098669290543
vn 0.04251156747341156 -0.99756377935409546 0.055310826748609543
vn -0.027204770594835281 0.99774295091629028 -0.061391383409500122
vn -0.041281629353761673 0.9976043701171875 -0.055509511381387711
vn 0.02004564180970192 -0.99794912338256836 0.060792248696088791
vn 0.043085694313049316 -0.99753236770629883 0.055433154106140137
vn -0.051290497183799744 0.99669206142425537 -0.063041359186172485
vn 0.048952274024486542 -0.9968072772026062 0.063078291714191437
vn 0.011486060917377472 -0.99823445081710815 0.05827605351805687
vn 0.01473701186478138 -0.99833714962005615 0.05572940781712532
vn -0.017374198883771896 0.99840444326400757 -0.053727850317955017
vn -0.0097052892670035362 0.99817401170730591 -0.05961880087852478
vn -0.22614997625350952 0.03573651984333992 0.97343671321868896
vn -0.22614997625350952 0.03573651984333992 0.97343671321868896
vn -0.22614997625350952 0.03573651984333992 0.97343671321868896
vn -0.91091549396514893 0.027806447818875313 0.41165494918823242
vn -0.91091549396514893 0.027806447818875313 0.41165494918823242
vn -0.91091549396514893 0.027806447818875313 0.41165494918823242
vn -0.99987852573394775 0.015520535409450531 -0.0014372906880453229
vn -0.99987852573394775 0.015520535409450531 -0.0014372906880453229
vn -0.99987852573394775 0.015520535409450531 -0.0014372906880453229
vn -0.68895113468170166 0.034686602652072906 0.72397732734680176
vn -0.68895113468170166 0.034686602652072906 0.72397732734680176
vn -0.68895113468170166 0.034686602652072906 0.72397732734680176
vn -0.86543601751327515 -0.0031058178283274174 -0.50100982189178467
vn -0.86543601751327515 -0.0031058178283274174 -0.50100982189178467
vn -0.86543601751327515 -0.0031058178283274174 -0.50100982189178467
vn -0.60818833112716675 -0.016794776543974876 -0.79361510276794434
vn -0.60818833112716675 -0.016794776543974876 -0.79361510276794434
vn -0.60818833112716675 -0.016794776543974876 -0.79361510276794434
vn -0.13085010647773743 -0.030756792053580284 -0.99092495441436768
vn -0.13085010647773743 -0.030756792053580284 -0.99092495441436768
vn -0.13085010647773743 -0.030756792053580284 -0.99092495441436768
vn 0.75262022018432617 -0.033481311053037643 -0.65760308504104614
vn 0.75262022018432617 -0.033481311053037643 -0.65760308504104614
vn 0.75262022018432617 -0.033481311053037643 -0.65760308504104614
vn 0.84823358058929443 0.004319989588111639 0.52960467338562012
vn 0.84823358058929443 0.004319989588111639 0.52960467338562012
vn 0.84823358058929443 0.004319989588111639 0.52960467338562012
vn 0.49920359253883362 0.020894909277558327 0.86623275279998779
vn 0.49920359253883362 0.020894909277558327 0.86623275279998779
vn 0.49920359253883362 0.020894909277558327 0.86623275279998779
vn 0.9998786449432373 -0.015526767820119858 0.0012490411754697561
vn 0.9998786449432373 -0.015526767820119858 0.0012490411754697561
vn 0.9998786449432373 -0.015526767820119858 0.0012490411754697561
vn 0.14341865479946136 -0.034964915364980698 -0.98904424905776978
vn 0.14341865479946136 -0.034964915364980698 -0.98904424905776978
vn 0.14341865479946136 -0.034964915364980698 -0.98904424905776978
vn 0.35380956530570984 -0.036439143121242523 -0.93460738658905029
vn 0.35380956530570984 -0.036439143121242523 -0.93460738658905029
vn 0.35380956530570984 -0.036439143121242523 -0.93460738658905029
vn -0.13085010647773743 -0.030756792053580284 -0.99092495441436768
vn -0.22614997625350952 0.03573651984333992 0.97343671321868896
vn -0.91091549396514893 0.027806447818875313 0.41165494918823242
vn -0.99987852573394775 0.015520535409450531 -0.0014372906880453229
vn -0.68895113468170166 0.034686602652072906 0.72397732734680176
vn -0.86543601751327515 -0.0031058178283274174 -0.50100982189178467
vn -0.60818833112716675 -0.016794776543974876 -0.79361510276794434
vn 0.75262022018432617 -0.033481311053037643 -0.65760308504104614
vn 0.84823358058929443 0.004319989588111639 0.52960467338562012
vn 0.49920359253883362 0.020894909277558327 0.86623275279998779
vn 0.9998786449432373 -0.015526767820119858 0.0012490411754697561
vn 0.24162310361862183 0.028338111937046051 0.96995627880096436
vn 0.24162310361862183 0.028338111937046051 0.96995627880096436
vn 0.24162310361862183 0.028338111937046051 0.96995627880096436
f 1779//1779 1780//1780 1781//1781
f 1782//1782 1783//1783 1784//1784
f 1785//1785 1786//1786 1787//1787
f 1788//1788 1782//1782 1784//1784
f 1789//1789 1790//1790 1786//1786
f 1786//1786 1791//1791 1789//1789
f 1784//1784 1792//1792 1793//1793
f 1794//1794 1790//1790 1780//1780
f 1795//1795 1796//1796 1797//1797
f 1798//1798 1799//1799 1800//1800
f 1801//1801 1802//1802 1803//1803
f 1804//1804 1798//1798 1805//1805
f 1806//1806 1807//1807 1801//1801
f 1804//1804 1808//1808 1798//1798
f 1806//1806 1801//1801 1809//1809
f 1810//1810 1806//1806 1811//1811
f 1812//1812 1804//1804 1813//1813
f 1816//1816 1854//1854 1814//1814 1815//1815
f 1819//1819 1855//1855 1817//1817 1818//1818
f 1822//1822 1856//1856 1820//1820 1821//1821
f 1825//1825 1857//1857 1823//1823 1824//1824
f 1828//1828 1858//1858 1826//1826 1827//1827
f 1831//1831 1859//1859 1829//1829 1830//1830
f 1832//1832 1833//1833 1834//1834
f 1837//1837 1860//1860 1835//1835 1836//1836
f 1840//1840 1861//1861 1838//1838 1839//1839
f 1841//1841 1842//1842 1843//1843
f 1844//1844 1845//1845 1846//1846
f 1783//1783 1792//1792 1784//1784
f 1847//1847 1848//1848 1849//1849
f 1790//1790 1787//1787 1786//1786
f 1780//1780 1790//1790 1781//1781
f 1850//1850 1851//1851 1852//1852
f 1832//1832 1834//1834 1853//1853
f 1796//1796 1783//1783 1797//1797
f 1841//1841 1843//1843 1862//1862
f 1844//1844 1846//1846 1863//1863
f 1864//1864 1865//1865 1866//1866
