# Dual color encoding: per-vertex RGB for Rerun, face MTL colors for legacy RViz.
mtllib sim_gene01_r_hand_little_2.mtl
# Rhino

g sim_gene01_r_hand_little_2
v 0.85837288892441643 31.09792791042274 -8.6498498690566912 0.0980392157 0.0980392157 0.0980392157
v 2.1750391090626309 33.349442495609878 -12.554986304234822 0.0980392157 0.0980392157 0.0980392157
v -3.4836294566240582 33.60677452753476 -12.217596780344573 0.0980392157 0.0980392157 0.0980392157
v 0.85837288892441643 31.09792791042274 -8.6498498690566912 0.0980392157 0.0980392157 0.0980392157
v -3.4836294566240582 33.60677452753476 -12.217596780344573 0.0980392157 0.0980392157 0.0980392157
v -2.8343508075393959 33.862701122065289 -6.7322721696783816 0.0980392157 0.0980392157 0.0980392157
v 0.85837288892441643 31.09792791042274 -8.6498498690566912 0.0980392157 0.0980392157 0.0980392157
v 3.9030545080175245 35.915331905655705 -6.3147036452782848 0.0980392157 0.0980392157 0.0980392157
v 2.1750391090626309 33.349442495609878 -12.554986304234822 0.0980392157 0.0980392157 0.0980392157
v -3.4836294566240582 33.60677452753476 -12.217596780344573 0.0980392157 0.0980392157 0.0980392157
v -2.4474555158244158 5.0914577127505822 -12.159772304609829 0.0980392157 0.0980392157 0.0980392157
v -9.9222797270982426 33.280840234540527 -10.626055863717086 0.0980392157 0.0980392157 0.0980392157
v -2.8343508075393959 33.862701122065289 -6.7322721696783816 0.0980392157 0.0980392157 0.0980392157
v -3.4836294566240582 33.60677452753476 -12.217596780344573 0.0980392157 0.0980392157 0.0980392157
v -9.9222797270982426 33.280840234540527 -10.626055863717086 0.0980392157 0.0980392157 0.0980392157
v 11.990455343968616 4.3395250414032347 -9.5036120017069869 0.0980392157 0.0980392157 0.0980392157
v 8.9181329422381879 32.746957636816333 -11.065991038678801 0.0980392157 0.0980392157 0.0980392157
v 13.026318651942061 33.561594657819292 -8.5634914587287785 0.0980392157 0.0980392157 0.0980392157
v 8.0654479864804198 7.6125533448023077 -11.174802244354902 0.0980392157 0.0980392157 0.0980392157
v 2.1750391090626309 33.349442495609878 -12.554986304234822 0.0980392157 0.0980392157 0.0980392157
v -12.764340978161021 33.404204658922154 -8.807585180036364 0.0980392157 0.0980392157 0.0980392157
v -11.037116039421257 5.5873487461679758 -10.30223007371062 0.0980392157 0.0980392157 0.0980392157
v 11.990455343968616 4.3395250414032347 -9.5036120017069869 0.0980392157 0.0980392157 0.0980392157
v -12.797615270755582 -4.6601208432214731 -7.0162938535385129 0.0980392157 0.0980392157 0.0980392157
v 2.6543174768722366 -5.6511707637626021 -10.482303326942246 0.0980392157 0.0980392157 0.0980392157
v 8.8291266199471892 -5.7199181499030818 -9.0063854827888949 0.0980392157 0.0980392157 0.0980392157
v -8.0838398488360568 -5.4961724519114084 -9.2410404439031346 0.0980392157 0.0980392157 0.0980392157
v 8.9181329422381879 32.746957636816333 -11.065991038678801 0.0980392157 0.0980392157 0.0980392157
v 12.004997147598502 32.948526200145878 -5.5636638133768752 0.0980392157 0.0980392157 0.0980392157
v 13.026318651942061 33.561594657819292 -8.5634914587287785 0.0980392157 0.0980392157 0.0980392157
v 7.8536094908994425 34.39787608630931 -6.3318961614599232 0.0980392157 0.0980392157 0.0980392157
v 8.9181329422381879 32.746957636816333 -11.065991038678801 0.0980392157 0.0980392157 0.0980392157
v 3.9030545080175245 35.915331905655705 -6.3147036452782848 0.0980392157 0.0980392157 0.0980392157
v 7.8748937395580709 30.900193810151016 -3.6410376913555518 0.0980392157 0.0980392157 0.0980392157
v 8.9181329422381879 32.746957636816333 -11.065991038678801 0.0980392157 0.0980392157 0.0980392157
v 7.8536094908994425 34.39787608630931 -6.3318961614599232 0.0980392157 0.0980392157 0.0980392157
v 12.004997147598502 32.948526200145878 -5.5636638133768752 0.0980392157 0.0980392157 0.0980392157
v 8.9181329422381879 32.746957636816333 -11.065991038678801 0.0980392157 0.0980392157 0.0980392157
v 7.8748937395580709 30.900193810151016 -3.6410376913555518 0.0980392157 0.0980392157 0.0980392157
v -9.7936520415399997 36.690883697193193 -6.5220982588429992 0.0980392157 0.0980392157 0.0980392157
v -9.9222797270982426 33.280840234540527 -10.626055863717086 0.0980392157 0.0980392157 0.0980392157
v -12.764340978161021 33.404204658922154 -8.807585180036364 0.0980392157 0.0980392157 0.0980392157
v -9.7936520415399997 36.690883697193193 -6.5220982588429992 0.0980392157 0.0980392157 0.0980392157
v -2.8343508075393959 33.862701122065289 -6.7322721696783816 0.0980392157 0.0980392157 0.0980392157
v -9.9222797270982426 33.280840234540527 -10.626055863717086 0.0980392157 0.0980392157 0.0980392157
v -2.8343508075393959 33.862701122065289 -6.7322721696783816 0.0980392157 0.0980392157 0.0980392157
v -9.7936520415399997 36.690883697193193 -6.5220982588429992 0.0980392157 0.0980392157 0.0980392157
v -4.3207361425209498 39.691137957632911 -6.4567664492014059 0.0980392157 0.0980392157 0.0980392157
v 7.6272597471883161 11.87880758108286 -4.9686785080323714 0.0980392157 0.0980392157 0.0980392157
v 9.288622681944668 7.5956998319118352 -9.7060697618431195 0.0980392157 0.0980392157 0.0980392157
v 10.65924789651068 11.670410231308203 -9.1648568099745145 0.0980392157 0.0980392157 0.0980392157
v 8.1983271585496453 6.703335105762922 -0.54427255276590636 0.0980392157 0.0980392157 0.0980392157
v -7.8000001907348633 10.598735809326172 -6.4027719497680664 0.0980392157 0.0980392157 0.0980392157
v -5.1426990968183484 12.498080955497304 2.2537917205526998 0.0980392157 0.0980392157 0.0980392157
v -10.436417820147536 12.94878817044407 -8.151015476426787 0.0980392157 0.0980392157 0.0980392157
v 12.757120985160405 -4.2777248629482116 -6.6590135626521256 0.0980392157 0.0980392157 0.0980392157
v -5.1544776580831808 -5.0008872295712896 -8.4397650637185553 0.0980392157 0.0980392157 0.0980392157
v -4.0291151490130339 0.83506758966410388 -9.7246307635820397 0.0980392157 0.0980392157 0.0980392157
v -4.6413063122694282 2.9452029745968482 -3.0129447171756802 0.0980392157 0.0980392157 0.0980392157
v -5.1544776580831808 -5.0008872295712896 -8.4397650637185553 0.0980392157 0.0980392157 0.0980392157
v 4.8445364538344808 -5.3922367728265534 -7.8275688153087071 0.0980392157 0.0980392157 0.0980392157
v 4.0864788549053976 -0.58402973710258355 -9.7553207207666777 0.0980392157 0.0980392157 0.0980392157
v -4.6413063122694282 2.9452029745968482 -3.0129447171756802 0.0980392157 0.0980392157 0.0980392157
v -4.0291151490130339 0.83506758966410388 -9.7246307635820397 0.0980392157 0.0980392157 0.0980392157
v 4.0864788549053976 -0.58402973710258355 -9.7553207207666777 0.0980392157 0.0980392157 0.0980392157
v 4.8413072196102931 0.43471626370248995 -5.5468173332184909 0.0980392157 0.0980392157 0.0980392157
v 4.8445364538344808 -5.3922367728265534 -7.8275688153087071 0.0980392157 0.0980392157 0.0980392157
v 4.8413072196102931 0.43471626370248995 -5.5468173332184909 0.0980392157 0.0980392157 0.0980392157
v 4.0864788549053976 -0.58402973710258355 -9.7553207207666777 0.0980392157 0.0980392157 0.0980392157
v 2.6543174768722366 -5.6511707637626021 -10.482303326942246 0.0980392157 0.0980392157 0.0980392157
v 4.8445364538344808 -5.3922367728265534 -7.8275688153087071 0.0980392157 0.0980392157 0.0980392157
v -5.1544776580831808 -5.0008872295712896 -8.4397650637185553 0.0980392157 0.0980392157 0.0980392157
v -8.0838398488360568 -5.4961724519114084 -9.2410404439031346 0.0980392157 0.0980392157 0.0980392157
v -5.8999705491819059 46.851941263829175 -6.3598763974732595 0.0980392157 0.0980392157 0.0980392157
v 0.71395657767248277 42.706829498287156 -6.4857946114224525 0.0980392157 0.0980392157 0.0980392157
v -10.459423045497676 44.28504807144116 -6.3529804124104414 0.0980392157 0.0980392157 0.0980392157
v -0.62465291423370028 38.818370729957287 -3.7563496448183473 0.0980392157 0.0980392157 0.0980392157
v -4.3207361425209498 39.691137957632911 -6.4567664492014059 0.0980392157 0.0980392157 0.0980392157
v 0.71395657767248277 42.706829498287156 -6.4857946114224525 0.0980392157 0.0980392157 0.0980392157
v 0.85409888997894168 47.379144690098371 -5.9397356503204222 0.0980392157 0.0980392157 0.0980392157
v 7.506793469129545 44.41678304628558 -5.8332046084108491 0.0980392157 0.0980392157 0.0980392157
v 7.8536094908994425 34.39787608630931 -6.3318961614599232 0.0980392157 0.0980392157 0.0980392157
v 3.9030545080175245 35.915331905655705 -6.3147036452782848 0.0980392157 0.0980392157 0.0980392157
v 0.85837288892441643 31.09792791042274 -8.6498498690566912 0.0980392157 0.0980392157 0.0980392157
v -2.8343508075393959 33.862701122065289 -6.7322721696783816 0.0980392157 0.0980392157 0.0980392157
v 3.9030545080175245 35.915331905655705 -6.3147036452782848 0.0980392157 0.0980392157 0.0980392157
v 7.506793469129545 44.41678304628558 -5.8332046084108491 0.0980392157 0.0980392157 0.0980392157
v 7.7581546412576117 36.426296722142283 -3.5778684648581329 0.0980392157 0.0980392157 0.0980392157
v -0.62465291423370028 38.818370729957287 -3.7563496448183473 0.0980392157 0.0980392157 0.0980392157
v 0.71395657767248277 42.706829498287156 -6.4857946114224525 0.0980392157 0.0980392157 0.0980392157
v 3.9030545080175245 35.915331905655705 -6.3147036452782848 0.0980392157 0.0980392157 0.0980392157
v 7.8748937395580709 30.900193810151016 -3.6410376913555518 0.0980392157 0.0980392157 0.0980392157
v 7.8536094908994425 34.39787608630931 -6.3318961614599232 0.0980392157 0.0980392157 0.0980392157
v 12.004997147598502 32.948526200145878 -5.5636638133768752 0.0980392157 0.0980392157 0.0980392157
v 7.8536094908994425 34.39787608630931 -6.3318961614599232 0.0980392157 0.0980392157 0.0980392157
v 13.435589428976744 32.435591901987991 4.2022488339850934 0.0980392157 0.0980392157 0.0980392157
v 12.004997147598502 32.948526200145878 -5.5636638133768752 0.0980392157 0.0980392157 0.0980392157
v 12.12705544696934 40.658808502779834 -0.052007299104324396 0.0980392157 0.0980392157 0.0980392157
v 7.7581546412576117 36.426296722142283 -3.5778684648581329 0.0980392157 0.0980392157 0.0980392157
v 7.506793469129545 44.41678304628558 -5.8332046084108491 0.0980392157 0.0980392157 0.0980392157
v 10.842425534188235 37.593945248466824 0.016065714777938764 0.0980392157 0.0980392157 0.0980392157
v -2.8343508075393959 33.862701122065289 -6.7322721696783816 0.0980392157 0.0980392157 0.0980392157
v -4.3207361425209498 39.691137957632911 -6.4567664492014059 0.0980392157 0.0980392157 0.0980392157
v -0.62465291423370028 38.818370729957287 -3.7563496448183473 0.0980392157 0.0980392157 0.0980392157
v -13.512385188622837 33.374781264334644 -3.119711905924512 0.0980392157 0.0980392157 0.0980392157
v -11.399999618530273 35.429233551025391 -2.1011676788330078 0.0980392157 0.0980392157 0.0980392157
v -9.7936520415399997 36.690883697193193 -6.5220982588429992 0.0980392157 0.0980392157 0.0980392157
v -13.512385188622837 33.374781264334644 -3.119711905924512 0.0980392157 0.0980392157 0.0980392157
v -13.306556230561386 3.6630212644840894 -1.9328074888143252 0.0980392157 0.0980392157 0.0980392157
v -7.3336525491156879 2.512628450401388 -2.9497767424454531 0.0980392157 0.0980392157 0.0980392157
v -7.8255363444778441 7.3647942153390362 1.5676022240814067 0.0980392157 0.0980392157 0.0980392157
v 9.288622681944668 7.5956998319118352 -9.7060697618431195 0.0980392157 0.0980392157 0.0980392157
v 12.067515222569247 7.3239875836818555 -1.5571952501266124 0.0980392157 0.0980392157 0.0980392157
v 10.65924789651068 11.670410231308203 -9.1648568099745145 0.0980392157 0.0980392157 0.0980392157
v -7.8000001907348633 10.598735809326172 -6.4027719497680664 0.0980392157 0.0980392157 0.0980392157
v -10.436417820147536 12.94878817044407 -8.151015476426787 0.0980392157 0.0980392157 0.0980392157
v -11.790932028006372 6.7377365137160519 -6.214759534050688 0.0980392157 0.0980392157 0.0980392157
v 13.511149724964639 10.938952402720828 0.75987037523541567 0.0980392157 0.0980392157 0.0980392157
v 11.716354221590073 2.575780119513408 -6.2870520742336451 0.0980392157 0.0980392157 0.0980392157
v 7.7799612987836841 5.0480141335777349 -4.8540777031928348 0.0980392157 0.0980392157 0.0980392157
v 7.9032658296561911 -5.061220901854897 -6.8426099225018664 0.0980392157 0.0980392157 0.0980392157
v 12.757120985160405 -4.2777248629482116 -6.6590135626521256 0.0980392157 0.0980392157 0.0980392157
v -12.797615270755582 -4.6601208432214731 -7.0162938535385129 0.0980392157 0.0980392157 0.0980392157
v -8.1364025155523869 -5.6347174709534604 -5.6636020719312201 0.0980392157 0.0980392157 0.0980392157
v -7.8492418090590927 1.7133984394827682 -6.4043011601082105 0.0980392157 0.0980392157 0.0980392157
v 8.8291266199471892 -5.7199181499030818 -9.0063854827888949 0.0980392157 0.0980392157 0.0980392157
v 12.757120985160405 -4.2777248629482116 -6.6590135626521256 0.0980392157 0.0980392157 0.0980392157
v 7.9032658296561911 -5.061220901854897 -6.8426099225018664 0.0980392157 0.0980392157 0.0980392157
v 7.9032658296561911 -5.061220901854897 -6.8426099225018664 0.0980392157 0.0980392157 0.0980392157
v 4.8445364538344808 -5.3922367728265534 -7.8275688153087071 0.0980392157 0.0980392157 0.0980392157
v 8.8291266199471892 -5.7199181499030818 -9.0063854827888949 0.0980392157 0.0980392157 0.0980392157
v -8.1364025155523869 -5.6347174709534604 -5.6636020719312201 0.0980392157 0.0980392157 0.0980392157
v -12.797615270755582 -4.6601208432214731 -7.0162938535385129 0.0980392157 0.0980392157 0.0980392157
v -8.0838398488360568 -5.4961724519114084 -9.2410404439031346 0.0980392157 0.0980392157 0.0980392157
v -5.1353622443481228 -7.3908142519879956 3.0413246972628425 0.0980392157 0.0980392157 0.0980392157
v -8.0838398488360568 -5.4961724519114084 -9.2410404439031346 0.0980392157 0.0980392157 0.0980392157
v -5.1544776580831808 -5.0008872295712896 -8.4397650637185553 0.0980392157 0.0980392157 0.0980392157
v -5.1353622443481228 -7.3908142519879956 3.0413246972628425 0.0980392157 0.0980392157 0.0980392157
v -5.8999705491819059 46.851941263829175 -6.3598763974732595 0.0980392157 0.0980392157 0.0980392157
v 0.90454530161045499 48.987217033386408 -0.74979366035132655 0.0980392157 0.0980392157 0.0980392157
v 0.85409888997894168 47.379144690098371 -5.9397356503204222 0.0980392157 0.0980392157 0.0980392157
v -9.0564599557771395 49.010727683384083 0.23395626524779112 0.0980392157 0.0980392157 0.0980392157
v -5.8999705491819059 46.851941263829175 -6.3598763974732595 0.0980392157 0.0980392157 0.0980392157
v -11.376159313341663 44.142034858147127 2.6890402266713935 0.0980392157 0.0980392157 0.0980392157
v -9.0564599557771395 49.010727683384083 0.23395626524779112 0.0980392157 0.0980392157 0.0980392157
v 7.506793469129545 44.41678304628558 -5.8332046084108491 0.0980392157 0.0980392157 0.0980392157
v 0.85409888997894168 47.379144690098371 -5.9397356503204222 0.0980392157 0.0980392157 0.0980392157
v 4.4021862136618282 44.57041935388645 0.53217882455375487 0.0980392157 0.0980392157 0.0980392157
v 4.4021862136618282 44.57041935388645 0.53217882455375487 0.0980392157 0.0980392157 0.0980392157
v 0.85409888997894168 47.379144690098371 -5.9397356503204222 0.0980392157 0.0980392157 0.0980392157
v 0.90454530161045499 48.987217033386408 -0.74979366035132655 0.0980392157 0.0980392157 0.0980392157
v -11.376159313341663 44.142034858147127 2.6890402266713935 0.0980392157 0.0980392157 0.0980392157
v -5.8999705491819059 46.851941263829175 -6.3598763974732595 0.0980392157 0.0980392157 0.0980392157
v -10.459423045497676 44.28504807144116 -6.3529804124104414 0.0980392157 0.0980392157 0.0980392157
v -15.296092196314365 40.298292636261891 -0.024265738627388594 0.0980392157 0.0980392157 0.0980392157
v -11.376159313341663 44.142034858147127 2.6890402266713935 0.0980392157 0.0980392157 0.0980392157
v -10.459423045497676 44.28504807144116 -6.3529804124104414 0.0980392157 0.0980392157 0.0980392157
v -9.7936520415399997 36.690883697193193 -6.5220982588429992 0.0980392157 0.0980392157 0.0980392157
v -15.296092196314365 40.298292636261891 -0.024265738627388594 0.0980392157 0.0980392157 0.0980392157
v -10.459423045497676 44.28504807144116 -6.3529804124104414 0.0980392157 0.0980392157 0.0980392157
v -11.399999618530273 35.429233551025391 -2.1011676788330078 0.0980392157 0.0980392157 0.0980392157
v -15.296092196314365 40.298292636261891 -0.024265738627388594 0.0980392157 0.0980392157 0.0980392157
v -9.7936520415399997 36.690883697193193 -6.5220982588429992 0.0980392157 0.0980392157 0.0980392157
v 13.435589428976744 32.435591901987991 4.2022488339850934 0.0980392157 0.0980392157 0.0980392157
v 10.842425534188235 37.593945248466824 0.016065714777938764 0.0980392157 0.0980392157 0.0980392157
v 13.435589428976744 32.435591901987991 4.2022488339850934 0.0980392157 0.0980392157 0.0980392157
v 12.004997147598502 32.948526200145878 -5.5636638133768752 0.0980392157 0.0980392157 0.0980392157
v 13.435589428976744 32.435591901987991 4.2022488339850934 0.0980392157 0.0980392157 0.0980392157
v 10.842425534188235 37.593945248466824 0.016065714777938764 0.0980392157 0.0980392157 0.0980392157
v 12.004997147598502 32.948526200145878 -5.5636638133768752 0.0980392157 0.0980392157 0.0980392157
v -15.296092196314365 40.298292636261891 -0.024265738627388594 0.0980392157 0.0980392157 0.0980392157
v -11.399999618530273 35.429233551025391 -2.1011676788330078 0.0980392157 0.0980392157 0.0980392157
v -13.512385188622837 33.374781264334644 -3.119711905924512 0.0980392157 0.0980392157 0.0980392157
v 13.511149724964639 10.938952402720828 0.75987037523541567 0.0980392157 0.0980392157 0.0980392157
v 7.6272597471883161 11.87880758108286 -4.9686785080323714 0.0980392157 0.0980392157 0.0980392157
v 10.65924789651068 11.670410231308203 -9.1648568099745145 0.0980392157 0.0980392157 0.0980392157
v 9.3264570236206055 13.735142707824707 -2.1015019416809082 0.0980392157 0.0980392157 0.0980392157
v 8.1983271585496453 6.703335105762922 -0.54427255276590636 0.0980392157 0.0980392157 0.0980392157
v 7.6272597471883161 11.87880758108286 -4.9686785080323714 0.0980392157 0.0980392157 0.0980392157
v 9.3264570236206055 13.735142707824707 -2.1015019416809082 0.0980392157 0.0980392157 0.0980392157
v 7.6272597471883161 11.87880758108286 -4.9686785080323714 0.0980392157 0.0980392157 0.0980392157
v 13.511149724964639 10.938952402720828 0.75987037523541567 0.0980392157 0.0980392157 0.0980392157
v -9.6513524350531537 14.012751785588618 1.8139705984128767 0.0980392157 0.0980392157 0.0980392157
v -10.436417820147536 12.94878817044407 -8.151015476426787 0.0980392157 0.0980392157 0.0980392157
v -5.1426990968183484 12.498080955497304 2.2537917205526998 0.0980392157 0.0980392157 0.0980392157
v 8.1983271585496453 6.703335105762922 -0.54427255276590636 0.0980392157 0.0980392157 0.0980392157
v 12.000530900251182 4.9392473439967572 -1.8185837235471698 0.0980392157 0.0980392157 0.0980392157
v 12.067515222569247 7.3239875836818555 -1.5571952501266124 0.0980392157 0.0980392157 0.0980392157
v 12.597302941105591 7.0865236775495575 6.3909456947575514 0.0980392157 0.0980392157 0.0980392157
v 12.067515222569247 7.3239875836818555 -1.5571952501266124 0.0980392157 0.0980392157 0.0980392157
v 8.1983271585496453 6.703335105762922 -0.54427255276590636 0.0980392157 0.0980392157 0.0980392157
v 7.4031034487378449 10.969569303008747 4.7655363326051638 0.0980392157 0.0980392157 0.0980392157
v 12.597302941105591 7.0865236775495575 6.3909456947575514 0.0980392157 0.0980392157 0.0980392157
v 8.1983271585496453 6.703335105762922 -0.54427255276590636 0.0980392157 0.0980392157 0.0980392157
v 5.8562816732876133 11.095680870293798 -2.7623502699800588 0.0980392157 0.0980392157 0.0980392157
v 7.4031034487378449 10.969569303008747 4.7655363326051638 0.0980392157 0.0980392157 0.0980392157
v 8.1983271585496453 6.703335105762922 -0.54427255276590636 0.0980392157 0.0980392157 0.0980392157
v 5.8562816732876133 11.095680870293798 -2.7623502699800588 0.0980392157 0.0980392157 0.0980392157
v 8.1983271585496453 6.703335105762922 -0.54427255276590636 0.0980392157 0.0980392157 0.0980392157
v 9.3264570236206055 13.735142707824707 -2.1015019416809082 0.0980392157 0.0980392157 0.0980392157
v -13.306556230561386 3.6630212644840894 -1.9328074888143252 0.0980392157 0.0980392157 0.0980392157
v -11.790932028006372 6.7377365137160519 -6.214759534050688 0.0980392157 0.0980392157 0.0980392157
v -12.335287680649424 10.353211340553376 -0.42224674207164936 0.0980392157 0.0980392157 0.0980392157
v -7.7852597330003848 11.444654449455525 5.7950644372702582 0.0980392157 0.0980392157 0.0980392157
v -9.6513524350531537 14.012751785588618 1.8139705984128767 0.0980392157 0.0980392157 0.0980392157
v -7.8255363444778441 7.3647942153390362 1.5676022240814067 0.0980392157 0.0980392157 0.0980392157
v -11.409277449210995 6.9444212677763009 6.1426137416524274 0.0980392157 0.0980392157 0.0980392157
v -7.7852597330003848 11.444654449455525 5.7950644372702582 0.0980392157 0.0980392157 0.0980392157
v -7.8255363444778441 7.3647942153390362 1.5676022240814067 0.0980392157 0.0980392157 0.0980392157
v 12.000530900251182 4.9392473439967572 -1.8185837235471698 0.0980392157 0.0980392157 0.0980392157
v 7.7799612987836841 5.0480141335777349 -4.8540777031928348 0.0980392157 0.0980392157 0.0980392157
v 11.716354221590073 2.575780119513408 -6.2870520742336451 0.0980392157 0.0980392157 0.0980392157
v 7.4899352277015012 2.6720641224893149 -0.60683914370819814 0.0980392157 0.0980392157 0.0980392157
v 7.7799612987836841 5.0480141335777349 -4.8540777031928348 0.0980392157 0.0980392157 0.0980392157
v 12.000530900251182 4.9392473439967572 -1.8185837235471698 0.0980392157 0.0980392157 0.0980392157
v 12.000530900251182 4.9392473439967572 -1.8185837235471698 0.0980392157 0.0980392157 0.0980392157
v 11.716354221590073 2.575780119513408 -6.2870520742336451 0.0980392157 0.0980392157 0.0980392157
v 12.757120985160405 -4.2777248629482116 -6.6590135626521256 0.0980392157 0.0980392157 0.0980392157
v 5.929549639136015 5.5678600750990332 8.5455149473467618 0.0980392157 0.0980392157 0.0980392157
v 7.8315792312440111 2.690952703749439 6.5308299787956088 0.0980392157 0.0980392157 0.0980392157
v 12.597302941105591 7.0865236775495575 6.3909456947575514 0.0980392157 0.0980392157 0.0980392157
v 12.597302941105591 7.0865236775495575 6.3909456947575514 0.0980392157 0.0980392157 0.0980392157
v 7.8315792312440111 2.690952703749439 6.5308299787956088 0.0980392157 0.0980392157 0.0980392157
v 8.1983271585496453 6.703335105762922 -0.54427255276590636 0.0980392157 0.0980392157 0.0980392157
v 7.7966057964373041 -6.9778799051042153 2.2056724769586418 0.0980392157 0.0980392157 0.0980392157
v 7.4899352277015012 2.6720641224893149 -0.60683914370819814 0.0980392157 0.0980392157 0.0980392157
v 7.8315792312440111 2.690952703749439 6.5308299787956088 0.0980392157 0.0980392157 0.0980392157
v 12.597302941105591 7.0865236775495575 6.3909456947575514 0.0980392157 0.0980392157 0.0980392157
v 8.1983271585496453 6.703335105762922 -0.54427255276590636 0.0980392157 0.0980392157 0.0980392157
v 12.067515222569247 7.3239875836818555 -1.5571952501266124 0.0980392157 0.0980392157 0.0980392157
v 7.9032658296561911 -5.061220901854897 -6.8426099225018664 0.0980392157 0.0980392157 0.0980392157
v -13.306556230561386 3.6630212644840894 -1.9328074888143252 0.0980392157 0.0980392157 0.0980392157
v -11.551261115221283 2.0477180923005651 -6.8927146104498362 0.0980392157 0.0980392157 0.0980392157
v -7.3336525491156879 2.512628450401388 -2.9497767424454531 0.0980392157 0.0980392157 0.0980392157
v -7.3336525491156879 2.512628450401388 -2.9497767424454531 0.0980392157 0.0980392157 0.0980392157
v -7.8492418090590927 1.7133984394827682 -6.4043011601082105 0.0980392157 0.0980392157 0.0980392157
v -8.1364025155523869 -5.6347174709534604 -5.6636020719312201 0.0980392157 0.0980392157 0.0980392157
v -7.8512961611860019 -5.6043619951710113 5.3235969996732777 0.0980392157 0.0980392157 0.0980392157
v -7.8781140130186547 1.6093558108300259 6.7014512331309515 0.0980392157 0.0980392157 0.0980392157
v -11.409277449210995 6.9444212677763009 6.1426137416524274 0.0980392157 0.0980392157 0.0980392157
v -7.8255363444778441 7.3647942153390362 1.5676022240814067 0.0980392157 0.0980392157 0.0980392157
v -7.8781140130186547 1.6093558108300259 6.7014512331309515 0.0980392157 0.0980392157 0.0980392157
v 5.138586300866141 -7.7393785074718391 -0.020381200165344962 0.0980392157 0.0980392157 0.0980392157
v 4.8413072196102931 0.43471626370248995 -5.5468173332184909 0.0980392157 0.0980392157 0.0980392157
v 4.8445364538344808 -5.3922367728265534 -7.8275688153087071 0.0980392157 0.0980392157 0.0980392157
v -4.6413063122694282 2.9452029745968482 -3.0129447171756802 0.0980392157 0.0980392157 0.0980392157
v -5.1353622443481228 -7.3908142519879956 3.0413246972628425 0.0980392157 0.0980392157 0.0980392157
v 5.138586300866141 -7.7393785074718391 -0.020381200165344962 0.0980392157 0.0980392157 0.0980392157
v 4.8445364538344808 -5.3922367728265534 -7.8275688153087071 0.0980392157 0.0980392157 0.0980392157
v 7.9032658296561911 -5.061220901854897 -6.8426099225018664 0.0980392157 0.0980392157 0.0980392157
v -13.512385188622837 33.374781264334644 -3.119711905924512 0.0980392157 0.0980392157 0.0980392157
v -11.399999618530273 35.429233551025391 -2.1011676788330078 0.0980392157 0.0980392157 0.0980392157
v -15.296092196314365 40.298292636261891 -0.024265738627388594 0.0980392157 0.0980392157 0.0980392157
v -15.296092196314365 40.298292636261891 -0.024265738627388594 0.0980392157 0.0980392157 0.0980392157
v -11.399999618530273 35.429233551025391 -2.1011676788330078 0.0980392157 0.0980392157 0.0980392157
v -10.878251714840243 35.318824209847435 5.8035747318677071 0.0980392157 0.0980392157 0.0980392157
v -10.878251714840243 35.318824209847435 5.8035747318677071 0.0980392157 0.0980392157 0.0980392157
v -11.399999618530273 35.429233551025391 -2.1011676788330078 0.0980392157 0.0980392157 0.0980392157
v -13.512385188622837 33.374781264334644 -3.119711905924512 0.0980392157 0.0980392157 0.0980392157
v -13.507958014778753 11.45870378390414 0.63537028175010313 0.0980392157 0.0980392157 0.0980392157
v 8.885758804301938 13.902224733204825 1.7800914358917448 0.0980392157 0.0980392157 0.0980392157
v 5.8562816732876133 11.095680870293798 -2.7623502699800588 0.0980392157 0.0980392157 0.0980392157
v 9.3264570236206055 13.735142707824707 -2.1015019416809082 0.0980392157 0.0980392157 0.0980392157
v 8.1983271585496453 6.703335105762922 -0.54427255276590636 0.0980392157 0.0980392157 0.0980392157
v 12.067515222569247 7.3239875836818555 -1.5571952501266124 0.0980392157 0.0980392157 0.0980392157
v 12.000530900251182 4.9392473439967572 -1.8185837235471698 0.0980392157 0.0980392157 0.0980392157
v 7.4899352277015012 2.6720641224893149 -0.60683914370819814 0.0980392157 0.0980392157 0.0980392157
v 12.000530900251182 4.9392473439967572 -1.8185837235471698 0.0980392157 0.0980392157 0.0980392157
v 8.1983271585496453 6.703335105762922 -0.54427255276590636 0.0980392157 0.0980392157 0.0980392157
v 12.757120985160405 -4.2777248629482116 -6.6590135626521256 0.0980392157 0.0980392157 0.0980392157
v 13.511149724964639 10.938952402720828 0.75987037523541567 0.0980392157 0.0980392157 0.0980392157
v 12.000530900251182 4.9392473439967572 -1.8185837235471698 0.0980392157 0.0980392157 0.0980392157
v 0.34211585293590313 5.0601781655161897 2.6951857907799006 0.0980392157 0.0980392157 0.0980392157
v -4.6413063122694282 2.9452029745968482 -3.0129447171756802 0.0980392157 0.0980392157 0.0980392157
v 3.167541530881671 3.9813654666826417 -3.1065431208782761 0.0980392157 0.0980392157 0.0980392157
v -6.522417043993209 47.735359124994226 4.9578571490763483 0.0980392157 0.0980392157 0.0980392157
v 7.7582097938913375 36.75283361036599 3.9414133028993366 0.0980392157 0.0980392157 0.0980392157
v 10.842425534188235 37.593945248466824 0.016065714777938764 0.0980392157 0.0980392157 0.0980392157
v 7.7582097938913375 36.75283361036599 3.9414133028993366 0.0980392157 0.0980392157 0.0980392157
v 7.7581546412576117 36.426296722142283 -3.5778684648581329 0.0980392157 0.0980392157 0.0980392157
v 7.7373868301487247 33.888120508737238 6.3851532208667603 0.0980392157 0.0980392157 0.0980392157
v 7.8536094908994425 34.39787608630931 -6.3318961614599232 0.0980392157 0.0980392157 0.0980392157
v 7.7373868301487247 33.888120508737238 6.3851532208667603 0.0980392157 0.0980392157 0.0980392157
v 10.842425534188235 37.593945248466824 0.016065714777938764 0.0980392157 0.0980392157 0.0980392157
v 12.12705544696934 40.658808502779834 -0.052007299104324396 0.0980392157 0.0980392157 0.0980392157
v 7.7582097938913375 36.75283361036599 3.9414133028993366 0.0980392157 0.0980392157 0.0980392157
v 7.4031034487378449 10.969569303008747 4.7655363326051638 0.0980392157 0.0980392157 0.0980392157
v 5.8562816732876133 11.095680870293798 -2.7623502699800588 0.0980392157 0.0980392157 0.0980392157
v 8.885758804301938 13.902224733204825 1.7800914358917448 0.0980392157 0.0980392157 0.0980392157
v -11.876657123538529 12.254886666717043 3.8432929509088858 0.0980392157 0.0980392157 0.0980392157
v -12.335287680649424 10.353211340553376 -0.42224674207164936 0.0980392157 0.0980392157 0.0980392157
v -9.6513524350531537 14.012751785588618 1.8139705984128767 0.0980392157 0.0980392157 0.0980392157
v -11.409277449210995 6.9444212677763009 6.1426137416524274 0.0980392157 0.0980392157 0.0980392157
v -12.335287680649424 10.353211340553376 -0.42224674207164936 0.0980392157 0.0980392157 0.0980392157
v -11.876657123538529 12.254886666717043 3.8432929509088858 0.0980392157 0.0980392157 0.0980392157
v 8.1983271585496453 6.703335105762922 -0.54427255276590636 0.0980392157 0.0980392157 0.0980392157
v 12.067515222569247 7.3239875836818555 -1.5571952501266124 0.0980392157 0.0980392157 0.0980392157
v -12.335287680649424 10.353211340553376 -0.42224674207164936 0.0980392157 0.0980392157 0.0980392157
v -13.507958014778753 11.45870378390414 0.63537028175010313 0.0980392157 0.0980392157 0.0980392157
v -13.306556230561386 3.6630212644840894 -1.9328074888143252 0.0980392157 0.0980392157 0.0980392157
v -11.409277449210995 6.9444212677763009 6.1426137416524274 0.0980392157 0.0980392157 0.0980392157
v -13.507958014778753 11.45870378390414 0.63537028175010313 0.0980392157 0.0980392157 0.0980392157
v -12.335287680649424 10.353211340553376 -0.42224674207164936 0.0980392157 0.0980392157 0.0980392157
v -3.2648937825164177 4.6281871777787051 3.3309738243906852 0.0980392157 0.0980392157 0.0980392157
v -4.6413063122694282 2.9452029745968482 -3.0129447171756802 0.0980392157 0.0980392157 0.0980392157
v 0.34211585293590313 5.0601781655161897 2.6951857907799006 0.0980392157 0.0980392157 0.0980392157
v 4.9389553136168125 1.9050341669332111 4.9795115892772666 0.0980392157 0.0980392157 0.0980392157
v 0.34211585293590313 5.0601781655161897 2.6951857907799006 0.0980392157 0.0980392157 0.0980392157
v 3.167541530881671 3.9813654666826417 -3.1065431208782761 0.0980392157 0.0980392157 0.0980392157
v 4.9389553136168125 1.9050341669332111 4.9795115892772666 0.0980392157 0.0980392157 0.0980392157
v 3.167541530881671 3.9813654666826417 -3.1065431208782761 0.0980392157 0.0980392157 0.0980392157
v -7.8512961611860019 -5.6043619951710113 5.3235969996732777 0.0980392157 0.0980392157 0.0980392157
v 2.3362652740790382 46.760448287431601 6.2893225119135918 0.0980392157 0.0980392157 0.0980392157
v -11.376159313341663 44.142034858147127 2.6890402266713935 0.0980392157 0.0980392157 0.0980392157
v -6.522417043993209 47.735359124994226 4.9578571490763483 0.0980392157 0.0980392157 0.0980392157
v -9.0564599557771395 49.010727683384083 0.23395626524779112 0.0980392157 0.0980392157 0.0980392157
v 2.3362652740790382 46.760448287431601 6.2893225119135918 0.0980392157 0.0980392157 0.0980392157
v 0.90454530161045499 48.987217033386408 -0.74979366035132655 0.0980392157 0.0980392157 0.0980392157
v 12.12705544696934 40.658808502779834 -0.052007299104324396 0.0980392157 0.0980392157 0.0980392157
v 7.506793469129545 44.41678304628558 -5.8332046084108491 0.0980392157 0.0980392157 0.0980392157
v 7.5439140683223247 42.301840588070327 6.1512170685816754 0.0980392157 0.0980392157 0.0980392157
v -12.469879868117097 13.334666008715361 7.0073135372364357 0.0980392157 0.0980392157 0.0980392157
v -13.168118515096364 32.245742474332992 5.7045689484114517 0.0980392157 0.0980392157 0.0980392157
v 13.069093564732926 12.415714219108049 5.0524803709189516 0.0980392157 0.0980392157 0.0980392157
v 8.885758804301938 13.902224733204825 1.7800914358917448 0.0980392157 0.0980392157 0.0980392157
v 13.511149724964639 10.938952402720828 0.75987037523541567 0.0980392157 0.0980392157 0.0980392157
v 7.4031034487378449 10.969569303008747 4.7655363326051638 0.0980392157 0.0980392157 0.0980392157
v 8.885758804301938 13.902224733204825 1.7800914358917448 0.0980392157 0.0980392157 0.0980392157
v 13.069093564732926 12.415714219108049 5.0524803709189516 0.0980392157 0.0980392157 0.0980392157
v -7.8255363444778441 7.3647942153390362 1.5676022240814067 0.0980392157 0.0980392157 0.0980392157
v -9.6513524350531537 14.012751785588618 1.8139705984128767 0.0980392157 0.0980392157 0.0980392157
v -5.1426990968183484 12.498080955497304 2.2537917205526998 0.0980392157 0.0980392157 0.0980392157
v -12.469879868117097 13.334666008715361 7.0073135372364357 0.0980392157 0.0980392157 0.0980392157
v -9.6513524350531537 14.012751785588618 1.8139705984128767 0.0980392157 0.0980392157 0.0980392157
v -7.7852597330003848 11.444654449455525 5.7950644372702582 0.0980392157 0.0980392157 0.0980392157
v -12.469879868117097 13.334666008715361 7.0073135372364357 0.0980392157 0.0980392157 0.0980392157
v -12.469879868117097 13.334666008715361 7.0073135372364357 0.0980392157 0.0980392157 0.0980392157
v -13.507958014778753 11.45870378390414 0.63537028175010313 0.0980392157 0.0980392157 0.0980392157
v -11.876657123538529 12.254886666717043 3.8432929509088858 0.0980392157 0.0980392157 0.0980392157
v -11.876657123538529 12.254886666717043 3.8432929509088858 0.0980392157 0.0980392157 0.0980392157
v -10.448906601448213 43.617255099128919 6.4155548061350025 0.0980392157 0.0980392157 0.0980392157
v -6.522417043993209 47.735359124994226 4.9578571490763483 0.0980392157 0.0980392157 0.0980392157
v -11.376159313341663 44.142034858147127 2.6890402266713935 0.0980392157 0.0980392157 0.0980392157
v 7.7760313706087576 45.012301770911414 4.9445729420171407 0.0980392157 0.0980392157 0.0980392157
v 4.4021862136618282 44.57041935388645 0.53217882455375487 0.0980392157 0.0980392157 0.0980392157
v 2.3362652740790382 46.760448287431601 6.2893225119135918 0.0980392157 0.0980392157 0.0980392157
v 7.7582097938913375 36.75283361036599 3.9414133028993366 0.0980392157 0.0980392157 0.0980392157
v 12.12705544696934 40.658808502779834 -0.052007299104324396 0.0980392157 0.0980392157 0.0980392157
v 7.5439140683223247 42.301840588070327 6.1512170685816754 0.0980392157 0.0980392157 0.0980392157
v 7.5439140683223247 42.301840588070327 6.1512170685816754 0.0980392157 0.0980392157 0.0980392157
v -10.878251714840243 35.318824209847435 5.8035747318677071 0.0980392157 0.0980392157 0.0980392157
v -11.376159313341663 44.142034858147127 2.6890402266713935 0.0980392157 0.0980392157 0.0980392157
v -15.296092196314365 40.298292636261891 -0.024265738627388594 0.0980392157 0.0980392157 0.0980392157
v -10.448906601448213 43.617255099128919 6.4155548061350025 0.0980392157 0.0980392157 0.0980392157
v -11.376159313341663 44.142034858147127 2.6890402266713935 0.0980392157 0.0980392157 0.0980392157
v -10.878251714840243 35.318824209847435 5.8035747318677071 0.0980392157 0.0980392157 0.0980392157
v 13.435589428976744 32.435591901987991 4.2022488339850934 0.0980392157 0.0980392157 0.0980392157
v 7.7373868301487247 33.888120508737238 6.3851532208667603 0.0980392157 0.0980392157 0.0980392157
v 8.8000001907348633 30.503795623779297 3.5346469879150391 0.0980392157 0.0980392157 0.0980392157
v 10.965480630045814 32.522048934457857 8.7563214028154697 0.0980392157 0.0980392157 0.0980392157
v 8.8000001907348633 30.503795623779297 3.5346469879150391 0.0980392157 0.0980392157 0.0980392157
v 7.7373868301487247 33.888120508737238 6.3851532208667603 0.0980392157 0.0980392157 0.0980392157
v 10.965480630045814 32.522048934457857 8.7563214028154697 0.0980392157 0.0980392157 0.0980392157
v 13.435589428976744 32.435591901987991 4.2022488339850934 0.0980392157 0.0980392157 0.0980392157
v 8.8000001907348633 30.503795623779297 3.5346469879150391 0.0980392157 0.0980392157 0.0980392157
v -1.2498624216777081 16.689779053347586 6.5286114481662434 0.0980392157 0.0980392157 0.0980392157
v -2.3848959953009112 12.032095777622557 3.7855653346945721 0.0980392157 0.0980392157 0.0980392157
v 0.54783082774207248 14.228877615043514 3.1541977204719718 0.0980392157 0.0980392157 0.0980392157
v 1.3345965516052161 9.5297775773847704 4.3810417308255669 0.0980392157 0.0980392157 0.0980392157
v 0.54783082774207248 14.228877615043514 3.1541977204719718 0.0980392157 0.0980392157 0.0980392157
v -2.3848959953009112 12.032095777622557 3.7855653346945721 0.0980392157 0.0980392157 0.0980392157
v 5.4976917173723789 13.325367918328975 6.0967307669282214 0.0980392157 0.0980392157 0.0980392157
v 0.54783082774207248 14.228877615043514 3.1541977204719718 0.0980392157 0.0980392157 0.0980392157
v 1.3345965516052161 9.5297775773847704 4.3810417308255669 0.0980392157 0.0980392157 0.0980392157
v -1.2498624216777081 16.689779053347586 6.5286114481662434 0.0980392157 0.0980392157 0.0980392157
v 0.54783082774207248 14.228877615043514 3.1541977204719718 0.0980392157 0.0980392157 0.0980392157
v 5.4976917173723789 13.325367918328975 6.0967307669282214 0.0980392157 0.0980392157 0.0980392157
v -1.5935700628376179 9.0963129621575565 7.1774079204518202 0.0980392157 0.0980392157 0.0980392157
v -2.3848959953009112 12.032095777622557 3.7855653346945721 0.0980392157 0.0980392157 0.0980392157
v -1.2498624216777081 16.689779053347586 6.5286114481662434 0.0980392157 0.0980392157 0.0980392157
v 11.011925904547645 13.544455899796322 9.76343268088835 0.0980392157 0.0980392157 0.0980392157
v 7.4031034487378449 10.969569303008747 4.7655363326051638 0.0980392157 0.0980392157 0.0980392157
v 13.069093564732926 12.415714219108049 5.0524803709189516 0.0980392157 0.0980392157 0.0980392157
v 2.403931948919741 9.0348578960765487 7.3959624941283595 0.0980392157 0.0980392157 0.0980392157
v 1.3345965516052161 9.5297775773847704 4.3810417308255669 0.0980392157 0.0980392157 0.0980392157
v -2.3848959953009112 12.032095777622557 3.7855653346945721 0.0980392157 0.0980392157 0.0980392157
v 2.403931948919741 9.0348578960765487 7.3959624941283595 0.0980392157 0.0980392157 0.0980392157
v -2.3848959953009112 12.032095777622557 3.7855653346945721 0.0980392157 0.0980392157 0.0980392157
v -1.5935700628376179 9.0963129621575565 7.1774079204518202 0.0980392157 0.0980392157 0.0980392157
v 2.403931948919741 9.0348578960765487 7.3959624941283595 0.0980392157 0.0980392157 0.0980392157
v 5.4976917173723789 13.325367918328975 6.0967307669282214 0.0980392157 0.0980392157 0.0980392157
v 1.3345965516052161 9.5297775773847704 4.3810417308255669 0.0980392157 0.0980392157 0.0980392157
v -12.469879868117097 13.334666008715361 7.0073135372364357 0.0980392157 0.0980392157 0.0980392157
v -11.876657123538529 12.254886666717043 3.8432929509088858 0.0980392157 0.0980392157 0.0980392157
v -11.409277449210995 6.9444212677763009 6.1426137416524274 0.0980392157 0.0980392157 0.0980392157
v -6.3577550005369545 6.9619440179485448 8.9798746042791358 0.0980392157 0.0980392157 0.0980392157
v -5.3481451247391467 0.062595633789894745 7.3154874894998168 0.0980392157 0.0980392157 0.0980392157
v -3.2648937825164177 4.6281871777787051 3.3309738243906852 0.0980392157 0.0980392157 0.0980392157
v -6.3577550005369545 6.9619440179485448 8.9798746042791358 0.0980392157 0.0980392157 0.0980392157
v -3.2648937825164177 4.6281871777787051 3.3309738243906852 0.0980392157 0.0980392157 0.0980392157
v 0.34211585293590313 5.0601781655161897 2.6951857907799006 0.0980392157 0.0980392157 0.0980392157
v 4.9389553136168125 1.9050341669332111 4.9795115892772666 0.0980392157 0.0980392157 0.0980392157
v 5.929549639136015 5.5678600750990332 8.5455149473467618 0.0980392157 0.0980392157 0.0980392157
v 0.34211585293590313 5.0601781655161897 2.6951857907799006 0.0980392157 0.0980392157 0.0980392157
v -10.448906601448213 43.617255099128919 6.4155548061350025 0.0980392157 0.0980392157 0.0980392157
v 2.3362652740790382 46.760448287431601 6.2893225119135918 0.0980392157 0.0980392157 0.0980392157
v -6.522417043993209 47.735359124994226 4.9578571490763483 0.0980392157 0.0980392157 0.0980392157
v -2.9591154412823282 42.528215017158317 6.498656514770567 0.0980392157 0.0980392157 0.0980392157
v 3.3206262941720723 40.968747469315986 6.4207018539194278 0.0980392157 0.0980392157 0.0980392157
v 7.5439140683223247 42.301840588070327 6.1512170685816754 0.0980392157 0.0980392157 0.0980392157
v 7.7760313706087576 45.012301770911414 4.9445729420171407 0.0980392157 0.0980392157 0.0980392157
v -10.878251714840243 35.318824209847435 5.8035747318677071 0.0980392157 0.0980392157 0.0980392157
v -3.2581312600260048 35.953024571020066 6.4241895537569933 0.0980392157 0.0980392157 0.0980392157
v 7.7373868301487247 33.888120508737238 6.3851532208667603 0.0980392157 0.0980392157 0.0980392157
v 2.3845277353435108 32.446394467061069 10.154427000288313 0.0980392157 0.0980392157 0.0980392157
v 7.7373868301487247 33.888120508737238 6.3851532208667603 0.0980392157 0.0980392157 0.0980392157
v 2.2453667383496696 33.391142121761689 6.651115832711783 0.0980392157 0.0980392157 0.0980392157
v 2.2453667383496696 33.391142121761689 6.651115832711783 0.0980392157 0.0980392157 0.0980392157
v 10.965480630045814 32.522048934457857 8.7563214028154697 0.0980392157 0.0980392157 0.0980392157
v -3.2581312600260048 35.953024571020066 6.4241895537569933 0.0980392157 0.0980392157 0.0980392157
v 2.2453667383496696 33.391142121761689 6.651115832711783 0.0980392157 0.0980392157 0.0980392157
v -0.51219899160758464 38.682969371477995 3.7611390343251059 0.0980392157 0.0980392157 0.0980392157
v -0.51219899160758464 38.682969371477995 3.7611390343251059 0.0980392157 0.0980392157 0.0980392157
v 3.3206262941720723 40.968747469315986 6.4207018539194278 0.0980392157 0.0980392157 0.0980392157
v -0.51219899160758464 38.682969371477995 3.7611390343251059 0.0980392157 0.0980392157 0.0980392157
v 3.3206262941720723 40.968747469315986 6.4207018539194278 0.0980392157 0.0980392157 0.0980392157
v -2.9591154412823282 42.528215017158317 6.498656514770567 0.0980392157 0.0980392157 0.0980392157
v -0.51219899160758464 38.682969371477995 3.7611390343251059 0.0980392157 0.0980392157 0.0980392157
v -2.9591154412823282 42.528215017158317 6.498656514770567 0.0980392157 0.0980392157 0.0980392157
v -3.2581312600260048 35.953024571020066 6.4241895537569933 0.0980392157 0.0980392157 0.0980392157
v 2.2453667383496696 33.391142121761689 6.651115832711783 0.0980392157 0.0980392157 0.0980392157
v -10.878251714840243 35.318824209847435 5.8035747318677071 0.0980392157 0.0980392157 0.0980392157
v -9.5914834162656675 32.85744403498844 9.3875404722454103 0.0980392157 0.0980392157 0.0980392157
v 2.2453667383496696 33.391142121761689 6.651115832711783 0.0980392157 0.0980392157 0.0980392157
v -10.878251714840243 35.318824209847435 5.8035747318677071 0.0980392157 0.0980392157 0.0980392157
v -9.5914834162656675 32.85744403498844 9.3875404722454103 0.0980392157 0.0980392157 0.0980392157
v -10.878251714840243 35.318824209847435 5.8035747318677071 0.0980392157 0.0980392157 0.0980392157
v -13.168118515096364 32.245742474332992 5.7045689484114517 0.0980392157 0.0980392157 0.0980392157
v 2.3845277353435108 32.446394467061069 10.154427000288313 0.0980392157 0.0980392157 0.0980392157
v 11.011925904547645 13.544455899796322 9.76343268088835 0.0980392157 0.0980392157 0.0980392157
v 13.435589428976744 32.435591901987991 4.2022488339850934 0.0980392157 0.0980392157 0.0980392157
v 10.965480630045814 32.522048934457857 8.7563214028154697 0.0980392157 0.0980392157 0.0980392157
v 5.8263259845315867 14.539568929807894 10.692748366923951 0.0980392157 0.0980392157 0.0980392157
v 6.9949943713280831 28.113628407065399 7.5543684045542765 0.0980392157 0.0980392157 0.0980392157
v 5.4976917173723789 13.325367918328975 6.0967307669282214 0.0980392157 0.0980392157 0.0980392157
v 4.00625364930782 22.835718902610033 6.5204417202878471 0.0980392157 0.0980392157 0.0980392157
v -1.2498624216777081 16.689779053347586 6.5286114481662434 0.0980392157 0.0980392157 0.0980392157
v 5.4976917173723789 13.325367918328975 6.0967307669282214 0.0980392157 0.0980392157 0.0980392157
v 6.9949943713280831 28.113628407065399 7.5543684045542765 0.0980392157 0.0980392157 0.0980392157
v -4.2832245826721191 22.973812103271484 6.500948429107666 0.0980392157 0.0980392157 0.0980392157
v -5.0577846750054221 18.872644965163776 6.5800761340315352 0.0980392157 0.0980392157 0.0980392157
v -1.5935700628376179 9.0963129621575565 7.1774079204518202 0.0980392157 0.0980392157 0.0980392157
v -1.2498624216777081 16.689779053347586 6.5286114481662434 0.0980392157 0.0980392157 0.0980392157
v -5.5387481075367537 12.433489496745395 5.793975347421215 0.0980392157 0.0980392157 0.0980392157
v -5.5387481075367537 12.433489496745395 5.793975347421215 0.0980392157 0.0980392157 0.0980392157
v -5.1777356126266643 18.905652235969242 10.20355268962458 0.0980392157 0.0980392157 0.0980392157
v -6.0395506141760782 13.747962112199591 10.75613137459179 0.0980392157 0.0980392157 0.0980392157
v -5.0577846750054221 18.872644965163776 6.5800761340315352 0.0980392157 0.0980392157 0.0980392157
v -7.8788121017818522 27.950970021086796 7.5363340958999707 0.0980392157 0.0980392157 0.0980392157
v -9.0679861808824693 19.131530143789629 8.2033465955492435 0.0980392157 0.0980392157 0.0980392157
v -5.1777356126266643 18.905652235969242 10.20355268962458 0.0980392157 0.0980392157 0.0980392157
v -5.0577846750054221 18.872644965163776 6.5800761340315352 0.0980392157 0.0980392157 0.0980392157
v -9.0679861808824693 19.131530143789629 8.2033465955492435 0.0980392157 0.0980392157 0.0980392157
v -3.6443361283812283 23.851876396428118 9.5458116018750374 0.0980392157 0.0980392157 0.0980392157
v -7.8788121017818522 27.950970021086796 7.5363340958999707 0.0980392157 0.0980392157 0.0980392157
v 2.6769965875258599 22.173639840001293 9.8857515769279587 0.0980392157 0.0980392157 0.0980392157
v -3.6443361283812283 23.851876396428118 9.5458116018750374 0.0980392157 0.0980392157 0.0980392157
v -4.2832245826721191 22.973812103271484 6.500948429107666 0.0980392157 0.0980392157 0.0980392157
v 6.9949943713280831 28.113628407065399 7.5543684045542765 0.0980392157 0.0980392157 0.0980392157
v 2.6769965875258599 22.173639840001293 9.8857515769279587 0.0980392157 0.0980392157 0.0980392157
v 4.00625364930782 22.835718902610033 6.5204417202878471 0.0980392157 0.0980392157 0.0980392157
v -5.5387481075367537 12.433489496745395 5.793975347421215 0.0980392157 0.0980392157 0.0980392157
v 11.011925904547645 13.544455899796322 9.76343268088835 0.0980392157 0.0980392157 0.0980392157
v 7.296812112595366 8.9485731841664737 8.0121477352022286 0.0980392157 0.0980392157 0.0980392157
v 7.4031034487378449 10.969569303008747 4.7655363326051638 0.0980392157 0.0980392157 0.0980392157
v -6.3577550005369545 6.9619440179485448 8.9798746042791358 0.0980392157 0.0980392157 0.0980392157
v -5.5387481075367537 12.433489496745395 5.793975347421215 0.0980392157 0.0980392157 0.0980392157
v -10.08211007458222 14.44070242544721 10.588609216467342 0.0980392157 0.0980392157 0.0980392157
v -6.0395506141760782 13.747962112199591 10.75613137459179 0.0980392157 0.0980392157 0.0980392157
v -10.08211007458222 14.44070242544721 10.588609216467342 0.0980392157 0.0980392157 0.0980392157
v -5.5387481075367537 12.433489496745395 5.793975347421215 0.0980392157 0.0980392157 0.0980392157
v -1.5935700628376179 9.0963129621575565 7.1774079204518202 0.0980392157 0.0980392157 0.0980392157
v -5.5387481075367537 12.433489496745395 5.793975347421215 0.0980392157 0.0980392157 0.0980392157
v -6.3577550005369545 6.9619440179485448 8.9798746042791358 0.0980392157 0.0980392157 0.0980392157
v 12.597302941105591 7.0865236775495575 6.3909456947575514 0.0980392157 0.0980392157 0.0980392157
v 7.4031034487378449 10.969569303008747 4.7655363326051638 0.0980392157 0.0980392157 0.0980392157
v 7.296812112595366 8.9485731841664737 8.0121477352022286 0.0980392157 0.0980392157 0.0980392157
v 11.011925904547645 13.544455899796322 9.76343268088835 0.0980392157 0.0980392157 0.0980392157
v 5.8263259845315867 14.539568929807894 10.692748366923951 0.0980392157 0.0980392157 0.0980392157
v 7.296812112595366 8.9485731841664737 8.0121477352022286 0.0980392157 0.0980392157 0.0980392157
v 5.929549639136015 5.5678600750990332 8.5455149473467618 0.0980392157 0.0980392157 0.0980392157
v 12.597302941105591 7.0865236775495575 6.3909456947575514 0.0980392157 0.0980392157 0.0980392157
v 7.296812112595366 8.9485731841664737 8.0121477352022286 0.0980392157 0.0980392157 0.0980392157
v -6.3577550005369545 6.9619440179485448 8.9798746042791358 0.0980392157 0.0980392157 0.0980392157
v -12.469879868117097 13.334666008715361 7.0073135372364357 0.0980392157 0.0980392157 0.0980392157
v -7.7852597330003848 11.444654449455525 5.7950644372702582 0.0980392157 0.0980392157 0.0980392157
v -12.469879868117097 13.334666008715361 7.0073135372364357 0.0980392157 0.0980392157 0.0980392157
v -7.7852597330003848 11.444654449455525 5.7950644372702582 0.0980392157 0.0980392157 0.0980392157
v -11.876657123538529 12.254886666717043 3.8432929509088858 0.0980392157 0.0980392157 0.0980392157
v -11.409277449210995 6.9444212677763009 6.1426137416524274 0.0980392157 0.0980392157 0.0980392157
v -7.7852597330003848 11.444654449455525 5.7950644372702582 0.0980392157 0.0980392157 0.0980392157
v -12.469879868117097 13.334666008715361 7.0073135372364357 0.0980392157 0.0980392157 0.0980392157
v -6.3577550005369545 6.9619440179485448 8.9798746042791358 0.0980392157 0.0980392157 0.0980392157
v -7.7852597330003848 11.444654449455525 5.7950644372702582 0.0980392157 0.0980392157 0.0980392157
v -11.409277449210995 6.9444212677763009 6.1426137416524274 0.0980392157 0.0980392157 0.0980392157
v -6.3577550005369545 6.9619440179485448 8.9798746042791358 0.0980392157 0.0980392157 0.0980392157
v 0.34211585293590313 5.0601781655161897 2.6951857907799006 0.0980392157 0.0980392157 0.0980392157
v -1.5935700628376179 9.0963129621575565 7.1774079204518202 0.0980392157 0.0980392157 0.0980392157
v 5.929549639136015 5.5678600750990332 8.5455149473467618 0.0980392157 0.0980392157 0.0980392157
v -1.5935700628376179 9.0963129621575565 7.1774079204518202 0.0980392157 0.0980392157 0.0980392157
v 0.34211585293590313 5.0601781655161897 2.6951857907799006 0.0980392157 0.0980392157 0.0980392157
v 2.403931948919741 9.0348578960765487 7.3959624941283595 0.0980392157 0.0980392157 0.0980392157
v -1.5935700628376179 9.0963129621575565 7.1774079204518202 0.0980392157 0.0980392157 0.0980392157
v 5.929549639136015 5.5678600750990332 8.5455149473467618 0.0980392157 0.0980392157 0.0980392157
v -10.08211007458222 14.44070242544721 10.588609216467342 0.0980392157 0.0980392157 0.0980392157
v -9.5914834162656675 32.85744403498844 9.3875404722454103 0.0980392157 0.0980392157 0.0980392157
v 5.8263259845315867 14.539568929807894 10.692748366923951 0.0980392157 0.0980392157 0.0980392157
v 2.6769965875258599 22.173639840001293 9.8857515769279587 0.0980392157 0.0980392157 0.0980392157
v 6.9949943713280831 28.113628407065399 7.5543684045542765 0.0980392157 0.0980392157 0.0980392157
v -5.1777356126266643 18.905652235969242 10.20355268962458 0.0980392157 0.0980392157 0.0980392157
v -9.0679861808824693 19.131530143789629 8.2033465955492435 0.0980392157 0.0980392157 0.0980392157
v -3.6443361283812283 23.851876396428118 9.5458116018750374 0.0980392157 0.0980392157 0.0980392157
v -6.0395506141760782 13.747962112199591 10.75613137459179 0.0980392157 0.0980392157 0.0980392157
v 2.6769965875258599 22.173639840001293 9.8857515769279587 0.0980392157 0.0980392157 0.0980392157
v 7.296812112595366 8.9485731841664737 8.0121477352022286 0.0980392157 0.0980392157 0.0980392157
v 5.8263259845315867 14.539568929807894 10.692748366923951 0.0980392157 0.0980392157 0.0980392157
v 5.4976917173723789 13.325367918328975 6.0967307669282214 0.0980392157 0.0980392157 0.0980392157
v 2.403931948919741 9.0348578960765487 7.3959624941283595 0.0980392157 0.0980392157 0.0980392157
v 7.296812112595366 8.9485731841664737 8.0121477352022286 0.0980392157 0.0980392157 0.0980392157
v 5.4976917173723789 13.325367918328975 6.0967307669282214 0.0980392157 0.0980392157 0.0980392157
v 5.929549639136015 5.5678600750990332 8.5455149473467618 0.0980392157 0.0980392157 0.0980392157
v -10.08211007458222 14.44070242544721 10.588609216467342 0.0980392157 0.0980392157 0.0980392157
v -12.469879868117097 13.334666008715361 7.0073135372364357 0.0980392157 0.0980392157 0.0980392157
v -6.3577550005369545 6.9619440179485448 8.9798746042791358 0.0980392157 0.0980392157 0.0980392157
v -6.3577550005369545 6.9619440179485448 8.9798746042791358 0.0980392157 0.0980392157 0.0980392157
v -11.409277449210995 6.9444212677763009 6.1426137416524274 0.0980392157 0.0980392157 0.0980392157
v -7.8781140130186547 1.6093558108300259 6.7014512331309515 0.0980392157 0.0980392157 0.0980392157
v -5.3481451247391467 0.062595633789894745 7.3154874894998168 0.0980392157 0.0980392157 0.0980392157
v 5.8665179583154554 13.445771150319676 12.172892385560417 0.0980392157 0.0980392157 0.0980392157
v 2.3845277353435108 32.446394467061069 10.154427000288313 0.0980392157 0.0980392157 0.0980392157
v -3.7082703692447581 13.50651735064652 12.360358387937637 0.0980392157 0.0980392157 0.0980392157
v 5.8665179583154554 13.445771150319676 12.172892385560417 0.0980392157 0.0980392157 0.0980392157
v 5.8263259845315867 14.539568929807894 10.692748366923951 0.0980392157 0.0980392157 0.0980392157
v -3.7082703692447581 13.50651735064652 12.360358387937637 0.0980392157 0.0980392157 0.0980392157
v -10.08211007458222 14.44070242544721 10.588609216467342 0.0980392157 0.0980392157 0.0980392157
v 5.8263259845315867 14.539568929807894 10.692748366923951 0.0980392157 0.0980392157 0.0980392157
v 5.8665179583154554 13.445771150319676 12.172892385560417 0.0980392157 0.0980392157 0.0980392157
v 5.929549639136015 5.5678600750990332 8.5455149473467618 0.0980392157 0.0980392157 0.0980392157
v 6.0343949530875109 -3.8273296344667642 7.0496994167997151 0.0980392157 0.0980392157 0.0980392157
v 7.8315792312440111 2.690952703749439 6.5308299787956088 0.0980392157 0.0980392157 0.0980392157
v -3.2648937825164177 4.6281871777787051 3.3309738243906852 0.0980392157 0.0980392157 0.0980392157
v -5.3481451247391467 0.062595633789894745 7.3154874894998168 0.0980392157 0.0980392157 0.0980392157
v -4.6413063122694282 2.9452029745968482 -3.0129447171756802 0.0980392157 0.0980392157 0.0980392157
v -11.409277449210995 6.9444212677763009 6.1426137416524274 0.0980392157 0.0980392157 0.0980392157
v -11.876657123538529 12.254886666717043 3.8432929509088858 0.0980392157 0.0980392157 0.0980392157
v -7.7852597330003848 11.444654449455525 5.7950644372702582 0.0980392157 0.0980392157 0.0980392157
v -12.797615270755582 -4.6601208432214731 -7.0162938535385129 0.0980392157 0.0980392157 0.0980392157
v -11.551261115221283 2.0477180923005651 -6.8927146104498362 0.0980392157 0.0980392157 0.0980392157
v -13.306556230561386 3.6630212644840894 -1.9328074888143252 0.0980392157 0.0980392157 0.0980392157
v 4.8413072196102931 0.43471626370248995 -5.5468173332184909 0.0980392157 0.0980392157 0.0980392157
v 3.167541530881671 3.9813654666826417 -3.1065431208782761 0.0980392157 0.0980392157 0.0980392157
v -4.6413063122694282 2.9452029745968482 -3.0129447171756802 0.0980392157 0.0980392157 0.0980392157
v 7.7966057964373041 -6.9778799051042153 2.2056724769586418 0.0980392157 0.0980392157 0.0980392157
v 7.7760313706087576 45.012301770911414 4.9445729420171407 0.0980392157 0.0980392157 0.0980392157
v 5.138586300866141 -7.7393785074718391 -0.020381200165344962 0.0980392157 0.0980392157 0.0980392157
v 13.069093564732926 12.415714219108049 5.0524803709189516 0.0980392157 0.0980392157 0.0980392157
v 8.8291266199471892 -5.7199181499030818 -9.0063854827888949 0.0980392157 0.0980392157 0.0980392157
v 13.511149724964639 10.938952402720828 0.75987037523541567 0.0980392157 0.0980392157 0.0980392157
v 5.138586300866141 -7.7393785074718391 -0.020381200165344962 0.0980392157 0.0980392157 0.0980392157
v -10.436417820147536 12.94878817044407 -8.151015476426787 0.0980392157 0.0980392157 0.0980392157
v -12.335287680649424 10.353211340553376 -0.42224674207164936 0.0980392157 0.0980392157 0.0980392157
v 7.8315792312440111 2.690952703749439 6.5308299787956088 0.0980392157 0.0980392157 0.0980392157
v 6.0343949530875109 -3.8273296344667642 7.0496994167997151 0.0980392157 0.0980392157 0.0980392157
v -10.436417820147536 12.94878817044407 -8.151015476426787 0.0980392157 0.0980392157 0.0980392157
v 7.5439140683223247 42.301840588070327 6.1512170685816754 0.0980392157 0.0980392157 0.0980392157
v 7.506793469129545 44.41678304628558 -5.8332046084108491 0.0980392157 0.0980392157 0.0980392157
v 7.7760313706087576 45.012301770911414 4.9445729420171407 0.0980392157 0.0980392157 0.0980392157
v 8.1983271585496453 6.703335105762922 -0.54427255276590636 0.0980392157 0.0980392157 0.0980392157
v 12.067515222569247 7.3239875836818555 -1.5571952501266124 0.0980392157 0.0980392157 0.0980392157
v 9.288622681944668 7.5956998319118352 -9.7060697618431195 0.0980392157 0.0980392157 0.0980392157
v 9.3264570236206055 13.735142707824707 -2.1015019416809082 0.0980392157 0.0980392157 0.0980392157
v 6.0343949530875109 -3.8273296344667642 7.0496994167997151 0.0980392157 0.0980392157 0.0980392157
v 7.7799612987836841 5.0480141335777349 -4.8540777031928348 0.0980392157 0.0980392157 0.0980392157
v -11.551261115221283 2.0477180923005651 -6.8927146104498362 0.0980392157 0.0980392157 0.0980392157
v -13.306556230561386 3.6630212644840894 -1.9328074888143252 0.0980392157 0.0980392157 0.0980392157
v -7.3336525491156879 2.512628450401388 -2.9497767424454531 0.0980392157 0.0980392157 0.0980392157
v -11.790932028006372 6.7377365137160519 -6.214759534050688 0.0980392157 0.0980392157 0.0980392157
v -13.168118515096364 32.245742474332992 5.7045689484114517 0.0980392157 0.0980392157 0.0980392157
v -7.8788121017818522 27.950970021086796 7.5363340958999707 0.0980392157 0.0980392157 0.0980392157
v 2.1750391090626309 33.349442495609878 -12.554986304234822 0.0980392157 0.0980392157 0.0980392157
v 3.9030545080175245 35.915331905655705 -6.3147036452782848 0.0980392157 0.0980392157 0.0980392157
v -7.3336525491156879 2.512628450401388 -2.9497767424454531 0.0980392157 0.0980392157 0.0980392157
v -4.6413063122694282 2.9452029745968482 -3.0129447171756802 0.0980392157 0.0980392157 0.0980392157
v -5.3481451247391467 0.062595633789894745 7.3154874894998168 0.0980392157 0.0980392157 0.0980392157
v -0.62465291423370028 38.818370729957287 -3.7563496448183473 0.0980392157 0.0980392157 0.0980392157
v 13.511149724964639 10.938952402720828 0.75987037523541567 0.0980392157 0.0980392157 0.0980392157
v 4.00625364930782 22.835718902610033 6.5204417202878471 0.0980392157 0.0980392157 0.0980392157
v 8.1983271585496453 6.703335105762922 -0.54427255276590636 0.0980392157 0.0980392157 0.0980392157
v -7.8492418090590927 1.7133984394827682 -6.4043011601082105 0.0980392157 0.0980392157 0.0980392157
v -4.0291151490130339 0.83506758966410388 -9.7246307635820397 0.0980392157 0.0980392157 0.0980392157
v -12.764340978161021 33.404204658922154 -8.807585180036364 0.0980392157 0.0980392157 0.0980392157
v 5.8263259845315867 14.539568929807894 10.692748366923951 0.0980392157 0.0980392157 0.0980392157
vn 0.10910020768642426 0.80267798900604248 0.5863490104675293
vn 0.11671365052461624 0.8060147762298584 0.58027416467666626
vn 0.12095814198255539 0.80051326751708984 0.58698177337646484
vn 0.69592684507369995 0.71748852729797363 -0.02993430569767952
vn 0.69592684507369995 0.71748852729797363 -0.02993430569767952
vn 0.69592684507369995 0.71748852729797363 -0.02993430569767952
vn -0.9544682502746582 0.28032028675079346 -0.10203354060649872
vn -0.9544682502746582 0.28032028675079346 -0.10203354060649872
vn -0.9544682502746582 0.28032028675079346 -0.10203354060649872
vn -0.12782157957553864 -0.0052824607118964195 -0.99178308248519897
vn -0.080440923571586609 -0.059352196753025055 -0.9949907660484314
vn -0.34437718987464905 0.012790272943675518 -0.93874424695968628
vn 0.05639556422829628 0.99411600828170776 -0.092481687664985657
vn 0.014708382077515125 0.99983489513397217 -0.010667187161743641
vn -0.043183259665966034 0.99906677007675171 -0.00090255209943279624
vn 0.68309700489044189 -0.023350393399596214 -0.7299543023109436
vn 0.24929253756999969 0.012396570295095444 -0.96834886074066162
vn 0.95119178295135498 0.0037179274950176477 -0.30857789516448975
vn 0.22163426876068115 -0.028592295944690704 -0.97471058368682861
vn 0.082581087946891785 -0.0086056860163807869 -0.9965471625328064
vn -0.90763634443283081 0.0064499350264668465 -0.4197077751159668
vn -0.39744916558265686 -0.054625127464532852 -0.91599684953689575
vn 0.71259176731109619 -0.05095880851149559 -0.69972574710845947
vn -0.93473970890045166 -0.055580258369445801 -0.35095947980880737
vn 0.073577731847763062 -0.21059088408946991 -0.97480142116546631
vn 0.24937580525875092 -0.20206029713153839 -0.94709205627441406
vn -0.24891269207000732 -0.20414969325065613 -0.9467657208442688
vn -0.018684541806578636 0.99971979856491089 0.014533393085002899
vn -0.11889134347438812 0.99226611852645874 0.03567572683095932
vn 0.0024105124175548553 0.99998182058334351 -0.0055239410139620304
vn 0.23126596212387085 0.77431571483612061 -0.58902561664581299
vn 0.19753280282020569 0.77062708139419556 -0.60589993000030518
vn 0.14502798020839691 0.7697179913520813 -0.62169218063354492
vn 0.99781304597854614 -0.041418984532356262 0.051512952893972397
vn 0.95773380994796753 -0.12864859402179718 0.25728479027748108
vn 0.99711614847183228 -9.9358192528598011E-05 0.075890913605690002
vn 0.13807159662246704 0.98200500011444092 0.12885022163391113
vn 0.19201570749282837 0.96244996786117554 -0.19188542664051056
vn 0.082282647490501404 0.92505520582199097 0.37081313133239746
vn -0.053593482822179794 0.84125298261642456 -0.53797870874404907
vn -0.038197185844182968 0.83555597066879272 -0.54807585477828979
vn -0.05495978519320488 0.8417438268661499 -0.53707236051559448
vn 0.68901520967483521 0.47268000245094299 -0.54939210414886475
vn 0.68901520967483521 0.47268000245094299 -0.54939210414886475
vn 0.68901520967483521 0.47268000245094299 -0.54939210414886475
vn -0.0073911366052925587 0.00030236796010285616 -0.9999726414680481
vn -0.22086672484874725 0.034987468272447586 -0.97467625141143799
vn -0.0034834446851164103 -0.00033039989648386836 -0.99999386072158813
vn 0.99390000104904175 0.012993928045034409 0.10951704531908035
vn 0.97303599119186401 -0.15604890882968903 0.16985200345516205
vn 0.93784356117248535 -0.09394478052854538 0.33410152792930603
vn 0.9993213415145874 -0.0090260980650782585 -0.035711750388145447
vn -0.99006837606430054 0.044526070356369019 0.13334950804710388
vn -0.86464989185333252 -0.25713056325912476 -0.43158364295959473
vn -0.9841914176940918 0.041952859610319138 0.1720673143863678
vn 0.94405734539031982 -0.04811578243970871 -0.32625243067741394
vn 0.99548256397247314 -0.0411689393222332 0.085554793477058411
vn 0.96443080902099609 -0.22044424712657928 0.14586840569972992
vn 0.85457271337509155 -0.50779783725738525 -0.1088433712720871
vn 0.17500041425228119 0.20763130486011505 0.96242612600326538
vn -0.18605987727642059 0.22350557148456573 0.95677947998046875
vn -0.13701929152011871 0.17771065235137939 0.97449713945388794
vn 0.1821565181016922 -0.97999930381774902 -0.080126874148845673
vn -0.066417008638381958 -0.97609472274780273 0.20694895088672638
vn -0.37017783522605896 -0.82721537351608276 0.42270925641059875
vn -0.52857547998428345 -0.84004336595535278 0.12220935523509979
vn -0.91698580980300903 -0.34575867652893066 0.19896730780601501
vn -0.84918951988220215 0.42934617400169373 0.30747196078300476
vn -0.96665006875991821 0.15232269465923309 0.20587731897830963
vn -0.020233191549777985 -0.97435379028320312 0.22411015629768372
vn -0.018502093851566315 -0.99545395374298096 0.093429476022720337
vn 0.031787611544132233 -0.98337209224700928 0.17879828810691833
vn 0.006797431968152523 -0.9855085015296936 0.16948962211608887
vn 0.010109598748385906 0.00025428793742321432 -0.99994885921478271
vn 0.00078955967910587788 -0.00043306546285748482 -0.99999958276748657
vn -0.13304100930690765 -0.014817725867033005 -0.99099975824356079
vn 0.44415375590324402 -0.53956466913223267 -0.71526038646697998
vn 0.59185844659805298 -0.4002278745174408 -0.69965791702270508
vn 0.21145370602607727 -0.694072425365448 -0.68815028667449951
vn -0.00053253775695338845 0.0008968990296125412 -0.99999946355819702
vn 0.010555899702012539 0.043186083436012268 -0.99901127815246582
vn -0.0023895944468677044 -0.0094578592106699944 -0.99995243549346924
vn -0.0022303408477455378 -0.011299930512905121 -0.99993366003036499
vn 0.041837293654680252 0.56014871597290039 -0.8273349404335022
vn 0.2603924572467804 0.55646705627441406 -0.78901219367980957
vn -0.48334071040153503 0.42801475524902344 -0.76366561651229858
vn 0.99352353811264038 0.016846921294927597 -0.11237045377492905
vn 0.99895501136779785 -0.0049681267701089382 0.04543396458029747
vn -0.36312040686607361 -0.48327147960662842 -0.79661297798156738
vn -0.2958749532699585 -0.52698612213134766 -0.79670798778533936
vn -0.59077328443527222 -0.29454615712165833 -0.75115209817886353
vn 0.04571174830198288 -0.30821964144706726 -0.95021635293960571
vn 0.04571174830198288 -0.30821964144706726 -0.95021635293960571
vn 0.04571174830198288 -0.30821964144706726 -0.95021635293960571
vn 0.16098159551620483 0.98631095886230469 0.035715892910957336
vn 0.20120196044445038 0.97813785076141357 0.052575282752513885
vn 0.1039903312921524 0.99109423160552979 0.08317594975233078
vn 0.76032459735870361 0.14028558135032654 -0.63421326875686646
vn 0.50126099586486816 -0.29113060235977173 -0.81484991312026978
vn 0.67170572280883789 0.33794653415679932 -0.65924465656280518
vn 0.55457454919815063 -0.19751791656017303 -0.80835247039794922
vn 0.52751702070236206 0.44933304190635681 -0.72098934650421143
vn 0.67258322238922119 0.1021132692694664 -0.73294252157211304
vn 0.6237415075302124 0.24917019903659821 -0.74085140228271484
vn -0.72210782766342163 0.69116371870040894 0.029205655679106712
vn -0.70472675561904907 0.70947885513305664 0
vn -0.61745327711105347 0.76271849870681763 -0.19238483905792236
vn -0.99969220161437988 -0.0042465990409255028 -0.024444287642836571
vn -0.99999016523361206 0.00087589508621022105 -0.0043472694233059883
vn -0.98504441976547241 -0.060525611042976379 -0.16132012009620667
vn -0.99516206979751587 -0.041427895426750183 -0.08908497542142868
vn -0.7998359203338623 0.079170823097229004 0.59497439861297607
vn -0.99876093864440918 -0.0069171655923128128 -0.049282703548669815
vn -0.92611402273178101 0.030638022348284721 0.37599748373031616
vn -0.047234442085027695 0 0.99888384342193604
vn -0.054910570383071899 -0.004263230599462986 0.99848216772079468
vn -0.010549184866249561 0.034812849014997482 0.99933815002441406
vn 0.9978032112121582 0.03267354890704155 0.057629626244306564
vn 0.0017158164409920573 -0.038804970681667328 0.99924534559249878
vn -0.031041506677865982 -0.014896553009748459 0.99940711259841919
vn 0.2222680002450943 -0.057270076125860214 0.97330212593078613
vn 0.13308572769165039 -0.14373721182346344 0.98062622547149658
vn -0.029761165380477905 0.11506388336420059 0.9929121732711792
vn -0.055893976241350174 0.072428077459335327 0.99580621719360352
vn -0.13658557832241058 -0.0072306403890252113 0.99060189723968506
vn -0.19259174168109894 -0.56416058540344238 0.80288934707641602
vn -0.19256946444511414 -0.56425118446350098 0.80283099412918091
vn -0.19254037737846375 -0.5643693208694458 0.80275493860244751
vn -0.066313758492469788 -0.97306811809539795 -0.22077357769012451
vn -0.24392513930797577 -0.9374726414680481 -0.24828536808490753
vn 0.0082197403535246849 -0.97827428579330444 -0.20715168118476868
vn -0.20005324482917786 -0.9057498574256897 -0.37362539768218994
vn 0.045011185109615326 -0.98070073127746582 -0.19026310741901398
vn -0.093918919563293457 -0.98848491907119751 -0.11864576488733292
vn 0.56333059072494507 -0.67789697647094727 -0.47234979271888733
vn 0.56333059072494507 -0.67789697647094727 -0.47234979271888733
vn 0.56333059072494507 -0.67789697647094727 -0.47234979271888733
vn -0.18109504878520966 -0.96406108140945435 0.19439846277236938
vn -0.47485804557800293 0.87915194034576416 0.040020786225795746
vn 0.10299641638994217 0.99459069967269897 -0.013455630280077457
vn 0.058653246611356735 0.99824929237365723 0.007624700665473938
vn -0.058216381818056107 0.99804967641830444 0.02253166027367115
vn -0.29197824001312256 0.73856502771377563 -0.60767626762390137
vn -0.96251010894775391 -0.11331264674663544 -0.24644380807876587
vn -0.96697425842285156 -0.17776057124137878 -0.18265256285667419
vn 0.3072052001953125 0.91806221008300781 0.25057286024093628
vn 0.016740933060646057 0.90899127721786499 0.41647884249687195
vn 0.093110427260398865 0.9926411509513855 -0.077420845627784729
vn 0.4883866012096405 0.8656238317489624 -0.11033564805984497
vn 0.4883866012096405 0.8656238317489624 -0.11033564805984497
vn 0.4883866012096405 0.8656238317489624 -0.11033564805984497
vn -0.68288111686706543 0.71349745988845825 0.1568271815776825
vn -0.17628534138202667 0.90746784210205078 -0.38134714961051941
vn -0.33427268266677856 0.91698849201202393 -0.21770137548446655
vn -0.71714895963668823 0.69691991806030273 2.8429569283616729E-05
vn -0.71714895963668823 0.69691991806030273 2.8429569283616729E-05
vn -0.71714895963668823 0.69691991806030273 2.8429569283616729E-05
vn -0.6424936056137085 -0.15440532565116882 -0.75057375431060791
vn -0.64759796857833862 0.097804337739944458 -0.75567930936813354
vn -0.70489794015884399 -0.074724406003952026 -0.70536172389984131
vn -0.90996140241622925 -0.29508295655250549 -0.29136976599693298
vn -0.90996140241622925 -0.29508295655250549 -0.29136976599693298
vn -0.90996140241622925 -0.29508295655250549 -0.29136976599693298
vn 0.026698725298047066 0.98319137096405029 0.18061551451683044
vn 0.8945317268371582 0.44184473156929016 0.06772129237651825
vn 0.85204780101776123 0.33292156457901001 0.40395262837409973
vn 0.76690632104873657 0.49010950326919556 -0.41430345177650452
vn -0.95669054985046387 -0.28010481595993042 -0.079274408519268036
vn -0.95855492353439331 -0.28362587094306946 -0.026997070759534836
vn -0.95862817764282227 -0.28438946604728699 -0.012435265816748142
vn 0.25234416127204895 0.58192932605743408 -0.77309811115264893
vn 0.25234416127204895 0.58192932605743408 -0.77309811115264893
vn 0.25234416127204895 0.58192932605743408 -0.77309811115264893
vn -0.068815611302852631 -0.99762648344039917 -0.0024222780484706163
vn -0.084129318594932556 -0.99644321203231812 -0.0048113870434463024
vn -0.16544905304908752 -0.98548060655593872 0.038138724863529205
vn 0.89235407114028931 -0.32165858149528503 -0.31660696864128113
vn 0.89235407114028931 -0.32165858149528503 -0.31660696864128113
vn 0.89235407114028931 -0.32165858149528503 -0.31660696864128113
vn -0.45236554741859436 -0.55560129880905151 0.69761919975280762
vn -0.45236554741859436 -0.55560129880905151 0.69761919975280762
vn -0.45236554741859436 -0.55560129880905151 0.69761919975280762
vn 0.21781465411186218 -0.9759896993637085 -0.0009162781061604619
vn 0.22547261416912079 -0.97424924373626709 0.00070629594847559929
vn 0.225336953997612 -0.9742775559425354 -0.0025553705636411905
vn 0.0044237351976335049 0.00083966570673510432 0.99998986721038818
vn 0.0045580496080219746 0.0010672881035134196 0.99998903274536133
vn 0.0057354369200766087 0.0030626174993813038 0.99997884035110474
vn 0.12428759783506393 0.98946434259414673 0.074249200522899628
vn 0.069227434694766998 0.99126148223876953 0.11228632181882858
vn 0.13935589790344238 0.98819053173065186 0.063713602721691132
vn 0.62048566341400146 0.11832865327596664 -0.77523922920227051
vn 0.62701088190078735 0.13080914318561554 -0.76794940233230591
vn 0.5071597695350647 -0.067404717206954956 -0.85921216011047363
vn 0.0020956569351255894 0.99998265504837036 0.0055068009532988071
vn 0.036492716521024704 0.99885129928588867 -0.031054431572556496
vn 0.010468433611094952 0.99994206428527832 0.0025018798187375069
vn -0.15333566069602966 0.21516278386116028 0.96446520090103149
vn -0.13961148262023926 0.22427107393741608 0.96447455883026123
vn -0.30365583300590515 0.10951988399028778 0.94646632671356201
vn 0.99991309642791748 -0.002896114019677043 0.012860772199928761
vn 0.99610120058059692 0.010116511955857277 0.087636232376098633
vn 0.99708074331283569 -0.0068850163370370865 -0.076043702661991119
vn -0.96396178007125854 -0.24095070362091064 0.11278507858514786
vn -0.96396178007125854 -0.24095070362091064 0.11278507858514786
vn -0.96396178007125854 -0.24095070362091064 0.11278507858514786
vn -0.8171766996383667 0.52202856540679932 -0.24435301125049591
vn -0.8171766996383667 0.52202856540679932 -0.24435301125049591
vn -0.8171766996383667 0.52202856540679932 -0.24435301125049591
vn -0.088221214711666107 -0.99609643220901489 0.0029863342642784119
vn -0.088221214711666107 -0.99609643220901489 0.0029863342642784119
vn -0.088221214711666107 -0.99609643220901489 0.0029863342642784119
vn 0.32481411099433899 -0.69524705410003662 -0.64119213819503784
vn 0.32481411099433899 -0.69524705410003662 -0.64119213819503784
vn 0.32481411099433899 -0.69524705410003662 -0.64119213819503784
vn -0.99972611665725708 -0.013654171489179134 -0.019007010385394096
vn -0.99297499656677246 0.014166186563670635 0.11747345328330994
vn -0.93262404203414917 0.082238145172595978 0.35135349631309509
vn 0.33663758635520935 -0.54137474298477173 0.77044695615768433
vn 0.20483420789241791 -0.66993534564971924 0.71360319852828979
vn 0.33691838383674622 -0.4106535017490387 0.84726011753082275
vn 0.66844934225082397 -0.52923548221588135 -0.52257561683654785
vn 0.66844934225082397 -0.52923548221588135 -0.52257561683654785
vn 0.66844934225082397 -0.52923548221588135 -0.52257561683654785
vn 0.99931252002716064 0.036010697484016418 0.0088153155520558357
vn 0.99869883060455322 0.0045251743867993355 -0.050795625895261765
vn 0.99733507633209229 0.0028931857086718082 0.072899512946605682
vn 0.5700303316116333 -0.80452048778533936 0.16676986217498779
vn 0.46096506714820862 -0.88666242361068726 -0.03661959245800972
vn 0.48361581563949585 -0.87527906894683838 0.0014975435333326459
vn 0.99851799011230469 0.034424986690282822 0.042151730507612228
vn -0.13713912665843964 -0.98370808362960815 0.11623794585466385
vn -0.084794811904430389 -0.99639678001403809 0.0018014161614701152
vn -0.10229349881410599 -0.99385267496109009 0.042342308908700943
vn -0.99997490644454956 -0.006699590478092432 -0.0022933150175958872
vn -0.99971866607666016 0.0017727373633533716 0.023652959614992142
vn -0.99419981241226196 0.094445429742336273 0.051447115838527679
vn -0.99997514486312866 0.0068813664838671684 -0.0015471061924472451
vn -0.99958658218383789 0.0045715798623859882 0.028385458514094353
vn -0.73770195245742798 -0.48039960861206055 -0.47435435652732849
vn -0.73770195245742798 -0.48039960861206055 -0.47435435652732849
vn -0.73770195245742798 -0.48039960861206055 -0.47435435652732849
vn -0.88993179798126221 -0.45498800277709961 -0.031738374382257462
vn -0.99935859441757202 0.029986601322889328 0.019574640318751335
vn -0.80813229084014893 -0.35667455196380615 -0.46872752904891968
vn 0.99145948886871338 0.12519143521785736 0.036539729684591293
vn 0.9591064453125 -0.25917494297027588 0.11376786977052689
vn 0.023415738716721535 -0.95038849115371704 -0.31018292903900146
vn 0.20015875995159149 -0.76494485139846802 -0.61220574378967285
vn 0.3018612265586853 -0.75826543569564819 -0.57785236835479736
vn 0.042460419237613678 -0.20056988298892975 0.97875881195068359
vn 0.20347334444522858 -0.16988565027713776 0.96422892808914185
vn 0.042785476893186569 -0.20051360130310059 0.97875618934631348
vn -0.76424932479858398 -0.63997918367385864 0.079684585332870483
vn -0.68186259269714355 -0.73148030042648315 0
vn -0.76170921325683594 -0.5798524022102356 0.28908523917198181
vn -0.86195313930511475 0.5033193826675415 0.060880102217197418
vn -0.79591047763824463 0.60399991273880005 0.04135952889919281
vn -0.76994305849075317 0.63535034656524658 0.059309981763362885
vn -0.99944955110549927 0.0048207808285951614 0.032823584973812103
vn 0.39632269740104675 -0.91808640956878662 0.0067541445605456829
vn 0.39632269740104675 -0.91808640956878662 0.0067541445605456829
vn 0.39632269740104675 -0.91808640956878662 0.0067541445605456829
vn -0.43253928422927856 -0.0032444724347442389 -0.90160924196243286
vn -0.43253928422927856 -0.0032444724347442389 -0.90160924196243286
vn -0.43253928422927856 -0.0032444724347442389 -0.90160924196243286
vn 0.4325428307056427 0 0.90161335468292236
vn 0.4325428307056427 0 0.90161335468292236
vn 0.4325428307056427 0 0.90161335468292236
vn 0.37892010807991028 -0.68102270364761353 0.62660008668899536
vn -0.099542886018753052 -0.24054907262325287 0.96551918983459473
vn 0.089208386838436127 -0.29655331373214722 0.95084065198898315
vn -0.01138886995613575 -0.95073223114013672 0.30980405211448669
vn -0.058535162359476089 -0.95082849264144897 0.30413618683815002
vn -0.01578628271818161 -0.94179248809814453 0.33582398295402527
vn -0.21059183776378632 0.83946365118026733 0.50095093250274658
vn 0.99952822923660278 -0.0020651209633797407 -0.030643215402960777
vn 0.54743027687072754 -0.83281606435775757 0.082082442939281464
vn 0.53168791532516479 -0.84664887189865112 0.022217700257897377
vn 0.45527207851409912 -0.89002728462219238 -0.024057028815150261
vn 0.99990653991699219 -0.00017925961583387107 -0.013668941333889961
vn 0.016179626807570457 0.98636865615844727 0.16375333070755005
vn 0.36354124546051025 0.92994588613510132 -0.055122282356023788
vn 0.38571074604988098 -0.13666865229606628 0.9124411940574646
vn 0.38571074604988098 -0.13666865229606628 0.9124411940574646
vn 0.38571074604988098 -0.13666865229606628 0.9124411940574646
vn 0.91794753074645996 -0.39056244492530823 0.06952212005853653
vn 0.91794753074645996 -0.39056244492530823 0.06952212005853653
vn 0.91794753074645996 -0.39056244492530823 0.06952212005853653
vn 0.68818169832229614 -0.71958053112030029 0.092788919806480408
vn 0.82147312164306641 -0.56947028636932373 0.029757892712950706
vn 0.75561529397964478 -0.65170210599899292 0.065802194178104401
vn 0.98130655288696289 0.10842812061309814 -0.15899926424026489
vn 0.97782427072525024 0.180000901222229 -0.10704847425222397
vn 0.97756022214889526 0.18206965923309326 -0.10595595091581345
vn 0.23566830158233643 -0.19126197695732117 0.95282703638076782
vn 0.022691477090120316 -0.24305769801139832 0.96974641084671021
vn 0.045289605855941772 -0.20932471752166748 0.97679680585861206
vn 0.22117991745471954 -0.27815431356430054 0.93472433090209961
vn 0.0032464487012475729 -0.27010548114776611 0.9628252387046814
vn -0.8925054669380188 -0.20009061694145203 0.40422490239143372
vn -0.89844566583633423 -0.23380507528781891 0.37165915966033936
vn -0.90332973003387451 -0.27919274568557739 0.32564833760261536
vn -0.021579589694738388 -0.87531149387359619 0.4830777645111084
vn -0.021579589694738388 -0.87531149387359619 0.4830777645111084
vn -0.021579589694738388 -0.87531149387359619 0.4830777645111084
vn -0.42787870764732361 -0.89416980743408203 -0.13183367252349854
vn -0.45600172877311707 -0.87535667419433594 -0.16066476702690125
vn -0.64926379919052124 -0.75096887350082397 0.12042547017335892
vn -0.99975854158401489 -0.0023209783248603344 0.021851945668458939
vn -0.99094903469085693 -0.11960059404373169 -0.060956142842769623
vn -0.29499173164367676 -0.67017954587936401 0.68105745315551758
vn 0.14519338309764862 0.72905457019805908 0.66887837648391724
vn -0.954731285572052 0.10289178043603897 0.27910840511322021
vn -0.82984107732772827 0.20430730283260345 0.51925170421600342
vn -0.88705915212631226 0.113363116979599 0.44752079248428345
vn 0.66388559341430664 0.64232277870178223 -0.38298475742340088
vn 0.65832984447479248 0.70828026533126831 -0.25483494997024536
vn 0.58620208501815796 0.76376891136169434 0.27022981643676758
vn 0.018117213621735573 0.98536115884780884 -0.16951444745063782
vn 0.53204977512359619 0.8169897198677063 0.22237537801265717
vn -0.94914472103118896 0.025063667446374893 0.31384080648422241
vn -0.97190707921981812 0.0044217128306627274 0.2353232204914093
vn -0.59699124097824097 -0.76922601461410522 0.22779993712902069
vn -0.54907816648483276 -0.8345569372177124 0.045032449066638947
vn -0.63215762376785278 -0.77277094125747681 0.056584145873785019
vn 0.049851611256599426 -0.80484127998352051 -0.59139275550842285
vn 0.049851611256599426 -0.80484127998352051 -0.59139275550842285
vn 0.049851611256599426 -0.80484127998352051 -0.59139275550842285
vn -0.009202335961163044 -0.013278098776936531 -0.99986952543258667
vn 0.098258368670940399 0.045397650450468063 -0.9941248893737793
vn 0.24822992086410522 0.12749855220317841 -0.96027392148971558
vn -0.33089235424995422 -0.94366788864135742 -0.0010571428574621677
vn -0.33222094178199768 -0.94319599866867065 -0.0032573924399912357
vn -0.33190205693244934 -0.94331353902816772 -0.00078271509846672416
vn 0.56734788417816162 -0.82327902317047119 0.018111791461706161
vn 0.01492483913898468 -0.99422252178192139 0.10629571974277496
vn 0.048064135015010834 -0.84517943859100342 0.53231716156005859
vn 0.017915511503815651 -0.97841936349868774 0.20585086941719055
vn -0.85633254051208496 -0.079537153244018555 0.51026302576065063
vn -0.96459048986434937 0.25548124313354492 0.065532445907592773
vn -0.96459048986434937 0.25548124313354492 0.065532445907592773
vn -0.96459048986434937 0.25548124313354492 0.065532445907592773
vn -3.092151601435944E-08 4.1013383452082053E-05 -1
vn -2.7465339371701702E-06 3.7659712688764557E-05 -1
vn 8.9608516873340704E-07 4.2433257476659492E-05 -1
vn 0.6559792160987854 -0.024250946938991547 0.75438928604125977
vn 0.72206968069076538 -0.043886769562959671 0.69042688608169556
vn 0.63570964336395264 0.057184886187314987 0.76980721950531006
vn 0.99959349632263184 0.016154840588569641 0.023491181433200836
vn -0.63923025131225586 -0.46811741590499878 0.61012357473373413
vn -0.53573483228683472 0.32181131839752197 0.78065717220306396
vn -0.56525421142578125 0.1825525164604187 0.80446392297744751
vn -0.96253049373626709 0.013945069164037704 0.27081474661827087
vn -0.9729035496711731 -0.0012257290072739124 0.23120817542076111
vn -0.97402530908584595 0.010355325415730476 0.22620230913162231
vn -0.09819253534078598 -0.34187129139900208 0.93460273742675781
vn -0.09819253534078598 -0.34187129139900208 0.93460273742675781
vn -0.09819253534078598 -0.34187129139900208 0.93460273742675781
vn 0.46561792492866516 0.76827234029769897 -0.43926939368247986
vn 0.46561792492866516 0.76827234029769897 -0.43926939368247986
vn 0.46561792492866516 0.76827234029769897 -0.43926939368247986
vn -0.57339358329772949 0.81500303745269775 0.083604909479618073
vn -0.57339358329772949 0.81500303745269775 0.083604909479618073
vn -0.57339358329772949 0.81500303745269775 0.083604909479618073
vn 0.90274703502655029 -0.40039598941802979 0.15726044774055481
vn 0.90274703502655029 -0.40039598941802979 0.15726044774055481
vn 0.90274703502655029 -0.40039598941802979 0.15726044774055481
vn 0.00043057076982222497 0.25828129053115845 0.96606963872909546
vn 0.065372325479984283 0.23947602510452271 0.96869897842407227
vn -0.020384525880217552 0.13182169198989868 0.99106383323669434
vn -0.64018440246582031 -3.2057996577350423E-05 0.76822125911712646
vn -0.64018440246582031 -3.1939045584294945E-05 0.76822125911712646
vn -0.64018428325653076 -3.1626372219761834E-05 0.76822137832641602
vn -0.49066472053527832 -0.74953305721282959 0.44435158371925354
vn -0.49066472053527832 -0.74953305721282959 0.44435158371925354
vn -0.49066472053527832 -0.74953305721282959 0.44435158371925354
vn 0.98044401407241821 -0.083339482545852661 -0.17828100919723511
vn 0.97197479009628296 -0.10466665774583817 -0.21049927175045013
vn 0.98992276191711426 -0.052483066916465759 -0.13152380287647247
vn 0.028828449547290802 -0.99006140232086182 0.13764944672584534
vn 0.22832790017127991 -0.9660038948059082 0.12125518172979355
vn -0.017879333347082138 -0.98011159896850586 0.19764003157615662
vn 0.65481114387512207 0.75579255819320679 3.116629522992298E-05
vn 0.65481114387512207 0.75579255819320679 3.116629522992298E-05
vn 0.65481114387512207 0.75579255819320679 3.116629522992298E-05
vn -4.6423806452366989E-06 0.77346503734588623 0.633838951587677
vn -4.6423806452366989E-06 0.77346503734588623 0.633838951587677
vn -4.6423806452366989E-06 0.77346503734588623 0.633838951587677
vn -0.99267578125 0.10797937214374542 -0.054177712649106979
vn -0.99267578125 0.10797937214374542 -0.054177712649106979
vn -0.99267578125 0.10797937214374542 -0.054177712649106979
vn -0.97145473957061768 -0.06608784943819046 0.2278333306312561
vn -0.98367351293563843 -0.15576708316802979 0.090127915143966675
vn -0.98139405250549316 -0.18819934129714966 0.038035225123167038
vn 0.85738128423690796 -0.18863724172115326 0.47886666655540466
vn 0.90043377876281738 -0.073196575045585632 0.42879045009613037
vn 0.84826409816741943 -0.36351341009140015 0.38510525226593018
vn 0.38600373268127441 -0.83615440130233765 0.38967543840408325
vn 0.38600373268127441 -0.83615440130233765 0.38967543840408325
vn 0.38600373268127441 -0.83615440130233765 0.38967543840408325
vn -0.88900727033615112 0.046943459659814835 0.45548036694526672
vn -0.94938498735427856 -0.17957593500614166 0.25772196054458618
vn -0.73460948467254639 -0.11855461448431015 0.66805213689804077
vn -0.12643596529960632 0.0759100541472435 0.98906600475311279
vn 0.009895659051835537 0.028737438842654228 0.99953800439834595
vn -0.025806291028857231 0.40658530592918396 0.91324830055236816
vn -0.00025143619859591126 0.00087125273421406746 0.99999958276748657
vn -0.00064717733766883612 -0.00085039745317772031 0.99999940395355225
vn 0.0442650206387043 0.086457379162311554 0.99527168273925781
vn 0.23944078385829926 0.66124212741851807 0.7109338641166687
vn -0.045858290046453476 0.11210790276527405 0.99263733625411987
vn 0.0032011419534683228 -0.0094936471432447433 0.99994981288909912
vn 0.010822135023772717 0.021310070529580116 0.99971431493759155
vn 0.072267569601535797 0.69864159822463989 0.71181267499923706
vn 0.085274852812290192 0.85131919384002686 0.51767152547836304
vn 0.11457861959934235 0.74186056852340698 0.66069251298904419
vn 0.00064198358450084925 0.0010944033274427056 0.99999916553497314
vn 0.038093097507953644 0.8909536600112915 0.45249363780021667
vn 0.37779739499092102 0.59998220205307007 0.70518827438354492
vn -0.32907047867774963 0.44767075777053833 0.83144664764404297
vn 0.092750988900661469 0.58457690477371216 0.80601930618286133
vn -0.52078348398208618 0.14972682297229767 0.84045612812042236
vn -0.5858694314956665 -0.034366447478532791 0.80967646837234497
vn -0.091253861784934998 -0.63253313302993774 0.7691388726234436
vn -0.031367212533950806 -0.57908034324645996 0.81466686725616455
vn -0.05154254287481308 -0.64354240894317627 0.76367306709289551
vn 0.64330679178237915 -0.13249404728412628 0.75405681133270264
vn 0.63835936784744263 -0.16140532493591309 0.75262582302093506
vn 0.63747614622116089 -0.11218124628067017 0.76225948333740234
vn 0.0002959634002763778 -0.00082550803199410439 0.99999964237213135
vn 0.00054663122864440084 -0.0022133486345410347 0.99999737739562988
vn 0.004920691717416048 0.67626655101776123 0.7366405725479126
vn 0.14056108891963959 0.98261183500289917 0.12131183594465256
vn 0.083339676260948181 0.70494860410690308 0.70434504747390747
vn -0.97197419404983521 0.22733305394649506 0.059882111847400665
vn -0.97197419404983521 0.22733305394649506 0.059882111847400665
vn -0.97197419404983521 0.22733305394649506 0.059882111847400665
vn 0.06608416885137558 0.96703845262527466 0.24590553343296051
vn 0.71296346187591553 0.035593893378973007 0.70029717683792114
vn 0.99044924974441528 -0.0083399554714560509 0.13762514293193817
vn 0.48510906100273132 0.073011897504329681 0.87140029668807983
vn -0.99965411424636841 0.026296349242329597 0.0003367870522197336
vn -0.82715237140655518 0.13006538152694702 0.5467192530632019
vn -0.99018120765686035 -0.057927478104829788 -0.12722264230251312
vn 0.002288866089656949 0.0057508852332830429 0.9999808669090271
vn -0.0077606122940778732 -0.049491617828607559 0.99874436855316162
vn 0.0013253729557618499 -0.045768957585096359 0.99895119667053223
vn -0.0026393365114927292 -0.0049580875784158707 0.99998420476913452
vn -1.3863434844552103E-08 -4.1291888919658959E-05 1
vn -0.00075835589086636901 0.00010553332685958594 0.99999970197677612
vn -0.24203923344612122 0.054333209991455078 0.96874397993087769
vn -0.32038146257400513 0.0090084671974182129 0.94724577665328979
vn -0.17532700300216675 0.09164968878030777 0.98023504018783569
vn -0.076678015291690826 -0.49539598822593689 0.86527645587921143
vn 0.97770088911056519 -0.20518331229686737 0.044730097055435181
vn 0.98002821207046509 -0.18207414448261261 0.079960733652114868
vn 0.98004084825515747 -0.19038283824920654 0.05722186341881752
vn 0.00016885495278984308 -4.5245727960718796E-05 1
vn 0.00058612716384232044 5.9756363043561578E-05 0.99999982118606567
vn -0.2837696373462677 0.93822962045669556 0.1979898065328598
vn -0.23663859069347382 0.94639837741851807 0.21984605491161346
vn -0.025138167664408684 0.9512748122215271 0.30731794238090515
vn -3.6124645248492016E-06 -4.0609698771731928E-05 1
vn -1.6204105122596957E-05 -3.8195546949282289E-05 1
vn -0.17374864220619202 -0.98375332355499268 0.04517509788274765
vn -0.16770511865615845 -0.98508656024932861 0.038463309407234192
vn -0.16907069087028503 -0.98481541872024536 0.039416491985321045
vn 0.98545056581497192 -0.16961517930030823 -0.010858635418117046
vn 0.98421835899353027 -0.17637698352336884 -0.01433201041072607
vn 0.98459339141845703 -0.17436352372169495 -0.01316077820956707
vn 0.98173463344573975 -0.17261040210723877 0.080017067492008209
vn 0.87574166059494019 -0.21509435772895813 -0.43221640586853027
vn 0.87574166059494019 -0.21509435772895813 -0.43221640586853027
vn 0.87574166059494019 -0.21509435772895813 -0.43221640586853027
vn 0.67792326211929321 0.1969459056854248 0.70826005935668945
vn 0.67792326211929321 0.1969459056854248 0.70826005935668945
vn 0.67792326211929321 0.1969459056854248 0.70826005935668945
vn -0.051249850541353226 -0.98745054006576538 0.14938172698020935
vn -0.40151998400688171 -0.89657789468765259 0.1868949681520462
vn -0.16850975155830383 -0.96037971973419189 0.22198024392127991
vn 0.17865215241909027 0.70435070991516113 0.68700325489044189
vn 0.32632541656494141 0.65031290054321289 0.68600642681121826
vn -0.24294859170913696 0.22098827362060547 0.94453173875808716
vn 0.21262669563293457 0.87158846855163574 0.44172775745391846
vn 0.35714629292488098 0.83931159973144531 0.40988114476203918
vn 0.33476963639259338 0.8233715295791626 0.45824512839317322
vn 0.3588767945766449 -0.43394836783409119 0.82637536525726318
vn 0.3588767945766449 -0.43394836783409119 0.82637536525726318
vn 0.3588767945766449 -0.43394836783409119 0.82637536525726318
vn 0.47643110156059265 0.5291517972946167 0.7021479606628418
vn 0.08414420485496521 0.29896721243858337 0.95054632425308228
vn 0.34734466671943665 0.38323146104812622 0.85585355758666992
vn -0.34512549638748169 -0.59789842367172241 -0.72346794605255127
vn -0.34512549638748169 -0.59789842367172241 -0.72346794605255127
vn -0.34512549638748169 -0.59789842367172241 -0.72346794605255127
vn 0.52180105447769165 0.79682624340057373 -0.30461710691452026
vn 0.44496682286262512 0.88967567682266235 -0.10238057374954224
vn 0.44545724987983704 0.88929951190948486 -0.1035093367099762
vn 0.097784221172332764 0.023588415235280991 0.99492806196212769
vn -0.061201427131891251 -0.056466478854417801 0.99652695655822754
vn 0.036922004073858261 -0.0071545052342116833 0.99929255247116089
vn -0.84830737113952637 0.34824231266975403 0.39887577295303345
vn -0.84830737113952637 0.34824231266975403 0.39887577295303345
vn -0.84830737113952637 0.34824231266975403 0.39887577295303345
vn 0.42442280054092407 -0.52589529752731323 0.73708850145339966
vn 0.42442280054092407 -0.52589529752731323 0.73708850145339966
vn 0.42442280054092407 -0.52589529752731323 0.73708850145339966
vn -0.59747207164764404 -0.71365010738372803 0.36569195985794067
vn -0.59697818756103516 -0.75359010696411133 0.27517092227935791
vn -0.4994470477104187 -0.38530939817428589 0.77594411373138428
vn -0.096787087619304657 -0.13508820533752441 0.98609507083892822
vn -0.096787087619304657 -0.13508820533752441 0.98609507083892822
vn -0.096787087619304657 -0.13508820533752441 0.98609507083892822
vn -0.52036774158477783 0.068749025464057922 0.85117036104202271
vn -0.26219198107719421 0.10985507071018219 0.95874249935150146
vn -0.126922607421875 0.29450228810310364 -0.94718480110168457
vn -0.042155947536230087 -0.076495431363582611 -0.99617838859558105
vn -0.1889650821685791 -0.21120992302894592 -0.95900082588195801
vn 0.082012012600898743 -0.10852159559726715 -0.99070537090301514
vn 0.18092724680900574 -0.09184090793132782 -0.97919893264770508
vn -0.00052338768728077412 -0.14133080840110779 -0.98996227979660034
vn 0.062861450016498566 -0.10697124898433685 -0.99227291345596313
vn -0.017221592366695404 -0.11819688230752945 -0.99284082651138306
vn -0.90793347358703613 -0.077830329537391663 0.41182431578636169
vn -0.90793347358703613 -0.077830329537391663 0.41182431578636169
vn -0.90793347358703613 -0.077830329537391663 0.41182431578636169
vn -0.16651397943496704 0.45676207542419434 0.87386584281921387
vn -0.0250836331397295 0.48341169953346252 0.8750336766242981
vn -0.050704393535852432 0.30288979411125183 0.95167583227157593
vn -0.47590804100036621 0.26819995045661926 0.83760392665863037
vn -0.56938505172729492 -0.57538968324661255 0.58713489770889282
vn -0.69344520568847656 -0.62221407890319824 0.36329516768455505
vn -0.59003746509552002 -0.58471822738647461 0.55674088001251221
vn -0.24202150106430054 -0.35833290219306946 0.90167796611785889
vn -0.35629451274871826 -0.50477504730224609 0.78629279136657715
vn -0.32523003220558167 -0.14460302889347076 0.93451344966888428
vn -0.067138426005840302 0.019789965823292732 0.99754738807678223
vn 0.1451527327299118 0.11917226016521454 0.98220598697662354
vn 0.024616515263915062 0.1193593442440033 0.99254590272903442
vn -0.061188854277133942 0.11280115693807602 0.99173170328140259
vn -0.0060591013170778751 -0.9941977858543396 0.10739648342132568
vn -0.0019597338978201151 -0.99238890409469604 0.12312787771224976
vn 0.0081658670678734779 -0.99391192197799683 0.10987459868192673
vn -0.0030169507954269648 -0.99334424734115601 0.11514409631490707
vn 0.027512263506650925 -0.99901360273361206 0.034855231642723083
vn 0.0044417735189199448 -0.99488639831542969 0.10090234875679016
vn -0.11177952587604523 0.0089749926701188087 0.99369251728057861
vn 0.15134021639823914 -0.41181638836860657 0.89861190319061279
vn 0.37402212619781494 -0.11745087802410126 0.91995257139205933
vn 0.89834398031234741 -0.43413886427879333 -0.067093431949615479
vn 0.8971678614616394 -0.43559026718139648 0.073150098323822021
vn 0.81388616561889648 -0.35584148764610291 -0.45931053161621094
vn 0.084581710398197174 -0.11839717626571655 -0.98935741186141968
vn 0.055193483829498291 -0.13327279686927795 -0.98954135179519653
vn 0.026807572692632675 -0.14747549593448639 -0.98870235681533813
vn 0.94314676523208618 0.046975314617156982 0.3290402889251709
vn 0.98433452844619751 0.025086726993322372 0.17451687157154083
vn 0.9996715784072876 -0.019735626876354218 -0.016346827149391174
vn -0.003142444184049964 -0.55251747369766235 0.8334953784942627
vn 0.011077795177698135 -0.59517425298690796 0.8035203218460083
vn 0.033902261406183243 -0.49620479345321655 0.86754333972930908
vn 0.34364154934883118 -0.89730030298233032 0.27706068754196167
vn 0.26315557956695557 0.94173109531402588 -0.20950327813625336
vn 0.019093461334705353 -0.98657828569412231 0.16216880083084106
vn 0.98761218786239624 0.0069110877811908722 0.15676234662532806
vn -0.017147913575172424 -0.97276324033737183 0.23116585612297058
vn 0.99920374155044556 0.0017781374044716358 0.039858493953943253
vn -0.99980682134628296 0.0057566240429878235 0.018792571499943733
vn 0.99278157949447632 0.013735760934650898 0.11914718151092529
vn 0.9974333643913269 0.0039804275147616863 0.071489870548248291
vn 0.99895519018173218 -0.045424975454807281 0.0050054406747221947
vn 0.9900708794593811 -0.13967145979404449 0.015858475118875504
vn 0.87131601572036743 -0.49046739935874939 0.015815095975995064
vn 0.99694186449050903 0.01061647105962038 -0.077422134578227997
vn 0.9967150092124939 -0.0077045382931828499 -0.080621533095836639
vn 0.99721121788024902 0.0069591323845088482 -0.074305497109889984
vn 0.045897513628005981 0.99809020757675171 0.041343916207551956
vn 0.07319922000169754 0.99726700782775879 0.010018246248364449
vn 0.16732187569141388 0.98259681463241577 -0.080665558576583862
vn -0.63117170333862305 -0.77563971281051636 -0.0023031991440802813
vn -0.94568663835525513 -0.14475919306278229 0.29106959700584412
vn 0.99440628290176392 0.0070844199508428574 0.10538472980260849
vn -0.12312062829732895 0.0080392519012093544 0.99235916137695312
vn 0.07867412269115448 0.99688202142715454 0.006054833997040987
vn 0.085278540849685669 0.9963269829750061 -0.0077525447122752666
vn 0.087159484624862671 0.99612575769424438 -0.011692201718688011
vn -0.84424030780792236 0.52657508850097656 0.099884785711765289
vn 0.18452437222003937 -0.13011616468429565 -0.97417682409286499
vn 0.016335802152752876 0.99756777286529541 -0.06776224821805954
vn 0.15242329239845276 0.93733733892440796 -0.31331425905227661
vn -0.0014155141543596983 0.034750323742628098 0.99939501285552979
vn 0.99524790048599243 0.09668983519077301 -0.011519852094352245
vn 0.9992334246635437 0.015136394649744034 0.036103624850511551
vn -0.01529956329613924 0.5339934229850769 -0.84535020589828491
vn -0.98718738555908203 0.01006024144589901 -0.15924794971942902
vn -0.17701508104801178 -0.9830397367477417 0.047942634671926498
vn 0.98397129774093628 -0.015578795224428177 -0.1776452362537384
vn -0.071297377347946167 -0.99712544679641724 -0.025642260909080505
vn 0.11870149523019791 0.15977637469768524 0.97999054193496704
vn -0.59980869293212891 0.77045959234237671 -0.21592031419277191
vn -0.046878926455974579 -0.11443610489368439 -0.99232393503189087
usemtl vc_191919__Default
f 1//1 2//2 3//3
f 4//4 5//5 6//6
f 7//7 8//8 9//9
f 11//11 22//22 12//12 10//10
f 13//13 14//14 15//15
f 16//16 17//17 18//18
f 17//17 19//19 20//20
f 21//21 12//12 22//22
f 19//19 17//17 23//23
f 19//19 11//11 20//20
f 24//24 21//21 22//22
f 11//11 19//19 25//25
f 26//26 25//25 23//23
f 22//22 11//11 27//27
f 28//28 29//29 30//30
f 31//31 32//32 33//33
f 34//34 35//35 36//36
f 37//37 38//38 39//39
f 40//40 41//41 42//42
f 43//43 44//44 45//45
f 46//46 47//47 48//48
f 49//49 50//50 51//51
f 52//52 50//50 49//49
f 53//53 54//54 55//55
f 56//56 23//23 18//18
f 56//56 26//26 23//23
f 57//57 58//58 59//59
f 60//60 61//61 62//62
f 65//65 66//66 63//63 64//64
f 67//67 68//68 69//69
f 70//70 71//71 72//72
f 73//73 70//70 72//72
f 48//48 74//74 75//75
f 48//48 47//47 76//76 74//74
f 77//77 78//78 79//79
f 80//80 81//81 75//75
f 81//81 82//82 83//83
f 85//85 595//595 86//86 84//84
f 87//87 88//88 36//36
f 89//89 90//90 91//91
f 92//92 93//93 94//94
f 95//95 96//96 97//97
f 98//98 99//99 100//100
f 101//101 99//99 98//98
f 102//102 103//103 104//104
f 107//107 601//601 105//105 106//106
f 108//108 21//21 109//109
f 110//110 111//111 53//53
f 112//112 113//113 114//114
f 115//115 116//116 117//117
f 18//18 118//118 56//56
f 119//119 120//120 121//121
f 122//122 119//119 121//121
f 123//123 124//124 125//125
f 126//126 127//127 128//128
f 129//129 130//130 131//131
f 132//132 133//133 134//134
f 135//135 136//136 137//137
f 138//138 132//132 134//134
f 139//139 140//140 141//141
f 142//142 140//140 143//143
f 144//144 145//145 143//143
f 146//146 147//147 148//148
f 149//149 150//150 151//151
f 152//152 153//153 154//154
f 155//155 156//156 157//157
f 158//158 159//159 160//160
f 161//161 162//162 163//163
f 164//164 30//30 29//29
f 165//165 166//166 167//167
f 168//168 169//169 170//170
f 171//171 172//172 173//173
f 174//174 175//175 176//176
f 177//177 178//178 179//179
f 180//180 181//181 182//182
f 183//183 184//184 185//185
f 186//186 187//187 188//188
f 189//189 190//190 191//191
f 192//192 193//193 194//194
f 195//195 196//196 197//197
f 198//198 199//199 200//200
f 201//201 202//202 203//203
f 204//204 205//205 206//206
f 207//207 208//208 209//209
f 210//210 211//211 212//212
f 213//213 214//214 215//215
f 216//216 217//217 218//218
f 219//219 220//220 221//221
f 222//222 223//223 224//224
f 225//225 226//226 227//227
f 228//228 229//229 230//230
f 225//225 231//231 226//226
f 232//232 233//233 234//234
f 235//235 236//236 237//237
f 235//235 237//237 238//238
f 238//238 239//239 111//111 235//235
f 240//240 241//241 242//242
f 243//243 244//244 245//245
f 246//246 247//247 57//57
f 248//248 249//249 250//250
f 251//251 252//252 253//253
f 254//254 255//255 256//256
f 257//257 258//258 259//259
f 109//109 260//260 108//108
f 261//261 262//262 263//263
f 264//264 265//265 266//266
f 267//267 268//268 269//269
f 270//270 271//271 272//272
f 273//273 274//274 275//275
f 276//276 140//140 142//142
f 36//36 88//88 277//277
f 278//278 279//279 280//280
f 281//281 36//36 277//277
f 282//282 283//283 96//96
f 284//284 285//285 286//286
f 287//287 288//288 289//289
f 290//290 291//291 292//292
f 293//293 294//294 295//295
f 296//296 272//272 297//297
f 298//298 299//299 300//300
f 301//301 302//302 303//303
f 304//304 305//305 306//306
f 307//307 308//308 309//309
f 244//244 310//310 311//311
f 312//312 132//132 138//138
f 276//276 313//313 140//140
f 314//314 315//315 316//316
f 317//317 148//148 318//318
f 319//319 320//320 321//321
f 322//322 323//323 260//260
f 324//324 325//325 326//326
f 327//327 328//328 329//329
f 330//330 331//331 332//332
f 333//333 334//334 335//335
f 290//290 292//292 336//336
f 337//337 338//338 339//339
f 301//301 340//340 302//302
f 341//341 342//342 343//343
f 344//344 345//345 346//346
f 347//347 348//348 349//349
f 281//281 277//277 350//350
f 351//351 352//352 353//353
f 354//354 355//355 356//356
f 357//357 358//358 359//359
f 360//360 361//361 362//362
f 363//363 364//364 365//365
f 366//366 367//367 368//368
f 369//369 370//370 371//371
f 372//372 373//373 374//374
f 375//375 376//376 377//377
f 378//378 379//379 380//380
f 381//381 382//382 383//383
f 384//384 385//385 386//386
f 387//387 388//388 389//389
f 390//390 391//391 392//392
f 393//393 394//394 395//395
f 396//396 397//397 398//398
f 399//399 400//400 401//401
f 402//402 403//403 404//404
f 405//405 406//406 407//407
f 408//408 409//409 406//406
f 410//410 411//411 313//313
f 413//413 408//408 405//405 412//412
f 414//414 410//410 406//406
f 409//409 414//414 406//406
f 415//415 416//416 417//417
f 409//409 418//418 414//414
f 419//419 416//416 415//415
f 420//420 421//421 422//422
f 423//423 421//421 424//424
f 425//425 426//426 427//427
f 428//428 429//429 430//430
f 431//431 413//413 432//432
f 433//433 434//434 435//435
f 436//436 437//437 438//438
f 433//433 439//439 434//434
f 440//440 441//441 442//442
f 443//443 444//444 445//445
f 446//446 447//447 448//448
f 449//449 446//446 448//448
f 450//450 451//451 447//447
f 452//452 453//453 454//454
f 455//455 447//447 451//451
f 456//456 457//457 458//458
f 459//459 460//460 451//451
f 461//461 462//462 463//463
f 450//450 464//464 465//465
f 466//466 467//467 468//468
f 469//469 470//470 471//471
f 457//457 472//472 458//458
f 473//473 474//474 475//475
f 476//476 477//477 478//478
f 479//479 480//480 481//481
f 482//482 483//483 484//484
f 485//485 486//486 487//487
f 488//488 489//489 490//490
f 491//491 492//492 493//493
f 494//494 495//495 496//496
f 497//497 498//498 499//499
f 500//500 501//501 502//502
f 503//503 504//504 505//505
f 506//506 507//507 508//508
f 509//509 510//510 511//511
f 512//512 513//513 514//514
f 515//515 516//516 323//323
f 322//322 515//515 323//323
f 517//517 518//518 519//519
f 520//520 521//521 522//522
f 524//524 602//602 523//523 522//522
f 525//525 526//526 527//527
f 528//528 529//529 530//530
f 531//531 529//529 528//528
f 532//532 533//533 534//534
f 535//535 536//536 537//537
f 538//538 535//535 537//537
f 539//539 442//442 540//540
f 539//539 440//440 442//442
f 541//541 539//539 540//540
f 523//523 520//520 522//522
f 381//381 542//542 543//543
f 544//544 545//545 479//479
f 546//546 547//547 479//479
f 541//541 516//516 515//515
f 548//548 549//549 550//550
f 551//551 552//552 553//553
f 554//554 555//555 556//556
f 450//450 465//465 451//451
f 11//11 25//25 27//27
f 557//557 558//558 559//559
f 560//560 561//561 562//562
f 538//538 312//312 138//138
f 248//248 250//250 563//563
f 272//272 271//271 297//297
f 564//564 146//146 148//148
f 565//565 563//563 549//549
f 440//440 566//566 441//441
f 538//538 537//537 312//312
f 20//20 11//11 10//10
f 567//567 71//71 70//70
f 441//441 568//568 18//18
f 310//310 244//244 569//569
f 547//547 544//544 479//479
f 22//22 27//27 24//24
f 202//202 570//570 571//571
f 572//572 573//573 225//225
f 292//292 291//291 574//574
f 575//575 576//576 577//577
f 408//408 406//406 405//405
f 25//25 19//19 23//23
f 111//111 54//54 53//53
f 578//578 579//579 580//580
f 260//260 323//323 108//108
f 566//566 568//568 441//441
f 326//326 325//325 581//581
f 582//582 403//403 402//402
f 231//231 583//583 226//226
f 74//74 80//80 75//75
f 81//81 83//83 75//75
f 123//123 125//125 584//584
f 585//585 586//586 587//587
f 257//257 259//259 588//588
f 521//521 589//589 522//522
f 28//28 590//590 591//591
f 115//115 117//117 592//592
f 593//593 594//594 247//247
f 113//113 596//596 114//114
f 450//450 447//447 446//446
f 466//466 468//468 597//597
f 21//21 24//24 109//109
f 226//226 598//598 227//227
f 233//233 599//599 234//234
f 541//541 540//540 516//516
f 60//60 62//62 600//600
f 310//310 569//569 582//582
