# Dual color encoding: per-vertex RGB for Rerun, face MTL colors for legacy RViz.
mtllib sim_gene01_r_foot.mtl
# Rhino

g sim_gene01_r_foot
v -11.439413070678711 -25.566122055053711 -10.726556777954102 0.0980392157 0.0980392157 0.0980392157
v 38.17303466796875 4.6740894317626953 -10.647665023803711 0.0980392157 0.0980392157 0.0980392157
v -27.852895736694336 24.207344055175781 -10.801187515258789 0.0980392157 0.0980392157 0.0980392157
v -11.470008850097656 43.632484436035156 -11.975615501403809 0.0980392157 0.0980392157 0.0980392157
v -61.347709655761719 41.487159729003906 -11.770143508911133 0.0980392157 0.0980392157 0.0980392157
v -59.190990447998047 -42.153854370117188 -11.729361534118652 0.0980392157 0.0980392157 0.0980392157
v -10.089968681335449 -43.421730041503906 -12.151646614074707 0.0980392157 0.0980392157 0.0980392157
v 43.659900665283203 -14.990436553955078 -11.416414260864258 0.0980392157 0.0980392157 0.0980392157
v 56.536571502685547 -32.231460571289062 -14.851305961608887 0.0980392157 0.0980392157 0.0980392157
v 33.684558868408203 -39.503025054931641 -14.692948341369629 0.0980392157 0.0980392157 0.0980392157
v 103.30180358886719 10.815609931945801 -12.711704254150391 0.0980392157 0.0980392157 0.0980392157
v 51.344688415527344 22.404367446899414 -12.687471389770508 0.0980392157 0.0980392157 0.0980392157
v 104.65767669677734 -14.7979736328125 -13.251224517822266 0.0980392157 0.0980392157 0.0980392157
v 104.77618408203125 51.608608245849609 -23.755073547363281 0.0980392157 0.0980392157 0.0980392157
v 77.609687805175781 32.421539306640625 -16.254106521606445 0.0980392157 0.0980392157 0.0980392157
v 123.51593017578125 25.638248443603516 -15.981651306152344 0.0980392157 0.0980392157 0.0980392157
v 177.12095642089844 27.716766357421875 -16.267353057861328 0.0980392157 0.0980392157 0.0980392157
v 183.71302795410156 10.788423538208008 -13.119898796081543 0.0980392157 0.0980392157 0.0980392157
v 113.55431365966797 -23.392881393432617 -15.325229644775391 0.0980392157 0.0980392157 0.0980392157
v 177.92095947265625 -25.865701675415039 -15.81358814239502 0.0980392157 0.0980392157 0.0980392157
v 184.17098999023438 -9.1370458602905273 -12.846916198730469 0.0980392157 0.0980392157 0.0980392157
v 152.18792724609375 -45.375011444091797 -22.532211303710938 0.0980392157 0.0980392157 0.0980392157
v 117.89640045166016 -2.9160151481628418 -12.326814651489258 0.0980392157 0.0980392157 0.0980392157
v 69.443565368652344 -52.9259033203125 -22.17827033996582 0.0980392157 0.0980392157 0.0980392157
v 109.90364074707031 -50.794277191162109 -23.629768371582031 0.0980392157 0.0980392157 0.0980392157
v 149.64256286621094 45.893836975097656 -22.661165237426758 0.0980392157 0.0980392157 0.0980392157
v -73.816429138183594 23.442001342773438 -12.388884544372559 0.0980392157 0.0980392157 0.0980392157
v -77.292716979980469 -1.2651528120040894 -12.45089054107666 0.0980392157 0.0980392157 0.0980392157
v -72.843070983886719 -26.669689178466797 -12.357721328735352 0.0980392157 0.0980392157 0.0980392157
v 33.358169555664062 39.299667358398438 -14.63569450378418 0.0980392157 0.0980392157 0.0980392157
v 66.285530090332031 52.246097564697266 -21.548694610595703 0.0980392157 0.0980392157 0.0980392157
v 59.888500213623047 -51.662849426269531 -12.058974266052246 0.0980392157 0.0980392157 0.0980392157
v 39.669780731201172 -41.986656188964844 -14.936123847961426 0.0980392157 0.0980392157 0.0980392157
v 64.49224853515625 -51.238044738769531 -21.554742813110352 0.0980392157 0.0980392157 0.0980392157
v 39.669780731201172 -41.986656188964844 -14.936123847961426 0.0980392157 0.0980392157 0.0980392157
v 59.888500213623047 -51.662849426269531 -12.058974266052246 0.0980392157 0.0980392157 0.0980392157
v 45.436019897460938 -47.569385528564453 -10.078590393066406 0.0980392157 0.0980392157 0.0980392157
v 45.436019897460938 -47.569385528564453 -10.078590393066406 0.0980392157 0.0980392157 0.0980392157
v 35.548095703125 -44.975337982177734 -10.336503982543945 0.0980392157 0.0980392157 0.0980392157
v 39.669780731201172 -41.986656188964844 -14.936123847961426 0.0980392157 0.0980392157 0.0980392157
v 13.372219085693359 -45.923915863037109 -8.4186773300170898 0.0980392157 0.0980392157 0.0980392157
v 27.902873992919922 -40.806087493896484 -13.038496017456055 0.0980392157 0.0980392157 0.0980392157
v 13.372219085693359 -45.923915863037109 -8.4186773300170898 0.0980392157 0.0980392157 0.0980392157
v 6.4995260238647461 -43.076141357421875 -11.875213623046875 0.0980392157 0.0980392157 0.0980392157
v 27.902873992919922 -40.806087493896484 -13.038496017456055 0.0980392157 0.0980392157 0.0980392157
v 157.02127075195312 -40.818435668945312 -21.824655532836914 0.0980392157 0.0980392157 0.0980392157
v 171.10969543457031 -32.691989898681641 -13.771465301513672 0.0980392157 0.0980392157 0.0980392157
v 161.31207275390625 -23.42132568359375 -19.656171798706055 0.0980392157 0.0980392157 0.0980392157
v 178.75454711914062 -22.596696853637695 -9.4611072540283203 0.0980392157 0.0980392157 0.0980392157
v 178.75454711914062 -22.596696853637695 -9.4611072540283203 0.0980392157 0.0980392157 0.0980392157
v 177.10812377929688 -22.999362945556641 -6.412625789642334 0.0980392157 0.0980392157 0.0980392157
v 178.7916259765625 22.892044067382812 -9.4312429428100586 0.0980392157 0.0980392157 0.0980392157
v 171.70326232910156 -31.598548889160156 -11.135588645935059 0.0980392157 0.0980392157 0.0980392157
v 160.34024047851562 -38.980110168457031 -15.544418334960938 0.0980392157 0.0980392157 0.0980392157
v 163.226318359375 -38.711338043212891 -9.823822021484375 0.0980392157 0.0980392157 0.0980392157
v 173.86001586914062 -31.027151107788086 -5.3857970237731934 0.0980392157 0.0980392157 0.0980392157
v 178.75454711914062 -22.596696853637695 -9.4611072540283203 0.0980392157 0.0980392157 0.0980392157
v 171.10969543457031 -32.691989898681641 -13.771465301513672 0.0980392157 0.0980392157 0.0980392157
v 157.02127075195312 -40.818435668945312 -21.824655532836914 0.0980392157 0.0980392157 0.0980392157
v 162.85813903808594 -38.3287353515625 -17.549398422241211 0.0980392157 0.0980392157 0.0980392157
v 161.31207275390625 -23.42132568359375 -19.656171798706055 0.0980392157 0.0980392157 0.0980392157
v 155.69442749023438 -29.576658248901367 -21.971452713012695 0.0980392157 0.0980392157 0.0980392157
v 157.02127075195312 -40.818435668945312 -21.824655532836914 0.0980392157 0.0980392157 0.0980392157
v 155.69442749023438 -29.576658248901367 -21.971452713012695 0.0980392157 0.0980392157 0.0980392157
v 161.31207275390625 -23.42132568359375 -19.656171798706055 0.0980392157 0.0980392157 0.0980392157
v 160.46592712402344 -24.102607727050781 -22.506559371948242 0.0980392157 0.0980392157 0.0980392157
v 173.251708984375 -19.382453918457031 -12.696422576904297 0.0980392157 0.0980392157 0.0980392157
v 161.31207275390625 -23.42132568359375 -19.656171798706055 0.0980392157 0.0980392157 0.0980392157
v 178.75454711914062 -22.596696853637695 -9.4611072540283203 0.0980392157 0.0980392157 0.0980392157
v 166.46464538574219 8.2684202194213867 -16.606380462646484 0.0980392157 0.0980392157 0.0980392157
v 173.22181701660156 -10.694561004638672 -12.688005447387695 0.0980392157 0.0980392157 0.0980392157
v 173.22409057617188 10.696366310119629 -12.703533172607422 0.0980392157 0.0980392157 0.0980392157
v 166.42379760742188 -8.2507381439208984 -16.632684707641602 0.0980392157 0.0980392157 0.0980392157
v 175.12907409667969 -14.87751293182373 -11.591064453125 0.0980392157 0.0980392157 0.0980392157
v 178.7916259765625 22.892044067382812 -9.4312429428100586 0.0980392157 0.0980392157 0.0980392157
v 178.75454711914062 -22.596696853637695 -9.4611072540283203 0.0980392157 0.0980392157 0.0980392157
v 175.12907409667969 14.877505302429199 -11.59125804901123 0.0980392157 0.0980392157 0.0980392157
v 178.7916259765625 22.892044067382812 -9.4312429428100586 0.0980392157 0.0980392157 0.0980392157
v 173.25151062011719 19.382381439208984 -12.686239242553711 0.0980392157 0.0980392157 0.0980392157
v 179.34033203125 -23.111921310424805 -1.6881427764892578 0.0980392157 0.0980392157 0.0980392157
v 173.74360656738281 -22.992715835571289 -5.0571990013122559 0.0980392157 0.0980392157 0.0980392157
v 177.10812377929688 -22.999362945556641 -6.412625789642334 0.0980392157 0.0980392157 0.0980392157
v 178.75454711914062 -22.596696853637695 -9.4611072540283203 0.0980392157 0.0980392157 0.0980392157
v 141.42990112304688 -45.091278076171875 -22.186246871948242 0.0980392157 0.0980392157 0.0980392157
v 130.99650573730469 -50.202011108398438 -14.925387382507324 0.0980392157 0.0980392157 0.0980392157
v 143.17080688476562 -47.385585784912109 -14.276303291320801 0.0980392157 0.0980392157 0.0980392157
v 150.27317810058594 -42.387672424316406 -22.163017272949219 0.0980392157 0.0980392157 0.0980392157
v 154.01060485839844 -43.264934539794922 -13.011100769042969 0.0980392157 0.0980392157 0.0980392157
v 160.34024047851562 -38.980110168457031 -15.544418334960938 0.0980392157 0.0980392157 0.0980392157
v 157.02127075195312 -40.818435668945312 -21.824655532836914 0.0980392157 0.0980392157 0.0980392157
v 150.27317810058594 -42.387672424316406 -22.163017272949219 0.0980392157 0.0980392157 0.0980392157
v 160.34024047851562 -38.980110168457031 -15.544418334960938 0.0980392157 0.0980392157 0.0980392157
v 171.70326232910156 -31.598548889160156 -11.135588645935059 0.0980392157 0.0980392157 0.0980392157
v 171.10969543457031 -32.691989898681641 -13.771465301513672 0.0980392157 0.0980392157 0.0980392157
v 160.34024047851562 -38.980110168457031 -15.544418334960938 0.0980392157 0.0980392157 0.0980392157
v 149.46922302246094 -36.890956878662109 -22.191291809082031 0.0980392157 0.0980392157 0.0980392157
v 85.608421325683594 -37.001186370849609 -22.174196243286133 0.0980392157 0.0980392157 0.0980392157
v 125.07327270507812 -47.312602996826172 -22.187662124633789 0.0980392157 0.0980392157 0.0980392157
v 141.42990112304688 -45.091278076171875 -22.186246871948242 0.0980392157 0.0980392157 0.0980392157
v 150.27317810058594 -42.387672424316406 -22.163017272949219 0.0980392157 0.0980392157 0.0980392157
v 157.02127075195312 -40.818435668945312 -21.824655532836914 0.0980392157 0.0980392157 0.0980392157
v 155.69442749023438 -29.576658248901367 -21.971452713012695 0.0980392157 0.0980392157 0.0980392157
v 155.69442749023438 -29.576658248901367 -21.971452713012695 0.0980392157 0.0980392157 0.0980392157
v 155.43864440917969 -29.907741546630859 -24.523004531860352 0.0980392157 0.0980392157 0.0980392157
v 149.46922302246094 -36.890956878662109 -22.191291809082031 0.0980392157 0.0980392157 0.0980392157
v 154.922607421875 -41.840415954589844 -24.635011672973633 0.0980392157 0.0980392157 0.0980392157
v 155.43864440917969 -29.907741546630859 -24.523004531860352 0.0980392157 0.0980392157 0.0980392157
v 159.92282104492188 -39.457401275634766 -22.959413528442383 0.0980392157 0.0980392157 0.0980392157
v 160.46592712402344 -24.102607727050781 -22.506559371948242 0.0980392157 0.0980392157 0.0980392157
v 172.90589904785156 -19.603546142578125 -15.185419082641602 0.0980392157 0.0980392157 0.0980392157
v 181.39398193359375 -22.059701919555664 -10.284194946289062 0.0980392157 0.0980392157 0.0980392157
v 166.52896118164062 -8.0857295989990234 -18.866024017333984 0.0980392157 0.0980392157 0.0980392157
v 166.43197631835938 8.0167551040649414 -18.922422409057617 0.0980392157 0.0980392157 0.0980392157
v 172.80857849121094 -10.431376457214355 -15.235403060913086 0.0980392157 0.0980392157 0.0980392157
v 175.2926025390625 -14.895961761474609 -13.804160118103027 0.0980392157 0.0980392157 0.0980392157
v 172.80731201171875 10.430506706237793 -15.243012428283691 0.0980392157 0.0980392157 0.0980392157
v 172.90592956542969 19.603479385375977 -15.185121536254883 0.0980392157 0.0980392157 0.0980392157
v 160.94859313964844 23.871982574462891 -22.275428771972656 0.0980392157 0.0980392157 0.0980392157
v 179.42271423339844 25.867233276367188 -11.418547630310059 0.0980392157 0.0980392157 0.0980392157
v 175.2926025390625 14.89594841003418 -13.804427146911621 0.0980392157 0.0980392157 0.0980392157
v 184.91958618164062 -11.122345924377441 -8.2477636337280273 0.0980392157 0.0980392157 0.0980392157
v 184.07594299316406 14.864051818847656 -8.7346830368041992 0.0980392157 0.0980392157 0.0980392157
v 185.4974365234375 3.5380105972290039 -7.9123616218566895 0.0980392157 0.0980392157 0.0980392157
v 172.06309509277344 -32.927474975585938 -15.586856842041016 0.0980392157 0.0980392157 0.0980392157
v 159.92282104492188 -39.457401275634766 -22.959413528442383 0.0980392157 0.0980392157 0.0980392157
v 160.46592712402344 -24.102607727050781 -22.506559371948242 0.0980392157 0.0980392157 0.0980392157
v 181.39398193359375 -22.059701919555664 -10.284194946289062 0.0980392157 0.0980392157 0.0980392157
v 176.87641906738281 -28.491952896118164 -12.878107070922852 0.0980392157 0.0980392157 0.0980392157
v 166.42379760742188 -8.2507381439208984 -16.632684707641602 0.0980392157 0.0980392157 0.0980392157
v 166.46464538574219 8.2684202194213867 -16.606380462646484 0.0980392157 0.0980392157 0.0980392157
v 166.43197631835938 8.0167551040649414 -18.922422409057617 0.0980392157 0.0980392157 0.0980392157
v 172.90589904785156 -19.603546142578125 -15.185419082641602 0.0980392157 0.0980392157 0.0980392157
v 160.46592712402344 -24.102607727050781 -22.506559371948242 0.0980392157 0.0980392157 0.0980392157
v 161.31207275390625 -23.42132568359375 -19.656171798706055 0.0980392157 0.0980392157 0.0980392157
v 173.251708984375 -19.382453918457031 -12.696422576904297 0.0980392157 0.0980392157 0.0980392157
v 175.2926025390625 -14.895961761474609 -13.804160118103027 0.0980392157 0.0980392157 0.0980392157
v 175.12907409667969 -14.87751293182373 -11.591064453125 0.0980392157 0.0980392157 0.0980392157
v 173.22181701660156 -10.694561004638672 -12.688005447387695 0.0980392157 0.0980392157 0.0980392157
v 166.42379760742188 -8.2507381439208984 -16.632684707641602 0.0980392157 0.0980392157 0.0980392157
v 166.52896118164062 -8.0857295989990234 -18.866024017333984 0.0980392157 0.0980392157 0.0980392157
v 172.80857849121094 -10.431376457214355 -15.235403060913086 0.0980392157 0.0980392157 0.0980392157
v 177.10812377929688 -22.999362945556641 -6.412625789642334 0.0980392157 0.0980392157 0.0980392157
v 173.74360656738281 -22.992715835571289 -5.0571990013122559 0.0980392157 0.0980392157 0.0980392157
v 173.46817016601562 22.978300094604492 -5.1126537322998047 0.0980392157 0.0980392157 0.0980392157
v 179.34033203125 -23.111921310424805 -1.6881427764892578 0.0980392157 0.0980392157 0.0980392157
v 173.46817016601562 22.978300094604492 -5.1126537322998047 0.0980392157 0.0980392157 0.0980392157
v 173.74360656738281 -22.992715835571289 -5.0571990013122559 0.0980392157 0.0980392157 0.0980392157
v 181.61358642578125 -17.668874740600586 -0.34130266308784485 0.0980392157 0.0980392157 0.0980392157
v 183.41201782226562 11.764988899230957 0.75016087293624878 0.0980392157 0.0980392157 0.0980392157
v 183.82003784179688 -6.0576796531677246 0.91523909568786621 0.0980392157 0.0980392157 0.0980392157
v 179.39486694335938 23.02827262878418 -1.8259552717208862 0.0980392157 0.0980392157 0.0980392157
v 154.46894836425781 -40.661777496337891 -5.1741957664489746 0.0980392157 0.0980392157 0.0980392157
v 141.95846557617188 -42.536151885986328 -0.78970259428024292 0.0980392157 0.0980392157 0.0980392157
v 154.91549682617188 -34.968860626220703 4.7385292053222656 0.0980392157 0.0980392157 0.0980392157
v 164.30335998535156 -29.330455780029297 5.462613582611084 0.0980392157 0.0980392157 0.0980392157
v 171.28248596191406 -29.536848068237305 0.19615945219993591 0.0980392157 0.0980392157 0.0980392157
v 162.46788024902344 -36.563457489013672 -3.0337331295013428 0.0980392157 0.0980392157 0.0980392157
v 175.8450927734375 -21.816564559936523 2.731050968170166 0.0980392157 0.0980392157 0.0980392157
v 180.40794372558594 -12.48169994354248 2.967893123626709 0.0980392157 0.0980392157 0.0980392157
v 172.0318603515625 -19.50030517578125 6.2088637351989746 0.0980392157 0.0980392157 0.0980392157
v 174.34654235839844 -7.848853588104248 7.2111654281616211 0.0980392157 0.0980392157 0.0980392157
v 154.01060485839844 -43.264934539794922 -13.011100769042969 0.0980392157 0.0980392157 0.0980392157
v 143.17080688476562 -47.385585784912109 -14.276303291320801 0.0980392157 0.0980392157 0.0980392157
v 163.226318359375 -38.711338043212891 -9.823822021484375 0.0980392157 0.0980392157 0.0980392157
v 173.86001586914062 -31.027151107788086 -5.3857970237731934 0.0980392157 0.0980392157 0.0980392157
v 179.34033203125 -23.111921310424805 -1.6881427764892578 0.0980392157 0.0980392157 0.0980392157
v 181.1597900390625 -0.99189907312393188 3.8050336837768555 0.0980392157 0.0980392157 0.0980392157
v 183.82003784179688 -6.0576796531677246 0.91523909568786621 0.0980392157 0.0980392157 0.0980392157
v 181.61358642578125 -17.668874740600586 -0.34130266308784485 0.0980392157 0.0980392157 0.0980392157
v 154.74307250976562 -8.7715740203857422 11.72088623046875 0.0980392157 0.0980392157 0.0980392157
v 174.34654235839844 -7.848853588104248 7.2111654281616211 0.0980392157 0.0980392157 0.0980392157
v 172.0318603515625 -19.50030517578125 6.2088637351989746 0.0980392157 0.0980392157 0.0980392157
v 145.79512023925781 -22.649824142456055 11.845691680908203 0.0980392157 0.0980392157 0.0980392157
v 151.42837524414062 -18.143514633178711 11.243142127990723 0.0980392157 0.0980392157 0.0980392157
v 155.76885986328125 -26.528070449829102 8.0544767379760742 0.0980392157 0.0980392157 0.0980392157
v 144.80960083007812 -29.426240921020508 9.6330223083496094 0.0980392157 0.0980392157 0.0980392157
v 164.30335998535156 -29.330455780029297 5.462613582611084 0.0980392157 0.0980392157 0.0980392157
v 146.15272521972656 -14.193204879760742 13.554248809814453 0.0980392157 0.0980392157 0.0980392157
v 147.67268371582031 -4.7718386650085449 13.84786319732666 0.0980392157 0.0980392157 0.0980392157
v 148.0357666015625 -15.310699462890625 10.228790283203125 0.0980392157 0.0980392157 0.0980392157
v 152.3931884765625 -14.759749412536621 10.299169540405273 0.0980392157 0.0980392157 0.0980392157
v 150.0478515625 -0.44248372316360474 10.592844009399414 0.0980392157 0.0980392157 0.0980392157
v 154.57768249511719 9.4617824554443359 11.723372459411621 0.0980392157 0.0980392157 0.0980392157
v 154.74307250976562 -8.7715740203857422 11.72088623046875 0.0980392157 0.0980392157 0.0980392157
v 152.21290588378906 14.027420043945312 10.168252944946289 0.0980392157 0.0980392157 0.0980392157
v 112.97344207763672 -21.42218017578125 22.918918609619141 0.0980392157 0.0980392157 0.0980392157
v 91.420486450195312 -15.109898567199707 32.149082183837891 0.0980392157 0.0980392157 0.0980392157
v 128.29444885253906 -11.400242805480957 19.542013168334961 0.0980392157 0.0980392157 0.0980392157
v 124.04103088378906 -2.4907035827636719 21.516595840454102 0.0980392157 0.0980392157 0.0980392157
v 91.996940612792969 0.11709081381559372 32.786697387695312 0.0980392157 0.0980392157 0.0980392157
v 147.67268371582031 -4.7718386650085449 13.84786319732666 0.0980392157 0.0980392157 0.0980392157
v 146.15272521972656 -14.193204879760742 13.554248809814453 0.0980392157 0.0980392157 0.0980392157
v 132.15528869628906 -20.565647125244141 16.567771911621094 0.0980392157 0.0980392157 0.0980392157
v 55.5169677734375 -49.881092071533203 -5.6691880226135254 0.0980392157 0.0980392157 0.0980392157
v 55.453907012939453 -43.914211273193359 -5.7305078506469727 0.0980392157 0.0980392157 0.0980392157
v 59.754344940185547 -43.914211273193359 -1.1977531909942627 0.0980392157 0.0980392157 0.0980392157
v 69.863899230957031 -46.445556640625 9.457301139831543 0.0980392157 0.0980392157 0.0980392157
v 58.255329132080078 -51.823947906494141 -2.7841296195983887 0.0980392157 0.0980392157 0.0980392157
v 61.961112976074219 -40.828105926513672 1.1281392574310303 0.0980392157 0.0980392157 0.0980392157
v 61.961116790771484 40.828105926513672 1.1281392574310303 0.0980392157 0.0980392157 0.0980392157
v 79.811790466308594 -39.923923492431641 19.945699691772461 0.0980392157 0.0980392157 0.0980392157
v 79.248466491699219 40.412117004394531 19.352605819702148 0.0980392157 0.0980392157 0.0980392157
v 55.516944885253906 49.884296417236328 -5.6692414283752441 0.0980392157 0.0980392157 0.0980392157
v 58.133319854736328 51.872684478759766 -2.9066159725189209 0.0980392157 0.0980392157 0.0980392157
v 59.754470825195312 43.914211273193359 -1.1976339817047119 0.0980392157 0.0980392157 0.0980392157
v 67.322105407714844 47.738033294677734 6.7787342071533203 0.0980392157 0.0980392157 0.0980392157
v 80.566184997558594 -36.65673828125 20.737640380859375 0.0980392157 0.0980392157 0.0980392157
v 80.571060180664062 36.641681671142578 20.742588043212891 0.0980392157 0.0980392157 0.0980392157
v 83.192253112792969 -33.729450225830078 23.505964279174805 0.0980392157 0.0980392157 0.0980392157
v 83.075836181640625 33.723834991455078 23.381214141845703 0.0980392157 0.0980392157 0.0980392157
v 86.349830627441406 -32.980068206787109 26.832307815551758 0.0980392157 0.0980392157 0.0980392157
v 89.709693908691406 -24.761764526367188 30.375734329223633 0.0980392157 0.0980392157 0.0980392157
v 88.58148193359375 28.217563629150391 29.185564041137695 0.0980392157 0.0980392157 0.0980392157
v 91.996940612792969 0.11709081381559372 32.786697387695312 0.0980392157 0.0980392157 0.0980392157
v 91.420486450195312 -15.109898567199707 32.149082183837891 0.0980392157 0.0980392157 0.0980392157
v 90.785369873046875 19.564567565917969 31.49665641784668 0.0980392157 0.0980392157 0.0980392157
v 91.647750854492188 10.890704154968262 32.418315887451172 0.0980392157 0.0980392157 0.0980392157
v 85.994499206542969 33.147411346435547 26.459373474121094 0.0980392157 0.0980392157 0.0980392157
v 61.961116790771484 40.828105926513672 1.1281392574310303 0.0980392157 0.0980392157 0.0980392157
v 61.961112976074219 -40.828105926513672 1.1281392574310303 0.0980392157 0.0980392157 0.0980392157
v 60.147487640380859 -40.827865600585938 2.8488657474517822 0.0980392157 0.0980392157 0.0980392157
v 55.7890625 -51.514072418212891 -1.7278214693069458 0.0980392157 0.0980392157 0.0980392157
v 57.940750122070312 -43.914211273193359 0.52291357517242432 0.0980392157 0.0980392157 0.0980392157
v 52.943103790283203 -43.914211273193359 -4.7448782920837402 0.0980392157 0.0980392157 0.0980392157
v 65.423675537109375 -47.143402099609375 8.4097042083740234 0.0980392157 0.0980392157 0.0980392157
v 60.147487640380859 -40.827865600585938 2.8488657474517822 0.0980392157 0.0980392157 0.0980392157
v 60.147487640380859 40.828426361083984 2.8488657474517822 0.0980392157 0.0980392157 0.0980392157
v 75.83709716796875 -38.802581787109375 19.386028289794922 0.0980392157 0.0980392157 0.0980392157
v 73.957382202148438 -42.252906799316406 17.854143142700195 0.0980392157 0.0980392157 0.0980392157
v 65.69195556640625 46.9869384765625 8.6924362182617188 0.0980392157 0.0980392157 0.0980392157
v 57.940521240234375 43.914211273193359 0.52267515659332275 0.0980392157 0.0980392157 0.0980392157
v 52.943103790283203 43.914211273193359 -4.7448782920837402 0.0980392157 0.0980392157 0.0980392157
v 55.559741973876953 51.604618072509766 -1.9851946830749512 0.0980392157 0.0980392157 0.0980392157
v 78.036041259765625 35.832130432128906 21.703807830810547 0.0980392157 0.0980392157 0.0980392157
v 74.628463745117188 41.836135864257812 18.231679916381836 0.0980392157 0.0980392157 0.0980392157
v 79.993568420410156 -34.667430877685547 23.766567230224609 0.0980392157 0.0980392157 0.0980392157
v 86.934852600097656 -25.931842803955078 31.096942901611328 0.0980392157 0.0980392157 0.0980392157
v 88.702262878417969 -15.967408180236816 32.945510864257812 0.0980392157 0.0980392157 0.0980392157
v 89.44390869140625 1.3363698720932007 33.727092742919922 0.0980392157 0.0980392157 0.0980392157
v 82.975303649902344 -34.055332183837891 26.797863006591797 0.0980392157 0.0980392157 0.0980392157
v 88.573081970214844 17.058794021606445 32.810329437255859 0.0980392157 0.0980392157 0.0980392157
v 86.917289733886719 25.984415054321289 31.069902420043945 0.0980392157 0.0980392157 0.0980392157
v 82.994361877441406 33.892860412597656 26.922111511230469 0.0980392157 0.0980392157 0.0980392157
v 88.702262878417969 -15.967408180236816 32.945510864257812 0.0980392157 0.0980392157 0.0980392157
v 84.453292846679688 -10.133121490478516 35.2010498046875 0.0980392157 0.0980392157 0.0980392157
v 89.44390869140625 1.3363698720932007 33.727092742919922 0.0980392157 0.0980392157 0.0980392157
v 81.841972351074219 -18.784072875976562 35.39453125 0.0980392157 0.0980392157 0.0980392157
v 74.394638061523438 -10.371578216552734 44.645099639892578 0.0980392157 0.0980392157 0.0980392157
v 74.415565490722656 8.6597166061401367 44.854427337646484 0.0980392157 0.0980392157 0.0980392157
v 80.803665161132812 -8.0092849731445312 38.168346405029297 0.0980392157 0.0980392157 0.0980392157
v 73.013938903808594 -22.88963508605957 43.362926483154297 0.0980392157 0.0980392157 0.0980392157
v 74.415565490722656 8.6597166061401367 44.854427337646484 0.0980392157 0.0980392157 0.0980392157
v 71.727561950683594 -6.848785400390625 45.162189483642578 0.0980392157 0.0980392157 0.0980392157
v 71.759452819824219 7.8666090965270996 45.151496887207031 0.0980392157 0.0980392157 0.0980392157
v 70.519912719726562 -21.985488891601562 43.909908294677734 0.0980392157 0.0980392157 0.0980392157
v 74.394638061523438 -10.371578216552734 44.645099639892578 0.0980392157 0.0980392157 0.0980392157
v 73.013938903808594 -22.88963508605957 43.362926483154297 0.0980392157 0.0980392157 0.0980392157
v 70.519912719726562 -21.985488891601562 43.909908294677734 0.0980392157 0.0980392157 0.0980392157
v 67.781944274902344 -25.724636077880859 45.024318695068359 0.0980392157 0.0980392157 0.0980392157
v 70.069671630859375 -9.4254598617553711 46.891128540039062 0.0980392157 0.0980392157 0.0980392157
v 71.727561950683594 -6.848785400390625 45.162189483642578 0.0980392157 0.0980392157 0.0980392157
v 67.781944274902344 -25.724636077880859 45.024318695068359 0.0980392157 0.0980392157 0.0980392157
v 70.2042236328125 -20.144832611083984 46.720451354980469 0.0980392157 0.0980392157 0.0980392157
v 70.069671630859375 -9.4254598617553711 46.891128540039062 0.0980392157 0.0980392157 0.0980392157
v 71.808509826660156 -1.7471908330917358 47.891410827636719 0.0980392157 0.0980392157 0.0980392157
v 70.26605224609375 5.8797998428344727 47.077327728271484 0.0980392157 0.0980392157 0.0980392157
v 75.666389465332031 -13.35090446472168 46.668804168701172 0.0980392157 0.0980392157 0.0980392157
v 75.758201599121094 1.9498769044876099 47.179920196533203 0.0980392157 0.0980392157 0.0980392157
v 71.808509826660156 -1.7471908330917358 47.891410827636719 0.0980392157 0.0980392157 0.0980392157
v 70.2042236328125 -20.144832611083984 46.720451354980469 0.0980392157 0.0980392157 0.0980392157
v 75.666389465332031 -13.35090446472168 46.668804168701172 0.0980392157 0.0980392157 0.0980392157
v 83.094512939453125 -13.536495208740234 38.740840911865234 0.0980392157 0.0980392157 0.0980392157
v 83.424217224121094 4.875798225402832 39.263374328613281 0.0980392157 0.0980392157 0.0980392157
v 87.042098999023438 -11.086949348449707 36.73272705078125 0.0980392157 0.0980392157 0.0980392157
v 83.094512939453125 -13.536495208740234 38.740840911865234 0.0980392157 0.0980392157 0.0980392157
v 83.051597595214844 -22.505193710327148 36.536346435546875 0.0980392157 0.0980392157 0.0980392157
v 83.424217224121094 4.875798225402832 39.263374328613281 0.0980392157 0.0980392157 0.0980392157
v 134.1080322265625 -23.214733123779297 17.918081283569336 0.0980392157 0.0980392157 0.0980392157
v 130.22731018066406 -13.575799942016602 21.17877197265625 0.0980392157 0.0980392157 0.0980392157
v 112.94315338134766 -22.287626266479492 25.405134201049805 0.0980392157 0.0980392157 0.0980392157
v 129.762939453125 -4.4428863525390625 22.152725219726562 0.0980392157 0.0980392157 0.0980392157
v 87.042098999023438 -11.086949348449707 36.73272705078125 0.0980392157 0.0980392157 0.0980392157
v 83.051597595214844 -22.505193710327148 36.536346435546875 0.0980392157 0.0980392157 0.0980392157
v 147.72909545898438 -17.451698303222656 15.11721134185791 0.0980392157 0.0980392157 0.0980392157
v 150.42738342285156 -10.766022682189941 15.267566680908203 0.0980392157 0.0980392157 0.0980392157
v 151.01261901855469 0.043567303568124771 15.618639945983887 0.0980392157 0.0980392157 0.0980392157
v 150.42738342285156 -10.766022682189941 15.267566680908203 0.0980392157 0.0980392157 0.0980392157
v 150.63893127441406 -1.095597505569458 13.308059692382812 0.0980392157 0.0980392157 0.0980392157
v 152.27772521972656 -3.0985808372497559 12.914458274841309 0.0980392157 0.0980392157 0.0980392157
v 150.63893127441406 -1.095597505569458 13.308059692382812 0.0980392157 0.0980392157 0.0980392157
v 149.91534423828125 -11.620675086975098 12.832596778869629 0.0980392157 0.0980392157 0.0980392157
v 151.27264404296875 13.94455623626709 12.440807342529297 0.0980392157 0.0980392157 0.0980392157
v 151.06442260742188 -14.184084892272949 12.404271125793457 0.0980392157 0.0980392157 0.0980392157
v 152.27772521972656 -3.0985808372497559 12.914458274841309 0.0980392157 0.0980392157 0.0980392157
v 151.06442260742188 -14.184084892272949 12.404271125793457 0.0980392157 0.0980392157 0.0980392157
v 152.36164855957031 -12.29608154296875 14.614970207214355 0.0980392157 0.0980392157 0.0980392157
v 162.49012756347656 -20.3184814453125 10.762656211853027 0.0980392157 0.0980392157 0.0980392157
v 165.59504699707031 -10.307188034057617 11.449800491333008 0.0980392157 0.0980392157 0.0980392157
v 152.36164855957031 -12.29608154296875 14.614970207214355 0.0980392157 0.0980392157 0.0980392157
v 147.73681640625 -19.935817718505859 14.646380424499512 0.0980392157 0.0980392157 0.0980392157
v 164.91841125488281 2.9245977401733398 11.905581474304199 0.0980392157 0.0980392157 0.0980392157
v 153.07818603515625 0.082229971885681152 14.98869800567627 0.0980392157 0.0980392157 0.0980392157
v 174.48483276367188 -9.6520156860351562 9.6839380264282227 0.0980392157 0.0980392157 0.0980392157
v 171.01492309570312 -22.281103134155273 8.7170639038085938 0.0980392157 0.0980392157 0.0980392157
v 123.83511352539062 -28.725690841674805 19.130050659179688 0.0980392157 0.0980392157 0.0980392157
v 149.0614013671875 -28.597681045532227 11.571863174438477 0.0980392157 0.0980392157 0.0980392157
v 164.57424926757812 -30.99229621887207 7.3598818778991699 0.0980392157 0.0980392157 0.0980392157
v 171.94252014160156 -32.342826843261719 0.62118637561798096 0.0980392157 0.0980392157 0.0980392157
v 180.92079162597656 -23.392803192138672 0.96525412797927856 0.0980392157 0.0980392157 0.0980392157
v 175.32333374023438 -23.76222038269043 5.4832477569580078 0.0980392157 0.0980392157 0.0980392157
v 176.00123596191406 1.0652703046798706 9.6408071517944336 0.0980392157 0.0980392157 0.0980392157
v 174.48483276367188 -9.6520156860351562 9.6839380264282227 0.0980392157 0.0980392157 0.0980392157
v 179.67193603515625 -13.585784912109375 6.4951381683349609 0.0980392157 0.0980392157 0.0980392157
v 184.52076721191406 -12.822425842285156 2.5663542747497559 0.0980392157 0.0980392157 0.0980392157
v 182.744873046875 2.0947656631469727 5.7978320121765137 0.0980392157 0.0980392157 0.0980392157
v 137.71342468261719 -42.139656066894531 6.656153678894043 0.0980392157 0.0980392157 0.0980392157
v 139.97024536132812 -46.021728515625 -1.1435326337814331 0.0980392157 0.0980392157 0.0980392157
v 159.18511962890625 -40.183315277099609 -0.8497844934463501 0.0980392157 0.0980392157 0.0980392157
v 146.9151611328125 -48.841464996337891 -13.675178527832031 0.0980392157 0.0980392157 0.0980392157
v 171.64334106445312 -36.163066864013672 -6.8100986480712891 0.0980392157 0.0980392157 0.0980392157
v 176.77549743652344 -31.486309051513672 -4.6846857070922852 0.0980392157 0.0980392157 0.0980392157
v 181.09707641601562 -25.923229217529297 -2.4214417934417725 0.0980392157 0.0980392157 0.0980392157
v 171.01492309570312 -22.281103134155273 8.7170639038085938 0.0980392157 0.0980392157 0.0980392157
v 186.60902404785156 -3.9045987129211426 1.4400852918624878 0.0980392157 0.0980392157 0.0980392157
v 186.51075744628906 7.0502042770385742 1.2682292461395264 0.0980392157 0.0980392157 0.0980392157
v 162.58720397949219 -42.125419616699219 -11.19797420501709 0.0980392157 0.0980392157 0.0980392157
v 184.52076721191406 -12.822425842285156 2.5663542747497559 0.0980392157 0.0980392157 0.0980392157
v 185.17118835449219 -16.128374099731445 -0.72666412591934204 0.0980392157 0.0980392157 0.0980392157
v 186.60902404785156 -3.9045987129211426 1.4400852918624878 0.0980392157 0.0980392157 0.0980392157
v 180.92079162597656 -23.392803192138672 0.96525412797927856 0.0980392157 0.0980392157 0.0980392157
v 181.09707641601562 -25.923229217529297 -2.4214417934417725 0.0980392157 0.0980392157 0.0980392157
v 172.06309509277344 -32.927474975585938 -15.586856842041016 0.0980392157 0.0980392157 0.0980392157
v 176.87641906738281 -28.491952896118164 -12.878107070922852 0.0980392157 0.0980392157 0.0980392157
v 171.64334106445312 -36.163066864013672 -6.8100986480712891 0.0980392157 0.0980392157 0.0980392157
v 181.09707641601562 -25.923229217529297 -2.4214417934417725 0.0980392157 0.0980392157 0.0980392157
v 176.77549743652344 -31.486309051513672 -4.6846857070922852 0.0980392157 0.0980392157 0.0980392157
v 186.60902404785156 -3.9045987129211426 1.4400852918624878 0.0980392157 0.0980392157 0.0980392157
v 184.91958618164062 -11.122345924377441 -8.2477636337280273 0.0980392157 0.0980392157 0.0980392157
v 185.4974365234375 3.5380105972290039 -7.9123616218566895 0.0980392157 0.0980392157 0.0980392157
v 185.17118835449219 -16.128374099731445 -0.72666412591934204 0.0980392157 0.0980392157 0.0980392157
v 181.39398193359375 -22.059701919555664 -10.284194946289062 0.0980392157 0.0980392157 0.0980392157
v 101.61671447753906 -51.828994750976562 -18.373741149902344 0.0980392157 0.0980392157 0.0980392157
v 86.881439208984375 -55.095287322998047 -13.42262077331543 0.0980392157 0.0980392157 0.0980392157
v 113.95597839355469 -52.868995666503906 -14.758210182189941 0.0980392157 0.0980392157 0.0980392157
v 130.99650573730469 -50.202011108398438 -14.925387382507324 0.0980392157 0.0980392157 0.0980392157
v 141.42990112304688 -45.091278076171875 -22.186246871948242 0.0980392157 0.0980392157 0.0980392157
v 125.07327270507812 -47.312602996826172 -22.187662124633789 0.0980392157 0.0980392157 0.0980392157
v 78.740188598632812 -51.147113800048828 -20.774990081787109 0.0980392157 0.0980392157 0.0980392157
v 86.348030090332031 -50.115680694580078 -22.17750358581543 0.0980392157 0.0980392157 0.0980392157
v 85.608421325683594 -37.001186370849609 -22.174196243286133 0.0980392157 0.0980392157 0.0980392157
v 77.219398498535156 -36.996189117431641 -20.238323211669922 0.0980392157 0.0980392157 0.0980392157
v 69.922149658203125 -36.998123168945312 -16.051200866699219 0.0980392157 0.0980392157 0.0980392157
v 71.130996704101562 -51.397487640380859 -17.058870315551758 0.0980392157 0.0980392157 0.0980392157
v 149.46922302246094 -36.890956878662109 -22.191291809082031 0.0980392157 0.0980392157 0.0980392157
v 149.52584838867188 -36.831150054931641 -24.68426513671875 0.0980392157 0.0980392157 0.0980392157
v 88.1923828125 -37.000011444091797 -24.688241958618164 0.0980392157 0.0980392157 0.0980392157
v 144.88427734375 -45.886474609375 -24.696287155151367 0.0980392157 0.0980392157 0.0980392157
v 132.33592224121094 -47.935520172119141 -24.68708610534668 0.0980392157 0.0980392157 0.0980392157
v 149.52584838867188 -36.831150054931641 -24.68426513671875 0.0980392157 0.0980392157 0.0980392157
v 88.1923828125 -37.000011444091797 -24.688241958618164 0.0980392157 0.0980392157 0.0980392157
v 87.184249877929688 -51.39483642578125 -24.662961959838867 0.0980392157 0.0980392157 0.0980392157
v 154.922607421875 -41.840415954589844 -24.635011672973633 0.0980392157 0.0980392157 0.0980392157
v 155.43864440917969 -29.907741546630859 -24.523004531860352 0.0980392157 0.0980392157 0.0980392157
v 144.88427734375 -45.886474609375 -24.696287155151367 0.0980392157 0.0980392157 0.0980392157
v 132.42791748046875 -50.227352142333984 -20.494327545166016 0.0980392157 0.0980392157 0.0980392157
v 132.33592224121094 -47.935520172119141 -24.68708610534668 0.0980392157 0.0980392157 0.0980392157
v 151.75314331054688 -45.239044189453125 -19.920818328857422 0.0980392157 0.0980392157 0.0980392157
v 142.48439025878906 -49.6715087890625 -16.61060905456543 0.0980392157 0.0980392157 0.0980392157
v 154.922607421875 -41.840415954589844 -24.635011672973633 0.0980392157 0.0980392157 0.0980392157
v 159.92282104492188 -39.457401275634766 -22.959413528442383 0.0980392157 0.0980392157 0.0980392157
v 159.92282104492188 -39.457401275634766 -22.959413528442383 0.0980392157 0.0980392157 0.0980392157
v 172.06309509277344 -32.927474975585938 -15.586856842041016 0.0980392157 0.0980392157 0.0980392157
v 162.58720397949219 -42.125419616699219 -11.19797420501709 0.0980392157 0.0980392157 0.0980392157
v 113.95597839355469 -52.868995666503906 -14.758210182189941 0.0980392157 0.0980392157 0.0980392157
v 105.94728088378906 -49.378612518310547 -3.0964293479919434 0.0980392157 0.0980392157 0.0980392157
v 120.34149169921875 -46.114894866943359 0.14534834027290344 0.0980392157 0.0980392157 0.0980392157
v 141.95846557617188 -42.536151885986328 -0.78970259428024292 0.0980392157 0.0980392157 0.0980392157
v 128.12901306152344 -48.524063110351562 -8.0467214584350586 0.0980392157 0.0980392157 0.0980392157
v 123.38158416748047 -42.886425018310547 5.3338823318481445 0.0980392157 0.0980392157 0.0980392157
v 130.99650573730469 -50.202011108398438 -14.925387382507324 0.0980392157 0.0980392157 0.0980392157
v 99.506690979003906 -45.829231262207031 5.8312911987304688 0.0980392157 0.0980392157 0.0980392157
v 143.17080688476562 -47.385585784912109 -14.276303291320801 0.0980392157 0.0980392157 0.0980392157
v 143.32479858398438 -38.471633911132812 5.1163234710693359 0.0980392157 0.0980392157 0.0980392157
v 151.42837524414062 -18.143514633178711 11.243142127990723 0.0980392157 0.0980392157 0.0980392157
v 152.3931884765625 -14.759749412536621 10.299169540405273 0.0980392157 0.0980392157 0.0980392157
v 154.74307250976562 -8.7715740203857422 11.72088623046875 0.0980392157 0.0980392157 0.0980392157
v 125.58653259277344 -29.365779876708984 15.279294967651367 0.0980392157 0.0980392157 0.0980392157
v 144.80960083007812 -29.426240921020508 9.6330223083496094 0.0980392157 0.0980392157 0.0980392157
v 131.55455017089844 -35.644382476806641 9.4807348251342773 0.0980392157 0.0980392157 0.0980392157
v 110.00457763671875 -32.994228363037109 17.952627182006836 0.0980392157 0.0980392157 0.0980392157
v 113.67402648925781 -39.550579071044922 10.735624313354492 0.0980392157 0.0980392157 0.0980392157
v 143.32479858398438 -38.471633911132812 5.1163234710693359 0.0980392157 0.0980392157 0.0980392157
v 99.506690979003906 -45.829231262207031 5.8312911987304688 0.0980392157 0.0980392157 0.0980392157
v 123.38158416748047 -42.886425018310547 5.3338823318481445 0.0980392157 0.0980392157 0.0980392157
v 86.180755615234375 -37.835636138916016 20.918548583984375 0.0980392157 0.0980392157 0.0980392157
v 94.49200439453125 -41.593097686767578 12.909093856811523 0.0980392157 0.0980392157 0.0980392157
v 79.811790466308594 -39.923923492431641 19.945699691772461 0.0980392157 0.0980392157 0.0980392157
v 95.966781616210938 -35.865734100341797 20.056587219238281 0.0980392157 0.0980392157 0.0980392157
v 154.91549682617188 -34.968860626220703 4.7385292053222656 0.0980392157 0.0980392157 0.0980392157
v 155.76885986328125 -26.528070449829102 8.0544767379760742 0.0980392157 0.0980392157 0.0980392157
v 164.30335998535156 -29.330455780029297 5.462613582611084 0.0980392157 0.0980392157 0.0980392157
v 145.79512023925781 -22.649824142456055 11.845691680908203 0.0980392157 0.0980392157 0.0980392157
v 132.15528869628906 -20.565647125244141 16.567771911621094 0.0980392157 0.0980392157 0.0980392157
v 106.71753692626953 -27.800815582275391 22.629976272583008 0.0980392157 0.0980392157 0.0980392157
v 112.97344207763672 -21.42218017578125 22.918918609619141 0.0980392157 0.0980392157 0.0980392157
v 89.709693908691406 -24.761764526367188 30.375734329223633 0.0980392157 0.0980392157 0.0980392157
v 86.349830627441406 -32.980068206787109 26.832307815551758 0.0980392157 0.0980392157 0.0980392157
v 91.420486450195312 -15.109898567199707 32.149082183837891 0.0980392157 0.0980392157 0.0980392157
v 57.940750122070312 -43.914211273193359 0.52291357517242432 0.0980392157 0.0980392157 0.0980392157
v 60.147487640380859 -40.827865600585938 2.8488657474517822 0.0980392157 0.0980392157 0.0980392157
v 61.961112976074219 -40.828105926513672 1.1281392574310303 0.0980392157 0.0980392157 0.0980392157
v 57.940750122070312 -43.914211273193359 0.52291357517242432 0.0980392157 0.0980392157 0.0980392157
v 55.453907012939453 -43.914211273193359 -5.7305078506469727 0.0980392157 0.0980392157 0.0980392157
v 52.943103790283203 -43.914211273193359 -4.7448782920837402 0.0980392157 0.0980392157 0.0980392157
v 59.754344940185547 -43.914211273193359 -1.1977531909942627 0.0980392157 0.0980392157 0.0980392157
v 55.453907012939453 -43.914211273193359 -5.7305078506469727 0.0980392157 0.0980392157 0.0980392157
v 60.775241851806641 -37.004543304443359 -8.0825824737548828 0.0980392157 0.0980392157 0.0980392157
v 52.943103790283203 -43.914211273193359 -4.7448782920837402 0.0980392157 0.0980392157 0.0980392157
v 55.5169677734375 -49.881092071533203 -5.6691880226135254 0.0980392157 0.0980392157 0.0980392157
v 62.0823974609375 -50.727622985839844 -9.0262918472290039 0.0980392157 0.0980392157 0.0980392157
v 55.5169677734375 -49.881092071533203 -5.6691880226135254 0.0980392157 0.0980392157 0.0980392157
v 58.255329132080078 -51.823947906494141 -2.7841296195983887 0.0980392157 0.0980392157 0.0980392157
v 99.506690979003906 -45.829231262207031 5.8312911987304688 0.0980392157 0.0980392157 0.0980392157
v 105.94728088378906 -49.378612518310547 -3.0964293479919434 0.0980392157 0.0980392157 0.0980392157
v 80.956703186035156 -46.772659301757812 7.0481324195861816 0.0980392157 0.0980392157 0.0980392157
v 69.863899230957031 -46.445556640625 9.457301139831543 0.0980392157 0.0980392157 0.0980392157
v 75.135871887207031 -54.254505157470703 -10.211188316345215 0.0980392157 0.0980392157 0.0980392157
v 79.811790466308594 -39.923923492431641 19.945699691772461 0.0980392157 0.0980392157 0.0980392157
v 94.49200439453125 -41.593097686767578 12.909093856811523 0.0980392157 0.0980392157 0.0980392157
v 80.956703186035156 -46.772659301757812 7.0481324195861816 0.0980392157 0.0980392157 0.0980392157
v 80.566184997558594 -36.65673828125 20.737640380859375 0.0980392157 0.0980392157 0.0980392157
v 83.192253112792969 -33.729450225830078 23.505964279174805 0.0980392157 0.0980392157 0.0980392157
v 86.868095397949219 -34.232990264892578 21.311262130737305 0.0980392157 0.0980392157 0.0980392157
v 86.180755615234375 -37.835636138916016 20.918548583984375 0.0980392157 0.0980392157 0.0980392157
v 79.811790466308594 -39.923923492431641 19.945699691772461 0.0980392157 0.0980392157 0.0980392157
v 52.931606292724609 -49.705459594726562 -4.513664722442627 0.0980392157 0.0980392157 0.0980392157
v 49.265350341796875 -33.626533508300781 -3.5707583427429199 0.0980392157 0.0980392157 0.0980392157
v 45.352260589599609 -48.793174743652344 -3.2088668346405029 0.0980392157 0.0980392157 0.0980392157
v 40.013423919677734 -29.994173049926758 -3.1893737316131592 0.0980392157 0.0980392157 0.0980392157
v 52.943103790283203 -43.914211273193359 -4.7448782920837402 0.0980392157 0.0980392157 0.0980392157
v 55.7890625 -51.514072418212891 -1.7278214693069458 0.0980392157 0.0980392157 0.0980392157
v 45.352260589599609 -48.793174743652344 -3.2088668346405029 0.0980392157 0.0980392157 0.0980392157
v 39.103267669677734 -50.520114898681641 1.8301016092300415 0.0980392157 0.0980392157 0.0980392157
v 49.607749938964844 -47.909965515136719 8.1619815826416016 0.0980392157 0.0980392157 0.0980392157
v 65.423675537109375 -47.143402099609375 8.4097042083740234 0.0980392157 0.0980392157 0.0980392157
v 55.7890625 -51.514072418212891 -1.7278214693069458 0.0980392157 0.0980392157 0.0980392157
v 49.607749938964844 -47.909965515136719 8.1619815826416016 0.0980392157 0.0980392157 0.0980392157
v 73.957382202148438 -42.252906799316406 17.854143142700195 0.0980392157 0.0980392157 0.0980392157
v 65.423675537109375 -47.143402099609375 8.4097042083740234 0.0980392157 0.0980392157 0.0980392157
v 65.820541381835938 -41.294345855712891 16.095108032226562 0.0980392157 0.0980392157 0.0980392157
v 49.607749938964844 -47.909965515136719 8.1619815826416016 0.0980392157 0.0980392157 0.0980392157
v 42.976779937744141 -46.627265930175781 7.1918268203735352 0.0980392157 0.0980392157 0.0980392157
v 41.710586547851562 -45.195648193359375 9.1395797729492188 0.0980392157 0.0980392157 0.0980392157
v 59.255950927734375 -42.902797698974609 19.457038879394531 0.0980392157 0.0980392157 0.0980392157
v 63.171165466308594 -40.891593933105469 18.003856658935547 0.0980392157 0.0980392157 0.0980392157
v 44.774391174316406 -44.64056396484375 11.935160636901855 0.0980392157 0.0980392157 0.0980392157
v 75.83709716796875 -38.802581787109375 19.386028289794922 0.0980392157 0.0980392157 0.0980392157
v 79.993568420410156 -34.667430877685547 23.766567230224609 0.0980392157 0.0980392157 0.0980392157
v 63.171165466308594 -40.891593933105469 18.003856658935547 0.0980392157 0.0980392157 0.0980392157
v 69.997268676757812 -39.342880249023438 24.017856597900391 0.0980392157 0.0980392157 0.0980392157
v 79.993568420410156 -34.667430877685547 23.766567230224609 0.0980392157 0.0980392157 0.0980392157
v 82.975303649902344 -34.055332183837891 26.797863006591797 0.0980392157 0.0980392157 0.0980392157
v 77.842826843261719 -29.646469116210938 32.637271881103516 0.0980392157 0.0980392157 0.0980392157
v 82.975303649902344 -34.055332183837891 26.797863006591797 0.0980392157 0.0980392157 0.0980392157
v 72.092208862304688 -35.127483367919922 29.877525329589844 0.0980392157 0.0980392157 0.0980392157
v 69.997268676757812 -39.342880249023438 24.017856597900391 0.0980392157 0.0980392157 0.0980392157
v 86.934852600097656 -25.931842803955078 31.096942901611328 0.0980392157 0.0980392157 0.0980392157
v 80.382514953613281 -25.006011962890625 34.178188323974609 0.0980392157 0.0980392157 0.0980392157
v 81.841972351074219 -18.784072875976562 35.39453125 0.0980392157 0.0980392157 0.0980392157
v 86.934852600097656 -25.931842803955078 31.096942901611328 0.0980392157 0.0980392157 0.0980392157
v 77.842826843261719 -29.646469116210938 32.637271881103516 0.0980392157 0.0980392157 0.0980392157
v 80.382514953613281 -25.006011962890625 34.178188323974609 0.0980392157 0.0980392157 0.0980392157
v 77.842826843261719 -29.646469116210938 32.637271881103516 0.0980392157 0.0980392157 0.0980392157
v 73.013938903808594 -22.88963508605957 43.362926483154297 0.0980392157 0.0980392157 0.0980392157
v 81.841972351074219 -18.784072875976562 35.39453125 0.0980392157 0.0980392157 0.0980392157
v 63.569007873535156 -35.588680267333984 35.556018829345703 0.0980392157 0.0980392157 0.0980392157
v 69.303977966308594 -30.642951965332031 40.188240051269531 0.0980392157 0.0980392157 0.0980392157
v 72.092208862304688 -35.127483367919922 29.877525329589844 0.0980392157 0.0980392157 0.0980392157
v 70.519912719726562 -21.985488891601562 43.909908294677734 0.0980392157 0.0980392157 0.0980392157
v 73.013938903808594 -22.88963508605957 43.362926483154297 0.0980392157 0.0980392157 0.0980392157
v 69.303977966308594 -30.642951965332031 40.188240051269531 0.0980392157 0.0980392157 0.0980392157
v 61.827472686767578 -33.980125427246094 36.515495300292969 0.0980392157 0.0980392157 0.0980392157
v 67.152481079101562 -29.110754013061523 40.827121734619141 0.0980392157 0.0980392157 0.0980392157
v 63.569007873535156 -35.588680267333984 35.556018829345703 0.0980392157 0.0980392157 0.0980392157
v 62.533107757568359 -32.368003845214844 40.44012451171875 0.0980392157 0.0980392157 0.0980392157
v 67.144966125488281 -35.279472351074219 39.890228271484375 0.0980392157 0.0980392157 0.0980392157
v 67.781944274902344 -25.724636077880859 45.024318695068359 0.0980392157 0.0980392157 0.0980392157
v 73.993270874023438 -23.329700469970703 45.480743408203125 0.0980392157 0.0980392157 0.0980392157
v 70.2042236328125 -20.144832611083984 46.720451354980469 0.0980392157 0.0980392157 0.0980392157
v 73.993270874023438 -23.329700469970703 45.480743408203125 0.0980392157 0.0980392157 0.0980392157
v 71.879966735839844 -29.318111419677734 43.617759704589844 0.0980392157 0.0980392157 0.0980392157
v 81.243057250976562 -29.322980880737305 34.273468017578125 0.0980392157 0.0980392157 0.0980392157
v 83.094512939453125 -13.536495208740234 38.740840911865234 0.0980392157 0.0980392157 0.0980392157
v 75.666389465332031 -13.35090446472168 46.668804168701172 0.0980392157 0.0980392157 0.0980392157
v 83.051597595214844 -22.505193710327148 36.536346435546875 0.0980392157 0.0980392157 0.0980392157
v 81.243057250976562 -29.322980880737305 34.273468017578125 0.0980392157 0.0980392157 0.0980392157
v 86.288726806640625 -36.770603179931641 26.527948379516602 0.0980392157 0.0980392157 0.0980392157
v 111.66720581054688 -30.241054534912109 22.5968017578125 0.0980392157 0.0980392157 0.0980392157
v 112.94315338134766 -22.287626266479492 25.405134201049805 0.0980392157 0.0980392157 0.0980392157
v 134.1080322265625 -23.214733123779297 17.918081283569336 0.0980392157 0.0980392157 0.0980392157
v 147.72909545898438 -17.451698303222656 15.11721134185791 0.0980392157 0.0980392157 0.0980392157
v 146.62115478515625 -17.563615798950195 13.079413414001465 0.0980392157 0.0980392157 0.0980392157
v 149.91534423828125 -11.620675086975098 12.832596778869629 0.0980392157 0.0980392157 0.0980392157
v 147.73681640625 -19.935817718505859 14.646380424499512 0.0980392157 0.0980392157 0.0980392157
v 151.06442260742188 -14.184084892272949 12.404271125793457 0.0980392157 0.0980392157 0.0980392157
v 146.706787109375 -18.722801208496094 12.482701301574707 0.0980392157 0.0980392157 0.0980392157
v 100.00004577636719 -40.608444213867188 17.077762603759766 0.0980392157 0.0980392157 0.0980392157
v 115.27121734619141 -43.714202880859375 9.4487390518188477 0.0980392157 0.0980392157 0.0980392157
v 126.98484039306641 -37.109367370605469 12.928534507751465 0.0980392157 0.0980392157 0.0980392157
v 137.71342468261719 -42.139656066894531 6.656153678894043 0.0980392157 0.0980392157 0.0980392157
v 86.211769104003906 -38.223114013671875 24.567333221435547 0.0980392157 0.0980392157 0.0980392157
v 78.202262878417969 -41.082988739013672 23.137289047241211 0.0980392157 0.0980392157 0.0980392157
v 154.26290893554688 -36.725189208984375 6.8594355583190918 0.0980392157 0.0980392157 0.0980392157
v 143.03398132324219 -33.133796691894531 11.130786895751953 0.0980392157 0.0980392157 0.0980392157
v 149.0614013671875 -28.597681045532227 11.571863174438477 0.0980392157 0.0980392157 0.0980392157
v 164.57424926757812 -30.99229621887207 7.3598818778991699 0.0980392157 0.0980392157 0.0980392157
v 123.83511352539062 -28.725690841674805 19.130050659179688 0.0980392157 0.0980392157 0.0980392157
v 120.79042816162109 -48.345741271972656 1.1877970695495605 0.0980392157 0.0980392157 0.0980392157
v 114.85726165771484 -46.296928405761719 6.7510194778442383 0.0980392157 0.0980392157 0.0980392157
v 106.98619079589844 -52.336368560791016 -3.9485290050506592 0.0980392157 0.0980392157 0.0980392157
v 128.66883850097656 -50.758365631103516 -7.0353918075561523 0.0980392157 0.0980392157 0.0980392157
v 146.9151611328125 -48.841464996337891 -13.675178527832031 0.0980392157 0.0980392157 0.0980392157
v 139.97024536132812 -46.021728515625 -1.1435326337814331 0.0980392157 0.0980392157 0.0980392157
v 94.063911437988281 -57.468685150146484 -14.229693412780762 0.0980392157 0.0980392157 0.0980392157
v 123.00286102294922 -54.441555023193359 -15.124635696411133 0.0980392157 0.0980392157 0.0980392157
v 88.152069091796875 -48.985671997070312 7.084681510925293 0.0980392157 0.0980392157 0.0980392157
v 137.71342468261719 -42.139656066894531 6.656153678894043 0.0980392157 0.0980392157 0.0980392157
v 151.75314331054688 -45.239044189453125 -19.920818328857422 0.0980392157 0.0980392157 0.0980392157
v 162.58720397949219 -42.125419616699219 -11.19797420501709 0.0980392157 0.0980392157 0.0980392157
v 146.9151611328125 -48.841464996337891 -13.675178527832031 0.0980392157 0.0980392157 0.0980392157
v 86.348030090332031 -50.115680694580078 -22.17750358581543 0.0980392157 0.0980392157 0.0980392157
v 78.740188598632812 -51.147113800048828 -20.774990081787109 0.0980392157 0.0980392157 0.0980392157
v 101.61671447753906 -51.828994750976562 -18.373741149902344 0.0980392157 0.0980392157 0.0980392157
v 60.775241851806641 -37.004543304443359 -8.0825824737548828 0.0980392157 0.0980392157 0.0980392157
v 62.0823974609375 -50.727622985839844 -9.0262918472290039 0.0980392157 0.0980392157 0.0980392157
v 69.922149658203125 -36.998123168945312 -16.051200866699219 0.0980392157 0.0980392157 0.0980392157
v 68.765655517578125 -37.047645568847656 -18.294181823730469 0.0980392157 0.0980392157 0.0980392157
v 69.922149658203125 -36.998123168945312 -16.051200866699219 0.0980392157 0.0980392157 0.0980392157
v 74.04736328125 -37.000011444091797 -21.448610305786133 0.0980392157 0.0980392157 0.0980392157
v 85.608421325683594 -37.001186370849609 -22.174196243286133 0.0980392157 0.0980392157 0.0980392157
v 88.1923828125 -37.000011444091797 -24.688241958618164 0.0980392157 0.0980392157 0.0980392157
v 80.933143615722656 -37.002437591552734 -23.948951721191406 0.0980392157 0.0980392157 0.0980392157
v 77.219398498535156 -36.996189117431641 -20.238323211669922 0.0980392157 0.0980392157 0.0980392157
v 130.54248046875 -50.097671508789062 -21.061895370483398 0.0980392157 0.0980392157 0.0980392157
v 95.177078247070312 -53.811363220214844 -20.696243286132812 0.0980392157 0.0980392157 0.0980392157
v 128.66404724121094 -48.719718933105469 -24.312108993530273 0.0980392157 0.0980392157 0.0980392157
v 125.58653259277344 -29.365779876708984 15.279294967651367 0.0980392157 0.0980392157 0.0980392157
v 145.59562683105469 -20.4329833984375 10.293277740478516 0.0980392157 0.0980392157 0.0980392157
v 145.79512023925781 -22.649824142456055 11.845691680908203 0.0980392157 0.0980392157 0.0980392157
v 110.00457763671875 -32.994228363037109 17.952627182006836 0.0980392157 0.0980392157 0.0980392157
v 95.966781616210938 -35.865734100341797 20.056587219238281 0.0980392157 0.0980392157 0.0980392157
v 86.180755615234375 -37.835636138916016 20.918548583984375 0.0980392157 0.0980392157 0.0980392157
v 107.49521636962891 -29.363035202026367 18.41522216796875 0.0980392157 0.0980392157 0.0980392157
v 107.74882507324219 -31.609865188598633 17.910560607910156 0.0980392157 0.0980392157 0.0980392157
v 86.868095397949219 -34.232990264892578 21.311262130737305 0.0980392157 0.0980392157 0.0980392157
v 83.192253112792969 -33.729450225830078 23.505964279174805 0.0980392157 0.0980392157 0.0980392157
v 108.01513671875 -27.882820129394531 19.991893768310547 0.0980392157 0.0980392157 0.0980392157
v 106.71753692626953 -27.800815582275391 22.629976272583008 0.0980392157 0.0980392157 0.0980392157
v 133.99336242675781 -21.274185180664062 13.162954330444336 0.0980392157 0.0980392157 0.0980392157
v 125.58653259277344 -29.365779876708984 15.279294967651367 0.0980392157 0.0980392157 0.0980392157
v 145.59562683105469 -20.4329833984375 10.293277740478516 0.0980392157 0.0980392157 0.0980392157
v 132.15528869628906 -20.565647125244141 16.567771911621094 0.0980392157 0.0980392157 0.0980392157
v 47.565952301025391 -32.875709533691406 -5.839594841003418 0.0980392157 0.0980392157 0.0980392157
v 40.153446197509766 -29.999013900756836 -5.6862750053405762 0.0980392157 0.0980392157 0.0980392157
v 49.265350341796875 -33.626533508300781 -3.5707583427429199 0.0980392157 0.0980392157 0.0980392157
v 49.265350341796875 -33.626533508300781 -3.5707583427429199 0.0980392157 0.0980392157 0.0980392157
v 60.599319458007812 -37.316642761230469 -10.861345291137695 0.0980392157 0.0980392157 0.0980392157
v 60.599319458007812 -37.316642761230469 -10.861345291137695 0.0980392157 0.0980392157 0.0980392157
v 49.265350341796875 -33.626533508300781 -3.5707583427429199 0.0980392157 0.0980392157 0.0980392157
v 60.775241851806641 -37.004543304443359 -8.0825824737548828 0.0980392157 0.0980392157 0.0980392157
v 68.765655517578125 -37.047645568847656 -18.294181823730469 0.0980392157 0.0980392157 0.0980392157
v 62.0823974609375 -50.727622985839844 -9.0262918472290039 0.0980392157 0.0980392157 0.0980392157
v 58.255329132080078 -51.823947906494141 -2.7841296195983887 0.0980392157 0.0980392157 0.0980392157
v 75.135871887207031 -54.254505157470703 -10.211188316345215 0.0980392157 0.0980392157 0.0980392157
v -53.5897216796875 -41.999416351318359 15.606033325195312 0.0980392157 0.0980392157 0.0980392157
v -50.87579345703125 -42.134658813476562 -5.9195799827575684 0.0980392157 0.0980392157 0.0980392157
v -60.406757354736328 -39.961044311523438 11.662886619567871 0.0980392157 0.0980392157 0.0980392157
v -34.996158599853516 -45.209568023681641 11.98538875579834 0.0980392157 0.0980392157 0.0980392157
v -24.327613830566406 -46.034034729003906 2.4649341106414795 0.0980392157 0.0980392157 0.0980392157
v -8.7804718017578125 -47.584510803222656 8.3413896560668945 0.0980392157 0.0980392157 0.0980392157
v 18.806352615356445 -49.373058319091797 4.653749942779541 0.0980392157 0.0980392157 0.0980392157
v -24.981241226196289 -45.0318603515625 -3.1877608299255371 0.0980392157 0.0980392157 0.0980392157
v -41.222888946533203 -43.6845703125 -3.1884398460388184 0.0980392157 0.0980392157 0.0980392157
v 30.335514068603516 -47.241710662841797 -3.1894443035125732 0.0980392157 0.0980392157 0.0980392157
v 9.4202356338500977 -47.408596038818359 -0.78653943538665771 0.0980392157 0.0980392157 0.0980392157
v 39.103267669677734 -50.520114898681641 1.8301016092300415 0.0980392157 0.0980392157 0.0980392157
v 40.013423919677734 -29.994173049926758 -3.1893737316131592 0.0980392157 0.0980392157 0.0980392157
v -41.222888946533203 -43.6845703125 -3.1884398460388184 0.0980392157 0.0980392157 0.0980392157
v -24.981241226196289 -45.0318603515625 -3.1877608299255371 0.0980392157 0.0980392157 0.0980392157
v 30.335514068603516 -47.241710662841797 -3.1894443035125732 0.0980392157 0.0980392157 0.0980392157
v 45.352260589599609 -48.793174743652344 -3.2088668346405029 0.0980392157 0.0980392157 0.0980392157
v -8.7804718017578125 -47.584510803222656 8.3413896560668945 0.0980392157 0.0980392157 0.0980392157
v -34.996158599853516 -45.209568023681641 11.98538875579834 0.0980392157 0.0980392157 0.0980392157
v -4.755098819732666 -46.543972015380859 11.470067977905273 0.0980392157 0.0980392157 0.0980392157
v 18.806352615356445 -49.373058319091797 4.653749942779541 0.0980392157 0.0980392157 0.0980392157
v -53.5897216796875 -41.999416351318359 15.606033325195312 0.0980392157 0.0980392157 0.0980392157
v -52.474834442138672 -40.043369293212891 20.690139770507812 0.0980392157 0.0980392157 0.0980392157
v 35.732639312744141 -48.718498229980469 6.7206368446350098 0.0980392157 0.0980392157 0.0980392157
v 29.593032836914062 -44.632476806640625 11.664128303527832 0.0980392157 0.0980392157 0.0980392157
v 30.953140258789062 -45.827659606933594 14.162624359130859 0.0980392157 0.0980392157 0.0980392157
v 44.774391174316406 -44.64056396484375 11.935160636901855 0.0980392157 0.0980392157 0.0980392157
v 45.459682464599609 -45.871871948242188 14.306276321411133 0.0980392157 0.0980392157 0.0980392157
v 69.997268676757812 -39.342880249023438 24.017856597900391 0.0980392157 0.0980392157 0.0980392157
v 59.255950927734375 -42.902797698974609 19.457038879394531 0.0980392157 0.0980392157 0.0980392157
v 57.954044342041016 -41.219387054443359 24.312992095947266 0.0980392157 0.0980392157 0.0980392157
v 61.827472686767578 -33.980125427246094 36.515495300292969 0.0980392157 0.0980392157 0.0980392157
v 62.533107757568359 -32.368003845214844 40.44012451171875 0.0980392157 0.0980392157 0.0980392157
v 67.152481079101562 -29.110754013061523 40.827121734619141 0.0980392157 0.0980392157 0.0980392157
v 61.827472686767578 -33.980125427246094 36.515495300292969 0.0980392157 0.0980392157 0.0980392157
v 63.569007873535156 -35.588680267333984 35.556018829345703 0.0980392157 0.0980392157 0.0980392157
v 52.851150512695312 -40.55413818359375 28.286378860473633 0.0980392157 0.0980392157 0.0980392157
v 37.829288482666016 -41.454185485839844 22.136051177978516 0.0980392157 0.0980392157 0.0980392157
v 49.689865112304688 -39.063232421875 28.410125732421875 0.0980392157 0.0980392157 0.0980392157
v 67.144966125488281 -35.279472351074219 39.890228271484375 0.0980392157 0.0980392157 0.0980392157
v 62.533107757568359 -32.368003845214844 40.44012451171875 0.0980392157 0.0980392157 0.0980392157
v 51.744457244873047 -37.965583801269531 33.131900787353516 0.0980392157 0.0980392157 0.0980392157
v 34.906238555908203 -43.078033447265625 23.132741928100586 0.0980392157 0.0980392157 0.0980392157
v 57.4578857421875 -40.885654449462891 32.797771453857422 0.0980392157 0.0980392157 0.0980392157
v 81.243057250976562 -29.322980880737305 34.273468017578125 0.0980392157 0.0980392157 0.0980392157
v 76.502616882324219 -34.266067504882812 32.631538391113281 0.0980392157 0.0980392157 0.0980392157
v 86.288726806640625 -36.770603179931641 26.527948379516602 0.0980392157 0.0980392157 0.0980392157
v 71.879966735839844 -29.318111419677734 43.617759704589844 0.0980392157 0.0980392157 0.0980392157
v 70.011444091796875 -38.538780212402344 30.169260025024414 0.0980392157 0.0980392157 0.0980392157
v 67.144966125488281 -35.279472351074219 39.890228271484375 0.0980392157 0.0980392157 0.0980392157
v 60.141532897949219 -42.780887603759766 26.081298828125 0.0980392157 0.0980392157 0.0980392157
v 61.011058807373047 -46.030540466308594 18.39971923828125 0.0980392157 0.0980392157 0.0980392157
v 72.402305603027344 -42.269252777099609 23.248733520507812 0.0980392157 0.0980392157 0.0980392157
v 45.753696441650391 -44.833236694335938 25.250951766967773 0.0980392157 0.0980392157 0.0980392157
v 47.49554443359375 -48.675464630126953 13.134699821472168 0.0980392157 0.0980392157 0.0980392157
v 134.1080322265625 -23.214733123779297 17.918081283569336 0.0980392157 0.0980392157 0.0980392157
v 111.66720581054688 -30.241054534912109 22.5968017578125 0.0980392157 0.0980392157 0.0980392157
v 126.57569885253906 -24.990030288696289 17.362493515014648 0.0980392157 0.0980392157 0.0980392157
v 81.855239868164062 -36.699012756347656 24.951725006103516 0.0980392157 0.0980392157 0.0980392157
v 105.84603118896484 -30.582635879516602 21.549465179443359 0.0980392157 0.0980392157 0.0980392157
v 134.1080322265625 -23.214733123779297 17.918081283569336 0.0980392157 0.0980392157 0.0980392157
v 146.62115478515625 -17.563615798950195 13.079413414001465 0.0980392157 0.0980392157 0.0980392157
v 147.72909545898438 -17.451698303222656 15.11721134185791 0.0980392157 0.0980392157 0.0980392157
v 126.57569885253906 -24.990030288696289 17.362493515014648 0.0980392157 0.0980392157 0.0980392157
v 111.66020202636719 -30.603843688964844 19.679052352905273 0.0980392157 0.0980392157 0.0980392157
v 146.706787109375 -18.722801208496094 12.482701301574707 0.0980392157 0.0980392157 0.0980392157
v 126.57569885253906 -24.990030288696289 17.362493515014648 0.0980392157 0.0980392157 0.0980392157
v 146.62115478515625 -17.563615798950195 13.079413414001465 0.0980392157 0.0980392157 0.0980392157
v 135.98016357421875 -23.88079833984375 14.932489395141602 0.0980392157 0.0980392157 0.0980392157
v 146.706787109375 -18.722801208496094 12.482701301574707 0.0980392157 0.0980392157 0.0980392157
v 135.98016357421875 -23.88079833984375 14.932489395141602 0.0980392157 0.0980392157 0.0980392157
v 147.73681640625 -19.935817718505859 14.646380424499512 0.0980392157 0.0980392157 0.0980392157
v 114.85726165771484 -46.296928405761719 6.7510194778442383 0.0980392157 0.0980392157 0.0980392157
v 137.71342468261719 -42.139656066894531 6.656153678894043 0.0980392157 0.0980392157 0.0980392157
v 115.27121734619141 -43.714202880859375 9.4487390518188477 0.0980392157 0.0980392157 0.0980392157
v 61.213245391845703 -54.933540344238281 -4.2683525085449219 0.0980392157 0.0980392157 0.0980392157
v 74.898582458496094 -56.887851715087891 -9.943089485168457 0.0980392157 0.0980392157 0.0980392157
v 70.591773986816406 -49.455337524414062 8.7529373168945312 0.0980392157 0.0980392157 0.0980392157
v 106.98619079589844 -52.336368560791016 -3.9485290050506592 0.0980392157 0.0980392157 0.0980392157
v 88.152069091796875 -48.985671997070312 7.084681510925293 0.0980392157 0.0980392157 0.0980392157
v 84.6441650390625 -57.609012603759766 -12.729917526245117 0.0980392157 0.0980392157 0.0980392157
v 123.00286102294922 -54.441555023193359 -15.124635696411133 0.0980392157 0.0980392157 0.0980392157
v 142.48439025878906 -49.6715087890625 -16.61060905456543 0.0980392157 0.0980392157 0.0980392157
v 146.9151611328125 -48.841464996337891 -13.675178527832031 0.0980392157 0.0980392157 0.0980392157
v 106.2967529296875 -53.234943389892578 -20.279985427856445 0.0980392157 0.0980392157 0.0980392157
v 123.00286102294922 -54.441555023193359 -15.124635696411133 0.0980392157 0.0980392157 0.0980392157
v 94.063911437988281 -57.468685150146484 -14.229693412780762 0.0980392157 0.0980392157 0.0980392157
v 132.42791748046875 -50.227352142333984 -20.494327545166016 0.0980392157 0.0980392157 0.0980392157
v 87.184249877929688 -51.39483642578125 -24.662961959838867 0.0980392157 0.0980392157 0.0980392157
v 81.779060363769531 -48.683132171630859 -24.06651496887207 0.0980392157 0.0980392157 0.0980392157
v 88.1923828125 -37.000011444091797 -24.688241958618164 0.0980392157 0.0980392157 0.0980392157
v 74.566329956054688 -50.209629058837891 -21.84333610534668 0.0980392157 0.0980392157 0.0980392157
v 74.04736328125 -37.000011444091797 -21.448610305786133 0.0980392157 0.0980392157 0.0980392157
v 68.765655517578125 -37.047645568847656 -18.294181823730469 0.0980392157 0.0980392157 0.0980392157
v 64.49224853515625 -51.238044738769531 -21.554742813110352 0.0980392157 0.0980392157 0.0980392157
v 73.366401672363281 -52.288745880126953 -23.327116012573242 0.0980392157 0.0980392157 0.0980392157
v 74.898582458496094 -56.887851715087891 -9.943089485168457 0.0980392157 0.0980392157 0.0980392157
v 94.063911437988281 -57.468685150146484 -14.229693412780762 0.0980392157 0.0980392157 0.0980392157
v 84.6441650390625 -57.609012603759766 -12.729917526245117 0.0980392157 0.0980392157 0.0980392157
v 59.888500213623047 -51.662849426269531 -12.058974266052246 0.0980392157 0.0980392157 0.0980392157
v 61.213245391845703 -54.933540344238281 -4.2683525085449219 0.0980392157 0.0980392157 0.0980392157
v 91.356758117675781 -54.330055236816406 -19.886537551879883 0.0980392157 0.0980392157 0.0980392157
v 73.366401672363281 -52.288745880126953 -23.327116012573242 0.0980392157 0.0980392157 0.0980392157
v 87.184249877929688 -51.39483642578125 -24.662961959838867 0.0980392157 0.0980392157 0.0980392157
v -37.104564666748047 -30.001825332641602 -3.1873428821563721 0.0980392157 0.0980392157 0.0980392157
v -41.071163177490234 -32.549564361572266 -3.2005331516265869 0.0980392157 0.0980392157 0.0980392157
v -41.222888946533203 -43.6845703125 -3.1884398460388184 0.0980392157 0.0980392157 0.0980392157
v 40.013423919677734 -29.994173049926758 -3.1893737316131592 0.0980392157 0.0980392157 0.0980392157
v -37.559883117675781 -30.004268646240234 -5.6882748603820801 0.0980392157 0.0980392157 0.0980392157
v -37.104564666748047 -30.001825332641602 -3.1873428821563721 0.0980392157 0.0980392157 0.0980392157
v 40.153446197509766 -29.999013900756836 -5.6862750053405762 0.0980392157 0.0980392157 0.0980392157
v 40.153446197509766 -29.999013900756836 -5.6862750053405762 0.0980392157 0.0980392157 0.0980392157
v -41.056179046630859 -32.974212646484375 -5.6834802627563477 0.0980392157 0.0980392157 0.0980392157
v -37.559883117675781 -30.004268646240234 -5.6882748603820801 0.0980392157 0.0980392157 0.0980392157
v 45.972908020019531 -42.9736328125 -5.6948890686035156 0.0980392157 0.0980392157 0.0980392157
v -41.235813140869141 -42.993488311767578 -5.6902256011962891 0.0980392157 0.0980392157 0.0980392157
v 51.756237030029297 -48.186363220214844 -6.8638429641723633 0.0980392157 0.0980392157 0.0980392157
v 46.000057220458984 -47.397686004638672 -5.7561378479003906 0.0980392157 0.0980392157 0.0980392157
v 45.972908020019531 -42.9736328125 -5.6948890686035156 0.0980392157 0.0980392157 0.0980392157
v 47.565952301025391 -32.875709533691406 -5.839594841003418 0.0980392157 0.0980392157 0.0980392157
v 51.774467468261719 -35.764331817626953 -6.9797019958496094 0.0980392157 0.0980392157 0.0980392157
v 60.599319458007812 -37.316642761230469 -10.861345291137695 0.0980392157 0.0980392157 0.0980392157
v 53.774436950683594 -36.4613037109375 -7.7559332847595215 0.0980392157 0.0980392157 0.0980392157
v 60.599319458007812 -37.316642761230469 -10.861345291137695 0.0980392157 0.0980392157 0.0980392157
v 53.774436950683594 -48.370269775390625 -7.7559332847595215 0.0980392157 0.0980392157 0.0980392157
v 62.774440765380859 -40.185699462890625 -12.924490928649902 0.0980392157 0.0980392157 0.0980392157
v 68.765655517578125 -37.047645568847656 -18.294181823730469 0.0980392157 0.0980392157 0.0980392157
v 62.774456024169922 -49.654880523681641 -12.923834800720215 0.0980392157 0.0980392157 0.0980392157
v 60.599319458007812 -37.316642761230469 -10.861345291137695 0.0980392157 0.0980392157 0.0980392157
v -41.056179046630859 -32.974212646484375 -5.6834802627563477 0.0980392157 0.0980392157 0.0980392157
v -41.235813140869141 -42.993488311767578 -5.6902256011962891 0.0980392157 0.0980392157 0.0980392157
v -41.071163177490234 -32.549564361572266 -3.2005331516265869 0.0980392157 0.0980392157 0.0980392157
v -60.406757354736328 -39.961044311523438 11.662886619567871 0.0980392157 0.0980392157 0.0980392157
v -58.661914825439453 -39.910179138183594 -6.0674347877502441 0.0980392157 0.0980392157 0.0980392157
v -65.755760192871094 -37.571403503417969 7.594886302947998 0.0980392157 0.0980392157 0.0980392157
v -67.809745788574219 -35.328182220458984 16.716943740844727 0.0980392157 0.0980392157 0.0980392157
v -75.517562866210938 -27.679636001586914 18.429443359375 0.0980392157 0.0980392157 0.0980392157
v -72.091728210449219 -27.771600723266602 28.4866943359375 0.0980392157 0.0980392157 0.0980392157
v -53.5897216796875 -41.999416351318359 15.606033325195312 0.0980392157 0.0980392157 0.0980392157
v -61.967216491699219 -38.017940521240234 21.315689086914062 0.0980392157 0.0980392157 0.0980392157
v -1.559902548789978 -43.964275360107422 12.151824951171875 0.0980392157 0.0980392157 0.0980392157
v -4.755098819732666 -46.543972015380859 11.470067977905273 0.0980392157 0.0980392157 0.0980392157
v -42.857391357421875 -40.648101806640625 18.339887619018555 0.0980392157 0.0980392157 0.0980392157
v -1.6578631401062012 -42.776046752929688 14.709897994995117 0.0980392157 0.0980392157 0.0980392157
v -29.863357543945312 -40.515316009521484 17.741081237792969 0.0980392157 0.0980392157 0.0980392157
v -49.111518859863281 -37.228832244873047 21.750608444213867 0.0980392157 0.0980392157 0.0980392157
v -33.255203247070312 -43.764102935791016 16.061870574951172 0.0980392157 0.0980392157 0.0980392157
v -28.439599990844727 -40.387008666992188 19.987930297851562 0.0980392157 0.0980392157 0.0980392157
v -46.021621704101562 -37.879585266113281 24.15422248840332 0.0980392157 0.0980392157 0.0980392157
v 42.976779937744141 -46.627265930175781 7.1918268203735352 0.0980392157 0.0980392157 0.0980392157
v 35.732639312744141 -48.718498229980469 6.7206368446350098 0.0980392157 0.0980392157 0.0980392157
v 41.710586547851562 -45.195648193359375 9.1395797729492188 0.0980392157 0.0980392157 0.0980392157
v 30.953140258789062 -45.827659606933594 14.162624359130859 0.0980392157 0.0980392157 0.0980392157
v 29.593032836914062 -44.632476806640625 11.664128303527832 0.0980392157 0.0980392157 0.0980392157
v -4.4793410301208496 -43.691387176513672 19.066829681396484 0.0980392157 0.0980392157 0.0980392157
v -61.967216491699219 -38.017940521240234 21.315689086914062 0.0980392157 0.0980392157 0.0980392157
v -56.9632568359375 -36.308101654052734 27.968801498413086 0.0980392157 0.0980392157 0.0980392157
v -52.474834442138672 -40.043369293212891 20.690139770507812 0.0980392157 0.0980392157 0.0980392157
v 28.038610458374023 -44.723182678222656 17.073511123657227 0.0980392157 0.0980392157 0.0980392157
v 30.953140258789062 -45.827659606933594 14.162624359130859 0.0980392157 0.0980392157 0.0980392157
v -4.4793410301208496 -43.691387176513672 19.066829681396484 0.0980392157 0.0980392157 0.0980392157
v 52.851150512695312 -40.55413818359375 28.286378860473633 0.0980392157 0.0980392157 0.0980392157
v 63.569007873535156 -35.588680267333984 35.556018829345703 0.0980392157 0.0980392157 0.0980392157
v 57.954044342041016 -41.219387054443359 24.312992095947266 0.0980392157 0.0980392157 0.0980392157
v 59.255950927734375 -42.902797698974609 19.457038879394531 0.0980392157 0.0980392157 0.0980392157
v 45.459682464599609 -45.871871948242188 14.306276321411133 0.0980392157 0.0980392157 0.0980392157
v 57.954044342041016 -41.219387054443359 24.312992095947266 0.0980392157 0.0980392157 0.0980392157
v 52.851150512695312 -40.55413818359375 28.286378860473633 0.0980392157 0.0980392157 0.0980392157
v 39.309532165527344 -43.846073150634766 20.599237442016602 0.0980392157 0.0980392157 0.0980392157
v 69.997268676757812 -39.342880249023438 24.017856597900391 0.0980392157 0.0980392157 0.0980392157
v 57.954044342041016 -41.219387054443359 24.312992095947266 0.0980392157 0.0980392157 0.0980392157
v 72.092208862304688 -35.127483367919922 29.877525329589844 0.0980392157 0.0980392157 0.0980392157
v 63.569007873535156 -35.588680267333984 35.556018829345703 0.0980392157 0.0980392157 0.0980392157
v 51.744457244873047 -37.965583801269531 33.131900787353516 0.0980392157 0.0980392157 0.0980392157
v 62.533107757568359 -32.368003845214844 40.44012451171875 0.0980392157 0.0980392157 0.0980392157
v 61.827472686767578 -33.980125427246094 36.515495300292969 0.0980392157 0.0980392157 0.0980392157
v 49.689865112304688 -39.063232421875 28.410125732421875 0.0980392157 0.0980392157 0.0980392157
v 37.829288482666016 -41.454185485839844 22.136051177978516 0.0980392157 0.0980392157 0.0980392157
v 39.309532165527344 -43.846073150634766 20.599237442016602 0.0980392157 0.0980392157 0.0980392157
v 28.038610458374023 -44.723182678222656 17.073511123657227 0.0980392157 0.0980392157 0.0980392157
v 37.829288482666016 -41.454185485839844 22.136051177978516 0.0980392157 0.0980392157 0.0980392157
v 52.851150512695312 -40.55413818359375 28.286378860473633 0.0980392157 0.0980392157 0.0980392157
v 34.906238555908203 -43.078033447265625 23.132741928100586 0.0980392157 0.0980392157 0.0980392157
v 23.062765121459961 -43.133842468261719 21.251729965209961 0.0980392157 0.0980392157 0.0980392157
v 29.264017105102539 -46.970607757568359 18.514186859130859 0.0980392157 0.0980392157 0.0980392157
v 45.753696441650391 -44.833236694335938 25.250951766967773 0.0980392157 0.0980392157 0.0980392157
v 60.141532897949219 -42.780887603759766 26.081298828125 0.0980392157 0.0980392157 0.0980392157
v 45.753696441650391 -44.833236694335938 25.250951766967773 0.0980392157 0.0980392157 0.0980392157
v 61.011058807373047 -46.030540466308594 18.39971923828125 0.0980392157 0.0980392157 0.0980392157
v 57.4578857421875 -40.885654449462891 32.797771453857422 0.0980392157 0.0980392157 0.0980392157
v 70.011444091796875 -38.538780212402344 30.169260025024414 0.0980392157 0.0980392157 0.0980392157
v 60.141532897949219 -42.780887603759766 26.081298828125 0.0980392157 0.0980392157 0.0980392157
v 72.402305603027344 -42.269252777099609 23.248733520507812 0.0980392157 0.0980392157 0.0980392157
v 67.144966125488281 -35.279472351074219 39.890228271484375 0.0980392157 0.0980392157 0.0980392157
v 57.4578857421875 -40.885654449462891 32.797771453857422 0.0980392157 0.0980392157 0.0980392157
v 81.855239868164062 -36.699012756347656 24.951725006103516 0.0980392157 0.0980392157 0.0980392157
v 111.66720581054688 -30.241054534912109 22.5968017578125 0.0980392157 0.0980392157 0.0980392157
v 86.288726806640625 -36.770603179931641 26.527948379516602 0.0980392157 0.0980392157 0.0980392157
v 72.402305603027344 -42.269252777099609 23.248733520507812 0.0980392157 0.0980392157 0.0980392157
v 126.57569885253906 -24.990030288696289 17.362493515014648 0.0980392157 0.0980392157 0.0980392157
v 105.84603118896484 -30.582635879516602 21.549465179443359 0.0980392157 0.0980392157 0.0980392157
v 111.66020202636719 -30.603843688964844 19.679052352905273 0.0980392157 0.0980392157 0.0980392157
v 83.188163757324219 -37.205947875976562 23.623153686523438 0.0980392157 0.0980392157 0.0980392157
v 102.17526245117188 -34.521549224853516 22.912370681762695 0.0980392157 0.0980392157 0.0980392157
v 123.83511352539062 -28.725690841674805 19.130050659179688 0.0980392157 0.0980392157 0.0980392157
v 111.66020202636719 -30.603843688964844 19.679052352905273 0.0980392157 0.0980392157 0.0980392157
v 83.188163757324219 -37.205947875976562 23.623153686523438 0.0980392157 0.0980392157 0.0980392157
v 135.98016357421875 -23.88079833984375 14.932489395141602 0.0980392157 0.0980392157 0.0980392157
v 83.188163757324219 -37.205947875976562 23.623153686523438 0.0980392157 0.0980392157 0.0980392157
v 78.202262878417969 -41.082988739013672 23.137289047241211 0.0980392157 0.0980392157 0.0980392157
v 86.211769104003906 -38.223114013671875 24.567333221435547 0.0980392157 0.0980392157 0.0980392157
v 62.774456024169922 -49.654880523681641 -12.923834800720215 0.0980392157 0.0980392157 0.0980392157
v 68.367576599121094 -50.431797027587891 -18.008161544799805 0.0980392157 0.0980392157 0.0980392157
v 62.776992797851562 -48.184463500976562 -20.807399749755859 0.0980392157 0.0980392157 0.0980392157
v 71.0205078125 -49.358982086181641 -22.969034194946289 0.0980392157 0.0980392157 0.0980392157
v 74.566329956054688 -50.209629058837891 -21.84333610534668 0.0980392157 0.0980392157 0.0980392157
v 81.779060363769531 -48.683132171630859 -24.06651496887207 0.0980392157 0.0980392157 0.0980392157
v 53.761032104492188 -44.786968231201172 -16.856395721435547 0.0980392157 0.0980392157 0.0980392157
v 60.771476745605469 -47.436222076416016 -19.111427307128906 0.0980392157 0.0980392157 0.0980392157
v 62.776992797851562 -48.184463500976562 -20.807399749755859 0.0980392157 0.0980392157 0.0980392157
v 39.338027954101562 -39.685028076171875 -13.598942756652832 0.0980392157 0.0980392157 0.0980392157
v 73.366401672363281 -52.288745880126953 -23.327116012573242 0.0980392157 0.0980392157 0.0980392157
v 71.0205078125 -49.358982086181641 -22.969034194946289 0.0980392157 0.0980392157 0.0980392157
v 81.779060363769531 -48.683132171630859 -24.06651496887207 0.0980392157 0.0980392157 0.0980392157
v -41.071163177490234 -32.549564361572266 -3.2005331516265869 0.0980392157 0.0980392157 0.0980392157
v -37.559883117675781 -30.004268646240234 -5.6882748603820801 0.0980392157 0.0980392157 0.0980392157
v -41.056179046630859 -32.974212646484375 -5.6834802627563477 0.0980392157 0.0980392157 0.0980392157
v 24.618139266967773 -42.973270416259766 -7.9145960807800293 0.0980392157 0.0980392157 0.0980392157
v 45.972908020019531 -42.9736328125 -5.6948890686035156 0.0980392157 0.0980392157 0.0980392157
v 38.238765716552734 -42.969547271728516 -9.0163278579711914 0.0980392157 0.0980392157 0.0980392157
v 45.982452392578125 -42.999870300292969 -12.783199310302734 0.0980392157 0.0980392157 0.0980392157
v -35.97015380859375 -42.966564178466797 -8.5343637466430664 0.0980392157 0.0980392157 0.0980392157
v -41.235813140869141 -42.993488311767578 -5.6902256011962891 0.0980392157 0.0980392157 0.0980392157
v 53.761032104492188 -44.786968231201172 -16.856395721435547 0.0980392157 0.0980392157 0.0980392157
v 51.767719268798828 -43.910228729248047 -16.012775421142578 0.0980392157 0.0980392157 0.0980392157
v 53.774436950683594 -36.4613037109375 -7.7559332847595215 0.0980392157 0.0980392157 0.0980392157
v 45.972908020019531 -42.9736328125 -5.6948890686035156 0.0980392157 0.0980392157 0.0980392157
v 46.000057220458984 -47.397686004638672 -5.7561378479003906 0.0980392157 0.0980392157 0.0980392157
v 45.982452392578125 -42.999870300292969 -12.783199310302734 0.0980392157 0.0980392157 0.0980392157
v 45.982452392578125 -42.999870300292969 -12.783199310302734 0.0980392157 0.0980392157 0.0980392157
v 51.756237030029297 -48.186363220214844 -6.8638429641723633 0.0980392157 0.0980392157 0.0980392157
v 51.767719268798828 -43.910228729248047 -16.012775421142578 0.0980392157 0.0980392157 0.0980392157
v 46.000057220458984 -47.397686004638672 -5.7561378479003906 0.0980392157 0.0980392157 0.0980392157
v 51.774467468261719 -35.764331817626953 -6.9797019958496094 0.0980392157 0.0980392157 0.0980392157
v 51.767719268798828 -43.910228729248047 -16.012775421142578 0.0980392157 0.0980392157 0.0980392157
v 51.756237030029297 -48.186363220214844 -6.8638429641723633 0.0980392157 0.0980392157 0.0980392157
v 53.774436950683594 -48.370269775390625 -7.7559332847595215 0.0980392157 0.0980392157 0.0980392157
v 60.720916748046875 -49.3939208984375 -11.04655647277832 0.0980392157 0.0980392157 0.0980392157
v 53.761032104492188 -44.786968231201172 -16.856395721435547 0.0980392157 0.0980392157 0.0980392157
v 53.774436950683594 -36.4613037109375 -7.7559332847595215 0.0980392157 0.0980392157 0.0980392157
v 53.774436950683594 -48.370269775390625 -7.7559332847595215 0.0980392157 0.0980392157 0.0980392157
v 53.761032104492188 -44.786968231201172 -16.856395721435547 0.0980392157 0.0980392157 0.0980392157
v 62.774440765380859 -40.185699462890625 -12.924490928649902 0.0980392157 0.0980392157 0.0980392157
v 62.774456024169922 -49.654880523681641 -12.923834800720215 0.0980392157 0.0980392157 0.0980392157
v 62.776992797851562 -48.184463500976562 -20.807399749755859 0.0980392157 0.0980392157 0.0980392157
v 60.720916748046875 -49.3939208984375 -11.04655647277832 0.0980392157 0.0980392157 0.0980392157
v 60.599319458007812 -37.316642761230469 -10.861345291137695 0.0980392157 0.0980392157 0.0980392157
v 60.771476745605469 -47.436222076416016 -19.111427307128906 0.0980392157 0.0980392157 0.0980392157
v 62.776992797851562 -48.184463500976562 -20.807399749755859 0.0980392157 0.0980392157 0.0980392157
v 60.771476745605469 -47.436222076416016 -19.111427307128906 0.0980392157 0.0980392157 0.0980392157
v 62.774440765380859 -40.185699462890625 -12.924490928649902 0.0980392157 0.0980392157 0.0980392157
v -53.031852722167969 -41.898445129394531 -10.053010940551758 0.0980392157 0.0980392157 0.0980392157
v -35.97015380859375 -42.966564178466797 -8.5343637466430664 0.0980392157 0.0980392157 0.0980392157
v -14.981161117553711 -42.022834777832031 -9.7351293563842773 0.0980392157 0.0980392157 0.0980392157
v 24.618139266967773 -42.973270416259766 -7.9145960807800293 0.0980392157 0.0980392157 0.0980392157
v -53.031852722167969 -41.898445129394531 -10.053010940551758 0.0980392157 0.0980392157 0.0980392157
v -53.969364166259766 -40.575992584228516 -8.5745811462402344 0.0980392157 0.0980392157 0.0980392157
v -50.87579345703125 -42.134658813476562 -5.9195799827575684 0.0980392157 0.0980392157 0.0980392157
v -35.97015380859375 -42.966564178466797 -8.5343637466430664 0.0980392157 0.0980392157 0.0980392157
v -53.031852722167969 -41.898445129394531 -10.053010940551758 0.0980392157 0.0980392157 0.0980392157
v -41.235813140869141 -42.993488311767578 -5.6902256011962891 0.0980392157 0.0980392157 0.0980392157
v -66.979042053222656 -35.340145111083984 -6.0668339729309082 0.0980392157 0.0980392157 0.0980392157
v -71.222038269042969 -33.740276336669922 8.345454216003418 0.0980392157 0.0980392157 0.0980392157
v -65.755760192871094 -37.571403503417969 7.594886302947998 0.0980392157 0.0980392157 0.0980392157
v -72.091728210449219 -27.771600723266602 28.4866943359375 0.0980392157 0.0980392157 0.0980392157
v -77.0828857421875 -17.587240219116211 38.182231903076172 0.0980392157 0.0980392157 0.0980392157
v -64.692649841308594 -30.185903549194336 34.573215484619141 0.0980392157 0.0980392157 0.0980392157
v -66.428993225097656 -19.088230133056641 45.190189361572266 0.0980392157 0.0980392157 0.0980392157
v -64.564079284667969 -25.688737869262695 40.401962280273438 0.0980392157 0.0980392157 0.0980392157
v -80.30694580078125 -18.784496307373047 3.4673237800598145 0.0980392157 0.0980392157 0.0980392157
v -76.246719360351562 -28.028724670410156 5.6240959167480469 0.0980392157 0.0980392157 0.0980392157
v -73.563194274902344 -26.652860641479492 -6.0618443489074707 0.0980392157 0.0980392157 0.0980392157
v -84.231193542480469 -11.873010635375977 12.083242416381836 0.0980392157 0.0980392157 0.0980392157
v -78.30511474609375 -7.1458258628845215 -5.9055566787719727 0.0980392157 0.0980392157 0.0980392157
v -76.417884826660156 -19.027421951293945 -5.7460751533508301 0.0980392157 0.0980392157 0.0980392157
v -73.563194274902344 -26.652860641479492 -6.0618443489074707 0.0980392157 0.0980392157 0.0980392157
v -74.385543823242188 25.05626106262207 -6.0638189315795898 0.0980392157 0.0980392157 0.0980392157
v -78.324508666992188 9.9522266387939453 -6.0573945045471191 0.0980392157 0.0980392157 0.0980392157
v -66.979042053222656 -35.340145111083984 -6.0668339729309082 0.0980392157 0.0980392157 0.0980392157
v -68.316658020019531 34.019466400146484 -6.0682668685913086 0.0980392157 0.0980392157 0.0980392157
v -58.661914825439453 -39.910179138183594 -6.0674347877502441 0.0980392157 0.0980392157 0.0980392157
v -50.87579345703125 -42.134658813476562 -5.9195799827575684 0.0980392157 0.0980392157 0.0980392157
v -54.061809539794922 -38.942142486572266 -6.0679550170898438 0.0980392157 0.0980392157 0.0980392157
v -59.574630737304688 39.603263854980469 -6.0673604011535645 0.0980392157 0.0980392157 0.0980392157
v -51.009815216064453 42.112125396728516 -6.0045375823974609 0.0980392157 0.0980392157 0.0980392157
v -54.065448760986328 38.632633209228516 -6.0683846473693848 0.0980392157 0.0980392157 0.0980392157
v -50.739215850830078 -35.553672790527344 26.974514007568359 0.0980392157 0.0980392157 0.0980392157
v -49.111518859863281 -37.228832244873047 21.750608444213867 0.0980392157 0.0980392157 0.0980392157
v -53.873966217041016 -34.922805786132812 26.325038909912109 0.0980392157 0.0980392157 0.0980392157
v -46.021621704101562 -37.879585266113281 24.15422248840332 0.0980392157 0.0980392157 0.0980392157
v -49.685192108154297 -37.273452758789062 28.57206916809082 0.0980392157 0.0980392157 0.0980392157
v -54.720184326171875 -29.124099731445312 38.170879364013672 0.0980392157 0.0980392157 0.0980392157
v -52.376197814941406 -30.09465217590332 38.672698974609375 0.0980392157 0.0980392157 0.0980392157
v -56.9632568359375 -36.308101654052734 27.968801498413086 0.0980392157 0.0980392157 0.0980392157
v -57.922458648681641 -29.758510589599609 39.462917327880859 0.0980392157 0.0980392157 0.0980392157
v -53.873966217041016 -34.922805786132812 26.325038909912109 0.0980392157 0.0980392157 0.0980392157
v -49.685192108154297 -37.273452758789062 28.57206916809082 0.0980392157 0.0980392157 0.0980392157
v -52.376197814941406 -30.09465217590332 38.672698974609375 0.0980392157 0.0980392157 0.0980392157
v -51.181930541992188 -31.290603637695312 41.318038940429688 0.0980392157 0.0980392157 0.0980392157
v -54.151565551757812 -20.276872634887695 47.835567474365234 0.0980392157 0.0980392157 0.0980392157
v -54.720184326171875 -29.124099731445312 38.170879364013672 0.0980392157 0.0980392157 0.0980392157
v -52.1187744140625 -19.127321243286133 50.529979705810547 0.0980392157 0.0980392157 0.0980392157
v -58.042961120605469 -23.380411148071289 46.684890747070312 0.0980392157 0.0980392157 0.0980392157
v -57.922458648681641 -29.758510589599609 39.462917327880859 0.0980392157 0.0980392157 0.0980392157
v -64.564079284667969 -25.688737869262695 40.401962280273438 0.0980392157 0.0980392157 0.0980392157
v -64.692649841308594 -30.185903549194336 34.573215484619141 0.0980392157 0.0980392157 0.0980392157
v -56.9632568359375 -36.308101654052734 27.968801498413086 0.0980392157 0.0980392157 0.0980392157
v -39.079105377197266 -38.743354797363281 27.512599945068359 0.0980392157 0.0980392157 0.0980392157
v -26.937826156616211 -41.701625823974609 21.843826293945312 0.0980392157 0.0980392157 0.0980392157
v -45.037300109863281 -39.040889739990234 25.450290679931641 0.0980392157 0.0980392157 0.0980392157
v -44.303249359130859 -36.634422302246094 32.029304504394531 0.0980392157 0.0980392157 0.0980392157
v -39.079105377197266 -38.743354797363281 27.512599945068359 0.0980392157 0.0980392157 0.0980392157
v -45.037300109863281 -39.040889739990234 25.450290679931641 0.0980392157 0.0980392157 0.0980392157
v -49.685192108154297 -37.273452758789062 28.57206916809082 0.0980392157 0.0980392157 0.0980392157
v -51.181930541992188 -31.290603637695312 41.318038940429688 0.0980392157 0.0980392157 0.0980392157
v -47.050075531005859 -31.395730972290039 42.216926574707031 0.0980392157 0.0980392157 0.0980392157
v -49.685192108154297 -37.273452758789062 28.57206916809082 0.0980392157 0.0980392157 0.0980392157
v -45.037300109863281 -39.040889739990234 25.450290679931641 0.0980392157 0.0980392157 0.0980392157
v -46.021621704101562 -37.879585266113281 24.15422248840332 0.0980392157 0.0980392157 0.0980392157
v 36.28118896484375 -41.214550018310547 24.277395248413086 0.0980392157 0.0980392157 0.0980392157
v 51.744457244873047 -37.965583801269531 33.131900787353516 0.0980392157 0.0980392157 0.0980392157
v 37.829288482666016 -41.454185485839844 22.136051177978516 0.0980392157 0.0980392157 0.0980392157
v 25.863849639892578 -42.169986724853516 18.930547714233398 0.0980392157 0.0980392157 0.0980392157
v 1.3208516836166382 -40.948257446289062 21.008010864257812 0.0980392157 0.0980392157 0.0980392157
v 25.863849639892578 -42.169986724853516 18.930547714233398 0.0980392157 0.0980392157 0.0980392157
v -4.4793410301208496 -43.691387176513672 19.066829681396484 0.0980392157 0.0980392157 0.0980392157
v -39.079105377197266 -38.743354797363281 27.512599945068359 0.0980392157 0.0980392157 0.0980392157
v -34.571468353271484 -36.956279754638672 28.027822494506836 0.0980392157 0.0980392157 0.0980392157
v 36.28118896484375 -41.214550018310547 24.277395248413086 0.0980392157 0.0980392157 0.0980392157
v 25.065052032470703 -41.740867614746094 21.663406372070312 0.0980392157 0.0980392157 0.0980392157
v 34.906238555908203 -43.078033447265625 23.132741928100586 0.0980392157 0.0980392157 0.0980392157
v 51.744457244873047 -37.965583801269531 33.131900787353516 0.0980392157 0.0980392157 0.0980392157
v 25.065052032470703 -41.740867614746094 21.663406372070312 0.0980392157 0.0980392157 0.0980392157
v 23.062765121459961 -43.133842468261719 21.251729965209961 0.0980392157 0.0980392157 0.0980392157
v 34.906238555908203 -43.078033447265625 23.132741928100586 0.0980392157 0.0980392157 0.0980392157
v 23.062765121459961 -43.133842468261719 21.251729965209961 0.0980392157 0.0980392157 0.0980392157
v 1.5936739444732666 -45.622356414794922 20.544013977050781 0.0980392157 0.0980392157 0.0980392157
v 29.264017105102539 -46.970607757568359 18.514186859130859 0.0980392157 0.0980392157 0.0980392157
v -11.491476058959961 -40.421875 25.698383331298828 0.0980392157 0.0980392157 0.0980392157
v -38.799911499023438 -40.940689086914062 28.772184371948242 0.0980392157 0.0980392157 0.0980392157
v -21.100976943969727 -43.486160278320312 24.466693878173828 0.0980392157 0.0980392157 0.0980392157
v -35.351024627685547 -36.548751831054688 31.475732803344727 0.0980392157 0.0980392157 0.0980392157
v 35.660091400146484 -49.393096923828125 12.148571968078613 0.0980392157 0.0980392157 0.0980392157
v 47.49554443359375 -48.675464630126953 13.134699821472168 0.0980392157 0.0980392157 0.0980392157
v 29.264017105102539 -46.970607757568359 18.514186859130859 0.0980392157 0.0980392157 0.0980392157
v 61.011058807373047 -46.030540466308594 18.39971923828125 0.0980392157 0.0980392157 0.0980392157
v 62.48248291015625 -43.740550994873047 18.075860977172852 0.0980392157 0.0980392157 0.0980392157
v 72.402305603027344 -42.269252777099609 23.248733520507812 0.0980392157 0.0980392157 0.0980392157
v 47.49554443359375 -48.675464630126953 13.134699821472168 0.0980392157 0.0980392157 0.0980392157
v 44.344245910644531 -47.110748291015625 11.582987785339355 0.0980392157 0.0980392157 0.0980392157
v -22.352731704711914 -45.622650146484375 19.521499633789062 0.0980392157 0.0980392157 0.0980392157
v 35.660091400146484 -49.393096923828125 12.148571968078613 0.0980392157 0.0980392157 0.0980392157
v 1.5936739444732666 -45.622356414794922 20.544013977050781 0.0980392157 0.0980392157 0.0980392157
v -38.799911499023438 -40.940689086914062 28.772184371948242 0.0980392157 0.0980392157 0.0980392157
v -45.593170166015625 -42.310981750488281 23.855833053588867 0.0980392157 0.0980392157 0.0980392157
v 49.107051849365234 -49.347915649414062 11.426973342895508 0.0980392157 0.0980392157 0.0980392157
v 65.067085266113281 -43.505191802978516 17.386194229125977 0.0980392157 0.0980392157 0.0980392157
v 45.061058044433594 -47.566181182861328 9.7753438949584961 0.0980392157 0.0980392157 0.0980392157
v 78.202262878417969 -41.082988739013672 23.137289047241211 0.0980392157 0.0980392157 0.0980392157
v 67.171730041503906 -45.169734954833984 18.863927841186523 0.0980392157 0.0980392157 0.0980392157
v 60.720916748046875 -49.3939208984375 -11.04655647277832 0.0980392157 0.0980392157 0.0980392157
v 60.771476745605469 -47.436222076416016 -19.111427307128906 0.0980392157 0.0980392157 0.0980392157
v 53.761032104492188 -44.786968231201172 -16.856395721435547 0.0980392157 0.0980392157 0.0980392157
v 53.761032104492188 -44.786968231201172 -16.856395721435547 0.0980392157 0.0980392157 0.0980392157
v 39.338027954101562 -39.685028076171875 -13.598942756652832 0.0980392157 0.0980392157 0.0980392157
v 51.767719268798828 -43.910228729248047 -16.012775421142578 0.0980392157 0.0980392157 0.0980392157
v 45.986907958984375 -50.696224212646484 -5.1757321357727051 0.0980392157 0.0980392157 0.0980392157
v 27.442255020141602 -49.294933319091797 -4.4624691009521484 0.0980392157 0.0980392157 0.0980392157
v 35.548095703125 -44.975337982177734 -10.336503982543945 0.0980392157 0.0980392157 0.0980392157
v 61.213245391845703 -54.933540344238281 -4.2683525085449219 0.0980392157 0.0980392157 0.0980392157
v 44.874835968017578 -53.416530609130859 1.1011122465133667 0.0980392157 0.0980392157 0.0980392157
v 45.436019897460938 -47.569385528564453 -10.078590393066406 0.0980392157 0.0980392157 0.0980392157
v 59.888500213623047 -51.662849426269531 -12.058974266052246 0.0980392157 0.0980392157 0.0980392157
v 39.338027954101562 -39.685028076171875 -13.598942756652832 0.0980392157 0.0980392157 0.0980392157
v 64.49224853515625 -51.238044738769531 -21.554742813110352 0.0980392157 0.0980392157 0.0980392157
v 39.669780731201172 -41.986656188964844 -14.936123847961426 0.0980392157 0.0980392157 0.0980392157
v 38.238765716552734 -42.969547271728516 -9.0163278579711914 0.0980392157 0.0980392157 0.0980392157
v 29.876602172851562 -39.137832641601562 -11.369359970092773 0.0980392157 0.0980392157 0.0980392157
v 24.618139266967773 -42.973270416259766 -7.9145960807800293 0.0980392157 0.0980392157 0.0980392157
v 45.982452392578125 -42.999870300292969 -12.783199310302734 0.0980392157 0.0980392157 0.0980392157
v 39.338027954101562 -39.685028076171875 -13.598942756652832 0.0980392157 0.0980392157 0.0980392157
v 15.702276229858398 -40.731040954589844 -10.333555221557617 0.0980392157 0.0980392157 0.0980392157
v -14.981161117553711 -42.022834777832031 -9.7351293563842773 0.0980392157 0.0980392157 0.0980392157
v 51.767719268798828 -43.910228729248047 -16.012775421142578 0.0980392157 0.0980392157 0.0980392157
v -74.559677124023438 -30.021923065185547 -5.4987740516662598 0.0980392157 0.0980392157 0.0980392157
v -68.391464233398438 -36.120399475097656 -12.294182777404785 0.0980392157 0.0980392157 0.0980392157
v -74.333694458007812 -33.335674285888672 1.6632446050643921 0.0980392157 0.0980392157 0.0980392157
v -62.7645263671875 -40.697296142578125 -11.518315315246582 0.0980392157 0.0980392157 0.0980392157
v -65.519676208496094 -35.738105773925781 -11.749960899353027 0.0980392157 0.0980392157 0.0980392157
v -53.031852722167969 -41.898445129394531 -10.053010940551758 0.0980392157 0.0980392157 0.0980392157
v -62.7645263671875 -40.697296142578125 -11.518315315246582 0.0980392157 0.0980392157 0.0980392157
v -29.645639419555664 -44.504692077636719 -10.80854320526123 0.0980392157 0.0980392157 0.0980392157
v -14.981161117553711 -42.022834777832031 -9.7351293563842773 0.0980392157 0.0980392157 0.0980392157
v 6.4995260238647461 -43.076141357421875 -11.875213623046875 0.0980392157 0.0980392157 0.0980392157
v -74.65704345703125 -2.7814912796020508 47.358745574951172 0.0980392157 0.0980392157 0.0980392157
v -57.694931030273438 -5.5348296165466309 54.859298706054688 0.0980392157 0.0980392157 0.0980392157
v -75.407211303710938 -10.64954662322998 44.556995391845703 0.0980392157 0.0980392157 0.0980392157
v -57.764202117919922 3.5784928798675537 55.260902404785156 0.0980392157 0.0980392157 0.0980392157
v -58.012413024902344 -14.213314056396484 52.535072326660156 0.0980392157 0.0980392157 0.0980392157
v -58.042961120605469 -23.380411148071289 46.684890747070312 0.0980392157 0.0980392157 0.0980392157
v -66.428993225097656 -19.088230133056641 45.190189361572266 0.0980392157 0.0980392157 0.0980392157
v -76.417884826660156 -19.027421951293945 -5.7460751533508301 0.0980392157 0.0980392157 0.0980392157
v -78.30511474609375 -7.1458258628845215 -5.9055566787719727 0.0980392157 0.0980392157 0.0980392157
v -80.30694580078125 -18.784496307373047 3.4673237800598145 0.0980392157 0.0980392157 0.0980392157
v -85.175506591796875 0.33409303426742554 8.6364412307739258 0.0980392157 0.0980392157 0.0980392157
v -84.231193542480469 -11.873010635375977 12.083242416381836 0.0980392157 0.0980392157 0.0980392157
v -82.219169616699219 -10.627238273620605 3.5698251724243164 0.0980392157 0.0980392157 0.0980392157
v -73.563194274902344 -26.652860641479492 -6.0618443489074707 0.0980392157 0.0980392157 0.0980392157
v -50.87579345703125 -42.134658813476562 -5.9195799827575684 0.0980392157 0.0980392157 0.0980392157
v -53.969364166259766 -40.575992584228516 -8.5745811462402344 0.0980392157 0.0980392157 0.0980392157
v -54.061809539794922 -38.942142486572266 -6.0679550170898438 0.0980392157 0.0980392157 0.0980392157
v -53.969364166259766 -40.575992584228516 -8.5745811462402344 0.0980392157 0.0980392157 0.0980392157
v -53.998344421386719 40.665679931640625 -8.5730762481689453 0.0980392157 0.0980392157 0.0980392157
v -54.061809539794922 -38.942142486572266 -6.0679550170898438 0.0980392157 0.0980392157 0.0980392157
v -53.538002014160156 -10.544544219970703 52.847969055175781 0.0980392157 0.0980392157 0.0980392157
v -52.1187744140625 -19.127321243286133 50.529979705810547 0.0980392157 0.0980392157 0.0980392157
v -54.151565551757812 -20.276872634887695 47.835567474365234 0.0980392157 0.0980392157 0.0980392157
v -51.561588287353516 -2.2866160869598389 56.155136108398438 0.0980392157 0.0980392157 0.0980392157
v -54.485660552978516 1.8554433584213257 54.222293853759766 0.0980392157 0.0980392157 0.0980392157
v -51.0091552734375 -12.346151351928711 56.055389404296875 0.0980392157 0.0980392157 0.0980392157
v -51.050544738769531 -21.282939910888672 51.513309478759766 0.0980392157 0.0980392157 0.0980392157
v -58.042961120605469 -23.380411148071289 46.684890747070312 0.0980392157 0.0980392157 0.0980392157
v -58.012413024902344 -14.213314056396484 52.535072326660156 0.0980392157 0.0980392157 0.0980392157
v -55.939895629882812 -16.858062744140625 49.881160736083984 0.0980392157 0.0980392157 0.0980392157
v -57.922458648681641 -29.758510589599609 39.462917327880859 0.0980392157 0.0980392157 0.0980392157
v -55.610279083251953 -6.914980411529541 53.549522399902344 0.0980392157 0.0980392157 0.0980392157
v -57.694931030273438 -5.5348296165466309 54.859298706054688 0.0980392157 0.0980392157 0.0980392157
v -57.764202117919922 3.5784928798675537 55.260902404785156 0.0980392157 0.0980392157 0.0980392157
v -50.91986083984375 -0.63826024532318115 58.354999542236328 0.0980392157 0.0980392157 0.0980392157
v -47.050075531005859 -31.395730972290039 42.216926574707031 0.0980392157 0.0980392157 0.0980392157
v -43.896453857421875 -30.928745269775391 40.470623016357422 0.0980392157 0.0980392157 0.0980392157
v -44.303249359130859 -36.634422302246094 32.029304504394531 0.0980392157 0.0980392157 0.0980392157
v 25.863849639892578 -42.169986724853516 18.930547714233398 0.0980392157 0.0980392157 0.0980392157
v -4.7864594459533691 -40.149539947509766 24.432565689086914 0.0980392157 0.0980392157 0.0980392157
v 25.065052032470703 -41.740867614746094 21.663406372070312 0.0980392157 0.0980392157 0.0980392157
v 1.3208516836166382 -40.948257446289062 21.008010864257812 0.0980392157 0.0980392157 0.0980392157
v 23.062765121459961 -43.133842468261719 21.251729965209961 0.0980392157 0.0980392157 0.0980392157
v -4.7864594459533691 -40.149539947509766 24.432565689086914 0.0980392157 0.0980392157 0.0980392157
v -11.491476058959961 -40.421875 25.698383331298828 0.0980392157 0.0980392157 0.0980392157
v 25.065052032470703 -41.740867614746094 21.663406372070312 0.0980392157 0.0980392157 0.0980392157
v -4.7864594459533691 -40.149539947509766 24.432565689086914 0.0980392157 0.0980392157 0.0980392157
v -35.351024627685547 -36.548751831054688 31.475732803344727 0.0980392157 0.0980392157 0.0980392157
v -11.491476058959961 -40.421875 25.698383331298828 0.0980392157 0.0980392157 0.0980392157
v -40.608322143554688 -36.322338104248047 34.766834259033203 0.0980392157 0.0980392157 0.0980392157
v -43.358497619628906 -39.159500122070312 32.662464141845703 0.0980392157 0.0980392157 0.0980392157
v -38.799911499023438 -40.940689086914062 28.772184371948242 0.0980392157 0.0980392157 0.0980392157
v 31.363679885864258 -47.1973876953125 11.626666069030762 0.0980392157 0.0980392157 0.0980392157
v 44.344245910644531 -47.110748291015625 11.582987785339355 0.0980392157 0.0980392157 0.0980392157
v 35.660091400146484 -49.393096923828125 12.148571968078613 0.0980392157 0.0980392157 0.0980392157
v 62.48248291015625 -43.740550994873047 18.075860977172852 0.0980392157 0.0980392157 0.0980392157
v 44.344245910644531 -47.110748291015625 11.582987785339355 0.0980392157 0.0980392157 0.0980392157
v 45.061058044433594 -47.566181182861328 9.7753438949584961 0.0980392157 0.0980392157 0.0980392157
v 65.067085266113281 -43.505191802978516 17.386194229125977 0.0980392157 0.0980392157 0.0980392157
v 83.188163757324219 -37.205947875976562 23.623153686523438 0.0980392157 0.0980392157 0.0980392157
v 81.855239868164062 -36.699012756347656 24.951725006103516 0.0980392157 0.0980392157 0.0980392157
v -45.593170166015625 -42.310981750488281 23.855833053588867 0.0980392157 0.0980392157 0.0980392157
v -38.799911499023438 -40.940689086914062 28.772184371948242 0.0980392157 0.0980392157 0.0980392157
v -43.358497619628906 -39.159500122070312 32.662464141845703 0.0980392157 0.0980392157 0.0980392157
v -51.470687866210938 -40.214805603027344 27.254692077636719 0.0980392157 0.0980392157 0.0980392157
v -53.464435577392578 -37.213809967041016 34.063121795654297 0.0980392157 0.0980392157 0.0980392157
v -47.158878326416016 -33.602317810058594 43.630771636962891 0.0980392157 0.0980392157 0.0980392157
v 3.2149767875671387 -45.823677062988281 14.846799850463867 0.0980392157 0.0980392157 0.0980392157
v 35.660091400146484 -49.393096923828125 12.148571968078613 0.0980392157 0.0980392157 0.0980392157
v -22.352731704711914 -45.622650146484375 19.521499633789062 0.0980392157 0.0980392157 0.0980392157
v -26.551485061645508 -43.246852874755859 19.448451995849609 0.0980392157 0.0980392157 0.0980392157
v 3.2149767875671387 -45.823677062988281 14.846799850463867 0.0980392157 0.0980392157 0.0980392157
v -22.352731704711914 -45.622650146484375 19.521499633789062 0.0980392157 0.0980392157 0.0980392157
v 31.363679885864258 -47.1973876953125 11.626666069030762 0.0980392157 0.0980392157 0.0980392157
v 35.660091400146484 -49.393096923828125 12.148571968078613 0.0980392157 0.0980392157 0.0980392157
v -45.593170166015625 -42.310981750488281 23.855833053588867 0.0980392157 0.0980392157 0.0980392157
v -45.247688293457031 -40.40069580078125 22.921138763427734 0.0980392157 0.0980392157 0.0980392157
v 45.061058044433594 -47.566181182861328 9.7753438949584961 0.0980392157 0.0980392157 0.0980392157
v 35.458477020263672 -50.160816192626953 10.162632942199707 0.0980392157 0.0980392157 0.0980392157
v 49.107051849365234 -49.347915649414062 11.426973342895508 0.0980392157 0.0980392157 0.0980392157
v 33.334239959716797 -47.99273681640625 9.8008413314819336 0.0980392157 0.0980392157 0.0980392157
v -2.4965260028839111 -50.649799346923828 7.8852920532226562 0.0980392157 0.0980392157 0.0980392157
v -31.285209655761719 -45.393402099609375 19.108144760131836 0.0980392157 0.0980392157 0.0980392157
v -35.951759338378906 -47.458164215087891 12.907389640808105 0.0980392157 0.0980392157 0.0980392157
v -49.191387176513672 -45.375644683837891 15.227931022644043 0.0980392157 0.0980392157 0.0980392157
v -50.349647521972656 -42.096042633056641 23.238483428955078 0.0980392157 0.0980392157 0.0980392157
v 25.629512786865234 -51.589725494384766 0.5978279709815979 0.0980392157 0.0980392157 0.0980392157
v -28.963739395141602 -48.084228515625 0.93169385194778442 0.0980392157 0.0980392157 0.0980392157
v -6.3597011566162109 -48.752185821533203 -2.4594459533691406 0.0980392157 0.0980392157 0.0980392157
v -48.478107452392578 -45.415130615234375 0.69113105535507202 0.0980392157 0.0980392157 0.0980392157
v -53.310672760009766 -43.900638580322266 -10.987890243530273 0.0980392157 0.0980392157 0.0980392157
v -35.951759338378906 -47.458164215087891 12.907389640808105 0.0980392157 0.0980392157 0.0980392157
v -49.191387176513672 -45.375644683837891 15.227931022644043 0.0980392157 0.0980392157 0.0980392157
v -2.4965260028839111 -50.649799346923828 7.8852920532226562 0.0980392157 0.0980392157 0.0980392157
v 0.98216795921325684 -47.72393798828125 -5.3790574073791504 0.0980392157 0.0980392157 0.0980392157
v 27.442255020141602 -49.294933319091797 -4.4624691009521484 0.0980392157 0.0980392157 0.0980392157
v 0.98216795921325684 -47.72393798828125 -5.3790574073791504 0.0980392157 0.0980392157 0.0980392157
v 13.372219085693359 -45.923915863037109 -8.4186773300170898 0.0980392157 0.0980392157 0.0980392157
v 27.442255020141602 -49.294933319091797 -4.4624691009521484 0.0980392157 0.0980392157 0.0980392157
v 15.702276229858398 -40.731040954589844 -10.333555221557617 0.0980392157 0.0980392157 0.0980392157
v 6.4995260238647461 -43.076141357421875 -11.875213623046875 0.0980392157 0.0980392157 0.0980392157
v -14.981161117553711 -42.022834777832031 -9.7351293563842773 0.0980392157 0.0980392157 0.0980392157
v 27.902873992919922 -40.806087493896484 -13.038496017456055 0.0980392157 0.0980392157 0.0980392157
v 29.876602172851562 -39.137832641601562 -11.369359970092773 0.0980392157 0.0980392157 0.0980392157
v 39.338027954101562 -39.685028076171875 -13.598942756652832 0.0980392157 0.0980392157 0.0980392157
v 39.669780731201172 -41.986656188964844 -14.936123847961426 0.0980392157 0.0980392157 0.0980392157
v 27.902873992919922 -40.806087493896484 -13.038496017456055 0.0980392157 0.0980392157 0.0980392157
v -90.038116455078125 -29.998971939086914 -19.120813369750977 0.0980392157 0.0980392157 0.0980392157
v -87.028373718261719 -29.999250411987305 -18.098691940307617 0.0980392157 0.0980392157 0.0980392157
v -88.673194885253906 -29.999401092529297 -15.300152778625488 0.0980392157 0.0980392157 0.0980392157
v -86.534095764160156 -29.997444152832031 -17.02577018737793 0.0980392157 0.0980392157 0.0980392157
v -76.862449645996094 -29.890766143798828 -23.896072387695312 0.0980392157 0.0980392157 0.0980392157
v -76.335517883300781 -29.667684555053711 -21.950397491455078 0.0980392157 0.0980392157 0.0980392157
v -77.129470825195312 -29.946907043457031 -10.254547119140625 0.0980392157 0.0980392157 0.0980392157
v -74.997108459472656 -29.999401092529297 -12.046931266784668 0.0980392157 0.0980392157 0.0980392157
v -74.559677124023438 -30.021923065185547 -5.4987740516662598 0.0980392157 0.0980392157 0.0980392157
v -71.982109069824219 -30.055473327636719 -12.463261604309082 0.0980392157 0.0980392157 0.0980392157
v -65.519676208496094 -35.738105773925781 -11.749960899353027 0.0980392157 0.0980392157 0.0980392157
v -71.680839538574219 -27.627714157104492 -8.5682249069213867 0.0980392157 0.0980392157 0.0980392157
v -64.676231384277344 -37.307628631591797 -8.5694255828857422 0.0980392157 0.0980392157 0.0980392157
v -53.031852722167969 -41.898445129394531 -10.053010940551758 0.0980392157 0.0980392157 0.0980392157
v -53.969364166259766 -40.575992584228516 -8.5745811462402344 0.0980392157 0.0980392157 0.0980392157
v -70.434173583984375 -27.699745178222656 -12.150157928466797 0.0980392157 0.0980392157 0.0980392157
v -74.552986145019531 -27.413719177246094 -8.5791530609130859 0.0980392157 0.0980392157 0.0980392157
v -78.313552856445312 -17.668684005737305 -8.5645971298217773 0.0980392157 0.0980392157 0.0980392157
v -71.680839538574219 -27.627714157104492 -8.5682249069213867 0.0980392157 0.0980392157 0.0980392157
v -79.885147094726562 -7.2173309326171875 -8.568171501159668 0.0980392157 0.0980392157 0.0980392157
v -80.105735778808594 4.0240011215209961 -8.5688018798828125 0.0980392157 0.0980392157 0.0980392157
v -64.676231384277344 -37.307628631591797 -8.5694255828857422 0.0980392157 0.0980392157 0.0980392157
v -71.509178161621094 27.600980758666992 -8.5679397583007812 0.0980392157 0.0980392157 0.0980392157
v -78.342544555664062 18.032352447509766 -8.5662126541137695 0.0980392157 0.0980392157 0.0980392157
v -74.501914978027344 27.462736129760742 -8.5774040222167969 0.0980392157 0.0980392157 0.0980392157
v -53.998344421386719 40.665679931640625 -8.5730762481689453 0.0980392157 0.0980392157 0.0980392157
v -53.969364166259766 -40.575992584228516 -8.5745811462402344 0.0980392157 0.0980392157 0.0980392157
v -68.260704040527344 33.333950042724609 -8.5686397552490234 0.0980392157 0.0980392157 0.0980392157
v -61.684967041015625 38.899257659912109 -8.5700578689575195 0.0980392157 0.0980392157 0.0980392157
v -75.407211303710938 -10.64954662322998 44.556995391845703 0.0980392157 0.0980392157 0.0980392157
v -84.231193542480469 -11.873010635375977 12.083242416381836 0.0980392157 0.0980392157 0.0980392157
v -74.65704345703125 -2.7814912796020508 47.358745574951172 0.0980392157 0.0980392157 0.0980392157
v -77.0828857421875 -17.587240219116211 38.182231903076172 0.0980392157 0.0980392157 0.0980392157
v -82.265083312988281 -17.681268692016602 19.322587966918945 0.0980392157 0.0980392157 0.0980392157
v -79.642936706542969 -19.978952407836914 28.898431777954102 0.0980392157 0.0980392157 0.0980392157
v -85.175506591796875 0.33409303426742554 8.6364412307739258 0.0980392157 0.0980392157 0.0980392157
v -82.426116943359375 -9.7539653778076172 -15.297930717468262 0.0980392157 0.0980392157 0.0980392157
v -82.750846862792969 5.1449236869812012 -15.435817718505859 0.0980392157 0.0980392157 0.0980392157
v -79.885147094726562 -7.2173309326171875 -8.568171501159668 0.0980392157 0.0980392157 0.0980392157
v -74.997108459472656 29.999401092529297 -12.046931266784668 0.0980392157 0.0980392157 0.0980392157
v -75.785514831542969 27.521461486816406 -11.980532646179199 0.0980392157 0.0980392157 0.0980392157
v -79.918731689453125 20.372932434082031 -14.186800956726074 0.0980392157 0.0980392157 0.0980392157
v -74.997108459472656 -29.999401092529297 -12.046931266784668 0.0980392157 0.0980392157 0.0980392157
v -79.326316833496094 -21.638114929199219 -13.941903114318848 0.0980392157 0.0980392157 0.0980392157
v -75.798629760742188 -27.516546249389648 -11.98650074005127 0.0980392157 0.0980392157 0.0980392157
v -86.534095764160156 -29.997444152832031 -17.02577018737793 0.0980392157 0.0980392157 0.0980392157
v -86.392326354980469 29.999320983886719 -16.964975357055664 0.0980392157 0.0980392157 0.0980392157
v -82.750846862792969 5.1449236869812012 -15.435817718505859 0.0980392157 0.0980392157 0.0980392157
v -82.426116943359375 -9.7539653778076172 -15.297930717468262 0.0980392157 0.0980392157 0.0980392157
v -87.050277709960938 29.999547958374023 -18.143543243408203 0.0980392157 0.0980392157 0.0980392157
v -86.392326354980469 29.999320983886719 -16.964975357055664 0.0980392157 0.0980392157 0.0980392157
v -86.534095764160156 -29.997444152832031 -17.02577018737793 0.0980392157 0.0980392157 0.0980392157
v -76.335517883300781 -29.667684555053711 -21.950397491455078 0.0980392157 0.0980392157 0.0980392157
v -87.050277709960938 29.999547958374023 -18.143543243408203 0.0980392157 0.0980392157 0.0980392157
v -87.028373718261719 -29.999250411987305 -18.098691940307617 0.0980392157 0.0980392157 0.0980392157
v -74.044593811035156 -25.807331085205078 -22.187990188598633 0.0980392157 0.0980392157 0.0980392157
v -74.048713684082031 25.822544097900391 -22.194629669189453 0.0980392157 0.0980392157 0.0980392157
v -76.188453674316406 29.667659759521484 -21.984628677368164 0.0980392157 0.0980392157 0.0980392157
v -76.335517883300781 -29.667684555053711 -21.950397491455078 0.0980392157 0.0980392157 0.0980392157
v -87.050277709960938 29.999547958374023 -18.143543243408203 0.0980392157 0.0980392157 0.0980392157
v -74.044998168945312 26.021547317504883 -24.195917129516602 0.0980392157 0.0980392157 0.0980392157
v -74.048713684082031 25.822544097900391 -22.194629669189453 0.0980392157 0.0980392157 0.0980392157
v -74.044593811035156 -25.807331085205078 -22.187990188598633 0.0980392157 0.0980392157 0.0980392157
v -74.049385070800781 -26.030055999755859 -24.187244415283203 0.0980392157 0.0980392157 0.0980392157
v -76.784873962402344 29.85609245300293 -23.946033477783203 0.0980392157 0.0980392157 0.0980392157
v -74.044998168945312 26.021547317504883 -24.195917129516602 0.0980392157 0.0980392157 0.0980392157
v -76.862449645996094 -29.890766143798828 -23.896072387695312 0.0980392157 0.0980392157 0.0980392157
v -76.862449645996094 -29.890766143798828 -23.896072387695312 0.0980392157 0.0980392157 0.0980392157
v -90.038116455078125 -29.998971939086914 -19.120813369750977 0.0980392157 0.0980392157 0.0980392157
v -76.784873962402344 29.85609245300293 -23.946033477783203 0.0980392157 0.0980392157 0.0980392157
v -90.010017395019531 29.999725341796875 -19.122425079345703 0.0980392157 0.0980392157 0.0980392157
v -90.038116455078125 -29.998971939086914 -19.120813369750977 0.0980392157 0.0980392157 0.0980392157
v -88.673194885253906 -29.999401092529297 -15.300152778625488 0.0980392157 0.0980392157 0.0980392157
v -88.673194885253906 29.999401092529297 -15.300152778625488 0.0980392157 0.0980392157 0.0980392157
v -88.673194885253906 29.999401092529297 -15.300152778625488 0.0980392157 0.0980392157 0.0980392157
v -84.837333679199219 -3.1163234710693359 -13.621164321899414 0.0980392157 0.0980392157 0.0980392157
v -84.037986755371094 11.489789962768555 -13.273807525634766 0.0980392157 0.0980392157 0.0980392157
v -81.718795776367188 20.557973861694336 -12.235221862792969 0.0980392157 0.0980392157 0.0980392157
v -82.314079284667969 -18.797826766967773 -12.500988006591797 0.0980392157 0.0980392157 0.0980392157
v -88.673194885253906 -29.999401092529297 -15.300152778625488 0.0980392157 0.0980392157 0.0980392157
v -77.129470825195312 -29.946907043457031 -10.254547119140625 0.0980392157 0.0980392157 0.0980392157
v -76.949882507324219 29.978906631469727 -10.182308197021484 0.0980392157 0.0980392157 0.0980392157
v -80.575447082519531 -12.85322093963623 -4.9525938034057617 0.0980392157 0.0980392157 0.0980392157
v -81.495124816894531 3.1476991176605225 -4.8174858093261719 0.0980392157 0.0980392157 0.0980392157
v -84.837333679199219 -3.1163234710693359 -13.621164321899414 0.0980392157 0.0980392157 0.0980392157
v -77.996658325195312 -23.271705627441406 -5.2112870216369629 0.0980392157 0.0980392157 0.0980392157
v -82.314079284667969 -18.797826766967773 -12.500988006591797 0.0980392157 0.0980392157 0.0980392157
v -77.129470825195312 -29.946907043457031 -10.254547119140625 0.0980392157 0.0980392157 0.0980392157
v -82.896263122558594 -19.157751083374023 3.1955790519714355 0.0980392157 0.0980392157 0.0980392157
v -83.96063232421875 -11.164978981018066 1.5097807645797729 0.0980392157 0.0980392157 0.0980392157
v -80.575447082519531 -12.85322093963623 -4.9525938034057617 0.0980392157 0.0980392157 0.0980392157
v -77.996658325195312 -23.271705627441406 -5.2112870216369629 0.0980392157 0.0980392157 0.0980392157
v -82.206192016601562 -20.961040496826172 29.087745666503906 0.0980392157 0.0980392157 0.0980392157
v -77.745597839355469 -12.872447967529297 45.024333953857422 0.0980392157 0.0980392157 0.0980392157
v -76.816566467285156 -3.8529739379882812 48.920162200927734 0.0980392157 0.0980392157 0.0980392157
v -79.491371154785156 -18.541913986206055 38.509189605712891 0.0980392157 0.0980392157 0.0980392157
v -87.821487426757812 -1.7614437341690063 8.1650667190551758 0.0980392157 0.0980392157 0.0980392157
v -86.715019226074219 -11.8385009765625 11.780275344848633 0.0980392157 0.0980392157 0.0980392157
v -84.968986511230469 -17.791997909545898 18.875654220581055 0.0980392157 0.0980392157 0.0980392157
v -87.121917724609375 10.234333038330078 10.982708930969238 0.0980392157 0.0980392157 0.0980392157
v -66.920799255371094 -10.991507530212402 52.137527465820312 0.0980392157 0.0980392157 0.0980392157
v -56.421649932861328 -15.584318161010742 55.377861022949219 0.0980392157 0.0980392157 0.0980392157
v -56.317157745361328 -8.1235389709472656 57.790061950683594 0.0980392157 0.0980392157 0.0980392157
v -65.539421081542969 -18.552000045776367 49.466049194335938 0.0980392157 0.0980392157 0.0980392157
v -56.542201995849609 -22.983146667480469 51.154735565185547 0.0980392157 0.0980392157 0.0980392157
v -77.745597839355469 -12.872447967529297 45.024333953857422 0.0980392157 0.0980392157 0.0980392157
v -79.491371154785156 -18.541913986206055 38.509189605712891 0.0980392157 0.0980392157 0.0980392157
v -73.607681274414062 -21.236112594604492 41.930896759033203 0.0980392157 0.0980392157 0.0980392157
v -56.453933715820312 -30.365695953369141 44.071743011474609 0.0980392157 0.0980392157 0.0980392157
v -55.537227630615234 -24.001001358032227 47.731971740722656 0.0980392157 0.0980392157 0.0980392157
v -56.542201995849609 -22.983146667480469 51.154735565185547 0.0980392157 0.0980392157 0.0980392157
v -55.208087921142578 -12.194821357727051 54.773960113525391 0.0980392157 0.0980392157 0.0980392157
v -56.421649932861328 -15.584318161010742 55.377861022949219 0.0980392157 0.0980392157 0.0980392157
v -56.317157745361328 -8.1235389709472656 57.790061950683594 0.0980392157 0.0980392157 0.0980392157
v -55.096343994140625 0.86443674564361572 56.619853973388672 0.0980392157 0.0980392157 0.0980392157
v -56.358055114746094 0.87504076957702637 58.816402435302734 0.0980392157 0.0980392157 0.0980392157
v -55.537227630615234 -24.001001358032227 47.731971740722656 0.0980392157 0.0980392157 0.0980392157
v -54.146144866943359 -29.821132659912109 42.859188079833984 0.0980392157 0.0980392157 0.0980392157
v -53.790328979492188 -16.33513069152832 53.632083892822266 0.0980392157 0.0980392157 0.0980392157
v -55.208087921142578 -12.194821357727051 54.773960113525391 0.0980392157 0.0980392157 0.0980392157
v -55.096343994140625 0.86443674564361572 56.619853973388672 0.0980392157 0.0980392157 0.0980392157
v -53.638629913330078 -5.6880998611450195 57.045745849609375 0.0980392157 0.0980392157 0.0980392157
v -53.638629913330078 -5.6880998611450195 57.045745849609375 0.0980392157 0.0980392157 0.0980392157
v -54.426315307617188 -14.846343040466309 56.659297943115234 0.0980392157 0.0980392157 0.0980392157
v -54.298679351806641 -0.92264729738235474 59.830192565917969 0.0980392157 0.0980392157 0.0980392157
v -53.790328979492188 -16.33513069152832 53.632083892822266 0.0980392157 0.0980392157 0.0980392157
v -54.146144866943359 -29.821132659912109 42.859188079833984 0.0980392157 0.0980392157 0.0980392157
v -54.503528594970703 -22.984437942504883 52.068630218505859 0.0980392157 0.0980392157 0.0980392157
v -48.078182220458984 -10.152693748474121 60.721115112304688 0.0980392157 0.0980392157 0.0980392157
v -48.177829742431641 -0.41233542561531067 62.12054443359375 0.0980392157 0.0980392157 0.0980392157
v -54.298679351806641 -0.92264729738235474 59.830192565917969 0.0980392157 0.0980392157 0.0980392157
v -54.426315307617188 -14.846343040466309 56.659297943115234 0.0980392157 0.0980392157 0.0980392157
v -54.503528594970703 -22.984437942504883 52.068630218505859 0.0980392157 0.0980392157 0.0980392157
v -47.882667541503906 -25.292324066162109 53.038852691650391 0.0980392157 0.0980392157 0.0980392157
v -54.445880889892578 -31.400142669677734 43.909751892089844 0.0980392157 0.0980392157 0.0980392157
v -44.010597229003906 -15.282925605773926 58.048358917236328 0.0980392157 0.0980392157 0.0980392157
v -43.887344360351562 -5.6452851295471191 61.147747039794922 0.0980392157 0.0980392157 0.0980392157
v -48.078182220458984 -10.152693748474121 60.721115112304688 0.0980392157 0.0980392157 0.0980392157
v -47.882667541503906 -25.292324066162109 53.038852691650391 0.0980392157 0.0980392157 0.0980392157
v -43.130577087402344 -21.910673141479492 53.249210357666016 0.0980392157 0.0980392157 0.0980392157
v -48.401470184326172 -17.052682876586914 58.091590881347656 0.0980392157 0.0980392157 0.0980392157
v -44.010597229003906 -15.282925605773926 58.048358917236328 0.0980392157 0.0980392157 0.0980392157
v -43.5416259765625 -10.530027389526367 58.896427154541016 0.0980392157 0.0980392157 0.0980392157
v -43.887344360351562 -5.6452851295471191 61.147747039794922 0.0980392157 0.0980392157 0.0980392157
v -43.130577087402344 -21.910673141479492 53.249210357666016 0.0980392157 0.0980392157 0.0980392157
v -43.505657196044922 5.9564380645751953 60.705303192138672 0.0980392157 0.0980392157 0.0980392157
v -43.5416259765625 -10.530027389526367 58.896427154541016 0.0980392157 0.0980392157 0.0980392157
v -43.130577087402344 -21.910673141479492 53.249210357666016 0.0980392157 0.0980392157 0.0980392157
v -45.308677673339844 -14.21955394744873 56.199737548828125 0.0980392157 0.0980392157 0.0980392157
v -45.076267242431641 -24.097375869750977 49.549774169921875 0.0980392157 0.0980392157 0.0980392157
v -45.239582061767578 -5.765714168548584 58.765605926513672 0.0980392157 0.0980392157 0.0980392157
v -45.219196319580078 5.1169285774230957 59.041877746582031 0.0980392157 0.0980392157 0.0980392157
v -43.505657196044922 5.9564380645751953 60.705303192138672 0.0980392157 0.0980392157 0.0980392157
v -45.239582061767578 -5.765714168548584 58.765605926513672 0.0980392157 0.0980392157 0.0980392157
v -47.908958435058594 -9.0824470520019531 58.344482421875 0.0980392157 0.0980392157 0.0980392157
v -47.934463500976562 2.3713474273681641 59.562278747558594 0.0980392157 0.0980392157 0.0980392157
v -47.753261566162109 -25.690027236938477 48.977840423583984 0.0980392157 0.0980392157 0.0980392157
v -48.015033721923828 -18.229856491088867 54.6966552734375 0.0980392157 0.0980392157 0.0980392157
v -45.076267242431641 -24.097375869750977 49.549774169921875 0.0980392157 0.0980392157 0.0980392157
v -45.308677673339844 -14.21955394744873 56.199737548828125 0.0980392157 0.0980392157 0.0980392157
v -50.91986083984375 -0.63826024532318115 58.354999542236328 0.0980392157 0.0980392157 0.0980392157
v -47.934463500976562 2.3713474273681641 59.562278747558594 0.0980392157 0.0980392157 0.0980392157
v -47.908958435058594 -9.0824470520019531 58.344482421875 0.0980392157 0.0980392157 0.0980392157
v -51.0091552734375 -12.346151351928711 56.055389404296875 0.0980392157 0.0980392157 0.0980392157
v -51.050544738769531 -21.282939910888672 51.513309478759766 0.0980392157 0.0980392157 0.0980392157
v -48.015033721923828 -18.229856491088867 54.6966552734375 0.0980392157 0.0980392157 0.0980392157
v -47.753261566162109 -25.690027236938477 48.977840423583984 0.0980392157 0.0980392157 0.0980392157
v -45.076267242431641 -24.097375869750977 49.549774169921875 0.0980392157 0.0980392157 0.0980392157
v -47.050075531005859 -31.395730972290039 42.216926574707031 0.0980392157 0.0980392157 0.0980392157
v -47.753261566162109 -25.690027236938477 48.977840423583984 0.0980392157 0.0980392157 0.0980392157
v -34.571468353271484 -36.956279754638672 28.027822494506836 0.0980392157 0.0980392157 0.0980392157
v -41.505352020263672 -34.402843475341797 33.237022399902344 0.0980392157 0.0980392157 0.0980392157
v -35.351024627685547 -36.548751831054688 31.475732803344727 0.0980392157 0.0980392157 0.0980392157
v -35.351024627685547 -36.548751831054688 31.475732803344727 0.0980392157 0.0980392157 0.0980392157
v -41.505352020263672 -34.402843475341797 33.237022399902344 0.0980392157 0.0980392157 0.0980392157
v -40.600170135498047 -33.781455993652344 36.406475067138672 0.0980392157 0.0980392157 0.0980392157
v -40.608322143554688 -36.322338104248047 34.766834259033203 0.0980392157 0.0980392157 0.0980392157
v -35.351024627685547 -36.548751831054688 31.475732803344727 0.0980392157 0.0980392157 0.0980392157
v -40.600170135498047 -33.781455993652344 36.406475067138672 0.0980392157 0.0980392157 0.0980392157
v -40.608322143554688 -36.322338104248047 34.766834259033203 0.0980392157 0.0980392157 0.0980392157
v -47.158878326416016 -33.602317810058594 43.630771636962891 0.0980392157 0.0980392157 0.0980392157
v -43.358497619628906 -39.159500122070312 32.662464141845703 0.0980392157 0.0980392157 0.0980392157
v -47.882667541503906 -25.292324066162109 53.038852691650391 0.0980392157 0.0980392157 0.0980392157
v -42.451351165771484 -27.776649475097656 47.491916656494141 0.0980392157 0.0980392157 0.0980392157
v 44.344245910644531 -47.110748291015625 11.582987785339355 0.0980392157 0.0980392157 0.0980392157
v 31.363679885864258 -47.1973876953125 11.626666069030762 0.0980392157 0.0980392157 0.0980392157
v 45.061058044433594 -47.566181182861328 9.7753438949584961 0.0980392157 0.0980392157 0.0980392157
v -54.445880889892578 -31.400142669677734 43.909751892089844 0.0980392157 0.0980392157 0.0980392157
v -47.158878326416016 -33.602317810058594 43.630771636962891 0.0980392157 0.0980392157 0.0980392157
v -47.882667541503906 -25.292324066162109 53.038852691650391 0.0980392157 0.0980392157 0.0980392157
v -45.593170166015625 -42.310981750488281 23.855833053588867 0.0980392157 0.0980392157 0.0980392157
v -51.683609008789062 -38.377967834472656 26.398462295532227 0.0980392157 0.0980392157 0.0980392157
v -45.247688293457031 -40.40069580078125 22.921138763427734 0.0980392157 0.0980392157 0.0980392157
v -51.470687866210938 -40.214805603027344 27.254692077636719 0.0980392157 0.0980392157 0.0980392157
v -53.464435577392578 -37.213809967041016 34.063121795654297 0.0980392157 0.0980392157 0.0980392157
v 3.2149767875671387 -45.823677062988281 14.846799850463867 0.0980392157 0.0980392157 0.0980392157
v -26.333494186401367 -43.646213531494141 17.605762481689453 0.0980392157 0.0980392157 0.0980392157
v 4.0353875160217285 -46.241130828857422 13.090688705444336 0.0980392157 0.0980392157 0.0980392157
v -49.073890686035156 -40.198268890380859 22.13758659362793 0.0980392157 0.0980392157 0.0980392157
v -45.247688293457031 -40.40069580078125 22.921138763427734 0.0980392157 0.0980392157 0.0980392157
v 33.334239959716797 -47.99273681640625 9.8008413314819336 0.0980392157 0.0980392157 0.0980392157
v 45.061058044433594 -47.566181182861328 9.7753438949584961 0.0980392157 0.0980392157 0.0980392157
v 31.363679885864258 -47.1973876953125 11.626666069030762 0.0980392157 0.0980392157 0.0980392157
v -26.333494186401367 -43.646213531494141 17.605762481689453 0.0980392157 0.0980392157 0.0980392157
v -31.285209655761719 -45.393402099609375 19.108144760131836 0.0980392157 0.0980392157 0.0980392157
v -5.0469098091125488 -47.839080810546875 15.007993698120117 0.0980392157 0.0980392157 0.0980392157
v 35.458477020263672 -50.160816192626953 10.162632942199707 0.0980392157 0.0980392157 0.0980392157
v 4.0353875160217285 -46.241130828857422 13.090688705444336 0.0980392157 0.0980392157 0.0980392157
v -50.349647521972656 -42.096042633056641 23.238483428955078 0.0980392157 0.0980392157 0.0980392157
v -49.073890686035156 -40.198268890380859 22.13758659362793 0.0980392157 0.0980392157 0.0980392157
v 33.334239959716797 -47.99273681640625 9.8008413314819336 0.0980392157 0.0980392157 0.0980392157
v -50.349647521972656 -42.096042633056641 23.238483428955078 0.0980392157 0.0980392157 0.0980392157
v -54.281085968017578 -39.437103271484375 28.131380081176758 0.0980392157 0.0980392157 0.0980392157
v -62.243625640869141 -39.907733917236328 23.061553955078125 0.0980392157 0.0980392157 0.0980392157
v -63.306129455566406 -34.752902984619141 33.302135467529297 0.0980392157 0.0980392157 0.0980392157
v -73.131813049316406 -35.289958953857422 7.8750996589660645 0.0980392157 0.0980392157 0.0980392157
v -66.668235778808594 -39.989688873291016 8.7892694473266602 0.0980392157 0.0980392157 0.0980392157
v -70.024627685546875 -36.372844696044922 18.7529296875 0.0980392157 0.0980392157 0.0980392157
v -76.853111267089844 -30.449796676635742 16.239072799682617 0.0980392157 0.0980392157 0.0980392157
v -73.78082275390625 -30.508857727050781 26.635124206542969 0.0980392157 0.0980392157 0.0980392157
v -82.206192016601562 -20.961040496826172 29.087745666503906 0.0980392157 0.0980392157 0.0980392157
v -71.308120727539062 -30.146001815795898 32.565582275390625 0.0980392157 0.0980392157 0.0980392157
v -58.684463500976562 -43.206863403320312 16.916330337524414 0.0980392157 0.0980392157 0.0980392157
v -66.668235778808594 -39.989688873291016 8.7892694473266602 0.0980392157 0.0980392157 0.0980392157
v -67.691963195800781 -38.510879516601562 -1.1972111463546753 0.0980392157 0.0980392157 0.0980392157
v -59.253887176513672 -42.442516326904297 -2.1166059970855713 0.0980392157 0.0980392157 0.0980392157
v -62.7645263671875 -40.697296142578125 -11.518315315246582 0.0980392157 0.0980392157 0.0980392157
v -53.310672760009766 -43.900638580322266 -10.987890243530273 0.0980392157 0.0980392157 0.0980392157
v -48.478107452392578 -45.415130615234375 0.69113105535507202 0.0980392157 0.0980392157 0.0980392157
v -86.715019226074219 -11.8385009765625 11.780275344848633 0.0980392157 0.0980392157 0.0980392157
v -82.896263122558594 -19.157751083374023 3.1955790519714355 0.0980392157 0.0980392157 0.0980392157
v -84.968986511230469 -17.791997909545898 18.875654220581055 0.0980392157 0.0980392157 0.0980392157
v -77.996658325195312 -23.271705627441406 -5.2112870216369629 0.0980392157 0.0980392157 0.0980392157
v -74.559677124023438 -30.021923065185547 -5.4987740516662598 0.0980392157 0.0980392157 0.0980392157
v -78.930648803710938 -26.966642379760742 1.9177176952362061 0.0980392157 0.0980392157 0.0980392157
v -79.298347473144531 -27.89710807800293 8.9927558898925781 0.0980392157 0.0980392157 0.0980392157
v -74.333694458007812 -33.335674285888672 1.6632446050643921 0.0980392157 0.0980392157 0.0980392157
v -74.559677124023438 -30.021923065185547 -5.4987740516662598 0.0980392157 0.0980392157 0.0980392157
v -77.996658325195312 -23.271705627441406 -5.2112870216369629 0.0980392157 0.0980392157 0.0980392157
v -77.129470825195312 -29.946907043457031 -10.254547119140625 0.0980392157 0.0980392157 0.0980392157
v -71.982109069824219 -30.055473327636719 -12.463261604309082 0.0980392157 0.0980392157 0.0980392157
v -74.997108459472656 -29.999401092529297 -12.046931266784668 0.0980392157 0.0980392157 0.0980392157
v -70.434173583984375 -27.699745178222656 -12.150157928466797 0.0980392157 0.0980392157 0.0980392157
v -76.335517883300781 -29.667684555053711 -21.950397491455078 0.0980392157 0.0980392157 0.0980392157
v -76.862449645996094 -29.890766143798828 -23.896072387695312 0.0980392157 0.0980392157 0.0980392157
v -74.049385070800781 -26.030055999755859 -24.187244415283203 0.0980392157 0.0980392157 0.0980392157
v -65.519676208496094 -35.738105773925781 -11.749960899353027 0.0980392157 0.0980392157 0.0980392157
v -68.391464233398438 -36.120399475097656 -12.294182777404785 0.0980392157 0.0980392157 0.0980392157
v -71.982109069824219 -30.055473327636719 -12.463261604309082 0.0980392157 0.0980392157 0.0980392157
v -79.326316833496094 -21.638114929199219 -13.941903114318848 0.0980392157 0.0980392157 0.0980392157
v -74.552986145019531 -27.413719177246094 -8.5791530609130859 0.0980392157 0.0980392157 0.0980392157
v -75.798629760742188 -27.516546249389648 -11.98650074005127 0.0980392157 0.0980392157 0.0980392157
v -64.266998291015625 -27.985849380493164 42.483573913574219 0.0980392157 0.0980392157 0.0980392157
v -63.306129455566406 -34.752902984619141 33.302135467529297 0.0980392157 0.0980392157 0.0980392157
v -56.051738739013672 -35.368869781494141 36.656898498535156 0.0980392157 0.0980392157 0.0980392157
v -55.325004577636719 -31.342449188232422 38.954742431640625 0.0980392157 0.0980392157 0.0980392157
v -55.537227630615234 -24.001001358032227 47.731971740722656 0.0980392157 0.0980392157 0.0980392157
v -56.453933715820312 -30.365695953369141 44.071743011474609 0.0980392157 0.0980392157 0.0980392157
v -55.537227630615234 -24.001001358032227 47.731971740722656 0.0980392157 0.0980392157 0.0980392157
v -55.325004577636719 -31.342449188232422 38.954742431640625 0.0980392157 0.0980392157 0.0980392157
v -54.146144866943359 -29.821132659912109 42.859188079833984 0.0980392157 0.0980392157 0.0980392157
v -53.910865783691406 -37.374580383300781 27.475015640258789 0.0980392157 0.0980392157 0.0980392157
v -51.683609008789062 -38.377967834472656 26.398462295532227 0.0980392157 0.0980392157 0.0980392157
v -54.146144866943359 -29.821132659912109 42.859188079833984 0.0980392157 0.0980392157 0.0980392157
v -54.445880889892578 -31.400142669677734 43.909751892089844 0.0980392157 0.0980392157 0.0980392157
v -54.503528594970703 -22.984437942504883 52.068630218505859 0.0980392157 0.0980392157 0.0980392157
v -40.608322143554688 -36.322338104248047 34.766834259033203 0.0980392157 0.0980392157 0.0980392157
v -40.600170135498047 -33.781455993652344 36.406475067138672 0.0980392157 0.0980392157 0.0980392157
v -42.451351165771484 -27.776649475097656 47.491916656494141 0.0980392157 0.0980392157 0.0980392157
v -42.451351165771484 -27.776649475097656 47.491916656494141 0.0980392157 0.0980392157 0.0980392157
v -43.896453857421875 -30.928745269775391 40.470623016357422 0.0980392157 0.0980392157 0.0980392157
v -45.076267242431641 -24.097375869750977 49.549774169921875 0.0980392157 0.0980392157 0.0980392157
v -43.130577087402344 -21.910673141479492 53.249210357666016 0.0980392157 0.0980392157 0.0980392157
v -53.910865783691406 -37.374580383300781 27.475015640258789 0.0980392157 0.0980392157 0.0980392157
v -54.281085968017578 -39.437103271484375 28.131380081176758 0.0980392157 0.0980392157 0.0980392157
v -50.349647521972656 -42.096042633056641 23.238483428955078 0.0980392157 0.0980392157 0.0980392157
v -56.051738739013672 -35.368869781494141 36.656898498535156 0.0980392157 0.0980392157 0.0980392157
v -49.073890686035156 -40.198268890380859 22.13758659362793 0.0980392157 0.0980392157 0.0980392157
v -67.691963195800781 -38.510879516601562 -1.1972111463546753 0.0980392157 0.0980392157 0.0980392157
v -66.668235778808594 -39.989688873291016 8.7892694473266602 0.0980392157 0.0980392157 0.0980392157
v -73.131813049316406 -35.289958953857422 7.8750996589660645 0.0980392157 0.0980392157 0.0980392157
v -82.206192016601562 -20.961040496826172 29.087745666503906 0.0980392157 0.0980392157 0.0980392157
v -84.968986511230469 -17.791997909545898 18.875654220581055 0.0980392157 0.0980392157 0.0980392157
v -79.298347473144531 -27.89710807800293 8.9927558898925781 0.0980392157 0.0980392157 0.0980392157
v -70.434173583984375 -27.699745178222656 -12.150157928466797 0.0980392157 0.0980392157 0.0980392157
v -65.519676208496094 -35.738105773925781 -11.749960899353027 0.0980392157 0.0980392157 0.0980392157
v -71.982109069824219 -30.055473327636719 -12.463261604309082 0.0980392157 0.0980392157 0.0980392157
v -75.798629760742188 -27.516546249389648 -11.98650074005127 0.0980392157 0.0980392157 0.0980392157
v -74.552986145019531 -27.413719177246094 -8.5791530609130859 0.0980392157 0.0980392157 0.0980392157
v -71.680839538574219 -27.627714157104492 -8.5682249069213867 0.0980392157 0.0980392157 0.0980392157
v -70.434173583984375 -27.699745178222656 -12.150157928466797 0.0980392157 0.0980392157 0.0980392157
v 0.98216795921325684 -47.72393798828125 -5.3790574073791504 0.0980392157 0.0980392157 0.0980392157
v -53.310672760009766 -43.900638580322266 -10.987890243530273 0.0980392157 0.0980392157 0.0980392157
v -29.645639419555664 -44.504692077636719 -10.80854320526123 0.0980392157 0.0980392157 0.0980392157
v 13.372219085693359 -45.923915863037109 -8.4186773300170898 0.0980392157 0.0980392157 0.0980392157
v 6.4995260238647461 -43.076141357421875 -11.875213623046875 0.0980392157 0.0980392157 0.0980392157
v 51.722194671630859 49.205230712890625 -10.744417190551758 0.0980392157 0.0980392157 0.0980392157
v 47.021194458007812 44.491832733154297 -16.769397735595703 0.0980392157 0.0980392157 0.0980392157
v 35.976696014404297 41.266349792480469 -14.23561954498291 0.0980392157 0.0980392157 0.0980392157
v 37.570556640625 45.567447662353516 -10.011741638183594 0.0980392157 0.0980392157 0.0980392157
v 26.347263336181641 40.855556488037109 -12.864404678344727 0.0980392157 0.0980392157 0.0980392157
v 16.661670684814453 45.881507873535156 -8.4793224334716797 0.0980392157 0.0980392157 0.0980392157
v 157.01954650878906 40.590591430664062 -21.825565338134766 0.0980392157 0.0980392157 0.0980392157
v 164.44769287109375 22.099966049194336 -17.835281372070312 0.0980392157 0.0980392157 0.0980392157
v 170.45771789550781 33.297298431396484 -14.149502754211426 0.0980392157 0.0980392157 0.0980392157
v 158.04231262207031 26.583986282348633 -21.39234733581543 0.0980392157 0.0980392157 0.0980392157
v 178.7916259765625 22.892044067382812 -9.4312429428100586 0.0980392157 0.0980392157 0.0980392157
v 174.50982666015625 30.381378173828125 -4.8262629508972168 0.0980392157 0.0980392157 0.0980392157
v 166.34565734863281 36.803379058837891 -7.9218072891235352 0.0980392157 0.0980392157 0.0980392157
v 170.05546569824219 32.889400482177734 -11.43483829498291 0.0980392157 0.0980392157 0.0980392157
v 160.63340759277344 38.740703582763672 -15.427244186401367 0.0980392157 0.0980392157 0.0980392157
v 170.45771789550781 33.297298431396484 -14.149502754211426 0.0980392157 0.0980392157 0.0980392157
v 178.7916259765625 22.892044067382812 -9.4312429428100586 0.0980392157 0.0980392157 0.0980392157
v 170.05546569824219 32.889400482177734 -11.43483829498291 0.0980392157 0.0980392157 0.0980392157
v 178.7916259765625 22.892044067382812 -9.4312429428100586 0.0980392157 0.0980392157 0.0980392157
v 164.44769287109375 22.099966049194336 -17.835281372070312 0.0980392157 0.0980392157 0.0980392157
v 173.25151062011719 19.382381439208984 -12.686239242553711 0.0980392157 0.0980392157 0.0980392157
v 170.45771789550781 33.297298431396484 -14.149502754211426 0.0980392157 0.0980392157 0.0980392157
v 161.66896057128906 38.924854278564453 -18.162754058837891 0.0980392157 0.0980392157 0.0980392157
v 157.01954650878906 40.590591430664062 -21.825565338134766 0.0980392157 0.0980392157 0.0980392157
v 158.04231262207031 26.583986282348633 -21.39234733581543 0.0980392157 0.0980392157 0.0980392157
v 157.01954650878906 40.590591430664062 -21.825565338134766 0.0980392157 0.0980392157 0.0980392157
v 149.71693420410156 36.844245910644531 -22.212471008300781 0.0980392157 0.0980392157 0.0980392157
v 164.44769287109375 22.099966049194336 -17.835281372070312 0.0980392157 0.0980392157 0.0980392157
v 158.04231262207031 26.583986282348633 -21.39234733581543 0.0980392157 0.0980392157 0.0980392157
v 160.94859313964844 23.871982574462891 -22.275428771972656 0.0980392157 0.0980392157 0.0980392157
v 155.469482421875 29.865564346313477 -24.520885467529297 0.0980392157 0.0980392157 0.0980392157
v 179.39486694335938 23.02827262878418 -1.8259552717208862 0.0980392157 0.0980392157 0.0980392157
v 177.10289001464844 22.999382019042969 -6.4113354682922363 0.0980392157 0.0980392157 0.0980392157
v 173.46817016601562 22.978300094604492 -5.1126537322998047 0.0980392157 0.0980392157 0.0980392157
v 178.7916259765625 22.892044067382812 -9.4312429428100586 0.0980392157 0.0980392157 0.0980392157
v 153.43109130859375 43.612728118896484 -13.26362133026123 0.0980392157 0.0980392157 0.0980392157
v 138.92488098144531 48.510234832763672 -14.911555290222168 0.0980392157 0.0980392157 0.0980392157
v 150.14752197265625 42.514873504638672 -22.070024490356445 0.0980392157 0.0980392157 0.0980392157
v 160.63340759277344 38.740703582763672 -15.427244186401367 0.0980392157 0.0980392157 0.0980392157
v 170.45771789550781 33.297298431396484 -14.149502754211426 0.0980392157 0.0980392157 0.0980392157
v 170.05546569824219 32.889400482177734 -11.43483829498291 0.0980392157 0.0980392157 0.0980392157
v 160.63340759277344 38.740703582763672 -15.427244186401367 0.0980392157 0.0980392157 0.0980392157
v 149.71693420410156 36.844245910644531 -22.212471008300781 0.0980392157 0.0980392157 0.0980392157
v 108.26706695556641 48.929641723632812 -22.180820465087891 0.0980392157 0.0980392157 0.0980392157
v 85.600914001464844 37.000724792480469 -22.173042297363281 0.0980392157 0.0980392157 0.0980392157
v 139.66375732421875 45.428684234619141 -22.187868118286133 0.0980392157 0.0980392157 0.0980392157
v 150.14752197265625 42.514873504638672 -22.070024490356445 0.0980392157 0.0980392157 0.0980392157
v 152.55189514160156 43.245689392089844 -24.715654373168945 0.0980392157 0.0980392157 0.0980392157
v 158.54226684570312 40.241668701171875 -23.663875579833984 0.0980392157 0.0980392157 0.0980392157
v 155.469482421875 29.865564346313477 -24.520885467529297 0.0980392157 0.0980392157 0.0980392157
v 170.2928466796875 34.106861114501953 -16.581600189208984 0.0980392157 0.0980392157 0.0980392157
v 160.94859313964844 23.871982574462891 -22.275428771972656 0.0980392157 0.0980392157 0.0980392157
v 158.54226684570312 40.241668701171875 -23.663875579833984 0.0980392157 0.0980392157 0.0980392157
v 179.42271423339844 25.867233276367188 -11.418547630310059 0.0980392157 0.0980392157 0.0980392157
v 172.90592956542969 19.603479385375977 -15.185121536254883 0.0980392157 0.0980392157 0.0980392157
v 164.44769287109375 22.099966049194336 -17.835281372070312 0.0980392157 0.0980392157 0.0980392157
v 160.94859313964844 23.871982574462891 -22.275428771972656 0.0980392157 0.0980392157 0.0980392157
v 173.25151062011719 19.382381439208984 -12.686239242553711 0.0980392157 0.0980392157 0.0980392157
v 175.2926025390625 14.89594841003418 -13.804427146911621 0.0980392157 0.0980392157 0.0980392157
v 173.22409057617188 10.696366310119629 -12.703533172607422 0.0980392157 0.0980392157 0.0980392157
v 175.12907409667969 14.877505302429199 -11.59125804901123 0.0980392157 0.0980392157 0.0980392157
v 166.46464538574219 8.2684202194213867 -16.606380462646484 0.0980392157 0.0980392157 0.0980392157
v 172.80731201171875 10.430506706237793 -15.243012428283691 0.0980392157 0.0980392157 0.0980392157
v 166.43197631835938 8.0167551040649414 -18.922422409057617 0.0980392157 0.0980392157 0.0980392157
v 155.25244140625 37.956245422363281 0.099023707211017609 0.0980392157 0.0980392157 0.0980392157
v 139.57315063476562 42.682807922363281 -0.16462717950344086 0.0980392157 0.0980392157 0.0980392157
v 141.078857421875 45.621803283691406 -7.3798418045043945 0.0980392157 0.0980392157 0.0980392157
v 173.19436645507812 15.804166793823242 6.6849699020385742 0.0980392157 0.0980392157 0.0980392157
v 170.15087890625 23.055395126342773 5.8583693504333496 0.0980392157 0.0980392157 0.0980392157
v 176.65673828125 22.92808723449707 1.6568055152893066 0.0980392157 0.0980392157 0.0980392157
v 175.04171752929688 6.9818172454833984 7.042966365814209 0.0980392157 0.0980392157 0.0980392157
v 183.41201782226562 11.764988899230957 0.75016087293624878 0.0980392157 0.0980392157 0.0980392157
v 156.03521728515625 40.672760009765625 -6.6411128044128418 0.0980392157 0.0980392157 0.0980392157
v 166.25119018554688 31.394981384277344 2.0897200107574463 0.0980392157 0.0980392157 0.0980392157
v 166.34565734863281 36.803379058837891 -7.9218072891235352 0.0980392157 0.0980392157 0.0980392157
v 174.50982666015625 30.381378173828125 -4.8262629508972168 0.0980392157 0.0980392157 0.0980392157
v 150.23019409179688 36.403152465820312 4.9733114242553711 0.0980392157 0.0980392157 0.0980392157
v 161.73684692382812 30.660068511962891 5.5025372505187988 0.0980392157 0.0980392157 0.0980392157
v 181.1597900390625 -0.99189907312393188 3.8050336837768555 0.0980392157 0.0980392157 0.0980392157
v 174.34654235839844 -7.848853588104248 7.2111654281616211 0.0980392157 0.0980392157 0.0980392157
v 153.43109130859375 43.612728118896484 -13.26362133026123 0.0980392157 0.0980392157 0.0980392157
v 179.39486694335938 23.02827262878418 -1.8259552717208862 0.0980392157 0.0980392157 0.0980392157
v 183.82003784179688 -6.0576796531677246 0.91523909568786621 0.0980392157 0.0980392157 0.0980392157
v 154.57768249511719 9.4617824554443359 11.723372459411621 0.0980392157 0.0980392157 0.0980392157
v 150.5997314453125 19.609762191772461 11.149559020996094 0.0980392157 0.0980392157 0.0980392157
v 163.01597595214844 10.391881942749023 9.4835519790649414 0.0980392157 0.0980392157 0.0980392157
v 174.34654235839844 -7.848853588104248 7.2111654281616211 0.0980392157 0.0980392157 0.0980392157
v 173.19436645507812 15.804166793823242 6.6849699020385742 0.0980392157 0.0980392157 0.0980392157
v 170.15087890625 23.055395126342773 5.8583693504333496 0.0980392157 0.0980392157 0.0980392157
v 150.0478515625 -0.44248372316360474 10.592844009399414 0.0980392157 0.0980392157 0.0980392157
v 148.72024536132812 11.719281196594238 10.597347259521484 0.0980392157 0.0980392157 0.0980392157
v 152.21290588378906 14.027420043945312 10.168252944946289 0.0980392157 0.0980392157 0.0980392157
v 91.996940612792969 0.11709081381559372 32.786697387695312 0.0980392157 0.0980392157 0.0980392157
v 91.647750854492188 10.890704154968262 32.418315887451172 0.0980392157 0.0980392157 0.0980392157
v 124.04103088378906 -2.4907035827636719 21.516595840454102 0.0980392157 0.0980392157 0.0980392157
v 90.785369873046875 19.564567565917969 31.49665641784668 0.0980392157 0.0980392157 0.0980392157
v 126.71943664550781 11.268638610839844 20.119836807250977 0.0980392157 0.0980392157 0.0980392157
v 145.98764038085938 14.488744735717773 13.532605171203613 0.0980392157 0.0980392157 0.0980392157
v 128.46237182617188 21.792928695678711 17.37272834777832 0.0980392157 0.0980392157 0.0980392157
v 81.943023681640625 18.807300567626953 35.290275573730469 0.0980392157 0.0980392157 0.0980392157
v 84.407981872558594 7.0783052444458008 35.479572296142578 0.0980392157 0.0980392157 0.0980392157
v 80.738204956054688 10.75532341003418 37.893058776855469 0.0980392157 0.0980392157 0.0980392157
v 80.738204956054688 10.75532341003418 37.893058776855469 0.0980392157 0.0980392157 0.0980392157
v 80.803665161132812 -8.0092849731445312 38.168346405029297 0.0980392157 0.0980392157 0.0980392157
v 74.415565490722656 8.6597166061401367 44.854427337646484 0.0980392157 0.0980392157 0.0980392157
v 81.943023681640625 18.807300567626953 35.290275573730469 0.0980392157 0.0980392157 0.0980392157
v 74.415565490722656 8.6597166061401367 44.854427337646484 0.0980392157 0.0980392157 0.0980392157
v 70.026519775390625 23.914440155029297 43.544990539550781 0.0980392157 0.0980392157 0.0980392157
v 72.824874877929688 23.466766357421875 43.202037811279297 0.0980392157 0.0980392157 0.0980392157
v 68.918327331542969 22.58843994140625 45.595226287841797 0.0980392157 0.0980392157 0.0980392157
v 70.026519775390625 23.914440155029297 43.544990539550781 0.0980392157 0.0980392157 0.0980392157
v 71.759452819824219 7.8666090965270996 45.151496887207031 0.0980392157 0.0980392157 0.0980392157
v 68.918327331542969 22.58843994140625 45.595226287841797 0.0980392157 0.0980392157 0.0980392157
v 70.26605224609375 5.8797998428344727 47.077327728271484 0.0980392157 0.0980392157 0.0980392157
v 70.341964721679688 21.137552261352539 46.636554718017578 0.0980392157 0.0980392157 0.0980392157
v 71.808509826660156 -1.7471908330917358 47.891410827636719 0.0980392157 0.0980392157 0.0980392157
v 71.808509826660156 -1.7471908330917358 47.891410827636719 0.0980392157 0.0980392157 0.0980392157
v 75.176986694335938 15.29826545715332 46.691730499267578 0.0980392157 0.0980392157 0.0980392157
v 70.341964721679688 21.137552261352539 46.636554718017578 0.0980392157 0.0980392157 0.0980392157
v 83.424217224121094 4.875798225402832 39.263374328613281 0.0980392157 0.0980392157 0.0980392157
v 75.176986694335938 15.29826545715332 46.691730499267578 0.0980392157 0.0980392157 0.0980392157
v 75.758201599121094 1.9498769044876099 47.179920196533203 0.0980392157 0.0980392157 0.0980392157
v 83.848457336425781 19.432075500488281 36.856708526611328 0.0980392157 0.0980392157 0.0980392157
v 87.083969116210938 10.765480995178223 36.760250091552734 0.0980392157 0.0980392157 0.0980392157
v 83.424217224121094 4.875798225402832 39.263374328613281 0.0980392157 0.0980392157 0.0980392157
v 87.010780334472656 -0.78865867853164673 37.13629150390625 0.0980392157 0.0980392157 0.0980392157
v 132.87020874023438 23.633941650390625 18.192838668823242 0.0980392157 0.0980392157 0.0980392157
v 116.45176696777344 22.12188720703125 24.221225738525391 0.0980392157 0.0980392157 0.0980392157
v 124.20507049560547 16.74323844909668 22.727273941040039 0.0980392157 0.0980392157 0.0980392157
v 83.848457336425781 19.432075500488281 36.856708526611328 0.0980392157 0.0980392157 0.0980392157
v 130.32777404785156 8.3668651580810547 21.80589485168457 0.0980392157 0.0980392157 0.0980392157
v 87.083969116210938 10.765480995178223 36.760250091552734 0.0980392157 0.0980392157 0.0980392157
v 87.010780334472656 -0.78865867853164673 37.13629150390625 0.0980392157 0.0980392157 0.0980392157
v 151.01261901855469 0.043567303568124771 15.618639945983887 0.0980392157 0.0980392157 0.0980392157
v 150.23330688476562 12.728122711181641 15.175627708435059 0.0980392157 0.0980392157 0.0980392157
v 146.14495849609375 18.311119079589844 15.431503295898438 0.0980392157 0.0980392157 0.0980392157
v 150.63893127441406 -1.095597505569458 13.308059692382812 0.0980392157 0.0980392157 0.0980392157
v 149.55513000488281 13.685752868652344 12.929946899414062 0.0980392157 0.0980392157 0.0980392157
v 150.23330688476562 12.728122711181641 15.175627708435059 0.0980392157 0.0980392157 0.0980392157
v 153.07818603515625 0.082229971885681152 14.98869800567627 0.0980392157 0.0980392157 0.0980392157
v 151.27264404296875 13.94455623626709 12.440807342529297 0.0980392157 0.0980392157 0.0980392157
v 152.27772521972656 -3.0985808372497559 12.914458274841309 0.0980392157 0.0980392157 0.0980392157
v 170.31794738769531 24.847658157348633 7.9510622024536133 0.0980392157 0.0980392157 0.0980392157
v 152.32888793945312 12.526588439941406 14.59173583984375 0.0980392157 0.0980392157 0.0980392157
v 174.98945617675781 15.476017951965332 8.798741340637207 0.0980392157 0.0980392157 0.0980392157
v 147.84280395507812 19.870515823364258 14.634637832641602 0.0980392157 0.0980392157 0.0980392157
v 145.71153259277344 28.714553833007812 12.45550537109375 0.0980392157 0.0980392157 0.0980392157
v 164.91841125488281 2.9245977401733398 11.905581474304199 0.0980392157 0.0980392157 0.0980392157
v 176.00123596191406 1.0652703046798706 9.6408071517944336 0.0980392157 0.0980392157 0.0980392157
v 123.15731048583984 28.936367034912109 19.254507064819336 0.0980392157 0.0980392157 0.0980392157
v 158.95724487304688 41.535396575927734 -4.0980157852172852 0.0980392157 0.0980392157 0.0980392157
v 146.47537231445312 42.654911041259766 1.9242503643035889 0.0980392157 0.0980392157 0.0980392157
v 165.01309204101562 36.489849090576172 0.81347036361694336 0.0980392157 0.0980392157 0.0980392157
v 178.9483642578125 22.908418655395508 3.1114475727081299 0.0980392157 0.0980392157 0.0980392157
v 170.31794738769531 24.847658157348633 7.9510622024536133 0.0980392157 0.0980392157 0.0980392157
v 174.98945617675781 15.476017951965332 8.798741340637207 0.0980392157 0.0980392157 0.0980392157
v 176.00123596191406 1.0652703046798706 9.6408071517944336 0.0980392157 0.0980392157 0.0980392157
v 182.744873046875 2.0947656631469727 5.7978320121765137 0.0980392157 0.0980392157 0.0980392157
v 153.95704650878906 46.146106719970703 -13.673613548278809 0.0980392157 0.0980392157 0.0980392157
v 142.90052795410156 46.455482482910156 -3.8663358688354492 0.0980392157 0.0980392157 0.0980392157
v 163.26235961914062 31.396091461181641 7.3985781669616699 0.0980392157 0.0980392157 0.0980392157
v 173.15643310546875 29.978841781616211 2.3271358013153076 0.0980392157 0.0980392157 0.0980392157
v 183.31272888183594 14.081863403320312 3.3754208087921143 0.0980392157 0.0980392157 0.0980392157
v 184.39791870117188 18.870925903320312 -0.49940910935401917 0.0980392157 0.0980392157 0.0980392157
v 180.77723693847656 26.227012634277344 -2.1687335968017578 0.0980392157 0.0980392157 0.0980392157
v 175.46890258789062 32.906730651855469 -5.2430219650268555 0.0980392157 0.0980392157 0.0980392157
v 166.63920593261719 39.712104797363281 -9.0052108764648438 0.0980392157 0.0980392157 0.0980392157
v 186.51075744628906 7.0502042770385742 1.2682292461395264 0.0980392157 0.0980392157 0.0980392157
v 184.39791870117188 18.870925903320312 -0.49940910935401917 0.0980392157 0.0980392157 0.0980392157
v 183.31272888183594 14.081863403320312 3.3754208087921143 0.0980392157 0.0980392157 0.0980392157
v 186.51075744628906 7.0502042770385742 1.2682292461395264 0.0980392157 0.0980392157 0.0980392157
v 170.2928466796875 34.106861114501953 -16.581600189208984 0.0980392157 0.0980392157 0.0980392157
v 158.54226684570312 40.241668701171875 -23.663875579833984 0.0980392157 0.0980392157 0.0980392157
v 166.63920593261719 39.712104797363281 -9.0052108764648438 0.0980392157 0.0980392157 0.0980392157
v 175.46890258789062 32.906730651855469 -5.2430219650268555 0.0980392157 0.0980392157 0.0980392157
v 108.26706695556641 48.929641723632812 -22.180820465087891 0.0980392157 0.0980392157 0.0980392157
v 102.07250213623047 54.135166168212891 -14.426803588867188 0.0980392157 0.0980392157 0.0980392157
v 78.556022644042969 51.223823547363281 -20.736690521240234 0.0980392157 0.0980392157 0.0980392157
v 139.66375732421875 45.428684234619141 -22.187868118286133 0.0980392157 0.0980392157 0.0980392157
v 138.92488098144531 48.510234832763672 -14.911555290222168 0.0980392157 0.0980392157 0.0980392157
v 120.27854156494141 52.030994415283203 -14.831218719482422 0.0980392157 0.0980392157 0.0980392157
v 139.66375732421875 45.428684234619141 -22.187868118286133 0.0980392157 0.0980392157 0.0980392157
v 120.27854156494141 52.030994415283203 -14.831218719482422 0.0980392157 0.0980392157 0.0980392157
v 108.26706695556641 48.929641723632812 -22.180820465087891 0.0980392157 0.0980392157 0.0980392157
v 78.556022644042969 51.223823547363281 -20.736690521240234 0.0980392157 0.0980392157 0.0980392157
v 77.077827453613281 36.994361877441406 -20.182985305786133 0.0980392157 0.0980392157 0.0980392157
v 86.043083190917969 49.983768463134766 -22.167722702026367 0.0980392157 0.0980392157 0.0980392157
v 70.898712158203125 51.363208770751953 -16.873945236206055 0.0980392157 0.0980392157 0.0980392157
v 69.923164367675781 36.9981689453125 -16.051834106445312 0.0980392157 0.0980392157 0.0980392157
v 149.71693420410156 36.844245910644531 -22.212471008300781 0.0980392157 0.0980392157 0.0980392157
v 85.600914001464844 37.000724792480469 -22.173042297363281 0.0980392157 0.0980392157 0.0980392157
v 149.2818603515625 36.892421722412109 -24.693719863891602 0.0980392157 0.0980392157 0.0980392157
v 132.34709167480469 47.904071807861328 -24.687980651855469 0.0980392157 0.0980392157 0.0980392157
v 88.1923828125 37.000003814697266 -24.688241958618164 0.0980392157 0.0980392157 0.0980392157
v 86.977584838867188 51.398651123046875 -24.682231903076172 0.0980392157 0.0980392157 0.0980392157
v 149.2818603515625 36.892421722412109 -24.693719863891602 0.0980392157 0.0980392157 0.0980392157
v 141.77450561523438 46.583400726318359 -24.688432693481445 0.0980392157 0.0980392157 0.0980392157
v 152.55189514160156 43.245689392089844 -24.715654373168945 0.0980392157 0.0980392157 0.0980392157
v 155.469482421875 29.865564346313477 -24.520885467529297 0.0980392157 0.0980392157 0.0980392157
v 142.28262329101562 49.730262756347656 -16.627145767211914 0.0980392157 0.0980392157 0.0980392157
v 152.55189514160156 43.245689392089844 -24.715654373168945 0.0980392157 0.0980392157 0.0980392157
v 141.77450561523438 46.583400726318359 -24.688432693481445 0.0980392157 0.0980392157 0.0980392157
v 124.77255249023438 47.220489501953125 -3.4279708862304688 0.0980392157 0.0980392157 0.0980392157
v 116.73861694335938 43.822101593017578 5.4452190399169922 0.0980392157 0.0980392157 0.0980392157
v 102.32062530517578 50.702621459960938 -5.3981342315673828 0.0980392157 0.0980392157 0.0980392157
v 138.92488098144531 48.510234832763672 -14.911555290222168 0.0980392157 0.0980392157 0.0980392157
v 141.078857421875 45.621803283691406 -7.3798418045043945 0.0980392157 0.0980392157 0.0980392157
v 120.27854156494141 52.030994415283203 -14.831218719482422 0.0980392157 0.0980392157 0.0980392157
v 139.57315063476562 42.682807922363281 -0.16462717950344086 0.0980392157 0.0980392157 0.0980392157
v 81.89910888671875 46.245342254638672 7.852266788482666 0.0980392157 0.0980392157 0.0980392157
v 104.10509490966797 45.670780181884766 5.2208466529846191 0.0980392157 0.0980392157 0.0980392157
v 153.43109130859375 43.612728118896484 -13.26362133026123 0.0980392157 0.0980392157 0.0980392157
v 110.47219848632812 40.801891326904297 9.9611234664916992 0.0980392157 0.0980392157 0.0980392157
v 96.137054443359375 35.829509735107422 20.044635772705078 0.0980392157 0.0980392157 0.0980392157
v 94.842323303222656 41.648643493652344 12.750861167907715 0.0980392157 0.0980392157 0.0980392157
v 120.25090026855469 37.251293182373047 11.162847518920898 0.0980392157 0.0980392157 0.0980392157
v 134.36090087890625 40.824752807617188 5.0781950950622559 0.0980392157 0.0980392157 0.0980392157
v 136.53427124023438 34.784297943115234 8.7592439651489258 0.0980392157 0.0980392157 0.0980392157
v 104.10509490966797 45.670780181884766 5.2208466529846191 0.0980392157 0.0980392157 0.0980392157
v 116.73861694335938 43.822101593017578 5.4452190399169922 0.0980392157 0.0980392157 0.0980392157
v 86.195938110351562 37.827724456787109 20.941997528076172 0.0980392157 0.0980392157 0.0980392157
v 79.248466491699219 40.412117004394531 19.352605819702148 0.0980392157 0.0980392157 0.0980392157
v 114.41305541992188 32.014961242675781 17.253973007202148 0.0980392157 0.0980392157 0.0980392157
v 145.83296203613281 20.340181350708008 10.257345199584961 0.0980392157 0.0980392157 0.0980392157
v 152.21290588378906 14.027420043945312 10.168252944946289 0.0980392157 0.0980392157 0.0980392157
v 145.85743713378906 17.235759735107422 10.375069618225098 0.0980392157 0.0980392157 0.0980392157
v 88.58148193359375 28.217563629150391 29.185564041137695 0.0980392157 0.0980392157 0.0980392157
v 85.994499206542969 33.147411346435547 26.459373474121094 0.0980392157 0.0980392157 0.0980392157
v 110.85620880126953 26.859991073608398 21.653148651123047 0.0980392157 0.0980392157 0.0980392157
v 128.46237182617188 21.792928695678711 17.37272834777832 0.0980392157 0.0980392157 0.0980392157
v 90.785369873046875 19.564567565917969 31.49665641784668 0.0980392157 0.0980392157 0.0980392157
v 59.754470825195312 43.914211273193359 -1.1976339817047119 0.0980392157 0.0980392157 0.0980392157
v 61.961116790771484 40.828105926513672 1.1281392574310303 0.0980392157 0.0980392157 0.0980392157
v 60.147487640380859 40.828426361083984 2.8488657474517822 0.0980392157 0.0980392157 0.0980392157
v 59.754470825195312 43.914211273193359 -1.1976339817047119 0.0980392157 0.0980392157 0.0980392157
v 57.940521240234375 43.914211273193359 0.52267515659332275 0.0980392157 0.0980392157 0.0980392157
v 55.453907012939453 43.914211273193359 -5.7305078506469727 0.0980392157 0.0980392157 0.0980392157
v 52.943103790283203 43.914211273193359 -4.7448782920837402 0.0980392157 0.0980392157 0.0980392157
v 49.199020385742188 33.604999542236328 -3.5510435104370117 0.0980392157 0.0980392157 0.0980392157
v 60.771358489990234 37.004039764404297 -8.0789508819580078 0.0980392157 0.0980392157 0.0980392157
v 52.943103790283203 43.914211273193359 -4.7448782920837402 0.0980392157 0.0980392157 0.0980392157
v 55.453907012939453 43.914211273193359 -5.7305078506469727 0.0980392157 0.0980392157 0.0980392157
v 55.516944885253906 49.884296417236328 -5.6692414283752441 0.0980392157 0.0980392157 0.0980392157
v 67.322105407714844 47.738033294677734 6.7787342071533203 0.0980392157 0.0980392157 0.0980392157
v 81.89910888671875 46.245342254638672 7.852266788482666 0.0980392157 0.0980392157 0.0980392157
v 79.248466491699219 40.412117004394531 19.352605819702148 0.0980392157 0.0980392157 0.0980392157
v 94.842323303222656 41.648643493652344 12.750861167907715 0.0980392157 0.0980392157 0.0980392157
v 90.873359680175781 33.355392456054688 21.019145965576172 0.0980392157 0.0980392157 0.0980392157
v 80.571060180664062 36.641681671142578 20.742588043212891 0.0980392157 0.0980392157 0.0980392157
v 86.195938110351562 37.827724456787109 20.941997528076172 0.0980392157 0.0980392157 0.0980392157
v 83.075836181640625 33.723834991455078 23.381214141845703 0.0980392157 0.0980392157 0.0980392157
v 79.248466491699219 40.412117004394531 19.352605819702148 0.0980392157 0.0980392157 0.0980392157
v 49.199020385742188 33.604999542236328 -3.5510435104370117 0.0980392157 0.0980392157 0.0980392157
v 45.723621368408203 48.880069732666016 -3.2209255695343018 0.0980392157 0.0980392157 0.0980392157
v 40.026371002197266 29.99462890625 -3.1896524429321289 0.0980392157 0.0980392157 0.0980392157
v 52.943103790283203 43.914211273193359 -4.7448782920837402 0.0980392157 0.0980392157 0.0980392157
v 52.926528930664062 49.707069396972656 -4.5370521545410156 0.0980392157 0.0980392157 0.0980392157
v 52.926528930664062 49.707069396972656 -4.5370521545410156 0.0980392157 0.0980392157 0.0980392157
v 45.593334197998047 50.87890625 0.80413460731506348 0.0980392157 0.0980392157 0.0980392157
v 45.723621368408203 48.880069732666016 -3.2209255695343018 0.0980392157 0.0980392157 0.0980392157
v 55.559741973876953 51.604618072509766 -1.9851946830749512 0.0980392157 0.0980392157 0.0980392157
v 51.966461181640625 47.528411865234375 9.0390548706054688 0.0980392157 0.0980392157 0.0980392157
v 45.593334197998047 50.87890625 0.80413460731506348 0.0980392157 0.0980392157 0.0980392157
v 55.559741973876953 51.604618072509766 -1.9851946830749512 0.0980392157 0.0980392157 0.0980392157
v 67.543685913085938 40.937583923339844 16.701580047607422 0.0980392157 0.0980392157 0.0980392157
v 46.070941925048828 45.611316680908203 8.2380342483520508 0.0980392157 0.0980392157 0.0980392157
v 51.966461181640625 47.528411865234375 9.0390548706054688 0.0980392157 0.0980392157 0.0980392157
v 48.356407165527344 43.918254852294922 11.914191246032715 0.0980392157 0.0980392157 0.0980392157
v 43.694820404052734 45.847736358642578 13.959150314331055 0.0980392157 0.0980392157 0.0980392157
v 55.798553466796875 43.8441162109375 18.118379592895508 0.0980392157 0.0980392157 0.0980392157
v 65.299415588378906 40.284763336181641 18.756620407104492 0.0980392157 0.0980392157 0.0980392157
v 82.994361877441406 33.892860412597656 26.922111511230469 0.0980392157 0.0980392157 0.0980392157
v 72.446815490722656 38.642143249511719 24.68634033203125 0.0980392157 0.0980392157 0.0980392157
v 78.036041259765625 35.832130432128906 21.703807830810547 0.0980392157 0.0980392157 0.0980392157
v 65.299415588378906 40.284763336181641 18.756620407104492 0.0980392157 0.0980392157 0.0980392157
v 67.543685913085938 40.937583923339844 16.701580047607422 0.0980392157 0.0980392157 0.0980392157
v 82.994361877441406 33.892860412597656 26.922111511230469 0.0980392157 0.0980392157 0.0980392157
v 86.917289733886719 25.984415054321289 31.069902420043945 0.0980392157 0.0980392157 0.0980392157
v 76.608573913574219 31.580341339111328 31.795818328857422 0.0980392157 0.0980392157 0.0980392157
v 86.917289733886719 25.984415054321289 31.069902420043945 0.0980392157 0.0980392157 0.0980392157
v 88.573081970214844 17.058794021606445 32.810329437255859 0.0980392157 0.0980392157 0.0980392157
v 81.943023681640625 18.807300567626953 35.290275573730469 0.0980392157 0.0980392157 0.0980392157
v 76.608573913574219 31.580341339111328 31.795818328857422 0.0980392157 0.0980392157 0.0980392157
v 80.519500732421875 25.091197967529297 34.064277648925781 0.0980392157 0.0980392157 0.0980392157
v 76.608573913574219 31.580341339111328 31.795818328857422 0.0980392157 0.0980392157 0.0980392157
v 80.519500732421875 25.091197967529297 34.064277648925781 0.0980392157 0.0980392157 0.0980392157
v 72.824874877929688 23.466766357421875 43.202037811279297 0.0980392157 0.0980392157 0.0980392157
v 63.561737060546875 35.593387603759766 35.549919128417969 0.0980392157 0.0980392157 0.0980392157
v 69.853111267089844 36.173042297363281 29.174034118652344 0.0980392157 0.0980392157 0.0980392157
v 69.279121398925781 30.885297775268555 39.925174713134766 0.0980392157 0.0980392157 0.0980392157
v 55.010555267333984 37.282798767089844 31.755281448364258 0.0980392157 0.0980392157 0.0980392157
v 63.561737060546875 35.593387603759766 35.549919128417969 0.0980392157 0.0980392157 0.0980392157
v 64.713035583496094 31.845327377319336 38.794540405273438 0.0980392157 0.0980392157 0.0980392157
v 70.341964721679688 21.137552261352539 46.636554718017578 0.0980392157 0.0980392157 0.0980392157
v 66.697463989257812 30.108058929443359 43.145740509033203 0.0980392157 0.0980392157 0.0980392157
v 68.918327331542969 22.58843994140625 45.595226287841797 0.0980392157 0.0980392157 0.0980392157
v 71.907089233398438 29.302215576171875 43.617427825927734 0.0980392157 0.0980392157 0.0980392157
v 66.941635131835938 35.556144714355469 39.431987762451172 0.0980392157 0.0980392157 0.0980392157
v 66.697463989257812 30.108058929443359 43.145740509033203 0.0980392157 0.0980392157 0.0980392157
v 70.341964721679688 21.137552261352539 46.636554718017578 0.0980392157 0.0980392157 0.0980392157
v 75.176986694335938 15.29826545715332 46.691730499267578 0.0980392157 0.0980392157 0.0980392157
v 74.233139038085938 23.266838073730469 45.269458770751953 0.0980392157 0.0980392157 0.0980392157
v 74.233139038085938 23.266838073730469 45.269458770751953 0.0980392157 0.0980392157 0.0980392157
v 83.848457336425781 19.432075500488281 36.856708526611328 0.0980392157 0.0980392157 0.0980392157
v 82.383064270019531 24.918848037719727 35.984111785888672 0.0980392157 0.0980392157 0.0980392157
v 82.383064270019531 24.918848037719727 35.984111785888672 0.0980392157 0.0980392157 0.0980392157
v 80.165046691894531 29.801713943481445 34.619052886962891 0.0980392157 0.0980392157 0.0980392157
v 71.907089233398438 29.302215576171875 43.617427825927734 0.0980392157 0.0980392157 0.0980392157
v 97.485824584960938 28.143098831176758 28.896011352539062 0.0980392157 0.0980392157 0.0980392157
v 113.11380004882812 29.864086151123047 22.335256576538086 0.0980392157 0.0980392157 0.0980392157
v 86.405303955078125 36.935535430908203 26.486583709716797 0.0980392157 0.0980392157 0.0980392157
v 80.165046691894531 29.801713943481445 34.619052886962891 0.0980392157 0.0980392157 0.0980392157
v 116.45176696777344 22.12188720703125 24.221225738525391 0.0980392157 0.0980392157 0.0980392157
v 82.383064270019531 24.918848037719727 35.984111785888672 0.0980392157 0.0980392157 0.0980392157
v 83.848457336425781 19.432075500488281 36.856708526611328 0.0980392157 0.0980392157 0.0980392157
v 73.540245056152344 41.875629425048828 23.670848846435547 0.0980392157 0.0980392157 0.0980392157
v 64.542320251464844 41.344802856445312 27.663021087646484 0.0980392157 0.0980392157 0.0980392157
v 75.665618896484375 35.182956695556641 32.179664611816406 0.0980392157 0.0980392157 0.0980392157
v 149.55513000488281 13.685752868652344 12.929946899414062 0.0980392157 0.0980392157 0.0980392157
v 145.16879272460938 18.285581588745117 13.284050941467285 0.0980392157 0.0980392157 0.0980392157
v 146.14495849609375 18.311119079589844 15.431503295898438 0.0980392157 0.0980392157 0.0980392157
v 149.55513000488281 13.685752868652344 12.929946899414062 0.0980392157 0.0980392157 0.0980392157
v 151.27264404296875 13.94455623626709 12.440807342529297 0.0980392157 0.0980392157 0.0980392157
v 145.16879272460938 18.285581588745117 13.284050941467285 0.0980392157 0.0980392157 0.0980392157
v 151.27264404296875 13.94455623626709 12.440807342529297 0.0980392157 0.0980392157 0.0980392157
v 152.32888793945312 12.526588439941406 14.59173583984375 0.0980392157 0.0980392157 0.0980392157
v 147.84280395507812 19.870515823364258 14.634637832641602 0.0980392157 0.0980392157 0.0980392157
v 112.08616638183594 44.144088745117188 9.6894454956054688 0.0980392157 0.0980392157 0.0980392157
v 90.607025146484375 44.67767333984375 13.847850799560547 0.0980392157 0.0980392157 0.0980392157
v 103.33316802978516 40.348529815673828 16.379283905029297 0.0980392157 0.0980392157 0.0980392157
v 144.49267578125 34.247714996337891 10.151848793029785 0.0980392157 0.0980392157 0.0980392157
v 127.570068359375 37.484489440917969 12.472552299499512 0.0980392157 0.0980392157 0.0980392157
v 123.15731048583984 28.936367034912109 19.254507064819336 0.0980392157 0.0980392157 0.0980392157
v 163.26235961914062 31.396091461181641 7.3985781669616699 0.0980392157 0.0980392157 0.0980392157
v 154.43544006347656 36.509914398193359 7.0070657730102539 0.0980392157 0.0980392157 0.0980392157
v 145.71153259277344 28.714553833007812 12.45550537109375 0.0980392157 0.0980392157 0.0980392157
v 117.24687957763672 46.072109222412109 6.596397876739502 0.0980392157 0.0980392157 0.0980392157
v 97.406547546386719 48.289947509765625 6.8675270080566406 0.0980392157 0.0980392157 0.0980392157
v 85.98834228515625 38.329856872558594 24.565143585205078 0.0980392157 0.0980392157 0.0980392157
v 77.57928466796875 41.386146545410156 22.978185653686523 0.0980392157 0.0980392157 0.0980392157
v 106.80538177490234 52.394012451171875 -4.0466179847717285 0.0980392157 0.0980392157 0.0980392157
v 126.39253997802734 47.603862762451172 1.1370096206665039 0.0980392157 0.0980392157 0.0980392157
v 114.84313201904297 55.412868499755859 -14.969599723815918 0.0980392157 0.0980392157 0.0980392157
v 128.70782470703125 50.760833740234375 -7.0621533393859863 0.0980392157 0.0980392157 0.0980392157
v 128.91117858886719 53.287494659423828 -15.076566696166992 0.0980392157 0.0980392157 0.0980392157
v 96.878494262695312 57.226997375488281 -14.409744262695312 0.0980392157 0.0980392157 0.0980392157
v 117.24687957763672 46.072109222412109 6.596397876739502 0.0980392157 0.0980392157 0.0980392157
v 97.406547546386719 48.289947509765625 6.8675270080566406 0.0980392157 0.0980392157 0.0980392157
v 144.19827270507812 49.338569641113281 -13.106447219848633 0.0980392157 0.0980392157 0.0980392157
v 139.231201171875 41.599693298339844 6.7266392707824707 0.0980392157 0.0980392157 0.0980392157
v 142.90052795410156 46.455482482910156 -3.8663358688354492 0.0980392157 0.0980392157 0.0980392157
v 153.95704650878906 46.146106719970703 -13.673613548278809 0.0980392157 0.0980392157 0.0980392157
v 152.55189514160156 43.245689392089844 -24.715654373168945 0.0980392157 0.0980392157 0.0980392157
v 142.28262329101562 49.730262756347656 -16.627145767211914 0.0980392157 0.0980392157 0.0980392157
v 158.54226684570312 40.241668701171875 -23.663875579833984 0.0980392157 0.0980392157 0.0980392157
v 166.63920593261719 39.712104797363281 -9.0052108764648438 0.0980392157 0.0980392157 0.0980392157
v 70.898712158203125 51.363208770751953 -16.873945236206055 0.0980392157 0.0980392157 0.0980392157
v 78.556022644042969 51.223823547363281 -20.736690521240234 0.0980392157 0.0980392157 0.0980392157
v 76.664276123046875 54.484329223632812 -10.789745330810547 0.0980392157 0.0980392157 0.0980392157
v 70.898712158203125 51.363208770751953 -16.873945236206055 0.0980392157 0.0980392157 0.0980392157
v 61.996185302734375 50.616561889648438 -8.9703388214111328 0.0980392157 0.0980392157 0.0980392157
v 69.923164367675781 36.9981689453125 -16.051834106445312 0.0980392157 0.0980392157 0.0980392157
v 77.077827453613281 36.994361877441406 -20.182985305786133 0.0980392157 0.0980392157 0.0980392157
v 69.923164367675781 36.9981689453125 -16.051834106445312 0.0980392157 0.0980392157 0.0980392157
v 74.04736328125 37.000003814697266 -21.448610305786133 0.0980392157 0.0980392157 0.0980392157
v 80.933219909667969 37.002456665039062 -23.948904037475586 0.0980392157 0.0980392157 0.0980392157
v 85.600914001464844 37.000724792480469 -22.173042297363281 0.0980392157 0.0980392157 0.0980392157
v 88.1923828125 37.000003814697266 -24.688241958618164 0.0980392157 0.0980392157 0.0980392157
v 130.54248046875 50.09765625 -21.061895370483398 0.0980392157 0.0980392157 0.0980392157
v 128.66404724121094 48.719722747802734 -24.312082290649414 0.0980392157 0.0980392157 0.0980392157
v 95.177131652832031 53.811363220214844 -20.696247100830078 0.0980392157 0.0980392157 0.0980392157
v 145.85743713378906 17.235759735107422 10.375069618225098 0.0980392157 0.0980392157 0.0980392157
v 131.64897155761719 21.374221801757812 14.459200859069824 0.0980392157 0.0980392157 0.0980392157
v 122.81281280517578 25.850288391113281 15.090620040893555 0.0980392157 0.0980392157 0.0980392157
v 134.41958618164062 26.799365997314453 13.767375946044922 0.0980392157 0.0980392157 0.0980392157
v 150.5997314453125 19.609762191772461 11.149559020996094 0.0980392157 0.0980392157 0.0980392157
v 145.83296203613281 20.340181350708008 10.257345199584961 0.0980392157 0.0980392157 0.0980392157
v 145.98764038085938 14.488744735717773 13.532605171203613 0.0980392157 0.0980392157 0.0980392157
v 128.46237182617188 21.792928695678711 17.37272834777832 0.0980392157 0.0980392157 0.0980392157
v 107.60610961914062 27.909885406494141 19.991985321044922 0.0980392157 0.0980392157 0.0980392157
v 90.873359680175781 33.355392456054688 21.019145965576172 0.0980392157 0.0980392157 0.0980392157
v 122.81281280517578 25.850288391113281 15.090620040893555 0.0980392157 0.0980392157 0.0980392157
v 114.41305541992188 32.014961242675781 17.253973007202148 0.0980392157 0.0980392157 0.0980392157
v 86.195938110351562 37.827724456787109 20.941997528076172 0.0980392157 0.0980392157 0.0980392157
v 96.137054443359375 35.829509735107422 20.044635772705078 0.0980392157 0.0980392157 0.0980392157
v 107.57987976074219 31.608469009399414 17.93083381652832 0.0980392157 0.0980392157 0.0980392157
v 110.85620880126953 26.859991073608398 21.653148651123047 0.0980392157 0.0980392157 0.0980392157
v 83.075836181640625 33.723834991455078 23.381214141845703 0.0980392157 0.0980392157 0.0980392157
v 85.994499206542969 33.147411346435547 26.459373474121094 0.0980392157 0.0980392157 0.0980392157
v 145.83296203613281 20.340181350708008 10.257345199584961 0.0980392157 0.0980392157 0.0980392157
v 134.41958618164062 26.799365997314453 13.767375946044922 0.0980392157 0.0980392157 0.0980392157
v 131.64897155761719 21.374221801757812 14.459200859069824 0.0980392157 0.0980392157 0.0980392157
v 128.46237182617188 21.792928695678711 17.37272834777832 0.0980392157 0.0980392157 0.0980392157
v 40.026371002197266 29.99462890625 -3.1896524429321289 0.0980392157 0.0980392157 0.0980392157
v 40.151756286621094 29.998964309692383 -5.6863641738891602 0.0980392157 0.0980392157 0.0980392157
v 49.199020385742188 33.604999542236328 -3.5510435104370117 0.0980392157 0.0980392157 0.0980392157
v 60.771358489990234 37.004039764404297 -8.0789508819580078 0.0980392157 0.0980392157 0.0980392157
v 49.199020385742188 33.604999542236328 -3.5510435104370117 0.0980392157 0.0980392157 0.0980392157
v 60.610553741455078 37.315418243408203 -10.887369155883789 0.0980392157 0.0980392157 0.0980392157
v 68.762214660644531 37.047084808349609 -18.292198181152344 0.0980392157 0.0980392157 0.0980392157
v -53.817955017089844 41.937610626220703 15.561328887939453 0.0980392157 0.0980392157 0.0980392157
v -60.565132141113281 39.913711547851562 11.492506980895996 0.0980392157 0.0980392157 0.0980392157
v -51.009815216064453 42.112125396728516 -6.0045375823974609 0.0980392157 0.0980392157 0.0980392157
v -48.206844329833984 42.019638061523438 -10.071450233459473 0.0980392157 0.0980392157 0.0980392157
v -41.222805023193359 43.684799194335938 -3.1884334087371826 0.0980392157 0.0980392157 0.0980392157
v -24.352811813354492 46.030651092529297 2.4534487724304199 0.0980392157 0.0980392157 0.0980392157
v -35.394321441650391 45.161300659179688 12.023792266845703 0.0980392157 0.0980392157 0.0980392157
v -25.102352142333984 45.024024963378906 -3.1878845691680908 0.0980392157 0.0980392157 0.0980392157
v 20.912885665893555 49.509185791015625 4.2834582328796387 0.0980392157 0.0980392157 0.0980392157
v 31.945344924926758 47.319351196289062 -3.1886346340179443 0.0980392157 0.0980392157 0.0980392157
v 29.999504089355469 48.707164764404297 -0.31032857298851013 0.0980392157 0.0980392157 0.0980392157
v 45.593334197998047 50.87890625 0.80413460731506348 0.0980392157 0.0980392157 0.0980392157
v -8.9422597885131836 47.572723388671875 8.3462305068969727 0.0980392157 0.0980392157 0.0980392157
v 31.945344924926758 47.319351196289062 -3.1886346340179443 0.0980392157 0.0980392157 0.0980392157
v -25.102352142333984 45.024024963378906 -3.1878845691680908 0.0980392157 0.0980392157 0.0980392157
v 40.026371002197266 29.99462890625 -3.1896524429321289 0.0980392157 0.0980392157 0.0980392157
v -41.222805023193359 43.684799194335938 -3.1884334087371826 0.0980392157 0.0980392157 0.0980392157
v 45.723621368408203 48.880069732666016 -3.2209255695343018 0.0980392157 0.0980392157 0.0980392157
v 45.593334197998047 50.87890625 0.80413460731506348 0.0980392157 0.0980392157 0.0980392157
v 38.620185852050781 48.764183044433594 6.6745977401733398 0.0980392157 0.0980392157 0.0980392157
v 20.912885665893555 49.509185791015625 4.2834582328796387 0.0980392157 0.0980392157 0.0980392157
v 43.694820404052734 45.847736358642578 13.959150314331055 0.0980392157 0.0980392157 0.0980392157
v 31.812540054321289 45.881839752197266 14.11275577545166 0.0980392157 0.0980392157 0.0980392157
v 35.504650115966797 44.874214172363281 11.38744068145752 0.0980392157 0.0980392157 0.0980392157
v 48.356407165527344 43.918254852294922 11.914191246032715 0.0980392157 0.0980392157 0.0980392157
v 46.070941925048828 45.611316680908203 8.2380342483520508 0.0980392157 0.0980392157 0.0980392157
v 28.050012588500977 46.262092590332031 8.1681337356567383 0.0980392157 0.0980392157 0.0980392157
v 38.620185852050781 48.764183044433594 6.6745977401733398 0.0980392157 0.0980392157 0.0980392157
v 1.6259481906890869 44.2220458984375 18.179443359375 0.0980392157 0.0980392157 0.0980392157
v 51.966461181640625 47.528411865234375 9.0390548706054688 0.0980392157 0.0980392157 0.0980392157
v 76.608573913574219 31.580341339111328 31.795818328857422 0.0980392157 0.0980392157 0.0980392157
v 69.279121398925781 30.885297775268555 39.925174713134766 0.0980392157 0.0980392157 0.0980392157
v 69.853111267089844 36.173042297363281 29.174034118652344 0.0980392157 0.0980392157 0.0980392157
v 55.010555267333984 37.282798767089844 31.755281448364258 0.0980392157 0.0980392157 0.0980392157
v 52.478179931640625 40.719364166259766 27.948490142822266 0.0980392157 0.0980392157 0.0980392157
v 63.561737060546875 35.593387603759766 35.549919128417969 0.0980392157 0.0980392157 0.0980392157
v 41.188461303710938 41.005081176757812 23.716259002685547 0.0980392157 0.0980392157 0.0980392157
v 68.918327331542969 22.58843994140625 45.595226287841797 0.0980392157 0.0980392157 0.0980392157
v 66.697463989257812 30.108058929443359 43.145740509033203 0.0980392157 0.0980392157 0.0980392157
v 62.913097381591797 32.275489807128906 40.792644500732422 0.0980392157 0.0980392157 0.0980392157
v 62.913097381591797 32.275489807128906 40.792644500732422 0.0980392157 0.0980392157 0.0980392157
v 66.941635131835938 35.556144714355469 39.431987762451172 0.0980392157 0.0980392157 0.0980392157
v 53.219188690185547 40.612991333007812 31.921417236328125 0.0980392157 0.0980392157 0.0980392157
v 80.165046691894531 29.801713943481445 34.619052886962891 0.0980392157 0.0980392157 0.0980392157
v 86.405303955078125 36.935535430908203 26.486583709716797 0.0980392157 0.0980392157 0.0980392157
v 75.665618896484375 35.182956695556641 32.179664611816406 0.0980392157 0.0980392157 0.0980392157
v 64.542320251464844 41.344802856445312 27.663021087646484 0.0980392157 0.0980392157 0.0980392157
v 73.540245056152344 41.875629425048828 23.670848846435547 0.0980392157 0.0980392157 0.0980392157
v 60.702243804931641 46.113548278808594 18.293342590332031 0.0980392157 0.0980392157 0.0980392157
v 45.642784118652344 49.008220672607422 12.528739929199219 0.0980392157 0.0980392157 0.0980392157
v 48.287746429443359 44.389240264892578 25.899911880493164 0.0980392157 0.0980392157 0.0980392157
v 132.87020874023438 23.633941650390625 18.192838668823242 0.0980392157 0.0980392157 0.0980392157
v 129.6749267578125 23.981866836547852 16.833395004272461 0.0980392157 0.0980392157 0.0980392157
v 113.11380004882812 29.864086151123047 22.335256576538086 0.0980392157 0.0980392157 0.0980392157
v 107.37061309814453 30.298826217651367 21.464954376220703 0.0980392157 0.0980392157 0.0980392157
v 81.683479309082031 36.525012969970703 24.873992919921875 0.0980392157 0.0980392157 0.0980392157
v 145.16879272460938 18.285581588745117 13.284050941467285 0.0980392157 0.0980392157 0.0980392157
v 132.87020874023438 23.633941650390625 18.192838668823242 0.0980392157 0.0980392157 0.0980392157
v 146.14495849609375 18.311119079589844 15.431503295898438 0.0980392157 0.0980392157 0.0980392157
v 129.6749267578125 23.981866836547852 16.833395004272461 0.0980392157 0.0980392157 0.0980392157
v 129.6749267578125 23.981866836547852 16.833395004272461 0.0980392157 0.0980392157 0.0980392157
v 145.16879272460938 18.285581588745117 13.284050941467285 0.0980392157 0.0980392157 0.0980392157
v 146.17887878417969 19.312276840209961 12.736566543579102 0.0980392157 0.0980392157 0.0980392157
v 134.49259948730469 24.468088150024414 15.261061668395996 0.0980392157 0.0980392157 0.0980392157
v 108.80254364013672 31.192846298217773 20.152111053466797 0.0980392157 0.0980392157 0.0980392157
v 123.15731048583984 28.936367034912109 19.254507064819336 0.0980392157 0.0980392157 0.0980392157
v 134.49259948730469 24.468088150024414 15.261061668395996 0.0980392157 0.0980392157 0.0980392157
v 147.84280395507812 19.870515823364258 14.634637832641602 0.0980392157 0.0980392157 0.0980392157
v 146.17887878417969 19.312276840209961 12.736566543579102 0.0980392157 0.0980392157 0.0980392157
v 72.706161499023438 49.183769226074219 9.0711078643798828 0.0980392157 0.0980392157 0.0980392157
v 67.540412902832031 45.077205657958984 19.01899528503418 0.0980392157 0.0980392157 0.0980392157
v 77.57928466796875 41.386146545410156 22.978185653686523 0.0980392157 0.0980392157 0.0980392157
v 90.607025146484375 44.67767333984375 13.847850799560547 0.0980392157 0.0980392157 0.0980392157
v 97.406547546386719 48.289947509765625 6.8675270080566406 0.0980392157 0.0980392157 0.0980392157
v 117.24687957763672 46.072109222412109 6.596397876739502 0.0980392157 0.0980392157 0.0980392157
v 112.08616638183594 44.144088745117188 9.6894454956054688 0.0980392157 0.0980392157 0.0980392157
v 139.231201171875 41.599693298339844 6.7266392707824707 0.0980392157 0.0980392157 0.0980392157
v 72.706161499023438 49.183769226074219 9.0711078643798828 0.0980392157 0.0980392157 0.0980392157
v 61.914382934570312 54.997928619384766 -4.3134613037109375 0.0980392157 0.0980392157 0.0980392157
v 48.504623413085938 49.450931549072266 11.261262893676758 0.0980392157 0.0980392157 0.0980392157
v 106.80538177490234 52.394012451171875 -4.0466179847717285 0.0980392157 0.0980392157 0.0980392157
v 96.878494262695312 57.226997375488281 -14.409744262695312 0.0980392157 0.0980392157 0.0980392157
v 86.456825256347656 57.628620147705078 -13.028897285461426 0.0980392157 0.0980392157 0.0980392157
v 128.91117858886719 53.287494659423828 -15.076566696166992 0.0980392157 0.0980392157 0.0980392157
v 144.19827270507812 49.338569641113281 -13.106447219848633 0.0980392157 0.0980392157 0.0980392157
v 142.28262329101562 49.730262756347656 -16.627145767211914 0.0980392157 0.0980392157 0.0980392157
v 153.95704650878906 46.146106719970703 -13.673613548278809 0.0980392157 0.0980392157 0.0980392157
v 106.47504425048828 53.220867156982422 -20.283798217773438 0.0980392157 0.0980392157 0.0980392157
v 91.368843078613281 54.328487396240234 -19.88679313659668 0.0980392157 0.0980392157 0.0980392157
v 96.878494262695312 57.226997375488281 -14.409744262695312 0.0980392157 0.0980392157 0.0980392157
v 80.933219909667969 37.002456665039062 -23.948904037475586 0.0980392157 0.0980392157 0.0980392157
v 81.785163879394531 48.681358337402344 -24.06793212890625 0.0980392157 0.0980392157 0.0980392157
v 88.1923828125 37.000003814697266 -24.688241958618164 0.0980392157 0.0980392157 0.0980392157
v 86.977584838867188 51.398651123046875 -24.682231903076172 0.0980392157 0.0980392157 0.0980392157
v 74.585105895996094 52.342945098876953 -23.468761444091797 0.0980392157 0.0980392157 0.0980392157
v 74.04736328125 37.000003814697266 -21.448610305786133 0.0980392157 0.0980392157 0.0980392157
v 68.762214660644531 37.047084808349609 -18.292198181152344 0.0980392157 0.0980392157 0.0980392157
v 68.367019653320312 50.431655883789062 -18.00767707824707 0.0980392157 0.0980392157 0.0980392157
v 74.567886352539062 50.209056854248047 -21.844160079956055 0.0980392157 0.0980392157 0.0980392157
v 96.878494262695312 57.226997375488281 -14.409744262695312 0.0980392157 0.0980392157 0.0980392157
v 91.368843078613281 54.328487396240234 -19.88679313659668 0.0980392157 0.0980392157 0.0980392157
v 86.456825256347656 57.628620147705078 -13.028897285461426 0.0980392157 0.0980392157 0.0980392157
v 64.422630310058594 51.279037475585938 -21.556247711181641 0.0980392157 0.0980392157 0.0980392157
v 63.970542907714844 52.623138427734375 -14.050928115844727 0.0980392157 0.0980392157 0.0980392157
v 77.670539855957031 57.194774627685547 -10.961145401000977 0.0980392157 0.0980392157 0.0980392157
v 74.585105895996094 52.342945098876953 -23.468761444091797 0.0980392157 0.0980392157 0.0980392157
v 61.914382934570312 54.997928619384766 -4.3134613037109375 0.0980392157 0.0980392157 0.0980392157
v 91.368843078613281 54.328487396240234 -19.88679313659668 0.0980392157 0.0980392157 0.0980392157
v 87.589035034179688 51.529567718505859 -24.198884963989258 0.0980392157 0.0980392157 0.0980392157
v 74.585105895996094 52.342945098876953 -23.468761444091797 0.0980392157 0.0980392157 0.0980392157
v -34.208930969238281 35.478450775146484 -3.187718391418457 0.0980392157 0.0980392157 0.0980392157
v -41.222805023193359 43.684799194335938 -3.1884334087371826 0.0980392157 0.0980392157 0.0980392157
v -41.074558258056641 32.732479095458984 -3.1863462924957275 0.0980392157 0.0980392157 0.0980392157
v -36.130321502685547 33.665870666503906 -3.2116646766662598 0.0980392157 0.0980392157 0.0980392157
v 40.026371002197266 29.99462890625 -3.1896524429321289 0.0980392157 0.0980392157 0.0980392157
v -37.122226715087891 30.001798629760742 -3.1883344650268555 0.0980392157 0.0980392157 0.0980392157
v 40.026371002197266 29.99462890625 -3.1896524429321289 0.0980392157 0.0980392157 0.0980392157
v -37.122226715087891 30.001798629760742 -3.1883344650268555 0.0980392157 0.0980392157 0.0980392157
v 40.151756286621094 29.998964309692383 -5.6863641738891602 0.0980392157 0.0980392157 0.0980392157
v -36.203899383544922 34.416694641113281 -5.6892566680908203 0.0980392157 0.0980392157 0.0980392157
v -41.184978485107422 33.528392791748047 -5.6886253356933594 0.0980392157 0.0980392157 0.0980392157
v -41.244991302490234 42.993125915527344 -5.6902084350585938 0.0980392157 0.0980392157 0.0980392157
v 45.976490020751953 42.973644256591797 -5.6944046020507812 0.0980392157 0.0980392157 0.0980392157
v -38.023574829101562 30.011722564697266 -5.6886739730834961 0.0980392157 0.0980392157 0.0980392157
v 40.151756286621094 29.998964309692383 -5.6863641738891602 0.0980392157 0.0980392157 0.0980392157
v 47.596027374267578 32.890865325927734 -5.8468708992004395 0.0980392157 0.0980392157 0.0980392157
v 51.756378173828125 48.186038970947266 -6.8642382621765137 0.0980392157 0.0980392157 0.0980392157
v 45.976490020751953 42.973644256591797 -5.6944046020507812 0.0980392157 0.0980392157 0.0980392157
v 46.000057220458984 47.397689819335938 -5.7561378479003906 0.0980392157 0.0980392157 0.0980392157
v 51.774467468261719 35.764324188232422 -6.9797019958496094 0.0980392157 0.0980392157 0.0980392157
v 60.610553741455078 37.315418243408203 -10.887369155883789 0.0980392157 0.0980392157 0.0980392157
v 47.596027374267578 32.890865325927734 -5.8468708992004395 0.0980392157 0.0980392157 0.0980392157
v 60.610553741455078 37.315418243408203 -10.887369155883789 0.0980392157 0.0980392157 0.0980392157
v 53.774436950683594 36.461318969726562 -7.7559332847595215 0.0980392157 0.0980392157 0.0980392157
v 53.776195526123047 48.385974884033203 -7.7199192047119141 0.0980392157 0.0980392157 0.0980392157
v 62.774440765380859 40.185699462890625 -12.924490928649902 0.0980392157 0.0980392157 0.0980392157
v 62.774456024169922 49.654880523681641 -12.923834800720215 0.0980392157 0.0980392157 0.0980392157
v 68.762214660644531 37.047084808349609 -18.292198181152344 0.0980392157 0.0980392157 0.0980392157
v 53.776195526123047 48.385974884033203 -7.7199192047119141 0.0980392157 0.0980392157 0.0980392157
v 60.739845275878906 49.398937225341797 -11.077326774597168 0.0980392157 0.0980392157 0.0980392157
v 60.610553741455078 37.315418243408203 -10.887369155883789 0.0980392157 0.0980392157 0.0980392157
v -48.206844329833984 42.019638061523438 -10.071450233459473 0.0980392157 0.0980392157 0.0980392157
v -51.009815216064453 42.112125396728516 -6.0045375823974609 0.0980392157 0.0980392157 0.0980392157
v -54.832302093505859 43.392387390136719 -10.933551788330078 0.0980392157 0.0980392157 0.0980392157
v -48.206844329833984 42.019638061523438 -10.071450233459473 0.0980392157 0.0980392157 0.0980392157
v -41.244991302490234 42.993125915527344 -5.6902084350585938 0.0980392157 0.0980392157 0.0980392157
v -41.222805023193359 43.684799194335938 -3.1884334087371826 0.0980392157 0.0980392157 0.0980392157
v -41.184978485107422 33.528392791748047 -5.6886253356933594 0.0980392157 0.0980392157 0.0980392157
v -41.074558258056641 32.732479095458984 -3.1863462924957275 0.0980392157 0.0980392157 0.0980392157
v -41.244991302490234 42.993125915527344 -5.6902084350585938 0.0980392157 0.0980392157 0.0980392157
v -73.708938598632812 29.894359588623047 17.918951034545898 0.0980392157 0.0980392157 0.0980392157
v -72.062034606933594 32.989471435546875 8.4455280303955078 0.0980392157 0.0980392157 0.0980392157
v -65.404029846191406 36.726154327392578 17.806768417358398 0.0980392157 0.0980392157 0.0980392157
v -67.319114685058594 36.670028686523438 5.4743251800537109 0.0980392157 0.0980392157 0.0980392157
v -60.565132141113281 39.913711547851562 11.492506980895996 0.0980392157 0.0980392157 0.0980392157
v -59.574630737304688 39.603263854980469 -6.0673604011535645 0.0980392157 0.0980392157 0.0980392157
v -70.336463928222656 29.352005004882812 28.515796661376953 0.0980392157 0.0980392157 0.0980392157
v -2.2935802936553955 42.748188018798828 15.41405200958252 0.0980392157 0.0980392157 0.0980392157
v -28.691905975341797 40.356891632080078 20.022216796875 0.0980392157 0.0980392157 0.0980392157
v -23.363435745239258 41.421192169189453 16.473396301269531 0.0980392157 0.0980392157 0.0980392157
v -26.643386840820312 41.726917266845703 21.846981048583984 0.0980392157 0.0980392157 0.0980392157
v 1.6259481906890869 44.2220458984375 18.179443359375 0.0980392157 0.0980392157 0.0980392157
v 28.050012588500977 46.262092590332031 8.1681337356567383 0.0980392157 0.0980392157 0.0980392157
v -23.004518508911133 42.816463470458984 14.990304946899414 0.0980392157 0.0980392157 0.0980392157
v -3.1327006816864014 46.635078430175781 11.311640739440918 0.0980392157 0.0980392157 0.0980392157
v -50.947895050048828 40.547138214111328 20.072795867919922 0.0980392157 0.0980392157 0.0980392157
v -33.528221130371094 43.73065185546875 16.085319519042969 0.0980392157 0.0980392157 0.0980392157
v -48.675384521484375 38.795013427734375 20.07756233215332 0.0980392157 0.0980392157 0.0980392157
v -52.216499328613281 36.248153686523438 23.676946640014648 0.0980392157 0.0980392157 0.0980392157
v -48.764007568359375 37.196456909179688 24.611148834228516 0.0980392157 0.0980392157 0.0980392157
v -48.515819549560547 38.349388122558594 26.403705596923828 0.0980392157 0.0980392157 0.0980392157
v 38.620185852050781 48.764183044433594 6.6745977401733398 0.0980392157 0.0980392157 0.0980392157
v 46.070941925048828 45.611316680908203 8.2380342483520508 0.0980392157 0.0980392157 0.0980392157
v 35.504650115966797 44.874214172363281 11.38744068145752 0.0980392157 0.0980392157 0.0980392157
v -60.348773956298828 39.130298614501953 19.309566497802734 0.0980392157 0.0980392157 0.0980392157
v -53.817955017089844 41.937610626220703 15.561328887939453 0.0980392157 0.0980392157 0.0980392157
v -50.947895050048828 40.547138214111328 20.072795867919922 0.0980392157 0.0980392157 0.0980392157
v -62.378459930419922 34.558555603027344 28.52924919128418 0.0980392157 0.0980392157 0.0980392157
v -55.761001586914062 37.760078430175781 24.547842025756836 0.0980392157 0.0980392157 0.0980392157
v -57.878868103027344 31.910026550292969 36.459125518798828 0.0980392157 0.0980392157 0.0980392157
v 39.701377868652344 43.794193267822266 20.758758544921875 0.0980392157 0.0980392157 0.0980392157
v 27.450445175170898 44.749725341796875 16.998825073242188 0.0980392157 0.0980392157 0.0980392157
v 31.812540054321289 45.881839752197266 14.11275577545166 0.0980392157 0.0980392157 0.0980392157
v 1.6259481906890869 44.2220458984375 18.179443359375 0.0980392157 0.0980392157 0.0980392157
v 52.478179931640625 40.719364166259766 27.948490142822266 0.0980392157 0.0980392157 0.0980392157
v 58.051448822021484 41.185482025146484 24.345003128051758 0.0980392157 0.0980392157 0.0980392157
v 63.561737060546875 35.593387603759766 35.549919128417969 0.0980392157 0.0980392157 0.0980392157
v 52.478179931640625 40.719364166259766 27.948490142822266 0.0980392157 0.0980392157 0.0980392157
v 39.701377868652344 43.794193267822266 20.758758544921875 0.0980392157 0.0980392157 0.0980392157
v 55.798553466796875 43.8441162109375 18.118379592895508 0.0980392157 0.0980392157 0.0980392157
v 72.446815490722656 38.642143249511719 24.68634033203125 0.0980392157 0.0980392157 0.0980392157
v 69.853111267089844 36.173042297363281 29.174034118652344 0.0980392157 0.0980392157 0.0980392157
v 58.051448822021484 41.185482025146484 24.345003128051758 0.0980392157 0.0980392157 0.0980392157
v 63.561737060546875 35.593387603759766 35.549919128417969 0.0980392157 0.0980392157 0.0980392157
v 55.010555267333984 37.282798767089844 31.755281448364258 0.0980392157 0.0980392157 0.0980392157
v 50.625518798828125 38.198909759521484 31.924089431762695 0.0980392157 0.0980392157 0.0980392157
v 41.188461303710938 41.005081176757812 23.716259002685547 0.0980392157 0.0980392157 0.0980392157
v 39.701377868652344 43.794193267822266 20.758758544921875 0.0980392157 0.0980392157 0.0980392157
v 41.188461303710938 41.005081176757812 23.716259002685547 0.0980392157 0.0980392157 0.0980392157
v 27.930458068847656 42.220378875732422 18.976402282714844 0.0980392157 0.0980392157 0.0980392157
v 50.625518798828125 38.198909759521484 31.924089431762695 0.0980392157 0.0980392157 0.0980392157
v 53.219188690185547 40.612991333007812 31.921417236328125 0.0980392157 0.0980392157 0.0980392157
v 34.773361206054688 41.56268310546875 23.920688629150391 0.0980392157 0.0980392157 0.0980392157
v 62.913097381591797 32.275489807128906 40.792644500732422 0.0980392157 0.0980392157 0.0980392157
v 34.773361206054688 41.56268310546875 23.920688629150391 0.0980392157 0.0980392157 0.0980392157
v 35.411750793457031 46.438800811767578 20.436542510986328 0.0980392157 0.0980392157 0.0980392157
v 23.222007751464844 43.067729949951172 21.270370483398438 0.0980392157 0.0980392157 0.0980392157
v 53.219188690185547 40.612991333007812 31.921417236328125 0.0980392157 0.0980392157 0.0980392157
v 48.287746429443359 44.389240264892578 25.899911880493164 0.0980392157 0.0980392157 0.0980392157
v 35.411750793457031 46.438800811767578 20.436542510986328 0.0980392157 0.0980392157 0.0980392157
v 66.941635131835938 35.556144714355469 39.431987762451172 0.0980392157 0.0980392157 0.0980392157
v 58.02783203125 41.168746948242188 31.842794418334961 0.0980392157 0.0980392157 0.0980392157
v 64.542320251464844 41.344802856445312 27.663021087646484 0.0980392157 0.0980392157 0.0980392157
v 60.702243804931641 46.113548278808594 18.293342590332031 0.0980392157 0.0980392157 0.0980392157
v 48.287746429443359 44.389240264892578 25.899911880493164 0.0980392157 0.0980392157 0.0980392157
v 58.02783203125 41.168746948242188 31.842794418334961 0.0980392157 0.0980392157 0.0980392157
v 81.683479309082031 36.525012969970703 24.873992919921875 0.0980392157 0.0980392157 0.0980392157
v 86.405303955078125 36.935535430908203 26.486583709716797 0.0980392157 0.0980392157 0.0980392157
v 113.11380004882812 29.864086151123047 22.335256576538086 0.0980392157 0.0980392157 0.0980392157
v 81.683479309082031 36.525012969970703 24.873992919921875 0.0980392157 0.0980392157 0.0980392157
v 108.80254364013672 31.192846298217773 20.152111053466797 0.0980392157 0.0980392157 0.0980392157
v 86.882331848144531 36.520027160644531 23.434944152832031 0.0980392157 0.0980392157 0.0980392157
v 107.37061309814453 30.298826217651367 21.464954376220703 0.0980392157 0.0980392157 0.0980392157
v 146.17887878417969 19.312276840209961 12.736566543579102 0.0980392157 0.0980392157 0.0980392157
v 129.6749267578125 23.981866836547852 16.833395004272461 0.0980392157 0.0980392157 0.0980392157
v 123.15731048583984 28.936367034912109 19.254507064819336 0.0980392157 0.0980392157 0.0980392157
v 102.65172576904297 34.39385986328125 22.821701049804688 0.0980392157 0.0980392157 0.0980392157
v 108.80254364013672 31.192846298217773 20.152111053466797 0.0980392157 0.0980392157 0.0980392157
v 85.98834228515625 38.329856872558594 24.565143585205078 0.0980392157 0.0980392157 0.0980392157
v 86.882331848144531 36.520027160644531 23.434944152832031 0.0980392157 0.0980392157 0.0980392157
v 134.49259948730469 24.468088150024414 15.261061668395996 0.0980392157 0.0980392157 0.0980392157
v 77.545082092285156 38.967216491699219 22.222967147827148 0.0980392157 0.0980392157 0.0980392157
v 85.98834228515625 38.329856872558594 24.565143585205078 0.0980392157 0.0980392157 0.0980392157
v 77.57928466796875 41.386146545410156 22.978185653686523 0.0980392157 0.0980392157 0.0980392157
v 86.882331848144531 36.520027160644531 23.434944152832031 0.0980392157 0.0980392157 0.0980392157
v 62.774456024169922 49.654880523681641 -12.923834800720215 0.0980392157 0.0980392157 0.0980392157
v 62.776615142822266 48.209148406982422 -20.815839767456055 0.0980392157 0.0980392157 0.0980392157
v 68.367019653320312 50.431655883789062 -18.00767707824707 0.0980392157 0.0980392157 0.0980392157
v 68.367019653320312 50.431655883789062 -18.00767707824707 0.0980392157 0.0980392157 0.0980392157
v 62.776615142822266 48.209148406982422 -20.815839767456055 0.0980392157 0.0980392157 0.0980392157
v 71.062057495117188 49.359588623046875 -22.971477508544922 0.0980392157 0.0980392157 0.0980392157
v 81.785163879394531 48.681358337402344 -24.06793212890625 0.0980392157 0.0980392157 0.0980392157
v 74.567886352539062 50.209056854248047 -21.844160079956055 0.0980392157 0.0980392157 0.0980392157
v 53.763534545898438 44.777389526367188 -16.886255264282227 0.0980392157 0.0980392157 0.0980392157
v 60.772323608398438 47.468315124511719 -19.144357681274414 0.0980392157 0.0980392157 0.0980392157
v 39.9896240234375 39.867824554443359 -13.806018829345703 0.0980392157 0.0980392157 0.0980392157
v 64.422630310058594 51.279037475585938 -21.556247711181641 0.0980392157 0.0980392157 0.0980392157
v 71.062057495117188 49.359588623046875 -22.971477508544922 0.0980392157 0.0980392157 0.0980392157
v 62.776615142822266 48.209148406982422 -20.815839767456055 0.0980392157 0.0980392157 0.0980392157
v 81.785163879394531 48.681358337402344 -24.06793212890625 0.0980392157 0.0980392157 0.0980392157
v 74.585105895996094 52.342945098876953 -23.468761444091797 0.0980392157 0.0980392157 0.0980392157
v 63.970542907714844 52.623138427734375 -14.050928115844727 0.0980392157 0.0980392157 0.0980392157
v 51.722194671630859 49.205230712890625 -10.744417190551758 0.0980392157 0.0980392157 0.0980392157
v 61.914382934570312 54.997928619384766 -4.3134613037109375 0.0980392157 0.0980392157 0.0980392157
v 39.9896240234375 39.867824554443359 -13.806018829345703 0.0980392157 0.0980392157 0.0980392157
v 47.021194458007812 44.491832733154297 -16.769397735595703 0.0980392157 0.0980392157 0.0980392157
v 64.422630310058594 51.279037475585938 -21.556247711181641 0.0980392157 0.0980392157 0.0980392157
v 62.776615142822266 48.209148406982422 -20.815839767456055 0.0980392157 0.0980392157 0.0980392157
v -41.074558258056641 32.732479095458984 -3.1863462924957275 0.0980392157 0.0980392157 0.0980392157
v -41.184978485107422 33.528392791748047 -5.6886253356933594 0.0980392157 0.0980392157 0.0980392157
v -38.023574829101562 30.011722564697266 -5.6886739730834961 0.0980392157 0.0980392157 0.0980392157
v 45.976490020751953 42.973644256591797 -5.6944046020507812 0.0980392157 0.0980392157 0.0980392157
v -34.419517517089844 42.958236694335938 -8.677734375 0.0980392157 0.0980392157 0.0980392157
v 27.818794250488281 42.966514587402344 -8.0423650741577148 0.0980392157 0.0980392157 0.0980392157
v 39.5289306640625 42.972591400146484 -9.3158044815063477 0.0980392157 0.0980392157 0.0980392157
v 45.984237670898438 42.997348785400391 -12.791056632995605 0.0980392157 0.0980392157 0.0980392157
v -41.244991302490234 42.993125915527344 -5.6902084350585938 0.0980392157 0.0980392157 0.0980392157
v 51.774467468261719 35.764324188232422 -6.9797019958496094 0.0980392157 0.0980392157 0.0980392157
v 51.770172119140625 43.916393280029297 -16.036350250244141 0.0980392157 0.0980392157 0.0980392157
v 53.774436950683594 36.461318969726562 -7.7559332847595215 0.0980392157 0.0980392157 0.0980392157
v 45.976490020751953 42.973644256591797 -5.6944046020507812 0.0980392157 0.0980392157 0.0980392157
v 45.984237670898438 42.997348785400391 -12.791056632995605 0.0980392157 0.0980392157 0.0980392157
v 46.000057220458984 47.397689819335938 -5.7561378479003906 0.0980392157 0.0980392157 0.0980392157
v 51.756378173828125 48.186038970947266 -6.8642382621765137 0.0980392157 0.0980392157 0.0980392157
v 46.000057220458984 47.397689819335938 -5.7561378479003906 0.0980392157 0.0980392157 0.0980392157
v 45.984237670898438 42.997348785400391 -12.791056632995605 0.0980392157 0.0980392157 0.0980392157
v 51.770172119140625 43.916393280029297 -16.036350250244141 0.0980392157 0.0980392157 0.0980392157
v 51.774467468261719 35.764324188232422 -6.9797019958496094 0.0980392157 0.0980392157 0.0980392157
v 51.756378173828125 48.186038970947266 -6.8642382621765137 0.0980392157 0.0980392157 0.0980392157
v 53.763534545898438 44.777389526367188 -16.886255264282227 0.0980392157 0.0980392157 0.0980392157
v 60.739845275878906 49.398937225341797 -11.077326774597168 0.0980392157 0.0980392157 0.0980392157
v 53.776195526123047 48.385974884033203 -7.7199192047119141 0.0980392157 0.0980392157 0.0980392157
v 53.774436950683594 36.461318969726562 -7.7559332847595215 0.0980392157 0.0980392157 0.0980392157
v 53.763534545898438 44.777389526367188 -16.886255264282227 0.0980392157 0.0980392157 0.0980392157
v 53.776195526123047 48.385974884033203 -7.7199192047119141 0.0980392157 0.0980392157 0.0980392157
v 62.774440765380859 40.185699462890625 -12.924490928649902 0.0980392157 0.0980392157 0.0980392157
v 62.776615142822266 48.209148406982422 -20.815839767456055 0.0980392157 0.0980392157 0.0980392157
v 62.774456024169922 49.654880523681641 -12.923834800720215 0.0980392157 0.0980392157 0.0980392157
v 60.739845275878906 49.398937225341797 -11.077326774597168 0.0980392157 0.0980392157 0.0980392157
v 60.772323608398438 47.468315124511719 -19.144357681274414 0.0980392157 0.0980392157 0.0980392157
v 60.610553741455078 37.315418243408203 -10.887369155883789 0.0980392157 0.0980392157 0.0980392157
v 62.776615142822266 48.209148406982422 -20.815839767456055 0.0980392157 0.0980392157 0.0980392157
v 62.774440765380859 40.185699462890625 -12.924490928649902 0.0980392157 0.0980392157 0.0980392157
v 60.772323608398438 47.468315124511719 -19.144357681274414 0.0980392157 0.0980392157 0.0980392157
v -54.120025634765625 40.916194915771484 -10.437646865844727 0.0980392157 0.0980392157 0.0980392157
v -64.3118896484375 36.751243591308594 -11.552522659301758 0.0980392157 0.0980392157 0.0980392157
v -54.832302093505859 43.392387390136719 -10.933551788330078 0.0980392157 0.0980392157 0.0980392157
v -54.832302093505859 43.392387390136719 -10.933551788330078 0.0980392157 0.0980392157 0.0980392157
v -51.009815216064453 42.112125396728516 -6.0045375823974609 0.0980392157 0.0980392157 0.0980392157
v -53.998344421386719 40.665679931640625 -8.5730762481689453 0.0980392157 0.0980392157 0.0980392157
v -54.120025634765625 40.916194915771484 -10.437646865844727 0.0980392157 0.0980392157 0.0980392157
v -34.419517517089844 42.958236694335938 -8.677734375 0.0980392157 0.0980392157 0.0980392157
v -41.244991302490234 42.993125915527344 -5.6902084350585938 0.0980392157 0.0980392157 0.0980392157
v -48.206844329833984 42.019638061523438 -10.071450233459473 0.0980392157 0.0980392157 0.0980392157
v -68.316658020019531 34.019466400146484 -6.0682668685913086 0.0980392157 0.0980392157 0.0980392157
v -67.319114685058594 36.670028686523438 5.4743251800537109 0.0980392157 0.0980392157 0.0980392157
v -75.589302062988281 28.91447639465332 5.3581075668334961 0.0980392157 0.0980392157 0.0980392157
v -81.148643493652344 19.109268188476562 23.407421112060547 0.0980392157 0.0980392157 0.0980392157
v -73.708938598632812 29.894359588623047 17.918951034545898 0.0980392157 0.0980392157 0.0980392157
v -83.13116455078125 15.560465812683105 16.147462844848633 0.0980392157 0.0980392157 0.0980392157
v -80.049484252929688 19.50390625 3.2415406703948975 0.0980392157 0.0980392157 0.0980392157
v -69.994178771972656 25.732044219970703 35.644340515136719 0.0980392157 0.0980392157 0.0980392157
v -70.336463928222656 29.352005004882812 28.515796661376953 0.0980392157 0.0980392157 0.0980392157
v -62.034523010253906 28.822116851806641 38.459033966064453 0.0980392157 0.0980392157 0.0980392157
v -79.217453002929688 19.889801025390625 30.115633010864258 0.0980392157 0.0980392157 0.0980392157
v -73.708938598632812 29.894359588623047 17.918951034545898 0.0980392157 0.0980392157 0.0980392157
v -66.284385681152344 22.182870864868164 42.75714111328125 0.0980392157 0.0980392157 0.0980392157
v -77.149154663085938 17.275812149047852 38.174152374267578 0.0980392157 0.0980392157 0.0980392157
v -75.589302062988281 28.91447639465332 5.3581075668334961 0.0980392157 0.0980392157 0.0980392157
v -80.049484252929688 19.50390625 3.2415406703948975 0.0980392157 0.0980392157 0.0980392157
v -74.385543823242188 25.05626106262207 -6.0638189315795898 0.0980392157 0.0980392157 0.0980392157
v -68.316658020019531 34.019466400146484 -6.0682668685913086 0.0980392157 0.0980392157 0.0980392157
v -48.764007568359375 37.196456909179688 24.611148834228516 0.0980392157 0.0980392157 0.0980392157
v -52.825828552246094 31.745960235595703 33.948772430419922 0.0980392157 0.0980392157 0.0980392157
v -52.216499328613281 36.248153686523438 23.676946640014648 0.0980392157 0.0980392157 0.0980392157
v -48.515819549560547 38.349388122558594 26.403705596923828 0.0980392157 0.0980392157 0.0980392157
v -56.005561828613281 33.420444488525391 30.967758178710938 0.0980392157 0.0980392157 0.0980392157
v -55.761001586914062 37.760078430175781 24.547842025756836 0.0980392157 0.0980392157 0.0980392157
v -56.100669860839844 26.238349914550781 41.948192596435547 0.0980392157 0.0980392157 0.0980392157
v -56.005561828613281 33.420444488525391 30.967758178710938 0.0980392157 0.0980392157 0.0980392157
v -52.825828552246094 31.745960235595703 33.948772430419922 0.0980392157 0.0980392157 0.0980392157
v -50.769615173339844 33.798301696777344 36.418327331542969 0.0980392157 0.0980392157 0.0980392157
v -52.671623229980469 27.692451477050781 41.127437591552734 0.0980392157 0.0980392157 0.0980392157
v -48.515819549560547 38.349388122558594 26.403705596923828 0.0980392157 0.0980392157 0.0980392157
v -52.466300964355469 21.640678405761719 47.971229553222656 0.0980392157 0.0980392157 0.0980392157
v -55.549655914306641 19.919948577880859 47.616245269775391 0.0980392157 0.0980392157 0.0980392157
v -62.034523010253906 28.822116851806641 38.459033966064453 0.0980392157 0.0980392157 0.0980392157
v -57.878868103027344 31.910026550292969 36.459125518798828 0.0980392157 0.0980392157 0.0980392157
v -58.077602386474609 21.994428634643555 48.034957885742188 0.0980392157 0.0980392157 0.0980392157
v -62.378459930419922 34.558555603027344 28.52924919128418 0.0980392157 0.0980392157 0.0980392157
v 39.701377868652344 43.794193267822266 20.758758544921875 0.0980392157 0.0980392157 0.0980392157
v 31.812540054321289 45.881839752197266 14.11275577545166 0.0980392157 0.0980392157 0.0980392157
v 43.694820404052734 45.847736358642578 13.959150314331055 0.0980392157 0.0980392157 0.0980392157
v 55.798553466796875 43.8441162109375 18.118379592895508 0.0980392157 0.0980392157 0.0980392157
v -26.643386840820312 41.726917266845703 21.846981048583984 0.0980392157 0.0980392157 0.0980392157
v 1.6259481906890869 44.2220458984375 18.179443359375 0.0980392157 0.0980392157 0.0980392157
v -22.264081954956055 41.372352600097656 23.040483474731445 0.0980392157 0.0980392157 0.0980392157
v -42.976314544677734 37.684989929199219 29.632577896118164 0.0980392157 0.0980392157 0.0980392157
v -48.515819549560547 38.349388122558594 26.403705596923828 0.0980392157 0.0980392157 0.0980392157
v -42.976314544677734 37.684989929199219 29.632577896118164 0.0980392157 0.0980392157 0.0980392157
v -46.770973205566406 32.269557952880859 40.732044219970703 0.0980392157 0.0980392157 0.0980392157
v -50.769615173339844 33.798301696777344 36.418327331542969 0.0980392157 0.0980392157 0.0980392157
v 50.625518798828125 38.198909759521484 31.924089431762695 0.0980392157 0.0980392157 0.0980392157
v 34.773361206054688 41.56268310546875 23.920688629150391 0.0980392157 0.0980392157 0.0980392157
v 41.188461303710938 41.005081176757812 23.716259002685547 0.0980392157 0.0980392157 0.0980392157
v 27.930458068847656 42.220378875732422 18.976402282714844 0.0980392157 0.0980392157 0.0980392157
v 2.1451663970947266 41.014244079589844 20.861417770385742 0.0980392157 0.0980392157 0.0980392157
v 27.450445175170898 44.749725341796875 16.998825073242188 0.0980392157 0.0980392157 0.0980392157
v 27.930458068847656 42.220378875732422 18.976402282714844 0.0980392157 0.0980392157 0.0980392157
v 1.6259481906890869 44.2220458984375 18.179443359375 0.0980392157 0.0980392157 0.0980392157
v -22.264081954956055 41.372352600097656 23.040483474731445 0.0980392157 0.0980392157 0.0980392157
v -20.877346038818359 38.747478485107422 24.960199356079102 0.0980392157 0.0980392157 0.0980392157
v -39.5023193359375 35.812381744384766 30.114522933959961 0.0980392157 0.0980392157 0.0980392157
v -42.976314544677734 37.684989929199219 29.632577896118164 0.0980392157 0.0980392157 0.0980392157
v 25.08905029296875 41.732318878173828 21.664577484130859 0.0980392157 0.0980392157 0.0980392157
v 34.773361206054688 41.56268310546875 23.920688629150391 0.0980392157 0.0980392157 0.0980392157
v 23.222007751464844 43.067729949951172 21.270370483398438 0.0980392157 0.0980392157 0.0980392157
v 23.222007751464844 43.067729949951172 21.270370483398438 0.0980392157 0.0980392157 0.0980392157
v 25.27143669128418 46.754669189453125 18.570056915283203 0.0980392157 0.0980392157 0.0980392157
v -2.4040560722351074 45.342655181884766 21.046043395996094 0.0980392157 0.0980392157 0.0980392157
v -37.817184448242188 41.303096771240234 28.184608459472656 0.0980392157 0.0980392157 0.0980392157
v -10.040870666503906 40.572498321533203 25.452159881591797 0.0980392157 0.0980392157 0.0980392157
v -35.286457061767578 36.473438262939453 31.424871444702148 0.0980392157 0.0980392157 0.0980392157
v 45.642784118652344 49.008220672607422 12.528739929199219 0.0980392157 0.0980392157 0.0980392157
v 35.411750793457031 46.438800811767578 20.436542510986328 0.0980392157 0.0980392157 0.0980392157
v 48.287746429443359 44.389240264892578 25.899911880493164 0.0980392157 0.0980392157 0.0980392157
v 81.683479309082031 36.525012969970703 24.873992919921875 0.0980392157 0.0980392157 0.0980392157
v 62.409561157226562 43.790225982666016 18.047204971313477 0.0980392157 0.0980392157 0.0980392157
v 73.540245056152344 41.875629425048828 23.670848846435547 0.0980392157 0.0980392157 0.0980392157
v 60.702243804931641 46.113548278808594 18.293342590332031 0.0980392157 0.0980392157 0.0980392157
v 45.642784118652344 49.008220672607422 12.528739929199219 0.0980392157 0.0980392157 0.0980392157
v 43.903068542480469 47.181404113769531 11.447101593017578 0.0980392157 0.0980392157 0.0980392157
v 86.882331848144531 36.520027160644531 23.434944152832031 0.0980392157 0.0980392157 0.0980392157
v 77.545082092285156 38.967216491699219 22.222967147827148 0.0980392157 0.0980392157 0.0980392157
v 81.683479309082031 36.525012969970703 24.873992919921875 0.0980392157 0.0980392157 0.0980392157
v 62.409561157226562 43.790225982666016 18.047204971313477 0.0980392157 0.0980392157 0.0980392157
v 32.425014495849609 49.222621917724609 12.472100257873535 0.0980392157 0.0980392157 0.0980392157
v 25.27143669128418 46.754669189453125 18.570056915283203 0.0980392157 0.0980392157 0.0980392157
v 35.411750793457031 46.438800811767578 20.436542510986328 0.0980392157 0.0980392157 0.0980392157
v 45.642784118652344 49.008220672607422 12.528739929199219 0.0980392157 0.0980392157 0.0980392157
v -1.6386398077011108 47.285427093505859 16.565799713134766 0.0980392157 0.0980392157 0.0980392157
v -29.349273681640625 44.76922607421875 20.783517837524414 0.0980392157 0.0980392157 0.0980392157
v -2.4040560722351074 45.342655181884766 21.046043395996094 0.0980392157 0.0980392157 0.0980392157
v 32.425014495849609 49.222621917724609 12.472100257873535 0.0980392157 0.0980392157 0.0980392157
v 25.27143669128418 46.754669189453125 18.570056915283203 0.0980392157 0.0980392157 0.0980392157
v 44.764400482177734 47.632701873779297 9.683013916015625 0.0980392157 0.0980392157 0.0980392157
v 64.959671020507812 43.609416961669922 17.343265533447266 0.0980392157 0.0980392157 0.0980392157
v 48.504623413085938 49.450931549072266 11.261262893676758 0.0980392157 0.0980392157 0.0980392157
v 10.442629814147949 51.407680511474609 6.2156362533569336 0.0980392157 0.0980392157 0.0980392157
v 35.799201965332031 50.165210723876953 10.138704299926758 0.0980392157 0.0980392157 0.0980392157
v 44.384021759033203 53.397430419921875 1.1552363634109497 0.0980392157 0.0980392157 0.0980392157
v 61.914382934570312 54.997928619384766 -4.3134613037109375 0.0980392157 0.0980392157 0.0980392157
v 48.504623413085938 49.450931549072266 11.261262893676758 0.0980392157 0.0980392157 0.0980392157
v 60.739845275878906 49.398937225341797 -11.077326774597168 0.0980392157 0.0980392157 0.0980392157
v 53.763534545898438 44.777389526367188 -16.886255264282227 0.0980392157 0.0980392157 0.0980392157
v 60.772323608398438 47.468315124511719 -19.144357681274414 0.0980392157 0.0980392157 0.0980392157
v -1.0090250968933105 47.487117767333984 -5.6520981788635254 0.0980392157 0.0980392157 0.0980392157
v 34.478271484375 50.457881927490234 -3.2262928485870361 0.0980392157 0.0980392157 0.0980392157
v 37.570556640625 45.567447662353516 -10.011741638183594 0.0980392157 0.0980392157 0.0980392157
v 10.726509094238281 50.480594635009766 0.1855040043592453 0.0980392157 0.0980392157 0.0980392157
v 44.384021759033203 53.397430419921875 1.1552363634109497 0.0980392157 0.0980392157 0.0980392157
v 47.271278381347656 50.888038635253906 -5.4359683990478516 0.0980392157 0.0980392157 0.0980392157
v 51.722194671630859 49.205230712890625 -10.744417190551758 0.0980392157 0.0980392157 0.0980392157
v 27.818794250488281 42.966514587402344 -8.0423650741577148 0.0980392157 0.0980392157 0.0980392157
v 12.263921737670898 40.988838195800781 -10.278116226196289 0.0980392157 0.0980392157 0.0980392157
v 28.783544540405273 39.114048004150391 -11.15303897857666 0.0980392157 0.0980392157 0.0980392157
v 39.5289306640625 42.972591400146484 -9.3158044815063477 0.0980392157 0.0980392157 0.0980392157
v -34.419517517089844 42.958236694335938 -8.677734375 0.0980392157 0.0980392157 0.0980392157
v 51.770172119140625 43.916393280029297 -16.036350250244141 0.0980392157 0.0980392157 0.0980392157
v 45.984237670898438 42.997348785400391 -12.791056632995605 0.0980392157 0.0980392157 0.0980392157
v 39.9896240234375 39.867824554443359 -13.806018829345703 0.0980392157 0.0980392157 0.0980392157
v -72.238273620605469 29.999063491821289 -12.181723594665527 0.0980392157 0.0980392157 0.0980392157
v -74.618194580078125 30.003606796264648 -5.4136538505554199 0.0980392157 0.0980392157 0.0980392157
v -67.02996826171875 37.579349517822266 -12.107268333435059 0.0980392157 0.0980392157 0.0980392157
v -67.02996826171875 37.579349517822266 -12.107268333435059 0.0980392157 0.0980392157 0.0980392157
v -59.021293640136719 42.226490020751953 -11.178021430969238 0.0980392157 0.0980392157 0.0980392157
v -64.3118896484375 36.751243591308594 -11.552522659301758 0.0980392157 0.0980392157 0.0980392157
v 8.1245861053466797 43.018062591552734 -11.888526916503906 0.0980392157 0.0980392157 0.0980392157
v 12.263921737670898 40.988838195800781 -10.278116226196289 0.0980392157 0.0980392157 0.0980392157
v -28.049837112426758 42.435733795166016 -9.5524797439575195 0.0980392157 0.0980392157 0.0980392157
v -34.821048736572266 44.636024475097656 -10.719977378845215 0.0980392157 0.0980392157 0.0980392157
v -57.830196380615234 12.002004623413086 53.254016876220703 0.0980392157 0.0980392157 0.0980392157
v -75.068458557128906 8.5059289932250977 45.841415405273438 0.0980392157 0.0980392157 0.0980392157
v -69.105438232421875 15.541293144226074 45.845485687255859 0.0980392157 0.0980392157 0.0980392157
v -58.077602386474609 21.994428634643555 48.034957885742188 0.0980392157 0.0980392157 0.0980392157
v -66.284385681152344 22.182870864868164 42.75714111328125 0.0980392157 0.0980392157 0.0980392157
v -77.149154663085938 17.275812149047852 38.174152374267578 0.0980392157 0.0980392157 0.0980392157
v -78.30511474609375 -7.1458258628845215 -5.9055566787719727 0.0980392157 0.0980392157 0.0980392157
v -82.652015686035156 8.0225191116333008 3.6209836006164551 0.0980392157 0.0980392157 0.0980392157
v -85.175506591796875 0.33409303426742554 8.6364412307739258 0.0980392157 0.0980392157 0.0980392157
v -84.467605590820312 10.003551483154297 11.225569725036621 0.0980392157 0.0980392157 0.0980392157
v -78.819236755371094 9.1458988189697266 -3.8124170303344727 0.0980392157 0.0980392157 0.0980392157
v -80.049484252929688 19.50390625 3.2415406703948975 0.0980392157 0.0980392157 0.0980392157
v -78.324508666992188 9.9522266387939453 -6.0573945045471191 0.0980392157 0.0980392157 0.0980392157
v -74.385543823242188 25.05626106262207 -6.0638189315795898 0.0980392157 0.0980392157 0.0980392157
v -55.871719360351562 12.484992980957031 51.947933197021484 0.0980392157 0.0980392157 0.0980392157
v -55.549655914306641 19.919948577880859 47.616245269775391 0.0980392157 0.0980392157 0.0980392157
v -52.466300964355469 21.640678405761719 47.971229553222656 0.0980392157 0.0980392157 0.0980392157
v -52.604053497314453 10.489373207092285 53.243366241455078 0.0980392157 0.0980392157 0.0980392157
v -51.142391204833984 20.287298202514648 52.278743743896484 0.0980392157 0.0980392157 0.0980392157
v -50.890499114990234 10.103742599487305 56.766834259033203 0.0980392157 0.0980392157 0.0980392157
v -57.830196380615234 12.002004623413086 53.254016876220703 0.0980392157 0.0980392157 0.0980392157
v -58.077602386474609 21.994428634643555 48.034957885742188 0.0980392157 0.0980392157 0.0980392157
v -56.100669860839844 26.238349914550781 41.948192596435547 0.0980392157 0.0980392157 0.0980392157
v -57.764202117919922 3.5784928798675537 55.260902404785156 0.0980392157 0.0980392157 0.0980392157
v -51.14605712890625 29.407215118408203 43.553817749023438 0.0980392157 0.0980392157 0.0980392157
v -50.91986083984375 -0.63826024532318115 58.354999542236328 0.0980392157 0.0980392157 0.0980392157
v -51.561588287353516 -2.2866160869598389 56.155136108398438 0.0980392157 0.0980392157 0.0980392157
v -51.14605712890625 29.407215118408203 43.553817749023438 0.0980392157 0.0980392157 0.0980392157
v -46.770973205566406 32.269557952880859 40.732044219970703 0.0980392157 0.0980392157 0.0980392157
v -47.753490447998047 27.123069763183594 47.631614685058594 0.0980392157 0.0980392157 0.0980392157
v -51.142391204833984 20.287298202514648 52.278743743896484 0.0980392157 0.0980392157 0.0980392157
v 27.930458068847656 42.220378875732422 18.976402282714844 0.0980392157 0.0980392157 0.0980392157
v 25.08905029296875 41.732318878173828 21.664577484130859 0.0980392157 0.0980392157 0.0980392157
v -4.9136743545532227 40.112010955810547 24.456438064575195 0.0980392157 0.0980392157 0.0980392157
v 2.1451663970947266 41.014244079589844 20.861417770385742 0.0980392157 0.0980392157 0.0980392157
v -20.877346038818359 38.747478485107422 24.960199356079102 0.0980392157 0.0980392157 0.0980392157
v 2.1451663970947266 41.014244079589844 20.861417770385742 0.0980392157 0.0980392157 0.0980392157
v -4.9136743545532227 40.112010955810547 24.456438064575195 0.0980392157 0.0980392157 0.0980392157
v -35.286457061767578 36.473438262939453 31.424871444702148 0.0980392157 0.0980392157 0.0980392157
v 23.222007751464844 43.067729949951172 21.270370483398438 0.0980392157 0.0980392157 0.0980392157
v -10.040870666503906 40.572498321533203 25.452159881591797 0.0980392157 0.0980392157 0.0980392157
v -4.9136743545532227 40.112010955810547 24.456438064575195 0.0980392157 0.0980392157 0.0980392157
v 25.08905029296875 41.732318878173828 21.664577484130859 0.0980392157 0.0980392157 0.0980392157
v -4.9136743545532227 40.112010955810547 24.456438064575195 0.0980392157 0.0980392157 0.0980392157
v -10.040870666503906 40.572498321533203 25.452159881591797 0.0980392157 0.0980392157 0.0980392157
v -35.286457061767578 36.473438262939453 31.424871444702148 0.0980392157 0.0980392157 0.0980392157
v -40.772483825683594 36.042781829833984 35.026481628417969 0.0980392157 0.0980392157 0.0980392157
v -35.286457061767578 36.473438262939453 31.424871444702148 0.0980392157 0.0980392157 0.0980392157
v -37.817184448242188 41.303096771240234 28.184608459472656 0.0980392157 0.0980392157 0.0980392157
v -43.327392578125 39.2340087890625 32.484058380126953 0.0980392157 0.0980392157 0.0980392157
v -47.381851196289062 32.944190979003906 44.822399139404297 0.0980392157 0.0980392157 0.0980392157
v 43.903068542480469 47.181404113769531 11.447101593017578 0.0980392157 0.0980392157 0.0980392157
v 32.425014495849609 49.222621917724609 12.472100257873535 0.0980392157 0.0980392157 0.0980392157
v 45.642784118652344 49.008220672607422 12.528739929199219 0.0980392157 0.0980392157 0.0980392157
v 31.418111801147461 47.260578155517578 11.709921836853027 0.0980392157 0.0980392157 0.0980392157
v 62.409561157226562 43.790225982666016 18.047204971313477 0.0980392157 0.0980392157 0.0980392157
v 44.764400482177734 47.632701873779297 9.683013916015625 0.0980392157 0.0980392157 0.0980392157
v 43.903068542480469 47.181404113769531 11.447101593017578 0.0980392157 0.0980392157 0.0980392157
v 64.959671020507812 43.609416961669922 17.343265533447266 0.0980392157 0.0980392157 0.0980392157
v -46.907123565673828 42.023059844970703 24.298616409301758 0.0980392157 0.0980392157 0.0980392157
v -43.327392578125 39.2340087890625 32.484058380126953 0.0980392157 0.0980392157 0.0980392157
v -37.817184448242188 41.303096771240234 28.184608459472656 0.0980392157 0.0980392157 0.0980392157
v -52.580158233642578 39.705951690673828 28.798025131225586 0.0980392157 0.0980392157 0.0980392157
v -47.381851196289062 32.944190979003906 44.822399139404297 0.0980392157 0.0980392157 0.0980392157
v -1.6386398077011108 47.285427093505859 16.565799713134766 0.0980392157 0.0980392157 0.0980392157
v 32.425014495849609 49.222621917724609 12.472100257873535 0.0980392157 0.0980392157 0.0980392157
v 2.0913922786712646 45.495334625244141 14.865411758422852 0.0980392157 0.0980392157 0.0980392157
v 31.418111801147461 47.260578155517578 11.709921836853027 0.0980392157 0.0980392157 0.0980392157
v -25.835790634155273 43.301925659179688 19.221656799316406 0.0980392157 0.0980392157 0.0980392157
v -29.349273681640625 44.76922607421875 20.783517837524414 0.0980392157 0.0980392157 0.0980392157
v -47.466266632080078 40.103462219238281 23.537542343139648 0.0980392157 0.0980392157 0.0980392157
v 35.799201965332031 50.165210723876953 10.138704299926758 0.0980392157 0.0980392157 0.0980392157
v 44.764400482177734 47.632701873779297 9.683013916015625 0.0980392157 0.0980392157 0.0980392157
v 48.504623413085938 49.450931549072266 11.261262893676758 0.0980392157 0.0980392157 0.0980392157
v 32.725299835205078 48.013671875 9.8255882263183594 0.0980392157 0.0980392157 0.0980392157
v -5.3773655891418457 47.817352294921875 15.06291389465332 0.0980392157 0.0980392157 0.0980392157
v -25.399835586547852 48.650913238525391 11.36931037902832 0.0980392157 0.0980392157 0.0980392157
v -30.615678787231445 45.489616394042969 18.982854843139648 0.0980392157 0.0980392157 0.0980392157
v 10.442629814147949 51.407680511474609 6.2156362533569336 0.0980392157 0.0980392157 0.0980392157
v -46.669162750244141 45.902725219726562 14.478337287902832 0.0980392157 0.0980392157 0.0980392157
v 35.799201965332031 50.165210723876953 10.138704299926758 0.0980392157 0.0980392157 0.0980392157
v -58.222373962402344 43.284900665283203 17.012701034545898 0.0980392157 0.0980392157 0.0980392157
v -46.669162750244141 45.902725219726562 14.478337287902832 0.0980392157 0.0980392157 0.0980392157
v -62.336933135986328 41.933048248291016 10.426860809326172 0.0980392157 0.0980392157 0.0980392157
v -30.778730392456055 47.922512054443359 0.7073245644569397 0.0980392157 0.0980392157 0.0980392157
v -49.225696563720703 45.294189453125 2.2039251327514648 0.0980392157 0.0980392157 0.0980392157
v -43.732326507568359 45.386772155761719 -7.4426074028015137 0.0980392157 0.0980392157 0.0980392157
v -59.021293640136719 42.226490020751953 -11.178021430969238 0.0980392157 0.0980392157 0.0980392157
v -66.801170349121094 39.726657867431641 4.8891124725341797 0.0980392157 0.0980392157 0.0980392157
v 10.442629814147949 51.407680511474609 6.2156362533569336 0.0980392157 0.0980392157 0.0980392157
v -25.399835586547852 48.650913238525391 11.36931037902832 0.0980392157 0.0980392157 0.0980392157
v 10.726509094238281 50.480594635009766 0.1855040043592453 0.0980392157 0.0980392157 0.0980392157
v 37.570556640625 45.567447662353516 -10.011741638183594 0.0980392157 0.0980392157 0.0980392157
v 16.661670684814453 45.881507873535156 -8.4793224334716797 0.0980392157 0.0980392157 0.0980392157
v -1.0090250968933105 47.487117767333984 -5.6520981788635254 0.0980392157 0.0980392157 0.0980392157
v 34.478271484375 50.457881927490234 -3.2262928485870361 0.0980392157 0.0980392157 0.0980392157
v 28.783544540405273 39.114048004150391 -11.15303897857666 0.0980392157 0.0980392157 0.0980392157
v 12.263921737670898 40.988838195800781 -10.278116226196289 0.0980392157 0.0980392157 0.0980392157
v 26.347263336181641 40.855556488037109 -12.864404678344727 0.0980392157 0.0980392157 0.0980392157
v 35.976696014404297 41.266349792480469 -14.23561954498291 0.0980392157 0.0980392157 0.0980392157
v 39.9896240234375 39.867824554443359 -13.806018829345703 0.0980392157 0.0980392157 0.0980392157
v 47.021194458007812 44.491832733154297 -16.769397735595703 0.0980392157 0.0980392157 0.0980392157
v -87.050277709960938 29.999547958374023 -18.143543243408203 0.0980392157 0.0980392157 0.0980392157
v -88.673194885253906 29.999401092529297 -15.300152778625488 0.0980392157 0.0980392157 0.0980392157
v -86.392326354980469 29.999320983886719 -16.964975357055664 0.0980392157 0.0980392157 0.0980392157
v -90.010017395019531 29.999725341796875 -19.122425079345703 0.0980392157 0.0980392157 0.0980392157
v -76.949882507324219 29.978906631469727 -10.182308197021484 0.0980392157 0.0980392157 0.0980392157
v -76.784873962402344 29.85609245300293 -23.946033477783203 0.0980392157 0.0980392157 0.0980392157
v -76.188453674316406 29.667659759521484 -21.984628677368164 0.0980392157 0.0980392157 0.0980392157
v -74.997108459472656 29.999401092529297 -12.046931266784668 0.0980392157 0.0980392157 0.0980392157
v -74.618194580078125 30.003606796264648 -5.4136538505554199 0.0980392157 0.0980392157 0.0980392157
v -72.238273620605469 29.999063491821289 -12.181723594665527 0.0980392157 0.0980392157 0.0980392157
v -70.540664672851562 27.777582168579102 -12.191657066345215 0.0980392157 0.0980392157 0.0980392157
v -72.238273620605469 29.999063491821289 -12.181723594665527 0.0980392157 0.0980392157 0.0980392157
v -67.02996826171875 37.579349517822266 -12.107268333435059 0.0980392157 0.0980392157 0.0980392157
v -70.540664672851562 27.777582168579102 -12.191657066345215 0.0980392157 0.0980392157 0.0980392157
v -71.509178161621094 27.600980758666992 -8.5679397583007812 0.0980392157 0.0980392157 0.0980392157
v -70.540664672851562 27.777582168579102 -12.191657066345215 0.0980392157 0.0980392157 0.0980392157
v -68.260704040527344 33.333950042724609 -8.5686397552490234 0.0980392157 0.0980392157 0.0980392157
v -64.3118896484375 36.751243591308594 -11.552522659301758 0.0980392157 0.0980392157 0.0980392157
v -61.684967041015625 38.899257659912109 -8.5700578689575195 0.0980392157 0.0980392157 0.0980392157
v -54.120025634765625 40.916194915771484 -10.437646865844727 0.0980392157 0.0980392157 0.0980392157
v -53.998344421386719 40.665679931640625 -8.5730762481689453 0.0980392157 0.0980392157 0.0980392157
v -85.175506591796875 0.33409303426742554 8.6364412307739258 0.0980392157 0.0980392157 0.0980392157
v -75.068458557128906 8.5059289932250977 45.841415405273438 0.0980392157 0.0980392157 0.0980392157
v -74.65704345703125 -2.7814912796020508 47.358745574951172 0.0980392157 0.0980392157 0.0980392157
v -83.13116455078125 15.560465812683105 16.147462844848633 0.0980392157 0.0980392157 0.0980392157
v -77.149154663085938 17.275812149047852 38.174152374267578 0.0980392157 0.0980392157 0.0980392157
v -81.148643493652344 19.109268188476562 23.407421112060547 0.0980392157 0.0980392157 0.0980392157
v -79.217453002929688 19.889801025390625 30.115633010864258 0.0980392157 0.0980392157 0.0980392157
v -84.467605590820312 10.003551483154297 11.225569725036621 0.0980392157 0.0980392157 0.0980392157
v -78.342544555664062 18.032352447509766 -8.5662126541137695 0.0980392157 0.0980392157 0.0980392157
v -80.105735778808594 4.0240011215209961 -8.5688018798828125 0.0980392157 0.0980392157 0.0980392157
v -82.750846862792969 5.1449236869812012 -15.435817718505859 0.0980392157 0.0980392157 0.0980392157
v -79.918731689453125 20.372932434082031 -14.186800956726074 0.0980392157 0.0980392157 0.0980392157
v -74.501914978027344 27.462736129760742 -8.5774040222167969 0.0980392157 0.0980392157 0.0980392157
v -81.495124816894531 3.1476991176605225 -4.8174858093261719 0.0980392157 0.0980392157 0.0980392157
v -84.037986755371094 11.489789962768555 -13.273807525634766 0.0980392157 0.0980392157 0.0980392157
v -84.837333679199219 -3.1163234710693359 -13.621164321899414 0.0980392157 0.0980392157 0.0980392157
v -81.718795776367188 20.557973861694336 -12.235221862792969 0.0980392157 0.0980392157 0.0980392157
v -77.782485961914062 23.76161003112793 -5.204890251159668 0.0980392157 0.0980392157 0.0980392157
v -76.949882507324219 29.978906631469727 -10.182308197021484 0.0980392157 0.0980392157 0.0980392157
v -80.114311218261719 15.381655693054199 -4.9653463363647461 0.0980392157 0.0980392157 0.0980392157
v -84.783882141113281 8.7576618194580078 2.4879121780395508 0.0980392157 0.0980392157 0.0980392157
v -82.191596984863281 18.762912750244141 1.1331371068954468 0.0980392157 0.0980392157 0.0980392157
v -80.114311218261719 15.381655693054199 -4.9653463363647461 0.0980392157 0.0980392157 0.0980392157
v -87.121917724609375 10.234333038330078 10.982708930969238 0.0980392157 0.0980392157 0.0980392157
v -87.821487426757812 -1.7614437341690063 8.1650667190551758 0.0980392157 0.0980392157 0.0980392157
v -81.495124816894531 3.1476991176605225 -4.8174858093261719 0.0980392157 0.0980392157 0.0980392157
v -76.950004577636719 5.4823241233825684 48.374931335449219 0.0980392157 0.0980392157 0.0980392157
v -85.279502868652344 17.038311004638672 17.750965118408203 0.0980392157 0.0980392157 0.0980392157
v -76.816566467285156 -3.8529739379882812 48.920162200927734 0.0980392157 0.0980392157 0.0980392157
v -83.385482788085938 20.121492385864258 24.741081237792969 0.0980392157 0.0980392157 0.0980392157
v -77.952354431152344 13.566997528076172 44.483539581298828 0.0980392157 0.0980392157 0.0980392157
v -79.579177856445312 18.449520111083984 38.482032775878906 0.0980392157 0.0980392157 0.0980392157
v -81.051803588867188 21.318513870239258 31.532920837402344 0.0980392157 0.0980392157 0.0980392157
v -87.121917724609375 10.234333038330078 10.982708930969238 0.0980392157 0.0980392157 0.0980392157
v -71.830886840820312 22.792972564697266 41.914497375488281 0.0980392157 0.0980392157 0.0980392157
v -77.952354431152344 13.566997528076172 44.483539581298828 0.0980392157 0.0980392157 0.0980392157
v -68.955650329589844 15.932633399963379 49.049186706542969 0.0980392157 0.0980392157 0.0980392157
v -56.372844696044922 11.261878967285156 57.220169067382812 0.0980392157 0.0980392157 0.0980392157
v -76.950004577636719 5.4823241233825684 48.374931335449219 0.0980392157 0.0980392157 0.0980392157
v -56.358055114746094 0.87504076957702637 58.816402435302734 0.0980392157 0.0980392157 0.0980392157
v -56.533416748046875 22.057270050048828 51.87322998046875 0.0980392157 0.0980392157 0.0980392157
v -62.215095520019531 25.713296890258789 45.893718719482422 0.0980392157 0.0980392157 0.0980392157
v -55.474761962890625 24.031225204467773 47.669696807861328 0.0980392157 0.0980392157 0.0980392157
v -56.533416748046875 22.057270050048828 51.87322998046875 0.0980392157 0.0980392157 0.0980392157
v -55.3641357421875 12.883632659912109 54.656017303466797 0.0980392157 0.0980392157 0.0980392157
v -55.096343994140625 0.86443674564361572 56.619853973388672 0.0980392157 0.0980392157 0.0980392157
v -56.372844696044922 11.261878967285156 57.220169067382812 0.0980392157 0.0980392157 0.0980392157
v -56.358055114746094 0.87504076957702637 58.816402435302734 0.0980392157 0.0980392157 0.0980392157
v -53.880840301513672 20.102468490600586 51.449134826660156 0.0980392157 0.0980392157 0.0980392157
v -55.474761962890625 24.031225204467773 47.669696807861328 0.0980392157 0.0980392157 0.0980392157
v -55.3641357421875 12.883632659912109 54.656017303466797 0.0980392157 0.0980392157 0.0980392157
v -53.649639129638672 8.8112888336181641 56.433330535888672 0.0980392157 0.0980392157 0.0980392157
v -53.971687316894531 30.310369491577148 41.789226531982422 0.0980392157 0.0980392157 0.0980392157
v -54.298679351806641 -0.92264729738235474 59.830192565917969 0.0980392157 0.0980392157 0.0980392157
v -54.298320770263672 11.679784774780273 57.781478881835938 0.0980392157 0.0980392157 0.0980392157
v -53.649639129638672 8.8112888336181641 56.433330535888672 0.0980392157 0.0980392157 0.0980392157
v -53.880840301513672 20.102468490600586 51.449134826660156 0.0980392157 0.0980392157 0.0980392157
v -54.505882263183594 22.977781295776367 52.296924591064453 0.0980392157 0.0980392157 0.0980392157
v -54.298320770263672 11.679784774780273 57.781478881835938 0.0980392157 0.0980392157 0.0980392157
v -47.847557067871094 9.8298606872558594 60.857955932617188 0.0980392157 0.0980392157 0.0980392157
v -48.298927307128906 17.203105926513672 58.038795471191406 0.0980392157 0.0980392157 0.0980392157
v -54.298679351806641 -0.92264729738235474 59.830192565917969 0.0980392157 0.0980392157 0.0980392157
v -48.177829742431641 -0.41233542561531067 62.12054443359375 0.0980392157 0.0980392157 0.0980392157
v -48.012008666992188 24.776721954345703 53.331062316894531 0.0980392157 0.0980392157 0.0980392157
v -54.505882263183594 22.977781295776367 52.296924591064453 0.0980392157 0.0980392157 0.0980392157
v -47.847557067871094 9.8298606872558594 60.857955932617188 0.0980392157 0.0980392157 0.0980392157
v -43.505657196044922 5.9564380645751953 60.705303192138672 0.0980392157 0.0980392157 0.0980392157
v -43.937286376953125 16.736268997192383 57.359344482421875 0.0980392157 0.0980392157 0.0980392157
v -48.298927307128906 17.203105926513672 58.038795471191406 0.0980392157 0.0980392157 0.0980392157
v -48.177829742431641 -0.41233542561531067 62.12054443359375 0.0980392157 0.0980392157 0.0980392157
v -43.887344360351562 -5.6452851295471191 61.147747039794922 0.0980392157 0.0980392157 0.0980392157
v -48.012008666992188 24.776721954345703 53.331062316894531 0.0980392157 0.0980392157 0.0980392157
v -43.220943450927734 27.074356079101562 49.375404357910156 0.0980392157 0.0980392157 0.0980392157
v -43.522785186767578 14.712467193603516 57.048641204833984 0.0980392157 0.0980392157 0.0980392157
v -43.937286376953125 16.736268997192383 57.359344482421875 0.0980392157 0.0980392157 0.0980392157
v -43.505657196044922 5.9564380645751953 60.705303192138672 0.0980392157 0.0980392157 0.0980392157
v -42.990039825439453 25.825017929077148 49.09368896484375 0.0980392157 0.0980392157 0.0980392157
v -43.220943450927734 27.074356079101562 49.375404357910156 0.0980392157 0.0980392157 0.0980392157
v -43.522785186767578 14.712467193603516 57.048641204833984 0.0980392157 0.0980392157 0.0980392157
v -45.470394134521484 18.825492858886719 53.890705108642578 0.0980392157 0.0980392157 0.0980392157
v -42.990039825439453 25.825017929077148 49.09368896484375 0.0980392157 0.0980392157 0.0980392157
v -45.219196319580078 5.1169285774230957 59.041877746582031 0.0980392157 0.0980392157 0.0980392157
v -43.505657196044922 5.9564380645751953 60.705303192138672 0.0980392157 0.0980392157 0.0980392157
v -47.874141693115234 16.561386108398438 55.821102142333984 0.0980392157 0.0980392157 0.0980392157
v -47.753490447998047 27.123069763183594 47.631614685058594 0.0980392157 0.0980392157 0.0980392157
v -45.470394134521484 18.825492858886719 53.890705108642578 0.0980392157 0.0980392157 0.0980392157
v -45.219196319580078 5.1169285774230957 59.041877746582031 0.0980392157 0.0980392157 0.0980392157
v -47.934463500976562 2.3713474273681641 59.562278747558594 0.0980392157 0.0980392157 0.0980392157
v -50.890499114990234 10.103742599487305 56.766834259033203 0.0980392157 0.0980392157 0.0980392157
v -51.142391204833984 20.287298202514648 52.278743743896484 0.0980392157 0.0980392157 0.0980392157
v -47.874141693115234 16.561386108398438 55.821102142333984 0.0980392157 0.0980392157 0.0980392157
v -47.934463500976562 2.3713474273681641 59.562278747558594 0.0980392157 0.0980392157 0.0980392157
v -47.753490447998047 27.123069763183594 47.631614685058594 0.0980392157 0.0980392157 0.0980392157
v -45.470394134521484 18.825492858886719 53.890705108642578 0.0980392157 0.0980392157 0.0980392157
v -47.753490447998047 27.123069763183594 47.631614685058594 0.0980392157 0.0980392157 0.0980392157
v -44.142360687255859 29.748062133789062 42.504646301269531 0.0980392157 0.0980392157 0.0980392157
v -44.142360687255859 29.748062133789062 42.504646301269531 0.0980392157 0.0980392157 0.0980392157
v -39.5023193359375 35.812381744384766 30.114522933959961 0.0980392157 0.0980392157 0.0980392157
v -40.673324584960938 33.723793029785156 36.486106872558594 0.0980392157 0.0980392157 0.0980392157
v -40.772483825683594 36.042781829833984 35.026481628417969 0.0980392157 0.0980392157 0.0980392157
v -43.220943450927734 27.074356079101562 49.375404357910156 0.0980392157 0.0980392157 0.0980392157
v -40.673324584960938 33.723793029785156 36.486106872558594 0.0980392157 0.0980392157 0.0980392157
v -35.286457061767578 36.473438262939453 31.424871444702148 0.0980392157 0.0980392157 0.0980392157
v -43.220943450927734 27.074356079101562 49.375404357910156 0.0980392157 0.0980392157 0.0980392157
v -40.772483825683594 36.042781829833984 35.026481628417969 0.0980392157 0.0980392157 0.0980392157
v -47.381851196289062 32.944190979003906 44.822399139404297 0.0980392157 0.0980392157 0.0980392157
v -54.365898132324219 32.181919097900391 42.793041229248047 0.0980392157 0.0980392157 0.0980392157
v -54.505882263183594 22.977781295776367 52.296924591064453 0.0980392157 0.0980392157 0.0980392157
v -47.381851196289062 32.944190979003906 44.822399139404297 0.0980392157 0.0980392157 0.0980392157
v -52.580158233642578 39.705951690673828 28.798025131225586 0.0980392157 0.0980392157 0.0980392157
v -47.466266632080078 40.103462219238281 23.537542343139648 0.0980392157 0.0980392157 0.0980392157
v -52.580158233642578 39.705951690673828 28.798025131225586 0.0980392157 0.0980392157 0.0980392157
v -46.907123565673828 42.023059844970703 24.298616409301758 0.0980392157 0.0980392157 0.0980392157
v 2.0913922786712646 45.495334625244141 14.865411758422852 0.0980392157 0.0980392157 0.0980392157
v 4.1004700660705566 46.425514221191406 13.123445510864258 0.0980392157 0.0980392157 0.0980392157
v -28.341878890991211 43.436511993408203 18.062019348144531 0.0980392157 0.0980392157 0.0980392157
v -25.835790634155273 43.301925659179688 19.221656799316406 0.0980392157 0.0980392157 0.0980392157
v -48.193611145019531 40.213668823242188 21.904136657714844 0.0980392157 0.0980392157 0.0980392157
v 44.764400482177734 47.632701873779297 9.683013916015625 0.0980392157 0.0980392157 0.0980392157
v 31.418111801147461 47.260578155517578 11.709921836853027 0.0980392157 0.0980392157 0.0980392157
v -28.341878890991211 43.436511993408203 18.062019348144531 0.0980392157 0.0980392157 0.0980392157
v -5.3773655891418457 47.817352294921875 15.06291389465332 0.0980392157 0.0980392157 0.0980392157
v -30.615678787231445 45.489616394042969 18.982854843139648 0.0980392157 0.0980392157 0.0980392157
v -48.193611145019531 40.213668823242188 21.904136657714844 0.0980392157 0.0980392157 0.0980392157
v -49.013938903808594 42.432296752929688 22.750333786010742 0.0980392157 0.0980392157 0.0980392157
v 4.1004700660705566 46.425514221191406 13.123445510864258 0.0980392157 0.0980392157 0.0980392157
v 35.799201965332031 50.165210723876953 10.138704299926758 0.0980392157 0.0980392157 0.0980392157
v 32.725299835205078 48.013671875 9.8255882263183594 0.0980392157 0.0980392157 0.0980392157
v -54.454765319824219 39.604660034179688 27.725957870483398 0.0980392157 0.0980392157 0.0980392157
v -62.038463592529297 40.09088134765625 22.768642425537109 0.0980392157 0.0980392157 0.0980392157
v -64.064010620117188 35.539505004882812 31.154850006103516 0.0980392157 0.0980392157 0.0980392157
v -66.801170349121094 39.726657867431641 4.8891124725341797 0.0980392157 0.0980392157 0.0980392157
v -73.172653198242188 35.24945068359375 8.0234575271606445 0.0980392157 0.0980392157 0.0980392157
v -67.603507995605469 38.851844787597656 14.492067337036133 0.0980392157 0.0980392157 0.0980392157
v -58.222373962402344 43.284900665283203 17.012701034545898 0.0980392157 0.0980392157 0.0980392157
v -62.336933135986328 41.933048248291016 10.426860809326172 0.0980392157 0.0980392157 0.0980392157
v -81.051803588867188 21.318513870239258 31.532920837402344 0.0980392157 0.0980392157 0.0980392157
v -70.562675476074219 35.620578765869141 19.951923370361328 0.0980392157 0.0980392157 0.0980392157
v -76.765846252441406 30.532611846923828 16.23204231262207 0.0980392157 0.0980392157 0.0980392157
v -73.125938415527344 28.55548095703125 32.426593780517578 0.0980392157 0.0980392157 0.0980392157
v -64.064010620117188 35.539505004882812 31.154850006103516 0.0980392157 0.0980392157 0.0980392157
v -62.038463592529297 40.09088134765625 22.768642425537109 0.0980392157 0.0980392157 0.0980392157
v -66.801170349121094 39.726657867431641 4.8891124725341797 0.0980392157 0.0980392157 0.0980392157
v -59.021293640136719 42.226490020751953 -11.178021430969238 0.0980392157 0.0980392157 0.0980392157
v -67.02996826171875 37.579349517822266 -12.107268333435059 0.0980392157 0.0980392157 0.0980392157
v -80.826332092285156 24.192937850952148 3.5160074234008789 0.0980392157 0.0980392157 0.0980392157
v -77.678932189941406 30.347091674804688 5.7270960807800293 0.0980392157 0.0980392157 0.0980392157
v -74.618194580078125 30.003606796264648 -5.4136538505554199 0.0980392157 0.0980392157 0.0980392157
v -82.191596984863281 18.762912750244141 1.1331371068954468 0.0980392157 0.0980392157 0.0980392157
v -87.121917724609375 10.234333038330078 10.982708930969238 0.0980392157 0.0980392157 0.0980392157
v -77.782485961914062 23.76161003112793 -5.204890251159668 0.0980392157 0.0980392157 0.0980392157
v -67.02996826171875 37.579349517822266 -12.107268333435059 0.0980392157 0.0980392157 0.0980392157
v -76.188453674316406 29.667659759521484 -21.984628677368164 0.0980392157 0.0980392157 0.0980392157
v -74.048713684082031 25.822544097900391 -22.194629669189453 0.0980392157 0.0980392157 0.0980392157
v -74.044998168945312 26.021547317504883 -24.195917129516602 0.0980392157 0.0980392157 0.0980392157
v -79.579177856445312 18.449520111083984 38.482032775878906 0.0980392157 0.0980392157 0.0980392157
v -71.830886840820312 22.792972564697266 41.914497375488281 0.0980392157 0.0980392157 0.0980392157
v -73.125938415527344 28.55548095703125 32.426593780517578 0.0980392157 0.0980392157 0.0980392157
v -66.379364013671875 30.475854873657227 37.5960693359375 0.0980392157 0.0980392157 0.0980392157
v -64.064010620117188 35.539505004882812 31.154850006103516 0.0980392157 0.0980392157 0.0980392157
v -76.765846252441406 30.532611846923828 16.23204231262207 0.0980392157 0.0980392157 0.0980392157
v -83.385482788085938 20.121492385864258 24.741081237792969 0.0980392157 0.0980392157 0.0980392157
v -81.051803588867188 21.318513870239258 31.532920837402344 0.0980392157 0.0980392157 0.0980392157
v -56.44354248046875 30.529987335205078 43.849559783935547 0.0980392157 0.0980392157 0.0980392157
v -66.379364013671875 30.475854873657227 37.5960693359375 0.0980392157 0.0980392157 0.0980392157
v -62.215095520019531 25.713296890258789 45.893718719482422 0.0980392157 0.0980392157 0.0980392157
v -56.533416748046875 22.057270050048828 51.87322998046875 0.0980392157 0.0980392157 0.0980392157
v -56.44354248046875 30.529987335205078 43.849559783935547 0.0980392157 0.0980392157 0.0980392157
v -55.474761962890625 24.031225204467773 47.669696807861328 0.0980392157 0.0980392157 0.0980392157
v -55.608268737792969 31.236087799072266 39.6998291015625 0.0980392157 0.0980392157 0.0980392157
v -53.543106079101562 37.88079833984375 26.344947814941406 0.0980392157 0.0980392157 0.0980392157
v -54.454765319824219 39.604660034179688 27.725957870483398 0.0980392157 0.0980392157 0.0980392157
v -53.971687316894531 30.310369491577148 41.789226531982422 0.0980392157 0.0980392157 0.0980392157
v -52.401618957519531 37.567596435546875 27.882051467895508 0.0980392157 0.0980392157 0.0980392157
v -55.608268737792969 31.236087799072266 39.6998291015625 0.0980392157 0.0980392157 0.0980392157
v -52.580158233642578 39.705951690673828 28.798025131225586 0.0980392157 0.0980392157 0.0980392157
v -52.401618957519531 37.567596435546875 27.882051467895508 0.0980392157 0.0980392157 0.0980392157
v -54.365898132324219 32.181919097900391 42.793041229248047 0.0980392157 0.0980392157 0.0980392157
v -42.990039825439453 25.825017929077148 49.09368896484375 0.0980392157 0.0980392157 0.0980392157
v -40.673324584960938 33.723793029785156 36.486106872558594 0.0980392157 0.0980392157 0.0980392157
v -43.220943450927734 27.074356079101562 49.375404357910156 0.0980392157 0.0980392157 0.0980392157
v -42.990039825439453 25.825017929077148 49.09368896484375 0.0980392157 0.0980392157 0.0980392157
v -44.142360687255859 29.748062133789062 42.504646301269531 0.0980392157 0.0980392157 0.0980392157
v -40.673324584960938 33.723793029785156 36.486106872558594 0.0980392157 0.0980392157 0.0980392157
v -45.470394134521484 18.825492858886719 53.890705108642578 0.0980392157 0.0980392157 0.0980392157
v -52.401618957519531 37.567596435546875 27.882051467895508 0.0980392157 0.0980392157 0.0980392157
v -48.193611145019531 40.213668823242188 21.904136657714844 0.0980392157 0.0980392157 0.0980392157
v -53.543106079101562 37.88079833984375 26.344947814941406 0.0980392157 0.0980392157 0.0980392157
v -53.543106079101562 37.88079833984375 26.344947814941406 0.0980392157 0.0980392157 0.0980392157
v -48.193611145019531 40.213668823242188 21.904136657714844 0.0980392157 0.0980392157 0.0980392157
v -49.013938903808594 42.432296752929688 22.750333786010742 0.0980392157 0.0980392157 0.0980392157
v -83.385482788085938 20.121492385864258 24.741081237792969 0.0980392157 0.0980392157 0.0980392157
v -76.765846252441406 30.532611846923828 16.23204231262207 0.0980392157 0.0980392157 0.0980392157
v -77.678932189941406 30.347091674804688 5.7270960807800293 0.0980392157 0.0980392157 0.0980392157
v -85.279502868652344 17.038311004638672 17.750965118408203 0.0980392157 0.0980392157 0.0980392157
v -75.785514831542969 27.521461486816406 -11.980532646179199 0.0980392157 0.0980392157 0.0980392157
v -70.540664672851562 27.777582168579102 -12.191657066345215 0.0980392157 0.0980392157 0.0980392157
v -74.501914978027344 27.462736129760742 -8.5774040222167969 0.0980392157 0.0980392157 0.0980392157
v -54.832302093505859 43.392387390136719 -10.933551788330078 0.0980392157 0.0980392157 0.0980392157
v -43.732326507568359 45.386772155761719 -7.4426074028015137 0.0980392157 0.0980392157 0.0980392157
v -34.821048736572266 44.636024475097656 -10.719977378845215 0.0980392157 0.0980392157 0.0980392157
v -1.0090250968933105 47.487117767333984 -5.6520981788635254 0.0980392157 0.0980392157 0.0980392157
v 10.726509094238281 50.480594635009766 0.1855040043592453 0.0980392157 0.0980392157 0.0980392157
v 146.706787109375 -18.722801208496094 12.482701301574707 0.0980392157 0.0980392157 0.0980392157
v 151.06442260742188 -14.184084892272949 12.404271125793457 0.0980392157 0.0980392157 0.0980392157
v 146.62115478515625 -17.563615798950195 13.079413414001465 0.0980392157 0.0980392157 0.0980392157
v 89.828315734863281 -51.440044403076172 -24.14771842956543 0.0980392157 0.0980392157 0.0980392157
v 148.0357666015625 -15.310699462890625 10.228790283203125 0.0980392157 0.0980392157 0.0980392157
v 145.59562683105469 -20.4329833984375 10.293277740478516 0.0980392157 0.0980392157 0.0980392157
v 133.99336242675781 -21.274185180664062 13.162954330444336 0.0980392157 0.0980392157 0.0980392157
v -53.031852722167969 -41.898445129394531 -10.053010940551758 0.0980392157 0.0980392157 0.0980392157
v -33.255203247070312 -43.764102935791016 16.061870574951172 0.0980392157 0.0980392157 0.0980392157
v 41.710586547851562 -45.195648193359375 9.1395797729492188 0.0980392157 0.0980392157 0.0980392157
v 62.774456024169922 -49.654880523681641 -12.923834800720215 0.0980392157 0.0980392157 0.0980392157
v 68.765655517578125 -37.047645568847656 -18.294181823730469 0.0980392157 0.0980392157 0.0980392157
v 68.367576599121094 -50.431797027587891 -18.008161544799805 0.0980392157 0.0980392157 0.0980392157
v 81.855239868164062 -36.699012756347656 24.951725006103516 0.0980392157 0.0980392157 0.0980392157
v 60.599319458007812 -37.316642761230469 -10.861345291137695 0.0980392157 0.0980392157 0.0980392157
v 25.629512786865234 -51.589725494384766 0.5978279709815979 0.0980392157 0.0980392157 0.0980392157
v -5.0469098091125488 -47.839080810546875 15.007993698120117 0.0980392157 0.0980392157 0.0980392157
v -86.715019226074219 -11.8385009765625 11.780275344848633 0.0980392157 0.0980392157 0.0980392157
v -26.551485061645508 -43.246852874755859 19.448451995849609 0.0980392157 0.0980392157 0.0980392157
v -51.683609008789062 -38.377967834472656 26.398462295532227 0.0980392157 0.0980392157 0.0980392157
v -53.910865783691406 -37.374580383300781 27.475015640258789 0.0980392157 0.0980392157 0.0980392157
v -49.073890686035156 -40.198268890380859 22.13758659362793 0.0980392157 0.0980392157 0.0980392157
v -79.298347473144531 -27.89710807800293 8.9927558898925781 0.0980392157 0.0980392157 0.0980392157
v -74.333694458007812 -33.335674285888672 1.6632446050643921 0.0980392157 0.0980392157 0.0980392157
v 16.661670684814453 45.881507873535156 -8.4793224334716797 0.0980392157 0.0980392157 0.0980392157
v 26.347263336181641 40.855556488037109 -12.864404678344727 0.0980392157 0.0980392157 0.0980392157
v 8.1245861053466797 43.018062591552734 -11.888526916503906 0.0980392157 0.0980392157 0.0980392157
v 185.4974365234375 3.5380105972290039 -7.9123616218566895 0.0980392157 0.0980392157 0.0980392157
v 184.07594299316406 14.864051818847656 -8.7346830368041992 0.0980392157 0.0980392157 0.0980392157
v 186.51075744628906 7.0502042770385742 1.2682292461395264 0.0980392157 0.0980392157 0.0980392157
v 89.828315734863281 51.440036773681641 -24.147714614868164 0.0980392157 0.0980392157 0.0980392157
v 62.774456024169922 49.654880523681641 -12.923834800720215 0.0980392157 0.0980392157 0.0980392157
v 68.367019653320312 50.431655883789062 -18.00767707824707 0.0980392157 0.0980392157 0.0980392157
v 68.762214660644531 37.047084808349609 -18.292198181152344 0.0980392157 0.0980392157 0.0980392157
v 60.610553741455078 37.315418243408203 -10.887369155883789 0.0980392157 0.0980392157 0.0980392157
v -34.419517517089844 42.958236694335938 -8.677734375 0.0980392157 0.0980392157 0.0980392157
v -28.049837112426758 42.435733795166016 -9.5524797439575195 0.0980392157 0.0980392157 0.0980392157
v 12.263921737670898 40.988838195800781 -10.278116226196289 0.0980392157 0.0980392157 0.0980392157
v 43.903068542480469 47.181404113769531 11.447101593017578 0.0980392157 0.0980392157 0.0980392157
v 44.764400482177734 47.632701873779297 9.683013916015625 0.0980392157 0.0980392157 0.0980392157
v 31.418111801147461 47.260578155517578 11.709921836853027 0.0980392157 0.0980392157 0.0980392157
v -55.474761962890625 24.031225204467773 47.669696807861328 0.0980392157 0.0980392157 0.0980392157
v -67.02996826171875 37.579349517822266 -12.107268333435059 0.0980392157 0.0980392157 0.0980392157
v -73.172653198242188 35.24945068359375 8.0234575271606445 0.0980392157 0.0980392157 0.0980392157
v 8.1245861053466797 43.018062591552734 -11.888526916503906 0.0980392157 0.0980392157 0.0980392157
v 16.661670684814453 45.881507873535156 -8.4793224334716797 0.0980392157 0.0980392157 0.0980392157
v 177.10289001464844 22.999382019042969 -6.4113354682922363 0.0980392157 0.0980392157 0.0980392157
v 163.226318359375 -38.711338043212891 -9.823822021484375 0.0980392157 0.0980392157 0.0980392157
v 86.348030090332031 -50.115680694580078 -22.17750358581543 0.0980392157 0.0980392157 0.0980392157
v 160.46592712402344 -24.102607727050781 -22.506559371948242 0.0980392157 0.0980392157 0.0980392157
v 147.8541259765625 3.8008725643157959 13.788345336914062 0.0980392157 0.0980392157 0.0980392157
v 84.407981872558594 7.0783052444458008 35.479572296142578 0.0980392157 0.0980392157 0.0980392157
v 86.348030090332031 -50.115680694580078 -22.17750358581543 0.0980392157 0.0980392157 0.0980392157
v 101.61671447753906 -51.828994750976562 -18.373741149902344 0.0980392157 0.0980392157 0.0980392157
v 125.07327270507812 -47.312602996826172 -22.187662124633789 0.0980392157 0.0980392157 0.0980392157
v 49.265350341796875 -33.626533508300781 -3.5707583427429199 0.0980392157 0.0980392157 0.0980392157
v 106.71753692626953 -27.800815582275391 22.629976272583008 0.0980392157 0.0980392157 0.0980392157
v 83.192253112792969 -33.729450225830078 23.505964279174805 0.0980392157 0.0980392157 0.0980392157
v 86.349830627441406 -32.980068206787109 26.832307815551758 0.0980392157 0.0980392157 0.0980392157
v 39.103267669677734 -50.520114898681641 1.8301016092300415 0.0980392157 0.0980392157 0.0980392157
v 102.17526245117188 -34.521549224853516 22.912370681762695 0.0980392157 0.0980392157 0.0980392157
v 93.709938049316406 -45.997245788574219 10.926795959472656 0.0980392157 0.0980392157 0.0980392157
v 114.85726165771484 -46.296928405761719 6.7510194778442383 0.0980392157 0.0980392157 0.0980392157
v 39.103267669677734 -50.520114898681641 1.8301016092300415 0.0980392157 0.0980392157 0.0980392157
v 45.753696441650391 -44.833236694335938 25.250951766967773 0.0980392157 0.0980392157 0.0980392157
v 86.288726806640625 -36.770603179931641 26.527948379516602 0.0980392157 0.0980392157 0.0980392157
v 91.356758117675781 -54.330055236816406 -19.886537551879883 0.0980392157 0.0980392157 0.0980392157
v 51.774467468261719 -35.764331817626953 -6.9797019958496094 0.0980392157 0.0980392157 0.0980392157
v -42.857391357421875 -40.648101806640625 18.339887619018555 0.0980392157 0.0980392157 0.0980392157
v -52.474834442138672 -40.043369293212891 20.690139770507812 0.0980392157 0.0980392157 0.0980392157
v 45.459682464599609 -45.871871948242188 14.306276321411133 0.0980392157 0.0980392157 0.0980392157
v 30.953140258789062 -45.827659606933594 14.162624359130859 0.0980392157 0.0980392157 0.0980392157
v 39.309532165527344 -43.846073150634766 20.599237442016602 0.0980392157 0.0980392157 0.0980392157
v -4.4793410301208496 -43.691387176513672 19.066829681396484 0.0980392157 0.0980392157 0.0980392157
v -77.0828857421875 -17.587240219116211 38.182231903076172 0.0980392157 0.0980392157 0.0980392157
v -41.505352020263672 -34.402843475341797 33.237022399902344 0.0980392157 0.0980392157 0.0980392157
v -39.079105377197266 -38.743354797363281 27.512599945068359 0.0980392157 0.0980392157 0.0980392157
v -53.464435577392578 -37.213809967041016 34.063121795654297 0.0980392157 0.0980392157 0.0980392157
v -63.306129455566406 -34.752902984619141 33.302135467529297 0.0980392157 0.0980392157 0.0980392157
v -62.243625640869141 -39.907733917236328 23.061553955078125 0.0980392157 0.0980392157 0.0980392157
v -76.853111267089844 -30.449796676635742 16.239072799682617 0.0980392157 0.0980392157 0.0980392157
v -82.206192016601562 -20.961040496826172 29.087745666503906 0.0980392157 0.0980392157 0.0980392157
v 86.043083190917969 49.983768463134766 -22.167722702026367 0.0980392157 0.0980392157 0.0980392157
v 160.94859313964844 23.871982574462891 -22.275428771972656 0.0980392157 0.0980392157 0.0980392157
v 175.04171752929688 6.9818172454833984 7.042966365814209 0.0980392157 0.0980392157 0.0980392157
v 88.573081970214844 17.058794021606445 32.810329437255859 0.0980392157 0.0980392157 0.0980392157
v 55.516944885253906 49.884296417236328 -5.6692414283752441 0.0980392157 0.0980392157 0.0980392157
v 61.996185302734375 50.616561889648438 -8.9703388214111328 0.0980392157 0.0980392157 0.0980392157
v 58.133319854736328 51.872684478759766 -2.9066159725189209 0.0980392157 0.0980392157 0.0980392157
v 67.322105407714844 47.738033294677734 6.7787342071533203 0.0980392157 0.0980392157 0.0980392157
v 76.664276123046875 54.484329223632812 -10.789745330810547 0.0980392157 0.0980392157 0.0980392157
v 81.89910888671875 46.245342254638672 7.852266788482666 0.0980392157 0.0980392157 0.0980392157
v 82.994361877441406 33.892860412597656 26.922111511230469 0.0980392157 0.0980392157 0.0980392157
v 102.65172576904297 34.39385986328125 22.821701049804688 0.0980392157 0.0980392157 0.0980392157
v 49.199020385742188 33.604999542236328 -3.5510435104370117 0.0980392157 0.0980392157 0.0980392157
v 47.596027374267578 32.890865325927734 -5.8468708992004395 0.0980392157 0.0980392157 0.0980392157
v 60.610553741455078 37.315418243408203 -10.887369155883789 0.0980392157 0.0980392157 0.0980392157
v -53.817955017089844 41.937610626220703 15.561328887939453 0.0980392157 0.0980392157 0.0980392157
v -35.394321441650391 45.161300659179688 12.023792266845703 0.0980392157 0.0980392157 0.0980392157
v -50.947895050048828 40.547138214111328 20.072795867919922 0.0980392157 0.0980392157 0.0980392157
v 53.219188690185547 40.612991333007812 31.921417236328125 0.0980392157 0.0980392157 0.0980392157
v 35.411750793457031 46.438800811767578 20.436542510986328 0.0980392157 0.0980392157 0.0980392157
v 64.422630310058594 51.279037475585938 -21.556247711181641 0.0980392157 0.0980392157 0.0980392157
v 47.021194458007812 44.491832733154297 -16.769397735595703 0.0980392157 0.0980392157 0.0980392157
v 63.970542907714844 52.623138427734375 -14.050928115844727 0.0980392157 0.0980392157 0.0980392157
v 53.763534545898438 44.777389526367188 -16.886255264282227 0.0980392157 0.0980392157 0.0980392157
v -48.206844329833984 42.019638061523438 -10.071450233459473 0.0980392157 0.0980392157 0.0980392157
v -57.878868103027344 31.910026550292969 36.459125518798828 0.0980392157 0.0980392157 0.0980392157
v 39.9896240234375 39.867824554443359 -13.806018829345703 0.0980392157 0.0980392157 0.0980392157
v 53.763534545898438 44.777389526367188 -16.886255264282227 0.0980392157 0.0980392157 0.0980392157
v 51.770172119140625 43.916393280029297 -16.036350250244141 0.0980392157 0.0980392157 0.0980392157
v -54.832302093505859 43.392387390136719 -10.933551788330078 0.0980392157 0.0980392157 0.0980392157
v -56.44354248046875 30.529987335205078 43.849559783935547 0.0980392157 0.0980392157 0.0980392157
v -53.971687316894531 30.310369491577148 41.789226531982422 0.0980392157 0.0980392157 0.0980392157
v -47.466266632080078 40.103462219238281 23.537542343139648 0.0980392157 0.0980392157 0.0980392157
v 32.725299835205078 48.013671875 9.8255882263183594 0.0980392157 0.0980392157 0.0980392157
v -67.02996826171875 37.579349517822266 -12.107268333435059 0.0980392157 0.0980392157 0.0980392157
v -64.3118896484375 36.751243591308594 -11.552522659301758 0.0980392157 0.0980392157 0.0980392157
v -70.540664672851562 27.777582168579102 -12.191657066345215 0.0980392157 0.0980392157 0.0980392157
v -53.543106079101562 37.88079833984375 26.344947814941406 0.0980392157 0.0980392157 0.0980392157
v -53.971687316894531 30.310369491577148 41.789226531982422 0.0980392157 0.0980392157 0.0980392157
v -54.505882263183594 22.977781295776367 52.296924591064453 0.0980392157 0.0980392157 0.0980392157
v 52.931606292724609 -49.705459594726562 -4.513664722442627 0.0980392157 0.0980392157 0.0980392157
v 51.774467468261719 -35.764331817626953 -6.9797019958496094 0.0980392157 0.0980392157 0.0980392157
v -52.474834442138672 -40.043369293212891 20.690139770507812 0.0980392157 0.0980392157 0.0980392157
v -45.037300109863281 -39.040889739990234 25.450290679931641 0.0980392157 0.0980392157 0.0980392157
v -26.937826156616211 -41.701625823974609 21.843826293945312 0.0980392157 0.0980392157 0.0980392157
v 68.367576599121094 -50.431797027587891 -18.008161544799805 0.0980392157 0.0980392157 0.0980392157
v -51.181930541992188 -31.290603637695312 41.318038940429688 0.0980392157 0.0980392157 0.0980392157
v 35.458477020263672 -50.160816192626953 10.162632942199707 0.0980392157 0.0980392157 0.0980392157
v 25.629512786865234 -51.589725494384766 0.5978279709815979 0.0980392157 0.0980392157 0.0980392157
v 44.874835968017578 -53.416530609130859 1.1011122465133667 0.0980392157 0.0980392157 0.0980392157
v -2.4965260028839111 -50.649799346923828 7.8852920532226562 0.0980392157 0.0980392157 0.0980392157
v 163.26235961914062 31.396091461181641 7.3985781669616699 0.0980392157 0.0980392157 0.0980392157
v 67.322105407714844 47.738033294677734 6.7787342071533203 0.0980392157 0.0980392157 0.0980392157
v 58.133319854736328 51.872684478759766 -2.9066159725189209 0.0980392157 0.0980392157 0.0980392157
v 76.664276123046875 54.484329223632812 -10.789745330810547 0.0980392157 0.0980392157 0.0980392157
v 72.446815490722656 38.642143249511719 24.68634033203125 0.0980392157 0.0980392157 0.0980392157
v 51.774467468261719 35.764324188232422 -6.9797019958496094 0.0980392157 0.0980392157 0.0980392157
v -55.761001586914062 37.760078430175781 24.547842025756836 0.0980392157 0.0980392157 0.0980392157
v -51.14605712890625 29.407215118408203 43.553817749023438 0.0980392157 0.0980392157 0.0980392157
v 10.442629814147949 51.407680511474609 6.2156362533569336 0.0980392157 0.0980392157 0.0980392157
v 44.384021759033203 53.397430419921875 1.1552363634109497 0.0980392157 0.0980392157 0.0980392157
v 10.726509094238281 50.480594635009766 0.1855040043592453 0.0980392157 0.0980392157 0.0980392157
v 153.07818603515625 0.082229971885681152 14.98869800567627 0.0980392157 0.0980392157 0.0980392157
v 75.666389465332031 -13.35090446472168 46.668804168701172 0.0980392157 0.0980392157 0.0980392157
v -41.235813140869141 -42.993488311767578 -5.6902256011962891 0.0980392157 0.0980392157 0.0980392157
v -53.031852722167969 -41.898445129394531 -10.053010940551758 0.0980392157 0.0980392157 0.0980392157
v -41.222888946533203 -43.6845703125 -3.1884398460388184 0.0980392157 0.0980392157 0.0980392157
v 86.211769104003906 -38.223114013671875 24.567333221435547 0.0980392157 0.0980392157 0.0980392157
v -45.037300109863281 -39.040889739990234 25.450290679931641 0.0980392157 0.0980392157 0.0980392157
v -28.439599990844727 -40.387008666992188 19.987930297851562 0.0980392157 0.0980392157 0.0980392157
v -53.031852722167969 -41.898445129394531 -10.053010940551758 0.0980392157 0.0980392157 0.0980392157
v -56.051738739013672 -35.368869781494141 36.656898498535156 0.0980392157 0.0980392157 0.0980392157
v -53.464435577392578 -37.213809967041016 34.063121795654297 0.0980392157 0.0980392157 0.0980392157
v -40.600170135498047 -33.781455993652344 36.406475067138672 0.0980392157 0.0980392157 0.0980392157
v 161.66896057128906 38.924854278564453 -18.162754058837891 0.0980392157 0.0980392157 0.0980392157
v 150.14752197265625 42.514873504638672 -22.070024490356445 0.0980392157 0.0980392157 0.0980392157
v 147.67268371582031 -4.7718386650085449 13.84786319732666 0.0980392157 0.0980392157 0.0980392157
v 71.759452819824219 7.8666090965270996 45.151496887207031 0.0980392157 0.0980392157 0.0980392157
v 152.32888793945312 12.526588439941406 14.59173583984375 0.0980392157 0.0980392157 0.0980392157
v 86.043083190917969 49.983768463134766 -22.167722702026367 0.0980392157 0.0980392157 0.0980392157
v 78.556022644042969 51.223823547363281 -20.736690521240234 0.0980392157 0.0980392157 0.0980392157
v 74.628463745117188 41.836135864257812 18.231679916381836 0.0980392157 0.0980392157 0.0980392157
v 132.87020874023438 23.633941650390625 18.192838668823242 0.0980392157 0.0980392157 0.0980392157
v -67.319114685058594 36.670028686523438 5.4743251800537109 0.0980392157 0.0980392157 0.0980392157
v -68.316658020019531 34.019466400146484 -6.0682668685913086 0.0980392157 0.0980392157 0.0980392157
v -59.574630737304688 39.603263854980469 -6.0673604011535645 0.0980392157 0.0980392157 0.0980392157
v 25.08905029296875 41.732318878173828 21.664577484130859 0.0980392157 0.0980392157 0.0980392157
v 67.540412902832031 45.077205657958984 19.01899528503418 0.0980392157 0.0980392157 0.0980392157
v -77.782485961914062 23.76161003112793 -5.204890251159668 0.0980392157 0.0980392157 0.0980392157
v -46.770973205566406 32.269557952880859 40.732044219970703 0.0980392157 0.0980392157 0.0980392157
v -42.976314544677734 37.684989929199219 29.632577896118164 0.0980392157 0.0980392157 0.0980392157
v -56.042011260986328 35.048187255859375 37.185348510742188 0.0980392157 0.0980392157 0.0980392157
v -3.1327006816864014 46.635078430175781 11.311640739440918 0.0980392157 0.0980392157 0.0980392157
v 70.26605224609375 5.8797998428344727 47.077327728271484 0.0980392157 0.0980392157 0.0980392157
v 71.759452819824219 7.8666090965270996 45.151496887207031 0.0980392157 0.0980392157 0.0980392157
v 85.608421325683594 -37.001186370849609 -22.174196243286133 0.0980392157 0.0980392157 0.0980392157
v 132.15528869628906 -20.565647125244141 16.567771911621094 0.0980392157 0.0980392157 0.0980392157
v 146.15272521972656 -14.193204879760742 13.554248809814453 0.0980392157 0.0980392157 0.0980392157
v 148.0357666015625 -15.310699462890625 10.228790283203125 0.0980392157 0.0980392157 0.0980392157
v 73.957382202148438 -42.252906799316406 17.854143142700195 0.0980392157 0.0980392157 0.0980392157
v 150.42738342285156 -10.766022682189941 15.267566680908203 0.0980392157 0.0980392157 0.0980392157
v 152.36164855957031 -12.29608154296875 14.614970207214355 0.0980392157 0.0980392157 0.0980392157
v 78.740188598632812 -51.147113800048828 -20.774990081787109 0.0980392157 0.0980392157 0.0980392157
v 71.130996704101562 -51.397487640380859 -17.058870315551758 0.0980392157 0.0980392157 0.0980392157
v 75.135871887207031 -54.254505157470703 -10.211188316345215 0.0980392157 0.0980392157 0.0980392157
v 62.0823974609375 -50.727622985839844 -9.0262918472290039 0.0980392157 0.0980392157 0.0980392157
v 132.15528869628906 -20.565647125244141 16.567771911621094 0.0980392157 0.0980392157 0.0980392157
v 72.092208862304688 -35.127483367919922 29.877525329589844 0.0980392157 0.0980392157 0.0980392157
v 69.303977966308594 -30.642951965332031 40.188240051269531 0.0980392157 0.0980392157 0.0980392157
v 77.842826843261719 -29.646469116210938 32.637271881103516 0.0980392157 0.0980392157 0.0980392157
v 88.152069091796875 -48.985671997070312 7.084681510925293 0.0980392157 0.0980392157 0.0980392157
v 93.709938049316406 -45.997245788574219 10.926795959472656 0.0980392157 0.0980392157 0.0980392157
v 39.309532165527344 -43.846073150634766 20.599237442016602 0.0980392157 0.0980392157 0.0980392157
v 64.49224853515625 -51.238044738769531 -21.554742813110352 0.0980392157 0.0980392157 0.0980392157
v 62.776992797851562 -48.184463500976562 -20.807399749755859 0.0980392157 0.0980392157 0.0980392157
v 64.49224853515625 -51.238044738769531 -21.554742813110352 0.0980392157 0.0980392157 0.0980392157
v 39.338027954101562 -39.685028076171875 -13.598942756652832 0.0980392157 0.0980392157 0.0980392157
v 62.776992797851562 -48.184463500976562 -20.807399749755859 0.0980392157 0.0980392157 0.0980392157
v -37.104564666748047 -30.001825332641602 -3.1873428821563721 0.0980392157 0.0980392157 0.0980392157
v -82.265083312988281 -17.681268692016602 19.322587966918945 0.0980392157 0.0980392157 0.0980392157
v -75.517562866210938 -27.679636001586914 18.429443359375 0.0980392157 0.0980392157 0.0980392157
v -76.246719360351562 -28.028724670410156 5.6240959167480469 0.0980392157 0.0980392157 0.0980392157
v -79.642936706542969 -19.978952407836914 28.898431777954102 0.0980392157 0.0980392157 0.0980392157
v -75.517562866210938 -27.679636001586914 18.429443359375 0.0980392157 0.0980392157 0.0980392157
v 81.855239868164062 -36.699012756347656 24.951725006103516 0.0980392157 0.0980392157 0.0980392157
v -21.100976943969727 -43.486160278320312 24.466693878173828 0.0980392157 0.0980392157 0.0980392157
v 83.188163757324219 -37.205947875976562 23.623153686523438 0.0980392157 0.0980392157 0.0980392157
v 35.458477020263672 -50.160816192626953 10.162632942199707 0.0980392157 0.0980392157 0.0980392157
v -2.4965260028839111 -50.649799346923828 7.8852920532226562 0.0980392157 0.0980392157 0.0980392157
v 44.874835968017578 -53.416530609130859 1.1011122465133667 0.0980392157 0.0980392157 0.0980392157
v -71.982109069824219 -30.055473327636719 -12.463261604309082 0.0980392157 0.0980392157 0.0980392157
v -54.146144866943359 -29.821132659912109 42.859188079833984 0.0980392157 0.0980392157 0.0980392157
v -71.308120727539062 -30.146001815795898 32.565582275390625 0.0980392157 0.0980392157 0.0980392157
v -79.491371154785156 -18.541913986206055 38.509189605712891 0.0980392157 0.0980392157 0.0980392157
v -82.206192016601562 -20.961040496826172 29.087745666503906 0.0980392157 0.0980392157 0.0980392157
v -63.306129455566406 -34.752902984619141 33.302135467529297 0.0980392157 0.0980392157 0.0980392157
v -64.266998291015625 -27.985849380493164 42.483573913574219 0.0980392157 0.0980392157 0.0980392157
v 134.41958618164062 26.799365997314453 13.767375946044922 0.0980392157 0.0980392157 0.0980392157
v 152.53694152832031 28.229028701782227 8.2449426651000977 0.0980392157 0.0980392157 0.0980392157
v 147.8541259765625 3.8008725643157959 13.788345336914062 0.0980392157 0.0980392157 0.0980392157
v 151.01261901855469 0.043567303568124771 15.618639945983887 0.0980392157 0.0980392157 0.0980392157
v 151.27264404296875 13.94455623626709 12.440807342529297 0.0980392157 0.0980392157 0.0980392157
v 149.55513000488281 13.685752868652344 12.929946899414062 0.0980392157 0.0980392157 0.0980392157
v 150.63893127441406 -1.095597505569458 13.308059692382812 0.0980392157 0.0980392157 0.0980392157
v 104.10509490966797 45.670780181884766 5.2208466529846191 0.0980392157 0.0980392157 0.0980392157
v 78.036041259765625 35.832130432128906 21.703807830810547 0.0980392157 0.0980392157 0.0980392157
v 69.279121398925781 30.885297775268555 39.925174713134766 0.0980392157 0.0980392157 0.0980392157
v 71.907089233398438 29.302215576171875 43.617427825927734 0.0980392157 0.0980392157 0.0980392157
v 75.665618896484375 35.182956695556641 32.179664611816406 0.0980392157 0.0980392157 0.0980392157
v 66.941635131835938 35.556144714355469 39.431987762451172 0.0980392157 0.0980392157 0.0980392157
v 139.231201171875 41.599693298339844 6.7266392707824707 0.0980392157 0.0980392157 0.0980392157
v 145.83296203613281 20.340181350708008 10.257345199584961 0.0980392157 0.0980392157 0.0980392157
v 62.913097381591797 32.275489807128906 40.792644500732422 0.0980392157 0.0980392157 0.0980392157
v 70.026519775390625 23.914440155029297 43.544990539550781 0.0980392157 0.0980392157 0.0980392157
v 68.918327331542969 22.58843994140625 45.595226287841797 0.0980392157 0.0980392157 0.0980392157
v 64.713035583496094 31.845327377319336 38.794540405273438 0.0980392157 0.0980392157 0.0980392157
v 55.010555267333984 37.282798767089844 31.755281448364258 0.0980392157 0.0980392157 0.0980392157
v 114.84313201904297 55.412868499755859 -14.969599723815918 0.0980392157 0.0980392157 0.0980392157
v 132.46125793457031 50.225929260253906 -20.490394592285156 0.0980392157 0.0980392157 0.0980392157
v 62.913097381591797 32.275489807128906 40.792644500732422 0.0980392157 0.0980392157 0.0980392157
v 27.450445175170898 44.749725341796875 16.998825073242188 0.0980392157 0.0980392157 0.0980392157
v 73.540245056152344 41.875629425048828 23.670848846435547 0.0980392157 0.0980392157 0.0980392157
v -48.206844329833984 42.019638061523438 -10.071450233459473 0.0980392157 0.0980392157 0.0980392157
v -28.049837112426758 42.435733795166016 -9.5524797439575195 0.0980392157 0.0980392157 0.0980392157
v -72.062034606933594 32.989471435546875 8.4455280303955078 0.0980392157 0.0980392157 0.0980392157
v -46.907123565673828 42.023059844970703 24.298616409301758 0.0980392157 0.0980392157 0.0980392157
v -37.817184448242188 41.303096771240234 28.184608459472656 0.0980392157 0.0980392157 0.0980392157
v -54.832302093505859 43.392387390136719 -10.933551788330078 0.0980392157 0.0980392157 0.0980392157
v 8.1245861053466797 43.018062591552734 -11.888526916503906 0.0980392157 0.0980392157 0.0980392157
v -75.785514831542969 27.521461486816406 -11.980532646179199 0.0980392157 0.0980392157 0.0980392157
v -74.501914978027344 27.462736129760742 -8.5774040222167969 0.0980392157 0.0980392157 0.0980392157
v -79.918731689453125 20.372932434082031 -14.186800956726074 0.0980392157 0.0980392157 0.0980392157
v -62.215095520019531 25.713296890258789 45.893718719482422 0.0980392157 0.0980392157 0.0980392157
v -56.042011260986328 35.048187255859375 37.185348510742188 0.0980392157 0.0980392157 0.0980392157
v -64.064010620117188 35.539505004882812 31.154850006103516 0.0980392157 0.0980392157 0.0980392157
v -33.528221130371094 43.73065185546875 16.085319519042969 0.0980392157 0.0980392157 0.0980392157
v -8.9422597885131836 47.572723388671875 8.3462305068969727 0.0980392157 0.0980392157 0.0980392157
v -79.642936706542969 -19.978952407836914 28.898431777954102 0.0980392157 0.0980392157 0.0980392157
v 72.446815490722656 38.642143249511719 24.68634033203125 0.0980392157 0.0980392157 0.0980392157
v 179.34033203125 -23.111921310424805 -1.6881427764892578 0.0980392157 0.0980392157 0.0980392157
v 178.75454711914062 -22.596696853637695 -9.4611072540283203 0.0980392157 0.0980392157 0.0980392157
v 171.10969543457031 -32.691989898681641 -13.771465301513672 0.0980392157 0.0980392157 0.0980392157
v 171.70326232910156 -31.598548889160156 -11.135588645935059 0.0980392157 0.0980392157 0.0980392157
v 155.43864440917969 -29.907741546630859 -24.523004531860352 0.0980392157 0.0980392157 0.0980392157
v 154.57768249511719 9.4617824554443359 11.723372459411621 0.0980392157 0.0980392157 0.0980392157
v 80.803665161132812 -8.0092849731445312 38.168346405029297 0.0980392157 0.0980392157 0.0980392157
v 151.01261901855469 0.043567303568124771 15.618639945983887 0.0980392157 0.0980392157 0.0980392157
v 154.26290893554688 -36.725189208984375 6.8594355583190918 0.0980392157 0.0980392157 0.0980392157
v 164.57424926757812 -30.99229621887207 7.3598818778991699 0.0980392157 0.0980392157 0.0980392157
v 145.79512023925781 -22.649824142456055 11.845691680908203 0.0980392157 0.0980392157 0.0980392157
v 145.59562683105469 -20.4329833984375 10.293277740478516 0.0980392157 0.0980392157 0.0980392157
v 151.42837524414062 -18.143514633178711 11.243142127990723 0.0980392157 0.0980392157 0.0980392157
v 152.3931884765625 -14.759749412536621 10.299169540405273 0.0980392157 0.0980392157 0.0980392157
v 148.0357666015625 -15.310699462890625 10.228790283203125 0.0980392157 0.0980392157 0.0980392157
v 30.335514068603516 -47.241710662841797 -3.1894443035125732 0.0980392157 0.0980392157 0.0980392157
v 45.459682464599609 -45.871871948242188 14.306276321411133 0.0980392157 0.0980392157 0.0980392157
v 69.997268676757812 -39.342880249023438 24.017856597900391 0.0980392157 0.0980392157 0.0980392157
v 88.702262878417969 -15.967408180236816 32.945510864257812 0.0980392157 0.0980392157 0.0980392157
v 71.879966735839844 -29.318111419677734 43.617759704589844 0.0980392157 0.0980392157 0.0980392157
v 70.011444091796875 -38.538780212402344 30.169260025024414 0.0980392157 0.0980392157 0.0980392157
v 72.402305603027344 -42.269252777099609 23.248733520507812 0.0980392157 0.0980392157 0.0980392157
v 149.91534423828125 -11.620675086975098 12.832596778869629 0.0980392157 0.0980392157 0.0980392157
v 132.42791748046875 -50.227352142333984 -20.494327545166016 0.0980392157 0.0980392157 0.0980392157
v 142.48439025878906 -49.6715087890625 -16.61060905456543 0.0980392157 0.0980392157 0.0980392157
v 123.00286102294922 -54.441555023193359 -15.124635696411133 0.0980392157 0.0980392157 0.0980392157
v 35.732639312744141 -48.718498229980469 6.7206368446350098 0.0980392157 0.0980392157 0.0980392157
v 42.976779937744141 -46.627265930175781 7.1918268203735352 0.0980392157 0.0980392157 0.0980392157
v 49.607749938964844 -47.909965515136719 8.1619815826416016 0.0980392157 0.0980392157 0.0980392157
v 64.49224853515625 -51.238044738769531 -21.554742813110352 0.0980392157 0.0980392157 0.0980392157
v -66.979042053222656 -35.340145111083984 -6.0668339729309082 0.0980392157 0.0980392157 0.0980392157
v 25.863849639892578 -42.169986724853516 18.930547714233398 0.0980392157 0.0980392157 0.0980392157
v -61.967216491699219 -38.017940521240234 21.315689086914062 0.0980392157 0.0980392157 0.0980392157
v -61.967216491699219 -38.017940521240234 21.315689086914062 0.0980392157 0.0980392157 0.0980392157
v 29.264017105102539 -46.970607757568359 18.514186859130859 0.0980392157 0.0980392157 0.0980392157
v 49.107051849365234 -49.347915649414062 11.426973342895508 0.0980392157 0.0980392157 0.0980392157
v 70.591773986816406 -49.455337524414062 8.7529373168945312 0.0980392157 0.0980392157 0.0980392157
v 61.213245391845703 -54.933540344238281 -4.2683525085449219 0.0980392157 0.0980392157 0.0980392157
v 13.372219085693359 -45.923915863037109 -8.4186773300170898 0.0980392157 0.0980392157 0.0980392157
v -68.391464233398438 -36.120399475097656 -12.294182777404785 0.0980392157 0.0980392157 0.0980392157
v -53.310672760009766 -43.900638580322266 -10.987890243530273 0.0980392157 0.0980392157 0.0980392157
v -4.7864594459533691 -40.149539947509766 24.432565689086914 0.0980392157 0.0980392157 0.0980392157
v 1.3208516836166382 -40.948257446289062 21.008010864257812 0.0980392157 0.0980392157 0.0980392157
v -34.571468353271484 -36.956279754638672 28.027822494506836 0.0980392157 0.0980392157 0.0980392157
v -74.049385070800781 -26.030055999755859 -24.187244415283203 0.0980392157 0.0980392157 0.0980392157
v -64.266998291015625 -27.985849380493164 42.483573913574219 0.0980392157 0.0980392157 0.0980392157
v -53.649639129638672 8.8112888336181641 56.433330535888672 0.0980392157 0.0980392157 0.0980392157
v -42.451351165771484 -27.776649475097656 47.491916656494141 0.0980392157 0.0980392157 0.0980392157
v -45.219196319580078 5.1169285774230957 59.041877746582031 0.0980392157 0.0980392157 0.0980392157
v -74.044593811035156 -25.807331085205078 -22.187990188598633 0.0980392157 0.0980392157 0.0980392157
v -73.607681274414062 -21.236112594604492 41.930896759033203 0.0980392157 0.0980392157 0.0980392157
v -73.78082275390625 -30.508857727050781 26.635124206542969 0.0980392157 0.0980392157 0.0980392157
v -53.910865783691406 -37.374580383300781 27.475015640258789 0.0980392157 0.0980392157 0.0980392157
v -45.247688293457031 -40.40069580078125 22.921138763427734 0.0980392157 0.0980392157 0.0980392157
v 51.722194671630859 49.205230712890625 -10.744417190551758 0.0980392157 0.0980392157 0.0980392157
v 63.970542907714844 52.623138427734375 -14.050928115844727 0.0980392157 0.0980392157 0.0980392157
v 47.021194458007812 44.491832733154297 -16.769397735595703 0.0980392157 0.0980392157 0.0980392157
v 149.71693420410156 36.844245910644531 -22.212471008300781 0.0980392157 0.0980392157 0.0980392157
v 155.469482421875 29.865564346313477 -24.520885467529297 0.0980392157 0.0980392157 0.0980392157
v 158.04231262207031 26.583986282348633 -21.39234733581543 0.0980392157 0.0980392157 0.0980392157
v 134.36090087890625 40.824752807617188 5.0781950950622559 0.0980392157 0.0980392157 0.0980392157
v 89.44390869140625 1.3363698720932007 33.727092742919922 0.0980392157 0.0980392157 0.0980392157
v 70.26605224609375 5.8797998428344727 47.077327728271484 0.0980392157 0.0980392157 0.0980392157
v 75.758201599121094 1.9498769044876099 47.179920196533203 0.0980392157 0.0980392157 0.0980392157
v 83.848457336425781 19.432075500488281 36.856708526611328 0.0980392157 0.0980392157 0.0980392157
v 153.07818603515625 0.082229971885681152 14.98869800567627 0.0980392157 0.0980392157 0.0980392157
v 154.43544006347656 36.509914398193359 7.0070657730102539 0.0980392157 0.0980392157 0.0980392157
v 139.231201171875 41.599693298339844 6.7266392707824707 0.0980392157 0.0980392157 0.0980392157
v 186.60902404785156 -3.9045987129211426 1.4400852918624878 0.0980392157 0.0980392157 0.0980392157
v 88.1923828125 37.000003814697266 -24.688241958618164 0.0980392157 0.0980392157 0.0980392157
v 132.46125793457031 50.225929260253906 -20.490394592285156 0.0980392157 0.0980392157 0.0980392157
v 179.42271423339844 25.867233276367188 -11.418547630310059 0.0980392157 0.0980392157 0.0980392157
v 170.2928466796875 34.106861114501953 -16.581600189208984 0.0980392157 0.0980392157 0.0980392157
v 175.46890258789062 32.906730651855469 -5.2430219650268555 0.0980392157 0.0980392157 0.0980392157
v 134.41958618164062 26.799365997314453 13.767375946044922 0.0980392157 0.0980392157 0.0980392157
v 150.5997314453125 19.609762191772461 11.149559020996094 0.0980392157 0.0980392157 0.0980392157
v 148.72024536132812 11.719281196594238 10.597347259521484 0.0980392157 0.0980392157 0.0980392157
v 147.8541259765625 3.8008725643157959 13.788345336914062 0.0980392157 0.0980392157 0.0980392157
v 145.98764038085938 14.488744735717773 13.532605171203613 0.0980392157 0.0980392157 0.0980392157
v 102.32062530517578 50.702621459960938 -5.3981342315673828 0.0980392157 0.0980392157 0.0980392157
v 86.722221374511719 54.946914672851562 -13.318628311157227 0.0980392157 0.0980392157 0.0980392157
v 102.07250213623047 54.135166168212891 -14.426803588867188 0.0980392157 0.0980392157 0.0980392157
v 29.999504089355469 48.707164764404297 -0.31032857298851013 0.0980392157 0.0980392157 0.0980392157
v 65.69195556640625 46.9869384765625 8.6924362182617188 0.0980392157 0.0980392157 0.0980392157
v 65.69195556640625 46.9869384765625 8.6924362182617188 0.0980392157 0.0980392157 0.0980392157
v 74.628463745117188 41.836135864257812 18.231679916381836 0.0980392157 0.0980392157 0.0980392157
v 51.966461181640625 47.528411865234375 9.0390548706054688 0.0980392157 0.0980392157 0.0980392157
v 71.907089233398438 29.302215576171875 43.617427825927734 0.0980392157 0.0980392157 0.0980392157
v 150.23330688476562 12.728122711181641 15.175627708435059 0.0980392157 0.0980392157 0.0980392157
v 146.17887878417969 19.312276840209961 12.736566543579102 0.0980392157 0.0980392157 0.0980392157
v 61.996185302734375 50.616561889648438 -8.9703388214111328 0.0980392157 0.0980392157 0.0980392157
v 86.722221374511719 54.946914672851562 -13.318628311157227 0.0980392157 0.0980392157 0.0980392157
v 102.07250213623047 54.135166168212891 -14.426803588867188 0.0980392157 0.0980392157 0.0980392157
v 55.798553466796875 43.8441162109375 18.118379592895508 0.0980392157 0.0980392157 0.0980392157
v 72.446815490722656 38.642143249511719 24.68634033203125 0.0980392157 0.0980392157 0.0980392157
v 58.051448822021484 41.185482025146484 24.345003128051758 0.0980392157 0.0980392157 0.0980392157
v 64.542320251464844 41.344802856445312 27.663021087646484 0.0980392157 0.0980392157 0.0980392157
v 58.02783203125 41.168746948242188 31.842794418334961 0.0980392157 0.0980392157 0.0980392157
v 66.941635131835938 35.556144714355469 39.431987762451172 0.0980392157 0.0980392157 0.0980392157
v 71.907089233398438 29.302215576171875 43.617427825927734 0.0980392157 0.0980392157 0.0980392157
v 112.08616638183594 44.144088745117188 9.6894454956054688 0.0980392157 0.0980392157 0.0980392157
v 77.670539855957031 57.194774627685547 -10.961145401000977 0.0980392157 0.0980392157 0.0980392157
v 128.91117858886719 53.287494659423828 -15.076566696166992 0.0980392157 0.0980392157 0.0980392157
v -53.817955017089844 41.937610626220703 15.561328887939453 0.0980392157 0.0980392157 0.0980392157
v -60.348773956298828 39.130298614501953 19.309566497802734 0.0980392157 0.0980392157 0.0980392157
v -62.378459930419922 34.558555603027344 28.52924919128418 0.0980392157 0.0980392157 0.0980392157
v -37.122226715087891 30.001798629760742 -3.1883344650268555 0.0980392157 0.0980392157 0.0980392157
v -34.208930969238281 35.478450775146484 -3.187718391418457 0.0980392157 0.0980392157 0.0980392157
v -36.203899383544922 34.416694641113281 -5.6892566680908203 0.0980392157 0.0980392157 0.0980392157
v -36.130321502685547 33.665870666503906 -3.2116646766662598 0.0980392157 0.0980392157 0.0980392157
v 51.770172119140625 43.916393280029297 -16.036350250244141 0.0980392157 0.0980392157 0.0980392157
v -50.947895050048828 40.547138214111328 20.072795867919922 0.0980392157 0.0980392157 0.0980392157
v -48.675384521484375 38.795013427734375 20.07756233215332 0.0980392157 0.0980392157 0.0980392157
v 77.57928466796875 41.386146545410156 22.978185653686523 0.0980392157 0.0980392157 0.0980392157
v 77.545082092285156 38.967216491699219 22.222967147827148 0.0980392157 0.0980392157 0.0980392157
v -57.764202117919922 3.5784928798675537 55.260902404785156 0.0980392157 0.0980392157 0.0980392157
v -53.998344421386719 40.665679931640625 -8.5730762481689453 0.0980392157 0.0980392157 0.0980392157
v -51.009815216064453 42.112125396728516 -6.0045375823974609 0.0980392157 0.0980392157 0.0980392157
v -54.065448760986328 38.632633209228516 -6.0683846473693848 0.0980392157 0.0980392157 0.0980392157
v -78.819236755371094 9.1458988189697266 -3.8124170303344727 0.0980392157 0.0980392157 0.0980392157
v -78.30511474609375 -7.1458258628845215 -5.9055566787719727 0.0980392157 0.0980392157 0.0980392157
v -78.324508666992188 9.9522266387939453 -6.0573945045471191 0.0980392157 0.0980392157 0.0980392157
v -54.485660552978516 1.8554433584213257 54.222293853759766 0.0980392157 0.0980392157 0.0980392157
v -50.769615173339844 33.798301696777344 36.418327331542969 0.0980392157 0.0980392157 0.0980392157
v 77.545082092285156 38.967216491699219 22.222967147827148 0.0980392157 0.0980392157 0.0980392157
v -55.096343994140625 0.86443674564361572 56.619853973388672 0.0980392157 0.0980392157 0.0980392157
v -53.638629913330078 -5.6880998611450195 57.045745849609375 0.0980392157 0.0980392157 0.0980392157
v -52.401618957519531 37.567596435546875 27.882051467895508 0.0980392157 0.0980392157 0.0980392157
v -85.279502868652344 17.038311004638672 17.750965118408203 0.0980392157 0.0980392157 0.0980392157
v -76.784873962402344 29.85609245300293 -23.946033477783203 0.0980392157 0.0980392157 0.0980392157
v -47.466266632080078 40.103462219238281 23.537542343139648 0.0980392157 0.0980392157 0.0980392157
v -58.077602386474609 21.994428634643555 48.034957885742188 0.0980392157 0.0980392157 0.0980392157
v -43.896453857421875 -30.928745269775391 40.470623016357422 0.0980392157 0.0980392157 0.0980392157
v 157.01954650878906 40.590591430664062 -21.825565338134766 0.0980392157 0.0980392157 0.0980392157
v 162.85813903808594 -38.3287353515625 -17.549398422241211 0.0980392157 0.0980392157 0.0980392157
v 58.255329132080078 -51.823947906494141 -2.7841296195983887 0.0980392157 0.0980392157 0.0980392157
v 101.61671447753906 -51.828994750976562 -18.373741149902344 0.0980392157 0.0980392157 0.0980392157
v 86.881439208984375 -55.095287322998047 -13.42262077331543 0.0980392157 0.0980392157 0.0980392157
v 60.775241851806641 -37.004543304443359 -8.0825824737548828 0.0980392157 0.0980392157 0.0980392157
v 123.83511352539062 -28.725690841674805 19.130050659179688 0.0980392157 0.0980392157 0.0980392157
v -41.222888946533203 -43.6845703125 -3.1884398460388184 0.0980392157 0.0980392157 0.0980392157
v 28.038610458374023 -44.723182678222656 17.073511123657227 0.0980392157 0.0980392157 0.0980392157
v 61.213245391845703 -54.933540344238281 -4.2683525085449219 0.0980392157 0.0980392157 0.0980392157
v -54.065448760986328 38.632633209228516 -6.0683846473693848 0.0980392157 0.0980392157 0.0980392157
v 47.49554443359375 -48.675464630126953 13.134699821472168 0.0980392157 0.0980392157 0.0980392157
v -43.896453857421875 -30.928745269775391 40.470623016357422 0.0980392157 0.0980392157 0.0980392157
v -75.798629760742188 -27.516546249389648 -11.98650074005127 0.0980392157 0.0980392157 0.0980392157
v 149.2818603515625 36.892421722412109 -24.693719863891602 0.0980392157 0.0980392157 0.0980392157
v 147.8541259765625 3.8008725643157959 13.788345336914062 0.0980392157 0.0980392157 0.0980392157
v 132.34709167480469 47.904071807861328 -24.687980651855469 0.0980392157 0.0980392157 0.0980392157
v 150.5997314453125 19.609762191772461 11.149559020996094 0.0980392157 0.0980392157 0.0980392157
v 154.57768249511719 9.4617824554443359 11.723372459411621 0.0980392157 0.0980392157 0.0980392157
v 152.21290588378906 14.027420043945312 10.168252944946289 0.0980392157 0.0980392157 0.0980392157
v 128.91117858886719 53.287494659423828 -15.076566696166992 0.0980392157 0.0980392157 0.0980392157
v 132.46125793457031 50.225929260253906 -20.490394592285156 0.0980392157 0.0980392157 0.0980392157
v 60.771358489990234 37.004039764404297 -8.0789508819580078 0.0980392157 0.0980392157 0.0980392157
v 68.762214660644531 37.047084808349609 -18.292198181152344 0.0980392157 0.0980392157 0.0980392157
v 48.504623413085938 49.450931549072266 11.261262893676758 0.0980392157 0.0980392157 0.0980392157
v -81.148643493652344 19.109268188476562 23.407421112060547 0.0980392157 0.0980392157 0.0980392157
v -46.907123565673828 42.023059844970703 24.298616409301758 0.0980392157 0.0980392157 0.0980392157
v -54.832302093505859 43.392387390136719 -10.933551788330078 0.0980392157 0.0980392157 0.0980392157
v -49.013938903808594 42.432296752929688 22.750333786010742 0.0980392157 0.0980392157 0.0980392157
v -58.222373962402344 43.284900665283203 17.012701034545898 0.0980392157 0.0980392157 0.0980392157
v -56.042011260986328 35.048187255859375 37.185348510742188 0.0980392157 0.0980392157 0.0980392157
v -70.540664672851562 27.777582168579102 -12.191657066345215 0.0980392157 0.0980392157 0.0980392157
v -75.785514831542969 27.521461486816406 -11.980532646179199 0.0980392157 0.0980392157 0.0980392157
v -74.997108459472656 29.999401092529297 -12.046931266784668 0.0980392157 0.0980392157 0.0980392157
v -46.669162750244141 45.902725219726562 14.478337287902832 0.0980392157 0.0980392157 0.0980392157
v 76.664276123046875 54.484329223632812 -10.789745330810547 0.0980392157 0.0980392157 0.0980392157
v -56.9632568359375 -36.308101654052734 27.968801498413086 0.0980392157 0.0980392157 0.0980392157
v 166.34565734863281 36.803379058837891 -7.9218072891235352 0.0980392157 0.0980392157 0.0980392157
v -48.515819549560547 38.349388122558594 26.403705596923828 0.0980392157 0.0980392157 0.0980392157
v 91.356758117675781 -54.330055236816406 -19.886537551879883 0.0980392157 0.0980392157 0.0980392157
v 162.85813903808594 -38.3287353515625 -17.549398422241211 0.0980392157 0.0980392157 0.0980392157
v 143.32479858398438 -38.471633911132812 5.1163234710693359 0.0980392157 0.0980392157 0.0980392157
v 87.010780334472656 -0.78865867853164673 37.13629150390625 0.0980392157 0.0980392157 0.0980392157
v 99.506690979003906 -45.829231262207031 5.8312911987304688 0.0980392157 0.0980392157 0.0980392157
v 60.775241851806641 -37.004543304443359 -8.0825824737548828 0.0980392157 0.0980392157 0.0980392157
v 55.5169677734375 -49.881092071533203 -5.6691880226135254 0.0980392157 0.0980392157 0.0980392157
v 62.0823974609375 -50.727622985839844 -9.0262918472290039 0.0980392157 0.0980392157 0.0980392157
v 67.781944274902344 -25.724636077880859 45.024318695068359 0.0980392157 0.0980392157 0.0980392157
v 70.519912719726562 -21.985488891601562 43.909908294677734 0.0980392157 0.0980392157 0.0980392157
v 67.152481079101562 -29.110754013061523 40.827121734619141 0.0980392157 0.0980392157 0.0980392157
v 88.152069091796875 -48.985671997070312 7.084681510925293 0.0980392157 0.0980392157 0.0980392157
v 78.202262878417969 -41.082988739013672 23.137289047241211 0.0980392157 0.0980392157 0.0980392157
v 70.591773986816406 -49.455337524414062 8.7529373168945312 0.0980392157 0.0980392157 0.0980392157
v -71.222038269042969 -33.740276336669922 8.345454216003418 0.0980392157 0.0980392157 0.0980392157
v 87.184249877929688 -51.39483642578125 -24.662961959838867 0.0980392157 0.0980392157 0.0980392157
v -66.979042053222656 -35.340145111083984 -6.0668339729309082 0.0980392157 0.0980392157 0.0980392157
v -66.428993225097656 -19.088230133056641 45.190189361572266 0.0980392157 0.0980392157 0.0980392157
v 25.065052032470703 -41.740867614746094 21.663406372070312 0.0980392157 0.0980392157 0.0980392157
v -53.310672760009766 -43.900638580322266 -10.987890243530273 0.0980392157 0.0980392157 0.0980392157
v -47.050075531005859 -31.395730972290039 42.216926574707031 0.0980392157 0.0980392157 0.0980392157
v -51.181930541992188 -31.290603637695312 41.318038940429688 0.0980392157 0.0980392157 0.0980392157
v -47.753261566162109 -25.690027236938477 48.977840423583984 0.0980392157 0.0980392157 0.0980392157
v -58.684463500976562 -43.206863403320312 16.916330337524414 0.0980392157 0.0980392157 0.0980392157
v -79.326316833496094 -21.638114929199219 -13.941903114318848 0.0980392157 0.0980392157 0.0980392157
v -78.313552856445312 -17.668684005737305 -8.5645971298217773 0.0980392157 0.0980392157 0.0980392157
v -74.552986145019531 -27.413719177246094 -8.5791530609130859 0.0980392157 0.0980392157 0.0980392157
v -87.821487426757812 -1.7614437341690063 8.1650667190551758 0.0980392157 0.0980392157 0.0980392157
v -81.495124816894531 3.1476991176605225 -4.8174858093261719 0.0980392157 0.0980392157 0.0980392157
v -51.181930541992188 -31.290603637695312 41.318038940429688 0.0980392157 0.0980392157 0.0980392157
v 139.66375732421875 45.428684234619141 -22.187868118286133 0.0980392157 0.0980392157 0.0980392157
v 179.42271423339844 25.867233276367188 -11.418547630310059 0.0980392157 0.0980392157 0.0980392157
v 184.39791870117188 18.870925903320312 -0.49940910935401917 0.0980392157 0.0980392157 0.0980392157
v 150.23019409179688 36.403152465820312 4.9733114242553711 0.0980392157 0.0980392157 0.0980392157
v 152.53694152832031 28.229028701782227 8.2449426651000977 0.0980392157 0.0980392157 0.0980392157
v 161.73684692382812 30.660068511962891 5.5025372505187988 0.0980392157 0.0980392157 0.0980392157
v 31.945344924926758 47.319351196289062 -3.1886346340179443 0.0980392157 0.0980392157 0.0980392157
v 70.026519775390625 23.914440155029297 43.544990539550781 0.0980392157 0.0980392157 0.0980392157
v 72.824874877929688 23.466766357421875 43.202037811279297 0.0980392157 0.0980392157 0.0980392157
v 55.516944885253906 49.884296417236328 -5.6692414283752441 0.0980392157 0.0980392157 0.0980392157
v 60.771358489990234 37.004039764404297 -8.0789508819580078 0.0980392157 0.0980392157 0.0980392157
v 61.996185302734375 50.616561889648438 -8.9703388214111328 0.0980392157 0.0980392157 0.0980392157
v 58.051448822021484 41.185482025146484 24.345003128051758 0.0980392157 0.0980392157 0.0980392157
v -66.284385681152344 22.182870864868164 42.75714111328125 0.0980392157 0.0980392157 0.0980392157
v -74.65704345703125 -2.7814912796020508 47.358745574951172 0.0980392157 0.0980392157 0.0980392157
v -42.976314544677734 37.684989929199219 29.632577896118164 0.0980392157 0.0980392157 0.0980392157
v -39.5023193359375 35.812381744384766 30.114522933959961 0.0980392157 0.0980392157 0.0980392157
v -44.142360687255859 29.748062133789062 42.504646301269531 0.0980392157 0.0980392157 0.0980392157
v -50.91986083984375 -0.63826024532318115 58.354999542236328 0.0980392157 0.0980392157 0.0980392157
v -39.5023193359375 35.812381744384766 30.114522933959961 0.0980392157 0.0980392157 0.0980392157
v -35.286457061767578 36.473438262939453 31.424871444702148 0.0980392157 0.0980392157 0.0980392157
v -40.673324584960938 33.723793029785156 36.486106872558594 0.0980392157 0.0980392157 0.0980392157
v -77.952354431152344 13.566997528076172 44.483539581298828 0.0980392157 0.0980392157 0.0980392157
v -54.454765319824219 39.604660034179688 27.725957870483398 0.0980392157 0.0980392157 0.0980392157
v -78.930648803710938 -26.966642379760742 1.9177176952362061 0.0980392157 0.0980392157 0.0980392157
v 38.620185852050781 48.764183044433594 6.6745977401733398 0.0980392157 0.0980392157 0.0980392157
v -66.801170349121094 39.726657867431641 4.8891124725341797 0.0980392157 0.0980392157 0.0980392157
v 134.36090087890625 40.824752807617188 5.0781950950622559 0.0980392157 0.0980392157 0.0980392157
v 149.52584838867188 -36.831150054931641 -24.68426513671875 0.0980392157 0.0980392157 0.0980392157
v 166.52896118164062 -8.0857295989990234 -18.866024017333984 0.0980392157 0.0980392157 0.0980392157
v 130.32777404785156 8.3668651580810547 21.80589485168457 0.0980392157 0.0980392157 0.0980392157
v 162.58720397949219 -42.125419616699219 -11.19797420501709 0.0980392157 0.0980392157 0.0980392157
v 86.881439208984375 -55.095287322998047 -13.42262077331543 0.0980392157 0.0980392157 0.0980392157
v 40.013423919677734 -29.994173049926758 -3.1893737316131592 0.0980392157 0.0980392157 0.0980392157
v 67.781944274902344 -25.724636077880859 45.024318695068359 0.0980392157 0.0980392157 0.0980392157
v 67.171730041503906 -45.169734954833984 18.863927841186523 0.0980392157 0.0980392157 0.0980392157
v 49.107051849365234 -49.347915649414062 11.426973342895508 0.0980392157 0.0980392157 0.0980392157
v 80.933143615722656 -37.002437591552734 -23.948951721191406 0.0980392157 0.0980392157 0.0980392157
v 40.013423919677734 -29.994173049926758 -3.1893737316131592 0.0980392157 0.0980392157 0.0980392157
v 47.565952301025391 -32.875709533691406 -5.839594841003418 0.0980392157 0.0980392157 0.0980392157
v 60.720916748046875 -49.3939208984375 -11.04655647277832 0.0980392157 0.0980392157 0.0980392157
v -53.5897216796875 -41.999416351318359 15.606033325195312 0.0980392157 0.0980392157 0.0980392157
v -66.979042053222656 -35.340145111083984 -6.0668339729309082 0.0980392157 0.0980392157 0.0980392157
v -57.922458648681641 -29.758510589599609 39.462917327880859 0.0980392157 0.0980392157 0.0980392157
v -35.351024627685547 -36.548751831054688 31.475732803344727 0.0980392157 0.0980392157 0.0980392157
v -66.668235778808594 -39.989688873291016 8.7892694473266602 0.0980392157 0.0980392157 0.0980392157
v -59.253887176513672 -42.442516326904297 -2.1166059970855713 0.0980392157 0.0980392157 0.0980392157
v -76.816566467285156 -3.8529739379882812 48.920162200927734 0.0980392157 0.0980392157 0.0980392157
v -48.401470184326172 -17.052682876586914 58.091590881347656 0.0980392157 0.0980392157 0.0980392157
v -48.177829742431641 -0.41233542561531067 62.12054443359375 0.0980392157 0.0980392157 0.0980392157
v -56.051738739013672 -35.368869781494141 36.656898498535156 0.0980392157 0.0980392157 0.0980392157
v -56.453933715820312 -30.365695953369141 44.071743011474609 0.0980392157 0.0980392157 0.0980392157
v -56.542201995849609 -22.983146667480469 51.154735565185547 0.0980392157 0.0980392157 0.0980392157
v 178.7916259765625 22.892044067382812 -9.4312429428100586 0.0980392157 0.0980392157 0.0980392157
v 179.39486694335938 23.02827262878418 -1.8259552717208862 0.0980392157 0.0980392157 0.0980392157
v 157.01954650878906 40.590591430664062 -21.825565338134766 0.0980392157 0.0980392157 0.0980392157
v 161.73684692382812 30.660068511962891 5.5025372505187988 0.0980392157 0.0980392157 0.0980392157
v 80.803665161132812 -8.0092849731445312 38.168346405029297 0.0980392157 0.0980392157 0.0980392157
v 102.07250213623047 54.135166168212891 -14.426803588867188 0.0980392157 0.0980392157 0.0980392157
v 75.176986694335938 15.29826545715332 46.691730499267578 0.0980392157 0.0980392157 0.0980392157
v 97.406547546386719 48.289947509765625 6.8675270080566406 0.0980392157 0.0980392157 0.0980392157
v -38.023574829101562 30.011722564697266 -5.6886739730834961 0.0980392157 0.0980392157 0.0980392157
v -41.222805023193359 43.684799194335938 -3.1884334087371826 0.0980392157 0.0980392157 0.0980392157
v 52.478179931640625 40.719364166259766 27.948490142822266 0.0980392157 0.0980392157 0.0980392157
v -36.203899383544922 34.416694641113281 -5.6892566680908203 0.0980392157 0.0980392157 0.0980392157
v -34.208930969238281 35.478450775146484 -3.187718391418457 0.0980392157 0.0980392157 0.0980392157
v -36.130321502685547 33.665870666503906 -3.2116646766662598 0.0980392157 0.0980392157 0.0980392157
v 61.914382934570312 54.997928619384766 -4.3134613037109375 0.0980392157 0.0980392157 0.0980392157
v -39.5023193359375 35.812381744384766 30.114522933959961 0.0980392157 0.0980392157 0.0980392157
v -49.013938903808594 42.432296752929688 22.750333786010742 0.0980392157 0.0980392157 0.0980392157
v -48.012008666992188 24.776721954345703 53.331062316894531 0.0980392157 0.0980392157 0.0980392157
v -74.618194580078125 30.003606796264648 -5.4136538505554199 0.0980392157 0.0980392157 0.0980392157
v -76.949882507324219 29.978906631469727 -10.182308197021484 0.0980392157 0.0980392157 0.0980392157
v -77.782485961914062 23.76161003112793 -5.204890251159668 0.0980392157 0.0980392157 0.0980392157
v -80.826332092285156 24.192937850952148 3.5160074234008789 0.0980392157 0.0980392157 0.0980392157
v -49.191387176513672 -45.375644683837891 15.227931022644043 0.0980392157 0.0980392157 0.0980392157
v -58.684463500976562 -43.206863403320312 16.916330337524414 0.0980392157 0.0980392157 0.0980392157
v 35.732639312744141 -48.718498229980469 6.7206368446350098 0.0980392157 0.0980392157 0.0980392157
v 93.709938049316406 -45.997245788574219 10.926795959472656 0.0980392157 0.0980392157 0.0980392157
v 180.77723693847656 26.227012634277344 -2.1687335968017578 0.0980392157 0.0980392157 0.0980392157
v 177.10289001464844 22.999382019042969 -6.4113354682922363 0.0980392157 0.0980392157 0.0980392157
v 55.453907012939453 43.914211273193359 -5.7305078506469727 0.0980392157 0.0980392157 0.0980392157
v 60.147487640380859 40.828426361083984 2.8488657474517822 0.0980392157 0.0980392157 0.0980392157
v 52.931606292724609 -49.705459594726562 -4.513664722442627 0.0980392157 0.0980392157 0.0980392157
v 52.926528930664062 49.707069396972656 -4.5370521545410156 0.0980392157 0.0980392157 0.0980392157
v 81.841972351074219 -18.784072875976562 35.39453125 0.0980392157 0.0980392157 0.0980392157
v 75.758201599121094 1.9498769044876099 47.179920196533203 0.0980392157 0.0980392157 0.0980392157
v 87.010780334472656 -0.78865867853164673 37.13629150390625 0.0980392157 0.0980392157 0.0980392157
v 149.91534423828125 -11.620675086975098 12.832596778869629 0.0980392157 0.0980392157 0.0980392157
v 176.00123596191406 1.0652703046798706 9.6408071517944336 0.0980392157 0.0980392157 0.0980392157
v 162.58720397949219 -42.125419616699219 -11.19797420501709 0.0980392157 0.0980392157 0.0980392157
v 86.881439208984375 -55.095287322998047 -13.42262077331543 0.0980392157 0.0980392157 0.0980392157
v 59.754344940185547 -43.914211273193359 -1.1977531909942627 0.0980392157 0.0980392157 0.0980392157
v 69.863899230957031 -46.445556640625 9.457301139831543 0.0980392157 0.0980392157 0.0980392157
v 83.051597595214844 -22.505193710327148 36.536346435546875 0.0980392157 0.0980392157 0.0980392157
v 71.130996704101562 -51.397487640380859 -17.058870315551758 0.0980392157 0.0980392157 0.0980392157
v -58.661914825439453 -39.910179138183594 -6.0674347877502441 0.0980392157 0.0980392157 0.0980392157
v 67.144966125488281 -35.279472351074219 39.890228271484375 0.0980392157 0.0980392157 0.0980392157
v 94.063911437988281 -57.468685150146484 -14.229693412780762 0.0980392157 0.0980392157 0.0980392157
v 68.367576599121094 -50.431797027587891 -18.008161544799805 0.0980392157 0.0980392157 0.0980392157
v -82.265083312988281 -17.681268692016602 19.322587966918945 0.0980392157 0.0980392157 0.0980392157
v 45.753696441650391 -44.833236694335938 25.250951766967773 0.0980392157 0.0980392157 0.0980392157
v -67.691963195800781 -38.510879516601562 -1.1972111463546753 0.0980392157 0.0980392157 0.0980392157
v -35.351024627685547 -36.548751831054688 31.475732803344727 0.0980392157 0.0980392157 0.0980392157
v -80.105735778808594 4.0240011215209961 -8.5688018798828125 0.0980392157 0.0980392157 0.0980392157
v -87.028373718261719 -29.999250411987305 -18.098691940307617 0.0980392157 0.0980392157 0.0980392157
v -90.010017395019531 29.999725341796875 -19.122425079345703 0.0980392157 0.0980392157 0.0980392157
v -56.358055114746094 0.87504076957702637 58.816402435302734 0.0980392157 0.0980392157 0.0980392157
v 72.824874877929688 23.466766357421875 43.202037811279297 0.0980392157 0.0980392157 0.0980392157
v 129.762939453125 -4.4428863525390625 22.152725219726562 0.0980392157 0.0980392157 0.0980392157
v 144.19827270507812 49.338569641113281 -13.106447219848633 0.0980392157 0.0980392157 0.0980392157
v 85.600914001464844 37.000724792480469 -22.173042297363281 0.0980392157 0.0980392157 0.0980392157
v 57.940521240234375 43.914211273193359 0.52267515659332275 0.0980392157 0.0980392157 0.0980392157
v 81.943023681640625 18.807300567626953 35.290275573730469 0.0980392157 0.0980392157 0.0980392157
v 62.913097381591797 32.275489807128906 40.792644500732422 0.0980392157 0.0980392157 0.0980392157
v 146.17887878417969 19.312276840209961 12.736566543579102 0.0980392157 0.0980392157 0.0980392157
v 146.47537231445312 42.654911041259766 1.9242503643035889 0.0980392157 0.0980392157 0.0980392157
v 60.771358489990234 37.004039764404297 -8.0789508819580078 0.0980392157 0.0980392157 0.0980392157
v -59.574630737304688 39.603263854980469 -6.0673604011535645 0.0980392157 0.0980392157 0.0980392157
v 66.941635131835938 35.556144714355469 39.431987762451172 0.0980392157 0.0980392157 0.0980392157
v 64.542320251464844 41.344802856445312 27.663021087646484 0.0980392157 0.0980392157 0.0980392157
v 25.27143669128418 46.754669189453125 18.570056915283203 0.0980392157 0.0980392157 0.0980392157
v -62.378459930419922 34.558555603027344 28.52924919128418 0.0980392157 0.0980392157 0.0980392157
v -84.467605590820312 10.003551483154297 11.225569725036621 0.0980392157 0.0980392157 0.0980392157
v -83.13116455078125 15.560465812683105 16.147462844848633 0.0980392157 0.0980392157 0.0980392157
v -76.816566467285156 -3.8529739379882812 48.920162200927734 0.0980392157 0.0980392157 0.0980392157
v -47.381851196289062 32.944190979003906 44.822399139404297 0.0980392157 0.0980392157 0.0980392157
v -71.509178161621094 27.600980758666992 -8.5679397583007812 0.0980392157 0.0980392157 0.0980392157
v -34.571468353271484 -36.956279754638672 28.027822494506836 0.0980392157 0.0980392157 0.0980392157
v 153.95704650878906 46.146106719970703 -13.673613548278809 0.0980392157 0.0980392157 0.0980392157
v 158.54226684570312 40.241668701171875 -23.663875579833984 0.0980392157 0.0980392157 0.0980392157
v -44.080101013183594 44.584861755371094 -6.3547325134277344 0 0 0
v -39.304027557373047 45.846889495849609 -6.413722038269043 0 0 0
v -51.042701721191406 43.416725158691406 -6.0787768363952637 0 0 0
v -32.845790863037109 46.495956420898438 -6.7620115280151367 0 0 0
v -39.304027557373047 45.846889495849609 -6.413722038269043 0 0 0
v -23.083108901977539 46.804119110107422 -6.918485164642334 0 0 0
v -15.705630302429199 46.298259735107422 -7.2766623497009277 0 0 0
v -32.86199951171875 45.716255187988281 -6.6722583770751953 0 0 0
v 2.2330322265625 46.758049011230469 -8.1879281997680664 0 0 0
v 2.7952225208282471 46.064510345458984 -8.1951942443847656 0 0 0
v 21.108270645141602 45.423664093017578 -9.1553459167480469 0 0 0
v -15.705630302429199 46.298259735107422 -7.2766623497009277 0 0 0
v -8.0724477767944336 46.920696258544922 -7.5945329666137695 0 0 0
v -17.350793838500977 46.891529083251953 -7.1531062126159668 0 0 0
v 2.7952225208282471 46.064510345458984 -8.1951942443847656 0 0 0
v -66.459709167480469 37.604091644287109 -5.2618927955627441 0 0 0
v -61.691684722900391 40.034618377685547 -5.6241493225097656 0 0 0
v -58.900794982910156 41.788822174072266 -5.4660711288452148 0 0 0
v -57.317241668701172 41.675067901611328 -5.9111127853393555 0 0 0
v -51.042701721191406 43.416725158691406 -6.0787768363952637 0 0 0
v -71.268394470214844 34.687812805175781 -4.6143474578857422 0 0 0
v -70.022781372070312 34.974639892578125 -4.9794926643371582 0 0 0
v -66.459709167480469 37.604091644287109 -5.2618927955627441 0 0 0
v -81.705818176269531 -2.5857751369476318 -4.228938102722168 0 0 0
v -81.623069763183594 6.2502803802490234 -4.1645302772521973 0 0 0
v -82.01531982421875 -6.6358351707458496 -3.9627265930175781 0 0 0
v 124.35044860839844 51.909614562988281 -20.428014755249023 0 0 0
v 114.74919128417969 52.42181396484375 -20.364980697631836 0 0 0
v 125.38965606689453 51.150497436523438 -20.476747512817383 0 0 0
v 101.29261016845703 53.703357696533203 -20.107316970825195 0 0 0
v 109.87612915039062 53.524021148681641 -20.291776657104492 0 0 0
v 99.666748046875 54.424579620361328 -20.125274658203125 0 0 0
v 138.67401123046875 49.129314422607422 -20.446260452270508 0 0 0
v 139.81069946289062 49.525962829589844 -20.294042587280273 0 0 0
v 86.833747863769531 55.230873107910156 -19.799772262573242 0 0 0
v 86.365928649902344 54.637805938720703 -19.699136734008789 0 0 0
v 139.81069946289062 49.525962829589844 -20.294042587280273 0 0 0
v 138.67401123046875 49.129314422607422 -20.446260452270508 0 0 0
v 146.50918579101562 47.258548736572266 -19.95536994934082 0 0 0
v 152.87322998046875 45.756404876708984 -18.925365447998047 0 0 0
v 146.55178833007812 47.838748931884766 -19.830913543701172 0 0 0
v 152.53573608398438 45.156993865966797 -19.061136245727539 0 0 0
v 42.017898559570312 45.733474731445312 -11.093966484069824 0 0 0
v 44.233905792236328 46.677013397216797 -11.67697811126709 0 0 0
v 35.814472198486328 45.676628112792969 -10.153170585632324 0 0 0
v 50.997768402099609 48.316963195800781 -13.387900352478027 0 0 0
v 53.467025756835938 48.436412811279297 -14.070892333984375 0 0 0
v 61.683185577392578 51.219150543212891 -16.517063140869141 0 0 0
v 67.527267456054688 53.694450378417969 -17.967206954956055 0 0 0
v 185.61503601074219 4.4275150299072266 -6.9586071968078613 0 0 0
v 185.50241088867188 10.278260231018066 -6.869542121887207 0 0 0
v 184.72055053710938 12.619986534118652 -7.4504342079162598 0 0 0
v 185.65377807617188 -4.0331869125366211 -6.9358444213867188 0 0 0
v 185.90892028808594 -8.074951171875 -6.6751151084899902 0 0 0
v 53.467025756835938 48.436412811279297 -14.070892333984375 0 0 0
v 50.997768402099609 48.316963195800781 -13.387900352478027 0 0 0
v 44.233905792236328 46.677013397216797 -11.67697811126709 0 0 0
v 47.613258361816406 46.618255615234375 -12.732466697692871 0 0 0
v 42.017898559570312 45.733474731445312 -11.093966484069824 0 0 0
v 76.785140991210938 54.973941802978516 -19.104564666748047 0 0 0
v 79.462387084960938 54.483116149902344 -19.523664474487305 0 0 0
v 86.365928649902344 54.637805938720703 -19.699136734008789 0 0 0
v 73.244644165039062 53.91204833984375 -18.886089324951172 0 0 0
v 164.39370727539062 39.115020751953125 -15.846399307250977 0 0 0
v 168.07916259765625 37.0107421875 -14.288347244262695 0 0 0
v 159.3096923828125 42.545581817626953 -17.301116943359375 0 0 0
v 30.722249984741211 45.141384124755859 -9.5583066940307617 0 0 0
v 36.059562683105469 45.129486083984375 -10.121726036071777 0 0 0
v 26.500240325927734 45.76849365234375 -9.3689460754394531 0 0 0
v 67.527267456054688 53.694450378417969 -17.967206954956055 0 0 0
v 61.683185577392578 51.219150543212891 -16.517063140869141 0 0 0
v 68.378837585449219 53.398639678955078 -18.018804550170898 0 0 0
v 76.785140991210938 54.973941802978516 -19.104564666748047 0 0 0
v 183.22979736328125 18.775323867797852 -7.9461202621459961 0 0 0
v 184.72055053710938 12.619986534118652 -7.4504342079162598 0 0 0
v 185.50241088867188 10.278260231018066 -6.869542121887207 0 0 0
v 168.07916259765625 37.0107421875 -14.288347244262695 0 0 0
v 168.580810546875 34.600627899169922 -18.323345184326172 0 0 0
v 172.36105346679688 31.546379089355469 -17.067167282104492 0 0 0
v 173.60595703125 32.710727691650391 -12.21103572845459 0 0 0
v 175.93740844726562 27.924396514892578 -15.82075023651123 0 0 0
v 181.49711608886719 18.450481414794922 -13.827973365783691 0 0 0
v 182.87480163574219 13.703498840332031 -13.355782508850098 0 0 0
v 183.22979736328125 18.775323867797852 -7.9461202621459961 0 0 0
v 184.72055053710938 12.619986534118652 -7.4504342079162598 0 0 0
v 178.19157409667969 27.665321350097656 -10.635603904724121 0 0 0
v 179.57794189453125 22.781696319580078 -14.505992889404297 0 0 0
v 180.5035400390625 24.096918106079102 -9.569798469543457 0 0 0
v 185.61503601074219 4.4275150299072266 -6.9586071968078613 0 0 0
v 183.90695190429688 7.8459615707397461 -13.053102493286133 0 0 0
v 185.65377807617188 -4.0331869125366211 -6.9358444213867188 0 0 0
v 184.27294921875 2.485666036605835 -12.960224151611328 0 0 0
v 143.06007385253906 46.867950439453125 -23.345026016235352 0 0 0
v 138.67401123046875 49.129314422607422 -20.446260452270508 0 0 0
v 136.68302917480469 47.996368408203125 -23.510128021240234 0 0 0
v 146.50918579101562 47.258548736572266 -19.95536994934082 0 0 0
v 148.90089416503906 45.252433776855469 -22.930131912231445 0 0 0
v 155.23866271972656 42.722919464111328 -22.030021667480469 0 0 0
v 162.00067138671875 39.014469146728516 -20.351533889770508 0 0 0
v 158.54652404785156 42.394451141357422 -17.783180236816406 0 0 0
v 164.39370727539062 39.115020751953125 -15.846399307250977 0 0 0
v 152.53573608398438 45.156993865966797 -19.061136245727539 0 0 0
v 179.55398559570312 28.142665863037109 -24.509241104125977 0 0 0
v 176.5123291015625 30.901340484619141 -26.176063537597656 0 0 0
v 180.3974609375 28.091953277587891 -23.570724487304688 0 0 0
v 183.65013122558594 23.963144302368164 -21.648977279663086 0 0 0
v 185.75865173339844 19.178928375244141 -20.603851318359375 0 0 0
v 182.46261596679688 24.865421295166016 -22.777233123779297 0 0 0
v 154.70658874511719 49.096019744873047 -20.860038757324219 0 0 0
v 156.72538757324219 48.441993713378906 -21.302324295043945 0 0 0
v 151.71638488769531 50.217239379882812 -22.185546875 0 0 0
v 169.35255432128906 41.717254638671875 -16.423582077026367 0 0 0
v 162.02114868164062 46.089229583740234 -19.28668212890625 0 0 0
v 158.85383605957031 47.083984375 -19.303537368774414 0 0 0
v 143.97918701171875 51.723670959472656 -21.949064254760742 0 0 0
v 147.25546264648438 51.554920196533203 -22.508487701416016 0 0 0
v 134.35391235351562 53.703521728515625 -22.670822143554688 0 0 0
v 150.11512756347656 50.147140502929688 -21.177568435668945 0 0 0
v 169.4161376953125 40.922046661376953 -15.488908767700195 0 0 0
v 187.9586181640625 11.305660247802734 -18.945255279541016 0 0 0
v 186.9718017578125 16.925113677978516 -19.184135437011719 0 0 0
v 188.076416015625 12.352409362792969 -18.237115859985352 0 0 0
v 188.93087768554688 5.5329923629760742 -17.935934066772461 0 0 0
v 65.230888366699219 50.91015625 -33.157421112060547 0 0 0
v 68.756370544433594 52.379566192626953 -32.865329742431641 0 0 0
v 74.696945190429688 52.042991638183594 -33.759784698486328 0 0 0
v 57.378631591796875 49.099388122558594 -32.21722412109375 0 0 0
v 61.188095092773438 50.995040893554688 -32.135593414306641 0 0 0
v -8.4694957733154297 45.825538635253906 -31.773153305053711 0 0 0
v -7.253565788269043 44.712875366210938 -32.374073028564453 0 0 0
v -13.203492164611816 46.284412384033203 -32.626853942871094 0 0 0
v 108.92864990234375 52.977378845214844 -33.735084533691406 0 0 0
v 120.76736450195312 52.288223266601562 -33.226524353027344 0 0 0
v 129.64115905761719 51.197971343994141 -33.363945007324219 0 0 0
v 93.381385803222656 53.346195220947266 -33.797275543212891 0 0 0
v 98.142013549804688 53.481967926025391 -33.484020233154297 0 0 0
v 116.4830322265625 51.627422332763672 -34.147090911865234 0 0 0
v 128.24992370605469 50.497493743896484 -33.876529693603516 0 0 0
v 103.74060821533203 52.285945892333984 -34.260765075683594 0 0 0
v 88.820198059082031 52.511749267578125 -34.124294281005859 0 0 0
v 85.396919250488281 53.366313934326172 -33.541278839111328 0 0 0
v 74.696945190429688 52.042991638183594 -33.759784698486328 0 0 0
v 138.17654418945312 50.035652160644531 -33.028068542480469 0 0 0
v 139.02978515625 48.862113952636719 -33.472671508789062 0 0 0
v 119.18740844726562 55.925521850585938 -23.225833892822266 0 0 0
v 109.17099761962891 56.939567565917969 -24.331802368164062 0 0 0
v 94.645713806152344 58.001907348632812 -24.014566421508789 0 0 0
v 102.59918212890625 57.178794860839844 -23.076181411743164 0 0 0
v 72.022407531738281 47.298023223876953 -37.112003326416016 0 0 0
v 68.319816589355469 46.633617401123047 -36.866146087646484 0 0 0
v 64.985420227050781 46.253364562988281 -36.551784515380859 0 0 0
v 75.69976806640625 48.160076141357422 -36.701530456542969 0 0 0
v 68.137939453125 47.394954681396484 -36.238353729248047 0 0 0
v 49.443534851074219 45.879966735839844 -30.488372802734375 0 0 0
v 50.314929962158203 47.375511169433594 -30.261856079101562 0 0 0
v 57.378631591796875 49.099388122558594 -32.21722412109375 0 0 0
v 160.31536865234375 43.884231567382812 -29.33021354675293 0 0 0
v 159.44198608398438 45.067916870117188 -28.850883483886719 0 0 0
v 165.70767211914062 42.525180816650391 -26.456724166870117 0 0 0
v 153.312255859375 45.975341796875 -31.491279602050781 0 0 0
v 154.39117431640625 46.654861450195312 -30.672882080078125 0 0 0
v 169.35255432128906 41.717254638671875 -16.423582077026367 0 0 0
v 169.4161376953125 40.922046661376953 -15.488908767700195 0 0 0
v 174.50105285644531 37.741630554199219 -14.275222778320312 0 0 0
v 179.18763732910156 32.066478729248047 -11.430249214172363 0 0 0
v 177.705322265625 34.769088745117188 -13.238914489746094 0 0 0
v 175.38896179199219 35.819038391113281 -12.99302864074707 0 0 0
v 183.86198425292969 24.505142211914062 -9.1149272918701172 0 0 0
v 181.31053161621094 30.343217849731445 -11.19945240020752 0 0 0
v 185.12728881835938 23.784101486206055 -9.4730224609375 0 0 0
v 183.86712646484375 26.650251388549805 -10.499225616455078 0 0 0
v 35.350372314453125 48.331554412841797 -14.07005786895752 0 0 0
v 31.54730224609375 47.702655792236328 -15.232318878173828 0 0 0
v 27.170795440673828 47.967376708984375 -14.781088829040527 0 0 0
v 28.168676376342773 48.125045776367188 -13.685493469238281 0 0 0
v 23.682762145996094 48.234050750732422 -13.844230651855469 0 0 0
v 178.48405456542969 34.021224975585938 -20.998884201049805 0 0 0
v 180.15589904785156 33.335075378417969 -19.37689208984375 0 0 0
v 184.40798950195312 27.832599639892578 -17.625762939453125 0 0 0
v 187.13392639160156 23.820339202880859 -14.984004020690918 0 0 0
v 184.39083862304688 28.498037338256836 -16.695535659790039 0 0 0
v 13.272525787353516 48.734455108642578 -16.063007354736328 0 0 0
v 4.9115338325500488 49.308235168457031 -17.485084533691406 0 0 0
v 2.2228167057037354 49.899955749511719 -17.332376480102539 0 0 0
v 9.3067655563354492 49.25225830078125 -15.209720611572266 0 0 0
v 2.2292544841766357 50.003608703613281 -16.092506408691406 0 0 0
v -102.20691680908203 9.6572113037109375 -22.531064987182617 0 0 0
v -102.16077423095703 -11.173516273498535 -22.471784591674805 0 0 0
v -102.61996459960938 -4.6255526542663574 -21.547941207885742 0 0 0
v -100.48402404785156 -18.240894317626953 -24.715126037597656 0 0 0
v -100.42538452148438 18.410140991210938 -24.769369125366211 0 0 0
v 70.975273132324219 57.401103973388672 -22.16984748840332 0 0 0
v 65.309959411621094 56.391250610351562 -22.379119873046875 0 0 0
v 64.172622680664062 55.919136047363281 -20.979099273681641 0 0 0
v 59.689411163330078 54.783554077148438 -20.832483291625977 0 0 0
v 51.424671173095703 51.389610290527344 -17.057653427124023 0 0 0
v 28.635772705078125 34.908313751220703 -27.33131217956543 0 0 0
v 29.393251419067383 34.271461486816406 -27.963249206542969 0 0 0
v 23.68476676940918 33.444091796875 -27.487174987792969 0 0 0
v 35.648490905761719 36.703903198242188 -28.687379837036133 0 0 0
v 37.953659057617188 36.810771942138672 -29.94099235534668 0 0 0
v 33.501338958740234 35.538768768310547 -28.774755477905273 0 0 0
v 163.12959289550781 38.276668548583984 -32.255119323730469 0 0 0
v 167.14129638671875 37.070587158203125 -29.997869491577148 0 0 0
v 172.40805053710938 33.792877197265625 -28.249599456787109 0 0 0
v 171.64695739746094 34.724205017089844 -28.035209655761719 0 0 0
v 176.00590515136719 31.937234878540039 -25.826164245605469 0 0 0
v 176.5123291015625 30.901340484619141 -26.176063537597656 0 0 0
v 60.505905151367188 45.190391540527344 -35.9505615234375 0 0 0
v 56.266029357910156 43.594890594482422 -35.144252777099609 0 0 0
v 52.357662200927734 42.506473541259766 -34.219036102294922 0 0 0
v 35.648490905761719 36.703903198242188 -28.687379837036133 0 0 0
v 44.331333160400391 39.837364196777344 -31.332796096801758 0 0 0
v 37.953659057617188 36.810771942138672 -29.94099235534668 0 0 0
v 61.642139434814453 46.03814697265625 -35.493057250976562 0 0 0
v 64.985420227050781 46.253364562988281 -36.551784515380859 0 0 0
v 85.449234008789062 48.573444366455078 -36.976600646972656 0 0 0
v 82.066108703613281 47.847438812255859 -37.479496002197266 0 0 0
v 75.69976806640625 48.160076141357422 -36.701530456542969 0 0 0
v 99.065971374511719 48.635955810546875 -37.130290985107422 0 0 0
v 90.526908874511719 48.078548431396484 -37.657188415527344 0 0 0
v 116.08560180664062 47.792594909667969 -37.046234130859375 0 0 0
v 108.73780822753906 47.673393249511719 -37.739467620849609 0 0 0
v 129.01051330566406 46.538036346435547 -36.720592498779297 0 0 0
v 135.14456176757812 45.227771759033203 -37.112838745117188 0 0 0
v 126.67697143554688 46.269519805908203 -37.420867919921875 0 0 0
v 72.022407531738281 47.298023223876953 -37.112003326416016 0 0 0
v 137.15744018554688 45.435802459716797 -36.426700592041016 0 0 0
v 9.4607200622558594 38.656021118164062 -26.16368293762207 0 0 0
v 12.376917839050293 39.3338623046875 -24.875892639160156 0 0 0
v 15.70761775970459 38.426300048828125 -24.338884353637695 0 0 0
v 8.3123750686645508 40.093101501464844 -26.261219024658203 0 0 0
v 2.793971061706543 41.761989593505859 -28.612525939941406 0 0 0
v -11.222894668579102 51.307815551757812 -18.255308151245117 0 0 0
v 2.2180008888244629 50.118659973144531 -16.282625198364258 0 0 0
v -4.1140198707580566 50.681793212890625 -18.165294647216797 0 0 0
v 145.15444946289062 44.051021575927734 -35.914836883544922 0 0 0
v 151.58940124511719 41.958908081054688 -35.558162689208984 0 0 0
v 147.16488647460938 43.110336303710938 -36.214019775390625 0 0 0
v 155.82749938964844 40.835247039794922 -34.626857757568359 0 0 0
v 153.00508117675781 42.231819152832031 -34.579536437988281 0 0 0
v 146.48574829101562 47.7877197265625 -32.778968811035156 0 0 0
v 143.39991760253906 49.282196044921875 -32.373321533203125 0 0 0
v 148.80833435058594 48.045665740966797 -31.856843948364258 0 0 0
v 153.312255859375 45.975341796875 -31.491279602050781 0 0 0
v 138.17654418945312 50.035652160644531 -33.028068542480469 0 0 0
v 139.02978515625 48.862113952636719 -33.472671508789062 0 0 0
v -100.51499938964844 1.3047252893447876 -12.312979698181152 0 0 0
v -98.997962951660156 6.4284310340881348 -8.6005973815917969 0 0 0
v -100.73492431640625 8.5928144454956055 -13.510564804077148 0 0 0
v -100.01561737060547 14.982570648193359 -13.273232460021973 0 0 0
v -98.5693359375 13.853166580200195 -8.6006622314453125 0 0 0
v -97.944938659667969 19.713909149169922 -9.4978313446044922 0 0 0
v -101.83856964111328 10.177329063415527 -18.033651351928711 0 0 0
v -102.01416015625 0.37231290340423584 -17.125856399536133 0 0 0
v -97.198173522949219 27.702926635742188 -18.172281265258789 0 0 0
v -95.871246337890625 31.32878303527832 -24.78380012512207 0 0 0
v -98.901222229003906 25.337638854980469 -21.475042343139648 0 0 0
v -99.001815795898438 -7.0910210609436035 -8.6568470001220703 0 0 0
v -98.384719848632812 23.588203430175781 -15.211612701416016 0 0 0
v -95.844940185546875 27.521963119506836 -11.386750221252441 0 0 0
v 43.419239044189453 49.397876739501953 -15.069779396057129 0 0 0
v 42.012454986572266 49.136707305908203 -16.082202911376953 0 0 0
v 37.817646026611328 48.565708160400391 -15.057919502258301 0 0 0
v 45.931442260742188 50.067131042480469 -16.864709854125977 0 0 0
v 46.761966705322266 47.976875305175781 -23.450061798095703 0 0 0
v 51.221149444580078 51.726005554199219 -18.238597869873047 0 0 0
v 34.560039520263672 41.486186981201172 -25.203977584838867 0 0 0
v 40.281269073486328 43.403858184814453 -26.965654373168945 0 0 0
v 35.331142425537109 40.734725952148438 -26.055723190307617 0 0 0
v 80.116119384765625 58.184078216552734 -22.855106353759766 0 0 0
v 72.4981689453125 57.676956176757812 -23.453649520874023 0 0 0
v 70.975273132324219 57.401103973388672 -22.16984748840332 0 0 0
v 186.89154052734375 17.21708869934082 -7.7194647789001465 0 0 0
v 186.77827453613281 20.238414764404297 -9.0863533020019531 0 0 0
v 185.12728881835938 23.784101486206055 -9.4730224609375 0 0 0
v 188.18879699707031 9.5385169982910156 -6.8979053497314453 0 0 0
v 188.86798095703125 10.657356262207031 -7.6101875305175781 0 0 0
v 189.54002380371094 5.4482030868530273 -7.4698176383972168 0 0 0
v 188.600341796875 1.4973437786102295 -6.5402250289916992 0 0 0
v 160.30224609375 39.883979797363281 -32.7445068359375 0 0 0
v 163.12959289550781 38.276668548583984 -32.255119323730469 0 0 0
v 155.82749938964844 40.835247039794922 -34.626857757568359 0 0 0
v -1.9435585737228394 42.745502471923828 -30.956239700317383 0 0 0
v -4.231813907623291 44.682102203369141 -31.045284271240234 0 0 0
v 2.793971061706543 41.761989593505859 -28.612525939941406 0 0 0
v -7.253565788269043 44.712875366210938 -32.374073028564453 0 0 0
v -8.4694957733154297 45.825538635253906 -31.773153305053711 0 0 0
v 186.9718017578125 16.925113677978516 -19.184135437011719 0 0 0
v 187.9586181640625 11.305660247802734 -18.945255279541016 0 0 0
v 185.75865173339844 19.178928375244141 -20.603851318359375 0 0 0
v 42.002254486083984 46.370887756347656 -21.916879653930664 0 0 0
v 40.281269073486328 43.403858184814453 -26.965654373168945 0 0 0
v 36.431053161621094 43.822055816650391 -22.355806350708008 0 0 0
v 37.817646026611328 48.565708160400391 -15.057919502258301 0 0 0
v 42.012454986572266 49.136707305908203 -16.082202911376953 0 0 0
v 35.346637725830078 45.272804260253906 -19.276626586914062 0 0 0
v 26.090808868408203 42.370101928710938 -20.597631454467773 0 0 0
v 25.079299926757812 45.570079803466797 -17.37994384765625 0 0 0
v 31.54730224609375 47.702655792236328 -15.232318878173828 0 0 0
v 19.680404663085938 42.241683959960938 -20.963178634643555 0 0 0
v 19.039876937866211 46.050655364990234 -17.735895156860352 0 0 0
v 10.422544479370117 45.049163818359375 -21.169954299926758 0 0 0
v 10.624650001525879 47.405124664306641 -18.488958358764648 0 0 0
v 15.566760063171387 45.493820190429688 -19.104701995849609 0 0 0
v 13.272525787353516 48.734455108642578 -16.063007354736328 0 0 0
v 6.6803221702575684 42.809284210205078 -25.050912857055664 0 0 0
v 5.1908683776855469 45.052509307861328 -23.527057647705078 0 0 0
v 6.0651388168334961 46.790107727050781 -20.963018417358398 0 0 0
v 29.660379409790039 40.304294586181641 -23.963623046875 0 0 0
v 34.560039520263672 41.486186981201172 -25.203977584838867 0 0 0
v 31.634475708007812 44.153301239013672 -19.547143936157227 0 0 0
v 24.130895614624023 39.151187896728516 -23.487392425537109 0 0 0
v 45.931442260742188 50.067131042480469 -16.864709854125977 0 0 0
v 15.281681060791016 41.605655670166016 -22.393230438232422 0 0 0
v 15.70761775970459 38.426300048828125 -24.338884353637695 0 0 0
v 12.376917839050293 39.3338623046875 -24.875892639160156 0 0 0
v 20.303030014038086 48.259830474853516 -15.178596496582031 0 0 0
v -10.851879119873047 41.336772918701172 -35.913944244384766 0 0 0
v -14.694331169128418 40.869491577148438 -36.722774505615234 0 0 0
v -17.362277984619141 41.572673797607422 -36.287517547607422 0 0 0
v -93.400108337402344 34.079460144042969 -21.934822082519531 0 0 0
v -94.466682434082031 32.195472717285156 -18.008291244506836 0 0 0
v -90.671440124511719 36.669425964355469 -18.789152145385742 0 0 0
v -85.392578125 39.995185852050781 -29.962320327758789 0 0 0
v -80.567108154296875 43.888576507568359 -17.183322906494141 0 0 0
v -81.082176208496094 41.736423492431641 -31.123348236083984 0 0 0
v -95.871246337890625 31.32878303527832 -24.78380012512207 0 0 0
v -74.386039733886719 46.395366668701172 -18.112680435180664 0 0 0
v -73.625465393066406 45.450019836425781 -24.195384979248047 0 0 0
v -76.844772338867188 44.167644500732422 -25.777534484863281 0 0 0
v -88.260902404785156 38.836402893066406 -22.701021194458008 0 0 0
v -85.426002502441406 41.002399444580078 -16.260622024536133 0 0 0
v -88.365234375 38.63629150390625 -15.51315975189209 0 0 0
v -91.013771057128906 35.839118957519531 -14.265596389770508 0 0 0
v -84.264404296875 41.478237152099609 -21.598508834838867 0 0 0
v -66.427970886230469 44.833023071289062 -32.480602264404297 0 0 0
v -71.444747924804688 44.291175842285156 -31.645753860473633 0 0 0
v -67.542243957519531 45.835586547851562 -28.147819519042969 0 0 0
v -75.386421203613281 43.412441253662109 -31.739616394042969 0 0 0
v 164.0257568359375 -37.917221069335938 -31.900529861450195 0 0 0
v 167.7955322265625 35.825168609619141 -30.34318733215332 0 0 0
v 168.0185546875 -35.773967742919922 -30.242273330688477 0 0 0
v 185.620849609375 -19.308809280395508 -20.689973831176758 0 0 0
v 182.84820556640625 -24.123699188232422 -22.532278060913086 0 0 0
v 185.75865173339844 19.178928375244141 -20.603851318359375 0 0 0
v 188.26152038574219 -9.5588588714599609 -18.720756530761719 0 0 0
v 187.9586181640625 11.305660247802734 -18.945255279541016 0 0 0
v 188.93087768554688 5.5329923629760742 -17.935934066772461 0 0 0
v 163.12959289550781 38.276668548583984 -32.255119323730469 0 0 0
v -3.9539897441864014 49.313533782958984 -21.697471618652344 0 0 0
v -4.1140198707580566 50.681793212890625 -18.165294647216797 0 0 0
v -0.6162676215171814 48.612255096435547 -21.355844497680664 0 0 0
v -13.764059066772461 49.454288482666016 -24.69166374206543 0 0 0
v -11.222894668579102 51.307815551757812 -18.255308151245117 0 0 0
v -8.7606420516967773 49.895557403564453 -22.250516891479492 0 0 0
v -9.1137685775756836 48.0858154296875 -27.113733291625977 0 0 0
v -8.4694957733154297 45.825538635253906 -31.773153305053711 0 0 0
v -4.6484813690185547 47.581893920898438 -25.954183578491211 0 0 0
v 6.0651388168334961 46.790107727050781 -20.963018417358398 0 0 0
v 4.9115338325500488 49.308235168457031 -17.485084533691406 0 0 0
v 5.1908683776855469 45.052509307861328 -23.527057647705078 0 0 0
v -0.62823760509490967 47.406600952148438 -23.6812744140625 0 0 0
v -0.73092728853225708 45.780166625976562 -26.42060661315918 0 0 0
v 1.1578538417816162 43.944778442382812 -27.535120010375977 0 0 0
v 2.793971061706543 41.761989593505859 -28.612525939941406 0 0 0
v -4.231813907623291 44.682102203369141 -31.045284271240234 0 0 0
v -13.203492164611816 46.284412384033203 -32.626853942871094 0 0 0
v 188.93087768554688 5.5329923629760742 -17.935934066772461 0 0 0
v 188.14166259765625 10.34222412109375 -15.071117401123047 0 0 0
v 188.74635314941406 1.9017372131347656 -14.636689186096191 0 0 0
v 185.01054382324219 21.078903198242188 -17.239990234375 0 0 0
v 186.72859191894531 16.6448974609375 -16.086578369140625 0 0 0
v 186.9718017578125 16.925113677978516 -19.184135437011719 0 0 0
v 188.076416015625 12.352409362792969 -18.237115859985352 0 0 0
v 159.97830200195312 39.9920654296875 -29.46412467956543 0 0 0
v 166.57701110839844 37.248886108398438 -26.698646545410156 0 0 0
v 167.14129638671875 37.070587158203125 -29.997869491577148 0 0 0
v 172.1275634765625 34.367073059082031 -24.196727752685547 0 0 0
v 171.64695739746094 34.724205017089844 -28.035209655761719 0 0 0
v 68.137939453125 47.394954681396484 -36.238353729248047 0 0 0
v 66.214263916015625 47.043785095214844 -33.327510833740234 0 0 0
v 73.269622802734375 48.025691986083984 -33.710746765136719 0 0 0
v 61.642139434814453 46.03814697265625 -35.493057250976562 0 0 0
v 43.324016571044922 39.466991424560547 -28.617612838745117 0 0 0
v 53.749172210693359 43.655830383300781 -31.626615524291992 0 0 0
v 44.331333160400391 39.837364196777344 -31.332796096801758 0 0 0
v 35.648490905761719 36.703903198242188 -28.687379837036133 0 0 0
v 33.009365081787109 35.9744873046875 -25.427518844604492 0 0 0
v 43.324016571044922 39.466991424560547 -28.617612838745117 0 0 0
v -13.289834022521973 41.553462982177734 -33.19329833984375 0 0 0
v -6.8651223182678223 40.733528137207031 -32.367359161376953 0 0 0
v -10.851879119873047 41.336772918701172 -35.913944244384766 0 0 0
v -57.57684326171875 40.945823669433594 -36.140201568603516 0 0 0
v -58.598255157470703 40.909320831298828 -33.301429748535156 0 0 0
v -47.360336303710938 41.461643218994141 -33.486328125 0 0 0
v -43.237026214599609 41.533885955810547 -36.502433776855469 0 0 0
v -32.616321563720703 41.741096496582031 -33.551353454589844 0 0 0
v -32.22833251953125 41.71429443359375 -36.126888275146484 0 0 0
v -17.362277984619141 41.572673797607422 -36.287517547607422 0 0 0
v -13.289834022521973 41.553462982177734 -33.19329833984375 0 0 0
v 10.796469688415527 34.298816680908203 -28.890201568603516 0 0 0
v 6.0290656089782715 35.713233947753906 -27.586277008056641 0 0 0
v 9.7679033279418945 34.626445770263672 -26.13398551940918 0 0 0
v 16.671661376953125 33.678585052490234 -27.426334381103516 0 0 0
v 13.53972339630127 33.973148345947266 -24.98912239074707 0 0 0
v 17.958650588989258 33.744400024414062 -24.190128326416016 0 0 0
v 22.396860122680664 33.890949249267578 -26.84294319152832 0 0 0
v 28.635772705078125 34.908313751220703 -27.33131217956543 0 0 0
v 24.411977767944336 34.192966461181641 -23.959264755249023 0 0 0
v 125.23164367675781 46.992156982421875 -33.9892578125 0 0 0
v 128.24992370605469 50.497493743896484 -33.876529693603516 0 0 0
v 138.59031677246094 45.272983551025391 -33.511154174804688 0 0 0
v 97.493789672851562 48.653881072998047 -34.251819610595703 0 0 0
v 85.879875183105469 48.642337799072266 -34.087135314941406 0 0 0
v 88.820198059082031 52.511749267578125 -34.124294281005859 0 0 0
v 49.443534851074219 45.879966735839844 -30.488372802734375 0 0 0
v 57.378631591796875 49.099388122558594 -32.21722412109375 0 0 0
v 56.640602111816406 44.640048980712891 -32.101837158203125 0 0 0
v 65.230888366699219 50.91015625 -33.157421112060547 0 0 0
v 74.696945190429688 52.042991638183594 -33.759784698486328 0 0 0
v 73.269622802734375 48.025691986083984 -33.710746765136719 0 0 0
v 46.761966705322266 47.976875305175781 -23.450061798095703 0 0 0
v 51.221149444580078 51.726005554199219 -18.238597869873047 0 0 0
v 55.061504364013672 51.252067565917969 -25.841915130615234 0 0 0
v 66.131431579589844 54.433292388916016 -27.699247360229492 0 0 0
v 61.188095092773438 50.995040893554688 -32.135593414306641 0 0 0
v 63.646408081054688 54.482513427734375 -25.935163497924805 0 0 0
v 65.309959411621094 56.391250610351562 -22.379119873046875 0 0 0
v 59.689411163330078 54.783554077148438 -20.832483291625977 0 0 0
v 55.313457489013672 49.312587738037109 -31.174861907958984 0 0 0
v 50.314929962158203 47.375511169433594 -30.261856079101562 0 0 0
v 72.4981689453125 57.676956176757812 -23.453649520874023 0 0 0
v 79.295623779296875 58.159065246582031 -23.886236190795898 0 0 0
v 77.319915771484375 56.255615234375 -27.420646667480469 0 0 0
v 85.574760437011719 58.189876556396484 -24.048343658447266 0 0 0
v 68.756370544433594 52.379566192626953 -32.865329742431641 0 0 0
v 71.417022705078125 54.712074279785156 -29.210596084594727 0 0 0
v 77.057266235351562 53.042510986328125 -33.345096588134766 0 0 0
v 85.396919250488281 53.366313934326172 -33.541278839111328 0 0 0
v 178.48405456542969 34.021224975585938 -20.998884201049805 0 0 0
v 175.23910522460938 37.306991577148438 -21.978628158569336 0 0 0
v 180.15589904785156 33.335075378417969 -19.37689208984375 0 0 0
v 171.11698913574219 39.041877746582031 -24.668325424194336 0 0 0
v 169.97994995117188 40.436412811279297 -24.541112899780273 0 0 0
v 165.70767211914062 42.525180816650391 -26.456724166870117 0 0 0
v 160.31536865234375 43.884231567382812 -29.33021354675293 0 0 0
v -9.2225046157836914 -40.530658721923828 -36.235057830810547 0 0 0
v -12.29652214050293 -40.336933135986328 -36.567611694335938 0 0 0
v -8.0209751129150391 39.960582733154297 -36.021553039550781 0 0 0
v 64.985420227050781 46.253364562988281 -36.551784515380859 0 0 0
v 64.104583740234375 -46.077438354492188 -36.444187164306641 0 0 0
v 60.505905151367188 45.190391540527344 -35.9505615234375 0 0 0
v 52.357662200927734 42.506473541259766 -34.219036102294922 0 0 0
v 56.266029357910156 43.594890594482422 -35.144252777099609 0 0 0
v 52.352817535400391 -42.490264892578125 -34.224140167236328 0 0 0
v 47.847179412841797 40.644515991210938 -32.961845397949219 0 0 0
v 39.002742767333984 -37.287483215332031 -30.251317977905273 0 0 0
v 47.792770385742188 -40.439491271972656 -32.944541931152344 0 0 0
v 37.953659057617188 36.810771942138672 -29.94099235534668 0 0 0
v 6.0290656089782715 35.713233947753906 -27.586277008056641 0 0 0
v -1.5802828073501587 38.948799133300781 -30.796258926391602 0 0 0
v -1.9435585737228394 42.745502471923828 -30.956239700317383 0 0 0
v 152.19044494628906 -41.870269775390625 -35.427051544189453 0 0 0
v 151.58940124511719 41.958908081054688 -35.558162689208984 0 0 0
v 155.080322265625 -40.900913238525391 -34.806747436523438 0 0 0
v 163.12959289550781 38.276668548583984 -32.255119323730469 0 0 0
v 159.22186279296875 -39.683506011962891 -33.659133911132812 0 0 0
v 159.14646911621094 39.362407684326172 -33.663829803466797 0 0 0
v 147.16488647460938 43.110336303710938 -36.214019775390625 0 0 0
v 149.20248413085938 -42.369697570800781 -35.939605712890625 0 0 0
v 155.82749938964844 40.835247039794922 -34.626857757568359 0 0 0
v 187.13392639160156 23.820339202880859 -14.984004020690918 0 0 0
v 188.02447509765625 21.54728889465332 -13.796706199645996 0 0 0
v 190.04725646972656 15.730497360229492 -13.021653175354004 0 0 0
v 190.64649963378906 11.253377914428711 -11.63067626953125 0 0 0
v 191.22833251953125 5.5814766883850098 -12.451372146606445 0 0 0
v 187.87063598632812 21.127504348754883 -15.235852241516113 0 0 0
v 184.40798950195312 27.832599639892578 -17.625762939453125 0 0 0
v 189.75181579589844 14.493937492370605 -13.80665111541748 0 0 0
v -51.6466064453125 49.287399291992188 -14.951164245605469 0 0 0
v -54.470199584960938 50.218856811523438 -17.711202621459961 0 0 0
v -55.045581817626953 47.642425537109375 -12.725669860839844 0 0 0
v -42.798110961914062 50.272724151611328 -15.647354125976562 0 0 0
v -46.729995727539062 47.367465972900391 -10.372814178466797 0 0 0
v -35.272205352783203 48.826290130615234 -11.640995025634766 0 0 0
v -17.357986450195312 49.915370941162109 -13.214436531066895 0 0 0
v -17.356243133544922 51.538032531738281 -17.975774765014648 0 0 0
v -29.307897567749023 50.525417327880859 -15.032120704650879 0 0 0
v -63.385932922363281 47.491600036621094 -14.747613906860352 0 0 0
v -58.771595001220703 44.386428833007812 -8.6606225967407227 0 0 0
v -23.083108901977539 46.804119110107422 -6.918485164642334 0 0 0
v -39.304027557373047 45.846889495849609 -6.413722038269043 0 0 0
v -32.845790863037109 46.495956420898438 -6.7620115280151367 0 0 0
v -45.379550933837891 50.94647216796875 -17.834726333618164 0 0 0
v -34.928291320800781 51.341640472412109 -17.764766693115234 0 0 0
v -52.299365997314453 43.872119903564453 -5.9269900321960449 0 0 0
v -45.403228759765625 45.210689544677734 -6.3404960632324219 0 0 0
v -27.554084777832031 48.975875854492188 -11.412050247192383 0 0 0
v -17.350793838500977 46.891529083251953 -7.1531062126159668 0 0 0
v 5.6998863220214844 35.760028839111328 -30.805404663085938 0 0 0
v 10.096635818481445 33.888824462890625 -29.732503890991211 0 0 0
v 5.7201881408691406 35.098114013671875 -31.340572357177734 0 0 0
v 10.796469688415527 34.298816680908203 -28.890201568603516 0 0 0
v 14.327428817749023 33.205265045166016 -28.543832778930664 0 0 0
v 17.665124893188477 33.106937408447266 -27.880411148071289 0 0 0
v 16.671661376953125 33.678585052490234 -27.426334381103516 0 0 0
v 22.396860122680664 33.890949249267578 -26.84294319152832 0 0 0
v 173.60595703125 32.710727691650391 -12.21103572845459 0 0 0
v 179.18763732910156 32.066478729248047 -11.430249214172363 0 0 0
v 175.38896179199219 35.819038391113281 -12.99302864074707 0 0 0
v 168.07916259765625 37.0107421875 -14.288347244262695 0 0 0
v 179.55519104003906 26.631166458129883 -9.815648078918457 0 0 0
v 183.22979736328125 18.775323867797852 -7.9461202621459961 0 0 0
v 183.86198425292969 24.505142211914062 -9.1149272918701172 0 0 0
v 186.89154052734375 17.21708869934082 -7.7194647789001465 0 0 0
v 169.4161376953125 40.922046661376953 -15.488908767700195 0 0 0
v 159.3096923828125 42.545581817626953 -17.301116943359375 0 0 0
v 188.600341796875 1.4973437786102295 -6.5402250289916992 0 0 0
v 188.18879699707031 9.5385169982910156 -6.8979053497314453 0 0 0
v 186.03720092773438 3.2268459796905518 -6.5649199485778809 0 0 0
v 185.90892028808594 -8.074951171875 -6.6751151084899902 0 0 0
v -6.8651223182678223 40.733528137207031 -32.367359161376953 0 0 0
v -13.289834022521973 41.553462982177734 -33.19329833984375 0 0 0
v -12.54291820526123 45.300777435302734 -33.144798278808594 0 0 0
v -7.253565788269043 44.712875366210938 -32.374073028564453 0 0 0
v -1.9435585737228394 42.745502471923828 -30.956239700317383 0 0 0
v 186.72859191894531 16.6448974609375 -16.086578369140625 0 0 0
v 185.01054382324219 21.078903198242188 -17.239990234375 0 0 0
v 187.87063598632812 21.127504348754883 -15.235852241516113 0 0 0
v 177.61453247070312 30.503761291503906 -21.490570068359375 0 0 0
v 178.48405456542969 34.021224975585938 -20.998884201049805 0 0 0
v 184.40798950195312 27.832599639892578 -17.625762939453125 0 0 0
v 172.1275634765625 34.367073059082031 -24.196727752685547 0 0 0
v 166.57701110839844 37.248886108398438 -26.698646545410156 0 0 0
v 171.11698913574219 39.041877746582031 -24.668325424194336 0 0 0
v 160.31536865234375 43.884231567382812 -29.33021354675293 0 0 0
v -58.900794982910156 41.788822174072266 -5.4660711288452148 0 0 0
v -52.299365997314453 43.872119903564453 -5.9269900321960449 0 0 0
v -58.771595001220703 44.386428833007812 -8.6606225967407227 0 0 0
v -63.058460235595703 40.258632659912109 -5.3137307167053223 0 0 0
v -65.056327819824219 42.778194427490234 -8.9553327560424805 0 0 0
v -72.455474853515625 42.409198760986328 -11.512630462646484 0 0 0
v -73.949600219726562 40.058177947998047 -9.8619632720947266 0 0 0
v -77.723442077636719 44.560493469238281 -16.147254943847656 0 0 0
v -69.755928039550781 45.42315673828125 -13.951274871826172 0 0 0
v -81.396102905273438 34.70452880859375 -9.2011909484863281 0 0 0
v -91.626312255859375 34.021736145019531 -12.680252075195312 0 0 0
v -80.62554931640625 32.778774261474609 -7.8771977424621582 0 0 0
v -93.62957763671875 30.231609344482422 -11.224935531616211 0 0 0
v -82.02313232421875 28.810907363891602 -6.7082633972167969 0 0 0
v -83.886581420898438 36.431819915771484 -11.255072593688965 0 0 0
v -75.242805480957031 37.664981842041016 -8.5224857330322266 0 0 0
v -83.716835021972656 41.571685791015625 -15.508504867553711 0 0 0
v -71.268394470214844 34.687812805175781 -4.6143474578857422 0 0 0
v -74.537307739257812 31.080623626708984 -4.4383997917175293 0 0 0
v -67.276954650878906 37.782115936279297 -4.9264645576477051 0 0 0
v -83.182533264160156 24.884317398071289 -5.9439616203308105 0 0 0
v -77.529800415039062 25.410747528076172 -4.1398706436157227 0 0 0
v -87.861686706542969 38.437263488769531 -14.481889724731445 0 0 0
v 145.15444946289062 44.051021575927734 -35.914836883544922 0 0 0
v 138.59031677246094 45.272983551025391 -33.511154174804688 0 0 0
v 147.13447570800781 43.657684326171875 -32.737758636474609 0 0 0
v 153.00508117675781 42.231819152832031 -34.579536437988281 0 0 0
v 159.97830200195312 39.9920654296875 -29.46412467956543 0 0 0
v 160.30224609375 39.883979797363281 -32.7445068359375 0 0 0
v 153.47772216796875 42.055194854736328 -31.520177841186523 0 0 0
v 154.39117431640625 46.654861450195312 -30.672882080078125 0 0 0
v 151.71638488769531 50.217239379882812 -22.185546875 0 0 0
v 156.72538757324219 48.441993713378906 -21.302324295043945 0 0 0
v 162.02114868164062 46.089229583740234 -19.28668212890625 0 0 0
v 165.70767211914062 42.525180816650391 -26.456724166870117 0 0 0
v 148.12059020996094 49.796825408935547 -27.427194595336914 0 0 0
v 142.48919677734375 52.519443511962891 -23.533647537231445 0 0 0
v 143.39991760253906 49.282196044921875 -32.373321533203125 0 0 0
v 138.17654418945312 50.035652160644531 -33.028068542480469 0 0 0
v 148.80833435058594 48.045665740966797 -31.856843948364258 0 0 0
v 129.56617736816406 54.679813385009766 -24.018146514892578 0 0 0
v 136.58308410644531 53.675521850585938 -23.593757629394531 0 0 0
v 159.44198608398438 45.067916870117188 -28.850883483886719 0 0 0
v 2.2292544841766357 50.003608703613281 -16.092506408691406 0 0 0
v 2.2293827533721924 48.923988342285156 -12.8272705078125 0 0 0
v 9.3067655563354492 49.25225830078125 -15.209720611572266 0 0 0
v 119.53302764892578 55.893939971923828 -24.327020645141602 0 0 0
v 129.56617736816406 54.679813385009766 -24.018146514892578 0 0 0
v 120.76736450195312 52.288223266601562 -33.226524353027344 0 0 0
v 94.645713806152344 58.001907348632812 -24.014566421508789 0 0 0
v 98.142013549804688 53.481967926025391 -33.484020233154297 0 0 0
v 93.381385803222656 53.346195220947266 -33.797275543212891 0 0 0
v 104.51805877685547 55.923191070556641 -27.529714584350586 0 0 0
v 108.92864990234375 52.977378845214844 -33.735084533691406 0 0 0
v 109.17099761962891 56.939567565917969 -24.331802368164062 0 0 0
v 129.64115905761719 51.197971343994141 -33.363945007324219 0 0 0
v 138.17654418945312 50.035652160644531 -33.028068542480469 0 0 0
v 85.396919250488281 53.366313934326172 -33.541278839111328 0 0 0
v 85.574760437011719 58.189876556396484 -24.048343658447266 0 0 0
v -3.4528818130493164 39.178264617919922 -34.867160797119141 0 0 0
v 5.7201881408691406 35.098114013671875 -31.340572357177734 0 0 0
v -1.0136822462081909 37.805679321289062 -34.031108856201172 0 0 0
v 99.065971374511719 48.635955810546875 -37.130290985107422 0 0 0
v 111.15829467773438 48.15283203125 -34.239444732666016 0 0 0
v 116.08560180664062 47.792594909667969 -37.046234130859375 0 0 0
v 85.879875183105469 48.642337799072266 -34.087135314941406 0 0 0
v 85.449234008789062 48.573444366455078 -36.976600646972656 0 0 0
v 73.269622802734375 48.025691986083984 -33.710746765136719 0 0 0
v 129.01051330566406 46.538036346435547 -36.720592498779297 0 0 0
v 125.23164367675781 46.992156982421875 -33.9892578125 0 0 0
v 138.59031677246094 45.272983551025391 -33.511154174804688 0 0 0
v -99.911865234375 16.692365646362305 -21.349519729614258 0 0 0
v -98.168113708496094 26.519857406616211 -23.3587646484375 0 0 0
v -98.074897766113281 22.713922500610352 -23.531660079956055 0 0 0
v -100.40973663330078 20.54078483581543 -20.489269256591797 0 0 0
v -100.69573974609375 12.094443321228027 -20.231147766113281 0 0 0
v -101.83856964111328 10.177329063415527 -18.033651351928711 0 0 0
v -95.40533447265625 31.232204437255859 -25.99150276184082 0 0 0
v -101.30694580078125 -2.2765817642211914 -19.196151733398438 0 0 0
v -101.22768402099609 5.8173093795776367 -19.353342056274414 0 0 0
v -1.5802828073501587 38.948799133300781 -30.796258926391602 0 0 0
v 6.0290656089782715 35.713233947753906 -27.586277008056641 0 0 0
v 5.6998863220214844 35.760028839111328 -30.805404663085938 0 0 0
v 93.83270263671875 57.712692260742188 -23.012632369995117 0 0 0
v 86.833747863769531 55.230873107910156 -19.799772262573242 0 0 0
v 99.666748046875 54.424579620361328 -20.125274658203125 0 0 0
v 109.87612915039062 53.524021148681641 -20.291776657104492 0 0 0
v 102.59918212890625 57.178794860839844 -23.076181411743164 0 0 0
v 119.18740844726562 55.925521850585938 -23.225833892822266 0 0 0
v 124.35044860839844 51.909614562988281 -20.428014755249023 0 0 0
v 134.35391235351562 53.703521728515625 -22.670822143554688 0 0 0
v 139.81069946289062 49.525962829589844 -20.294042587280273 0 0 0
v 169.97994995117188 40.436412811279297 -24.541112899780273 0 0 0
v 165.70767211914062 42.525180816650391 -26.456724166870117 0 0 0
v 168.50398254394531 42.021041870117188 -19.984127044677734 0 0 0
v 181.14210510253906 31.715784072875977 -15.044827461242676 0 0 0
v 184.39083862304688 28.498037338256836 -16.695535659790039 0 0 0
v 180.15589904785156 33.335075378417969 -19.37689208984375 0 0 0
v 183.86712646484375 26.650251388549805 -10.499225616455078 0 0 0
v 187.13392639160156 23.820339202880859 -14.984004020690918 0 0 0
v 186.77827453613281 20.238414764404297 -9.0863533020019531 0 0 0
v 187.95938110351562 16.011390686035156 -8.3244867324829102 0 0 0
v 190.04725646972656 15.730497360229492 -13.021653175354004 0 0 0
v 189.54002380371094 5.4482030868530273 -7.4698176383972168 0 0 0
v 191.28782653808594 6.1069555282592773 -11.554094314575195 0 0 0
v 190.64649963378906 11.253377914428711 -11.63067626953125 0 0 0
v 191.46893310546875 0.0051246015354990959 -11.358316421508789 0 0 0
v 188.02447509765625 21.54728889465332 -13.796706199645996 0 0 0
v 185.12728881835938 23.784101486206055 -9.4730224609375 0 0 0
v 188.86798095703125 10.657356262207031 -7.6101875305175781 0 0 0
v 175.23910522460938 37.306991577148438 -21.978628158569336 0 0 0
v 174.84844970703125 37.682548522949219 -18.323768615722656 0 0 0
v 162.02114868164062 46.089229583740234 -19.28668212890625 0 0 0
v 169.35255432128906 41.717254638671875 -16.423582077026367 0 0 0
v 174.50105285644531 37.741630554199219 -14.275222778320312 0 0 0
v 177.705322265625 34.769088745117188 -13.238914489746094 0 0 0
v 181.31053161621094 30.343217849731445 -11.19945240020752 0 0 0
v 189.51072692871094 -2.7425577640533447 -7.1452178955078125 0 0 0
v 90.526908874511719 48.078548431396484 -37.657188415527344 0 0 0
v 82.946098327636719 -47.863140106201172 -37.498931884765625 0 0 0
v 82.066108703613281 47.847438812255859 -37.479496002197266 0 0 0
v 126.65673828125 -45.665115356445312 -37.419109344482422 0 0 0
v 126.67697143554688 46.269519805908203 -37.420867919921875 0 0 0
v 135.14456176757812 45.227771759033203 -37.112838745117188 0 0 0
v 118.58852386474609 46.74005126953125 -37.616180419921875 0 0 0
v 111.68544006347656 0.00057086942251771688 -37.713405609130859 0 0 0
v 108.73780822753906 47.673393249511719 -37.739467620849609 0 0 0
v 98.923980712890625 47.754890441894531 -37.749240875244141 0 0 0
v 106.71503448486328 -47.770164489746094 -37.754161834716797 0 0 0
v 75.930862426757812 14.134796142578125 -37.274993896484375 0 0 0
v 72.022407531738281 47.298023223876953 -37.112003326416016 0 0 0
v -98.029273986816406 9.6793060302734375 -7.7139091491699219 0 0 0
v -93.22686767578125 6.3899807929992676 -6.4223580360412598 0 0 0
v -94.119583129882812 13.392183303833008 -6.9637632369995117 0 0 0
v -96.541862487792969 22.305326461791992 -9.1292181015014648 0 0 0
v -86.564521789550781 22.803287506103516 -6.4741978645324707 0 0 0
v -95.528289794921875 26.423580169677734 -10.185112953186035 0 0 0
v -86.244529724121094 5.9263324737548828 -4.963778018951416 0 0 0
v -86.777252197265625 12.927984237670898 -5.3128032684326172 0 0 0
v -78.805923461914062 22.126676559448242 -4.050051212310791 0 0 0
v -77.529800415039062 25.410747528076172 -4.1398706436157227 0 0 0
v -83.182533264160156 24.884317398071289 -5.9439616203308105 0 0 0
v -97.137603759765625 17.911655426025391 -8.3014936447143555 0 0 0
v -86.08660888671875 -6.2616100311279297 -4.9324569702148438 0 0 0
v -82.265525817871094 3.206690788269043 -3.9737582206726074 0 0 0
v -81.6373291015625 10.858895301818848 -3.9762599468231201 0 0 0
v -80.535682678222656 16.104333877563477 -3.9909756183624268 0 0 0
v -84.494667053222656 17.819911956787109 -5.1841950416564941 0 0 0
v -12.54291820526123 45.300777435302734 -33.144798278808594 0 0 0
v -13.289834022521973 41.553462982177734 -33.19329833984375 0 0 0
v -29.535795211791992 45.607257843017578 -33.513908386230469 0 0 0
v -40.578384399414062 41.655555725097656 -33.546871185302734 0 0 0
v -52.490097045898438 45.222236633300781 -33.409885406494141 0 0 0
v -58.598255157470703 40.909320831298828 -33.301429748535156 0 0 0
v -68.109291076660156 43.800983428955078 -32.989414215087891 0 0 0
v 159.97830200195312 39.9920654296875 -29.46412467956543 0 0 0
v 154.48684692382812 41.767307281494141 -31.251256942749023 0 0 0
v 160.31536865234375 43.884231567382812 -29.33021354675293 0 0 0
v 153.312255859375 45.975341796875 -31.491279602050781 0 0 0
v 147.52938842773438 43.577232360839844 -32.677333831787109 0 0 0
v -37.411712646484375 40.757762908935547 -37.036823272705078 0 0 0
v -25.582595825195312 41.118408203125 -36.949951171875 0 0 0
v -29.147293090820312 0.00057086942251771688 -36.989448547363281 0 0 0
v -17.356647491455078 49.238304138183594 -11.77431583404541 0 0 0
v -8.5293292999267578 49.076381683349609 -11.683121681213379 0 0 0
v -17.356573104858398 50.646671295166016 -15.16353702545166 0 0 0
v -10.02352237701416 50.181983947753906 -14.121294975280762 0 0 0
v -17.356243133544922 51.538032531738281 -17.975774765014648 0 0 0
v -9.2662220001220703 51.1619873046875 -16.987348556518555 0 0 0
v 2.2219417095184326 48.916027069091797 -12.72935676574707 0 0 0
v -17.350793838500977 46.891529083251953 -7.1531062126159668 0 0 0
v -8.0724477767944336 46.920696258544922 -7.5945329666137695 0 0 0
v 2.2330322265625 46.758049011230469 -8.1879281997680664 0 0 0
v 23.682762145996094 48.234050750732422 -13.844230651855469 0 0 0
v 9.3067655563354492 49.25225830078125 -15.209720611572266 0 0 0
v 16.266658782958984 47.300891876220703 -10.969904899597168 0 0 0
v 34.699512481689453 47.075294494628906 -11.996994018554688 0 0 0
v 35.350372314453125 48.331554412841797 -14.07005786895752 0 0 0
v 28.168676376342773 48.125045776367188 -13.685493469238281 0 0 0
v 43.419239044189453 49.397876739501953 -15.069779396057129 0 0 0
v 2.2293827533721924 48.923988342285156 -12.8272705078125 0 0 0
v 26.500240325927734 45.76849365234375 -9.3689460754394531 0 0 0
v 2.2330322265625 46.758049011230469 -8.1879281997680664 0 0 0
v 20.399906158447266 46.146797180175781 -9.1987819671630859 0 0 0
v 35.814472198486328 45.676628112792969 -10.153170585632324 0 0 0
v 5.6998863220214844 35.760028839111328 -30.805404663085938 0 0 0
v -3.4528818130493164 39.178264617919922 -34.867160797119141 0 0 0
v -4.228766918182373 39.974224090576172 -34.581989288330078 0 0 0
v 150.11512756347656 50.147140502929688 -21.177568435668945 0 0 0
v 146.55178833007812 47.838748931884766 -19.830913543701172 0 0 0
v 152.87322998046875 45.756404876708984 -18.925365447998047 0 0 0
v 139.81069946289062 49.525962829589844 -20.294042587280273 0 0 0
v 143.97918701171875 51.723670959472656 -21.949064254760742 0 0 0
v 169.4161376953125 40.922046661376953 -15.488908767700195 0 0 0
v 158.85383605957031 47.083984375 -19.303537368774414 0 0 0
v 159.3096923828125 42.545581817626953 -17.301116943359375 0 0 0
v -101.05873107910156 16.52849006652832 -23.372840881347656 0 0 0
v -102.12545013427734 9.9703178405761719 -21.719287872314453 0 0 0
v -100.32364654541016 14.545897483825684 -20.788240432739258 0 0 0
v -99.272911071777344 19.196039199829102 -22.155069351196289 0 0 0
v -99.711746215820312 20.796106338500977 -24.775674819946289 0 0 0
v -97.422805786132812 24.015653610229492 -24.15751838684082 0 0 0
v -102.49656677246094 2.8509504795074463 -21.138845443725586 0 0 0
v -101.30694580078125 -2.2765817642211914 -19.196151733398438 0 0 0
v -101.25311279296875 4.1265501976013184 -19.279346466064453 0 0 0
v -100.9498291015625 9.8751621246337891 -19.833591461181641 0 0 0
v 28.370460510253906 34.919414520263672 -24.421295166015625 0 0 0
v 24.335514068603516 34.222545623779297 -23.917236328125 0 0 0
v 23.840826034545898 38.210201263427734 -23.835609436035156 0 0 0
v 10.329401016235352 34.469966888427734 -25.870645523071289 0 0 0
v 9.4607200622558594 38.656021118164062 -26.16368293762207 0 0 0
v 15.70761775970459 38.426300048828125 -24.338884353637695 0 0 0
v 33.009365081787109 35.9744873046875 -25.427518844604492 0 0 0
v 29.151691436767578 39.188117980957031 -24.551464080810547 0 0 0
v 18.990333557128906 33.746345520019531 -23.922861099243164 0 0 0
v 14.475432395935059 33.887901306152344 -24.687713623046875 0 0 0
v 18.61070442199707 37.849132537841797 -23.976947784423828 0 0 0
v 6.0290656089782715 35.713233947753906 -27.586277008056641 0 0 0
v 29.660379409790039 40.304294586181641 -23.963623046875 0 0 0
v 34.560039520263672 41.486186981201172 -25.203977584838867 0 0 0
v 29.151691436767578 39.188117980957031 -24.551464080810547 0 0 0
v 23.840826034545898 38.210201263427734 -23.835609436035156 0 0 0
v 18.61070442199707 37.849132537841797 -23.976947784423828 0 0 0
v 20.671606063842773 38.979694366455078 -23.417158126831055 0 0 0
v 5.1908683776855469 45.052509307861328 -23.527057647705078 0 0 0
v 6.6803221702575684 42.809284210205078 -25.050912857055664 0 0 0
v 2.793971061706543 41.761989593505859 -28.612525939941406 0 0 0
v 4.9115338325500488 49.308235168457031 -17.485084533691406 0 0 0
v 13.272525787353516 48.734455108642578 -16.063007354736328 0 0 0
v 10.624650001525879 47.405124664306641 -18.488958358764648 0 0 0
v -80.214286804199219 41.121364593505859 -31.923313140869141 0 0 0
v -75.887908935546875 38.720382690429688 -32.49957275390625 0 0 0
v -82.971549987792969 36.740646362304688 -31.441549301147461 0 0 0
v -74.539825439453125 42.878200531005859 -32.586673736572266 0 0 0
v -69.371971130371094 39.815841674804688 -32.955249786376953 0 0 0
v -88.076225280761719 34.31134033203125 -30.005241394042969 0 0 0
v -88.849662780761719 37.226512908935547 -29.697870254516602 0 0 0
v -68.109291076660156 43.800983428955078 -32.989414215087891 0 0 0
v -91.880706787109375 31.620584487915039 -28.352069854736328 0 0 0
v -95.058967590332031 28.092737197875977 -26.274745941162109 0 0 0
v -95.40533447265625 31.232204437255859 -25.99150276184082 0 0 0
v -92.430000305175781 34.477519989013672 -28.042531967163086 0 0 0
v -98.074897766113281 22.713922500610352 -23.531660079956055 0 0 0
v -72.308242797851562 38.805469512939453 -36.247123718261719 0 0 0
v -76.066276550292969 37.750888824462891 -35.889377593994141 0 0 0
v -81.163253784179688 36.975898742675781 -35.087741851806641 0 0 0
v -67.75030517578125 39.966167449951172 -35.941535949707031 0 0 0
v -67.348731994628906 39.339248657226562 -36.505954742431641 0 0 0
v -74.859931945800781 38.929256439208984 -35.317333221435547 0 0 0
v -82.046188354492188 37.112064361572266 -34.288875579833984 0 0 0
v 67.527267456054688 53.694450378417969 -17.967206954956055 0 0 0
v 76.785140991210938 54.973941802978516 -19.104564666748047 0 0 0
v 70.975273132324219 57.401103973388672 -22.16984748840332 0 0 0
v 80.116119384765625 58.184078216552734 -22.855106353759766 0 0 0
v 64.172622680664062 55.919136047363281 -20.979099273681641 0 0 0
v 51.424671173095703 51.389610290527344 -17.057653427124023 0 0 0
v 50.997768402099609 48.316963195800781 -13.387900352478027 0 0 0
v -41.147262573242188 46.356483459472656 -32.922943115234375 0 0 0
v -29.535795211791992 45.607257843017578 -33.513908386230469 0 0 0
v -52.490097045898438 45.222236633300781 -33.409885406494141 0 0 0
v -57.776618957519531 45.663227081298828 -32.572731018066406 0 0 0
v -46.994213104248047 46.4464111328125 -32.269378662109375 0 0 0
v -24.682512283325195 46.474990844726562 -32.804553985595703 0 0 0
v -13.203492164611816 46.284412384033203 -32.626853942871094 0 0 0
v -66.427970886230469 44.833023071289062 -32.480602264404297 0 0 0
v -69.781211853027344 47.689670562744141 -17.368076324462891 0 0 0
v -74.386039733886719 46.395366668701172 -18.112680435180664 0 0 0
v -77.818206787109375 45.154617309570312 -17.507678985595703 0 0 0
v -77.723442077636719 44.560493469238281 -16.147254943847656 0 0 0
v -80.567108154296875 43.888576507568359 -17.183322906494141 0 0 0
v -83.716835021972656 41.571685791015625 -15.508504867553711 0 0 0
v -62.566341400146484 49.200954437255859 -18.545597076416016 0 0 0
v -59.735977172851562 49.511878967285156 -17.438730239868164 0 0 0
v 49.443534851074219 45.879966735839844 -30.488372802734375 0 0 0
v 43.324016571044922 39.466991424560547 -28.617612838745117 0 0 0
v 35.331142425537109 40.734725952148438 -26.055723190307617 0 0 0
v 33.009365081787109 35.9744873046875 -25.427518844604492 0 0 0
v -34.928291320800781 51.341640472412109 -17.764766693115234 0 0 0
v -39.938533782958984 51.174022674560547 -18.913608551025391 0 0 0
v -45.379550933837891 50.94647216796875 -17.834726333618164 0 0 0
v -17.356243133544922 51.538032531738281 -17.975774765014648 0 0 0
v -28.578584671020508 51.457191467285156 -18.697614669799805 0 0 0
v -69.781211853027344 47.689670562744141 -17.368076324462891 0 0 0
v -63.385932922363281 47.491600036621094 -14.747613906860352 0 0 0
v -59.735977172851562 49.511878967285156 -17.438730239868164 0 0 0
v -29.307897567749023 50.525417327880859 -15.032120704650879 0 0 0
v 26.115318298339844 33.608554840087891 -27.603271484375 0 0 0
v 24.148260116577148 -33.408927917480469 -27.489070892333984 0 0 0
v 23.68476676940918 33.444091796875 -27.487174987792969 0 0 0
v 33.151153564453125 -15.552454948425293 -28.678354263305664 0 0 0
v 33.501338958740234 35.538768768310547 -28.774755477905273 0 0 0
v 37.953659057617188 36.810771942138672 -29.94099235534668 0 0 0
v 29.393251419067383 34.271461486816406 -27.963249206542969 0 0 0
v 29.921220779418945 -15.324066162109375 -28.067985534667969 0 0 0
v 37.767120361328125 -19.038246154785156 -29.905464172363281 0 0 0
v 21.170612335205078 33.064128875732422 -27.544658660888672 0 0 0
v 17.84466552734375 -33.068523406982422 -27.867698669433594 0 0 0
v 17.665124893188477 33.106937408447266 -27.880411148071289 0 0 0
v 20.686880111694336 -33.055282592773438 -27.565526962280273 0 0 0
v 14.853322982788086 -33.113788604736328 -28.417060852050781 0 0 0
v 14.327428817749023 33.205265045166016 -28.543832778930664 0 0 0
v 11.719844818115234 -33.580265045166016 -29.220849990844727 0 0 0
v 39.002742767333984 -37.287483215332031 -30.251317977905273 0 0 0
v 27.625614166259766 -34.144783020019531 -27.746286392211914 0 0 0
v 7.3563694953918457 -34.449077606201172 -30.704933166503906 0 0 0
v 5.7201881408691406 35.098114013671875 -31.340572357177734 0 0 0
v 10.096635818481445 33.888824462890625 -29.732503890991211 0 0 0
v -95.40533447265625 31.232204437255859 -25.99150276184082 0 0 0
v -95.871246337890625 31.32878303527832 -24.78380012512207 0 0 0
v -92.430000305175781 34.477519989013672 -28.042531967163086 0 0 0
v -89.622100830078125 37.526832580566406 -28.722257614135742 0 0 0
v -92.587425231933594 35.170700073242188 -27.133588790893555 0 0 0
v -85.32855224609375 39.272491455078125 -30.80632209777832 0 0 0
v -88.849662780761719 37.226512908935547 -29.697870254516602 0 0 0
v -85.392578125 39.995185852050781 -29.962320327758789 0 0 0
v -100.40973663330078 20.54078483581543 -20.489269256591797 0 0 0
v -98.901222229003906 25.337638854980469 -21.475042343139648 0 0 0
v -98.168113708496094 26.519857406616211 -23.3587646484375 0 0 0
v -95.871246337890625 31.32878303527832 -24.78380012512207 0 0 0
v -95.40533447265625 31.232204437255859 -25.99150276184082 0 0 0
v -91.013771057128906 35.839118957519531 -14.265596389770508 0 0 0
v -93.869873046875 31.658220291137695 -12.490239143371582 0 0 0
v -91.626312255859375 34.021736145019531 -12.680252075195312 0 0 0
v -85.426002502441406 41.002399444580078 -16.260622024536133 0 0 0
v -88.365234375 38.63629150390625 -15.51315975189209 0 0 0
v -87.861686706542969 38.437263488769531 -14.481889724731445 0 0 0
v -96.541862487792969 22.305326461791992 -9.1292181015014648 0 0 0
v -97.944938659667969 19.713909149169922 -9.4978313446044922 0 0 0
v -97.137603759765625 17.911655426025391 -8.3014936447143555 0 0 0
v -97.213150024414062 23.202177047729492 -10.182063102722168 0 0 0
v -95.528289794921875 26.423580169677734 -10.185112953186035 0 0 0
v -95.844940185546875 27.521963119506836 -11.386750221252441 0 0 0
v -97.213150024414062 23.202177047729492 -10.182063102722168 0 0 0
v -96.541862487792969 22.305326461791992 -9.1292181015014648 0 0 0
v -93.869873046875 31.658220291137695 -12.490239143371582 0 0 0
v -93.62957763671875 30.231609344482422 -11.224935531616211 0 0 0
v -91.626312255859375 34.021736145019531 -12.680252075195312 0 0 0
v -77.298294067382812 38.42022705078125 -32.343025207519531 0 0 0
v -69.339340209960938 39.822807312011719 -32.938430786132812 0 0 0
v -74.859931945800781 38.929256439208984 -35.317333221435547 0 0 0
v -83.869728088378906 36.355808258056641 -31.200008392333984 0 0 0
v -82.046188354492188 37.112064361572266 -34.288875579833984 0 0 0
v -57.57684326171875 40.945823669433594 -36.140201568603516 0 0 0
v -67.75030517578125 39.966167449951172 -35.941535949707031 0 0 0
v -58.598255157470703 40.909320831298828 -33.301429748535156 0 0 0
v -88.077217102050781 34.291973114013672 -29.96306037902832 0 0 0
v -87.634262084960938 34.767204284667969 -32.683189392089844 0 0 0
v -97.816368103027344 24.878726959228516 -26.629098892211914 0 0 0
v -97.422805786132812 24.015653610229492 -24.15751838684082 0 0 0
v -94.692146301269531 28.612773895263672 -26.569355010986328 0 0 0
v -95.05413818359375 29.013803482055664 -28.977909088134766 0 0 0
v -93.780593872070312 29.805391311645508 -30.526893615722656 0 0 0
v -96.93963623046875 26.022670745849609 -28.225288391113281 0 0 0
v -91.563377380371094 32.282600402832031 -31.146718978881836 0 0 0
v -87.634262084960938 34.767204284667969 -32.683189392089844 0 0 0
v -90.664230346679688 32.470993041992188 -32.158027648925781 0 0 0
v -81.082176208496094 41.736423492431641 -31.123348236083984 0 0 0
v -80.214286804199219 41.121364593505859 -31.923313140869141 0 0 0
v -85.32855224609375 39.272491455078125 -30.80632209777832 0 0 0
v -74.539825439453125 42.878200531005859 -32.586673736572266 0 0 0
v -66.427970886230469 44.833023071289062 -32.480602264404297 0 0 0
v -64.107933044433594 46.565349578857422 -27.364580154418945 0 0 0
v -57.776618957519531 45.663227081298828 -32.572731018066406 0 0 0
v -50.3494873046875 49.293067932128906 -23.283298492431641 0 0 0
v -39.938533782958984 51.174022674560547 -18.913608551025391 0 0 0
v -37.794757843017578 50.056644439697266 -22.808660507202148 0 0 0
v -32.910629272460938 47.9639892578125 -29.067108154296875 0 0 0
v -24.367450714111328 49.863681793212891 -23.818881988525391 0 0 0
v -24.682512283325195 46.474990844726562 -32.804553985595703 0 0 0
v -28.578584671020508 51.457191467285156 -18.697614669799805 0 0 0
v -41.147262573242188 46.356483459472656 -32.922943115234375 0 0 0
v -46.994213104248047 46.4464111328125 -32.269378662109375 0 0 0
v -17.356243133544922 51.538032531738281 -17.975774765014648 0 0 0
v -13.764059066772461 49.454288482666016 -24.69166374206543 0 0 0
v -13.203492164611816 46.284412384033203 -32.626853942871094 0 0 0
v -52.573184967041016 50.418617248535156 -18.950220108032227 0 0 0
v -37.411712646484375 40.757762908935547 -37.036823272705078 0 0 0
v -56.567676544189453 40.392311096191406 -36.824752807617188 0 0 0
v -46.061851501464844 41.048099517822266 -36.848526000976562 0 0 0
v -25.582595825195312 41.118408203125 -36.949951171875 0 0 0
v -43.237026214599609 41.533885955810547 -36.502433776855469 0 0 0
v -57.57684326171875 40.945823669433594 -36.140201568603516 0 0 0
v -14.694331169128418 40.869491577148438 -36.722774505615234 0 0 0
v -17.362277984619141 41.572673797607422 -36.287517547607422 0 0 0
v -67.75030517578125 39.966167449951172 -35.941535949707031 0 0 0
v -32.22833251953125 41.71429443359375 -36.126888275146484 0 0 0
v -99.711746215820312 20.796106338500977 -24.775674819946289 0 0 0
v -100.42538452148438 18.410140991210938 -24.769369125366211 0 0 0
v -101.05873107910156 16.52849006652832 -23.372840881347656 0 0 0
v -97.816368103027344 24.878726959228516 -26.629098892211914 0 0 0
v -99.0069580078125 22.28978157043457 -26.291206359863281 0 0 0
v -102.20691680908203 9.6572113037109375 -22.531064987182617 0 0 0
v -96.93963623046875 26.022670745849609 -28.225288391113281 0 0 0
v -80.328742980957031 15.65526294708252 -35.332866668701172 0 0 0
v -84.046134948730469 20.380062103271484 -34.536327362060547 0 0 0
v -77.349700927734375 18.02842903137207 -35.759757995605469 0 0 0
v -72.308242797851562 38.805469512939453 -36.247123718261719 0 0 0
v -76.066276550292969 37.750888824462891 -35.889377593994141 0 0 0
v -81.163253784179688 36.975898742675781 -35.087741851806641 0 0 0
v -85.713088989257812 35.170234680175781 -33.987380981445312 0 0 0
v -81.627227783203125 26.965576171875 -35.045574188232422 0 0 0
v -88.4293212890625 33.408187866210938 -33.100128173828125 0 0 0
v -90.664230346679688 32.470993041992188 -32.158027648925781 0 0 0
v -89.581779479980469 20.225700378417969 -32.703620910644531 0 0 0
v -93.780593872070312 29.805391311645508 -30.526893615722656 0 0 0
v -86.382156372070312 24.408243179321289 -33.870571136474609 0 0 0
v -92.300743103027344 21.364360809326172 -31.394613265991211 0 0 0
v -96.93963623046875 26.022670745849609 -28.225288391113281 0 0 0
v -94.147216796875 20.221426010131836 -30.30189323425293 0 0 0
v -94.632286071777344 -20.571079254150391 -29.980609893798828 0 0 0
v -102.12545013427734 9.9703178405761719 -21.719287872314453 0 0 0
v -101.05873107910156 16.52849006652832 -23.372840881347656 0 0 0
v -102.20691680908203 9.6572113037109375 -22.531064987182617 0 0 0
v -102.61996459960938 -4.6255526542663574 -21.547941207885742 0 0 0
v -102.49656677246094 2.8509504795074463 -21.138845443725586 0 0 0
v 125.38965606689453 51.150497436523438 -20.476747512817383 0 0 0
v 124.94682312011719 49.374732971191406 -23.521673202514648 0 0 0
v 136.68302917480469 47.996368408203125 -23.510128021240234 0 0 0
v 86.365928649902344 54.637805938720703 -19.699136734008789 0 0 0
v 84.391159057617188 52.565242767333984 -22.919252395629883 0 0 0
v 101.29261016845703 53.703357696533203 -20.107316970825195 0 0 0
v 67.586692810058594 52.828159332275391 -18.040945053100586 0 0 0
v 64.562698364257812 51.118106842041016 -21.875692367553711 0 0 0
v 68.818656921386719 51.934371948242188 -22.311687469482422 0 0 0
v 61.683185577392578 51.219150543212891 -16.517063140869141 0 0 0
v 59.106048583984375 49.407073974609375 -20.973161697387695 0 0 0
v 54.509796142578125 47.797031402587891 -17.874214172363281 0 0 0
v 46.400650024414062 43.984592437744141 -17.576755523681641 0 0 0
v 54.509796142578125 47.797031402587891 -17.874214172363281 0 0 0
v 61.683185577392578 51.219150543212891 -16.517063140869141 0 0 0
v 53.467025756835938 48.436412811279297 -14.070892333984375 0 0 0
v 28.623079299926758 41.57568359375 -12.415549278259277 0 0 0
v 18.071073532104492 43.641048431396484 -10.934919357299805 0 0 0
v 25.082267761230469 40.07708740234375 -13.360849380493164 0 0 0
v 36.040145874023438 42.705558776855469 -12.704904556274414 0 0 0
v 30.449953079223633 39.948532104492188 -14.010486602783203 0 0 0
v 35.326953887939453 40.616527557373047 -14.906682968139648 0 0 0
v 47.613258361816406 46.618255615234375 -12.732466697692871 0 0 0
v 39.355121612548828 41.587482452392578 -15.776139259338379 0 0 0
v 46.400650024414062 43.984592437744141 -17.576755523681641 0 0 0
v 8.6757307052612305 42.237468719482422 -12.709711074829102 0 0 0
v 7.0981965065002441 44.232437133789062 -10.556694984436035 0 0 0
v 21.108270645141602 45.423664093017578 -9.1553459167480469 0 0 0
v 30.722249984741211 45.141384124755859 -9.5583066940307617 0 0 0
v 36.059562683105469 45.129486083984375 -10.121726036071777 0 0 0
v -15.543400764465332 43.414035797119141 -11.855159759521484 0 0 0
v 2.7952225208282471 46.064510345458984 -8.1951942443847656 0 0 0
v -69.763961791992188 34.548675537109375 -7.9450640678405762 0 0 0
v -63.20611572265625 38.805889129638672 -12.227418899536133 0 0 0
v -66.459709167480469 37.604091644287109 -5.2618927955627441 0 0 0
v -71.472259521484375 32.490962982177734 -8.6338682174682617 0 0 0
v -66.4222412109375 35.996177673339844 -12.577851295471191 0 0 0
v -72.950859069824219 29.745691299438477 -9.8287820816040039 0 0 0
v -69.518569946289062 31.889312744140625 -12.816132545471191 0 0 0
v -74.185157775878906 30.802980422973633 -4.6420559883117676 0 0 0
v -70.022781372070312 34.974639892578125 -4.9794926643371582 0 0 0
v -78.505661010742188 12.482412338256836 -8.4310026168823242 0 0 0
v -80.535682678222656 16.104333877563477 -3.9909756183624268 0 0 0
v -81.623069763183594 6.2502803802490234 -4.1645302772521973 0 0 0
v -77.450904846191406 19.458345413208008 -8.3906936645507812 0 0 0
v -77.529800415039062 25.410747528076172 -4.1398706436157227 0 0 0
v -76.078140258789062 24.24211311340332 -8.4699993133544922 0 0 0
v -74.12603759765625 29.466552734375 -7.3405289649963379 0 0 0
v -79.306625366210938 4.5915923118591309 -8.1639375686645508 0 0 0
v -76.657135009765625 4.9167141914367676 -12.25450611114502 0 0 0
v -72.320152282714844 27.170909881591797 -12.758033752441406 0 0 0
v -72.950859069824219 29.745691299438477 -9.8287820816040039 0 0 0
v -74.352577209472656 21.324653625488281 -12.533679008483887 0 0 0
v -78.805923461914062 22.126676559448242 -4.050051212310791 0 0 0
v -74.185157775878906 30.802980422973633 -4.6420559883117676 0 0 0
v -71.472259521484375 32.490962982177734 -8.6338682174682617 0 0 0
v -42.607933044433594 43.281944274902344 -11.469711303710938 0 0 0
v -32.249114990234375 43.628776550292969 -11.504952430725098 0 0 0
v -32.86199951171875 45.716255187988281 -6.6722583770751953 0 0 0
v -55.978420257568359 41.589866638183594 -11.737641334533691 0 0 0
v -50.090782165527344 42.610267639160156 -11.549210548400879 0 0 0
v -51.042701721191406 43.416725158691406 -6.0787768363952637 0 0 0
v -57.317241668701172 41.675067901611328 -5.9111127853393555 0 0 0
v -61.691684722900391 40.034618377685547 -5.6241493225097656 0 0 0
v -60.406051635742188 40.287731170654297 -11.993643760681152 0 0 0
v -43.334430694580078 -44.714836120605469 -6.3388009071350098 0 0 0
v -42.311500549316406 -45.589496612548828 -6.329857349395752 0 0 0
v -35.705562591552734 -45.50177001953125 -6.5956873893737793 0 0 0
v -27.00537109375 -46.466724395751953 -6.8054113388061523 0 0 0
v -32.947219848632812 -46.493198394775391 -6.7598648071289062 0 0 0
v -22.861093521118164 -46.933769226074219 -7.1472115516662598 0 0 0
v -25.576488494873047 -46.049407958984375 -6.9235324859619141 0 0 0
v -14.045524597167969 -46.344234466552734 -7.2994050979614258 0 0 0
v -17.354232788085938 -46.964279174804688 -7.260291576385498 0 0 0
v -9.6600513458251953 -46.937965393066406 -7.5051469802856445 0 0 0
v 6.7293047904968262 -46.024925231933594 -8.3818244934082031 0 0 0
v -58.913394927978516 -41.857002258300781 -5.5015406608581543 0 0 0
v -51.572364807128906 -44.083099365234375 -5.9785957336425781 0 0 0
v -50.720626831054688 -43.501663208007812 -6.0849127769470215 0 0 0
v -57.677463531494141 -41.585098266601562 -5.8212299346923828 0 0 0
v -67.44635009765625 -37.665840148925781 -4.8782377243041992 0 0 0
v -61.679988861083984 -40.070335388183594 -5.5408525466918945 0 0 0
v -66.653221130371094 -37.449970245361328 -5.197993278503418 0 0 0
v -70.017692565917969 -34.977916717529297 -4.9781308174133301 0 0 0
v -73.895408630371094 -32.131153106689453 -4.5492115020751953 0 0 0
v -70.017692565917969 -34.977916717529297 -4.9781308174133301 0 0 0
v -73.456901550292969 -31.63789176940918 -4.6350092887878418 0 0 0
v -73.895408630371094 -32.131153106689453 -4.5492115020751953 0 0 0
v -73.456901550292969 -31.63789176940918 -4.6350092887878418 0 0 0
v -76.261497497558594 -27.629934310913086 -4.4926300048828125 0 0 0
v -76.122039794921875 -28.914518356323242 -4.349031925201416 0 0 0
v -80.886878967285156 -16.186378479003906 -4.0335488319396973 0 0 0
v -79.097198486328125 -22.371978759765625 -4.1491565704345703 0 0 0
v -80.09820556640625 -17.430885314941406 -4.2019157409667969 0 0 0
v -82.01531982421875 -6.6358351707458496 -3.9627265930175781 0 0 0
v -81.250343322753906 -9.8410215377807617 -4.2415695190429688 0 0 0
v 154.52456665039062 -44.929195404052734 -18.536134719848633 0 0 0
v 160.49378967285156 -41.887054443359375 -16.907566070556641 0 0 0
v 158.94694519042969 -42.17315673828125 -17.617753982543945 0 0 0
v 154.30235290527344 -44.38677978515625 -18.718921661376953 0 0 0
v 149.55337524414062 -46.274662017822266 -19.552968978881836 0 0 0
v 147.25270080566406 -47.682106018066406 -19.782371520996094 0 0 0
v 115.97039794921875 -52.880950927734375 -20.366434097290039 0 0 0
v 136.50668334960938 -50.207260131835938 -20.400224685668945 0 0 0
v 119.88018798828125 -51.870815277099609 -20.458545684814453 0 0 0
v 101.30984497070312 -53.694602966308594 -20.116109848022461 0 0 0
v 100.15053558349609 -54.369823455810547 -20.120719909667969 0 0 0
v 86.039413452148438 -54.638751983642578 -19.698720932006836 0 0 0
v 80.970413208007812 -55.271411895751953 -19.514369964599609 0 0 0
v 91.670120239257812 -55.004619598388672 -19.97187614440918 0 0 0
v 147.25270080566406 -47.682106018066406 -19.782371520996094 0 0 0
v 149.55337524414062 -46.274662017822266 -19.552968978881836 0 0 0
v 144.68792724609375 -47.751144409179688 -20.127655029296875 0 0 0
v 136.50668334960938 -50.207260131835938 -20.400224685668945 0 0 0
v 41.690177917480469 -45.652961730957031 -11.053132057189941 0 0 0
v 36.057769775390625 -45.132125854492188 -10.090246200561523 0 0 0
v 35.964847564697266 -45.702896118164062 -10.190743446350098 0 0 0
v 44.877510070800781 -46.721420288085938 -11.760537147521973 0 0 0
v 52.822513580322266 -48.122341156005859 -14.125578880310059 0 0 0
v 62.990650177001953 -51.615818023681641 -16.874313354492188 0 0 0
v 57.322822570800781 -49.344520568847656 -16.639108657836914 0 0 0
v 51.493820190429688 -48.478687286376953 -13.52821159362793 0 0 0
v 62.990650177001953 -51.615818023681641 -16.874313354492188 0 0 0
v 48.114425659179688 -46.893619537353516 -12.614959716796875 0 0 0
v 185.65377807617188 -4.0331869125366211 -6.9358444213867188 0 0 0
v 184.72518920898438 -12.61332893371582 -7.3970589637756348 0 0 0
v 185.90892028808594 -8.074951171875 -6.6751151084899902 0 0 0
v 86.039413452148438 -54.638751983642578 -19.698720932006836 0 0 0
v 75.543144226074219 -54.827312469482422 -18.975879669189453 0 0 0
v 80.970413208007812 -55.271411895751953 -19.514369964599609 0 0 0
v 168.54202270507812 -36.488704681396484 -14.380303382873535 0 0 0
v 164.41612243652344 -39.101573944091797 -15.834399223327637 0 0 0
v 167.48403930664062 -37.810249328613281 -14.616997718811035 0 0 0
v 174.60395812988281 -32.380702972412109 -11.941604614257812 0 0 0
v 160.49378967285156 -41.887054443359375 -16.907566070556641 0 0 0
v 30.746131896972656 -45.156558990478516 -9.5498323440551758 0 0 0
v 6.7293047904968262 -46.024925231933594 -8.3818244934082031 0 0 0
v 20.014621734619141 -46.114448547363281 -9.1035451889038086 0 0 0
v 2.2327969074249268 -46.782508850097656 -8.2164287567138672 0 0 0
v 35.964847564697266 -45.702896118164062 -10.190743446350098 0 0 0
v 36.057769775390625 -45.132125854492188 -10.090246200561523 0 0 0
v 26.36131477355957 -45.816799163818359 -9.4100885391235352 0 0 0
v 62.990650177001953 -51.615818023681641 -16.874313354492188 0 0 0
v 68.647132873535156 -53.742099761962891 -17.981595993041992 0 0 0
v 67.590034484863281 -52.825950622558594 -18.046957015991211 0 0 0
v 51.493820190429688 -48.478687286376953 -13.52821159362793 0 0 0
v 62.995811462402344 -52.339347839355469 -16.852947235107422 0 0 0
v 75.543144226074219 -54.827312469482422 -18.975879669189453 0 0 0
v 73.244842529296875 -53.910907745361328 -18.886138916015625 0 0 0
v 185.90892028808594 -8.074951171875 -6.6751151084899902 0 0 0
v 184.72518920898438 -12.61332893371582 -7.3970589637756348 0 0 0
v 183.26361083984375 -18.702386856079102 -7.9210381507873535 0 0 0
v 173.64707946777344 -32.518695831298828 -12.418979644775391 0 0 0
v 174.60395812988281 -32.380702972412109 -11.941604614257812 0 0 0
v 178.18951416015625 -27.671977996826172 -10.624999046325684 0 0 0
v 168.54202270507812 -36.488704681396484 -14.380303382873535 0 0 0
v 173.64707946777344 -32.518695831298828 -12.418979644775391 0 0 0
v 172.34138488769531 -31.564062118530273 -17.074237823486328 0 0 0
v 175.93739318847656 -27.92326545715332 -15.820759773254395 0 0 0
v 179.57820129394531 -22.779874801635742 -14.505819320678711 0 0 0
v 178.18951416015625 -27.671977996826172 -10.624999046325684 0 0 0
v 180.08749389648438 -25.16990852355957 -9.4434585571289062 0 0 0
v 185.65377807617188 -4.0331869125366211 -6.9358444213867188 0 0 0
v 184.18902587890625 -4.0330815315246582 -12.968306541442871 0 0 0
v 184.71278381347656 -7.4388880729675293 -10.063657760620117 0 0 0
v 137.05270385742188 -49.433784484863281 -20.489080429077148 0 0 0
v 144.016357421875 -46.656101226806641 -23.303667068481445 0 0 0
v 136.6104736328125 -48.005634307861328 -23.511062622070312 0 0 0
v 149.55337524414062 -46.274662017822266 -19.552968978881836 0 0 0
v 149.53230285644531 -45.029476165771484 -22.856721878051758 0 0 0
v 158.94694519042969 -42.17315673828125 -17.617753982543945 0 0 0
v 155.11231994628906 -42.781177520751953 -22.052946090698242 0 0 0
v 154.30235290527344 -44.38677978515625 -18.718921661376953 0 0 0
v 182.84820556640625 -24.123699188232422 -22.532278060913086 0 0 0
v 181.26866149902344 -27.182039260864258 -23.030851364135742 0 0 0
v 179.70362854003906 -28.003707885742188 -24.433738708496094 0 0 0
v 176.53207397460938 -31.590427398681641 -25.606529235839844 0 0 0
v 176.22171020507812 -31.083942413330078 -26.328960418701172 0 0 0
v 125.06993865966797 -55.239711761474609 -23.362104415893555 0 0 0
v 136.65580749511719 -53.635223388671875 -23.655487060546875 0 0 0
v 144.10220336914062 -52.347129821777344 -22.892141342163086 0 0 0
v 151.54251098632812 -50.361526489257812 -21.852350234985352 0 0 0
v 144.91189575195312 -51.607128143310547 -21.974281311035156 0 0 0
v 153.91716003417969 -48.843257904052734 -20.421512603759766 0 0 0
v 159.51545715332031 -47.1435546875 -19.616300582885742 0 0 0
v 156.72891235351562 -48.4293212890625 -21.34284782409668 0 0 0
v 160.04876708984375 -46.306606292724609 -18.808856964111328 0 0 0
v 169.61590576171875 -41.494823455810547 -16.202810287475586 0 0 0
v 162.35508728027344 -45.887382507324219 -19.378032684326172 0 0 0
v 167.151611328125 -42.445465087890625 -16.378854751586914 0 0 0
v 7.2344369888305664 -39.834987640380859 -27.019142150878906 0 0 0
v 1.9900779724121094 -42.87567138671875 -28.144742965698242 0 0 0
v -2.7676782608032227 -43.880916595458984 -30.876255035400391 0 0 0
v 188.93087768554688 5.5329923629760742 -17.935934066772461 0 0 0
v 188.96647644042969 -4.2605428695678711 -17.654712677001953 0 0 0
v 188.26152038574219 -9.5588588714599609 -18.720756530761719 0 0 0
v 67.102684020996094 -51.266712188720703 -33.326194763183594 0 0 0
v 77.143348693847656 -52.200275421142578 -33.831089019775391 0 0 0
v 68.67120361328125 -52.352619171142578 -32.880901336669922 0 0 0
v 57.481689453125 -49.167354583740234 -32.236331939697266 0 0 0
v 61.299667358398438 -51.00750732421875 -32.166244506835938 0 0 0
v -7.3765530586242676 -45.415592193603516 -31.948976516723633 0 0 0
v -11.171530723571777 -46.091033935546875 -32.349300384521484 0 0 0
v -9.5002222061157227 -44.987152099609375 -32.773845672607422 0 0 0
v 116.2889404296875 -51.630802154541016 -34.151035308837891 0 0 0
v 128.42738342285156 -50.4835205078125 -33.871189117431641 0 0 0
v 125.37586212158203 -51.667152404785156 -33.444507598876953 0 0 0
v 102.38862609863281 -52.150600433349609 -34.270023345947266 0 0 0
v 107.84141540527344 -52.961715698242188 -33.838481903076172 0 0 0
v 89.154861450195312 -52.480690002441406 -34.131259918212891 0 0 0
v 96.917304992675781 -53.34149169921875 -33.821044921875 0 0 0
v 85.47528076171875 -53.340843200683594 -33.589809417724609 0 0 0
v 138.82633972167969 -49.290943145751953 -33.443698883056641 0 0 0
v 141.33493041992188 -49.667373657226562 -32.576042175292969 0 0 0
v 130.49337768554688 -51.238536834716797 -32.992973327636719 0 0 0
v 111.67733764648438 -56.545047760009766 -23.172519683837891 0 0 0
v 94.780143737792969 -57.694271087646484 -23.048389434814453 0 0 0
v 106.27947235107422 -57.238842010498047 -24.138099670410156 0 0 0
v 118.34164428710938 -56.112953186035156 -24.134098052978516 0 0 0
v 125.06993865966797 -55.239711761474609 -23.362104415893555 0 0 0
v 130.69157409667969 -54.493003845214844 -24.063724517822266 0 0 0
v 80.613319396972656 -58.202468872070312 -22.876338958740234 0 0 0
v 85.562667846679688 -58.183284759521484 -24.060750961303711 0 0 0
v 93.170219421386719 -58.010097503662109 -24.115606307983398 0 0 0
v 136.65580749511719 -53.635223388671875 -23.655487060546875 0 0 0
v 68.132072448730469 -47.392810821533203 -36.237091064453125 0 0 0
v 59.588809967041016 -45.526424407958984 -35.277633666992188 0 0 0
v 64.104583740234375 -46.077438354492188 -36.444187164306641 0 0 0
v 72.883110046386719 -47.380985260009766 -37.154579162597656 0 0 0
v 67.936080932617188 -46.565135955810547 -36.839080810546875 0 0 0
v 76.034919738769531 -48.191902160644531 -36.707023620605469 0 0 0
v 49.078258514404297 -45.990402221679688 -30.378686904907227 0 0 0
v 57.481689453125 -49.167354583740234 -32.236331939697266 0 0 0
v 51.119968414306641 -47.794754028320312 -30.321418762207031 0 0 0
v 160.29800415039062 -43.889144897460938 -29.336883544921875 0 0 0
v 165.70770263671875 -42.523681640625 -26.457218170166016 0 0 0
v 159.44209289550781 -45.066684722900391 -28.850738525390625 0 0 0
v 153.31217956542969 -45.974216461181641 -31.491304397583008 0 0 0
v 154.39247131347656 -46.653785705566406 -30.671722412109375 0 0 0
v 169.61590576171875 -41.494823455810547 -16.202810287475586 0 0 0
v 174.920654296875 -37.433803558349609 -14.530912399291992 0 0 0
v 174.79527282714844 -36.738197326660156 -13.362719535827637 0 0 0
v 177.92750549316406 -34.574752807617188 -13.072507858276367 0 0 0
v 179.84373474121094 -31.114902496337891 -11.096351623535156 0 0 0
v 183.79277038574219 -24.5382080078125 -9.132476806640625 0 0 0
v 183.62582397460938 -26.830677032470703 -10.234098434448242 0 0 0
v 19.454456329345703 -48.379581451416016 -14.959733009338379 0 0 0
v 7.1684255599975586 -49.319900512695312 -16.760150909423828 0 0 0
v 14.975117683410645 -48.428157806396484 -16.008092880249023 0 0 0
v 27.450494766235352 -48.124706268310547 -14.248729705810547 0 0 0
v 25.188545227050781 -47.715408325195312 -15.228368759155273 0 0 0
v 33.427463531494141 -48.229358673095703 -14.271927833557129 0 0 0
v 30.360279083251953 -47.780483245849609 -15.020015716552734 0 0 0
v 33.675621032714844 -48.044410705566406 -13.482688903808594 0 0 0
v 24.597187042236328 -48.141559600830078 -13.691060066223145 0 0 0
v 11.208823204040527 -47.603404998779297 -18.056770324707031 0 0 0
v 40.534515380859375 -48.921661376953125 -15.485102653503418 0 0 0
v 178.47038269042969 -34.032558441162109 -21.005647659301758 0 0 0
v 184.39591979980469 -27.827760696411133 -17.64564323425293 0 0 0
v 180.07087707519531 -33.420333862304688 -19.429126739501953 0 0 0
v 187.12907409667969 -23.828939437866211 -14.987848281860352 0 0 0
v 184.1539306640625 -28.867244720458984 -16.777036666870117 0 0 0
v 9.606968879699707 -49.224960327148438 -15.196706771850586 0 0 0
v 2.2292461395263672 -50.002269744873047 -16.09190559387207 0 0 0
v 7.1684255599975586 -49.319900512695312 -16.760150909423828 0 0 0
v 2.2298581600189209 -49.900321960449219 -17.349020004272461 0 0 0
v 1.1137722730636597 -48.939815521240234 -19.717338562011719 0 0 0
v -98.134971618652344 -23.976421356201172 -27.173707962036133 0 0 0
v -100.48402404785156 -18.240894317626953 -24.715126037597656 0 0 0
v -99.0069580078125 22.28978157043457 -26.291206359863281 0 0 0
v 64.179229736328125 -55.919540405273438 -20.97962760925293 0 0 0
v 50.878738403320312 -51.274929046630859 -17.004341125488281 0 0 0
v 59.602104187011719 -54.754840850830078 -20.809322357177734 0 0 0
v 70.983154296875 -57.400508880615234 -22.169445037841797 0 0 0
v 65.299301147460938 -56.387725830078125 -22.378452301025391 0 0 0
v 72.518600463867188 -57.677352905273438 -23.457757949829102 0 0 0
v 27.625614166259766 -34.144783020019531 -27.746286392211914 0 0 0
v 21.50731086730957 -33.808143615722656 -26.949779510498047 0 0 0
v 24.148260116577148 -33.408927917480469 -27.489070892333984 0 0 0
v 29.740819931030273 -34.303745269775391 -28.020170211791992 0 0 0
v 33.529060363769531 -35.599678039550781 -28.758340835571289 0 0 0
v 39.076309204101562 -37.821922302246094 -29.597394943237305 0 0 0
v 28.959701538085938 -34.919334411621094 -27.231012344360352 0 0 0
v 39.002742767333984 -37.287483215332031 -30.251317977905273 0 0 0
v 172.14662170410156 -33.971878051757812 -28.373294830322266 0 0 0
v 164.0257568359375 -37.917221069335938 -31.900529861450195 0 0 0
v 168.0185546875 -35.773967742919922 -30.242273330688477 0 0 0
v 169.91807556152344 -35.693511962890625 -28.849517822265625 0 0 0
v 176.53207397460938 -31.590427398681641 -25.606529235839844 0 0 0
v 160.4180908203125 -39.830299377441406 -32.687641143798828 0 0 0
v 165.82929992675781 -37.655784606933594 -30.230325698852539 0 0 0
v 51.080192565917969 -42.553092956542969 -33.265037536621094 0 0 0
v 39.076309204101562 -37.821922302246094 -29.597394943237305 0 0 0
v 39.002742767333984 -37.287483215332031 -30.251317977905273 0 0 0
v 52.352817535400391 -42.490264892578125 -34.224140167236328 0 0 0
v 47.792770385742188 -40.439491271972656 -32.944541931152344 0 0 0
v 60.392711639404297 -45.008823394775391 -35.924701690673828 0 0 0
v 56.482532501220703 -43.673961639404297 -35.188488006591797 0 0 0
v 59.588809967041016 -45.526424407958984 -35.277633666992188 0 0 0
v 64.104583740234375 -46.077438354492188 -36.444187164306641 0 0 0
v 85.676582336425781 -48.568000793457031 -37.008480072021484 0 0 0
v 76.034919738769531 -48.191902160644531 -36.707023620605469 0 0 0
v 82.946098327636719 -47.863140106201172 -37.498931884765625 0 0 0
v 99.057235717773438 -48.634262084960938 -37.137611389160156 0 0 0
v 93.587455749511719 -48.046596527099609 -37.710437774658203 0 0 0
v 116.09368133544922 -47.791011810302734 -37.045368194580078 0 0 0
v 106.71503448486328 -47.770164489746094 -37.754161834716797 0 0 0
v 132.98126220703125 -46.072319030761719 -36.622333526611328 0 0 0
v 119.92993927001953 -46.8865966796875 -37.593635559082031 0 0 0
v 136.18515014648438 -45.038356781005859 -37.074939727783203 0 0 0
v 126.65673828125 -45.665115356445312 -37.419109344482422 0 0 0
v 2.2287304401397705 -50.023971557617188 -16.073644638061523 0 0 0
v -3.5602250099182129 -50.733047485351562 -17.844018936157227 0 0 0
v 2.2298581600189209 -49.900321960449219 -17.349020004272461 0 0 0
v 1.1137722730636597 -48.939815521240234 -19.717338562011719 0 0 0
v 141.7449951171875 -44.129005432128906 -36.742294311523438 0 0 0
v 132.98126220703125 -46.072319030761719 -36.622333526611328 0 0 0
v 136.18515014648438 -45.038356781005859 -37.074939727783203 0 0 0
v 145.21537780761719 -44.031288146972656 -35.936107635498047 0 0 0
v 149.20248413085938 -42.369697570800781 -35.939605712890625 0 0 0
v 145.64830017089844 -42.822395324707031 -36.394840240478516 0 0 0
v 146.49061584472656 -47.779266357421875 -32.778820037841797 0 0 0
v 153.31217956542969 -45.974216461181641 -31.491304397583008 0 0 0
v 148.76904296875 -48.051677703857422 -31.867496490478516 0 0 0
v 141.33493041992188 -49.667373657226562 -32.576042175292969 0 0 0
v -100.51846313476562 -7.4330124855041504 -12.625200271606445 0 0 0
v -101.81124877929688 -7.9043259620666504 -17.263320922851562 0 0 0
v -100.73572540283203 -11.64072322845459 -14.351612091064453 0 0 0
v -102.01416015625 0.37231290340423584 -17.125856399536133 0 0 0
v -98.626914978027344 -14.200444221496582 -8.7895793914794922 0 0 0
v -99.001815795898438 -7.0910210609436035 -8.6568470001220703 0 0 0
v -99.021080017089844 -21.996616363525391 -15.632418632507324 0 0 0
v -99.679649353027344 -17.495033264160156 -13.566997528076172 0 0 0
v -101.30605316162109 -15.803874015808105 -18.982273101806641 0 0 0
v -97.823722839355469 -25.345325469970703 -15.783489227294922 0 0 0
v -100.08481597900391 -21.582178115844727 -20.295036315917969 0 0 0
v -96.601028442382812 -28.797067642211914 -18.036664962768555 0 0 0
v -98.380386352539062 -26.694950103759766 -22.417264938354492 0 0 0
v -94.649429321289062 -32.074722290039062 -18.963775634765625 0 0 0
v -97.208549499511719 -23.174093246459961 -10.166481018066406 0 0 0
v -98.000511169433594 -19.29570198059082 -9.493840217590332 0 0 0
v -93.537773132324219 -32.155261993408203 -12.755520820617676 0 0 0
v -91.282371520996094 -35.556076049804688 -14.265822410583496 0 0 0
v 42.217258453369141 -49.068058013916016 -14.680574417114258 0 0 0
v 33.675621032714844 -48.044410705566406 -13.482688903808594 0 0 0
v 40.534515380859375 -48.921661376953125 -15.485102653503418 0 0 0
v 50.878738403320312 -51.274929046630859 -17.004341125488281 0 0 0
v 45.5224609375 -50.015483856201172 -16.566591262817383 0 0 0
v 34.710884094238281 -47.885826110839844 -15.387755393981934 0 0 0
v 33.427463531494141 -48.229358673095703 -14.271927833557129 0 0 0
v 49.078258514404297 -45.990402221679688 -30.378686904907227 0 0 0
v 51.119968414306641 -47.794754028320312 -30.321418762207031 0 0 0
v 36.940994262695312 -42.182300567626953 -25.967561721801758 0 0 0
v 35.262565612792969 -40.675216674804688 -26.0462646484375 0 0 0
v 80.613319396972656 -58.202468872070312 -22.876338958740234 0 0 0
v 70.983154296875 -57.400508880615234 -22.169445037841797 0 0 0
v 72.518600463867188 -57.677352905273438 -23.457757949829102 0 0 0
v 183.79277038574219 -24.5382080078125 -9.132476806640625 0 0 0
v 185.29768371582031 -23.436717987060547 -9.4159297943115234 0 0 0
v 186.75949096679688 -17.097354888916016 -7.6560564041137695 0 0 0
v 188.05612182617188 -8.7832298278808594 -6.8199715614318848 0 0 0
v 189.04058837890625 -8.995427131652832 -7.3825311660766602 0 0 0
v 189.51072692871094 -2.7425577640533447 -7.1452178955078125 0 0 0
v 153.27987670898438 -42.145595550537109 -34.631401062011719 0 0 0
v 159.22186279296875 -39.683506011962891 -33.659133911132812 0 0 0
v 160.4180908203125 -39.830299377441406 -32.687641143798828 0 0 0
v 164.0257568359375 -37.917221069335938 -31.900529861450195 0 0 0
v -7.3765530586242676 -45.415592193603516 -31.948976516723633 0 0 0
v -4.9983892440795898 -43.756523132324219 -31.858903884887695 0 0 0
v -2.7676782608032227 -43.880916595458984 -30.876255035400391 0 0 0
v -9.5002222061157227 -44.987152099609375 -32.773845672607422 0 0 0
v 27.396190643310547 -42.649517059326172 -20.43244743347168 0 0 0
v 23.593608856201172 -39.251609802246094 -23.343307495117188 0 0 0
v 28.033021926879883 -39.804157257080078 -23.830625534057617 0 0 0
v 12.549354553222656 -38.721435546875 -25.089870452880859 0 0 0
v 16.349826812744141 -41.902889251708984 -21.903053283691406 0 0 0
v 11.335202217102051 -42.070308685302734 -23.407192230224609 0 0 0
v 5.5572762489318848 -43.182929992675781 -25.379629135131836 0 0 0
v 7.2344369888305664 -39.834987640380859 -27.019142150878906 0 0 0
v 41.193534851074219 -43.843544006347656 -27.067270278930664 0 0 0
v 43.568225860595703 -46.242111206054688 -23.944179534912109 0 0 0
v 38.946609497070312 -45.526355743408203 -20.96269416809082 0 0 0
v 33.959476470947266 -41.351947784423828 -24.99254035949707 0 0 0
v 36.940994262695312 -42.182300567626953 -25.967561721801758 0 0 0
v 37.406330108642578 -45.847782135009766 -19.322757720947266 0 0 0
v 17.022333145141602 -45.8004150390625 -18.44365119934082 0 0 0
v 20.170280456542969 -43.027900695800781 -20.234064102172852 0 0 0
v 11.652458190917969 -45.492572784423828 -20.261722564697266 0 0 0
v 43.636741638183594 -48.118011474609375 -19.377315521240234 0 0 0
v 34.710884094238281 -47.885826110839844 -15.387755393981934 0 0 0
v 30.360279083251953 -47.780483245849609 -15.020015716552734 0 0 0
v 30.721122741699219 -42.327648162841797 -21.553577423095703 0 0 0
v 24.15595817565918 -42.296287536621094 -20.555463790893555 0 0 0
v 25.188545227050781 -47.715408325195312 -15.228368759155273 0 0 0
v 22.093559265136719 -46.279285430908203 -17.021411895751953 0 0 0
v 14.975117683410645 -48.428157806396484 -16.008092880249023 0 0 0
v 11.208823204040527 -47.603404998779297 -18.056770324707031 0 0 0
v 18.310895919799805 -38.344249725341797 -23.978145599365234 0 0 0
v 45.5224609375 -50.015483856201172 -16.566591262817383 0 0 0
v 48.367984771728516 -49.27813720703125 -21.857294082641602 0 0 0
v 14.975117683410645 -48.428157806396484 -16.008092880249023 0 0 0
v -10.807229042053223 -41.331180572509766 -35.889369964599609 0 0 0
v -17.362941741943359 -41.574329376220703 -36.277671813964844 0 0 0
v -15.355317115783691 -40.887069702148438 -36.747173309326172 0 0 0
v -12.29652214050293 -40.336933135986328 -36.567611694335938 0 0 0
v -9.2225046157836914 -40.530658721923828 -36.235057830810547 0 0 0
v -6.0287680625915527 -39.919227600097656 -35.594818115234375 0 0 0
v -78.052154541015625 -42.734397888183594 -31.358943939208984 0 0 0
v -75.074996948242188 -46.178722381591797 -18.006444931030273 0 0 0
v -78.02777099609375 -45.066036224365234 -17.538742065429688 0 0 0
v -83.676002502441406 -41.601966857910156 -23.50324821472168 0 0 0
v -81.258872985839844 -41.639411926269531 -31.107366561889648 0 0 0
v -82.510597229003906 -42.850692749023438 -16.850137710571289 0 0 0
v -86.204383850097656 -40.394512176513672 -16.041631698608398 0 0 0
v -69.417335510253906 -47.805130004882812 -18.354091644287109 0 0 0
v -72.310722351074219 -43.968753814697266 -32.204513549804688 0 0 0
v -86.511642456054688 -39.979877471923828 -23.307300567626953 0 0 0
v -88.735275268554688 -38.088695526123047 -28.989345550537109 0 0 0
v -84.727790832519531 -40.281593322753906 -30.180278778076172 0 0 0
v -88.108474731445312 -38.796241760253906 -14.9207763671875 0 0 0
v -91.282371520996094 -35.556076049804688 -14.265822410583496 0 0 0
v -91.037948608398438 -36.484062194824219 -21.452733993530273 0 0 0
v -94.118644714355469 -33.508609771728516 -26.211048126220703 0 0 0
v -91.362419128417969 -36.278900146484375 -27.765293121337891 0 0 0
v -92.998252868652344 -34.421283721923828 -20.564468383789062 0 0 0
v -94.649429321289062 -32.074722290039062 -18.963775634765625 0 0 0
v -96.021255493164062 -31.02610969543457 -24.575092315673828 0 0 0
v 176.5123291015625 30.901340484619141 -26.176063537597656 0 0 0
v 176.22171020507812 -31.083942413330078 -26.328960418701172 0 0 0
v 172.40805053710938 33.792877197265625 -28.249599456787109 0 0 0
v 179.55398559570312 28.142665863037109 -24.509241104125977 0 0 0
v 179.70362854003906 -28.003707885742188 -24.433738708496094 0 0 0
v 182.46261596679688 24.865421295166016 -22.777233123779297 0 0 0
v 182.84820556640625 -24.123699188232422 -22.532278060913086 0 0 0
v -3.5602250099182129 -50.733047485351562 -17.844018936157227 0 0 0
v -10.045501708984375 -49.453704833984375 -23.951168060302734 0 0 0
v -4.4637398719787598 -48.175174713134766 -24.582485198974609 0 0 0
v -7.3765530586242676 -45.415592193603516 -31.948976516723633 0 0 0
v -0.083565101027488708 -45.566654205322266 -26.285499572753906 0 0 0
v -0.007164092268794775 -47.709995269775391 -22.714347839355469 0 0 0
v 5.2642154693603516 -45.298046112060547 -23.229244232177734 0 0 0
v -11.248385429382324 -51.304985046386719 -18.261016845703125 0 0 0
v 169.91807556152344 -35.693511962890625 -28.849517822265625 0 0 0
v 176.53207397460938 -31.590427398681641 -25.606529235839844 0 0 0
v 172.25709533691406 -34.304931640625 -24.135940551757812 0 0 0
v 181.26866149902344 -27.182039260864258 -23.030851364135742 0 0 0
v 177.45515441894531 -30.62708854675293 -21.570411682128906 0 0 0
v 165.82929992675781 -37.655784606933594 -30.230325698852539 0 0 0
v 166.52394104003906 -37.26416015625 -26.72181510925293 0 0 0
v 159.84075927734375 -40.034927368164062 -29.515371322631836 0 0 0
v 185.27313232421875 -20.538507461547852 -17.06761360168457 0 0 0
v 186.73518371582031 -17.742769241333008 -19.498275756835938 0 0 0
v 186.77598571777344 -16.453197479248047 -16.048843383789062 0 0 0
v 184.10537719726562 -23.26820182800293 -21.29301643371582 0 0 0
v 188.96647644042969 -4.2605428695678711 -17.654712677001953 0 0 0
v 188.93087768554688 5.5329923629760742 -17.935934066772461 0 0 0
v 188.74635314941406 1.9017372131347656 -14.636689186096191 0 0 0
v 187.86897277832031 -11.940942764282227 -15.273881912231445 0 0 0
v 182.00617980957031 -25.990299224853516 -19.081890106201172 0 0 0
v 68.132072448730469 -47.392810821533203 -36.237091064453125 0 0 0
v 76.034919738769531 -48.191902160644531 -36.707023620605469 0 0 0
v 72.687355041503906 -47.953838348388672 -33.675739288330078 0 0 0
v 66.213981628417969 -47.042583465576172 -33.327491760253906 0 0 0
v 58.089275360107422 -45.118198394775391 -32.440078735351562 0 0 0
v 59.588809967041016 -45.526424407958984 -35.277633666992188 0 0 0
v 39.076309204101562 -37.821922302246094 -29.597394943237305 0 0 0
v 41.182949066162109 -38.663547515869141 -27.920261383056641 0 0 0
v 35.081157684326172 -36.613414764404297 -26.020421981811523 0 0 0
v 51.4200439453125 -42.733768463134766 -31.016574859619141 0 0 0
v -2.0054996013641357 -39.117488861083984 -33.724994659423828 0 0 0
v 5.7329835891723633 -35.747257232666016 -30.776952743530273 0 0 0
v -1.6965137720108032 -39.017990112304688 -30.824207305908203 0 0 0
v -6.7350387573242188 -40.701496124267578 -32.337383270263672 0 0 0
v -5.6400818824768066 -40.34405517578125 -34.882598876953125 0 0 0
v -61.557712554931641 -40.602333068847656 -36.070789337158203 0 0 0
v -51.506641387939453 -41.262542724609375 -36.280158996582031 0 0 0
v -56.085800170898438 -41.046413421630859 -33.341899871826172 0 0 0
v -41.666526794433594 -41.640525817871094 -33.546840667724609 0 0 0
v -36.532695770263672 -41.669193267822266 -36.439441680908203 0 0 0
v -26.481849670410156 -41.7003173828125 -33.470539093017578 0 0 0
v -17.362941741943359 -41.574329376220703 -36.277671813964844 0 0 0
v -13.30388355255127 -41.552722930908203 -33.1943359375 0 0 0
v 9.7681150436401367 -34.625236511230469 -26.133872985839844 0 0 0
v 6.2732834815979004 -35.611560821533203 -27.482767105102539 0 0 0
v 11.057520866394043 -34.247127532958984 -28.733478546142578 0 0 0
v 35.081157684326172 -36.613414764404297 -26.020421981811523 0 0 0
v 30.666788101196289 -35.422821044921875 -24.906732559204102 0 0 0
v 28.959701538085938 -34.919334411621094 -27.231012344360352 0 0 0
v 138.82633972167969 -49.290943145751953 -33.443698883056641 0 0 0
v 128.42738342285156 -50.4835205078125 -33.871189117431641 0 0 0
v 138.591796875 -45.271640777587891 -33.510932922363281 0 0 0
v 116.2889404296875 -51.630802154541016 -34.151035308837891 0 0 0
v 125.23332977294922 -46.990829467773438 -33.9891357421875 0 0 0
v 111.17652130126953 -48.150623321533203 -34.238590240478516 0 0 0
v 102.38862609863281 -52.150600433349609 -34.270023345947266 0 0 0
v 97.489097595214844 -48.652828216552734 -34.2518310546875 0 0 0
v 89.154861450195312 -52.480690002441406 -34.131259918212891 0 0 0
v 85.828048706054688 -48.640605926513672 -34.086093902587891 0 0 0
v 77.143348693847656 -52.200275421142578 -33.831089019775391 0 0 0
v 48.367984771728516 -49.27813720703125 -21.857294082641602 0 0 0
v 51.119968414306641 -47.794754028320312 -30.321418762207031 0 0 0
v 55.960693359375 -51.976894378662109 -24.82843017578125 0 0 0
v 71.422935485839844 -54.712440490722656 -29.209419250488281 0 0 0
v 72.518600463867188 -57.677352905273438 -23.457757949829102 0 0 0
v 66.130813598632812 -54.431537628173828 -27.700235366821289 0 0 0
v 77.326911926269531 -56.266735076904297 -27.397687911987305 0 0 0
v 55.886207580566406 -49.482864379882812 -31.289525985717773 0 0 0
v 63.646289825439453 -54.481258392333984 -25.935327529907227 0 0 0
v 58.805698394775391 -52.510650634765625 -26.740989685058594 0 0 0
v 61.299667358398438 -51.00750732421875 -32.166244506835938 0 0 0
v 59.602104187011719 -54.754840850830078 -20.809322357177734 0 0 0
v 50.985176086425781 -51.647953033447266 -18.121946334838867 0 0 0
v 65.299301147460938 -56.387725830078125 -22.378452301025391 0 0 0
v 79.520050048828125 -58.144916534423828 -23.942960739135742 0 0 0
v 85.562667846679688 -58.183284759521484 -24.060750961303711 0 0 0
v 41.193534851074219 -43.843544006347656 -27.067270278930664 0 0 0
v 43.568225860595703 -46.242111206054688 -23.944179534912109 0 0 0
v 68.67120361328125 -52.352619171142578 -32.880901336669922 0 0 0
v 76.870468139648438 -53.126834869384766 -33.175273895263672 0 0 0
v 85.47528076171875 -53.340843200683594 -33.589809417724609 0 0 0
v 178.47038269042969 -34.032558441162109 -21.005647659301758 0 0 0
v 180.07087707519531 -33.420333862304688 -19.429126739501953 0 0 0
v 175.14765930175781 -37.389163970947266 -21.97137451171875 0 0 0
v 171.112060546875 -39.054817199707031 -24.667591094970703 0 0 0
v 165.70770263671875 -42.523681640625 -26.457218170166016 0 0 0
v 160.29800415039062 -43.889144897460938 -29.336883544921875 0 0 0
v -1.0136822462081909 37.805679321289062 -34.031108856201172 0 0 0
v 5.7201881408691406 35.098114013671875 -31.340572357177734 0 0 0
v 0.094606012105941772 -37.086147308349609 -33.599704742431641 0 0 0
v -3.0822291374206543 -38.995876312255859 -34.763504028320312 0 0 0
v -3.4528818130493164 39.178264617919922 -34.867160797119141 0 0 0
v -5.8337507247924805 39.881923675537109 -35.54962158203125 0 0 0
v -6.0287680625915527 -39.919227600097656 -35.594818115234375 0 0 0
v -8.0209751129150391 39.960582733154297 -36.021553039550781 0 0 0
v -9.2225046157836914 -40.530658721923828 -36.235057830810547 0 0 0
v 75.930862426757812 14.134796142578125 -37.274993896484375 0 0 0
v 72.883110046386719 -47.380985260009766 -37.154579162597656 0 0 0
v 71.58697509765625 -0.57712388038635254 -37.084209442138672 0 0 0
v 67.936080932617188 -46.565135955810547 -36.839080810546875 0 0 0
v 64.985420227050781 46.253364562988281 -36.551784515380859 0 0 0
v 56.266029357910156 43.594890594482422 -35.144252777099609 0 0 0
v 60.505905151367188 45.190391540527344 -35.9505615234375 0 0 0
v 56.482532501220703 -43.673961639404297 -35.188488006591797 0 0 0
v 52.352817535400391 -42.490264892578125 -34.224140167236328 0 0 0
v -1.3927940130233765 -42.254352569580078 -30.739343643188477 0 0 0
v 6.2732834815979004 -35.611560821533203 -27.482767105102539 0 0 0
v 7.2344369888305664 -39.834987640380859 -27.019142150878906 0 0 0
v 142.27223205566406 43.660373687744141 -36.717727661132812 0 0 0
v 141.7449951171875 -44.129005432128906 -36.742294311523438 0 0 0
v 136.18515014648438 -45.038356781005859 -37.074939727783203 0 0 0
v 152.19044494628906 -41.870269775390625 -35.427051544189453 0 0 0
v 149.20248413085938 -42.369697570800781 -35.939605712890625 0 0 0
v 151.58940124511719 41.958908081054688 -35.558162689208984 0 0 0
v 147.16488647460938 43.110336303710938 -36.214019775390625 0 0 0
v 145.64830017089844 -42.822395324707031 -36.394840240478516 0 0 0
v 191.46893310546875 0.0051246015354990959 -11.358316421508789 0 0 0
v 191.31744384765625 -6.0355863571166992 -11.582437515258789 0 0 0
v 191.22833251953125 5.5814766883850098 -12.451372146606445 0 0 0
v 190.80657958984375 -7.8968906402587891 -12.837899208068848 0 0 0
v 190.65144348144531 -12.325643539428711 -12.419893264770508 0 0 0
v 189.97930908203125 -15.933836936950684 -12.975489616394043 0 0 0
v 189.70458984375 -14.735260009765625 -13.840274810791016 0 0 0
v 187.12907409667969 -23.828939437866211 -14.987848281860352 0 0 0
v 188.01539611816406 -21.569894790649414 -13.811773300170898 0 0 0
v -59.139816284179688 -47.8797607421875 -14.156207084655762 0 0 0
v -49.885143280029297 -48.709083557128906 -13.45120906829834 0 0 0
v -55.888206481933594 -45.007247924804688 -8.7653284072875977 0 0 0
v -32.947219848632812 -46.493198394775391 -6.7598648071289062 0 0 0
v -42.311500549316406 -45.589496612548828 -6.329857349395752 0 0 0
v -38.806938171386719 -49.230854034423828 -12.843270301818848 0 0 0
v -17.358001708984375 -49.9075927734375 -13.198091506958008 0 0 0
v -22.861093521118164 -46.933769226074219 -7.1472115516662598 0 0 0
v -26.034206390380859 -50.367538452148438 -14.579813003540039 0 0 0
v -67.047752380371094 -48.237129211425781 -17.34467887878418 0 0 0
v -58.229358673095703 -49.781925201416016 -17.561296463012695 0 0 0
v -42.949241638183594 -47.875232696533203 -10.719202041625977 0 0 0
v -51.572364807128906 -44.083099365234375 -5.9785957336425781 0 0 0
v -32.772373199462891 -50.828250885009766 -16.047677993774414 0 0 0
v -34.855449676513672 -51.339824676513672 -17.763154983520508 0 0 0
v -27.555221557617188 -48.974842071533203 -11.412367820739746 0 0 0
v 11.719844818115234 -33.580265045166016 -29.220849990844727 0 0 0
v 5.7329835891723633 -35.747257232666016 -30.776952743530273 0 0 0
v 7.3563694953918457 -34.449077606201172 -30.704933166503906 0 0 0
v 17.84466552734375 -33.068523406982422 -27.867698669433594 0 0 0
v 11.057520866394043 -34.247127532958984 -28.733478546142578 0 0 0
v 14.853322982788086 -33.113788604736328 -28.417060852050781 0 0 0
v 16.501026153564453 -33.677158355712891 -27.431344985961914 0 0 0
v 21.50731086730957 -33.808143615722656 -26.949779510498047 0 0 0
v 179.84373474121094 -31.114902496337891 -11.096351623535156 0 0 0
v 174.60395812988281 -32.380702972412109 -11.941604614257812 0 0 0
v 174.79527282714844 -36.738197326660156 -13.362719535827637 0 0 0
v 167.48403930664062 -37.810249328613281 -14.616997718811035 0 0 0
v 167.151611328125 -42.445465087890625 -16.378854751586914 0 0 0
v 180.08749389648438 -25.16990852355957 -9.4434585571289062 0 0 0
v 183.79277038574219 -24.5382080078125 -9.132476806640625 0 0 0
v 186.75949096679688 -17.097354888916016 -7.6560564041137695 0 0 0
v 188.05612182617188 -8.7832298278808594 -6.8199715614318848 0 0 0
v 185.90892028808594 -8.074951171875 -6.6751151084899902 0 0 0
v 183.26361083984375 -18.702386856079102 -7.9210381507873535 0 0 0
v -1.3927940130233765 -42.254352569580078 -30.739343643188477 0 0 0
v -4.9983892440795898 -43.756523132324219 -31.858903884887695 0 0 0
v -6.7350387573242188 -40.701496124267578 -32.337383270263672 0 0 0
v 189.70458984375 -14.735260009765625 -13.840274810791016 0 0 0
v 188.74635314941406 1.9017372131347656 -14.636689186096191 0 0 0
v 190.80657958984375 -7.8968906402587891 -12.837899208068848 0 0 0
v 188.60260009765625 -5.2491397857666016 -14.71710205078125 0 0 0
v 187.90634155273438 -21.046249389648438 -15.205339431762695 0 0 0
v 187.86897277832031 -11.940942764282227 -15.273881912231445 0 0 0
v 186.77598571777344 -16.453197479248047 -16.048843383789062 0 0 0
v 184.39591979980469 -27.827760696411133 -17.64564323425293 0 0 0
v 185.27313232421875 -20.538507461547852 -17.06761360168457 0 0 0
v 177.45515441894531 -30.62708854675293 -21.570411682128906 0 0 0
v 182.00617980957031 -25.990299224853516 -19.081890106201172 0 0 0
v 178.47038269042969 -34.032558441162109 -21.005647659301758 0 0 0
v 171.112060546875 -39.054817199707031 -24.667591094970703 0 0 0
v 172.25709533691406 -34.304931640625 -24.135940551757812 0 0 0
v 166.52394104003906 -37.26416015625 -26.72181510925293 0 0 0
v 160.29800415039062 -43.889144897460938 -29.336883544921875 0 0 0
v -64.128379821777344 -43.905750274658203 -9.8976535797119141 0 0 0
v -63.931083679199219 -39.861572265625 -5.2797222137451172 0 0 0
v -71.860343933105469 -40.862655639648438 -9.6853399276733398 0 0 0
v -64.59521484375 -46.453449249267578 -13.563806533813477 0 0 0
v -73.492950439453125 -46.512790679931641 -16.986440658569336 0 0 0
v -78.654304504394531 -44.075107574462891 -15.947731971740723 0 0 0
v -88.108474731445312 -38.796241760253906 -14.9207763671875 0 0 0
v -83.873947143554688 -41.478782653808594 -15.489616394042969 0 0 0
v -80.944526672363281 -36.679752349853516 -10.216306686401367 0 0 0
v -77.343536376953125 -34.167312622070312 -7.1517200469970703 0 0 0
v -82.548728942871094 -32.042102813720703 -8.1938638687133789 0 0 0
v -86.411590576171875 -30.178153991699219 -8.7234773635864258 0 0 0
v -91.5927734375 -33.97161865234375 -12.63373851776123 0 0 0
v -80.947456359863281 -27.405735015869141 -5.8288707733154297 0 0 0
v -58.913394927978516 -41.857002258300781 -5.5015406608581543 0 0 0
v -67.047752380371094 -48.237129211425781 -17.34467887878418 0 0 0
v -76.122039794921875 -28.914518356323242 -4.349031925201416 0 0 0
v -76.197982788085938 -38.579067230224609 -9.6298751831054688 0 0 0
v -71.492813110351562 -34.609592437744141 -4.6816692352294922 0 0 0
v 147.13461303710938 -43.656509399414062 -32.737766265869141 0 0 0
v 138.591796875 -45.271640777587891 -33.510932922363281 0 0 0
v 145.21537780761719 -44.031288146972656 -35.936107635498047 0 0 0
v 153.27987670898438 -42.145595550537109 -34.631401062011719 0 0 0
v 160.4180908203125 -39.830299377441406 -32.687641143798828 0 0 0
v 153.4818115234375 -42.053020477294922 -31.519266128540039 0 0 0
v 148.12551879882812 -49.792984008789062 -27.430418014526367 0 0 0
v 144.10220336914062 -52.347129821777344 -22.892141342163086 0 0 0
v 141.33493041992188 -49.667373657226562 -32.576042175292969 0 0 0
v 151.54251098632812 -50.361526489257812 -21.852350234985352 0 0 0
v 156.72891235351562 -48.4293212890625 -21.34284782409668 0 0 0
v 154.39247131347656 -46.653785705566406 -30.671722412109375 0 0 0
v 148.76904296875 -48.051677703857422 -31.867496490478516 0 0 0
v 159.44209289550781 -45.066684722900391 -28.850738525390625 0 0 0
v 165.70770263671875 -42.523681640625 -26.457218170166016 0 0 0
v 2.2296135425567627 -48.913917541503906 -12.800073623657227 0 0 0
v 2.2292461395263672 -50.002269744873047 -16.09190559387207 0 0 0
v 9.606968879699707 -49.224960327148438 -15.196706771850586 0 0 0
v 118.19735717773438 -52.492576599121094 -33.257122039794922 0 0 0
v 118.34164428710938 -56.112953186035156 -24.134098052978516 0 0 0
v 106.27947235107422 -57.238842010498047 -24.138099670410156 0 0 0
v 93.170219421386719 -58.010097503662109 -24.115606307983398 0 0 0
v 85.562667846679688 -58.183284759521484 -24.060750961303711 0 0 0
v 96.917304992675781 -53.34149169921875 -33.821044921875 0 0 0
v 104.51862335205078 -55.921802520751953 -27.530191421508789 0 0 0
v 141.33493041992188 -49.667373657226562 -32.576042175292969 0 0 0
v 130.69157409667969 -54.493003845214844 -24.063724517822266 0 0 0
v 130.49337768554688 -51.238536834716797 -32.992973327636719 0 0 0
v -3.0822291374206543 -38.995876312255859 -34.763504028320312 0 0 0
v -5.6400818824768066 -40.34405517578125 -34.882598876953125 0 0 0
v -6.0287680625915527 -39.919227600097656 -35.594818115234375 0 0 0
v 0.094606012105941772 -37.086147308349609 -33.599704742431641 0 0 0
v 7.3563694953918457 -34.449077606201172 -30.704933166503906 0 0 0
v 76.034919738769531 -48.191902160644531 -36.707023620605469 0 0 0
v 85.676582336425781 -48.568000793457031 -37.008480072021484 0 0 0
v 85.828048706054688 -48.640605926513672 -34.086093902587891 0 0 0
v 99.057235717773438 -48.634262084960938 -37.137611389160156 0 0 0
v 116.09368133544922 -47.791011810302734 -37.045368194580078 0 0 0
v 111.17652130126953 -48.150623321533203 -34.238590240478516 0 0 0
v -101.68297576904297 -9.4183130264282227 -18.454120635986328 0 0 0
v -101.30694580078125 -2.2765817642211914 -19.196151733398438 0 0 0
v -100.92752075195312 -10.337821006774902 -19.867740631103516 0 0 0
v -101.30605316162109 -15.803874015808105 -18.982273101806641 0 0 0
v -96.957138061523438 -28.931028366088867 -24.622980117797852 0 0 0
v -99.732460021972656 -21.955905914306641 -21.568792343139648 0 0 0
v -97.407341003417969 -24.056146621704102 -24.181499481201172 0 0 0
v -99.62841796875 -18.116939544677734 -21.747383117675781 0 0 0
v 100.15053558349609 -54.369823455810547 -20.120719909667969 0 0 0
v 94.780143737792969 -57.694271087646484 -23.048389434814453 0 0 0
v 111.67733764648438 -56.545047760009766 -23.172519683837891 0 0 0
v 174.920654296875 -37.433803558349609 -14.530912399291992 0 0 0
v 174.81671142578125 -37.706077575683594 -18.281900405883789 0 0 0
v 177.92750549316406 -34.574752807617188 -13.072507858276367 0 0 0
v 184.1539306640625 -28.867244720458984 -16.777036666870117 0 0 0
v 180.07087707519531 -33.420333862304688 -19.429126739501953 0 0 0
v 188.01539611816406 -21.569894790649414 -13.811773300170898 0 0 0
v 185.29768371582031 -23.436717987060547 -9.4159297943115234 0 0 0
v 187.12907409667969 -23.828939437866211 -14.987848281860352 0 0 0
v 189.92935180664062 -10.149559020996094 -9.4984369277954102 0 0 0
v 190.65144348144531 -12.325643539428711 -12.419893264770508 0 0 0
v 191.31744384765625 -6.0355863571166992 -11.582437515258789 0 0 0
v 169.61590576171875 -41.494823455810547 -16.202810287475586 0 0 0
v 175.14765930175781 -37.389163970947266 -21.97137451171875 0 0 0
v 181.61050415039062 -30.095399856567383 -11.47516918182373 0 0 0
v 189.97930908203125 -15.933836936950684 -12.975489616394043 0 0 0
v 188.15287780761719 -14.631707191467285 -7.9835262298583984 0 0 0
v 189.04058837890625 -8.995427131652832 -7.3825311660766602 0 0 0
v 82.946098327636719 -47.863140106201172 -37.498931884765625 0 0 0
v 72.883110046386719 -47.380985260009766 -37.154579162597656 0 0 0
v 75.930862426757812 14.134796142578125 -37.274993896484375 0 0 0
v 90.526908874511719 48.078548431396484 -37.657188415527344 0 0 0
v 93.587455749511719 -48.046596527099609 -37.710437774658203 0 0 0
v 98.923980712890625 47.754890441894531 -37.749240875244141 0 0 0
v 106.71503448486328 -47.770164489746094 -37.754161834716797 0 0 0
v 118.58852386474609 46.74005126953125 -37.616180419921875 0 0 0
v 126.65673828125 -45.665115356445312 -37.419109344482422 0 0 0
v 111.68544006347656 0.00057086942251771688 -37.713405609130859 0 0 0
v 135.14456176757812 45.227771759033203 -37.112838745117188 0 0 0
v 136.18515014648438 -45.038356781005859 -37.074939727783203 0 0 0
v 119.92993927001953 -46.8865966796875 -37.593635559082031 0 0 0
v -82.01531982421875 -6.6358351707458496 -3.9627265930175781 0 0 0
v -86.08660888671875 -6.2616100311279297 -4.9324569702148438 0 0 0
v -80.886878967285156 -16.186378479003906 -4.0335488319396973 0 0 0
v -88.163688659667969 -18.121885299682617 -6.1062631607055664 0 0 0
v -86.66351318359375 -13.501226425170898 -5.3358511924743652 0 0 0
v -97.434745788574219 -12.72574520111084 -7.7111735343933105 0 0 0
v -79.097198486328125 -22.371978759765625 -4.1491565704345703 0 0 0
v -85.41015625 -22.768739700317383 -6.1590642929077148 0 0 0
v -94.669746398925781 -6.7983155250549316 -6.7550845146179199 0 0 0
v -98.029273986816406 9.6793060302734375 -7.7139091491699219 0 0 0
v -98.258621215820312 -6.8299221992492676 -7.7766623497009277 0 0 0
v -95.164337158203125 -27.70924186706543 -10.573467254638672 0 0 0
v -93.388580322265625 -31.308145523071289 -11.707586288452148 0 0 0
v -88.602767944335938 -26.979850769042969 -8.2082653045654297 0 0 0
v -96.277503967285156 -22.863868713378906 -9.1784296035766602 0 0 0
v -80.947456359863281 -27.405735015869141 -5.8288707733154297 0 0 0
v -86.411590576171875 -30.178153991699219 -8.7234773635864258 0 0 0
v -76.122039794921875 -28.914518356323242 -4.349031925201416 0 0 0
v -56.125602722167969 -41.050968170166016 -33.349506378173828 0 0 0
v -41.052104949951172 -41.652256011962891 -33.546829223632812 0 0 0
v -54.939861297607422 -45.025749206542969 -33.364166259765625 0 0 0
v -25.046743392944336 -41.692707061767578 -33.455608367919922 0 0 0
v -14.683867454528809 -45.374275207519531 -33.243511199951172 0 0 0
v -35.193531036376953 -45.594451904296875 -33.529388427734375 0 0 0
v -68.100982666015625 -43.790107727050781 -32.991767883300781 0 0 0
v 147.52435302734375 -43.577064514160156 -32.677970886230469 0 0 0
v 154.44744873046875 -41.777690887451172 -31.260948181152344 0 0 0
v 153.31217956542969 -45.974216461181641 -31.491304397583008 0 0 0
v -56.567676544189453 40.392311096191406 -36.824752807617188 0 0 0
v -67.425956726074219 -39.474021911621094 -36.505901336669922 0 0 0
v -67.348731994628906 39.339248657226562 -36.505954742431641 0 0 0
v -56.540195465087891 -40.392055511474609 -36.820472717285156 0 0 0
v -46.926582336425781 -40.860149383544922 -36.979122161865234 0 0 0
v -46.594303131103516 40.361534118652344 -36.983619689941406 0 0 0
v -39.377197265625 -40.523418426513672 -37.030239105224609 0 0 0
v -15.355317115783691 -40.887069702148438 -36.747173309326172 0 0 0
v -25.582595825195312 41.118408203125 -36.949951171875 0 0 0
v -14.694331169128418 40.869491577148438 -36.722774505615234 0 0 0
v -29.147293090820312 0.00057086942251771688 -36.989448547363281 0 0 0
v -28.798368453979492 -41.090179443359375 -36.993209838867188 0 0 0
v -17.356611251831055 -50.429576873779297 -14.543136596679688 0 0 0
v -8.5735578536987305 -50.344253540039062 -14.590240478515625 0 0 0
v -17.356235504150391 -48.638492584228516 -10.517576217651367 0 0 0
v -17.354232788085938 -46.964279174804688 -7.260291576385498 0 0 0
v -9.6600513458251953 -46.937965393066406 -7.5051469802856445 0 0 0
v 2.2287304401397705 -50.023971557617188 -16.073644638061523 0 0 0
v 2.2289845943450928 -48.797874450683594 -12.538875579833984 0 0 0
v -17.357599258422852 -51.532379150390625 -17.960182189941406 0 0 0
v -8.9143772125244141 -49.184745788574219 -11.902547836303711 0 0 0
v 2.2327969074249268 -46.782508850097656 -8.2164287567138672 0 0 0
v 2.2296135425567627 -48.913917541503906 -12.800073623657227 0 0 0
v 9.606968879699707 -49.224960327148438 -15.196706771850586 0 0 0
v 15.624208450317383 -47.367961883544922 -11.041367530822754 0 0 0
v 24.597187042236328 -48.141559600830078 -13.691060066223145 0 0 0
v 20.014621734619141 -46.114448547363281 -9.1035451889038086 0 0 0
v 33.675621032714844 -48.044410705566406 -13.482688903808594 0 0 0
v 34.869697570800781 -46.940299987792969 -11.823339462280273 0 0 0
v 26.245185852050781 -47.511989593505859 -12.383544921875 0 0 0
v 42.217258453369141 -49.068058013916016 -14.680574417114258 0 0 0
v 42.217258453369141 -49.068058013916016 -14.680574417114258 0 0 0
v 50.878738403320312 -51.274929046630859 -17.004341125488281 0 0 0
v 44.877510070800781 -46.721420288085938 -11.760537147521973 0 0 0
v 2.2327969074249268 -46.782508850097656 -8.2164287567138672 0 0 0
v 35.964847564697266 -45.702896118164062 -10.190743446350098 0 0 0
v 26.36131477355957 -45.816799163818359 -9.4100885391235352 0 0 0
v 5.7201881408691406 35.098114013671875 -31.340572357177734 0 0 0
v 7.3563694953918457 -34.449077606201172 -30.704933166503906 0 0 0
v 0.094606012105941772 -37.086147308349609 -33.599704742431641 0 0 0
v 7.3563694953918457 -34.449077606201172 -30.704933166503906 0 0 0
v 5.7329835891723633 -35.747257232666016 -30.776952743530273 0 0 0
v -3.0822291374206543 -38.995876312255859 -34.763504028320312 0 0 0
v -2.0054996013641357 -39.117488861083984 -33.724994659423828 0 0 0
v -3.0822291374206543 -38.995876312255859 -34.763504028320312 0 0 0
v 144.91189575195312 -51.607128143310547 -21.974281311035156 0 0 0
v 147.25270080566406 -47.682106018066406 -19.782371520996094 0 0 0
v 136.50668334960938 -50.207260131835938 -20.400224685668945 0 0 0
v 153.91716003417969 -48.843257904052734 -20.421512603759766 0 0 0
v 167.151611328125 -42.445465087890625 -16.378854751586914 0 0 0
v 167.48403930664062 -37.810249328613281 -14.616997718811035 0 0 0
v 160.49378967285156 -41.887054443359375 -16.907566070556641 0 0 0
v -102.16077423095703 -11.173516273498535 -22.471784591674805 0 0 0
v -100.55258178710938 -13.347848892211914 -20.470638275146484 0 0 0
v -101.12714385986328 -7.3481001853942871 -19.522876739501953 0 0 0
v 35.262565612792969 -40.675216674804688 -26.0462646484375 0 0 0
v 29.435100555419922 -39.280227661132812 -24.582447052001953 0 0 0
v 35.081157684326172 -36.613414764404297 -26.020421981811523 0 0 0
v 23.450017929077148 -38.208911895751953 -23.799953460693359 0 0 0
v 24.25676155090332 -34.2137451171875 -23.914731979370117 0 0 0
v 29.209527969360352 -35.075660705566406 -24.549028396606445 0 0 0
v 18.310895919799805 -38.344249725341797 -23.978145599365234 0 0 0
v 12.549354553222656 -38.721435546875 -25.089870452880859 0 0 0
v 15.713897705078125 -33.777706146240234 -24.401830673217773 0 0 0
v 6.2732834815979004 -35.611560821533203 -27.482767105102539 0 0 0
v 10.939200401306152 -34.360679626464844 -25.682043075561523 0 0 0
v 35.262565612792969 -40.675216674804688 -26.0462646484375 0 0 0
v 36.940994262695312 -42.182300567626953 -25.967561721801758 0 0 0
v 33.959476470947266 -41.351947784423828 -24.99254035949707 0 0 0
v 29.435100555419922 -39.280227661132812 -24.582447052001953 0 0 0
v 23.450017929077148 -38.208911895751953 -23.799953460693359 0 0 0
v 28.033021926879883 -39.804157257080078 -23.830625534057617 0 0 0
v -0.083565101027488708 -45.566654205322266 -26.285499572753906 0 0 0
v 1.9900779724121094 -42.87567138671875 -28.144742965698242 0 0 0
v 5.2642154693603516 -45.298046112060547 -23.229244232177734 0 0 0
v 1.1137722730636597 -48.939815521240234 -19.717338562011719 0 0 0
v 5.6508898735046387 -47.323089599609375 -20.37895393371582 0 0 0
v 7.1684255599975586 -49.319900512695312 -16.760150909423828 0 0 0
v 11.208823204040527 -47.603404998779297 -18.056770324707031 0 0 0
v -89.30120849609375 -36.927608489990234 -29.540050506591797 0 0 0
v -93.516792297363281 -33.550384521484375 -27.327037811279297 0 0 0
v -91.527114868164062 -31.89324951171875 -28.529291152954102 0 0 0
v -97.407341003417969 -24.056146621704102 -24.181499481201172 0 0 0
v -94.757301330566406 -28.531291961669922 -26.518669128417969 0 0 0
v -96.957138061523438 -28.931028366088867 -24.622980117797852 0 0 0
v -79.310806274414062 -37.901912689208984 -32.095588684082031 0 0 0
v -72.212715148925781 -39.399307250976562 -32.803489685058594 0 0 0
v -75.366683959960938 -42.621627807617188 -32.503971099853516 0 0 0
v -67.837196350097656 -40.031822204589844 -33.017036437988281 0 0 0
v -68.100982666015625 -43.790107727050781 -32.991767883300781 0 0 0
v -88.022377014160156 -34.340084075927734 -30.021772384643555 0 0 0
v -84.394432067871094 -36.116302490234375 -31.078643798828125 0 0 0
v -88.664169311523438 -34.279422760009766 -32.531173706054688 0 0 0
v -82.586250305175781 -36.428153991699219 -34.775394439697266 0 0 0
v -83.118545532226562 -36.709060668945312 -33.926261901855469 0 0 0
v -77.410560607910156 -38.380584716796875 -35.167446136474609 0 0 0
v -74.5682373046875 -38.364376068115234 -36.040821075439453 0 0 0
v -78.7080078125 -37.109226226806641 -35.546108245849609 0 0 0
v -67.425956726074219 -39.474021911621094 -36.505901336669922 0 0 0
v -70.344757080078125 -39.678695678710938 -35.638198852539062 0 0 0
v -61.557712554931641 -40.602333068847656 -36.070789337158203 0 0 0
v -101.30605316162109 -15.803874015808105 -18.982273101806641 0 0 0
v -101.81124877929688 -7.9043259620666504 -17.263320922851562 0 0 0
v -101.68297576904297 -9.4183130264282227 -18.454120635986328 0 0 0
v 50.878738403320312 -51.274929046630859 -17.004341125488281 0 0 0
v 62.995811462402344 -52.339347839355469 -16.852947235107422 0 0 0
v 51.493820190429688 -48.478687286376953 -13.52821159362793 0 0 0
v 80.970413208007812 -55.271411895751953 -19.514369964599609 0 0 0
v 80.613319396972656 -58.202468872070312 -22.876338958740234 0 0 0
v 91.670120239257812 -55.004619598388672 -19.97187614440918 0 0 0
v -49.064247131347656 -46.086078643798828 -32.903919219970703 0 0 0
v -66.243934631347656 -44.904430389404297 -32.422077178955078 0 0 0
v -54.939861297607422 -45.025749206542969 -33.364166259765625 0 0 0
v -38.878765106201172 -46.384052276611328 -32.968788146972656 0 0 0
v -35.193531036376953 -45.594451904296875 -33.529388427734375 0 0 0
v -26.141040802001953 -46.542076110839844 -32.627986907958984 0 0 0
v -14.73945140838623 -46.290256500244141 -32.742694854736328 0 0 0
v -14.683867454528809 -45.374275207519531 -33.243511199951172 0 0 0
v -78.654304504394531 -44.075107574462891 -15.947731971740723 0 0 0
v -83.873947143554688 -41.478782653808594 -15.489616394042969 0 0 0
v -82.510597229003906 -42.850692749023438 -16.850137710571289 0 0 0
v -73.492950439453125 -46.512790679931641 -16.986440658569336 0 0 0
v -78.02777099609375 -45.066036224365234 -17.538742065429688 0 0 0
v -75.074996948242188 -46.178722381591797 -18.006444931030273 0 0 0
v -67.047752380371094 -48.237129211425781 -17.34467887878418 0 0 0
v -69.417335510253906 -47.805130004882812 -18.354091644287109 0 0 0
v -62.990444183349609 -49.133480072021484 -18.50352668762207 0 0 0
v -58.229358673095703 -49.781925201416016 -17.561296463012695 0 0 0
v 35.262565612792969 -40.675216674804688 -26.0462646484375 0 0 0
v 41.182949066162109 -38.663547515869141 -27.920261383056641 0 0 0
v 49.078258514404297 -45.990402221679688 -30.378686904907227 0 0 0
v -47.510204315185547 -50.88568115234375 -18.52946662902832 0 0 0
v -46.679119110107422 -50.871368408203125 -17.719680786132812 0 0 0
v -54.562049865722656 -50.171367645263672 -19.004236221313477 0 0 0
v -34.855449676513672 -51.339824676513672 -17.763154983520508 0 0 0
v -39.967330932617188 -51.171855926513672 -18.913002014160156 0 0 0
v -17.357599258422852 -51.532379150390625 -17.960182189941406 0 0 0
v -27.753582000732422 -51.462444305419922 -18.630615234375 0 0 0
v 29.740819931030273 -34.303745269775391 -28.020170211791992 0 0 0
v 27.625614166259766 -34.144783020019531 -27.746286392211914 0 0 0
v 33.151153564453125 -15.552454948425293 -28.678354263305664 0 0 0
v 39.002742767333984 -37.287483215332031 -30.251317977905273 0 0 0
v 33.529060363769531 -35.599678039550781 -28.758340835571289 0 0 0
v 37.767120361328125 -19.038246154785156 -29.905464172363281 0 0 0
v 10.096635818481445 33.888824462890625 -29.732503890991211 0 0 0
v 11.719844818115234 -33.580265045166016 -29.220849990844727 0 0 0
v 7.3563694953918457 -34.449077606201172 -30.704933166503906 0 0 0
v -96.021255493164062 -31.02610969543457 -24.575092315673828 0 0 0
v -96.957138061523438 -28.931028366088867 -24.622980117797852 0 0 0
v -93.516792297363281 -33.550384521484375 -27.327037811279297 0 0 0
v -94.118644714355469 -33.508609771728516 -26.211048126220703 0 0 0
v -91.362419128417969 -36.278900146484375 -27.765293121337891 0 0 0
v -88.735275268554688 -38.088695526123047 -28.989345550537109 0 0 0
v -89.30120849609375 -36.927608489990234 -29.540050506591797 0 0 0
v -98.380386352539062 -26.694950103759766 -22.417264938354492 0 0 0
v -100.08481597900391 -21.582178115844727 -20.295036315917969 0 0 0
v -99.732460021972656 -21.955905914306641 -21.568792343139648 0 0 0
v -101.30605316162109 -15.803874015808105 -18.982273101806641 0 0 0
v -91.5927734375 -33.97161865234375 -12.63373851776123 0 0 0
v -93.537773132324219 -32.155261993408203 -12.755520820617676 0 0 0
v -91.282371520996094 -35.556076049804688 -14.265822410583496 0 0 0
v -88.108474731445312 -38.796241760253906 -14.9207763671875 0 0 0
v -83.873947143554688 -41.478782653808594 -15.489616394042969 0 0 0
v -86.204383850097656 -40.394512176513672 -16.041631698608398 0 0 0
v -82.510597229003906 -42.850692749023438 -16.850137710571289 0 0 0
v -97.208549499511719 -23.174093246459961 -10.166481018066406 0 0 0
v -97.233184814453125 -18.984434127807617 -8.5154390335083008 0 0 0
v -98.000511169433594 -19.29570198059082 -9.493840217590332 0 0 0
v -96.277503967285156 -22.863868713378906 -9.1784296035766602 0 0 0
v -95.164337158203125 -27.70924186706543 -10.573467254638672 0 0 0
v -96.277503967285156 -22.863868713378906 -9.1784296035766602 0 0 0
v -97.208549499511719 -23.174093246459961 -10.166481018066406 0 0 0
v -95.627983093261719 -28.222906112670898 -11.730096817016602 0 0 0
v -77.410560607910156 -38.380584716796875 -35.167446136474609 0 0 0
v -70.344757080078125 -39.678695678710938 -35.638198852539062 0 0 0
v -75.715042114257812 -38.747554779052734 -32.490901947021484 0 0 0
v -83.118545532226562 -36.709060668945312 -33.926261901855469 0 0 0
v -82.214149475097656 -37.002632141113281 -31.573774337768555 0 0 0
v -93.337287902832031 -30.774082183837891 -30.222679138183594 0 0 0
v -88.664169311523438 -34.279422760009766 -32.531173706054688 0 0 0
v -90.781478881835938 -32.448276519775391 -28.85304069519043 0 0 0
v -93.756385803222656 -29.699710845947266 -27.209177017211914 0 0 0
v -96.285881042480469 -27.471015930175781 -28.271669387817383 0 0 0
v -87.478363037109375 -34.638473510742188 -30.179359436035156 0 0 0
v -93.337287902832031 -30.774082183837891 -30.222679138183594 0 0 0
v -96.285881042480469 -27.471015930175781 -28.271669387817383 0 0 0
v -93.396591186523438 -30.034231185913086 -30.742546081542969 0 0 0
v -88.664169311523438 -34.279422760009766 -32.531173706054688 0 0 0
v -89.226127624511719 -33.394283294677734 -32.825725555419922 0 0 0
v -81.258872985839844 -41.639411926269531 -31.107366561889648 0 0 0
v -85.161369323730469 -39.342174530029297 -30.855043411254883 0 0 0
v -80.189117431640625 -41.151557922363281 -31.924007415771484 0 0 0
v -75.366683959960938 -42.621627807617188 -32.503971099853516 0 0 0
v -78.052154541015625 -42.734397888183594 -31.358943939208984 0 0 0
v -66.243934631347656 -44.904430389404297 -32.422077178955078 0 0 0
v -72.310722351074219 -43.968753814697266 -32.204513549804688 0 0 0
v -68.100982666015625 -43.790107727050781 -32.991767883300781 0 0 0
v -66.243934631347656 -44.904430389404297 -32.422077178955078 0 0 0
v -57.341945648193359 -45.782268524169922 -32.333225250244141 0 0 0
v -64.101913452148438 -46.567642211914062 -27.355220794677734 0 0 0
v -49.064247131347656 -46.086078643798828 -32.903919219970703 0 0 0
v -52.637462615966797 -48.751850128173828 -24.314573287963867 0 0 0
v -38.878765106201172 -46.384052276611328 -32.968788146972656 0 0 0
v -26.141040802001953 -46.542076110839844 -32.627986907958984 0 0 0
v -34.237895965576172 -48.316967010498047 -28.043888092041016 0 0 0
v -39.967330932617188 -51.171855926513672 -18.913002014160156 0 0 0
v -47.510204315185547 -50.88568115234375 -18.52946662902832 0 0 0
v -43.752174377441406 -49.014755249023438 -25.341320037841797 0 0 0
v -15.272865295410156 -48.254856109619141 -27.98420524597168 0 0 0
v -29.324670791625977 -50.233192443847656 -22.727085113525391 0 0 0
v -25.370204925537109 -47.686351776123047 -29.775741577148438 0 0 0
v -27.753582000732422 -51.462444305419922 -18.630615234375 0 0 0
v -14.594326972961426 -50.309898376464844 -22.079326629638672 0 0 0
v -36.532695770263672 -41.669193267822266 -36.439441680908203 0 0 0
v -46.926582336425781 -40.860149383544922 -36.979122161865234 0 0 0
v -28.798368453979492 -41.090179443359375 -36.993209838867188 0 0 0
v -17.362941741943359 -41.574329376220703 -36.277671813964844 0 0 0
v -15.355317115783691 -40.887069702148438 -36.747173309326172 0 0 0
v -61.557712554931641 -40.602333068847656 -36.070789337158203 0 0 0
v -67.425956726074219 -39.474021911621094 -36.505901336669922 0 0 0
v -56.540195465087891 -40.392055511474609 -36.820472717285156 0 0 0
v -100.48402404785156 -18.240894317626953 -24.715126037597656 0 0 0
v -98.134971618652344 -23.976421356201172 -27.173707962036133 0 0 0
v -100.73363494873047 -17.884086608886719 -23.756647109985352 0 0 0
v -102.16077423095703 -11.173516273498535 -22.471784591674805 0 0 0
v -98.796989440917969 -23.053733825683594 -25.878335952758789 0 0 0
v -96.285881042480469 -27.471015930175781 -28.271669387817383 0 0 0
v -72.308242797851562 38.805469512939453 -36.247123718261719 0 0 0
v -67.425956726074219 -39.474021911621094 -36.505901336669922 0 0 0
v -73.771751403808594 -25.610916137695312 -36.138134002685547 0 0 0
v -78.255348205566406 -20.763942718505859 -35.646739959716797 0 0 0
v -82.586250305175781 -36.428153991699219 -34.775394439697266 0 0 0
v -89.226127624511719 -33.394283294677734 -32.825725555419922 0 0 0
v -87.691856384277344 -20.894493103027344 -33.462890625 0 0 0
v -83.443870544433594 -20.539979934692383 -34.703132629394531 0 0 0
v -77.349700927734375 18.02842903137207 -35.759757995605469 0 0 0
v -80.328742980957031 15.65526294708252 -35.332866668701172 0 0 0
v -86.382156372070312 24.408243179321289 -33.870571136474609 0 0 0
v -84.046134948730469 20.380062103271484 -34.536327362060547 0 0 0
v -91.777503967285156 -20.493213653564453 -31.672817230224609 0 0 0
v -93.396591186523438 -30.034231185913086 -30.742546081542969 0 0 0
v -95.907135009765625 -27.382883071899414 -29.040945053100586 0 0 0
v -98.134971618652344 -23.976421356201172 -27.173707962036133 0 0 0
v -94.632286071777344 -20.571079254150391 -29.980609893798828 0 0 0
v -96.93963623046875 26.022670745849609 -28.225288391113281 0 0 0
v 99.714950561523438 -51.637241363525391 -23.198143005371094 0 0 0
v 84.392433166503906 -52.564083099365234 -22.919296264648438 0 0 0
v 101.30984497070312 -53.694602966308594 -20.116109848022461 0 0 0
v 119.88018798828125 -51.870815277099609 -20.458545684814453 0 0 0
v 114.41427612304688 -50.424468994140625 -23.425615310668945 0 0 0
v 124.94716644287109 -49.373554229736328 -23.52168083190918 0 0 0
v 86.039413452148438 -54.638751983642578 -19.698720932006836 0 0 0
v 137.05270385742188 -49.433784484863281 -20.489080429077148 0 0 0
v 74.875244140625 -52.566249847412109 -22.67730712890625 0 0 0
v 79.463516235351562 -54.481521606445312 -19.524372100830078 0 0 0
v 84.392433166503906 -52.564083099365234 -22.919296264648438 0 0 0
v 68.8187255859375 -51.9332275390625 -22.311670303344727 0 0 0
v 73.244842529296875 -53.910907745361328 -18.886138916015625 0 0 0
v 62.990650177001953 -51.615818023681641 -16.874313354492188 0 0 0
v 67.590034484863281 -52.825950622558594 -18.046957015991211 0 0 0
v 64.561126708984375 -51.116550445556641 -21.875518798828125 0 0 0
v 59.037014007568359 -49.383331298828125 -20.955303192138672 0 0 0
v 45.419040679931641 -43.598812103271484 -17.32377815246582 0 0 0
v 57.322822570800781 -49.344520568847656 -16.639108657836914 0 0 0
v 21.907548904418945 -45.405033111572266 -9.159632682800293 0 0 0
v 6.7905755043029785 -42.31121826171875 -12.621923446655273 0 0 0
v 6.7293047904968262 -46.024925231933594 -8.3818244934082031 0 0 0
v 20.88444709777832 -43.099655151367188 -11.276579856872559 0 0 0
v 30.405031204223633 -39.954376220703125 -14.01455020904541 0 0 0
v 27.247837066650391 -42.534072875976562 -11.638959884643555 0 0 0
v 30.746131896972656 -45.156558990478516 -9.5498323440551758 0 0 0
v 36.057769775390625 -45.132125854492188 -10.090246200561523 0 0 0
v 35.096691131591797 -42.248336791992188 -12.909305572509766 0 0 0
v 25.03166389465332 -40.077957153320312 -13.351300239562988 0 0 0
v 38.571430206298828 -41.403087615966797 -15.608942985534668 0 0 0
v 41.690177917480469 -45.652961730957031 -11.053132057189941 0 0 0
v 48.114425659179688 -46.893619537353516 -12.614959716796875 0 0 0
v 45.419040679931641 -43.598812103271484 -17.32377815246582 0 0 0
v -7.2846832275390625 -43.071563720703125 -12.123353004455566 0 0 0
v 4.047905445098877 -44.224990844726562 -10.605052947998047 0 0 0
v -67.205039978027344 -35.043869018554688 -12.654153823852539 0 0 0
v -69.5185546875 -31.888179779052734 -12.816134452819824 0 0 0
v -72.428009033203125 -31.43670654296875 -8.4926118850708008 0 0 0
v -69.761466979980469 -34.549533843994141 -7.9460959434509277 0 0 0
v -64.553497314453125 -37.79205322265625 -12.368042945861816 0 0 0
v -66.653221130371094 -37.449970245361328 -5.197993278503418 0 0 0
v -73.456901550292969 -31.63789176940918 -4.6350092887878418 0 0 0
v -76.18157958984375 -10.399292945861816 -12.277248382568359 0 0 0
v -76.7254638671875 -3.0338091850280762 -12.260263442993164 0 0 0
v -78.88787841796875 -7.3640761375427246 -8.5702552795410156 0 0 0
v -73.766563415527344 -23.367458343505859 -12.617938041687012 0 0 0
v -75.101150512695312 -18.077606201171875 -12.441348075866699 0 0 0
v -76.190322875976562 -24.371208190917969 -8.1814804077148438 0 0 0
v -74.117034912109375 -27.289529800415039 -9.9431056976318359 0 0 0
v -71.534469604492188 -28.592531204223633 -12.783269882202148 0 0 0
v -76.261497497558594 -27.629934310913086 -4.4926300048828125 0 0 0
v -81.250343322753906 -9.8410215377807617 -4.2415695190429688 0 0 0
v -81.705818176269531 -2.5857751369476318 -4.228938102722168 0 0 0
v -78.339447021484375 -14.035158157348633 -8.3899345397949219 0 0 0
v -80.09820556640625 -17.430885314941406 -4.2019157409667969 0 0 0
v -79.306625366210938 4.5915923118591309 -8.1639375686645508 0 0 0
v -77.645713806152344 -19.887651443481445 -7.7690176963806152 0 0 0
v -78.33990478515625 -22.935796737670898 -4.4218902587890625 0 0 0
v -72.428009033203125 -31.43670654296875 -8.4926118850708008 0 0 0
v -73.456901550292969 -31.63789176940918 -4.6350092887878418 0 0 0
v -47.189945220947266 -42.94110107421875 -11.51302433013916 0 0 0
v -43.334430694580078 -44.714836120605469 -6.3388009071350098 0 0 0
v -40.657817840576172 -43.383171081542969 -11.457098007202148 0 0 0
v -10.033544540405273 -45.075325012207031 -9.4279594421386719 0 0 0
v -22.076313018798828 -43.535976409912109 -11.69746208190918 0 0 0
v -33.676994323730469 -43.567405700683594 -11.484747886657715 0 0 0
v -7.2846832275390625 -43.071563720703125 -12.123353004455566 0 0 0
v -25.576488494873047 -46.049407958984375 -6.9235324859619141 0 0 0
v -35.705562591552734 -45.50177001953125 -6.5956873893737793 0 0 0
v 4.047905445098877 -44.224990844726562 -10.605052947998047 0 0 0
v -14.045524597167969 -46.344234466552734 -7.2994050979614258 0 0 0
v 6.7293047904968262 -46.024925231933594 -8.3818244934082031 0 0 0
v -80.535682678222656 16.104333877563477 -3.9909756183624268 0 0 0
v -81.6373291015625 10.858895301818848 -3.9762599468231201 0 0 0
v -82.265525817871094 3.206690788269043 -3.9737582206726074 0 0 0
v 152.53573608398438 45.156993865966797 -19.061136245727539 0 0 0
v 158.54652404785156 42.394451141357422 -17.783180236816406 0 0 0
v 159.3096923828125 42.545581817626953 -17.301116943359375 0 0 0
v 164.39370727539062 39.115020751953125 -15.846399307250977 0 0 0
v 36.059562683105469 45.129486083984375 -10.121726036071777 0 0 0
v 186.03720092773438 3.2268459796905518 -6.5649199485778809 0 0 0
v 86.833747863769531 55.230873107910156 -19.799772262573242 0 0 0
v 20.399906158447266 46.146797180175781 -9.1987819671630859 0 0 0
v 2.2330322265625 46.758049011230469 -8.1879281997680664 0 0 0
v 21.108270645141602 45.423664093017578 -9.1553459167480469 0 0 0
v 35.814472198486328 45.676628112792969 -10.153170585632324 0 0 0
v 67.586692810058594 52.828159332275391 -18.040945053100586 0 0 0
v 73.244644165039062 53.91204833984375 -18.886089324951172 0 0 0
v 180.5035400390625 24.096918106079102 -9.569798469543457 0 0 0
v 179.55519104003906 26.631166458129883 -9.815648078918457 0 0 0
v 178.19157409667969 27.665321350097656 -10.635603904724121 0 0 0
v 173.60595703125 32.710727691650391 -12.21103572845459 0 0 0
v 183.22979736328125 18.775323867797852 -7.9461202621459961 0 0 0
v 142.48919677734375 52.519443511962891 -23.533647537231445 0 0 0
v 136.58308410644531 53.675521850585938 -23.593757629394531 0 0 0
v 77.057266235351562 53.042510986328125 -33.345096588134766 0 0 0
v 119.53302764892578 55.893939971923828 -24.327020645141602 0 0 0
v 129.56617736816406 54.679813385009766 -24.018146514892578 0 0 0
v 134.35391235351562 53.703521728515625 -22.670822143554688 0 0 0
v 136.58308410644531 53.675521850585938 -23.593757629394531 0 0 0
v 85.574760437011719 58.189876556396484 -24.048343658447266 0 0 0
v 80.116119384765625 58.184078216552734 -22.855106353759766 0 0 0
v 93.83270263671875 57.712692260742188 -23.012632369995117 0 0 0
v 55.313457489013672 49.312587738037109 -31.174861907958984 0 0 0
v 61.188095092773438 50.995040893554688 -32.135593414306641 0 0 0
v 37.817646026611328 48.565708160400391 -15.057919502258301 0 0 0
v 20.303030014038086 48.259830474853516 -15.178596496582031 0 0 0
v 9.3067655563354492 49.25225830078125 -15.209720611572266 0 0 0
v 51.221149444580078 51.726005554199219 -18.238597869873047 0 0 0
v 72.4981689453125 57.676956176757812 -23.453649520874023 0 0 0
v 26.115318298339844 33.608554840087891 -27.603271484375 0 0 0
v 21.170612335205078 33.064128875732422 -27.544658660888672 0 0 0
v 22.396860122680664 33.890949249267578 -26.84294319152832 0 0 0
v 167.7955322265625 35.825168609619141 -30.34318733215332 0 0 0
v 180.3974609375 28.091953277587891 -23.570724487304688 0 0 0
v 54.866287231445312 44.018062591552734 -34.190422058105469 0 0 0
v 47.847179412841797 40.644515991210938 -32.961845397949219 0 0 0
v 118.58852386474609 46.74005126953125 -37.616180419921875 0 0 0
v 20.671606063842773 38.979694366455078 -23.417158126831055 0 0 0
v 18.61070442199707 37.849132537841797 -23.976947784423828 0 0 0
v 2.2228167057037354 49.899955749511719 -17.332376480102539 0 0 0
v -9.2662220001220703 51.1619873046875 -16.987348556518555 0 0 0
v 137.15744018554688 45.435802459716797 -36.426700592041016 0 0 0
v 154.39117431640625 46.654861450195312 -30.672882080078125 0 0 0
v 35.350372314453125 48.331554412841797 -14.07005786895752 0 0 0
v 51.221149444580078 51.726005554199219 -18.238597869873047 0 0 0
v 51.424671173095703 51.389610290527344 -17.057653427124023 0 0 0
v 50.314929962158203 47.375511169433594 -30.261856079101562 0 0 0
v 49.443534851074219 45.879966735839844 -30.488372802734375 0 0 0
v 79.295623779296875 58.159065246582031 -23.886236190795898 0 0 0
v 85.574760437011719 58.189876556396484 -24.048343658447266 0 0 0
v 187.95938110351562 16.011390686035156 -8.3244867324829102 0 0 0
v 159.14646911621094 39.362407684326172 -33.663829803466797 0 0 0
v 167.14129638671875 37.070587158203125 -29.997869491577148 0 0 0
v 9.4607200622558594 38.656021118164062 -26.16368293762207 0 0 0
v 33.009365081787109 35.9744873046875 -25.427518844604492 0 0 0
v 35.648490905761719 36.703903198242188 -28.687379837036133 0 0 0
v 21.170612335205078 33.064128875732422 -27.544658660888672 0 0 0
v 24.130895614624023 39.151187896728516 -23.487392425537109 0 0 0
v -85.713088989257812 35.170234680175781 -33.987380981445312 0 0 0
v -90.664230346679688 32.470993041992188 -32.158027648925781 0 0 0
v -87.634262084960938 34.767204284667969 -32.683189392089844 0 0 0
v -100.40973663330078 20.54078483581543 -20.489269256591797 0 0 0
v -101.83856964111328 10.177329063415527 -18.033651351928711 0 0 0
v -101.05918121337891 16.429912567138672 -18.528779983520508 0 0 0
v -102.01416015625 0.37231290340423584 -17.125856399536133 0 0 0
v -101.68297576904297 -9.4183130264282227 -18.454120635986328 0 0 0
v -68.109291076660156 43.800983428955078 -32.989414215087891 0 0 0
v -69.073997497558594 47.902687072753906 -18.39582633972168 0 0 0
v -85.426002502441406 41.002399444580078 -16.260622024536133 0 0 0
v -52.573184967041016 50.418617248535156 -18.950220108032227 0 0 0
v -62.566341400146484 49.200954437255859 -18.545597076416016 0 0 0
v -54.470199584960938 50.218856811523438 -17.711202621459961 0 0 0
v -97.816368103027344 24.878726959228516 -26.629098892211914 0 0 0
v -68.109291076660156 43.800983428955078 -32.989414215087891 0 0 0
v -66.427970886230469 44.833023071289062 -32.480602264404297 0 0 0
v -85.392578125 39.995185852050781 -29.962320327758789 0 0 0
v -67.348731994628906 39.339248657226562 -36.505954742431641 0 0 0
v -87.691856384277344 -20.894493103027344 -33.462890625 0 0 0
v -91.777503967285156 -20.493213653564453 -31.672817230224609 0 0 0
v 99.714363098144531 51.638431549072266 -23.19813346862793 0 0 0
v 114.4127197265625 50.425765991210938 -23.42559814453125 0 0 0
v 114.74919128417969 52.42181396484375 -20.364980697631836 0 0 0
v -81.705818176269531 -2.5857751369476318 -4.228938102722168 0 0 0
v 164.41612243652344 -39.101573944091797 -15.834399223327637 0 0 0
v 137.05270385742188 -49.433784484863281 -20.489080429077148 0 0 0
v 137.05270385742188 -49.433784484863281 -20.489080429077148 0 0 0
v 48.114425659179688 -46.893619537353516 -12.614959716796875 0 0 0
v 41.690177917480469 -45.652961730957031 -11.053132057189941 0 0 0
v 44.877510070800781 -46.721420288085938 -11.760537147521973 0 0 0
v 51.493820190429688 -48.478687286376953 -13.52821159362793 0 0 0
v 79.463516235351562 -54.481521606445312 -19.524372100830078 0 0 0
v 73.244842529296875 -53.910907745361328 -18.886138916015625 0 0 0
v 21.907548904418945 -45.405033111572266 -9.159632682800293 0 0 0
v -2.7676782608032227 -43.880916595458984 -30.876255035400391 0 0 0
v -1.3927940130233765 -42.254352569580078 -30.739343643188477 0 0 0
v 76.870468139648438 -53.126834869384766 -33.175273895263672 0 0 0
v 85.47528076171875 -53.340843200683594 -33.589809417724609 0 0 0
v 128.46476745605469 -54.346763610839844 -22.656356811523438 0 0 0
v 144.10220336914062 -52.347129821777344 -22.892141342163086 0 0 0
v 61.299667358398438 -51.00750732421875 -32.166244506835938 0 0 0
v 55.886207580566406 -49.482864379882812 -31.289525985717773 0 0 0
v 181.61050415039062 -30.095399856567383 -11.47516918182373 0 0 0
v 9.606968879699707 -49.224960327148438 -15.196706771850586 0 0 0
v 26.245185852050781 -47.511989593505859 -12.383544921875 0 0 0
v 34.710884094238281 -47.885826110839844 -15.387755393981934 0 0 0
v 50.985176086425781 -51.647953033447266 -18.121946334838867 0 0 0
v 20.686880111694336 -33.055282592773438 -27.565526962280273 0 0 0
v 17.84466552734375 -33.068523406982422 -27.867698669433594 0 0 0
v 72.883110046386719 -47.380985260009766 -37.154579162597656 0 0 0
v -8.5794248580932617 -51.101165771484375 -16.879804611206055 0 0 0
v -11.248385429382324 -51.304985046386719 -18.261016845703125 0 0 0
v 152.19044494628906 -41.870269775390625 -35.427051544189453 0 0 0
v 153.27987670898438 -42.145595550537109 -34.631401062011719 0 0 0
v 154.39247131347656 -46.653785705566406 -30.671722412109375 0 0 0
v 138.82633972167969 -49.290943145751953 -33.443698883056641 0 0 0
v 41.193534851074219 -43.843544006347656 -27.067270278930664 0 0 0
v 79.520050048828125 -58.144916534423828 -23.942960739135742 0 0 0
v 85.562667846679688 -58.183284759521484 -24.060750961303711 0 0 0
v 186.95835876464844 -19.594253540039062 -8.8468999862670898 0 0 0
v 188.15287780761719 -14.631707191467285 -7.9835262298583984 0 0 0
v 183.62582397460938 -26.830677032470703 -10.234098434448242 0 0 0
v 155.080322265625 -40.900913238525391 -34.806747436523438 0 0 0
v 152.19044494628906 -41.870269775390625 -35.427051544189453 0 0 0
v 51.4200439453125 -42.733768463134766 -31.016574859619141 0 0 0
v 51.080192565917969 -42.553092956542969 -33.265037536621094 0 0 0
v 189.51072692871094 -2.7425577640533447 -7.1452178955078125 0 0 0
v -51.572364807128906 -44.083099365234375 -5.9785957336425781 0 0 0
v -55.888206481933594 -45.007247924804688 -8.7653284072875977 0 0 0
v 23.593608856201172 -39.251609802246094 -23.343307495117188 0 0 0
v 18.310895919799805 -38.344249725341797 -23.978145599365234 0 0 0
v -89.226127624511719 -33.394283294677734 -32.825725555419922 0 0 0
v -85.767539978027344 -34.802097320556641 -33.984371185302734 0 0 0
v -102.01416015625 0.37231290340423584 -17.125856399536133 0 0 0
v -57.341945648193359 -45.782268524169922 -32.333225250244141 0 0 0
v -68.100982666015625 -43.790107727050781 -32.991767883300781 0 0 0
v -58.229358673095703 -49.781925201416016 -17.561296463012695 0 0 0
v -62.990444183349609 -49.133480072021484 -18.50352668762207 0 0 0
v -85.161369323730469 -39.342174530029297 -30.855043411254883 0 0 0
v -84.727790832519531 -40.281593322753906 -30.180278778076172 0 0 0
v -96.957138061523438 -28.931028366088867 -24.622980117797852 0 0 0
v -95.907135009765625 -27.382883071899414 -29.040945053100586 0 0 0
v -84.727790832519531 -40.281593322753906 -30.180278778076172 0 0 0
v 13.68675708770752 -41.65069580078125 -12.888306617736816 0 0 0
v -45.403228759765625 45.210689544677734 -6.3404960632324219 0 0 0
v -52.299365997314453 43.872119903564453 -5.9269900321960449 0 0 0
v -63.058460235595703 40.258632659912109 -5.3137307167053223 0 0 0
v -67.276954650878906 37.782115936279297 -4.9264645576477051 0 0 0
v -52.299365997314453 43.872119903564453 -5.9269900321960449 0 0 0
v -67.276954650878906 37.782115936279297 -4.9264645576477051 0 0 0
v -70.022781372070312 34.974639892578125 -4.9794926643371582 0 0 0
v -71.268394470214844 34.687812805175781 -4.6143474578857422 0 0 0
v -74.185157775878906 30.802980422973633 -4.6420559883117676 0 0 0
v -74.185157775878906 30.802980422973633 -4.6420559883117676 0 0 0
v -76.492233276367188 28.194568634033203 -4.3138232231140137 0 0 0
v -77.529800415039062 25.410747528076172 -4.1398706436157227 0 0 0
v -71.268394470214844 34.687812805175781 -4.6143474578857422 0 0 0
v -74.537307739257812 31.080623626708984 -4.4383997917175293 0 0 0
v 153.00508117675781 42.231819152832031 -34.579536437988281 0 0 0
v 183.65013122558594 23.963144302368164 -21.648977279663086 0 0 0
v 185.27679443359375 21.077842712402344 -20.389131546020508 0 0 0
v 116.4830322265625 51.627422332763672 -34.147090911865234 0 0 0
v 111.15829467773438 48.15283203125 -34.239444732666016 0 0 0
v 40.281269073486328 43.403858184814453 -26.965654373168945 0 0 0
v 185.50241088867188 10.278260231018066 -6.869542121887207 0 0 0
v 188.74635314941406 1.9017372131347656 -14.636689186096191 0 0 0
v 188.14166259765625 10.34222412109375 -15.071117401123047 0 0 0
v 189.75181579589844 14.493937492370605 -13.80665111541748 0 0 0
v 5.7201881408691406 35.098114013671875 -31.340572357177734 0 0 0
v -3.4528818130493164 39.178264617919922 -34.867160797119141 0 0 0
v 134.35391235351562 53.703521728515625 -22.670822143554688 0 0 0
v -12.54291820526123 45.300777435302734 -33.144798278808594 0 0 0
v -98.029273986816406 9.6793060302734375 -7.7139091491699219 0 0 0
v -98.997962951660156 6.4284310340881348 -8.6005973815917969 0 0 0
v -98.258621215820312 -6.8299221992492676 -7.7766623497009277 0 0 0
v -46.594303131103516 40.361534118652344 -36.983619689941406 0 0 0
v -67.425956726074219 -39.474021911621094 -36.505901336669922 0 0 0
v -67.348731994628906 39.339248657226562 -36.505954742431641 0 0 0
v 73.244644165039062 53.91204833984375 -18.886089324951172 0 0 0
v 74.874763488769531 52.5673828125 -22.677288055419922 0 0 0
v 79.462387084960938 54.483116149902344 -19.523664474487305 0 0 0
v -81.705818176269531 -2.5857751369476318 -4.228938102722168 0 0 0
v -42.311500549316406 -45.589496612548828 -6.329857349395752 0 0 0
v -43.334430694580078 -44.714836120605469 -6.3388009071350098 0 0 0
v -51.572364807128906 -44.083099365234375 -5.9785957336425781 0 0 0
v -63.931083679199219 -39.861572265625 -5.2797222137451172 0 0 0
v -67.44635009765625 -37.665840148925781 -4.8782377243041992 0 0 0
v -71.492813110351562 -34.609592437744141 -4.6816692352294922 0 0 0
v -76.261497497558594 -27.629934310913086 -4.4926300048828125 0 0 0
v -78.33990478515625 -22.935796737670898 -4.4218902587890625 0 0 0
v -76.122039794921875 -28.914518356323242 -4.349031925201416 0 0 0
v 188.32925415039062 -11.084461212158203 -18.065591812133789 0 0 0
v 186.73518371582031 -17.742769241333008 -19.498275756835938 0 0 0
v -100.51499938964844 1.3047252893447876 -12.312979698181152 0 0 0
v 184.10537719726562 -23.26820182800293 -21.29301643371582 0 0 0
v 185.620849609375 -19.308809280395508 -20.689973831176758 0 0 0
v 186.73518371582031 -17.742769241333008 -19.498275756835938 0 0 0
v -2.7676782608032227 -43.880916595458984 -30.876255035400391 0 0 0
v 1.9900779724121094 -42.87567138671875 -28.144742965698242 0 0 0
v 188.60260009765625 -5.2491397857666016 -14.71710205078125 0 0 0
v 188.32925415039062 -11.084461212158203 -18.065591812133789 0 0 0
v 6.2732834815979004 -35.611560821533203 -27.482767105102539 0 0 0
v 24.048479080200195 -34.160629272460938 -23.958168029785156 0 0 0
v 57.481689453125 -49.167354583740234 -32.236331939697266 0 0 0
v 58.521289825439453 -45.189552307128906 -32.378871917724609 0 0 0
v 63.985370635986328 -46.604053497314453 -33.066635131835938 0 0 0
v 60.392711639404297 -45.008823394775391 -35.924701690673828 0 0 0
v 64.104583740234375 -46.077438354492188 -36.444187164306641 0 0 0
v 160.29800415039062 -43.889144897460938 -29.336883544921875 0 0 0
v 159.84075927734375 -40.034927368164062 -29.515371322631836 0 0 0
v -98.796989440917969 -23.053733825683594 -25.878335952758789 0 0 0
v -96.285881042480469 -27.471015930175781 -28.271669387817383 0 0 0
v -96.2408447265625 -26.226627349853516 -25.267560958862305 0 0 0
v 20.22606086730957 -33.822563171386719 -23.88551139831543 0 0 0
v -99.001815795898438 -7.0910210609436035 -8.6568470001220703 0 0 0
v -98.258621215820312 -6.8299221992492676 -7.7766623497009277 0 0 0
v -98.997962951660156 6.4284310340881348 -8.6005973815917969 0 0 0
v -96.2408447265625 -26.226627349853516 -25.267560958862305 0 0 0
v -51.506641387939453 -41.262542724609375 -36.280158996582031 0 0 0
v -74.5682373046875 -38.364376068115234 -36.040821075439453 0 0 0
v -78.7080078125 -37.109226226806641 -35.546108245849609 0 0 0
v -99.0069580078125 22.28978157043457 -26.291206359863281 0 0 0
v -96.93963623046875 26.022670745849609 -28.225288391113281 0 0 0
v -98.134971618652344 -23.976421356201172 -27.173707962036133 0 0 0
v -10.819924354553223 40.656948089599609 -36.439849853515625 0 0 0
v -5.8337507247924805 39.881923675537109 -35.54962158203125 0 0 0
v 172.40805053710938 33.792877197265625 -28.249599456787109 0 0 0
v 172.14662170410156 -33.971878051757812 -28.373294830322266 0 0 0
v 182.11160278320312 25.866863250732422 -19.019969940185547 0 0 0
v 185.27679443359375 21.077842712402344 -20.389131546020508 0 0 0
v -63.385932922363281 47.491600036621094 -14.747613906860352 0 0 0
v -69.781211853027344 47.689670562744141 -17.368076324462891 0 0 0
v 2.2330322265625 46.758049011230469 -8.1879281997680664 0 0 0
v 16.266658782958984 47.300891876220703 -10.969904899597168 0 0 0
v 2.2293827533721924 48.923988342285156 -12.8272705078125 0 0 0
v -4.228766918182373 39.974224090576172 -34.581989288330078 0 0 0
v -5.8337507247924805 39.881923675537109 -35.54962158203125 0 0 0
v -75.386421203613281 43.412441253662109 -31.739616394042969 0 0 0
v -71.444747924804688 44.291175842285156 -31.645753860473633 0 0 0
v -61.679988861083984 -40.070335388183594 -5.5408525466918945 0 0 0
v -100.42538452148438 18.410140991210938 -24.769369125366211 0 0 0
v 176.22171020507812 -31.083942413330078 -26.328960418701172 0 0 0
v 188.26152038574219 -9.5588588714599609 -18.720756530761719 0 0 0
v -66.243934631347656 -44.904430389404297 -32.422077178955078 0 0 0
v 172.14662170410156 -33.971878051757812 -28.373294830322266 0 0 0
v 168.0185546875 -35.773967742919922 -30.242273330688477 0 0 0
v 167.7955322265625 35.825168609619141 -30.34318733215332 0 0 0
v 172.14662170410156 -33.971878051757812 -28.373294830322266 0 0 0
v 188.26152038574219 -9.5588588714599609 -18.720756530761719 0 0 0
v 185.620849609375 -19.308809280395508 -20.689973831176758 0 0 0
v 185.75865173339844 19.178928375244141 -20.603851318359375 0 0 0
v 169.97857666015625 -40.435932159423828 -24.54176139831543 0 0 0
v 187.90634155273438 -21.046249389648438 -15.205339431762695 0 0 0
v -1.6965137720108032 -39.017990112304688 -30.824207305908203 0 0 0
v 6.2732834815979004 -35.611560821533203 -27.482767105102539 0 0 0
v 2.2296135425567627 -48.913917541503906 -12.800073623657227 0 0 0
v 15.624208450317383 -47.367961883544922 -11.041367530822754 0 0 0
v 2.2327969074249268 -46.782508850097656 -8.2164287567138672 0 0 0
v -2.0054996013641357 -39.117488861083984 -33.724994659423828 0 0 0
v -101.83856964111328 10.177329063415527 -18.033651351928711 0 0 0
v 154.52456665039062 -44.929195404052734 -18.536134719848633 0 0 0
v -93.537773132324219 -32.155261993408203 -12.755520820617676 0 0 0
v -91.5927734375 -33.97161865234375 -12.63373851776123 0 0 0
v -93.388580322265625 -31.308145523071289 -11.707586288452148 0 0 0
v 13.272525787353516 48.734455108642578 -16.063007354736328 0 0 0
v 152.87322998046875 45.756404876708984 -18.925365447998047 0 0 0
v -12.54291820526123 45.300777435302734 -33.144798278808594 0 0 0
v -17.356243133544922 51.538032531738281 -17.975774765014648 0 0 0
v 8.3123750686645508 40.093101501464844 -26.261219024658203 0 0 0
v 11.715210914611816 42.465461730957031 -23.004875183105469 0 0 0
v -8.0209751129150391 39.960582733154297 -36.021553039550781 0 0 0
v 54.866287231445312 44.018062591552734 -34.190422058105469 0 0 0
v 60.638782501220703 45.784877777099609 -32.761795043945312 0 0 0
v 44.331333160400391 39.837364196777344 -31.332796096801758 0 0 0
v -4.228766918182373 39.974224090576172 -34.581989288330078 0 0 0
v -1.5802828073501587 38.948799133300781 -30.796258926391602 0 0 0
v 5.6998863220214844 35.760028839111328 -30.805404663085938 0 0 0
v 59.031181335449219 52.654880523681641 -26.5823974609375 0 0 0
v -25.296241760253906 41.694740295410156 -33.458259582519531 0 0 0
v 44.233905792236328 46.677013397216797 -11.67697811126709 0 0 0
v -1.9435585737228394 42.745502471923828 -30.956239700317383 0 0 0
v -83.716835021972656 41.571685791015625 -15.508504867553711 0 0 0
v -98.5693359375 13.853166580200195 -8.6006622314453125 0 0 0
v 86.365928649902344 54.637805938720703 -19.699136734008789 0 0 0
v 84.391159057617188 52.565242767333984 -22.919252395629883 0 0 0
v -61.691684722900391 40.034618377685547 -5.6241493225097656 0 0 0
v -17.354232788085938 -46.964279174804688 -7.260291576385498 0 0 0
v -14.045524597167969 -46.344234466552734 -7.2994050979614258 0 0 0
v -73.895408630371094 -32.131153106689453 -4.5492115020751953 0 0 0
v 180.08749389648438 -25.16990852355957 -9.4434585571289062 0 0 0
v 184.10537719726562 -23.26820182800293 -21.29301643371582 0 0 0
v 185.620849609375 -19.308809280395508 -20.689973831176758 0 0 0
v -14.683867454528809 -45.374275207519531 -33.243511199951172 0 0 0
v -14.73945140838623 -46.290256500244141 -32.742694854736328 0 0 0
v -17.357599258422852 -51.532379150390625 -17.960182189941406 0 0 0
v 188.600341796875 1.4973437786102295 -6.5402250289916992 0 0 0
v -14.73945140838623 -46.290256500244141 -32.742694854736328 0 0 0
v -11.171530723571777 -46.091033935546875 -32.349300384521484 0 0 0
v -15.272865295410156 -48.254856109619141 -27.98420524597168 0 0 0
v -67.837196350097656 -40.031822204589844 -33.017036437988281 0 0 0
v 184.39591979980469 -27.827760696411133 -17.64564323425293 0 0 0
v -64.59521484375 -46.453449249267578 -13.563806533813477 0 0 0
v -67.44635009765625 -37.665840148925781 -4.8782377243041992 0 0 0
v 125.23332977294922 -46.990829467773438 -33.9891357421875 0 0 0
v 132.98126220703125 -46.072319030761719 -36.622333526611328 0 0 0
v 115.97039794921875 -52.880950927734375 -20.366434097290039 0 0 0
v 128.46476745605469 -54.346763610839844 -22.656356811523438 0 0 0
v -67.837196350097656 -40.031822204589844 -33.017036437988281 0 0 0
v 35.081157684326172 -36.613414764404297 -26.020421981811523 0 0 0
v -98.626914978027344 -14.200444221496582 -8.7895793914794922 0 0 0
v -97.434745788574219 -12.72574520111084 -7.7111735343933105 0 0 0
v -61.679988861083984 -40.070335388183594 -5.5408525466918945 0 0 0
v -61.458106994628906 -39.838920593261719 -12.069842338562012 0 0 0
v -91.563377380371094 32.282600402832031 -31.146718978881836 0 0 0
v -91.272453308105469 32.084407806396484 -28.630100250244141 0 0 0
v -17.350793838500977 46.891529083251953 -7.1531062126159668 0 0 0
v 162.00067138671875 39.014469146728516 -20.351533889770508 0 0 0
v 164.39370727539062 39.115020751953125 -15.846399307250977 0 0 0
v 98.923980712890625 47.754890441894531 -37.749240875244141 0 0 0
v 189.51072692871094 -2.7425577640533447 -7.1452178955078125 0 0 0
v 2.793971061706543 41.761989593505859 -28.612525939941406 0 0 0
v -62.566341400146484 49.200954437255859 -18.545597076416016 0 0 0
v -64.107933044433594 46.565349578857422 -27.364580154418945 0 0 0
v -69.073997497558594 47.902687072753906 -18.39582633972168 0 0 0
v -17.356243133544922 51.538032531738281 -17.975774765014648 0 0 0
v -17.362277984619141 41.572673797607422 -36.287517547607422 0 0 0
v 103.74060821533203 52.285945892333984 -34.260765075683594 0 0 0
v 73.269622802734375 48.025691986083984 -33.710746765136719 0 0 0
v 74.696945190429688 52.042991638183594 -33.759784698486328 0 0 0
v -10.819924354553223 40.656948089599609 -36.439849853515625 0 0 0
v -14.694331169128418 40.869491577148438 -36.722774505615234 0 0 0
v 159.97830200195312 39.9920654296875 -29.46412467956543 0 0 0
v -76.492233276367188 28.194568634033203 -4.3138232231140137 0 0 0
v 147.25546264648438 51.554920196533203 -22.508487701416016 0 0 0
v 97.493789672851562 48.653881072998047 -34.251819610595703 0 0 0
v 53.467025756835938 48.436412811279297 -14.070892333984375 0 0 0
v 42.017898559570312 45.733474731445312 -11.093966484069824 0 0 0
v 2.2327969074249268 -46.782508850097656 -8.2164287567138672 0 0 0
v 173.64707946777344 -32.518695831298828 -12.418979644775391 0 0 0
v 168.57717895507812 -34.602031707763672 -18.324474334716797 0 0 0
v 164.41612243652344 -39.101573944091797 -15.834399223327637 0 0 0
v 167.151611328125 -42.445465087890625 -16.378854751586914 0 0 0
v 5.6508898735046387 -47.323089599609375 -20.37895393371582 0 0 0
v 1.9900779724121094 -42.87567138671875 -28.144742965698242 0 0 0
v -9.0453701019287109 -48.000907897949219 -27.275051116943359 0 0 0
v -14.594326972961426 -50.309898376464844 -22.079326629638672 0 0 0
v -17.357599258422852 -51.532379150390625 -17.960182189941406 0 0 0
v -13.30388355255127 -41.552722930908203 -33.1943359375 0 0 0
v -17.362941741943359 -41.574329376220703 -36.277671813964844 0 0 0
v -10.807229042053223 -41.331180572509766 -35.889369964599609 0 0 0
v 51.4200439453125 -42.733768463134766 -31.016574859619141 0 0 0
v -12.29652214050293 -40.336933135986328 -36.567611694335938 0 0 0
v -15.355317115783691 -40.887069702148438 -36.747173309326172 0 0 0
v -14.694331169128418 40.869491577148438 -36.722774505615234 0 0 0
v 159.22186279296875 -39.683506011962891 -33.659133911132812 0 0 0
v 163.12959289550781 38.276668548583984 -32.255119323730469 0 0 0
v 164.0257568359375 -37.917221069335938 -31.900529861450195 0 0 0
v -17.354232788085938 -46.964279174804688 -7.260291576385498 0 0 0
v 188.600341796875 1.4973437786102295 -6.5402250289916992 0 0 0
v 159.84075927734375 -40.034927368164062 -29.515371322631836 0 0 0
v 132.98126220703125 -46.072319030761719 -36.622333526611328 0 0 0
v 136.65580749511719 -53.635223388671875 -23.655487060546875 0 0 0
v 125.37586212158203 -51.667152404785156 -33.444507598876953 0 0 0
v 107.84141540527344 -52.961715698242188 -33.838481903076172 0 0 0
v 97.489097595214844 -48.652828216552734 -34.2518310546875 0 0 0
v 91.670120239257812 -55.004619598388672 -19.97187614440918 0 0 0
v 136.50668334960938 -50.207260131835938 -20.400224685668945 0 0 0
v 162.35508728027344 -45.887382507324219 -19.378032684326172 0 0 0
v 165.70770263671875 -42.523681640625 -26.457218170166016 0 0 0
v 168.51144409179688 -42.014072418212891 -19.992136001586914 0 0 0
v 146.49061584472656 -47.779266357421875 -32.778820037841797 0 0 0
v 138.82633972167969 -49.290943145751953 -33.443698883056641 0 0 0
v 138.591796875 -45.271640777587891 -33.510932922363281 0 0 0
v -102.61996459960938 -4.6255526542663574 -21.547941207885742 0 0 0
v -101.30694580078125 -2.2765817642211914 -19.196151733398438 0 0 0
v -102.49656677246094 2.8509504795074463 -21.138845443725586 0 0 0
v -80.189117431640625 -41.151557922363281 -31.924007415771484 0 0 0
v -85.161369323730469 -39.342174530029297 -30.855043411254883 0 0 0
v -88.664169311523438 -34.279422760009766 -32.531173706054688 0 0 0
v -80.797325134277344 -26.926174163818359 -35.207019805908203 0 0 0
v -85.767539978027344 -34.802097320556641 -33.984371185302734 0 0 0
v 39.076309204101562 -37.821922302246094 -29.597394943237305 0 0 0
v 61.642139434814453 46.03814697265625 -35.493057250976562 0 0 0
v 135.14456176757812 45.227771759033203 -37.112838745117188 0 0 0
v 142.27223205566406 43.660373687744141 -36.717727661132812 0 0 0
v -99.691879272460938 19.244558334350586 -15.263839721679688 0 0 0
v -97.213150024414062 23.202177047729492 -10.182063102722168 0 0 0
v -100.40973663330078 20.54078483581543 -20.489269256591797 0 0 0
v -93.869873046875 31.658220291137695 -12.490239143371582 0 0 0
v 183.86198425292969 24.505142211914062 -9.1149272918701172 0 0 0
v 22.576320648193359 42.18939208984375 -20.683919906616211 0 0 0
v 20.671606063842773 38.979694366455078 -23.417158126831055 0 0 0
v 27.170795440673828 47.967376708984375 -14.781088829040527 0 0 0
v -77.818206787109375 45.154617309570312 -17.507678985595703 0 0 0
v -89.622100830078125 37.526832580566406 -28.722257614135742 0 0 0
v -92.587425231933594 35.170700073242188 -27.133588790893555 0 0 0
v 182.46261596679688 24.865421295166016 -22.777233123779297 0 0 0
v 2.2228167057037354 49.899955749511719 -17.332376480102539 0 0 0
v 75.69976806640625 48.160076141357422 -36.701530456542969 0 0 0
v 72.022407531738281 47.298023223876953 -37.112003326416016 0 0 0
v 75.930862426757812 14.134796142578125 -37.274993896484375 0 0 0
v 68.319816589355469 46.633617401123047 -36.866146087646484 0 0 0
v 137.15744018554688 45.435802459716797 -36.426700592041016 0 0 0
v 137.15744018554688 45.435802459716797 -36.426700592041016 0 0 0
v -58.598255157470703 40.909320831298828 -33.301429748535156 0 0 0
v 86.833747863769531 55.230873107910156 -19.799772262573242 0 0 0
v -55.978420257568359 41.589866638183594 -11.737641334533691 0 0 0
v -57.317241668701172 41.675067901611328 -5.9111127853393555 0 0 0
v -60.406051635742188 40.287731170654297 -11.993643760681152 0 0 0
v -15.705630302429199 46.298259735107422 -7.2766623497009277 0 0 0
v -15.543400764465332 43.414035797119141 -11.855159759521484 0 0 0
v 2.7952225208282471 46.064510345458984 -8.1951942443847656 0 0 0
v 183.26361083984375 -18.702386856079102 -7.9210381507873535 0 0 0
v 181.50431823730469 -18.431331634521484 -13.825133323669434 0 0 0
v 183.25474548339844 -12.139335632324219 -13.227993011474609 0 0 0
v 184.72518920898438 -12.61332893371582 -7.3970589637756348 0 0 0
v 144.91189575195312 -51.607128143310547 -21.974281311035156 0 0 0
v 50.985176086425781 -51.647953033447266 -18.121946334838867 0 0 0
v 40.534515380859375 -48.921661376953125 -15.485102653503418 0 0 0
v -62.990444183349609 -49.133480072021484 -18.50352668762207 0 0 0
v -64.101913452148438 -46.567642211914062 -27.355220794677734 0 0 0
v 39.076309204101562 -37.821922302246094 -29.597394943237305 0 0 0
v 72.687355041503906 -47.953838348388672 -33.675739288330078 0 0 0
v 67.102684020996094 -51.266712188720703 -33.326194763183594 0 0 0
v -46.679119110107422 -50.871368408203125 -17.719680786132812 0 0 0
v -17.357599258422852 -51.532379150390625 -17.960182189941406 0 0 0
v -73.895408630371094 -32.131153106689453 -4.5492115020751953 0 0 0
v 162.35508728027344 -45.887382507324219 -19.378032684326172 0 0 0
v -10.807229042053223 -41.331180572509766 -35.889369964599609 0 0 0
v 138.591796875 -45.271640777587891 -33.510932922363281 0 0 0
v 186.95835876464844 -19.594253540039062 -8.8468999862670898 0 0 0
v 189.51072692871094 -2.7425577640533447 -7.1452178955078125 0 0 0
v 128.46476745605469 -54.346763610839844 -22.656356811523438 0 0 0
v -0.007164092268794775 -47.709995269775391 -22.714347839355469 0 0 0
v 5.2642154693603516 -45.298046112060547 -23.229244232177734 0 0 0
v 68.647132873535156 -53.742099761962891 -17.981595993041992 0 0 0
v 64.179229736328125 -55.919540405273438 -20.97962760925293 0 0 0
v 70.983154296875 -57.400508880615234 -22.169445037841797 0 0 0
v 75.543144226074219 -54.827312469482422 -18.975879669189453 0 0 0
v 51.4200439453125 -42.733768463134766 -31.016574859619141 0 0 0
v -67.837196350097656 -40.031822204589844 -33.017036437988281 0 0 0
v -61.557712554931641 -40.602333068847656 -36.070789337158203 0 0 0
v -54.562049865722656 -50.171367645263672 -19.004236221313477 0 0 0
v -17.357599258422852 -51.532379150390625 -17.960182189941406 0 0 0
v -39.377197265625 -40.523418426513672 -37.030239105224609 0 0 0
v -95.907135009765625 -27.382883071899414 -29.040945053100586 0 0 0
v 57.322822570800781 -49.344520568847656 -16.639108657836914 0 0 0
v 45.419040679931641 -43.598812103271484 -17.32377815246582 0 0 0
v 52.822513580322266 -48.122341156005859 -14.125578880310059 0 0 0
v 35.32684326171875 -40.6153564453125 -14.906662940979004 0 0 0
v -52.232929229736328 -42.291423797607422 -11.60816764831543 0 0 0
v -57.485630035400391 -41.216609954833984 -11.813209533691406 0 0 0
v -50.720626831054688 -43.501663208007812 -6.0849127769470215 0 0 0
v -10.851879119873047 41.336772918701172 -35.913944244384766 0 0 0
v -96.021255493164062 -31.02610969543457 -24.575092315673828 0 0 0
v 43.324016571044922 39.466991424560547 -28.617612838745117 0 0 0
v 50.309707641601562 42.303600311279297 -30.69603157043457 0 0 0
v 64.086128234863281 46.629718780517578 -33.077789306640625 0 0 0
v 160.04876708984375 -46.306606292724609 -18.808856964111328 0 0 0
v 93.83270263671875 57.712692260742188 -23.012632369995117 0 0 0
v 21.50731086730957 -33.808143615722656 -26.949779510498047 0 0 0
v 17.956579208374023 -33.743247985839844 -24.190324783325195 0 0 0
v -44.080101013183594 44.584861755371094 -6.3547325134277344 0 0 0
v 139.02978515625 48.862113952636719 -33.472671508789062 0 0 0
v 142.27223205566406 43.660373687744141 -36.717727661132812 0 0 0
v 136.18515014648438 -45.038356781005859 -37.074939727783203 0 0 0
v 135.14456176757812 45.227771759033203 -37.112838745117188 0 0 0
v 191.22833251953125 5.5814766883850098 -12.451372146606445 0 0 0
v 35.331142425537109 40.734725952148438 -26.055723190307617 0 0 0
v -62.566341400146484 49.200954437255859 -18.545597076416016 0 0 0
v -44.080101013183594 44.584861755371094 -6.3547325134277344 0 0 0
v 118.19735717773438 -52.492576599121094 -33.257122039794922 0 0 0
v 77.143348693847656 -52.200275421142578 -33.831089019775391 0 0 0
v -1.3927940130233765 -42.254352569580078 -30.739343643188477 0 0 0
v 191.22833251953125 5.5814766883850098 -12.451372146606445 0 0 0
v -93.388580322265625 -31.308145523071289 -11.707586288452148 0 0 0
v -32.772373199462891 -50.828250885009766 -16.047677993774414 0 0 0
v 29.921220779418945 -15.324066162109375 -28.067985534667969 0 0 0
v -62.990444183349609 -49.133480072021484 -18.50352668762207 0 0 0
v -14.73945140838623 -46.290256500244141 -32.742694854736328 0 0 0
v 86.039413452148438 -54.638751983642578 -19.698720932006836 0 0 0
v 52.822513580322266 -48.122341156005859 -14.125578880310059 0 0 0
v 50.997768402099609 48.316963195800781 -13.387900352478027 0 0 0
v -72.320152282714844 27.170909881591797 -12.758033752441406 0 0 0
v -71.980224609375 -30.762302398681641 -10.358943939208984 0 0 0
v -71.534469604492188 -28.592531204223633 -12.783269882202148 0 0 0
v -101.05918121337891 16.429912567138672 -18.528779983520508 0 0 0
v 160.30224609375 39.883979797363281 -32.7445068359375 0 0 0
v 5.6998863220214844 35.760028839111328 -30.805404663085938 0 0 0
v 182.11160278320312 25.866863250732422 -19.019969940185547 0 0 0
v -94.669746398925781 -6.7983155250549316 -6.7550845146179199 0 0 0
v 138.59031677246094 45.272983551025391 -33.511154174804688 0 0 0
v 139.02978515625 48.862113952636719 -33.472671508789062 0 0 0
v 146.48574829101562 47.7877197265625 -32.778968811035156 0 0 0
v -97.816368103027344 24.878726959228516 -26.629098892211914 0 0 0
v -85.32855224609375 39.272491455078125 -30.80632209777832 0 0 0
v -95.05413818359375 29.013803482055664 -28.977909088134766 0 0 0
v 138.67401123046875 49.129314422607422 -20.446260452270508 0 0 0
v -75.849899291992188 13.230984687805176 -12.316707611083984 0 0 0
v 184.27294921875 2.485666036605835 -12.960224151611328 0 0 0
v 160.4180908203125 -39.830299377441406 -32.687641143798828 0 0 0
v 5.7329835891723633 -35.747257232666016 -30.776952743530273 0 0 0
v 13.528894424438477 -33.9775390625 -24.991300582885742 0 0 0
v 16.501026153564453 -33.677158355712891 -27.431344985961914 0 0 0
v 49.078258514404297 -45.990402221679688 -30.378686904907227 0 0 0
v -100.73363494873047 -17.884086608886719 -23.756647109985352 0 0 0
v -99.547309875488281 -18.124702453613281 -21.814138412475586 0 0 0
v -98.22320556640625 -22.196096420288086 -23.336095809936523 0 0 0
v -70.017692565917969 -34.977916717529297 -4.9781308174133301 0 0 0
v -76.657135009765625 4.9167141914367676 -12.25450611114502 0 0 0
v -57.485630035400391 -41.216609954833984 -11.813209533691406 0 0 0
v -57.677463531494141 -41.585098266601562 -5.8212299346923828 0 0 0
v -57.677463531494141 -41.585098266601562 -5.8212299346923828 0 0 0
v -71.980224609375 -30.762302398681641 -10.358943939208984 0 0 0
v 71.58697509765625 -0.57712388038635254 -37.084209442138672 0 0 0
v 2.2330322265625 46.758049011230469 -8.1879281997680664 0 0 0
v 46.761966705322266 47.976875305175781 -23.450061798095703 0 0 0
v 177.61453247070312 30.503761291503906 -21.490570068359375 0 0 0
v 176.00590515136719 31.937234878540039 -25.826164245605469 0 0 0
v 180.3974609375 28.091953277587891 -23.570724487304688 0 0 0
v 85.396919250488281 53.366313934326172 -33.541278839111328 0 0 0
v 191.28782653808594 6.1069555282592773 -11.554094314575195 0 0 0
v -59.735977172851562 49.511878967285156 -17.438730239868164 0 0 0
v -95.528289794921875 26.423580169677734 -10.185112953186035 0 0 0
v -82.02313232421875 28.810907363891602 -6.7082633972167969 0 0 0
v -82.01531982421875 -6.6358351707458496 -3.9627265930175781 0 0 0
v 46.761966705322266 47.976875305175781 -23.450061798095703 0 0 0
v 40.281269073486328 43.403858184814453 -26.965654373168945 0 0 0
v 42.002254486083984 46.370887756347656 -21.916879653930664 0 0 0
v -88.4293212890625 33.408187866210938 -33.100128173828125 0 0 0
v 46.400650024414062 43.984592437744141 -17.576755523681641 0 0 0
v 161.87265014648438 -39.105422973632812 -20.393693923950195 0 0 0
v 164.41612243652344 -39.101573944091797 -15.834399223327637 0 0 0
v -95.627983093261719 -28.222906112670898 -11.730096817016602 0 0 0
v 1.1137722730636597 -48.939815521240234 -19.717338562011719 0 0 0
v 72.687355041503906 -47.953838348388672 -33.675739288330078 0 0 0
v 77.143348693847656 -52.200275421142578 -33.831089019775391 0 0 0
v 85.47528076171875 -53.340843200683594 -33.589809417724609 0 0 0
v 68.319816589355469 46.633617401123047 -36.866146087646484 0 0 0
v -13.30388355255127 -41.552722930908203 -33.1943359375 0 0 0
v -9.5002222061157227 -44.987152099609375 -32.773845672607422 0 0 0
v -14.683867454528809 -45.374275207519531 -33.243511199951172 0 0 0
v -59.139816284179688 -47.8797607421875 -14.156207084655762 0 0 0
v 130.69157409667969 -54.493003845214844 -24.063724517822266 0 0 0
v 72.687355041503906 -47.953838348388672 -33.675739288330078 0 0 0
v 183.62582397460938 -26.830677032470703 -10.234098434448242 0 0 0
v -97.233184814453125 -18.984434127807617 -8.5154390335083008 0 0 0
v -13.30388355255127 -41.552722930908203 -33.1943359375 0 0 0
v 94.780143737792969 -57.694271087646484 -23.048389434814453 0 0 0
v -61.458106994628906 -39.838920593261719 -12.069842338562012 0 0 0
v -61.679988861083984 -40.070335388183594 -5.5408525466918945 0 0 0
v 5.2642154693603516 -45.298046112060547 -23.229244232177734 0 0 0
v 169.97857666015625 -40.435932159423828 -24.54176139831543 0 0 0
v -94.466682434082031 32.195472717285156 -18.008291244506836 0 0 0
v 6.0651388168334961 46.790107727050781 -20.963018417358398 0 0 0
v 77.057266235351562 53.042510986328125 -33.345096588134766 0 0 0
v 183.65013122558594 23.963144302368164 -21.648977279663086 0 0 0
v 191.46893310546875 0.0051246015354990959 -11.358316421508789 0 0 0
v 75.69976806640625 48.160076141357422 -36.701530456542969 0 0 0
v 2.2180008888244629 50.118659973144531 -16.282625198364258 0 0 0
v 35.331142425537109 40.734725952148438 -26.055723190307617 0 0 0
v 1.1578538417816162 43.944778442382812 -27.535120010375977 0 0 0
v 144.68792724609375 -47.751144409179688 -20.127655029296875 0 0 0
v -96.021255493164062 -31.02610969543457 -24.575092315673828 0 0 0
v 50.985176086425781 -51.647953033447266 -18.121946334838867 0 0 0
v 159.84075927734375 -40.034927368164062 -29.515371322631836 0 0 0
v 85.47528076171875 -53.340843200683594 -33.589809417724609 0 0 0
v -37.411712646484375 40.757762908935547 -37.036823272705078 0 0 0
v -8.5794248580932617 -51.101165771484375 -16.879804611206055 0 0 0
v 51.493820190429688 -48.478687286376953 -13.52821159362793 0 0 0
v 7.2344369888305664 -39.834987640380859 -27.019142150878906 0 0 0
v 136.6104736328125 -48.005634307861328 -23.511062622070312 0 0 0
v -50.720626831054688 -43.501663208007812 -6.0849127769470215 0 0 0
v 161.87265014648438 -39.105422973632812 -20.393693923950195 0 0 0
v -93.869873046875 31.658220291137695 -12.490239143371582 0 0 0
v 51.424671173095703 51.389610290527344 -17.057653427124023 0 0 0
v -1.5802828073501587 38.948799133300781 -30.796258926391602 0 0 0
v 5.5572762489318848 -43.182929992675781 -25.379629135131836 0 0 0
vn 7.9087571066338569E-05 -0.027705973014235497 0.99961608648300171
vn 0.018430858850479126 0.022167610004544258 0.9995843768119812
vn -0.01939074881374836 0.010044464841485023 0.99976152181625366
vn 0.041361786425113678 0.1229882538318634 0.99154579639434814
vn -0.02750789001584053 -0.0092864762991666794 0.99957847595214844
vn -0.025125158950686455 -0.0038104387931525707 0.99967706203460693
vn 0.048118297010660172 -0.12463599443435669 0.99103504419326782
vn 0.032362479716539383 -0.085489280521869659 0.99581336975097656
vn 0.076788343489170074 -0.24134831130504608 0.96739578247070312
vn 0.094278663396835327 -0.23456285893917084 0.9675183892250061
vn 0.019886057823896408 0.11794155836105347 0.99282139539718628
vn 0.05247146263718605 0.15383346378803253 0.98670262098312378
vn 0.019800877198576927 -0.15922203660011292 0.98704421520233154
vn 0.038475215435028076 0.31905761361122131 0.94695401191711426
vn 0.05594794824719429 0.27022743225097656 0.96116960048675537
vn 0.011762474663555622 0.26320508122444153 0.96466821432113647
vn -0.015761403366923332 0.28023147583007812 0.95980304479598999
vn -0.0027472088113427162 0.096698053181171417 0.99530994892120361
vn 0.015991330146789551 -0.24277554452419281 0.96995067596435547
vn -0.017615282908082008 -0.26312604546546936 0.96460062265396118
vn -0.0011911967303603888 -0.080741249024868011 0.9967343807220459
vn -0.00096067652339115739 -0.34213858842849731 0.93964898586273193
vn 0.012767911888659 -0.032973386347293854 0.99937468767166138
vn 0.073927313089370728 -0.31114506721496582 0.94748270511627197
vn 0.033189840614795685 -0.31483465433120728 0.94856607913970947
vn 0.0018753071781247854 0.33097541332244873 0.94363749027252197
vn -0.039226099848747253 -0.003707176074385643 0.99922347068786621
vn -0.037922251969575882 -0.00053727917838841677 0.99928057193756104
vn -0.038062188774347305 0.0058306315913796425 0.99925833940505981
vn 0.097315803170204163 0.23032829165458679 0.96823471784591675
vn 0.073858149349689484 0.31013891100883484 0.94781792163848877
usemtl vc_191919__Default
f 2//2 4//4 3//3 1//1
f 4//4 5//5 3//3
f 6//6 7//7 1//1
f 1//1 7//7 8//8
f 8//8 7//7 9//9
f 7//7 10//10 9//9
f 2//2 11//11 12//12
f 8//8 13//13 2//2
f 14//14 15//15 16//16
f 16//16 11//11 17//17
f 18//18 17//17 11//11
f 19//19 20//20 21//21
f 20//20 19//19 22//22
f 21//21 18//18 23//23
f 19//19 13//13 9//9
f 24//24 25//25 19//19
f 14//14 16//16 26//26
f 11//11 2//2 23//23
f 23//23 13//13 21//21
f 5//5 27//27 3//3
f 19//19 21//21 13//13
f 28//28 3//3 27//27
f 29//29 1//1 3//3 28//28
f 9//9 10//10 24//24
f 12//12 4//4 2//2
f 30//30 4//4 12//12
f 8//8 9//9 13//13
f 12//12 11//11 15//15
f 12//12 15//15 30//30
f 13//13 23//23 2//2
f 6//6 1//1 29//29
f 31//31 15//15 14//14
f 15//15 31//31 30//30
f 16//16 17//17 26//26
f 1//1 8//8 2//2
f 18//18 11//11 23//23
f 19//19 9//9 24//24
f 11//11 16//16 15//15
f 25//25 22//22 19//19
vn -0.30213811993598938 -0.92316710948944092 -0.23764471709728241
vn -0.40844503045082092 -0.78890424966812134 -0.4591326117515564
vn -0.44035938382148743 -0.89749515056610107 0.02420816570520401
vn -0.34827035665512085 -0.79808920621871948 -0.49169230461120605
vn -0.30582377314567566 -0.92220640182495117 -0.2366582453250885
vn -0.22186420857906342 -0.80941247940063477 -0.54371660947799683
vn -0.29076999425888062 -0.84408736228942871 -0.45052120089530945
vn -0.16292387247085571 -0.69946485757827759 -0.69584822654724121
vn -0.29027092456817627 -0.76024490594863892 -0.58118027448654175
vn 0.14369884133338928 -0.49782958626747131 -0.85528731346130371
vn -0.05983506515622139 -0.63899505138397217 -0.7668800950050354
vn -0.0056444951333105564 -0.69698083400726318 -0.71706753969192505
vn 0.05009908601641655 -0.78618651628494263 -0.61595523357391357
vn 0.029593473300337791 -0.55972623825073242 -0.82814902067184448
vn -0.50062233209609985 0.00063127331668511033 0.86566555500030518
vn -0.49728390574455261 -0.00280221295543015 0.86758333444595337
vn -0.49737071990966797 -0.0027126972563564777 0.86753386259078979
vn -0.55816221237182617 0.062680713832378387 0.82736086845397949
vn -0.86820024251937866 3.9879680116428062E-05 -0.49621400237083435
vn -0.86598581075668335 -2.7242518285675033E-07 -0.50006860494613647
vn -0.86681103706359863 0.00010138058860320598 -0.49863675236701965
vn -0.6835014820098877 0.68958115577697754 0.23938150703907013
vn -0.5310705304145813 0.80823564529418945 0.2543996274471283
vn -0.55374425649642944 0.80089998245239258 0.22787395119667053
vn -0.72744745016098022 0.66500639915466309 0.16907605528831482
vn -0.86784273386001587 0.44349485635757446 0.22396707534790039
vn -0.66861867904663086 0.60633206367492676 0.43047711253166199
vn -0.66861867904663086 0.60633206367492676 0.43047711253166199
vn -0.66861867904663086 0.60633206367492676 0.43047711253166199
vn -0.54036903381347656 -0.00046427294728346169 0.84142798185348511
vn -0.23580636084079742 0.0011951102642342448 0.97179931402206421
vn -0.26572173833847046 -0.0011245188070461154 0.96404910087585449
vn -0.77972835302352905 0.62611758708953857 0.0006610503769479692
vn -0.55521565675735474 0.83169776201248169 0.0037975730374455452
vn -0.6197364330291748 0.7847825288772583 0.0065627484582364559
vn -0.49999880790710449 1.5972447044987348E-06 0.86602610349655151
vn -0.50000005960464478 9.7216707217739895E-06 0.86602538824081421
vn -0.5000120997428894 -1.000824795482913E-06 0.86601841449737549
vn -0.50000792741775513 4.2900696826109197E-06 0.8660207986831665
vn -0.50000590085983276 -2.841849436663324E-06 0.86602199077606201
vn -0.49998846650123596 4.8730771595728584E-06 0.86603206396102905
vn -0.50000602006912231 -4.8781444093037862E-06 0.86602193117141724
vn -0.50002837181091309 -1.46266600609124E-07 0.86600899696350098
vn -0.50001430511474609 4.3468066905916203E-06 0.86601716279983521
vn -0.5000038743019104 -7.0822866291564424E-06 0.86602318286895752
vn -0.50002896785736084 -6.247559667826863E-06 0.86600863933563232
vn -0.50002932548522949 2.6359593903180212E-05 0.866008460521698
vn -0.49998411536216736 2.2574293325305916E-05 0.86603456735610962
vn -0.00043562400969676673 -0.99999982118606567 -0.000437830516602844
vn 3.7307119782781228E-05 -1 3.7436653656186536E-05
vn 1.2453100680431817E-05 -1 9.8338259704178199E-06
vn 3.9205820939969271E-05 -1 0.00011134451779071242
vn -0.1861652284860611 0.91682589054107666 0.35323187708854675
vn -0.18600822985172272 0.89993405342102051 0.39435979723930359
vn -0.29182684421539307 0.916953444480896 0.27209094166755676
vn -0.37549105286598206 0.87695270776748657 0.29993394017219543
vn -0.43094980716705322 0.87604266405105591 0.21640586853027344
vn -0.53393197059631348 0.80602878332138062 0.25540998578071594
vn -0.23739619553089142 0.96124053001403809 -0.14021280407905579
vn -0.14834208786487579 0.98586195707321167 -0.077915750443935394
vn -0.34477546811103821 0.91731244325637817 -0.19916760921478271
vn -0.44555655121803284 0.85756784677505493 -0.2570151686668396
vn -0.44555655121803284 0.85756784677505493 -0.2570151686668396
vn -0.44555655121803284 0.85756784677505493 -0.2570151686668396
vn -1.267926677428477E-06 8.2431608916522237E-07 1
vn 1.3676418575414573E-07 9.3112262788963562E-08 1
vn -9.545664880761251E-08 -6.87624037709611E-08 1
vn 3.5656697150443506E-07 -2.7916458478216555E-08 1
vn -3.5549560379877221E-06 -2.8184395262087492E-08 1
vn -1.0337634194002021E-05 1.0422896593809128E-05 1
vn -1.0991554518113844E-05 6.1685577747994103E-06 1
vn -0.78084546327590942 0.62472420930862427 2.1443199784698663E-06
vn -0.78084826469421387 0.62472075223922729 2.5464660211582668E-06
vn -0.78085589408874512 0.62471115589141846 -9.5367818175873253E-07
vn 0.10434389859437943 0.00061372551135718822 -0.99454110860824585
vn 0.18866376578807831 -0.0002206906647188589 -0.98204171657562256
vn 0.3852904736995697 0.0024576657451689243 -0.92279207706451416
vn 0.4999755322933197 0.00010778833529911935 -0.86603951454162598
vn 0.50000107288360596 -1.341219376627123E-05 -0.86602479219436646
vn 0.5000157356262207 -7.3450551099085715E-06 -0.86601632833480835
vn 0.49999901652336121 -2.5891657060128637E-05 -0.86602598428726196
vn 0.49998021125793457 3.6692203138954937E-05 -0.86603683233261108
vn 0.49989542365074158 -1.3429614227788989E-05 -0.86608576774597168
vn 0.49998971819877625 4.4684475142275915E-06 -0.86603134870529175
vn 0.50000441074371338 1.2417634707162506E-06 -0.86602288484573364
vn 0.50000184774398804 1.1988883670710493E-05 -0.86602437496185303
vn 0.49997276067733765 -0.0001081896698451601 -0.86604112386703491
vn 0.50003880262374878 8.632534445496276E-06 -0.86600297689437866
vn 0.49998876452445984 -4.6719446800125297E-06 -0.86603188514709473
vn 0.50037223100662231 -0.00011922093108296394 -0.86581039428710938
vn 0.49961727857589722 -6.0410267906263471E-05 -0.86624622344970703
vn 0.50196343660354614 0.00026586095918901265 -0.86488878726959229
vn 0.49999570846557617 8.403822903346736E-06 -0.86602789163589478
vn 0.50001353025436401 -2.3417513148160651E-05 -0.86601758003234863
vn 0.50000953674316406 9.2503460109583102E-06 -0.86601990461349487
vn 0.49999925494194031 2.7161017897014972E-06 -0.86602580547332764
vn 0.50000548362731934 1.7171363651868887E-05 -0.86602222919464111
vn -1 0 0
vn -1 0 0
vn -1 0 0
vn -0.48741483688354492 0.87317055463790894 -7.9239592665203418E-09
vn 0.1001431941986084 0.99497306346893311 3.4758695921510707E-09
vn 0.12787817418575287 0.99178987741470337 3.0647682169870905E-09
vn -0.61086118221282959 0.79173773527145386 -9.7881027727453329E-09
vn -0.99976545572280884 -0.021657984703779221 1.9753841229430691E-07
vn -0.99969810247421265 -0.024569908156991005 2.3310827046429949E-08
vn -0.63313579559326172 -0.77404075860977173 -1.4388745512405876E-05
vn -0.054792769253253937 -0.99849772453308105 0.00016605129349045455
vn -0.08527914434671402 -0.99635708332061768 0.00025318251573480666
vn -0.52355557680130005 -0.85199153423309326 -2.5985989395849174E-06
vn -0.2588382363319397 0 -0.96592068672180176
vn -0.2588382363319397 0 -0.96592068672180176
vn -0.2588382363319397 0 -0.96592068672180176
vn -0.49999654293060303 1.4705625517308363E-06 0.86602741479873657
vn -0.5000004768371582 -3.0644607704743976E-06 0.86602509021759033
vn -0.50000733137130737 -1.3280593691433751E-07 0.86602115631103516
vn -0.5000033974647522 3.5881828353012679E-07 0.86602342128753662
vn -0.49999275803565979 -1.042600814571415E-07 0.86602956056594849
vn -0.49995940923690796 -6.2477124629367609E-07 0.86604881286621094
vn -0.50000655651092529 -1.5535220882156864E-05 0.86602163314819336
vn -0.31001868844032288 0.88999670743942261 -0.33435651659965515
vn -0.23466432094573975 0.85334032773971558 -0.46555659174919128
vn -0.30888852477073669 0.74320727586746216 -0.59349042177200317
vn -0.40107583999633789 0.58612072467803955 -0.70398908853530884
vn -0.51116698980331421 0.67756497859954834 -0.52878546714782715
vn -0.38739395141601562 0.83569985628128052 -0.38927069306373596
vn -0.55240887403488159 0.40999525785446167 -0.72577428817749023
vn -0.62933808565139771 0.19465257227420807 -0.75235891342163086
vn -0.44749200344085693 0.28695869445800781 -0.84699797630310059
vn -0.40471628308296204 0.069529794156551361 -0.91179513931274414
vn -0.31292647123336792 0.91010475158691406 -0.2716364860534668
vn -0.30666771531105042 0.9239686131477356 -0.22855390608310699
vn -0.3900628387928009 0.87328767776489258 -0.29192405939102173
vn -0.54544287919998169 0.73636239767074585 -0.40032792091369629
vn -0.66926097869873047 0.52329319715499878 -0.52749782800674438
vn -0.58226209878921509 0.013423440046608448 -0.81289035081863403
vn -0.71896529197692871 0.082704581320285797 -0.69010788202285767
vn -0.70712554454803467 0.34657707810401917 -0.61632603406906128
vn -0.26178979873657227 0.06147463247179985 -0.96316510438919067
vn -0.18952442705631256 0.046566281467676163 -0.98077118396759033
vn -0.17935037612915039 0.16733884811401367 -0.96944886445999146
vn -0.25838690996170044 0.27162465453147888 -0.92706865072250366
vn -0.26265689730644226 0.19005490839481354 -0.94598650932312012
vn -0.22022140026092529 0.29496175050735474 -0.92978495359420776
vn -0.23934048414230347 0.3729918897151947 -0.89643359184265137
vn -0.18216410279273987 0.2987917959690094 -0.93677091598510742
vn -0.94262844324111938 0.13726484775543213 -0.30431881546974182
vn -0.9535481333732605 0.042972609400749207 -0.29815983772277832
vn -0.58924323320388794 0.09148271381855011 -0.80275982618331909
vn 0.31929314136505127 0.0033565827179700136 -0.94765007495880127
vn -0.4645906388759613 0.031639333814382553 -0.88496017456054688
vn 0.42029967904090881 0.021377516910433769 -0.90713351964950562
vn 0.62152546644210815 -0.011540506035089493 -0.78330892324447632
vn 0.20819844305515289 0.02507731132209301 -0.97776508331298828
vn -0.32641184329986572 0.24772781133651733 -0.91218763589859009
vn -0.33416587114334106 0.13758057355880737 -0.93241876363754272
vn -0.31438887119293213 0.11352367699146271 -0.94248181581497192
vn -0.31968241930007935 0.015124591067433357 -0.94740402698516846
vn -0.32944154739379883 0.0079169208183884621 -0.94414275884628296
vn -0.29651355743408203 0.032765056937932968 -0.95446640253067017
vn -0.29331302642822266 0.13651195168495178 -0.946219801902771
vn -0.3046262264251709 0.22571057081222534 -0.9253419041633606
vn 0.72545319795608521 1.7029582522809505E-05 -0.68827146291732788
vn 0.72543740272521973 2.3986647647689097E-05 -0.68828815221786499
vn 0.72605490684509277 -0.00025298015680164099 -0.68763667345046997
vn 0.72548490762710571 -1.9344734027981758E-05 -0.68823808431625366
vn 0.72603946924209595 -0.00024846871383488178 -0.68765300512313843
vn 0.72545278072357178 5.6943804338516202E-07 -0.68827188014984131
vn 0.72545093297958374 1.9601352505560499E-06 -0.68827390670776367
vn 0.72522538900375366 0.00050513067981228232 -0.68851137161254883
vn 0.72534084320068359 -0.00023294906713999808 -0.68838989734649658
vn 0.72544687986373901 -1.8931968952529132E-05 -0.68827813863754272
vn 0.72619020938873291 0.00030894755036570132 -0.68749374151229858
vn 0.72585421800613403 0.00016995605255942792 -0.68784850835800171
vn 0.72541660070419312 -1.4590395949198864E-05 -0.68831008672714233
vn 0.72546201944351196 -1.171795156551525E-05 -0.6882622241973877
vn 0.72545343637466431 2.565862268966157E-05 -0.68827122449874878
vn 0.72545480728149414 -4.4343363470034092E-07 -0.68826979398727417
vn 0.72545462846755981 -4.2923974774566886E-07 -0.68827003240585327
vn 0.72545933723449707 -6.3001762100611813E-06 -0.68826502561569214
vn 0.72543162107467651 3.5030209346587071E-06 -0.68829429149627686
vn 0.72544455528259277 -1.2629543277853372E-07 -0.68828064203262329
vn 0.72541564702987671 -3.6333645425656869E-08 -0.68831104040145874
vn 0.7254912257194519 -7.9382716648979113E-06 -0.68823140859603882
vn 0.72546988725662231 4.4759667616744991E-06 -0.68825393915176392
vn 0.72547399997711182 5.395912921812851E-06 -0.68824958801269531
vn 0.72545546293258667 4.0665668166184332E-06 -0.68826913833618164
vn -0.68828272819519043 1.6077091657962228E-08 -0.72544258832931519
vn -0.68828272819519043 1.6077091657962228E-08 -0.72544258832931519
vn -0.68828272819519043 1.6077091657962228E-08 -0.72544258832931519
vn -0.72546625137329102 -8.8668421085458249E-06 0.68825769424438477
vn -0.72546184062957764 -2.2042738692107378E-06 0.68826240301132202
vn -0.72542303800582886 -5.0152843869000208E-06 0.68830329179763794
vn -0.72534459829330444 6.1742157413391396E-06 0.68838590383529663
vn -0.7254328727722168 8.0570789577905089E-06 0.68829292058944702
vn -0.72543329000473022 -7.7063323260517791E-06 0.68829250335693359
vn -0.72586178779602051 0.00048927159514278173 0.68784040212631226
vn -0.72519439458847046 -0.00039100245339795947 0.68854403495788574
vn -0.7253570556640625 0.00011808288400061429 0.68837279081344604
vn -0.72546195983886719 3.1993718039302621E-06 0.68826228380203247
vn -0.72542285919189453 5.404640432971064E-06 0.68830347061157227
vn -0.72546595335006714 9.9980443337699398E-06 0.68825805187225342
vn -0.72572606801986694 -0.00027153061819262803 0.68798375129699707
vn -0.72522830963134766 0.00036141564487479627 0.68850839138031006
vn -0.72541284561157227 -4.5875029172748327E-05 0.68831402063369751
vn -0.72545593976974487 4.1899879761331249E-06 0.68826860189437866
vn -0.72546917200088501 8.237650035880506E-06 0.68825465440750122
vn -0.72544622421264648 -8.211038675653981E-07 0.68827885389328003
vn -0.72545593976974487 -5.065205641585635E-06 0.68826860189437866
vn -0.72546511888504028 -4.1480502659396734E-06 0.68825888633728027
vn -0.72545516490936279 -3.0541521027771523E-06 0.68826943635940552
vn -0.7254713773727417 -6.859844688733574E-06 0.68825232982635498
vn -0.3410801887512207 0.1417330801486969 -0.92928791046142578
vn -0.44887456297874451 0.064539752900600433 -0.89126104116439819
vn -0.3344142735004425 -0.020780876278877258 -0.94219702482223511
vn -0.54493242502212524 0.1417485773563385 -0.82641154527664185
vn -0.72581958770751953 0.07990574836730957 -0.68322837352752686
vn -0.72767609357833862 -0.052292685955762863 -0.68392467498779297
vn -0.72700244188308716 0.055734697729349136 -0.68436914682388306
vn -0.71440303325653076 0.17139990627765656 -0.67841756343841553
vn -0.13923801481723785 -0.034770537167787552 -0.98964834213256836
vn -0.13654056191444397 0.033293094485998154 -0.99007487297058105
vn -0.13435149192810059 -0.018203102052211761 -0.99076652526855469
vn -0.13116012513637543 0.14798048138618469 -0.98025447130203247
vn -0.12635982036590576 0.059763766825199127 -0.99018257856369019
vn -0.14450588822364807 0.15634959936141968 -0.97707360982894897
vn -0.70348721742630005 0.12291514873504639 -0.69999825954437256
vn -0.6604045033454895 0.16132743656635284 -0.73337531089782715
vn -0.80072468519210815 0.075548134744167328 -0.59424948692321777
vn -0.75050652027130127 0.051073629409074783 -0.65888649225234985
vn -0.87158709764480591 0.0040677087381482124 0.49022379517555237
vn -0.33348268270492554 -0.041650660336017609 0.94183570146560669
vn -0.46187818050384521 -0.019517811015248299 0.88672858476638794
vn -0.21101865172386169 -0.023159882053732872 0.97720760107040405
vn -0.7434273362159729 0.016866780817508698 0.66860401630401611
vn 0.13663265109062195 -0.082715734839439392 0.98716241121292114
vn 0.13897772133350372 0.0080025792121887207 0.99026316404342651
vn 0.1345735639333725 -0.0085166897624731064 0.990867018699646
vn 0.12917041778564453 -0.1261865645647049 0.98356086015701294
vn 0.72755974531173706 -0.090492531657218933 0.68004989624023438
vn 0.72376114130020142 -0.11013146489858627 0.68120551109313965
vn 0.72433680295944214 0.024135913699865341 0.68902367353439331
vn 0.36611387133598328 -0.073453031480312347 0.92766660451889038
vn 0.62088620662689209 -0.086093530058860779 0.77915865182876587
vn 0.57560014724731445 -0.16432954370975494 0.80104947090148926
vn 0.63429945707321167 -0.00060042220866307616 0.77308720350265503
vn 0.30607864260673523 -0.27217355370521545 0.91227048635482788
vn 0.31079113483428955 -0.14438126981258392 0.93944817781448364
vn 0.32091891765594482 -0.26140710711479187 0.91031718254089355
vn 0.31701371073722839 -0.031610015779733658 0.94789403676986694
vn 0.33224117755889893 -0.087155342102050781 0.939159095287323
vn 0.34888303279876709 -0.21125589311122894 0.91304522752761841
vn 0.28505253791809082 -0.17397801578044891 0.94259041547775269
vn 0.29343292117118835 -0.089018911123275757 0.95182603597640991
vn 0.96142303943634033 -0.00025882711634039879 -0.27507391571998596
vn 0.95588254928588867 -0.083791330456733704 -0.28154498338699341
vn 0.96084070205688477 -0.012816044501960278 -0.27680471539497375
vn -0.34903931617736816 -0.0010037081083282828 0.93710756301879883
vn 0.72120839357376099 -0.024997977539896965 0.69226700067520142
vn 0.78950834274291992 -0.097423523664474487 0.60595810413360596
vn 0.14397998154163361 0.06401536613702774 0.98750787973403931
vn -0.24826715886592865 -0.03012414462864399 0.96822309494018555
vn -0.96191257238388062 0.02973734587430954 0.27173498272895813
vn -0.95622742176055908 0.091146484017372131 0.27806738018989563
vn -0.9565538763999939 0.09041934460401535 0.27718049287796021
vn 0.20910890400409698 -0.19506809115409851 0.95823895931243896
vn 0.21866193413734436 -0.069994233548641205 0.97328710556030273
vn 0.27114185690879822 -0.10180950164794922 0.95713996887207031
vn 0.26644366979598999 -0.22941216826438904 0.93615055084228516
vn 0.22051505744457245 -0.0071127265691757202 0.97535765171051025
vn 0.26543670892715454 -0.016646793112158775 0.96398454904556274
vn 0.19552966952323914 -0.061168186366558075 0.97878831624984741
vn 0.18901140987873077 -0.18925189971923828 0.96356546878814697
vn 0.29158344864845276 -0.37222063541412354 0.8811531662940979
vn 0.24875351786613464 -0.3330065906047821 0.90952092409133911
vn 0.18228501081466675 -0.31479889154434204 0.93149012327194214
vn 0.50320708751678467 -0.71173596382141113 0.49011686444282532
vn 0.66194784641265869 -0.48142221570014954 0.57450652122497559
vn 0.51506608724594116 -0.41333416104316711 0.75090736150741577
vn 0.38647669553756714 0.015825157985091209 0.92216342687606812
vn 0.42549151182174683 -0.094569787383079529 0.90000748634338379
vn 0.52305340766906738 -0.17115890979766846 0.83493697643280029
vn 0.72537505626678467 -0.205050989985466 0.65710359811782837
vn 0.64180254936218262 0.018786204978823662 0.76663976907730103
vn 0.20762436091899872 -0.83279705047607422 0.51316779851913452
vn 0.23606464266777039 -0.84763813018798828 0.47516635060310364
vn 0.32787108421325684 -0.84768342971801758 0.41705316305160522
vn 0.30632075667381287 -0.92397201061248779 0.22900500893592834
vn 0.48516631126403809 -0.80700135231018066 0.33669343590736389
vn 0.57208019495010376 -0.70611226558685303 0.41728857159614563
vn 0.65093231201171875 -0.56035727262496948 0.51213949918746948
vn 0.45295202732086182 -0.34092259407043457 0.82377558946609497
vn 0.73347818851470947 -0.042648103088140488 0.67837369441986084
vn 0.74448210000991821 0.04584018886089325 0.66606688499450684
vn 0.37375041842460632 -0.88626235723495483 0.27358660101890564
vn 0.77571260929107666 -0.21363784372806549 0.5938255786895752
vn 0.96569651365280151 -0.24108535051345825 0.096478573977947235
vn 0.95794826745986938 -0.04851294681429863 0.28281021118164062
vn 0.58732682466506958 -0.49394199252128601 0.64114624261856079
vn 0.85624247789382935 -0.50737881660461426 0.097033731639385223
vn 0.67093950510025024 -0.69396191835403442 -0.26126039028167725
vn 0.77343863248825073 -0.58706074953079224 -0.23906563222408295
vn 0.65198010206222534 -0.72823089361190796 -0.21119110286235809
vn 0.8652878999710083 -0.48278743028640747 -0.13488189876079559
vn 0.76133286952972412 -0.62479794025421143 -0.17320454120635986
vn 0.99725973606109619 -0.027238195762038231 -0.068783394992351532
vn 0.97642940282821655 -0.13967511057853699 -0.16454926133155823
vn 0.98343837261199951 0.025101887062191963 -0.17949619889259338
vn 0.97003698348999023 -0.21863779425621033 -0.10595149546861649
vn 0.90104967355728149 -0.38192963600158691 -0.20552177727222443
vn -0.056238628923892975 0.85836023092269897 0.50995582342147827
vn -0.031508099287748337 0.87703526020050049 0.47939172387123108
vn -0.093397557735443115 0.86042213439941406 0.50094974040985107
vn -0.14250963926315308 0.89996683597564697 0.41200810670852661
vn -0.16357915103435516 0.87203472852706909 0.46129953861236572
vn -0.12100367248058319 0.9025072455406189 0.41332647204399109
vn 0.32435894012451172 -0.0012152059935033321 0.94593328237533569
vn 0.060810588300228119 -0.0027792796026915312 0.9981454610824585
vn 0.084408685564994812 -0.002344869077205658 0.99642848968505859
vn 0.35630592703819275 -0.0018825232982635498 0.93436747789382935
vn 0.60975325107574463 -0.0028113313019275665 0.79258632659912109
vn 0.55180913209915161 -0.0010988973081111908 0.83396971225738525
vn 0 1 0
vn 0 1 0
vn 0 1 0
vn -2.6635357244231272E-06 3.0698195132572437E-06 -1
vn 4.773025921167573E-06 -8.1760390457930043E-06 -1
vn -2.03979243451613E-06 7.55764517634816E-07 -1
vn 0 0 -1
vn -6.6714246713672765E-06 9.197508916258812E-06 -1
vn -8.2741422602339298E-08 -5.412068126986469E-09 -1
vn 0 0 -1
vn 0.23261445760726929 -0.89008188247680664 -0.39197540283203125
vn 0.1191636323928833 -0.88684982061386108 -0.44642734527587891
vn 0.097047850489616394 -0.86640834808349609 -0.48981449007987976
vn 0.38741698861122131 -0.86854863166809082 -0.30908149480819702
vn 0.25168710947036743 -0.91731500625610352 -0.30852353572845459
vn 0.45646539330482483 -0.81729865074157715 -0.35165637731552124
vn 0.5379793643951416 -0.76405292749404907 -0.35609176754951477
vn 0.5849308967590332 -0.74589806795120239 -0.31857806444168091
vn 0.65103209018707275 -0.69823414087295532 -0.29770174622535706
vn 0.5280911922454834 -0.72907000780105591 -0.43540400266647339
vn -0.11387792974710464 0.93402445316314697 -0.33857068419456482
vn -0.092423826456069946 0.91783416271209717 -0.38605472445487976
vn -0.12806729972362518 0.88854300975799561 -0.44055655598640442
vn -0.21156786382198334 0.86196058988571167 -0.46072012186050415
vn -0.15490859746932983 0.92781412601470947 -0.33935865759849548
vn -0.14724738895893097 0.86505776643753052 -0.47957608103752136
vn -0.18155799806118011 0.93743133544921875 -0.29708439111709595
vn -0.090872615575790405 0.89976394176483154 -0.42681032419204712
vn -0.25723761320114136 0.93399161100387573 -0.24796871840953827
vn -0.21344365179538727 0.80553573369979858 -0.55276942253112793
vn 0.74663901329040527 -0.56169915199279785 -0.35640460252761841
vn 0.86340564489364624 -0.35406786203384399 -0.35939756035804749
vn 0.97177207469940186 0.039737597107887268 -0.2325509637594223
vn -0.2721763551235199 0.48297733068466187 -0.83225774765014648
vn -0.22638309001922607 0.40144416689872742 -0.88746452331542969
vn -0.2015615850687027 0.56884491443634033 -0.79736340045928955
vn -0.24467150866985321 0.62556260824203491 -0.74081528186798096
vn -0.169767826795578 0.72753876447677612 -0.66473019123077393
vn -0.16458582878112793 0.5395129919052124 -0.82573437690734863
vn -0.10064758360385895 0.75622504949569702 -0.64652436971664429
vn -0.12900249660015106 0.67944884300231934 -0.72229331731796265
vn -0.19196943938732147 0.80507481098175049 -0.56125062704086304
vn -0.1497868150472641 0.82131141424179077 -0.55046474933624268
vn -0.16499301791191101 0.83527874946594238 -0.52448713779449463
vn -0.21638244390487671 0.74506306648254395 -0.6309196949005127
vn -0.17203249037265778 0.39939352869987488 -0.90049409866333008
vn -0.19511368870735168 0.37130701541900635 -0.90777850151062012
vn -0.16152036190032959 0.35439026355743408 -0.92104220390319824
vn -0.26387789845466614 0.30993396043777466 -0.91340535879135132
vn -0.31418415904045105 0.24109537899494171 -0.91823816299438477
vn -0.31989958882331848 0.40095391869544983 -0.85842889547348022
vn -0.3230862021446228 0.26696932315826416 -0.90793317556381226
vn -0.32402968406677246 0.36571606993675232 -0.87250018119812012
vn -0.24815818667411804 0.6363798975944519 -0.73036849498748779
vn -0.32843789458274841 0.17427073419094086 -0.92830938100814819
vn -0.47729659080505371 0.72045713663101196 -0.50311976671218872
vn -0.47729659080505371 0.72045713663101196 -0.50311976671218872
vn -0.47729659080505371 0.72045713663101196 -0.50311976671218872
vn 0 1 0
vn 0 1 0
vn 0 1 0
vn 0 1 0
vn 0.36648648977279663 -1.3688563740288373E-06 0.93042337894439697
vn 0.36646038293838501 -2.1390894744399702E-06 0.93043363094329834
vn 0.36651399731636047 -1.0494946991457255E-06 0.93041253089904785
vn 0.36648032069206238 -4.7779565193195594E-07 0.93042582273483276
vn 0.28290048241615295 0.89397895336151123 0.34751823544502258
vn 0.2607690691947937 0.8869483470916748 0.38121137022972107
vn 0.25850111246109009 0.88614463806152344 0.38460999727249146
vn -0.085661336779594421 0.90079200267791748 -0.42571809887886047
vn -0.075931057333946228 0.91653013229370117 -0.392691969871521
vn -0.061840593814849854 0.91501045227050781 -0.39866232872009277
vn -0.053869713097810745 0.92145770788192749 -0.38472560048103333
vn -0.027695408090949059 0.92776930332183838 -0.3721250593662262
vn -0.15011300146579742 0.85803431272506714 -0.4911651611328125
vn -0.13389338552951813 0.84188812971115112 -0.52277803421020508
vn -0.065009862184524536 0.87984675168991089 -0.47079017758369446
vn -0.056241106241941452 0.427162766456604 -0.9024239182472229
vn -0.28939911723136902 0.92357134819030762 -0.25152367353439331
vn -0.16473017632961273 0.5314832329750061 -0.83089679479598999
vn 0.063250593841075897 -0.11916925013065338 -0.99085724353790283
vn 0.21188482642173767 0.016965495422482491 -0.97714740037918091
vn 0.33996203541755676 0.00030357870855368674 0.94043910503387451
vn 0.17143797874450684 0.00015027124027255923 0.98519492149353027
vn 0.058040440082550049 0.00029621823341585696 0.99831420183181763
vn -0.030785759910941124 -3.5174696222384227E-06 0.99952602386474609
vn 0.32168930768966675 0.00030145625350996852 0.94684523344039917
vn 0.2144182026386261 0.89688098430633545 0.38681945204734802
vn 0.13552628457546234 0.86018562316894531 0.4916435182094574
vn 0.091685697436332703 0.92768329381942749 0.36193570494651794
vn -0.034145601093769073 0.93229413032531738 -0.36008578538894653
vn -0.035449814051389694 0.9311528205871582 -0.36290180683135986
vn -0.03409649059176445 0.93336737155914307 -0.3572993278503418
vn -0.028070824220776558 0.92744153738021851 -0.37291309237480164
vn -0.11180981993675232 0.90446406602859497 -0.41163492202758789
vn -0.054976779967546463 0.9063677191734314 -0.41889744997024536
vn 0.10056073218584061 0.69332891702651978 -0.71357029676437378
vn 0.2861151397228241 0.35415437817573547 -0.89034420251846313
vn 0.10950390994548798 0.74497395753860474 -0.65804457664489746
vn -0.14521126449108124 0.98561662435531616 -0.086449690163135529
vn -0.38870850205421448 0.78491145372390747 0.48251393437385559
vn -0.25990608334541321 0.96554720401763916 -0.012940795160830021
vn -0.24599538743495941 0.94145357608795166 0.23054604232311249
vn 0.17310719192028046 0.45113351941108704 -0.8755069375038147
vn -0.26275989413261414 0.91883760690689087 -0.29443952441215515
vn -0.27278855443000793 0.85613846778869629 -0.43887731432914734
vn -0.46698117256164551 0.7589983344078064 0.45370703935623169
vn -0.31949728727340698 0.94454246759414673 -0.07590116560459137
vn -0.33908703923225403 0.90175294876098633 0.26807022094726562
vn -0.47148650884628296 0.4597795307636261 -0.75253123044967651
vn -0.21550840139389038 0.69354909658432007 -0.68741965293884277
vn -0.28758043050765991 0.77339798212051392 -0.56493633985519409
vn -0.20061574876308441 0.85599261522293091 -0.47647663950920105
vn -0.27034828066825867 0.38235411047935486 -0.88358199596405029
vn -0.49285051226615906 0.40418374538421631 -0.77054131031036377
vn -0.503650963306427 0.20385761559009552 -0.83951044082641602
vn -0.31972542405128479 0.36346253752708435 -0.87502604722976685
vn -0.46390336751937866 0.5502052903175354 -0.69431102275848389
vn -0.64120501279830933 0.3935454785823822 -0.65877014398574829
vn -0.53482508659362793 0.63006097078323364 -0.5630144476890564
vn -0.70362919569015503 0.31631731986999512 -0.63627773523330688
vn -0.69578731060028076 0.1974271833896637 -0.69058126211166382
vn -0.31873592734336853 0.88542944192886353 -0.33826342225074768
vn -0.51469129323959351 0.71565502882003784 -0.47215542197227478
vn -0.27060404419898987 0.84782123565673828 -0.45604008436203003
vn -0.10145220160484314 0.2492007315158844 -0.96312326192855835
vn -0.081857457756996155 0.24958941340446472 -0.96488571166992188
vn 0.078998059034347534 0.50619173049926758 -0.85879522562026978
vn 0.18624064326286316 0.62399828433990479 -0.75890743732452393
vn 0.040561690926551819 0.51351863145828247 -0.85711926221847534
vn 0.1846761554479599 0.6130184531211853 -0.76818168163299561
vn -0.15471355617046356 -0.619270920753479 0.76978391408920288
vn -0.12846402823925018 -0.57056272029876709 0.81114435195922852
vn 0.069065287709236145 -0.39003676176071167 0.91820549964904785
vn 0.064660452306270599 -0.22994084656238556 0.97105419635772705
vn 0.16039086878299713 -0.1866973489522934 0.96923625469207764
vn 0.70984578132629395 -0.29895970225334167 0.63776332139968872
vn 0.62122172117233276 -0.55177998542785645 0.55643725395202637
vn 0.57444536685943604 -0.55226176977157593 0.6041683554649353
vn 0.70978903770446777 -0.10088619589805603 0.69715243577957153
vn 0.73638367652893066 -0.099589928984642029 0.66919422149658203
vn 0.67087459564208984 -0.27653813362121582 0.68807989358901978
vn 0.31384372711181641 -0.50124186277389526 0.80638617277145386
vn 0.24782197177410126 -0.683063805103302 0.68702846765518188
vn 0.29737254977226257 -0.45089378952980042 0.84158444404602051
vn 0.3170602023601532 -0.30001077055931091 0.8997035026550293
vn 0.28847283124923706 -0.30607905983924866 0.90724807977676392
vn 0.6528475284576416 -0.69263595342636108 -0.30666840076446533
vn 0.59321999549865723 -0.74434894323348999 -0.30665075778961182
vn 0.94130527973175049 -0.17906327545642853 -0.28614813089370728
vn -0.52128785848617554 0.79488539695739746 0.31050947308540344
vn -0.89328408241271973 0.33909976482391357 0.29505074024200439
vn -0.53455060720443726 0.78201961517333984 0.32046991586685181
vn 0.18040899932384491 -0.76819562911987305 0.61427038908004761
vn 0.1438576877117157 -0.7356218695640564 0.66194063425064087
vn 0.21717701852321625 -0.60097748041152954 0.76919454336166382
vn 0.13973803818225861 -0.57704043388366699 0.80467236042022705
vn 0.20338335633277893 -0.78048878908157349 0.59116190671920776
vn 0.17902952432632446 -0.84265816211700439 0.50781464576721191
vn 0.17296613752841949 -0.44353899359703064 0.87940657138824463
vn 0.22628101706504822 -0.44869464635848999 0.8645634651184082
vn 0.21309195458889008 -0.39886432886123657 0.89190757274627686
vn 0.16418303549289703 -0.36595198512077332 0.91603660583496094
vn 0.27217820286750793 -0.42152836918830872 0.86500453948974609
vn 0.12933441996574402 -0.88938528299331665 0.43848198652267456
vn 0.12330678850412369 -0.88070106506347656 0.45734128355979919
vn 0.096044145524501801 -0.92202490568161011 0.37502738833427429
vn 0.15399980545043945 -0.92657983303070068 0.34312373399734497
vn 0.27024546265602112 -0.92294347286224365 0.27412167191505432
vn 0.20381052792072296 -0.8772270679473877 0.43466529250144958
vn 0.082103557884693146 -0.92908620834350586 0.36063525080680847
vn 0.13675123453140259 -0.93594396114349365 0.32451191544532776
vn 0.071413196623325348 -0.91087824106216431 0.40644925832748413
vn 0.19184744358062744 -0.84207946062088013 0.50408011674880981
vn 0.3834480345249176 -0.88188636302947998 -0.27430650591850281
vn 0.51094096899032593 -0.83488011360168457 -0.20473046600818634
vn 0.34201854467391968 -0.90847837924957275 -0.24018806219100952
vn -0.030231939628720284 0.81491845846176147 0.57878661155700684
vn 0.027217796072363853 0.85729598999023438 0.51410382986068726
vn -0.06042846292257309 0.83022725582122803 0.55413997173309326
vn 0.68199795484542847 9.7082136107928818E-08 0.73135411739349365
vn 0.68200182914733887 2.9460773021128261E-07 0.73135048151016235
vn 0.6819959282875061 -3.9698898035567254E-07 0.73135596513748169
vn 0 1 0
vn 0 1 0
vn 0 1 0
vn 0 1 0
vn 0 1 0
vn 0 1 0
vn 0 1 0
vn 0.11705522984266281 -0.87595564126968384 -0.46797412633895874
vn 0.041915431618690491 -0.82341158390045166 -0.56589436531066895
vn 0.089826114475727081 -0.83560866117477417 -0.54193115234375
vn -0.079710401594638824 -0.34210783243179321 -0.93627369403839111
vn -0.017983172088861465 -0.41668534278869629 -0.90887290239334106
vn 0.12579262256622314 -0.6273578405380249 -0.76850396394729614
vn -0.094955481588840485 -0.2901172935962677 -0.95226854085922241
vn 0.030552484095096588 -0.59535324573516846 -0.80288296937942505
vn -0.076726451516151428 -0.21651937067508698 -0.97325867414474487
vn -0.27254670858383179 0.48106342554092407 -0.8332444429397583
vn -0.17062933743000031 -0.028034131973981857 -0.9849364161491394
vn -0.23208396136760712 0.50458431243896484 -0.83158385753631592
vn -0.25897079706192017 0.90816688537597656 -0.32888749241828918
vn -0.29440087080001831 0.88342589139938354 -0.36453643441200256
vn -0.22466722130775452 0.96550267934799194 0.13164041936397552
vn -0.32326769828796387 0.551646888256073 -0.76888471841812134
vn -0.09412529319524765 -0.27009707689285278 -0.95822125673294067
vn -0.13228282332420349 -0.23203332722187042 -0.96367096900939941
vn -0.31573489308357239 0.94561147689819336 -0.078296661376953125
vn 0.36132034659385681 0.93244177103042603 2.4199975996452849E-06
vn 0.36132186651229858 0.93244117498397827 -4.2890653162430681E-07
vn 0.36132016777992249 0.9324418306350708 5.8665722235673456E-07
vn 0.36132052540779114 0.93244165182113647 -9.8519103630678728E-06
vn 0.36129710078239441 0.93245077133178711 4.3304589780746028E-06
vn 0.10169228166341782 0.99478632211685181 -0.0076709901914000511
vn 0.41740578413009644 0.9086645245552063 -0.010061116889119148
vn 0.12173926085233688 0.99251115322113037 -0.01005519088357687
vn -0.10069862008094788 0.99457734823226929 0.025994433090090752
vn 0.31471693515777588 0.89433324337005615 0.31799575686454773
vn 0.3033183217048645 0.88935011625289917 0.34213212132453918
vn 0.22840635478496552 0.92152589559555054 0.31403908133506775
vn 0.21534502506256104 0.97651481628417969 0.0067313467152416706
vn 0.21069525182247162 0.97669297456741333 0.0409679114818573
vn 0.2888273298740387 0.95710492134094238 0.022998150438070297
vn 0.12928286194801331 0.99158543348312378 -0.00664927763864398
vn 0.085677474737167358 0.99289572238922119 0.08256819099187851
vn 0.078448161482810974 0.9965214729309082 0.028122631832957268
vn 0.068292312324047089 0.9820520281791687 0.1758124828338623
vn 0.049725849181413651 0.97372883558273315 0.22221487760543823
vn 0.12073902040719986 0.98757469654083252 0.10058961063623428
vn 0.034231029450893402 0.84201818704605103 0.53836202621459961
vn 0.051388666033744812 0.93745332956314087 0.34429711103439331
vn 0.083212532103061676 0.94552862644195557 0.31472405791282654
vn 3.6126883060205728E-05 -1.9111821529804729E-05 1
vn -9.1417909686697385E-08 4.8361851412437318E-08 1
vn 8.3145150711061433E-06 -4.3985401134705171E-06 1
vn -4.9490910896565765E-05 2.6181654902757145E-05 1
vn 0.00056909100385382771 -0.00030106020858511329 0.99999982118606567
vn 0.019344717264175415 0.93604683876037598 -0.35134324431419373
vn 0.058915529400110245 0.9321630597114563 -0.35721281170845032
vn 0.018731331452727318 0.93532675504684448 -0.35328885912895203
vn 0.0092577133327722549 0.94071751832962036 -0.33906465768814087
vn 0.09839920699596405 0.91767090559005737 -0.38496455550193787
vn 0.11167102307081223 0.93209123611450195 -0.34458020329475403
vn 0.0068975533358752728 0.94046354293823242 -0.33982464671134949
vn 0.041983671486377716 0.99398475885391235 0.10115168243646622
vn 0.076795712113380432 0.7705073356628418 0.63278818130493164
vn -0.10055088996887207 0.97596043348312378 0.19336687028408051
vn -0.18698178231716156 0.83741903305053711 0.51358270645141602
vn -0.15769673883914948 0.85471612215042114 -0.49456256628036499
vn -0.082928076386451721 0.94097423553466797 -0.32816216349601746
vn -0.096553727984428406 0.90293198823928833 -0.41879725456237793
vn -0.30919188261032104 0.90061455965042114 -0.3054402768611908
vn -0.41578406095504761 0.84144508838653564 -0.34509962797164917
vn -0.46966370940208435 0.71515750885009766 -0.51765406131744385
vn 0.19927996397018433 0.62508320808410645 -0.75469100475311279
vn 0.19781111180782318 0.62474542856216431 -0.75535678863525391
vn 0.25310996174812317 0.62539386749267578 -0.73811781406402588
vn 0.26429992914199829 0.62620526552200317 -0.7334933876991272
vn 0.25759649276733398 0.62570095062255859 -0.73630315065383911
vn -0.17567765712738037 -0.62064892053604126 0.76415461301803589
vn -0.20399501919746399 -0.62126630544662476 0.75658059120178223
vn -0.24096177518367767 -0.62506169080734253 0.74245220422744751
vn -0.2824331521987915 -0.62598860263824463 0.72689050436019897
vn -0.23987181484699249 -0.625022292137146 0.74283820390701294
vn 0.41488313674926758 -0.59572714567184448 0.68773627281188965
vn 0.38454267382621765 -0.72611480951309204 0.56998610496520996
vn 0.20218817889690399 -0.59394317865371704 0.77868568897247314
vn 0.64440500736236572 -0.58055174350738525 0.49769654870033264
vn 0.27944457530975342 -0.84867680072784424 0.44906395673751831
vn 0.36822798848152161 -0.85351455211639404 0.36867472529411316
vn 0.14757929742336273 -0.87746679782867432 0.45636865496635437
vn 0.07196490466594696 -0.92942458391189575 0.36192670464515686
vn 0.14697307348251343 -0.86682569980621338 0.47645792365074158
vn 0.094903022050857544 -0.9276353120803833 0.36122864484786987
vn 0.050201911479234695 -0.95456022024154663 0.29375940561294556
vn 0.16741117835044861 -0.84076964855194092 -0.51485908031463623
vn 0.090169809758663177 -0.79065090417861938 -0.6055910587310791
vn 0.34505993127822876 -0.73379600048065186 0.58521544933319092
vn -0.093489482998847961 -0.13578642904758453 -0.98631727695465088
vn 0.12857106328010559 -0.82629692554473877 -0.54836386442184448
vn 0.18157367408275604 -0.8282204270362854 -0.53017163276672363
vn 0.35394707322120667 -0.92695730924606323 -0.12438518553972244
vn 0.39344358444213867 -0.8901292085647583 -0.22993944585323334
vn 0.36019021272659302 -0.61271673440933228 0.70344948768615723
vn 0.16023869812488556 0.05134231224656105 0.98574209213256836
vn 0.34080016613006592 -0.39512455463409424 0.85307198762893677
vn 0.28546550869941711 -0.90484708547592163 0.31584987044334412
vn 0.42771044373512268 -0.65759509801864624 0.62018746137619019
vn 0.15778970718383789 0.10599058866500854 0.98176801204681396
vn -0.34627589583396912 0.8889007568359375 0.29991415143013
vn -0.23893965780735016 0.8962249755859375 0.37374946475028992
vn -0.33539885282516479 0.89049035310745239 0.30746471881866455
vn 0.12275542318820953 -0.8147042989730835 0.56673449277877808
vn 0.16248451173305511 -0.64234459400177002 0.74899411201477051
vn 0.10957575589418411 -0.63876718282699585 0.76155740022659302
vn -0.0015735849738121033 -0.93900513648986816 0.34389951825141907
vn 0.035375475883483887 -0.92522424459457397 0.37776798009872437
vn 0.052620809525251389 -0.92111891508102417 0.38570839166641235
vn 0.069363176822662354 -0.92013531923294067 0.38540855050086975
vn 0.071614354848861694 -0.90922147035598755 0.41010689735412598
vn 0.056929271668195724 -0.92842113971710205 0.36714205145835876
vn 0.1622760146856308 -0.98449820280075073 -0.066556915640830994
vn 0.27201050519943237 -0.96095126867294312 -0.050823211669921875
vn 0.29990342259407043 -0.95392262935638428 0.0094626480713486671
vn 0.064543791115283966 -0.86386048793792725 -0.49957898259162903
vn 0.11520926654338837 -0.87335896492004395 -0.4732556939125061
vn 0.047055061906576157 -0.86463844776153564 -0.50018614530563354
vn 0.14860521256923676 -0.88808035850524902 -0.43500542640686035
vn -0.076367862522602081 0.0010563167743384838 -0.99707913398742676
vn -0.18548354506492615 0.0019493288127705455 -0.98264545202255249
vn -0.063850201666355133 0.0038581620901823044 -0.99795204401016235
vn -0.42063993215560913 0.0028084989171475172 -0.90722334384918213
vn -0.4132595956325531 0.0041542612016201019 -0.91060376167297363
vn -0.59445565938949585 0.0024392406921833754 -0.80412471294403076
vn -0.26742050051689148 -0.94766384363174438 -0.17441202700138092
vn -0.10997790098190308 -0.9156261682510376 -0.3866957426071167
vn -0.21970440447330475 -0.93306142091751099 -0.28482693433761597
vn 0.018912846222519875 -0.89366698265075684 -0.4483320415019989
vn -0.085555769503116608 -0.93082112073898315 -0.35531997680664062
vn -0.34165173768997192 -0.90496867895126343 -0.2535858154296875
vn -0.29750290513038635 -0.8901938796043396 -0.34503173828125
vn 0.01686430349946022 -0.83103567361831665 -0.55596339702606201
vn -0.067137114703655243 -0.8952019214630127 -0.44057473540306091
vn 0.038079440593719482 -0.87691128253936768 -0.47914144396781921
vn 3.5372242024322986E-08 -1.2467972965168883E-06 1
vn -2.2052535797456585E-08 8.3854079235834433E-09 1
vn 5.119637602746252E-09 2.3458119891017759E-09 1
vn -4.7047342377481982E-06 8.5456895249080844E-06 1
vn 0 1 0
vn 0 1 0
vn 0 1 0
vn -2.7891777790500782E-05 1.3863576896255836E-05 -1
vn 6.3231505009753164E-06 2.7991616207145853E-06 -1
vn 7.1130943979369476E-07 -3.707238249717193E-07 -1
vn -4.5460983528755605E-05 -1.3803236470266711E-05 -1
vn -3.5377334484110179E-07 2.7401856073083763E-07 -1
vn -0.29535859823226929 -0.00073051790241152048 -0.95538616180419922
vn -0.1430196613073349 0 -0.98971986770629883
vn -0.09438779205083847 0.001634822809137404 -0.99553418159484863
vn -0.15044045448303223 0.0018565135542303324 -0.98861730098724365
vn -0.31438171863555908 -0.010691220872104168 -0.94923645257949829
vn -0.51427853107452393 -0.087002798914909363 -0.85319876670837402
vn -0.36553797125816345 0.00083938415627926588 -0.93079602718353271
vn -0.36868900060653687 -0.0019234847277402878 -0.92955082654953003
vn -0.36649066209793091 0 -0.93042171001434326
vn -0.65727728605270386 -0.0014321933267638087 -0.75364744663238525
vn -0.82290083169937134 0.066062934696674347 -0.56433141231536865
vn -0.67888182401657104 -5.1970622735098004E-05 -0.73424756526947021
vn -0.57228010892868042 0.0039328429847955704 -0.82004880905151367
vn -0.99999696016311646 0.002014268422499299 -0.0014393089804798365
vn -0.99990808963775635 0.011377699673175812 -0.0073725385591387749
vn -1 0.00010241970448987558 -0.00012607977259904146
vn 0.3506542444229126 0.93628698587417603 -0.020206108689308167
vn 0.39156034588813782 0.91238099336624146 0.1193373054265976
vn 0.47064799070358276 0.8822595477104187 0.010419405065476894
vn 0.58640730381011963 0.78779751062393188 -0.18841849267482758
vn 0.7510993480682373 0.64093643426895142 -0.1582728773355484
vn 0.62750262022018433 0.73030000925064087 -0.27000442147254944
vn 0.21901072561740875 0.97570455074310303 0.0059090522117912769
vn 0.49834409356117249 0.82702088356018066 -0.2601722776889801
vn -0.056929342448711395 0.65270423889160156 -0.755470871925354
vn -0.1194976344704628 0.22307494282722473 -0.96744918823242188
vn -0.10028881579637527 0.46940094232559204 -0.87727129459381104
vn 0.065506145358085632 0.99665242433547974 -0.048917282372713089
vn 0.026459967717528343 0.8934473991394043 -0.44838780164718628
vn 0.052431609481573105 0.9009474515914917 -0.43074890971183777
vn -0.14028263092041016 0.26231321692466736 -0.95473164319992065
vn 0.15046843886375427 0.9645807147026062 0.21666400134563446
vn 0.1962348073720932 0.94492322206497192 0.26193889975547791
vn -0.049513440579175949 0.64924091100692749 -0.75896948575973511
vn -0.076414138078689575 0.38265034556388855 -0.92072772979736328
vn 0.026439782232046127 0.96580564975738525 -0.25791537761688232
vn 0.10410299152135849 0.81897568702697754 0.56430613994598389
vn 0.062965743243694305 0.99619293212890625 0.06029023602604866
vn 0.1456950306892395 0.70898908376693726 0.69000536203384399
vn 0.21050949394702911 0.89632624387741089 -0.39023709297180176
vn 0.20473554730415344 0.90319228172302246 -0.37726259231567383
vn 0.14152728021144867 0.91714131832122803 -0.37258800864219666
vn 0.018505632877349854 0.93075770139694214 -0.3651680052280426
vn 0.010026238858699799 0.93665385246276855 -0.35011285543441772
vn 0.01245694886893034 0.93018060922622681 -0.36689075827598572
vn -0.15251807868480682 0.92723774909973145 -0.34200644493103027
vn -0.28508362174034119 0.94374692440032959 -0.16753831505775452
vn -0.13035793602466583 0.91953372955322266 -0.37076210975646973
vn -0.074501030147075653 0.90302383899688721 -0.42308098077774048
vn -0.040692530572414398 0.93922948837280273 -0.34086957573890686
vn -0.096902802586555481 0.93600708246231079 -0.33837932348251343
vn -0.11029497534036636 0.94766849279403687 -0.29959884285926819
vn -0.0077889710664749146 0.94667232036590576 -0.32210379838943481
vn -0.16828635334968567 0.84466958045959473 -0.50814670324325562
vn -0.16666106879711151 0.90638697147369385 -0.38818392157554626
vn -0.23470695316791534 0.84628844261169434 -0.47823482751846313
vn -0.31188687682151794 0.90040314197540283 -0.30331632494926453
vn -0.19128333032131195 0.95412123203277588 -0.23035486042499542
vn -0.28389430046081543 0.91272836923599243 -0.29382118582725525
vn -0.29025784134864807 0.91272890567779541 -0.28753486275672913
vn -0.1508367657661438 0.96645420789718628 -0.20788118243217468
vn -0.086844258010387421 0.98119550943374634 -0.17237599194049835
vn 0.24623449146747589 0.62863856554031372 -0.73768699169158936
vn 0.08569963276386261 0.62159651517868042 -0.77863556146621704
vn 0.24496063590049744 0.6290399432182312 -0.73776894807815552
vn 0.27542096376419067 0.62492477893829346 -0.73048776388168335
vn -0.21038976311683655 -0.63083648681640625 0.74684768915176392
vn -0.021230192855000496 -0.5857008695602417 0.8102492094039917
vn -0.11092957854270935 -0.63686424493789673 0.76295387744903564
vn -0.2982272207736969 -0.62726086378097534 0.71944725513458252
vn 0.13157032430171967 -0.92154037952423096 0.36531168222427368
vn 0.088051415979862213 -0.94298708438873291 0.32097083330154419
vn 0.088486149907112122 -0.90033149719238281 0.42611435055732727
vn 0.17807868123054504 -0.93986034393310547 0.29146277904510498
vn 0.22927428781986237 -0.87799352407455444 0.4201911985874176
vn 0.17758917808532715 -0.89746081829071045 0.4037649929523468
vn 0.1322655975818634 -0.82707822322845459 0.546303391456604
vn 0.34358543157577515 -0.844246506690979 0.41133546829223633
vn 0.24597540497779846 -0.92591756582260132 0.28665784001350403
vn 0.26470679044723511 -0.5051192045211792 -0.82145291566848755
vn -0.29492902755737305 -0.84976166486740112 -0.43694621324539185
vn 0.17152887582778931 -0.68867760896682739 -0.70448631048202515
vn 0.46728137135505676 -0.32112491130828857 -0.82372742891311646
vn 0.3321438729763031 -0.86931526660919189 0.36602103710174561
vn 0.28165915608406067 -0.90664511919021606 0.31410631537437439
vn 0.1475365161895752 0.11813027411699295 0.98197668790817261
vn 0.11787930130958557 0.0016545619582757354 0.99302655458450317
vn -0.074523761868476868 0.72774738073348999 0.68178445100784302
vn -0.15496368706226349 0.86198371648788452 0.48266997933387756
vn -0.10551625490188599 0.82364875078201294 0.5571974515914917
vn -0.060786847025156021 0.65415996313095093 0.7539096474647522
vn -0.21721458435058594 0.90753960609436035 0.35942968726158142
vn -0.2445925772190094 0.53599900007247925 0.80800962448120117
vn -0.38925349712371826 0.42743685841560364 0.81595307588577271
vn -0.18065865337848663 0.57011640071868896 0.80145478248596191
vn 0.33211922645568848 0.91871130466461182 0.2136969119310379
vn 0.31188663840293884 0.9285660982131958 0.20122562348842621
vn 0.37058106064796448 0.89795136451721191 0.23738783597946167
vn 0.075582265853881836 0.90399128198623657 0.42081713676452637
vn 0.076393172144889832 0.88907003402709961 0.45135194063186646
vn -0.025335157290101051 0.81309157609939575 0.58158421516418457
vn 0.41422376036643982 0.8986889123916626 0.14414207637310028
vn 0.3956775963306427 0.90399980545043945 0.16193689405918121
vn 0.32679930329322815 0.93237984180450439 0.15449939668178558
vn 0.52300488948822021 0.83902686834335327 0.14999914169311523
vn -0.13846836984157562 -0.0014568957267329097 -0.99036580324172974
vn -0.17727360129356384 -0.00033942179288715124 -0.98416155576705933
vn -0.060511022806167603 8.2456550444476306E-05 -0.99816751480102539
vn -0.88595199584960938 0.46365904808044434 0.010458150878548622
vn -0.2639237642288208 0.96453779935836792 0.0033311988227069378
vn -0.91881108283996582 0.39468076825141907 0.0036394903436303139
vn -7.9906189057510346E-05 0.99999988079071045 0.00047144587733782828
vn -2.6370980776846409E-05 1 -9.4470153271686286E-05
vn 6.0766878959839232E-06 1 -3.4716620575636625E-05
vn -1.1004267008729585E-07 1 -3.943046635868086E-07
vn 0.00025110371643677354 0.99999415874481201 0.0034103353973478079
vn 0.0016645336290821433 0.99999070167541504 0.0039782882668077946
vn 1.9249035176471807E-05 0.74405688047409058 -0.66811627149581909
vn 4.1955959204642568E-06 0.74405860900878906 -0.66811436414718628
vn 4.60271166957682E-06 0.74405854940414429 -0.66811442375183105
vn 1 0 0
vn 1 0 0
vn 1 0 0
vn 0.28721311688423157 0.84246891736984253 0.45580124855041504
vn 0.27166900038719177 0.83909010887145996 0.47130006551742554
vn 0.39075911045074463 0.84762990474700928 0.35893017053604126
vn 0.19771665334701538 0.82057565450668335 0.53624963760375977
vn -1 3.21724587593053E-06 -1.6133910207827284E-08
vn -1 2.7726002826966578E-06 6.0088490272391937E-07
vn -1 -8.0897342158436913E-09 -6.4392207832497661E-07
vn 0.28700041770935059 0.86569595336914062 0.41012346744537354
vn 0.32248201966285706 0.89481300115585327 0.30873125791549683
vn 0.38755494356155396 0.87274712324142456 0.29683935642242432
vn 1 4.3545169319259003E-06 -3.6634446587413549E-06
vn 1 0 0
vn 1 8.622320819995366E-06 -7.4995696195401251E-06
vn 1 -1.1692270618368639E-06 3.5369225770409685E-07
vn 1 1.6104555697893375E-06 -1.3859901628165971E-05
vn 1 -2.8673409815382911E-06 1.1521024134708568E-05
vn -1 -9.5122286438709125E-06 -2.1901432774029672E-05
vn -1 -1.1652884495561011E-05 7.3614378379716072E-06
vn -1 -9.708839570521377E-06 2.5180246666423045E-05
vn 5.5734476518409792E-06 0.65055209398269653 -0.75946164131164551
vn 1.3934592288933345E-06 0.65055274963378906 -0.75946104526519775
vn 1.4639518894909997E-06 0.65055274963378906 -0.75946104526519775
vn 0.01749088428914547 0.96657240390777588 0.25579652190208435
vn 0.0096367392688989639 0.90182030200958252 0.43200373649597168
vn -0.014669755473732948 0.80934858322143555 0.58714538812637329
vn 0.0045981169678270817 0.74504601955413818 0.66699719429016113
vn 0.81842190027236938 0.0020145212765783072 -0.57461422681808472
vn 0.81613349914550781 0.012643106281757355 -0.57772505283355713
vn 0.81898671388626099 -0.0020561625715345144 -0.57380878925323486
vn 0.022685771808028221 0.99972563982009888 0.0058317817747592926
vn 0.082523956894874573 0.99654650688171387 0.0092101432383060455
vn 0.054824475198984146 0.99849587678909302 0.00047924666432663798
vn 0.47353184223175049 0.87737977504730225 0.077280692756175995
vn 0.66269081830978394 0.74866724014282227 0.018391877412796021
vn 0.5555652379989624 0.83036971092224121 0.04281897097826004
vn 0.63236081600189209 0.70329105854034424 -0.32480993866920471
vn 0.61670583486557007 0.59981751441955566 -0.50979691743850708
vn 0.46455174684524536 0.7519875168800354 -0.46766054630279541
vn 0.47323659062385559 0.57620137929916382 -0.66636258363723755
vn 0.44182389974594116 0.66944593191146851 -0.59718823432922363
vn 0.9240872859954834 0.32333356142044067 0.20375996828079224
vn 0.85481840372085571 0.50404179096221924 0.12339945882558823
vn 0.79022395610809326 0.49620965123176575 0.35961383581161499
vn 0.93843096494674683 0.30202719569206238 0.1677107959985733
vn 0 0 1
vn 0 0 1
vn 0 0 1
vn 0 2.9340910256969721E-10 1
vn 0 0 1
vn 6.4254685128162237E-08 1.3911790119891521E-07 1
vn 4.2828514779102989E-07 7.6141168392496184E-07 1
vn -1.5364912542281672E-06 -3.3213502774742665E-06 1
vn 0.00055447261547669768 0.0016797028947621584 0.99999845027923584
vn -2.843297579602222E-06 -1.1982542673649732E-05 1
vn -3.1632632726541488E-06 4.2373366682113556E-07 1
vn 0.00074052636045962572 0.00011245630594203249 0.99999970197677612
vn -6.1432542679540347E-06 -1.1060632232329226E-06 1
vn 0.59450304508209229 0.79837882518768311 -0.095694094896316528
vn -0.045201554894447327 0.80787867307662964 -0.58761286735534668
vn -0.18236792087554932 0.86607271432876587 -0.46546748280525208
vn 0.30613082647323608 0.90813332796096802 0.28561818599700928
vn 0.8463401198387146 0.51748442649841309 0.12616771459579468
vn 0.22521126270294189 0.86456805467605591 -0.44922378659248352
vn 0.76403176784515381 0.57126516103744507 -0.29985255002975464
vn -0.63746392726898193 0.65218371152877808 -0.41023907065391541
vn -0.6251683235168457 0.63201284408569336 -0.45795664191246033
vn -0.41702172160148621 0.79454857110977173 -0.44134509563446045
vn 0.90569221973419189 0.421113520860672 -0.048836678266525269
vn 0.72486394643783569 0.58730411529541016 -0.36006411910057068
vn 0.95057880878448486 0.27967342734336853 -0.13484320044517517
vn 0.25753453373908997 0.67989099025726318 -0.6866033673286438
vn 0.06979949027299881 0.82419931888580322 -0.56198179721832275
vn 0.65213072299957275 0.50392055511474609 -0.56638294458389282
vn 0.38250607252120972 0.61646497249603271 -0.68822968006134033
vn 0.35589402914047241 0.76087862253189087 -0.54258930683135986
vn 0.37682497501373291 0.70496255159378052 -0.60085833072662354
vn 0.29724845290184021 0.82256561517715454 -0.48479810357093811
vn 0.28531664609909058 0.86376762390136719 -0.41533103585243225
vn 0.05148647353053093 0.92403006553649902 -0.37883710861206055
vn 0.032530456781387329 0.91519808769226074 -0.40168920159339905
vn 0.076681293547153473 0.92993813753128052 -0.35963183641433716
vn 0.096739791333675385 0.92936450242996216 -0.35626253485679626
vn 0.068727344274520874 0.93512415885925293 -0.34759077429771423
vn 0.088003255426883698 0.92065578699111938 -0.38032668828964233
vn 0.13002155721187592 0.9265633225440979 -0.35295155644416809
vn 0.15665893256664276 0.87750011682510376 -0.45326754450798035
vn 0.1246565654873848 0.87497621774673462 -0.46784335374832153
vn 0.87091964483261108 0.058982189744710922 0.48787301778793335
vn 0.33877092599868774 0.33378472924232483 0.87967151403427124
vn 0.24786259233951569 0.29907429218292236 0.92147636413574219
vn -0.052910923957824707 0.9876481294631958 -0.14748437702655792
vn -0.13369987905025482 0.96750199794769287 -0.21462567150592804
vn -0.056558385491371155 0.9865146279335022 -0.15359064936637878
vn 0.0062703792937099934 0.99306350946426392 -0.11741187423467636
vn -0.06087227538228035 0.60321897268295288 -0.79524928331375122
vn -0.021063165739178658 0.59021604061126709 -0.80697047710418701
vn -0.070546254515647888 0.60513985157012939 -0.7929874062538147
vn -0.11195880174636841 0.61720997095108032 -0.77879202365875244
vn -0.10937487334012985 0.61461150646209717 -0.78121048212051392
vn -0.31659671664237976 -0.32370683550834656 0.89161676168441772
vn -0.29327932000160217 0.26783418655395508 0.91774290800094604
vn -0.23424309492111206 -0.52941393852233887 0.81538397073745728
vn -0.47589832544326782 0.39061006903648376 0.78800034523010254
vn -0.065614260733127594 -0.25847154855728149 0.96378797292709351
vn -0.021278444677591324 -0.33688187599182129 0.941306471824646
vn -0.21324834227561951 -0.40174546837806702 0.8905760645866394
vn 0.027657343074679375 -0.58319032192230225 0.81186461448669434
vn 0.057236392050981522 -0.616768479347229 0.78506094217300415
vn 0.017144259065389633 -0.58368957042694092 0.81179589033126831
vn 0.086345314979553223 -0.60296684503555298 0.79307973384857178
vn 0.10777226835489273 -0.61697399616241455 0.77956926822662354
vn 0.090030655264854431 -0.61831778287887573 0.78075450658798218
vn 0.1077035591006279 -0.61318635940551758 0.78256148099899292
vn -0.0228103157132864 -0.94789272546768188 0.31777212023735046
vn 0.030807975679636002 -0.94616246223449707 0.32222265005111694
vn -0.044231042265892029 -0.94597458839416504 0.32120975852012634
vn 0.43862068653106689 -0.29077872633934021 -0.85032910108566284
vn 0.44360965490341187 -0.29641571640968323 -0.8457825779914856
vn 0.44581452012062073 -0.37138286232948303 -0.81444716453552246
vn 0.35250487923622131 -0.28504028916358948 -0.89134299755096436
vn 0.33958238363265991 -0.28494128584861755 -0.89637726545333862
vn -0.028864666819572449 -0.92111766338348389 0.38821262121200562
vn -0.001502260216511786 -0.92865675687789917 0.37093719840049744
vn -0.015289353206753731 -0.92168533802032471 0.38763695955276489
vn -0.049571223556995392 -0.92173266410827637 0.3846447765827179
vn -0.078922748565673828 -0.92973428964614868 0.35967397689819336
vn -0.36757129430770874 0.28528514504432678 0.88515746593475342
vn -0.45288768410682678 0.30234333872795105 0.83873790502548218
vn -0.3275236189365387 0.30723705887794495 0.89349520206451416
vn -0.43453794717788696 0.39107871055603027 0.81131637096405029
vn -0.45207527279853821 0.31448689103126526 0.83470112085342407
vn 0.35783892869949341 0.91197556257247925 0.20062874257564545
vn 0.3806946873664856 0.89747160673141479 0.2227470725774765
vn 0.39474549889564514 0.88784825801849365 0.23643486201763153
vn 0.41376122832298279 0.88227695226669312 0.22447505593299866
vn 0.37942841649055481 0.81353133916854858 0.44068223237991333
vn 0.4074866771697998 0.87237930297851562 0.27001664042472839
vn -0.16508126258850098 -0.84788113832473755 -0.50383108854293823
vn -0.035606812685728073 -0.84411472082138062 -0.53497898578643799
vn -0.077744759619235992 -0.70769721269607544 -0.70222532749176025
vn -0.26947939395904541 -0.89867258071899414 -0.34607580304145813
vn -0.12364870309829712 -0.90871018171310425 -0.39869388937950134
vn -0.23824217915534973 -0.82308483123779297 -0.51553082466125488
vn -0.33421066403388977 -0.88622981309890747 -0.32078027725219727
vn -0.25376689434051514 0.41232448816299438 -0.87498050928115845
vn -0.081333145499229431 0.20563137531280518 -0.97524392604827881
vn -0.29265701770782471 0.27730616927146912 -0.91512465476989746
vn 0.16423410177230835 0.73460298776626587 0.65832030773162842
vn 0.098686531186103821 0.64157062768936157 0.76068919897079468
vn -0.01639355905354023 0.66123998165130615 0.74999529123306274
vn 0.32491964101791382 0.83235955238342285 0.44900426268577576
vn 0.31325864791870117 0.78441500663757324 0.53531497716903687
vn -0.050630711019039154 0.6477387547492981 0.7601783275604248
vn 0.009046647697687149 0.83060204982757568 0.5567929744720459
vn 0.40004870295524597 0.86920875310897827 0.29058071970939636
vn -0.81154066324234009 -0.52138149738311768 -0.26374807953834534
vn -0.7369963526725769 -0.65596145391464233 -0.16294452548027039
vn -0.75420105457305908 -0.65653032064437866 -0.012193949893116951
vn -0.48238745331764221 -0.86007153987884521 -0.16607025265693665
vn 0.15094596147537231 -7.9207027738448232E-05 -0.98854202032089233
vn 0.14783097803592682 0.1934429407119751 -0.96991020441055298
vn 0.1123194694519043 0.053751610219478607 -0.99221724271774292
vn -0.021026495844125748 0.50558614730834961 -0.86251986026763916
vn -0.037616629153490067 0.59233927726745605 -0.8048100471496582
vn -0.065979629755020142 0.66824132204055786 -0.74101293087005615
vn 0.45667803287506104 0.10811522603034973 -0.88303810358047485
vn 0.41063353419303894 0.13648213446140289 -0.901528000831604
vn 0.49662071466445923 0.36819073557853699 -0.78600472211837769
vn 0.39405357837677002 -0.019614726305007935 -0.91887813806533813
vn 0.39227452874183655 0.35162535309791565 -0.84998840093612671
vn 0.38777369260787964 0.58928954601287842 -0.70878022909164429
vn 0.4537777304649353 0.5241316556930542 -0.72067451477050781
vn 0.8578224778175354 0.23269836604595184 0.45824888348579407
vn 0.86342304944992065 0.053833462297916412 0.50160008668899536
vn 0.9114452600479126 0.26556435227394104 0.31423419713973999
vn 0.92433452606201172 0.0061720781959593296 0.38153320550918579
vn 0.93965858221054077 0.30495613813400269 0.15505982935428619
vn 0.91960090398788452 0.14611075818538666 0.3646722137928009
vn 0.84152811765670776 0.3953547477722168 0.36813721060752869
vn 0.57923340797424316 0.81495743989944458 -0.01824885793030262
vn 0.85382765531539917 0.5205504298210144 -0.0023655728437006474
vn 0.95691913366317749 0.29030671715736389 -0.0052712829783558846
vn 0.99999994039535522 -6.5536710280866828E-08 0.00030067306943237782
vn 0.99999988079071045 -2.7749877062888118E-07 0.00048123265150934458
vn 1 8.7406043514093312E-10 -2.6696250188251724E-06
vn 0.36427310109138489 0.27626091241836548 -0.88937336206436157
vn 0.77965384721755981 0.32373154163360596 -0.53603899478912354
vn 0.27639308571815491 0.56570404767990112 -0.77690786123275757
vn 0.85491788387298584 0.029092960059642792 -0.51794695854187012
vn 0.036934766918420792 -0.0032399713527411222 -0.99931240081787109
vn 0.96365320682525635 0.086002491414546967 -0.2529350221157074
vn 0.9311295747756958 0.19911767542362213 -0.3055320680141449
vn -0.62224751710891724 0.52299708127975464 -0.58247929811477661
vn -0.53619474172592163 0.34874889254570007 -0.76868033409118652
vn -0.22610253095626831 0.49752005934715271 -0.8374672532081604
vn -0.58981257677078247 0.6267579197883606 -0.50921076536178589
vn -0.18317164480686188 0.19761091470718384 -0.96301507949829102
vn -0.56749224662780762 0.12716464698314667 -0.81349962949752808
vn -0.4879801869392395 -0.023805195465683937 -0.87253004312515259
vn 0.97116827964782715 -0.0079107321798801422 -0.2382638156414032
vn -0.43835979700088501 0.76301610469818115 -0.47502326965332031
vn -0.42929086089134216 0.76221781969070435 -0.48449292778968811
vn -0.3779258131980896 0.74889600276947021 -0.54435914754867554
vn 0.029270436614751816 0.98554158210754395 -0.16688635945320129
vn 0.057316016405820847 0.98669588565826416 -0.15213841199874878
vn 0.030247384682297707 0.98666548728942871 -0.15992607176303864
vn 0.053905241191387177 0.98654657602310181 -0.15433765947818756
vn 0.057152308523654938 -0.43807080388069153 0.8971218466758728
vn 0.13102811574935913 -0.022484229877591133 0.99112367630004883
vn 0.10973753780126572 -0.34388852119445801 0.93257617950439453
vn 0.074519269168376923 -0.035488758236169815 0.99658787250518799
vn 0.19187290966510773 0.046407774090766907 0.98032194375991821
vn 0.21837234497070312 -0.12278883904218674 0.96810972690582275
vn 0.15014094114303589 -0.32934743165969849 0.93219524621963501
vn 0.36508303880691528 -0.74432504177093506 0.55919104814529419
vn 0.36187821626663208 -0.73554527759552002 0.57272791862487793
vn 0.15222284197807312 -0.65508401393890381 0.7400628924369812
vn -0.057385683059692383 -0.84613871574401855 -0.52986425161361694
vn 0.14582256972789764 -0.3491021990776062 -0.92566919326782227
vn -0.062406245619058609 -0.30646443367004395 -0.94983422756195068
vn 0.33339962363243103 -0.91519218683242798 -0.22642414271831512
vn 0.25198131799697876 -0.89569932222366333 -0.36637154221534729
vn -0.016872543841600418 -0.89255070686340332 0.45063129067420959
vn -0.16076718270778656 -0.59015345573425293 0.79112124443054199
vn -0.24731846153736115 -0.17251463234424591 0.95345282554626465
vn 0.35852009057998657 -0.92629450559616089 0.11593905091285706
vn -0.10062988847494125 -0.92288392782211304 0.37169733643531799
vn -0.060717858374118805 -0.92946302890777588 0.36388438940048218
vn -0.085922248661518097 -0.9308432936668396 0.35517343878746033
vn -0.13084745407104492 -0.92448019981384277 0.3580717146396637
vn -0.17036813497543335 -0.90602922439575195 0.38740897178649902
vn -0.1401202529668808 -0.87036913633346558 0.4720422625541687
vn -0.082280948758125305 -0.98761230707168579 -0.13361057639122009
vn -0.10704516619443893 -0.87708371877670288 -0.46825793385505676
vn -0.12155349552631378 -0.88147866725921631 -0.45631137490272522
vn -0.19720509648323059 -0.47816956043243408 -0.85584110021591187
vn -0.14670898020267487 -0.46206158399581909 -0.87462884187698364
vn -0.18546959757804871 -0.25740158557891846 -0.94833827018737793
vn -0.11796426773071289 -0.44815027713775635 -0.88614094257354736
vn -0.10847391188144684 -0.23749709129333496 -0.965312659740448
vn -0.21456079185009003 -0.19381822645664215 -0.95728689432144165
vn -0.23651561141014099 -0.56802248954772949 -0.7882961630821228
vn -0.17147502303123474 0.75035321712493896 0.63840925693511963
vn 0.060548588633537292 0.28013128042221069 0.95805025100708008
vn -0.28353837132453918 0.2819475531578064 0.91657602787017822
vn 0.057303044945001602 0.58874624967575073 0.80628418922424316
vn -0.016834747046232224 -0.94062602519989014 0.33902701735496521
vn -0.050179373472929001 -0.9312099814414978 0.36101251840591431
vn -0.064740724861621857 -0.93348807096481323 0.35271614789962769
vn -0.098079413175582886 -0.92305284738540649 0.37195950746536255
vn -0.090546026825904846 -0.9269750714302063 0.3640311062335968
vn -0.063830830156803131 -0.95182996988296509 -0.29990881681442261
vn -0.086632788181304932 -0.99238687753677368 -0.087538555264472961
vn -0.034456178545951843 -0.94135385751724243 -0.33565711975097656
vn -0.19019195437431335 -0.98128288984298706 -0.030180780217051506
vn -0.098684102296829224 -0.97707837820053101 -0.18862459063529968
vn -0.1264207512140274 -0.99196016788482666 0.0057302676141262054
vn -0.17940017580986023 -0.98377448320388794 0.0018229328561574221
vn -0.072642579674720764 -0.99676263332366943 -0.034458119422197342
vn 0.01007077656686306 -0.86570256948471069 -0.50045740604400635
vn -0.035777200013399124 -0.87551301717758179 -0.48186814785003662
vn -0.023709559813141823 -0.88739454746246338 -0.46040064096450806
vn -0.0083000017330050468 -0.77777004241943359 -0.62849414348602295
vn -0.042764734476804733 -0.86948126554489136 -0.49211129546165466
vn -0.094465300440788269 0.79143261909484863 -0.60391288995742798
vn -0.072444915771484375 0.7131645679473877 -0.69724315404891968
vn -0.036859307438135147 0.5610777735710144 -0.82694202661514282
vn -0.13626985251903534 0.81346559524536133 -0.56542396545410156
vn -0.11637378484010696 0.77857357263565063 -0.61666876077651978
vn -0.078758098185062408 0.55362612009048462 -0.82903271913528442
vn -0.058260127902030945 0.52887308597564697 -0.84669888019561768
vn -0.089157238602638245 0.79424595832824707 -0.60101944208145142
vn 0 -1 0
vn 0 -1 3.0614673018902749E-09
vn 0 -1 0
vn 7.3089182706098654E-07 -1 1.2492680070863571E-05
vn 0 -1 0
vn 0 -1 0
vn 0.00036772192106582224 -0.99999994039535522 0.00014036925858817995
vn -2.4404662326560356E-05 -0.99999994039535522 -0.00041713373502716422
vn -0.018200496211647987 -0.99981629848480225 -0.0060102022252976894
vn 0.00058839796110987663 -0.99999964237213135 -0.00059344584587961435
vn 0.67728263139724731 0.7322579026222229 0.071320831775665283
vn 0.84784066677093506 0.42820087075233459 0.31274622678756714
vn 0.57722222805023193 0.78830724954605103 0.21304032206535339
vn 0.16038163006305695 0.97354221343994141 0.16276757419109344
vn 0.22146409749984741 0.96758937835693359 0.12134446203708649
vn 0.86147195100784302 0.39638787508010864 0.3174000084400177
vn 0.0001307272759731859 0.00021361018298193812 -0.99999994039535522
vn 0.00016333868552464992 0.00015299039660021663 -1
vn 0.014953861944377422 0.017253266647458076 -0.99973934888839722
vn 4.4904899709763413E-07 0.00017643765022512525 -1
vn -0.00017318468599114567 -0.0017540368717163801 -0.99999845027923584
vn -0.00090783106861636043 -0.00010212820779997855 -0.99999958276748657
vn 0.010378394275903702 -0.012078254483640194 -0.99987322092056274
vn 3.9787581044947729E-05 0.00017075568030122668 -1
vn -4.7700897994218394E-05 -3.2068463042378426E-05 -1
vn -1.3124632459948771E-05 -1.7189437130582519E-05 -1
vn -6.1711572925560176E-05 1.8901097064372152E-05 -1
vn 0.0015395423397421837 -0.0017971842316910625 -0.99999719858169556
vn -0.00021692877635359764 0.0001229464978678152 -0.99999994039535522
vn 0.965049147605896 5.2307255828054622E-05 -0.26206895709037781
vn 0.96504718065261841 0.0001177759186248295 -0.26207625865936279
vn 0.96504849195480347 -1.5229981727316044E-05 -0.26207128167152405
vn 0.96502351760864258 -0.00038651039358228445 -0.26216301321983337
vn 0.96504998207092285 0.00012487433559726924 -0.2620658278465271
vn 0.96501797437667847 0.0099491812288761139 -0.261994868516922
vn 0.96504831314086914 -0.00014813270536251366 -0.26207205653190613
vn 0.92819195985794067 0.079365499317646027 -0.36353924870491028
vn 0.93120592832565308 -0.0095237474888563156 -0.36436912417411804
vn 0.92916303873062134 0.064239606261253357 -0.36404576897621155
vn 0.40086886286735535 -8.7368112872354686E-05 -0.91613543033599854
vn 0.40075987577438354 -5.2570878324331716E-05 -0.91618311405181885
vn 0.40076154470443726 -8.5659330579801463E-06 -0.91618239879608154
vn 0.40048331022262573 -0.00018272473243996501 -0.91630405187606812
vn 0.40065011382102966 -5.5588890973012894E-05 -0.91623109579086304
vn 0.40088701248168945 2.6006708139902912E-05 -0.91612750291824341
vn 0.40073952078819275 9.60852844400506E-07 -0.91619199514389038
vn 0.40073162317276001 2.448182840453228E-06 -0.91619545221328735
vn 0.40073519945144653 -3.5483869851304917E-06 -0.91619390249252319
vn 0.40074172616004944 1.1102792086603586E-05 -0.91619104146957397
vn 0.93968701362609863 0 -0.34203553199768066
vn 0.93968701362609863 0 -0.34203553199768066
vn 0.93968701362609863 0 -0.34203553199768066
vn 0.34202718734741211 4.3458430809550919E-06 0.93969005346298218
vn 0.34205788373947144 6.0242332438065205E-06 0.93967890739440918
vn 0.34204888343811035 -1.3242816748970654E-05 0.93968218564987183
vn 0.035362519323825836 -0.00014608302444685251 0.99937456846237183
vn 0.014478630386292934 0.00015811496996320784 0.99989515542984009
vn 0.21896620094776154 5.4286098020384088E-05 0.97573244571685791
vn 0.20897622406482697 -1.8601043848320842E-05 0.97792071104049683
vn 0.68475735187530518 -0.00013973447494208813 0.72877109050750732
vn 1 0 0
vn 1 0 0
vn 1 0 0
vn -0.036620303988456726 0.00018809556786436588 -0.99932920932769775
vn -0.2305527925491333 -5.8366178564028814E-05 -0.97305983304977417
vn -0.014257575385272503 -0.00020229083020240068 -0.99989831447601318
vn -0.20465774834156036 1.5339093124566716E-06 -0.97883361577987671
vn -0.34196013212203979 1.953176069946494E-05 -0.93971443176269531
vn -0.34203755855560303 3.1963313631422352E-06 -0.93968629837036133
vn -0.34201371669769287 4.1989055716840085E-06 -0.93969494104385376
vn -0.34202340245246887 -2.147033001165255E-06 -0.93969142436981201
vn -0.93969255685806274 0 0.34202033281326294
vn -0.93969255685806274 0 0.34202033281326294
vn -0.93969255685806274 0 0.34202033281326294
vn -0.40074336528778076 -6.5351287048542872E-06 0.91619032621383667
vn -0.40075394511222839 1.0880796708079288E-06 0.91618573665618896
vn -0.40074071288108826 -4.877700575889321E-06 0.91619151830673218
vn -0.40072768926620483 1.8378819731879048E-05 0.91619718074798584
vn -0.40073791146278381 -2.0095196759939427E-06 0.91619271039962769
vn -0.40074136853218079 -1.3340248870008509E-06 0.9161912202835083
vn -0.40074032545089722 -8.2028818724211305E-06 0.9161916971206665
vn -0.40075790882110596 -2.7187248633708805E-05 0.91618400812149048
vn -0.93544650077819824 -0.14241631329059601 0.32350808382034302
vn -0.92232763767242432 0.026054752990603447 0.3855292797088623
vn -0.92319643497467041 -0.049532942473888397 0.38112306594848633
vn -0.87152600288391113 -0.33000889420509338 0.36267974972724915
vn -0.89702439308166504 -0.20454351603984833 0.39180248975753784
vn -0.83789008855819702 -0.41919690370559692 0.34959143400192261
vn -0.91234785318374634 -0.26959386467933655 -0.30812430381774902
vn -0.90934360027313232 -0.14110909402370453 -0.39138525724411011
vn -0.88102430105209351 -0.11919566988945007 -0.45780843496322632
vn -0.86601841449737549 -0.3190617561340332 -0.38498267531394958
vn -0.96511167287826538 0.00049446034245193005 0.26183810830116272
vn -0.96456027030944824 -0.0036995480768382549 0.26383671164512634
vn -0.96506220102310181 9.5700605015736073E-05 0.2620207667350769
vn -0.96383607387542725 -0.0090433936566114426 0.26634237170219421
vn -0.96503686904907227 3.9240527257788926E-05 0.26211413741111755
vn -0.96512687206268311 -0.00023936276556923985 0.26178246736526489
vn -0.96504789590835571 -3.2802501664264128E-05 0.26207354664802551
vn -0.96505296230316162 6.0414668041630648E-06 0.26205489039421082
vn -0.43450579047203064 -0.27878296375274658 0.85643726587295532
vn -0.39344465732574463 -0.35513699054718018 0.84798526763916016
vn -0.40216392278671265 -0.19258314371109009 0.89508432149887085
vn -0.43021109700202942 -0.4772070050239563 0.76628446578979492
vn -0.3817901611328125 -0.54215770959854126 0.74853277206420898
vn -0.52368348836898804 -0.43245503306388855 0.73398786783218384
vn -0.61888957023620605 -0.56854939460754395 0.54196608066558838
vn -0.5239250659942627 -0.54681575298309326 0.65306586027145386
vn 0.94728201627731323 -0.2259833961725235 0.22713056206703186
vn 0.92648041248321533 -0.24686165153980255 0.28406578302383423
vn 0.94943857192993164 -0.19654546678066254 0.2448187917470932
vn 0.91091412305831909 -0.16111814975738525 0.37983736395835876
vn 0.92437142133712769 -0.16770489513874054 0.34265509247779846
vn 0.92291915416717529 -0.092561841011047363 0.37370112538337708
vn 0.90813535451889038 0.00099646241869777441 0.41867545247077942
vn 0.91904252767562866 0.0055400868877768517 0.39411941170692444
vn 0.19191356003284454 -0.62979602813720703 0.75267928838729858
vn -0.6993219256401062 -0.54894953966140747 0.45782440900802612
vn -0.85264068841934204 -0.21802783012390137 0.4748343825340271
vn 0.18226015567779541 -0.31281003355979919 0.93216472864151001
vn 0.14423990249633789 -0.026941558346152306 0.98917591571807861
vn -0.88767546415328979 -0.057251762598752975 0.45689657330513
vn -0.92282873392105103 0.06517830491065979 -0.37965625524520874
vn -0.92679870128631592 0.15875540673732758 -0.34035405516624451
vn -0.91415733098983765 0.017079805955290794 -0.40499958395957947
vn -0.93044471740722656 0.18127189576625824 -0.31845435500144958
vn -0.9565659761428833 0.2380184531211853 -0.16831132769584656
vn -0.94007396697998047 0.20849864184856415 -0.269794762134552
vn -0.36986547708511353 -0.23554906249046326 0.89873033761978149
vn -0.37902000546455383 -0.020421329885721207 0.9251631498336792
vn -0.38135886192321777 -0.031656872481107712 0.92388486862182617
vn -0.35430827736854553 -0.35844221711158752 0.8637041449546814
vn -0.30630031228065491 -0.57542335987091064 0.75833243131637573
vn -0.28615573048591614 -0.6135261058807373 0.73600316047668457
vn -0.31046167016029358 -0.70094037055969238 0.64210289716720581
vn 0.18257208168506622 -0.41622930765151978 0.89074158668518066
vn 0.11379099637269974 -0.15858423709869385 0.98076635599136353
vn 0.13173501193523407 -0.26273652911186218 0.95583230257034302
vn 0.28574463725090027 -0.61308085918426514 0.73653364181518555
vn 0.26896190643310547 -0.58834147453308105 0.76257050037384033
vn 0.18972007930278778 -0.430765300989151 0.88229674100875854
vn 0.5699385404586792 -0.34548914432525635 0.74552488327026367
vn 0.9996868371963501 0.022945189848542213 0.009989321231842041
vn 0.73101562261581421 -0.097215436398983002 0.67540013790130615
vn 0.953849196434021 -0.16135716438293457 0.25325006246566772
vn 0.99703186750411987 -0.0057301144115626812 0.076776333153247833
vn 0.50467437505722046 0.25364270806312561 -0.82520854473114014
vn 0.47503945231437683 0.55408614873886108 -0.68361252546310425
vn 0.44878506660461426 0.38883981108665466 -0.80460894107818604
vn 0.34328049421310425 0.65082252025604248 -0.67719161510467529
vn 0.49592244625091553 0.13173225522041321 -0.85831665992736816
vn 0.42310401797294617 -0.024341175332665443 -0.90575408935546875
vn 0.65207052230834961 -0.068335466086864471 -0.75507241487503052
vn -0.11674445122480392 0.16041755676269531 -0.98012089729309082
vn -0.13539141416549683 0.25870275497436523 -0.95642149448394775
vn -0.094292938709259033 -0.03220733255147934 -0.99502336978912354
vn -0.31469550728797913 0.65179532766342163 -0.69002145528793335
vn -0.2170519232749939 0.49541455507278442 -0.84110218286514282
vn -0.30608531832695007 0.64667642116546631 -0.69865679740905762
vn -0.17449350655078888 0.39828813076019287 -0.90051019191741943
vn 0.3615410327911377 0.041497524827718735 -0.93143224716186523
vn 0.34719669818878174 -0.056137792766094208 -0.93611055612564087
vn 0.41429245471954346 0.2257082462310791 -0.88171285390853882
vn 0.34042564034461975 0.29434636235237122 -0.89301210641860962
vn 0.31168672442436218 0.55956429243087769 -0.76794475317001343
vn 0.32873576879501343 0.46594053506851196 -0.82148170471191406
vn 0.25369057059288025 0.67330646514892578 -0.69447785615921021
vn -0.30799594521522522 0.65285253524780273 -0.69204193353652954
vn -0.39371219277381897 0.74250489473342896 -0.54191988706588745
vn -0.31952464580535889 0.65784460306167603 -0.68201500177383423
vn 0.15065890550613403 0.97723734378814697 -0.1493622362613678
vn 0.24656179547309875 0.94625133275985718 -0.20932202041149139
vn 0.17725987732410431 0.97088462114334106 -0.16112725436687469
vn 0.26187682151794434 0.95076596736907959 -0.16572441160678864
vn 0.2309645414352417 0.93888360261917114 -0.2552507221698761
vn 0.29495066404342651 0.90713977813720703 -0.30016911029815674
vn 0.57700419425964355 -0.5256684422492981 0.6250910758972168
vn 0.53340756893157959 -0.21641258895397186 0.81770527362823486
vn 0.77448594570159912 -0.30486878752708435 0.55428022146224976
vn 0.42586424946784973 -0.78393852710723877 0.45175215601921082
vn 0.4096372127532959 -0.72768169641494751 0.55016064643859863
vn 0.45522290468215942 -0.77872824668884277 0.43168783187866211
vn 0.29081222414970398 -0.61792963743209839 0.73047327995300293
vn 0.33091238141059875 -0.71510785818099976 0.61572539806365967
vn 0.099654346704483032 -0.95056021213531494 -0.29411616921424866
vn -0.03003351204097271 -0.95794260501861572 -0.28538396954536438
vn 0.011439669877290726 -0.62913370132446289 0.77721291780471802
vn -0.21650612354278564 -0.78887820243835449 0.57514888048171997
vn -0.20601725578308105 -0.82089149951934814 0.53262937068939209
vn -0.26857328414916992 -0.69523817300796509 0.666717529296875
vn -0.2954346239566803 -0.28453895449638367 -0.91200655698776245
vn -0.85778528451919556 -0.06590697169303894 -0.50976526737213135
vn -0.35181331634521484 -0.36148169636726379 -0.86345720291137695
vn -0.82978969812393188 -0.076059743762016296 -0.55286884307861328
vn -0.96915173530578613 0.12631876766681671 -0.21163280308246613
vn -0.11339156329631805 -0.93791168928146362 -0.32781699299812317
vn 0.063681051135063171 -0.60487598180770874 0.79376935958862305
vn 0.063738815486431122 -0.60616648197174072 0.79277962446212769
vn 0.037576913833618164 -0.66540509462356567 0.74553602933883667
vn -0.19609019160270691 -0.95039963722229004 -0.24143140017986298
vn 0.066809564828872681 -0.51204007863998413 0.85635942220687866
vn -0.05901709571480751 -0.99720323085784912 -0.045854635536670685
vn -0.08336348831653595 -0.95079708099365234 -0.2983880341053009
vn 0.19592969119548798 0.35432761907577515 0.91436505317687988
vn 0.2036995142698288 0.35518580675125122 0.91233193874359131
vn 0.15649494528770447 0.36237761378288269 0.91879910230636597
vn 0.10307986289262772 0.35031136870384216 0.93094384670257568
vn 0.14426247775554657 0.3536771833896637 0.92417573928833008
vn 0.25901708006858826 0.3341214656829834 0.90624111890792847
vn 0.24803696572780609 0.32950025796890259 0.91099244356155396
vn 0.11164619028568268 0.34816837310791016 0.93075984716415405
vn -0.12511014938354492 -0.92233735322952271 0.36556971073150635
vn -0.16314518451690674 -0.9176979660987854 0.36223492026329041
vn -0.21088105440139771 -0.8967100977897644 0.38915315270423889
vn -0.31329625844955444 -0.84262454509735107 0.43798327445983887
vn -0.6593969464302063 -0.75103795528411865 0.033728841692209244
vn -0.48923051357269287 -0.87174451351165771 0.026740524917840958
vn -0.58487933874130249 -0.78077954053878784 0.21977134048938751
vn -0.74834275245666504 -0.64719259738922119 0.14534379541873932
vn -0.65207815170288086 -0.7175566554069519 0.24475815892219543
vn -0.82753229141235352 -0.55308592319488525 0.096364960074424744
vn -0.51605844497680664 -0.78447926044464111 0.34391263127326965
vn -0.369366854429245 -0.92659944295883179 0.070580631494522095
vn -0.42537176609039307 -0.88084101676940918 -0.20779317617416382
vn -0.52808219194412231 -0.84043687582015991 -0.12163490802049637
vn -0.38768181204795837 -0.9180762767791748 -0.08269694447517395
vn -0.27322664856910706 -0.92925161123275757 0.2486737072467804
vn -0.13396112620830536 -0.95744645595550537 0.25563785433769226
vn -0.22888471186161041 -0.89794778823852539 -0.37590104341506958
vn -0.94056659936904907 -0.29150810837745667 -0.17423400282859802
vn -0.92286741733551025 -0.33062207698822021 -0.19749625027179718
vn -0.88655954599380493 -0.4626096785068512 -0.0021195181179791689
vn -0.87047743797302246 -0.31006357073783875 -0.38226908445358276
vn -0.79902344942092896 -0.52812725305557251 -0.28747713565826416
vn -0.85203355550765991 -0.47413995862007141 -0.22187851369380951
vn -0.86359870433807373 -0.49888822436332703 -0.072854727506637573
vn -0.76692301034927368 -0.60199892520904541 -0.22232049703598022
vn -0.79069256782531738 -0.49779966473579407 0.35637170076370239
vn -0.85278576612472534 -0.38505139946937561 0.35283404588699341
vn -0.80578231811523438 -0.47494456171989441 0.35375487804412842
vn -0.07413066178560257 -0.0002247554948553443 -0.99724853038787842
vn -0.074134379625320435 -0.00021650858980137855 -0.99724823236465454
vn -0.074193134903907776 -8.6061649199109524E-05 -0.99724388122558594
vn 0.52191847562789917 -0.85296797752380371 0.00683578010648489
vn 0.42984575033187866 -0.90286773443222046 -0.0079015176743268967
vn 0.97427088022232056 -0.22519804537296295 -0.0090630650520324707
vn 0.14205695688724518 0.090637393295764923 -0.98570007085800171
vn 0.17090731859207153 0.048237796872854233 -0.98410558700561523
vn 0.35404276847839355 0.048808455467224121 -0.93395471572875977
vn 0.84720075130462646 0.39489555358886719 -0.35539892315864563
vn 0.82690036296844482 0.4494110643863678 -0.33803179860115051
vn 0.82220780849456787 0.44666150212287903 -0.35280004143714905
vn -0.36730176210403442 -0.70310968160629272 0.60887289047241211
vn -0.28682336211204529 -0.84837108850479126 0.44497063755989075
vn -0.28259330987930298 -0.84661602973937988 0.4509793221950531
vn 0.95954012870788574 -0.20631620287895203 0.1916152685880661
vn 0.93976503610610962 -0.23422412574291229 0.24895933270454407
vn 0.94979405403137207 -0.23122210800647736 0.21077863872051239
vn 0.19293127954006195 -0.67125958204269409 0.71567320823669434
vn 0.26680335402488708 -0.80736297369003296 0.52628988027572632
vn -0.82368379831314087 -0.47699519991874695 0.30662769079208374
vn 0.27802765369415283 -0.85664445161819458 0.43458130955696106
vn -0.91802853345870972 -0.39367532730102539 0.047364082187414169
vn -0.96033763885498047 0.20559445023536682 -0.18836808204650879
vn -0.96008074283599854 0.20546819269657135 -0.18980999290943146
vn -0.94384229183197021 0.23039162158966064 -0.23681522905826569
vn 0.80841141939163208 -0.44077315926551819 0.39011532068252563
vn 0.98766565322875977 0.024813221767544746 0.15459902584552765
vn 0.93445801734924316 -0.19474934041500092 0.29809543490409851
vn 0.32689934968948364 0.75359100103378296 -0.57029592990875244
vn 0.27340191602706909 0.85585343837738037 -0.43905159831047058
vn 0.36053329706192017 0.67686754465103149 -0.64176791906356812
vn 0.36175492405891418 0.65910869836807251 -0.6593247652053833
vn 0.93517965078353882 -0.0033783591352403164 0.35415756702423096
vn 0.92045760154724121 -0.031066114082932472 0.38960587978363037
vn 0.53086674213409424 0.19441959261894226 0.82485240697860718
vn 0.97575902938842773 -0.2099803239107132 0.061664998531341553
vn 0.48193338513374329 0.35209599137306213 0.80235195159912109
vn -0.51955020427703857 -0.84619128704071045 -0.11843941360712051
vn -0.55972039699554443 -0.82674175500869751 -0.056667331606149673
vn -0.68032002449035645 -0.73290300369262695 -0.0042235539294779301
vn -0.71623551845550537 -0.69307255744934082 0.081590928137302399
vn -0.84389698505401611 -0.53344833850860596 -0.057190489023923874
vn -0.91915303468704224 -0.37977319955825806 0.10454665869474411
vn 0.74345910549163818 0.47809931635856628 -0.46764260530471802
vn 0.65356570482254028 0.41218623518943787 -0.63478684425354004
vn 0.78603410720825195 0.45290303230285645 0.42074841260910034
vn -0.0012082816101610661 0.99999922513961792 -0.00037245446583256125
vn -0.0056151943281292915 0.99998289346694946 -0.0016432288102805614
vn 0.03335653617978096 0.99938607215881348 0.010713934898376465
vn 0.059861291199922562 0.99802327156066895 0.019134771078824997
vn 0.013519073836505413 -0.83866071701049805 -0.544486403465271
vn -0.11468052864074707 -0.97634094953536987 -0.18332141637802124
vn 0.011430488899350166 -0.86558955907821655 -0.50062370300292969
vn -0.0038571124896407127 -0.78446471691131592 -0.62016141414642334
vn 0.012459241785109043 -0.74113017320632935 -0.67124569416046143
vn -0.23333513736724854 0.89519155025482178 -0.37971940636634827
vn -0.36878490447998047 0.86311829090118408 -0.34499937295913696
vn -0.24819371104240417 0.71949464082717896 -0.64863497018814087
vn -0.15284125506877899 0.71459114551544189 -0.68264126777648926
vn -0.07387050986289978 0.62822765111923218 -0.77451479434967041
vn 0.064766734838485718 0.54626649618148804 -0.83510369062423706
vn -0.50079697370529175 -0.00070171692641451955 0.86556452512741089
vn -0.50766235589981079 -0.0079388227313756943 0.86151951551437378
vn -0.48598116636276245 0.012582745403051376 0.87387871742248535
vn -0.50029683113098145 0.00025875025312416255 0.86585390567779541
vn -0.56476390361785889 -0.061107587069272995 0.82298702001571655
vn -0.74700349569320679 -0.6438632607460022 0.16560764610767365
vn -0.60625123977661133 -0.76535451412200928 0.2160831093788147
vn -0.65362763404846191 -0.71922832727432251 0.23554526269435883
vn -0.53569823503494263 -0.8048938512802124 0.25529059767723083
vn -0.50001370906829834 -0.80044752359390259 -0.33056023716926575
vn -0.83014148473739624 -0.37745937705039978 -0.4103529155254364
vn -0.533943772315979 -0.79211539030075073 -0.29573166370391846
vn -0.62346279621124268 -0.11235050857067108 0.77373862266540527
vn -0.38072329759597778 0.095529019832611084 0.91974127292633057
vn -0.50158274173736572 -0.0013452356215566397 0.86510860919952393
vn -0.70207101106643677 -0.58405327796936035 0.40740403532981873
vn -0.59584754705429077 -0.65226453542709351 0.46852609515190125
vn -0.53158861398696899 -0.68301570415496826 0.50090229511260986
vn -0.38152942061424255 -0.00088265759404748678 0.92435628175735474
vn -0.25083300471305847 0.0014416566118597984 0.96802932024002075
vn 0.18364128470420837 -0.0017400307115167379 0.98299181461334229
vn -0.38817116618156433 -0.92158716917037964 -0.0004830203833989799
vn -0.70841711759567261 -0.70578896999359131 0.0026615001261234283
vn -0.59644705057144165 -0.80261045694351196 0.0082058506086468697
vn -0.78266990184783936 -0.62243568897247314 0.0012570442631840706
vn -0.00042787397978827357 0.99999982118606567 -0.00042113949893973768
vn 1.1339207048877142E-05 1 6.9263996920199133E-06
vn 4.9155445594806224E-05 1 4.8867917939787731E-05
vn 1.7189559002872556E-05 1 3.7108813558006659E-05
vn -0.43225574493408203 -0.87619233131408691 0.21317124366760254
vn -0.23486390709877014 -0.91727769374847412 0.32162174582481384
vn -0.36903437972068787 -0.88228929042816162 0.29219728708267212
vn -0.52498507499694824 -0.81297272443771362 0.25192457437515259
vn -0.47775936126708984 -0.83174842596054077 -0.28273764252662659
vn -0.48438143730163574 -0.82720059156417847 -0.28480491042137146
vn -0.35895583033561707 -0.91018670797348022 -0.20666603744029999
vn -9.2901058224015287E-07 -3.6235360312275589E-07 1
vn 8.3467784861568362E-07 -5.873971531400457E-07 1
vn 1.43395268992208E-07 -9.6980492969578336E-08 1
vn 4.7811101921979571E-07 -8.8140936327363306E-08 1
vn -3.7983118090778589E-06 4.3240200398031448E-07 1
vn -0.021440176293253899 -0.0016832308610901237 -0.99976873397827148
vn 0.30853617191314697 -0.002420167438685894 -0.95120954513549805
vn 0.19128233194351196 0.00011003478721249849 -0.98153507709503174
vn 0.49999207258224487 -4.9601055707171327E-07 -0.86602997779846191
vn 0.50000852346420288 -7.4634308475651778E-06 -0.86602050065994263
vn 0.50000375509262085 8.7268790593952872E-06 -0.86602324247360229
vn 0.50000327825546265 -1.8616019588080235E-05 -0.8660234808921814
vn -0.48739692568778992 -0.87318050861358643 -7.9198656521839439E-09
vn -0.038337171077728271 -0.99926483631134033 0
vn 0.07719103991985321 -0.9970163106918335 3.0592401945028769E-09
vn -0.61103677749633789 -0.79160219430923462 -9.9417718502081698E-09
vn -0.99976533651351929 0.021661447361111641 1.9752225455249572E-07
vn -0.6330755352973938 0.77409005165100098 -1.4384519090526737E-05
vn -0.99969804286956787 0.024572165682911873 2.3310141372689941E-08
vn -0.058127433061599731 0.99830913543701172 0.00016490089183207601
vn -0.52331924438476562 0.85213667154312134 -2.46369154410786E-06
vn -0.077875226736068726 0.99696308374404907 0.000256784085649997
vn -0.30348551273345947 -0.82153689861297607 -0.48267340660095215
vn -0.21990452706813812 -0.85312974452972412 -0.47308734059333801
vn -0.25169694423675537 -0.90788263082504272 -0.33525782823562622
vn -0.41676628589630127 -0.19555762410163879 -0.88772916793823242
vn -0.44384843111038208 -0.37596386671066284 -0.81341856718063354
vn -0.59745872020721436 -0.47112789750099182 -0.64890801906585693
vn -0.39995303750038147 -0.063809484243392944 -0.91431170701980591
vn -0.72078812122344971 -0.1926056444644928 -0.66585850715637207
vn -0.3237338662147522 -0.89154887199401855 -0.31676009297370911
vn -0.42630666494369507 -0.67166930437088013 -0.60590672492980957
vn -0.4342915415763855 -0.8559843897819519 -0.28050228953361511
vn -0.56046688556671143 -0.726734459400177 -0.39715725183486938
vn -0.27034828066825867 -0.80559879541397095 -0.52718347311019897
vn -0.38923898339271545 -0.66399466991424561 -0.63843882083892822
vn -0.62077093124389648 0.0047686733305454254 -0.78397750854492188
vn -0.45562824606895447 0.065527446568012238 -0.88775509595870972
vn -0.31754803657531738 -0.91407525539398193 -0.25224921107292175
vn -0.66775858402252197 -0.5187232494354248 -0.53387701511383057
vn -0.70003217458724976 0.072099469602108002 -0.71046227216720581
vn -0.2639068067073822 -0.071502536535263062 -0.96189427375793457
vn -0.25996211171150208 -0.21111726760864258 -0.94225752353668213
vn -0.22451473772525787 -0.074152149260044098 -0.9716452956199646
vn -0.1800902783870697 0.031343616545200348 -0.98315060138702393
vn -0.19429165124893188 -0.1262710839509964 -0.97278279066085815
vn -0.17473024129867554 -0.2124350368976593 -0.96142637729644775
vn -0.44940781593322754 -0.029961885884404182 -0.89282411336898804
vn -0.59972268342971802 -0.090008094906806946 -0.79512971639633179
vn 0.27570691704750061 -0.015337307006120682 -0.96111935377120972
vn -0.33000236749649048 -0.0085527757182717323 -0.94394135475158691
vn -0.3311212956905365 -0.097133338451385498 -0.9385753870010376
vn -0.32631230354309082 0.006237624678760767 -0.94524145126342773
vn -0.33878177404403687 -0.18810848891735077 -0.92186880111694336
vn -0.31502124667167664 -0.11201333254575729 -0.94245141744613647
vn -0.29320222139358521 -0.13991008698940277 -0.94575768709182739
vn -0.31003040075302124 -0.26207375526428223 -0.91389197111129761
vn -0.53871667385101318 -0.14111527800559998 -0.83058464527130127
vn -0.45841139554977417 -0.044944554567337036 -0.88760292530059814
vn -0.6759788990020752 -0.077376708388328552 -0.73284745216369629
vn -0.71235901117324829 -0.087920814752578735 -0.69628626108169556
vn -0.73794269561767578 0.053404416888952255 -0.67274701595306396
vn -0.72363030910491943 -0.074510589241981506 -0.6861540675163269
vn -0.72078192234039307 -0.15971215069293976 -0.67451131343841553
vn -0.12846310436725616 -0.050469681620597839 -0.99042922258377075
vn -0.12946446239948273 -0.14497008919715881 -0.98092949390411377
vn -0.14384391903877258 -0.15780086815357208 -0.97693794965744019
vn -0.75410163402557373 -0.15615478157997131 -0.63792353868484497
vn -0.75308895111083984 -0.16405384242534637 -0.63713687658309937
vn -0.76268273591995239 -0.056982800364494324 -0.64425772428512573
vn -0.67275834083557129 0.016156328842043877 0.73968589305877686
vn -0.54222559928894043 0.010094593279063702 0.84017229080200195
vn -0.32298442721366882 0.045117538422346115 0.9453282356262207
vn -0.22298189997673035 0.018996946513652802 0.97463744878768921
vn 0.13535401225090027 -0.017969276756048203 0.99063432216644287
vn 0.13460929691791534 0.097183912992477417 0.9861215353012085
vn 0.12857024371623993 0.1281902939081192 0.98338037729263306
vn 0.72784316539764404 0.036183144897222519 0.68478840589523315
vn 0.72256064414978027 0.12161162495613098 0.68052679300308228
vn 0.72950899600982666 0.0012829460902139544 0.68397003412246704
vn 0.7164146900177002 0.15938112139701843 0.67922574281692505
vn 0.37111198902130127 0.067864350974559784 0.92610490322113037
vn 0.62202650308609009 0.036446884274482727 0.78214746713638306
vn 0.36986491084098816 0.016649827361106873 0.92893636226654053
vn 0.30685526132583618 0.2834867537021637 0.90855658054351807
vn 0.31858175992965698 0.26435264945030212 0.91028749942779541
vn 0.31744930148124695 0.18108443915843964 0.93082457780838013
vn 0.34310537576675415 0.1685376763343811 0.924052894115448
vn 0.31491059064865112 0.066794693470001221 0.94676804542541504
vn 0.332232266664505 0.084763750433921814 0.93938106298446655
vn 0.32812109589576721 0.0050676711834967136 0.94462209939956665
vn 0.29245361685752869 -0.015477249398827553 0.956154465675354
vn 0.2921995222568512 0.10964933037757874 0.95005077123641968
vn 0.28577026724815369 0.19146125018596649 0.93897706270217896
vn 0.96150004863739014 -0.0036419390235096216 -0.27478054165840149
vn 0.95495986938476562 0.094046041369438171 -0.2814374566078186
vn 0.95469933748245239 0.097151637077331543 -0.28126630187034607
vn -0.96264070272445679 -0.0014440695522353053 0.27077814936637878
vn -0.95598989725112915 -0.10578985512256622 0.27366361021995544
vn -0.96264594793319702 0.023839093744754791 0.26971179246902466
vn 0.17380908131599426 0.22782674431800842 0.95806336402893066
vn 0.2709384560585022 0.10472778975963593 0.95688265562057495
vn 0.18255387246608734 0.11837826669216156 0.97604340314865112
vn 0.26661252975463867 0.22976101934909821 0.93601691722869873
vn 0.26111254096031189 0.33948773145675659 0.90364170074462891
vn 0.22612355649471283 0.019207751378417015 0.97390925884246826
vn 0.19038873910903931 -0.0050621465779840946 0.98169571161270142
vn 0.29185256361961365 0.37511268258094788 0.87983667850494385
vn 0.33919963240623474 0.8768269419670105 0.34076106548309326
vn 0.24384479224681854 0.83971410989761353 0.48520094156265259
vn 0.40107667446136475 0.7765616774559021 0.48589035868644714
vn 0.61819922924041748 0.44542807340621948 0.64762920141220093
vn 0.43674784898757935 0.39652734994888306 0.80747592449188232
vn 0.42837139964103699 0.18330670893192291 0.88481444120407104
vn 0.3991561233997345 0.00081006658729165792 0.91688263416290283
vn 0.62567633390426636 0.028195330873131752 0.77957308292388916
vn 0.31372600793838501 0.91454392671585083 0.25531429052352905
vn 0.24369692802429199 0.89445954561233521 0.3749052882194519
vn 0.39906331896781921 0.63466763496398926 0.66177445650100708
vn 0.51951724290847778 0.62605226039886475 0.5815156102180481
vn 0.6730610728263855 0.23306715488433838 0.70190346240997314
vn 0.71444720029830933 0.37559875845909119 0.59033107757568359
vn 0.64945727586746216 0.56711077690124512 0.50654774904251099
vn 0.54612380266189575 0.73926639556884766 0.39399746060371399
vn 0.41749030351638794 0.858268141746521 0.29845884442329407
vn 0.74280530214309692 0.085335150361061096 0.66404688358306885
vn 0.9245445728302002 0.31376391649246216 0.21626262366771698
vn 0.75423532724380493 0.23807267844676971 0.61192357540130615
vn 0.959625244140625 0.088598102331161499 0.26696392893791199
vn 0.63743674755096436 0.72340893745422363 -0.26524314284324646
vn 0.4960518479347229 0.81007993221282959 -0.31257492303848267
vn 0.58270686864852905 0.78215783834457397 -0.22063951194286346
vn 0.73137891292572021 0.65730577707290649 -0.18175262212753296
vn -0.077161714434623718 -0.86906492710113525 0.48864328861236572
vn -0.055475398898124695 -0.85975402593612671 0.50768643617630005
vn -0.0036552846431732178 -0.84969830513000488 0.52725648880004883
vn -0.14848774671554565 -0.88296622037887573 0.44533362984657288
vn -0.16118744015693665 -0.90999799966812134 0.38199776411056519
vn -0.11856552213430405 -0.88435900211334229 0.45149904489517212
vn -0.11726924777030945 -0.88180655241012573 0.45679885149002075
vn -0.12467554956674576 -0.87533342838287354 0.46716952323913574
vn -0.058259822428226471 -0.81503468751907349 0.57647573947906494
vn 0.33274081349372864 0.0011344155063852668 0.94301766157150269
vn 0.35978657007217407 0.0016695309896022081 0.93303310871124268
vn 0.071031369268894196 0.0027085579931735992 0.99747037887573242
vn 0.55876249074935913 0.0014222156023606658 0.82932651042938232
vn 0.60965895652770996 0.0028155788313597441 0.79265880584716797
vn 0 -1 0
vn 0 -1 0
vn 0 -1 0
vn 5.4811965810586116E-07 1.9302901819173712E-06 -1
vn 0 0 -1
vn -8.905481081455946E-07 -2.6752168196253479E-06 -1
vn -4.020386313641211E-06 -1.4800676808590651E-06 -1
vn -2.3981583581189625E-06 -2.2311769498628564E-06 -1
vn -5.6801150094543118E-06 -7.3133878686348908E-06 -1
vn -2.0073535779374652E-05 -1.2113728189433459E-05 -1
vn 0.24425223469734192 0.91816127300262451 -0.31196269392967224
vn 0.39567658305168152 0.84690505266189575 -0.35523498058319092
vn 0.17985296249389648 0.88941860198974609 -0.42022305727005005
vn -0.13873550295829773 -0.90608137845993042 -0.39971119165420532
vn -0.12888754904270172 -0.87501829862594604 -0.46661654114723206
vn -0.0866117924451828 -0.92355287075042725 -0.37356185913085938
vn -0.2245948314666748 -0.929862380027771 -0.29139849543571472
vn -0.22511272132396698 -0.91678696870803833 -0.32988777756690979
vn -0.13510511815547943 -0.94221168756484985 -0.30656769871711731
vn -0.20008313655853271 -0.86524903774261475 -0.45968559384346008
vn -0.082442469894886017 -0.90043520927429199 -0.42710617184638977
vn -0.094715476036071777 -0.89508998394012451 -0.4357096254825592
vn -0.32853513956069946 -0.92053431272506714 -0.211379274725914
vn -0.15332680940628052 -0.75214529037475586 -0.64091211557388306
vn -0.21690322458744049 -0.74320477247238159 -0.63292944431304932
vn -0.14892807602882385 -0.82073146104812622 -0.55156165361404419
vn -0.19694215059280396 -0.644889235496521 -0.73846572637557983
vn -0.14937500655651093 -0.61001545190811157 -0.77818262577056885
vn -0.2020237147808075 -0.52292543649673462 -0.82809144258499146
vn -0.09845694899559021 -0.74002474546432495 -0.66533422470092773
vn -0.11979356408119202 -0.71437591314315796 -0.68943202495574951
vn -0.19213077425956726 -0.80491012334823608 -0.56143158674240112
vn -0.1581745445728302 -0.84075415134429932 -0.51779651641845703
vn -0.25223076343536377 -0.58556318283081055 -0.77038651704788208
vn 0.013307548128068447 0.32360765337944031 -0.94609779119491577
vn 0.38587668538093567 0.10889101773500443 -0.91610145568847656
vn -0.37235227227210999 -0.29761457443237305 -0.87907868623733521
vn -0.29522892832756042 -0.50913888216018677 -0.80846613645553589
vn -0.25366038084030151 -0.61407625675201416 -0.74737322330474854
vn -0.31920614838600159 -0.34736144542694092 -0.88172978162765503
vn -0.29770508408546448 -0.33689379692077637 -0.89323806762695312
vn -0.33024418354034424 -0.25351068377494812 -0.9092145562171936
vn -0.47727558016777039 -0.7204972505569458 -0.50308221578598022
vn -0.47727558016777039 -0.7204972505569458 -0.50308221578598022
vn -0.47727558016777039 -0.7204972505569458 -0.50308221578598022
vn 0 -1 0
vn 0 -1 0
vn 0 -1 0
vn 0 -1 0
vn 0.36654379963874817 -3.4706456517596962E-06 0.9304007887840271
vn 0.3664604127407074 2.1374378320615506E-06 0.93043363094329834
vn 0.36651399731636047 1.0494901516722166E-06 0.93041253089904785
vn 0.36648648977279663 1.368853645544732E-06 0.93042337894439697
vn 0.36648029088973999 4.7732459051985643E-07 0.93042582273483276
vn -0.043787825852632523 -0.9086679220199585 -0.41521704196929932
vn -0.072920136153697968 -0.87212800979614258 -0.48381337523460388
vn -0.13997377455234528 -0.8643307089805603 -0.48305255174636841
vn -0.13456566631793976 -0.84252136945724487 -0.52158397436141968
vn -0.18401502072811127 -0.36744457483291626 -0.91165947914123535
vn -0.057875774800777435 -0.42984068393707275 -0.90104794502258301
vn 0.065173126757144928 0.1146169900894165 -0.99126958847045898
vn -0.26796531677246094 -0.92538702487945557 -0.26805493235588074
vn 0.25156509876251221 0.022152692079544067 -0.96758681535720825
vn 0.16839569807052612 -0.00014143003500066698 0.98571944236755371
vn 0.066721022129058838 -0.00029814668232575059 0.99777162075042725
vn -0.031168250367045403 3.5723487599170767E-06 0.99951416254043579
vn 0.32168930768966675 -0.00030145616619847715 0.94684523344039917
vn 0.34105062484741211 -0.00029875431209802628 0.94004487991333008
vn 0.21274116635322571 -0.86928021907806396 0.44619846343994141
vn 0.13630719482898712 -0.9165884256362915 0.37588024139404297
vn 0.13997296988964081 -0.86139595508575439 0.48826685547828674
vn 0.21136979758739471 -0.89894837141036987 0.38368555903434753
vn -0.036485090851783752 -0.93179929256439209 -0.36113563179969788
vn -0.01896245963871479 -0.93609774112701416 -0.35122853517532349
vn -0.031873982399702072 -0.93385052680969238 -0.35624048113822937
vn 0.1102314218878746 -0.66194057464599609 -0.74140661954879761
vn 0.11098933964967728 -0.74220603704452515 -0.66091722249984741
vn 0.29036813974380493 -0.37286773324012756 -0.88128089904785156
vn -0.17740744352340698 -0.98366177082061768 -0.030595887452363968
vn -0.3292279839515686 -0.75446677207946777 0.56779295206069946
vn -0.38677701354026794 -0.77341431379318237 0.50222891569137573
vn -0.26762351393699646 -0.96221798658370972 -0.050141364336013794
vn -0.39075064659118652 -0.91710692644119263 0.078922674059867859
vn -0.44195783138275146 -0.83033019304275513 0.33944809436798096
vn -0.22000555694103241 -0.88286072015762329 -0.41491511464118958
vn -0.27215108275413513 -0.90376585721969604 -0.33036500215530396
vn 0.094218708574771881 -0.52392494678497314 -0.84653735160827637
vn -0.22695077955722809 -0.69138062000274658 -0.68592000007629395
vn -0.26768440008163452 -0.38312721252441406 -0.88405799865722656
vn -0.40337967872619629 -0.59276598691940308 -0.69707483053207397
vn -0.31751048564910889 -0.36553281545639038 -0.8749701976776123
vn -0.35158219933509827 -0.12741714715957642 -0.92744529247283936
vn -0.5026964545249939 -0.20109978318214417 -0.84074676036834717
vn -0.44934049248695374 -0.60883986949920654 -0.65376383066177368
vn -0.48459875583648682 -0.40919044613838196 -0.7731282114982605
vn -0.47139197587966919 -0.72241479158401489 -0.50587201118469238
vn -0.64204180240631104 -0.39629378914833069 -0.65630292892456055
vn -0.69780808687210083 -0.34340894222259521 -0.6285969614982605
vn -0.31857705116271973 -0.88550931215286255 -0.33820393681526184
vn -0.23379574716091156 -0.87802541255950928 -0.4176253080368042
vn -0.50634962320327759 -0.72439169883728027 -0.46783187985420227
vn 0.19949200749397278 -0.64758378267288208 -0.73541700839996338
vn 0.18443231284618378 -0.61341226100921631 -0.76792585849761963
vn 0.14045342803001404 -0.59435772895812988 -0.79184073209762573
vn -0.31095403432846069 0.1286340206861496 0.94167983531951904
vn -0.35270142555236816 0.23528952896595001 0.90567129850387573
vn -0.35860234498977661 0.13595029711723328 0.92353767156600952
vn -0.028294485062360764 0.40296873450279236 0.9147762656211853
vn -0.15887577831745148 0.56698817014694214 0.80825918912887573
vn -0.040895503014326096 0.5188138484954834 0.85390853881835938
vn 0.14392323791980743 0.20650668442249298 0.96780216693878174
vn 0.079832747578620911 0.0925440713763237 0.99250304698944092
vn 0.060698937624692917 0.24058522284030914 0.96872824430465698
vn 0.70943760871887207 0.29680874943733215 0.6392204761505127
vn 0.68427091836929321 0.20351426303386688 0.70025372505187988
vn 0.6415066123008728 0.3865826427936554 0.66258817911148071
vn 0.54989993572235107 0.36473318934440613 0.75138521194458008
vn 0.52360796928405762 0.5059657096862793 0.6854439377784729
vn 0.62252998352050781 0.60769510269165039 0.49311566352844238
vn 0.31412014365196228 0.43135058879852295 0.84573352336883545
vn 0.30076140165328979 0.42355760931968689 0.85448318719863892
vn 0.24880187213420868 0.68419522047042847 0.685546875
vn 0.31974348425865173 0.49413612484931946 0.80845135450363159
vn 0.31121650338172913 0.32907205820083618 0.89154690504074097
vn 0.33639684319496155 0.35984218120574951 0.87025904655456543
vn 0.3424532413482666 0.18041948974132538 0.92204910516738892
vn 0.18480318784713745 0.8198583722114563 0.54192250967025757
vn 0.15220619738101959 0.85178166627883911 0.50129956007003784
vn 0.22322061657905579 0.75744926929473877 0.61354959011077881
vn 0.90843081474304199 0.34596455097198486 -0.23465290665626526
vn 0.45301571488380432 0.85443294048309326 -0.25440341234207153
vn 0.47628432512283325 0.82054293155670166 -0.31601029634475708
vn 0.60470587015151978 0.38758614659309387 0.69577854871749878
vn -0.39331474900245667 -0.18022553622722626 0.90156656503677368
vn 0.46895730495452881 0.57659906148910522 0.66903853416442871
vn -0.8928799033164978 -0.34702867269515991 0.28694343566894531
vn -0.93654006719589233 -0.19607698917388916 0.29059681296348572
vn -0.53262269496917725 -0.77305161952972412 0.34453484416007996
vn 0.14104539155960083 0.74402385950088501 0.65309625864028931
vn 0.14149174094200134 0.83859193325042725 0.52606433629989624
vn 0.18824450671672821 0.74979245662689209 0.63433057069778442
vn 0.20706793665885925 0.46773979067802429 0.85926848649978638
vn 0.21452656388282776 0.59791809320449829 0.77231615781784058
vn 0.26777365803718567 0.43215397000312805 0.86112731695175171
vn 0.16091640293598175 0.36153063178062439 0.91836893558502197
vn 0.17732575535774231 0.41908019781112671 0.8904646635055542
vn 0.23371019959449768 0.40286856889724731 0.88491606712341309
vn 0.11668688058853149 0.70480883121490479 0.69973468780517578
vn 0.079926535487174988 0.84238606691360474 0.53291416168212891
vn 0.19801375269889832 0.78775888681411743 0.58328938484191895
vn 0.17279727756977081 0.83308053016662598 0.52546924352645874
vn 0.095897570252418518 0.92246019840240479 0.37399312853813171
vn 0.14971916377544403 0.88202387094497681 0.44678634405136108
vn 0.11331401765346527 0.93307739496231079 0.34135976433753967
vn 0.15445020794868469 0.92672497034072876 0.3425288200378418
vn 0.17322559654712677 0.94051277637481689 0.29228174686431885
vn 0.086222805082798004 0.9282640814781189 0.36178922653198242
vn 0.12806031107902527 0.8774874210357666 0.4621865451335907
vn 0.0883975550532341 0.90226459503173828 0.42202427983283997
vn 0.25491330027580261 0.9253460168838501 0.28063139319419861
vn 0.18652553856372833 0.83391642570495605 0.51941472291946411
vn 0.22076047956943512 0.89830470085144043 0.37988612055778503
vn 0.42378059029579163 0.88001078367233276 -0.21445511281490326
vn 0.37448927760124207 0.87981748580932617 -0.29270970821380615
vn 0.25524204969406128 0.91413694620132446 -0.31496843695640564
vn 0.52515953779220581 0.78975570201873779 -0.31700682640075684
vn 0.56489688158035278 0.79850763082504272 -0.20803143084049225
vn 0.23952385783195496 -0.9408947229385376 0.23946911096572876
vn 0.050914514809846878 -0.9067835807800293 0.4185107946395874
vn 0.20104993879795074 -0.9411429762840271 0.27171462774276733
vn 0.6819947361946106 7.3777829356913571E-07 0.73135703802108765
vn 0.68200182914733887 -3.0240721571317408E-07 0.73135042190551758
vn 0.6819959282875061 3.9446541677534697E-07 0.73135596513748169
vn 0 -1 0
vn 0 -1 0
vn 0 -1 0
vn 0 -1 0
vn 0 -1 0
vn 0 -1 0
vn 0.11705904453992844 0.87595576047897339 -0.46797290444374084
vn 0.089826039969921112 0.83561199903488159 -0.54192608594894409
vn 0.041916940361261368 0.82341104745864868 -0.56589502096176147
vn -0.34411287307739258 -0.42680922150611877 -0.83631348609924316
vn -0.36742222309112549 -0.76060593128204346 -0.53523784875869751
vn -0.29506310820579529 -0.33571168780326843 -0.89455878734588623
vn -0.018149619922041893 0.40349042415618896 -0.91480386257171631
vn 0.18700672686100006 0.71833091974258423 -0.67009633779525757
vn 0.099360257387161255 0.64644241333007812 -0.75646531581878662
vn -0.4374682605266571 -0.85198760032653809 -0.28764334321022034
vn -0.34695026278495789 -0.91300910711288452 -0.21456919610500336
vn -0.29195782542228699 -0.88328176736831665 -0.36684322357177734
vn -0.23859892785549164 -0.52342021465301514 -0.81798642873764038
vn -0.26782387495040894 -0.2765657901763916 -0.92292022705078125
vn -0.095108643174171448 0.29626768827438354 -0.95035773515701294
vn -0.075961925089359283 0.21959339082241058 -0.97262972593307495
vn 0.032941278070211411 0.60249054431915283 -0.79744589328765869
vn -0.17397333681583405 0.021399084478616714 -0.98451781272888184
vn -0.24385058879852295 -0.96827065944671631 0.054670259356498718
vn -0.25901579856872559 -0.91115719079971313 -0.32047373056411743
vn -0.2041739821434021 -0.96338677406311035 0.17377829551696777
vn -0.13329479098320007 0.22261333465576172 -0.96575140953063965
vn -0.086738556623458862 0.2902856171131134 -0.95300090312957764
vn -0.33870691061019897 -0.7348673939704895 -0.5875777006149292
vn -0.30174598097801208 -0.95230698585510254 -0.045395594090223312
vn 0.36132240295410156 -0.93244093656539917 1.9987687664979603E-06
vn 0.36132237315177917 -0.93244093656539917 2.0022334865643643E-06
vn 0.36132058501243591 -0.93244165182113647 2.3917157250252785E-06
vn 0.12193752080202103 -0.99248737096786499 -0.010000817477703094
vn 0.41890597343444824 -0.90797370672225952 -0.01007480826228857
vn 0.1011413112282753 -0.994842529296875 -0.0076630460098385811
vn -0.10148181766271591 -0.99450862407684326 0.025573119521141052
vn 0.21920262277126312 -0.9756665825843811 0.0049935951828956604
vn 0.30093219876289368 -0.95329457521438599 0.025870749726891518
vn 0.20988227427005768 -0.97685188055038452 0.041349954903125763
vn 0.088922314345836639 -0.98363965749740601 0.1566711962223053
vn 0.1196858212351799 -0.98760014772415161 0.10159377753734589
vn 0.085720866918563843 -0.99288433790206909 0.082659877836704254
vn 0.12980127334594727 -0.99151384830474854 -0.0072039011865854263
vn 0.05013655498623848 -0.97399431467056274 0.22095577418804169
vn 0.070732735097408295 -0.9798203706741333 0.18694624304771423
vn 0.034380447119474411 -0.83785581588745117 0.54480785131454468
vn 0.054389547556638718 -0.90390115976333618 0.42426934838294983
vn 0.075121067464351654 -0.9376978874206543 0.33923360705375671
vn 0.078598096966743469 -0.99652093648910522 0.027720184996724129
vn -4.5916629460407421E-05 -2.429077540000435E-05 1
vn 7.63922344049206E-06 4.0412951420876198E-06 1
vn 3.7919966416666284E-05 2.0060386304976419E-05 1
vn -9.2592841838268214E-08 -4.898338445968875E-08 1
vn 0.00064235535683110356 0.00033981827436946332 0.9999997615814209
vn 0.0047503290697932243 -0.93881803750991821 -0.34438085556030273
vn 0.006516970694065094 -0.94048058986663818 -0.33978497982025146
vn 0.0086273681372404099 -0.94071227312088013 -0.33909586071968079
vn -0.10436829924583435 -0.79232388734817505 0.60110735893249512
vn 0.079348050057888031 -0.78476089239120483 0.61469846963882446
vn 0.0075848116539418697 -0.98018366098403931 0.19794563949108124
vn -0.11245659738779068 -0.99244385957717896 -0.049078274518251419
vn 0.044772937893867493 -0.63727599382400513 -0.76933389902114868
vn -0.062678910791873932 -0.53947591781616211 -0.83966487646102905
vn -0.00083674315828830004 -0.29572963714599609 -0.95527130365371704
vn 0.16394923627376556 -0.76208806037902832 0.62637239694595337
vn 0.27085012197494507 -0.32797867059707642 -0.9050249457359314
vn -0.41620931029319763 -0.68755841255187988 -0.59500688314437866
vn -0.45661187171936035 -0.76962894201278687 -0.44629234075546265
vn -0.27799665927886963 -0.85353553295135498 -0.44067555665969849
vn 0.23725327849388123 -0.62582683563232422 -0.74300181865692139
vn 0.2510036826133728 -0.62539857625961304 -0.73883271217346191
vn 0.19785502552986145 -0.62474721670150757 -0.75534379482269287
vn 0.27511405944824219 -0.62546795606613159 -0.73013842105865479
vn -0.7034684419631958 -0.14107213914394379 0.69658511877059937
vn -0.35092681646347046 0.32239094376564026 0.87915551662445068
vn -0.39107799530029297 0.31955194473266602 0.86310172080993652
vn -0.19602562487125397 0.62060487270355225 0.75922560691833496
vn -0.1776902824640274 0.62360894680023193 0.76127398014068604
vn -0.24641108512878418 0.62480247020721436 0.74088019132614136
vn 0.41763746738433838 0.61545276641845703 0.66842859983444214
vn 0.14140088856220245 0.57133418321609497 0.8084447979927063
vn 0.38376203179359436 0.75371801853179932 0.53351271152496338
vn 0.17372776567935944 0.85010343790054321 0.49713456630706787
vn 0.15423835813999176 0.85806477069854736 0.48983201384544373
vn 0.069072768092155457 0.93187713623046875 0.35613757371902466
vn 0.041078299283981323 0.95475411415100098 0.29454576969146729
vn 0.11834847927093506 0.92034786939620972 0.37276461720466614
vn 0.17869921028614044 0.85894590616226196 -0.47987347841262817
vn 0.34593188762664795 0.68898922204971313 0.63688689470291138
vn 0.095690831542015076 0.80017364025115967 -0.59208565950393677
vn 0.12969516217708588 0.83194553852081299 -0.5394865870475769
vn -0.093028143048286438 0.13370314240455627 -0.98664546012878418
vn 0.35670480132102966 0.9305117130279541 -0.083124570548534393
vn 0.18018987774848938 0.83299022912979126 -0.523124098777771
vn 0.36384007334709167 0.88734638690948486 -0.2832610011100769
vn 0.37912848591804504 0.73051446676254272 0.56798785924911499
vn 0.33093476295471191 0.8291858434677124 0.4504808783531189
vn 0.42273494601249695 0.74838024377822876 0.51109904050827026
vn 0.25789731740951538 0.13497479259967804 0.95669788122177124
vn 0.11105363816022873 -0.24495302140712738 0.96315371990203857
vn 0.12764419615268707 -0.16759979724884033 0.97755676507949829
vn -0.15095166862010956 -0.88654243946075439 0.43732833862304688
vn -0.23388203978538513 -0.89624381065368652 0.37689021229743958
vn -0.33200421929359436 -0.89210891723632812 0.3064553439617157
vn -0.31880995631217957 -0.89164447784423828 0.32145029306411743
vn 0.059697575867176056 0.90720725059509277 0.41642668843269348
vn 0.1108393594622612 0.90983211994171143 0.39990022778511047
vn 0.15723685920238495 0.84630018472671509 0.50897210836410522
vn 0.11952836811542511 0.85149919986724854 0.51055073738098145
vn 0.09009898453950882 0.81562405824661255 0.57152384519577026
vn 0.12726147472858429 0.79620307683944702 0.59149402379989624
vn 0.103082574903965 0.64617127180099487 0.75619882345199585
vn 0.16953355073928833 0.67668509483337402 0.71648842096328735
vn 0.048589538782835007 0.92201513051986694 0.38409259915351868
vn 0.021020064130425453 0.93196332454681396 0.36194267868995667
vn 0.050580639392137527 0.93560117483139038 0.34941679239273071
vn 0.068877287209033966 0.91966181993484497 0.38662385940551758
vn 0.081199765205383301 0.9316982626914978 0.35404086112976074
vn 0.057449068874120712 0.92783856391906738 0.36853119730949402
vn 0.19569402933120728 0.97891014814376831 -0.058641187846660614
vn 0.28631258010864258 0.95758718252182007 0.032432932406663895
vn 0.27134078741073608 0.96111446619033813 -0.051314249634742737
vn 0.34145262837409973 0.93987268209457397 0.0070347529835999012
vn 0.06508345901966095 0.86381936073303223 -0.49958011507987976
vn 0.046388808637857437 0.86535483598709106 -0.49900811910629272
vn 0.050102051347494125 0.8649057149887085 -0.49942758679389954
vn -0.21221546828746796 -0.0026721442118287086 -0.97721922397613525
vn -0.18530765175819397 -0.0019423833582550287 -0.98267865180969238
vn -0.063850194215774536 -0.0038581627886742353 -0.99795204401016235
vn -0.081534199416637421 -0.0010751851368695498 -0.9966699481010437
vn -0.20594713091850281 0.00089273403864353895 -0.97856271266937256
vn -0.41325956583023071 -0.0041542607359588146 -0.91060376167297363
vn -0.59453588724136353 -0.0024386814329773188 -0.80406540632247925
vn -0.62338072061538696 -0.0035154435317963362 -0.78191053867340088
vn -0.42059138417243958 -0.0028091839049011469 -0.90724581480026245
vn 0.04851951077580452 0.88090002536773682 -0.47080889344215393
vn 0.033742368221282959 0.85850399732589722 -0.51169556379318237
vn -0.059897944331169128 0.92698323726654053 -0.37028947472572327
vn -0.27069970965385437 0.94257110357284546 -0.1956561803817749
vn -0.32097858190536499 0.91623169183731079 -0.23977532982826233
vn -0.18691764771938324 0.94123971462249756 -0.281299889087677
vn -0.10312517732381821 0.91358727216720581 -0.39334908127784729
vn -0.29378512501716614 0.89210426807403564 -0.3432786762714386
vn 0.019990794360637665 0.82834035158157349 -0.55986839532852173
vn 0.01849278062582016 0.83065325021743774 -0.55648291110992432
vn -0.05248604342341423 0.88312673568725586 -0.46618920564651489
vn 9.2208540536375949E-07 -1.5589324675602256E-07 1
vn 5.2120632254570864E-09 -2.3882766875260586E-09 1
vn -1.1927369314435055E-07 -2.0628283081691734E-08 1
vn 2.2347860522131668E-06 3.5212238458370848E-07 1
vn -5.9981425692967605E-06 -8.2736023614415899E-06 1
vn 1.6130498181610164E-07 7.6479103938709159E-08 1
vn 0 -1 0
vn 0 -1 0
vn 0 -1 0
vn 1.995065304072341E-06 -2.038927505054744E-06 -1
vn 3.5512556451067212E-08 1.4823126548435539E-07 -1
vn -3.4958958394781803E-07 -2.7513121381161909E-07 -1
vn -3.7443882320076227E-05 1.022172364173457E-05 -1
vn 7.9436574651481351E-07 4.1176758713845629E-07 -1
vn -2.1656818717019632E-05 -1.0371340977144428E-05 -1
vn -0.00018151482800021768 0.00014894154446665198 -1
vn -0.29520109295845032 0.00072934170020744205 -0.95543485879898071
vn -0.09462013840675354 -0.0016328203491866589 -0.99551212787628174
vn -0.1430196613073349 0 -0.98971986770629883
vn -0.31438171863555908 0.010691286996006966 -0.94923645257949829
vn -0.50131493806838989 0.089577913284301758 -0.86061555147171021
vn -0.15243873000144958 -0.0018367122393101454 -0.98831123113632202
vn -0.36876639723777771 0.0019939844496548176 -0.92951995134353638
vn -0.36553800106048584 -0.00083938153693452477 -0.93079602718353271
vn -0.36649003624916077 -5.6815667903720168E-07 -0.93042200803756714
vn -0.65729814767837524 0.0014268078375607729 -0.75362926721572876
vn -0.67879146337509155 5.1976268878206611E-05 -0.73433113098144531
vn -0.8387986421585083 -0.059454869478940964 -0.54118573665618896
vn -0.37712728977203369 -0.00062233197968453169 -0.92616122961044312
vn -0.54458445310592651 0.0013711638748645782 -0.83870488405227661
vn -0.55597829818725586 -0.0058406982570886612 -0.8311762809753418
vn -0.0077809859067201614 -0.99936038255691528 0.034903582185506821
vn 0.00019640233949758112 -0.99999713897705078 -0.0023857788182795048
vn 0.00037289987085387111 -0.99999803304672241 0.0019498936599120498
vn 0.13896463811397552 -0.98207741975784302 0.1273292750120163
vn 0.10057287663221359 -0.98090636730194092 0.16645653545856476
vn 0.097073204815387726 -0.98205971717834473 0.16166481375694275
vn -0.99999475479125977 -0.0026670340448617935 -0.0018312279134988785
vn -1 -8.135466487146914E-05 -0.00013243361900094897
vn -0.9999116063117981 -0.011283481493592262 -0.0070292153395712376
vn 0.71215838193893433 -0.68076908588409424 -0.17141735553741455
vn 0.67646634578704834 -0.73501235246658325 -0.046369787305593491
vn 0.53287750482559204 -0.82177573442459106 -0.20180726051330566
vn 0.51147717237472534 -0.85864037275314331 0.033581990748643875
vn 0.35667756199836731 -0.93401700258255005 -0.019832596182823181
vn 0.3770606517791748 -0.91757106781005859 0.12604983150959015
vn 0.58058178424835205 -0.75599861145019531 -0.30230924487113953
vn 0.086261533200740814 -0.99125450849533081 0.099867135286331177
vn 0.15124253928661346 -0.96447360515594482 0.21660180389881134
vn 0.021199567243456841 -0.9139401912689209 -0.40529486536979675
vn 0.18365186452865601 -0.79600489139556885 0.57675665616989136
vn 0.13821488618850708 -0.73296195268630981 0.66608065366744995
vn -0.067899927496910095 -0.51993370056152344 -0.85150367021560669
vn -0.082130156457424164 -0.53758513927459717 -0.83920013904571533
vn -0.11569315940141678 -0.24480363726615906 -0.96264547109603882
vn -0.129571333527565 -0.33437037467956543 -0.93349224328994751
vn -0.13860960304737091 -0.27358043193817139 -0.95180940628051758
vn -0.071517951786518097 -0.57342982292175293 -0.81612706184387207
vn 0.13454298675060272 -0.98353022336959839 -0.12069190293550491
vn 0.20485550165176392 -0.94655781984329224 0.24912348389625549
vn 0.23604694008827209 -0.8464009165763855 0.47737541794776917
vn -0.075215831398963928 -0.39875280857086182 -0.91396868228912354
vn 0.0074877208098769188 -0.93023490905761719 -0.36688825488090515
vn 0.069522999227046967 -0.98601114749908447 0.15148793160915375
vn 0.18822632730007172 -0.90402776002883911 -0.38380295038223267
vn 0.14110605418682098 -0.91702216863632202 -0.3730408251285553
vn 0.12914720177650452 -0.91970598697662354 -0.37075859308242798
vn 0.26912519335746765 -0.8698190450668335 -0.41350501775741577
vn 0.17379026114940643 -0.91371464729309082 -0.36731800436973572
vn 0.29420623183250427 -0.85757702589035034 -0.42190563678741455
vn 0.028031762689352036 -0.94696450233459473 -0.32011318206787109
vn 0.017785513773560524 -0.93089330196380615 -0.36485788226127625
vn 0.0098198298364877701 -0.93706595897674561 -0.34901434183120728
vn 0.011962546035647392 -0.93179166316986084 -0.36279633641242981
vn -0.14695850014686584 -0.9256247878074646 -0.34874343872070312
vn -0.13093262910842896 -0.91952645778656006 -0.37057757377624512
vn -0.2849823534488678 -0.94375193119049072 -0.16768220067024231
vn -0.1081608459353447 -0.94833898544311523 -0.29825219511985779
vn -0.011874132789671421 -0.94674807786941528 -0.32175621390342712
vn -0.083429917693138123 -0.92688000202178955 -0.36596840620040894
vn -0.1779254674911499 -0.83683407306671143 -0.51773661375045776
vn -0.22718177735805511 -0.86234915256500244 -0.45248463749885559
vn -0.16705410182476044 -0.9060710072517395 -0.38875216245651245
vn -0.31180542707443237 -0.9004320502281189 -0.30331411957740784
vn -0.21761658787727356 -0.9449847936630249 -0.24422681331634521
vn -0.18453854322433472 -0.95654797554016113 -0.22574661672115326
vn -0.075367957353591919 -0.98334276676177979 -0.16539859771728516
vn 0.25114330649375916 -0.62847900390625 -0.73616653680801392
vn 0.26182588934898376 -0.62742501497268677 -0.73333829641342163
vn 0.10051212459802628 -0.62374895811080933 -0.77513515949249268
vn -0.43105807900428772 0.29171419143676758 0.85386872291564941
vn -0.381318598985672 0.41204380989074707 0.82753610610961914
vn -0.39608767628669739 0.29154667258262634 0.87069803476333618
vn -0.52470797300338745 0.1250433474779129 0.8420485258102417
vn -0.21992197632789612 0.63242805004119873 0.7427443265914917
vn -0.20757156610488892 0.63264584541320801 0.74610543251037598
vn -0.0075157051905989647 0.6062546968460083 0.7952350378036499
vn -0.090499863028526306 0.79151320457458496 0.60441428422927856
vn -0.078021422028541565 0.8433184027671814 0.53172051906585693
vn -0.15983708202838898 0.78810781240463257 0.59442257881164551
vn -0.00066501362016424537 0.78421008586883545 0.6204950213432312
vn -0.0043747508898377419 0.83783704042434692 0.54590290784835815
vn 0.15281254053115845 0.91738349199295044 0.36749950051307678
vn 0.08687514066696167 0.90049374103546143 0.42610299587249756
vn 0.1025208905339241 0.94072335958480835 0.32330942153930664
vn 0.17045097053050995 0.93731480836868286 0.30395296216011047
vn 0.23275993764400482 0.56379604339599609 -0.79243725538253784
vn 0.15495799481868744 0.62333446741104126 -0.76644772291183472
vn -0.13622990250587463 0.87566965818405151 -0.46329692006111145
vn 0.25108763575553894 0.88688105344772339 0.38781049847602844
vn 0.16859166324138641 -0.023050324991345406 0.98541641235351562
vn 0.13040556013584137 0.057779610157012939 0.98977565765380859
vn 0.27636316418647766 0.94216877222061157 0.1895822137594223
vn 0.3597586452960968 0.70225518941879272 0.61433815956115723
vn 0.34158611297607422 0.87443417310714722 0.34450510144233704
vn -0.1501644104719162 -0.85861086845397949 0.49014085531234741
vn -0.075633563101291656 -0.73129361867904663 0.67785638570785522
vn -0.097251012921333313 -0.81135553121566772 0.57640647888183594
vn -0.064286492764949799 -0.67418086528778076 0.73576313257217407
vn -0.060618501156568527 -0.65845799446105957 0.75017225742340088
vn -0.20715890824794769 -0.90632736682891846 0.36831489205360413
vn -0.32602474093437195 -0.3137279748916626 0.89178621768951416
vn -0.24310466647148132 -0.71548610925674438 0.65496546030044556
vn -0.41628289222717285 -0.49304443597793579 0.76394748687744141
vn -0.12669967114925385 -0.50498557090759277 0.85377794504165649
vn 0.33211469650268555 -0.91871386766433716 0.21369291841983795
vn 0.37054386734962463 -0.89797312021255493 0.23736371099948883
vn 0.31188035011291504 -0.92856931686401367 0.20122051239013672
vn 0.27923557162284851 -0.93563187122344971 0.21591787040233612
vn 0.32367435097694397 -0.93734878301620483 0.12888841331005096
vn 0.074941061437129974 -0.90292245149612427 0.42321962118148804
vn -0.025406800210475922 -0.81307500600814819 0.58160430192947388
vn 0.076344855129718781 -0.88902366161346436 0.45145142078399658
vn 0.41063088178634644 -0.8964957594871521 0.16636614501476288
vn 0.38429924845695496 -0.91016149520874023 0.15466122329235077
vn 0.59796714782714844 -0.74270921945571899 0.30136078596115112
vn -0.24793046712875366 -9.2507951194420457E-05 -0.96877783536911011
vn -0.1766422837972641 0.00035012143780477345 -0.98427504301071167
vn -0.25684458017349243 0.00069102441193535924 -0.96645247936248779
vn -0.060412518680095673 6.0945199948037043E-05 -0.99817347526550293
vn -0.12763959169387817 0.0013097127666696906 -0.99181973934173584
vn -0.36150053143501282 0.89517712593078613 -0.26072075963020325
vn -0.31758648157119751 0.88296526670455933 -0.34570378065109253
vn -0.25002875924110413 0.8944355845451355 -0.37077036499977112
vn 0.001079576788470149 -0.50341916084289551 -0.86404168605804443
vn -0.094671480357646942 -0.327008455991745 -0.94026738405227661
vn -0.29052704572677612 0.016725409775972366 -0.95672059059143066
vn -0.31259652972221375 -0.029371863231062889 -0.94943177700042725
vn -0.89811158180236816 -0.43963596224784851 0.010760133154690266
vn -0.95692533254623413 -0.29031330347061157 0.0034766930621117353
vn -0.35672697424888611 -0.93420189619064331 0.0035635451786220074
vn -2.846286770363804E-05 -1 -0.00010649878822732717
vn 0.00026649553910829127 -0.99999016523361206 0.0044214227236807346
vn 7.2946016871355823E-07 -1 -8.0619749496690929E-05
vn -1.9311731591642456E-07 -1 1.1136236935271882E-05
vn -6.6248482255559793E-08 -1 -2.7453756956674624E-07
vn 0.0017706231446936727 -0.99998956918716431 0.0042067188769578934
vn -2.0632069208659232E-06 -0.7440599799156189 -0.66811281442642212
vn 3.4223205602756934E-06 -0.74405932426452637 -0.66811352968215942
vn 3.5593288885138463E-06 -0.74405932426452637 -0.66811352968215942
vn 1 0 0
vn 1 0 0
vn 1 0 0
vn 0.27301773428916931 -0.83931213617324829 0.47012385725975037
vn 0.19771473109722137 -0.82057410478591919 0.53625279664993286
vn 0.28940927982330322 -0.84530359506607056 0.44911479949951172
vn -1 -2.7933674573432654E-06 5.8993390439354698E-07
vn -1 -3.2172551982512232E-06 -1.614520783732587E-08
vn -1 8.058692380075172E-09 -6.4354753703810275E-07
vn 0.37070754170417786 -0.86721521615982056 0.33243590593338013
vn 0.29882928729057312 -0.88598161935806274 0.35459506511688232
vn 0.29220327734947205 -0.88013982772827148 0.37412720918655396
vn 1 -4.1144044189422857E-06 -3.4780634905473562E-06
vn 1 -7.3330593295395374E-06 -5.6417725318169687E-06
vn 1 -1.9367156767202687E-08 -3.2700587127010294E-08
vn 1 1.169221718555491E-06 3.5367634154681582E-07
vn 1 2.863498139049625E-06 1.1505452675919514E-05
vn 1 -1.6104555697893375E-06 -1.3859907085134182E-05
vn -1 1.4141508472675923E-05 -8.0990379501599818E-05
vn -1 7.4188201324432157E-06 3.5416971513768658E-05
vn -1 3.2106574963108869E-06 4.3345467020117212E-06
vn 9.4293700385605916E-06 -0.65055185556411743 -0.75946182012557983
vn 1.3568774193117861E-06 -0.65055316686630249 -0.75946074724197388
vn 1.251800085810828E-06 -0.65055316686630249 -0.7594606876373291
vn 0.10843092948198318 -0.1818675696849823 -0.97732639312744141
vn 0.27407944202423096 -0.16595712304115295 -0.94727963209152222
vn 0.043549537658691406 -0.18177494406700134 -0.98237532377243042
vn 0.81939679384231567 -0.0050831260159611702 -0.5732041597366333
vn 0.81899863481521606 0.00092035502893850207 -0.57379472255706787
vn 0.8187403678894043 0.0063742832280695438 -0.57412850856781006
vn 0.81926190853118896 0.00023853957827668637 -0.57341939210891724
vn 0.016015300527215004 -0.99985426664352417 0.0059078880585730076
vn 0.054836034774780273 -0.99849528074264526 0.00039555437979288399
vn 0.063821889460086823 -0.99791932106018066 0.0091558638960123062
vn 0.7494538426399231 -0.63984251022338867 0.17006012797355652
vn 0.54228615760803223 -0.83847200870513916 0.053762331604957581
vn 0.8221392035484314 -0.5657505989074707 0.063351280987262726
vn 0.81999677419662476 -0.56367987394332886 -0.099349074065685272
vn 0.76592284440994263 -0.63121718168258667 -0.12217650562524796
vn 0.91356223821640015 -0.40451878309249878 0.042054295539855957
vn 0.89888232946395874 -0.42300289869308472 0.114363893866539
vn 0.54477763175964355 -0.68569678068161011 -0.48273926973342896
vn 0.60119038820266724 -0.72098010778427124 -0.34461256861686707
vn 0.41683831810951233 -0.72632467746734619 -0.54653298854827881
vn 0.7157246470451355 -0.66246789693832397 -0.22107583284378052
vn 0.7500380277633667 -0.63872784376144409 -0.17166738212108612
vn 0.45896619558334351 -0.61348891258239746 -0.64263629913330078
vn 0.60431593656539917 -0.59418737888336182 -0.53079521656036377
vn 0.81143766641616821 -0.56101101636886597 0.16381567716598511
vn 0.91711044311523438 -0.33955597877502441 0.2088305801153183
vn 0.8312840461730957 -0.3967631459236145 0.38928893208503723
vn 0.71617245674133301 -0.66656434535980225 0.20685499906539917
vn 0.53337681293487549 -0.84235620498657227 0.07710517942905426
vn 0.48741531372070312 -0.79506045579910278 -0.36097812652587891
vn -0.086729332804679871 -0.85194838047027588 -0.51639324426651001
vn 0.73516809940338135 -0.63614422082901001 0.23419739305973053
vn -0.47568526864051819 -0.74866253137588501 -0.46176615357398987
vn -0.61805242300033569 -0.51224970817565918 -0.59633165597915649
vn -0.28151732683181763 -0.72670894861221313 -0.62661159038543701
vn -0.50953119993209839 -0.7496303915977478 -0.42241239547729492
vn 0.50110912322998047 -0.78397935628890991 -0.36642321944236755
vn 0.93256723880767822 -0.34786787629127502 -0.096469327807426453
vn 0.65006387233734131 -0.60731184482574463 -0.45671579241752625
vn 0.89672756195068359 -0.44054344296455383 -0.042440041899681091
vn 0.66307026147842407 -0.5264403223991394 -0.53216391801834106
vn -0.080866076052188873 -0.69641232490539551 -0.71307116746902466
vn 0.35332947969436646 -0.76343399286270142 -0.54067254066467285
vn 0.33548566699028015 -0.80094742774963379 -0.49591585993766785
vn 0.38804921507835388 -0.58428680896759033 -0.71275991201400757
vn 0.27187982201576233 -0.85849416255950928 -0.43482080101966858
vn -0.011902754195034504 -0.95271259546279907 -0.30363965034484863
vn 0.026132769882678986 -0.94686633348464966 -0.32056400179862976
vn -0.027036547660827637 -0.94943457841873169 -0.31279873847961426
vn -0.031995661556720734 -0.94423353672027588 -0.32771837711334229
vn 0.031730830669403076 -0.91508913040161133 -0.40200123190879822
vn 0.013690139167010784 -0.92184072732925415 -0.38732707500457764
vn 0.023540530353784561 -0.91596353054046631 -0.40057045221328735
vn 0.058746550232172012 -0.92618030309677124 -0.372476726770401
vn 0.084395170211791992 -0.93220639228820801 -0.35194987058639526
vn 0.08707205206155777 -0.93145227432250977 -0.35329186916351318
vn 0.11868435889482498 -0.88560175895690918 -0.44902512431144714
vn 0.14711779356002808 -0.901084303855896 -0.40792572498321533
vn -0.126095250248909 -0.97065085172653198 -0.2047850489616394
vn -0.047663699835538864 -0.98836678266525269 -0.14442735910415649
vn -0.078096702694892883 -0.98307591676712036 -0.16571873426437378
vn 0.0059363334439694881 -0.99347966909408569 -0.11385475099086761
vn -0.059002373367547989 -0.60251474380493164 -0.79592382907867432
vn -0.01941528357565403 -0.58976656198501587 -0.80734038352966309
vn -0.018156316131353378 -0.59029150009155273 -0.80698591470718384
vn -0.058973066508769989 -0.60207325220108032 -0.79625999927520752
vn -0.096350871026515961 -0.61159855127334595 -0.78527939319610596
vn -0.094186417758464813 -0.6111101508140564 -0.78592193126678467
vn -0.11138932406902313 -0.61528342962265015 -0.78039652109146118
vn -0.11477804929018021 -0.61803150177001953 -0.77772945165634155
vn -0.062848664820194244 0.231149822473526 0.97088611125946045
vn -0.22371715307235718 0.29423439502716064 0.92918068170547485
vn -0.024075873196125031 0.32713362574577332 0.94467133283615112
vn 0.026814905926585197 0.58686196804046631 0.809242844581604
vn 0.022464973852038383 0.58792030811309814 0.80860686302185059
vn 0.06464841216802597 0.61686426401138306 0.78440999984741211
vn 0.10784348845481873 0.62082421779632568 0.77649664878845215
vn 0.084162123501300812 0.60226267576217651 0.79384911060333252
vn 0.10712371021509171 0.61375510692596436 0.78219509124755859
vn 0.024011710658669472 0.94994264841079712 0.31150028109550476
vn -0.015285714529454708 0.94914573431015015 0.31446570158004761
vn 0.044897355139255524 0.95208775997161865 0.3025113046169281
vn 0.43838077783584595 0.42667692899703979 -0.79105567932128906
vn 0.44226574897766113 0.29494592547416687 -0.84699934720993042
vn 0.44849562644958496 0.38260820508003235 -0.80775159597396851
vn 0.43750044703483582 0.29007264971733093 -0.85114699602127075
vn 0.34132951498031616 0.28341495990753174 -0.89619755744934082
vn 0.33722802996635437 0.28489106893539429 -0.89728164672851562
vn -0.053092189133167267 -0.048236746340990067 0.99742388725280762
vn 0.084278620779514313 0.70144671201705933 0.70772147178649902
vn 0.32954591512680054 0.94269520044326782 -0.0522041916847229
vn 0.37627553939819336 0.92648065090179443 -0.0070925038307905197
vn 0.010981028899550438 0.93260514736175537 0.36073124408721924
vn -0.013629785738885403 0.92248141765594482 0.3858008086681366
vn -0.067272208631038666 0.95940953493118286 0.27387556433677673
vn -0.012650656513869762 0.95767086744308472 0.28758740425109863
vn -0.012433658353984356 0.92286491394042969 0.38492298126220703
vn -0.045533891767263412 0.92315095663070679 0.38173148036003113
vn -0.015406567603349686 0.92039638757705688 0.39068284630775452
vn -0.0046965200453996658 0.92783987522125244 0.3729492723941803
vn -0.0081380847841501236 0.92628633975982666 0.3767324686050415
vn -0.32675942778587341 -0.30564889311790466 0.89431929588317871
vn -0.45234054327011108 -0.30169650912284851 0.83926588296890259
vn -0.3620726466178894 -0.28878206014633179 0.88628906011581421
vn -0.042419016361236572 0.9431871771812439 0.32954290509223938
vn 0.0054730088450014591 0.93573933839797974 0.35264986753463745
vn 0.014772781170904636 0.93801385164260864 0.34628278017044067
vn 0.044606216251850128 0.93178313970565796 0.36026448011398315
vn 0.035621590912342072 0.92995136976242065 0.36595290899276733
vn 0.35782593488693237 -0.91198599338531494 0.20060454308986664
vn 0.39494767785072327 -0.88770884275436401 0.2366207093000412
vn 0.38077598810195923 -0.89742040634155273 0.22281438112258911
vn -0.0076138949953019619 0.84930974245071411 -0.52783995866775513
vn -0.067295610904693604 0.85571235418319702 -0.5130571722984314
vn -0.095194913446903229 0.73653107881546021 -0.66967147588729858
vn -0.039837837219238281 0.94449609518051147 -0.32609820365905762
vn -0.11547748744487762 0.9115912914276123 -0.39454561471939087
vn -0.16831864416599274 0.85111981630325317 -0.49725630879402161
vn -0.29182565212249756 0.85629785060882568 -0.42613592743873596
vn 0.014002134092152119 -0.67119985818862915 0.74114418029785156
vn -0.038395322859287262 -0.67324298620223999 0.73842376470565796
vn 0.043861214071512222 -0.5913272500038147 0.80523800849914551
vn 0.19515436887741089 -0.75214159488677979 0.62944245338439941
vn -0.029836216941475868 -0.90803098678588867 0.41783910989761353
vn 0.40085196495056152 -0.8702508807182312 0.28632348775863647
vn 0.32211527228355408 -0.83206558227539062 0.45156240463256836
vn 0.32422032952308655 -0.79375797510147095 0.51461583375930786
vn -0.8398250937461853 0.44713470339775085 -0.30783829092979431
vn -0.80999690294265747 0.52879887819290161 -0.25352859497070312
vn -0.68743175268173218 0.71491384506225586 -0.12781178951263428
vn 0.15297472476959229 -0.028655098751187325 -0.98781454563140869
vn 0.10933877527713776 -0.12588773667812347 -0.986000657081604
vn 0.15292659401893616 -0.014920094050467014 -0.98812490701675415
vn -0.07166995108127594 -0.67890471220016479 -0.73072004318237305
vn -0.069744810461997986 -0.68639737367630005 -0.72387450933456421
vn -0.012961231172084808 -0.52229994535446167 -0.85266333818435669
vn -0.0091602392494678497 -0.4678882360458374 -0.88374018669128418
vn 0.39612317085266113 -0.29757633805274963 -0.86863958835601807
vn 0.47788071632385254 -0.29483699798583984 -0.82746672630310059
vn 0.46846103668212891 -0.44811001420021057 -0.76140767335891724
vn 0.38684144616127014 -0.55767589807510376 -0.73440539836883545
vn 0.44657868146896362 -0.56587374210357666 -0.69307601451873779
vn 0.59005582332611084 -0.54497390985488892 -0.59568244218826294
vn 0.8578263521194458 0.040792368352413177 0.5123181939125061
vn 0.91354107856750488 -0.095482677221298218 0.39538055658340454
vn 0.93060034513473511 -0.023777414113283157 0.36526378989219666
vn 0.95049369335174561 -0.25586491823196411 0.17633756995201111
vn 0.88201040029525757 -0.079688385128974915 0.46444317698478699
vn 0.89905142784118652 -0.28313383460044861 0.33397871255874634
vn 0.86990106105804443 -0.065073594450950623 0.48891466856002808
vn 0.84612047672271729 -0.3562493622303009 0.39644229412078857
vn -0.23369443416595459 -0.36436346173286438 -0.90145778656005859
vn -0.10409573465585709 -0.59321403503417969 -0.79828643798828125
vn 0.69283074140548706 -0.4225250780582428 -0.58434420824050903
vn 0.59081918001174927 -0.23077249526977539 -0.77309560775756836
vn 0.92576682567596436 -0.20000152289867401 -0.32086625695228577
vn 0.97063559293746948 -0.046489391475915909 -0.2360195517539978
vn -0.51821440458297729 -0.29410141706466675 -0.80309289693832397
vn -0.61775064468383789 -0.49466598033905029 -0.61130166053771973
vn -0.29538658261299133 -0.67317688465118408 -0.67792302370071411
vn -0.58170962333679199 -0.081467829644680023 -0.80930644273757935
vn 0.94103580713272095 -0.23808592557907104 -0.24034705758094788
vn 0.99525159597396851 0.0052751568146049976 -0.097192712128162384
vn 0.83578836917877197 0.00094307766994461417 -0.54905092716217041
vn 0.21464109420776367 -0.78251153230667114 -0.58446973562240601
vn 0.17274793982505798 -0.85551106929779053 -0.4881177544593811
vn 0.2523597776889801 -0.72278410196304321 -0.6433488130569458
vn 0.33336564898490906 -0.58426022529602051 -0.73993736505508423
vn 0.026593584567308426 -0.98230510950088501 -0.18539007008075714
vn 0.025693668052554131 -0.98266249895095825 -0.1836143285036087
vn 0.061517037451267242 -0.99075967073440552 -0.12087566405534744
vn 0.052997775375843048 -0.98469448089599609 -0.1660362035036087
vn 0.085674390196800232 -0.98407411575317383 -0.15574975311756134
vn 0.061946641653776169 -0.98651164770126343 -0.15151695907115936
vn 0.0696607306599617 -0.98549306392669678 -0.15476039052009583
vn 0.10503546893596649 -0.98174190521240234 -0.158588707447052
vn 0.057473082095384598 0.42694360017776489 0.90245002508163452
vn 0.10669327527284622 0.34473612904548645 0.93261653184890747
vn 0.13182958960533142 0.016963176429271698 0.99112725257873535
vn 0.074520118534564972 0.035299211740493774 0.99659454822540283
vn 0.19076894223690033 -0.033815223723649979 0.98105233907699585
vn 0.15066252648830414 0.31947460770606995 0.93554091453552246
vn 0.22096772491931915 0.107697993516922 0.96931648254394531
vn 0.37941479682922363 0.74783813953399658 0.54477745294570923
vn 0.18644365668296814 0.62194478511810303 0.76054155826568604
vn 0.14148229360580444 0.67184984683990479 0.72704923152923584
vn 0.35671183466911316 0.73448032140731812 0.57731735706329346
vn 0.46449014544487 0.77291387319564819 0.43226495385169983
vn 0.12128130346536636 0.39067503809928894 -0.91250413656234741
vn -0.091879867017269135 0.29181894659996033 -0.95205032825469971
vn 0.19013313949108124 0.34102872014045715 -0.92062413692474365
vn -0.059021502733230591 0.83514523506164551 -0.54685360193252563
vn 0.33252161741256714 0.91450119018554688 -0.2304711639881134
vn -0.021423479542136192 0.88742619752883911 0.46045175194740295
vn 0.25229591131210327 0.89032638072967529 -0.37903264164924622
vn -0.15407472848892212 0.60766100883483887 0.77910786867141724
vn -0.10450996458530426 0.92467272281646729 0.36613929271697998
vn -0.08829798549413681 0.92995750904083252 0.35690692067146301
vn -0.055303618311882019 0.92974859476089478 0.36401793360710144
vn -0.14684124290943146 0.92562973499298096 0.34877967834472656
vn -0.14373837411403656 0.86358964443206787 0.48327234387397766
vn -0.15420544147491455 0.37170785665512085 -0.91545289754867554
vn -0.11498389393091202 0.36012172698974609 -0.92579209804534912
vn -0.14325307309627533 0.36447557806968689 -0.92012834548950195
vn -0.11722853034734726 0.35692694783210754 -0.92674732208251953
vn -0.19713473320007324 0.36696618795394897 -0.90910601615905762
vn -0.19944795966148376 0.36735630035400391 -0.9084436297416687
vn -0.23801501095294952 0.3389839231967926 -0.91018611192703247
vn 0.064468562602996826 -0.27190747857093811 0.96016150712966919
vn -0.16111941635608673 -0.72985380887985229 0.66434478759765625
vn -0.2712685763835907 -0.28352394700050354 0.91979753971099854
vn 0.06518217921257019 -0.58058637380599976 0.81158536672592163
vn -0.018347131088376045 0.93093842267990112 0.36471500992774963
vn -0.042302001267671585 0.93834155797958374 0.3431117832660675
vn -0.048673704266548157 0.93118500709533691 0.36128300428390503
vn -0.012301643379032612 0.94203037023544312 0.33530205488204956
vn -0.092758119106292725 0.92429286241531372 0.37024134397506714
vn -0.0061068106442689896 0.93618714809417725 0.35144883394241333
vn -0.24466007947921753 0.9695364236831665 -0.011854321695864201
vn -0.16711723804473877 0.98590922355651855 0.0074084526859223843
vn -0.32118183374404907 0.94573181867599487 -0.049331445246934891
vn -0.091017857193946838 0.99213981628417969 -0.085873931646347046
vn -0.19512481987476349 0.9804149866104126 -0.026698267087340355
vn -0.092544682323932648 0.98110747337341309 -0.16989302635192871
vn -0.3223000168800354 0.94571900367736816 -0.041692182421684265
vn -0.46410331130027771 0.88003844022750854 -0.10070007294416428
vn -0.071563020348548889 0.99236726760864258 -0.10042872279882431
vn -0.097485393285751343 0.99521273374557495 0.006944587454199791
vn -0.049349140375852585 0.95428794622421265 -0.29478669166564941
vn -0.0030797077342867851 0.68632370233535767 -0.72728967666625977
vn -0.0075578200630843639 0.77739918231964111 -0.62896215915679932
vn -0.021386589854955673 0.88576281070709229 -0.46364516019821167
vn -0.054565552622079849 0.8857043981552124 -0.46103176474571228
vn -0.13416337966918945 -0.80252557992935181 -0.5813370943069458
vn -0.075302310287952423 -0.76298779249191284 -0.64201188087463379
vn -0.14023210108280182 -0.830463707447052 -0.53913354873657227
vn -0.037407509982585907 -0.61282640695571899 -0.78933167457580566
vn -0.069288790225982666 -0.5515255331993103 -0.8312753438949585
vn -0.15943397581577301 -0.33070996403694153 -0.930167555809021
vn 7.6380546332188715E-09 1 -1.3488994365928875E-09
vn 0 1 0
vn -4.1778112063184381E-06 1 7.3781188802968245E-07
vn 0 1 0
vn 0.003182197455316782 0.9999929666519165 0.0019725293386727571
vn 0 1 0
vn 0 1 0
vn -8.4050188888795674E-06 1 -0.000143661760375835
vn -0.039636503905057907 0.99912393093109131 -0.013426701538264751
vn 0.0039576003327965736 0.99947232007980347 -0.032240387052297592
vn -0.14518919587135315 0.38418453931808472 -0.91176879405975342
vn -0.093800999224185944 -0.0013664513826370239 -0.99559003114700317
vn -0.092186272144317627 0.0046228892169892788 -0.99573105573654175
vn -0.090800590813159943 -0.0018184293294325471 -0.99586743116378784
vn 0.85154855251312256 -0.44148454070091248 0.28276574611663818
vn 0.8749578595161438 -0.38102766871452332 0.29877522587776184
vn 0.74907338619232178 -0.62102407217025757 0.230690598487854
vn 0.61027127504348755 -0.7893715500831604 0.066794618964195251
vn 0.44390022754669189 -0.87087160348892212 0.21103382110595703
vn 0.2271578460931778 -0.96339327096939087 0.14238248765468597
vn 0.22863826155662537 -0.96532696485519409 0.12596985697746277
vn 0.96504718065261841 0.00010862489580176771 -0.26207613945007324
vn 0.96504908800125122 -0.00025138928322121501 -0.26206916570663452
vn 0.9650455117225647 0.00022396896383725107 -0.26208236813545227
vn 0.9650496244430542 0.00061374215874820948 -0.26206648349761963
vn 0.96502739191055298 0.00070556777063757181 -0.26214811205863953
vn 0.96506249904632568 -0.0084988512098789215 -0.26188191771507263
vn 0.96499013900756836 -0.0076854564249515533 -0.26217350363731384
vn 0.96504694223403931 -3.8901776861166582E-05 -0.26207706332206726
vn 0.91849112510681152 -0.22287458181381226 -0.32665109634399414
vn 0.92681366205215454 -0.045497484505176544 -0.37275519967079163
vn 0.92244535684585571 -0.063851602375507355 -0.38081169128417969
vn 0.88768064975738525 -0.24154245853424072 -0.39202076196670532
vn 0.84427928924560547 -0.39875715970993042 -0.35802969336509705
vn -0.93339335918426514 0.050302106887102127 0.35531187057495117
vn -0.90707755088806152 0.10777288675308228 0.40693411231040955
vn -0.93589168787002563 -0.039751183241605759 0.35003805160522461
vn -0.89615494012832642 0.239142045378685 0.37378796935081482
vn -0.87141472101211548 0.32702410221099854 0.36563864350318909
vn -0.83557212352752686 0.42656996846199036 0.34620410203933716
vn -0.93161171674728394 0.17739997804164886 0.31722047924995422
vn -0.91571968793869019 0.11309950053691864 -0.38557225465774536
vn -0.89849227666854858 0.25068759918212891 -0.36037114262580872
vn -0.88004344701766968 0.16914752125740051 -0.44374841451644897
vn -0.95205986499786377 0.23241057991981506 -0.19891552627086639
vn -0.92873978614807129 0.022369546815752983 -0.37005674839019775
vn -0.87799710035324097 0.018239350989460945 -0.47831827402114868
vn -0.96505081653594971 -1.9608658476499841E-05 0.26206278800964355
vn -0.96505022048950195 4.3923966586589813E-05 0.26206511259078979
vn -0.9650459885597229 -1.7591228242963552E-05 0.26208069920539856
vn -0.96509528160095215 -0.00040162642835639417 0.26189866662025452
vn -0.96494710445404053 0.0008591738878749311 0.26244297623634338
vn -0.96450823545455933 0.0043692090548574924 0.26401665806770325
vn -0.9627310037612915 0.015920829027891159 0.26999169588088989
vn -0.96505051851272583 2.4446337192784995E-05 0.26206380128860474
vn -0.50068122148513794 0.56547319889068604 0.65540701150894165
vn -0.5276949405670166 0.45419371128082275 0.71780645847320557
vn -0.45462191104888916 0.42929854989051819 0.78039842844009399
vn -0.39256507158279419 0.25664228200912476 0.88319158554077148
vn -0.46248635649681091 0.17595043778419495 0.8689923882484436
vn -0.39762941002845764 0.014585703611373901 0.91743016242980957
vn -0.38561674952507019 0.5205039381980896 0.76182371377944946
vn -0.39262515306472778 0.61174178123474121 0.6867440938949585
vn 0.92775428295135498 0.24555696547031403 0.28102266788482666
vn 0.94226741790771484 0.20270802080631256 0.26653632521629333
vn 0.91589516401290894 0.16379278898239136 0.36648052930831909
vn 0.91114002466201782 0.019311768934130669 0.41164413094520569
vn 0.92300021648406982 0.12527646124362946 0.36383569240570068
vn 0.9207233190536499 0.0079803252592682838 0.39013448357582092
vn -0.8426746129989624 0.28409847617149353 0.45737028121948242
vn 0.099149212241172791 0.64906901121139526 0.75424057245254517
vn 0.26182371377944946 0.35209575295448303 0.89859718084335327
vn -0.87708687782287598 0.099395439028739929 0.46993529796600342
vn -0.69893825054168701 0.54312342405319214 0.46529808640480042
vn -0.94512450695037842 -0.021234067156910896 -0.32601961493492126
vn -0.94002199172973633 -0.11934711039066315 -0.31955417990684509
vn -0.90847170352935791 -0.090314671397209167 -0.40807151794433594
vn -0.9365990161895752 -0.21052952110767365 -0.28010648488998413
vn -0.94043111801147461 -0.20845387876033783 -0.26858201622962952
vn -0.35133877396583557 0.25666862726211548 0.90037894248962402
vn -0.40299955010414124 0.23193962872028351 0.8853222131729126
vn -0.33809971809387207 0.40853238105773926 0.84781473875045776
vn -0.36555379629135132 0.011658944189548492 0.93071717023849487
vn -0.36039251089096069 -0.014592423103749752 0.93268662691116333
vn -0.28715547919273376 0.60387712717056274 0.74355506896972656
vn -0.32222822308540344 0.55723470449447632 0.76528322696685791
vn 0.22236610949039459 0.21067306399345398 0.95192968845367432
vn 0.030586283653974533 0.20235766470432281 0.97883391380310059
vn 0.2011292576789856 0.46555033326148987 0.86186420917510986
vn 0.1946905255317688 0.42286726832389832 0.88503044843673706
vn 0.068316228687763214 -0.011203239671885967 0.99760079383850098
vn 0.11948531121015549 -0.085659012198448181 0.98913383483886719
vn 0.27837184071540833 0.59926074743270874 0.75059688091278076
vn 0.32543700933456421 0.66917937994003296 0.66804921627044678
vn 0.99939346313476562 -0.0091561572626233101 0.033599518239498138
vn 0.63292479515075684 0.35246801376342773 0.68932753801345825
vn 0.90785676240921021 0.056790206581354141 0.41541662812232971
vn 0.99513131380081177 -0.060947507619857788 -0.077453963458538055
vn 0.67478758096694946 0.48725968599319458 0.55429208278656006
vn 0.47338944673538208 -0.37232404947280884 -0.79829645156860352
vn 0.43350154161453247 -0.50152027606964111 -0.74870139360427856
vn 0.35112780332565308 -0.69566279649734497 -0.62670767307281494
vn 0.52584803104400635 -0.13310681283473969 -0.840099036693573
vn 0.52234703302383423 -0.14274343848228455 -0.84070086479187012
vn -0.19419117271900177 -0.45950877666473389 -0.8666841983795166
vn -0.33242914080619812 -0.67803871631622314 -0.65555655956268311
vn -0.22725053131580353 -0.52213406562805176 -0.82202994823455811
vn -0.11173612624406815 -0.14381419122219086 -0.98327642679214478
vn -0.10285972058773041 -0.074008502066135406 -0.99193882942199707
vn 0.36424002051353455 -0.26085865497589111 -0.89402568340301514
vn 0.31579428911209106 -0.52534657716751099 -0.79011702537536621
vn 0.34263741970062256 -0.40913867950439453 -0.84569799900054932
vn 0.37845364212989807 -0.057368572801351547 -0.92384070158004761
vn 0.24487152695655823 -0.71062815189361572 -0.65957987308502197
vn -0.26475793123245239 -0.64294803142547607 -0.71869403123855591
vn -0.33887693285942078 -0.67995274066925049 -0.65025120973587036
vn -0.38729152083396912 -0.73289871215820312 -0.55934315919876099
vn 0.30147281289100647 -0.83003634214401245 -0.46920546889305115
vn 0.19889098405838013 -0.96289587020874023 -0.1824115514755249
vn 0.27587112784385681 -0.91134899854660034 -0.305512934923172
vn 0.63936281204223633 0.49259057641029358 0.59039795398712158
vn 0.99565190076828003 0.087713532149791718 0.031362026929855347
vn 0.77754390239715576 0.34848204255104065 0.52343648672103882
vn 0.5362318754196167 0.20479616522789001 0.81884914636611938
vn 0.34494295716285706 0.69478458166122437 0.63110119104385376
vn 0.44044676423072815 0.76807969808578491 0.46482282876968384
vn 0.38138177990913391 0.73205471038818359 0.56448543071746826
vn -0.19755023717880249 0.80919057130813599 0.55333948135375977
vn -0.35853302478790283 0.60028910636901855 0.71491748094558716
vn -0.2108561098575592 0.80276566743850708 0.55776965618133545
vn -0.19270056486129761 0.90889441967010498 0.36983427405357361
vn -0.40842741727828979 0.29715478420257568 -0.8630678653717041
vn -0.90990924835205078 0.01691325381398201 -0.4144623875617981
vn -0.38187423348426819 0.31690114736557007 -0.86818528175354004
vn -0.099133044481277466 0.96787208318710327 -0.23107625544071198
vn 0.077131971716880798 0.52619373798370361 0.8468593955039978
vn 0.053512714803218842 0.62922471761703491 0.77537906169891357
vn -0.15410026907920837 0.94230556488037109 -0.29717555642127991
vn 0.026198843494057655 0.68348711729049683 0.72949230670928955
vn -0.048414904624223709 0.99723559617996216 0.056366145610809326
vn -0.081434011459350586 0.94624662399291992 -0.31302690505981445
vn 0.20194746553897858 -0.5014042854309082 0.84131503105163574
vn 0.14696168899536133 -0.14142096042633057 0.97898024320602417
vn 0.19566360116004944 -0.25259497761726379 0.947581946849823
vn 0.2484767884016037 -0.5143665075302124 0.82078403234481812
vn 0.25996696949005127 -0.38799145817756653 0.88423967361450195
vn 0.15194970369338989 -0.46196627616882324 0.87378400564193726
vn 0.10284949839115143 -0.34487265348434448 0.93299776315689087
vn 0.11308998614549637 -0.40383806824684143 0.90781354904174805
vn -0.16416679322719574 0.91701525449752808 0.36350008845329285
vn -0.2172742486000061 0.89500963687896729 0.3895505964756012
vn -0.30383577942848206 0.84783875942230225 0.4345724880695343
vn -0.48506495356559753 0.87395554780960083 -0.030227780342102051
vn -0.66102147102355957 0.74954867362976074 0.035033337771892548
vn -0.52681708335876465 0.83999621868133545 0.12988506257534027
vn -0.36234760284423828 0.9308551549911499 0.047041725367307663
vn -0.36953037977218628 0.92911535501480103 0.013853425160050392
vn -0.80609560012817383 0.56259405612945557 0.1835695207118988
vn -0.58939337730407715 0.77422678470611572 0.23062598705291748
vn -0.74716109037399292 0.64859139919281006 0.14518797397613525
vn -0.62272906303405762 0.72848290205001831 0.28551909327507019
vn -0.43931439518928528 0.81374239921569824 0.38056039810180664
vn -0.51220589876174927 0.81707620620727539 0.26463478803634644
vn -0.45368099212646484 0.87624192237854004 -0.16239967942237854
vn -0.42495554685592651 0.90500116348266602 0.019638236612081528
vn -0.56389421224594116 0.82583051919937134 -0.005218632984906435
vn -0.89118599891662598 0.41404202580451965 -0.18535549938678741
vn -0.82481396198272705 0.53079575300216675 -0.19477622210979462
vn -0.80283719301223755 0.51988285779953003 -0.29184633493423462
vn -0.90540903806686401 0.3255571722984314 -0.27248302102088928
vn -0.94836503267288208 0.26668533682823181 -0.17170524597167969
vn -0.86738204956054688 0.32323068380355835 -0.37837854027748108
vn -0.6219637393951416 0.74835020303726196 -0.23050613701343536
vn 0.54256594181060791 0.83997476100921631 0.0080397380515933037
vn 0.97110921144485474 0.23846057057380676 -0.009137188084423542
vn 0.97462999820709229 0.2236369401216507 -0.0091016441583633423
vn -0.60977965593338013 0.60820508003234863 0.50818830728530884
vn -0.52520072460174561 0.613442063331604 0.58979064226150513
vn -0.61604321002960205 0.6972084641456604 0.36659392714500427
vn -0.45704269409179688 0.73160684108734131 0.50582939386367798
vn -0.43323436379432678 0.80475538969039917 0.4058038592338562
vn -0.79775679111480713 0.5975988507270813 0.080372370779514313
vn -0.75095945596694946 0.65014684200286865 0.11562412977218628
vn -0.6866229772567749 0.67542815208435059 0.26897159218788147
vn -0.35599982738494873 0.71853286027908325 0.59747356176376343
vn -0.33367565274238586 0.78237670660018921 0.52587759494781494
vn -0.36884486675262451 0.65933167934417725 0.65516042709350586
vn -0.34304285049438477 0.60691463947296143 0.71692132949829102
vn 0.95032918453216553 0.23030783236026764 0.20936261117458344
vn 0.93993818759918213 0.23392763733863831 0.24858416616916656
vn 0.95850956439971924 0.21040430665016174 0.19232627749443054
vn 0.97490590810775757 0.098301544785499573 0.19973808526992798
vn 0.97527426481246948 0.089908145368099213 0.20188279449939728
vn -0.76788103580474854 0.53565216064453125 0.35133382678031921
vn -0.7378273606300354 0.64878958463668823 0.18623340129852295
vn 0.41620960831642151 0.75257760286331177 0.51029062271118164
vn -0.97959858179092407 -0.078316248953342438 -0.185076043009758
vn -0.98042798042297363 -0.084734171628952026 -0.17771071195602417
vn -0.96126341819763184 -0.19974623620510101 -0.18993183970451355
vn 0.98878145217895508 0.0065409550443291664 0.14922614395618439
vn 0.98451542854309082 0.0019853964913636446 0.17528676986694336
vn 0.82205229997634888 0.41264402866363525 0.39237084984779358
vn 0.4820307195186615 -0.71634590625762939 -0.50447487831115723
vn 0.17901475727558136 -0.82058346271514893 -0.54276746511459351
vn 0.097114287316799164 -0.88959473371505737 -0.44630712270736694
vn 0.58246374130249023 -0.53119444847106934 -0.61527913808822632
vn -0.58907747268676758 0.80805033445358276 0.0065101608633995056
vn 0.019864033907651901 0.79291665554046631 0.60900628566741943
vn 0.49487784504890442 0.61932855844497681 0.6095309853553772
vn 0.89147239923477173 -0.049048088490962982 0.45041230320930481
vn 0.41422161459922791 -0.37950381636619568 0.82728308439254761
vn 0.4369560182094574 -0.22013817727565765 0.87212878465652466
vn -0.81288671493530273 0.56816840171813965 0.12806209921836853
vn -0.77942842245101929 0.61873805522918701 0.098257355391979218
vn -0.82257342338562012 0.56611108779907227 -0.053769640624523163
vn -0.90868854522705078 0.41746634244918823 0.002633201889693737
vn -0.00097186234779655933 -0.99999946355819702 -0.00030011771013960242
vn 0.061837922781705856 -0.99789035320281982 0.019770767539739609
vn -0.0048143765889108181 -0.99998742341995239 -0.0013987083220854402
vn -0.12907040119171143 0.97327655553817749 -0.18993031978607178
vn -0.084354549646377563 0.97276568412780762 -0.21589621901512146
vn 0.00096335407579317689 0.89712339639663696 -0.44177901744842529
vn -0.015357016585767269 0.86856669187545776 -0.49533423781394958
vn -0.01102571003139019 0.86961376667022705 -0.49360945820808411
vn 0.041797347366809845 0.16273626685142517 0.98578387498855591
vn -0.33883407711982727 0.22737225890159607 0.91295856237411499
vn 0.56378865242004395 -0.46294677257537842 0.68397563695907593
vn 0.035590127110481262 -0.80348777770996094 -0.59425646066665649
vn -0.38795211911201477 0.55221021175384521 -0.73794108629226685
vn -0.10438293218612671 -0.24305948615074158 -0.9643787145614624
vn -0.34774652123451233 0.50292634963989258 -0.79128843545913696
vn 0.16321049630641937 0.98184889554977417 0.096617944538593292
vn 0.058176670223474503 0.93431460857391357 -0.35166984796524048
vn -0.013529866933822632 0.8621755838394165 -0.50642889738082886
vn -0.68199247121810913 -6.7656906139745843E-06 -0.73135924339294434
vn -0.68199294805526733 -4.7776816245459486E-06 -0.73135870695114136
vn -0.68198323249816895 -1.5985011486918665E-05 -0.73136782646179199
vn 0.25302374362945557 -0.87938356399536133 0.40331569314002991
vn -2.9979012197145494E-06 0.65055340528488159 -0.75946050882339478
vn -0.024508120492100716 -0.91881734132766724 -0.39392134547233582
vn -0.017818383872509003 -0.9308466911315918 0.36497524380683899
vn -0.94058901071548462 -0.2827543318271637 -0.18799547851085663
vn -0.15481753647327423 -0.94324272871017456 -0.29381057620048523
vn -0.44600266218185425 -0.89457273483276367 0.028656912967562675
vn 0.35106611251831055 -0.7654879093170166 0.53924101591110229
vn 0.26178258657455444 -0.60079789161682129 0.75532227754592896
vn -0.84520584344863892 -0.53416281938552856 -0.01723882369697094
vn -0.74107986688613892 -0.65573430061340332 -0.144267737865448
vn 0.016952348873019218 0.70239996910095215 -0.71158057451248169
vn 0.0032941228710114956 0.62253409624099731 -0.7825857400894165
vn 0.027794407680630684 0.75535184144973755 -0.65472972393035889
vn 0.98648005723953247 0.034802213311195374 -0.16014328598976135
vn 0.96038758754730225 0.21120025217533112 -0.18179695308208466
vn 0.99566012620925903 0.058803029358386993 -0.072132408618927002
vn 0.035590860992670059 0.80347949266433716 -0.59426760673522949
vn -0.68199360370635986 5.6145076996472199E-06 -0.7313581109046936
vn -0.68198376893997192 1.5485655239899643E-05 -0.73136734962463379
vn -0.68199557065963745 4.6642567212984432E-06 -0.73135632276535034
vn -7.3511096161382739E-06 -0.65055453777313232 -0.75945955514907837
vn 0.0075124925933778286 -0.89906316995620728 0.43775454163551331
vn -0.011838839389383793 -0.86577540636062622 0.50029271841049194
vn -0.010569282807409763 -0.73103809356689453 0.68225479125976562
vn 0.092810161411762238 0.96656692028045654 -0.23902864754199982
vn 0.0073957033455371857 0.61715209484100342 0.78680914640426636
vn -0.039668843150138855 0.94782078266143799 -0.31632599234580994
vn 0.075808927416801453 0.68223494291305542 0.72719216346740723
vn -0.46264708042144775 0.85953563451766968 -0.21715465188026428
vn -0.68246656656265259 0.73090136051177979 -0.0047504748217761517
vn 0.014655796810984612 0.71257305145263672 -0.70144480466842651
vn 0.0047410102561116219 0.76914417743682861 -0.6390576958656311
vn -0.86600536108016968 0.00018537172582000494 -0.50003468990325928
vn -0.53919422626495361 0.81398308277130127 0.21610455214977264
vn 5.2334557949507143E-06 3.5374937397136819E-06 1
vn 0.42887210845947266 -0.001143644331023097 -0.90336447954177856
vn -0.28617104887962341 -0.0062206736765801907 -0.95815837383270264
vn -0.46459046006202698 -0.0089035406708717346 -0.88548088073730469
vn -0.027575301006436348 0.79954934120178223 0.59996706247329712
vn -0.057226430624723434 0.83553361892700195 0.54645097255706787
vn -0.090904414653778076 0.84618985652923584 0.52507060766220093
vn 0.36654335260391235 3.438563680902007E-06 0.93040096759796143
vn -0.035216148942708969 0.86408573389053345 0.50211125612258911
vn -0.2819710373878479 0.94060999155044556 -0.18906405568122864
vn -0.24540939927101135 0.93980765342712402 0.23777252435684204
vn -0.00389719451777637 0.93869626522064209 -0.34472325444221497
vn 0.24785095453262329 -0.65020900964736938 0.71819090843200684
vn 0.12674416601657867 -0.82603752613067627 0.54917937517166138
vn 0.11308040469884872 -0.71671229600906372 0.68813973665237427
vn 0.0057968441396951675 0.93921464681625366 -0.34328159689903259
vn -0.25639656186103821 -0.62629300355911255 0.73621863126754761
vn 0.17134678363800049 -0.61742061376571655 0.76774477958679199
vn 0.04638608917593956 -0.86536926031112671 -0.49898332357406616
vn -1.0340867447666824E-05 0.74406027793884277 -0.66811245679855347
vn -0.057971779257059097 0.33624586462974548 -0.93998831510543823
vn -0.44517949223518372 0.38403314352035522 -0.80890899896621704
vn -0.022419467568397522 0.94871336221694946 -0.31534159183502197
vn 0.021977175027132034 0.94646787643432617 -0.32204899191856384
vn -0.0081088552251458168 0.95231229066848755 -0.30501735210418701
vn 0.0102137615904212 0.91599750518798828 -0.40105393528938293
vn 0.59591686725616455 0.55326533317565918 -0.58204859495162964
vn -0.37144839763641357 0.7458118200302124 -0.55298358201980591
vn -0.19562426209449768 0.65889060497283936 -0.7263568639755249
vn -0.18773378431797028 -0.87992876768112183 0.43644168972969055
vn -0.39376088976860046 -0.80058962106704712 0.45167315006256104
vn -0.51628363132476807 -0.80944526195526123 0.27973121404647827
vn -0.78025484085083008 -0.6168474555015564 0.10344865173101425
vn -0.74889832735061646 -0.63207757472991943 0.19907096028327942
vn 5.3352314353105612E-06 -3.6046851619175868E-06 1
vn 0.453269362449646 0.00095221260562539101 -0.89137309789657593
vn -0.19167611002922058 -0.043241813778877258 -0.98050516843795776
vn -0.33596444129943848 -0.15241548418998718 -0.92946082353591919
vn 0.25878033041954041 -0.88567841053009033 0.38549515604972839
vn 0.28700479865074158 -0.89195191860198975 0.34935665130615234
vn 0.25686585903167725 -0.88569974899291992 0.38672453165054321
vn -0.043398719280958176 -0.92567348480224609 -0.37582594156265259
vn -0.040241487324237823 -0.92493480443954468 -0.37798976898193359
vn -0.063796348869800568 -0.91392594575881958 -0.40083593130111694
vn -0.37958279252052307 -0.8934667706489563 0.24007095396518707
vn 0.24858015775680542 0.64722824096679688 0.72062712907791138
vn 0.36131966114044189 -0.93244200944900513 -4.970708232576726E-06
vn 0.36131975054740906 -0.93244194984436035 3.2657351312082028E-06
vn 0.3613152801990509 -0.93244373798370361 -8.4366274677449837E-07
vn 0.09619545191526413 -0.91868871450424194 -0.38308936357498169
vn 0.061045452952384949 -0.93145155906677246 -0.35870799422264099
vn 0.1057555079460144 -0.93317466974258423 -0.34351244568824768
vn -0.28738120198249817 0.62230372428894043 0.72811406850814819
vn -0.24058067798614502 0.63108611106872559 0.73746269941329956
vn -0.36021336913108826 0.92213928699493408 -0.1410868763923645
vn -0.46292468905448914 0.86129528284072876 -0.20945434272289276
vn -0.31591010093688965 0.90967100858688354 -0.26962831616401672
vn 9.0868852566927671E-06 -0.74405872821807861 -0.66811424493789673
vn 0.066582359373569489 -0.972423255443573 0.22351689636707306
vn -0.6395721435546875 -0.64614605903625488 -0.41646450757980347
vn 0.37763339281082153 -0.81185448169708252 0.44529241323471069
vn 0.41409385204315186 -0.88309818506240845 0.22059890627861023
vn 0.40775376558303833 -0.87245792150497437 0.26935854554176331
vn 0.064012058079242706 -0.18070156872272491 -0.98145270347595215
vn 0.94776058197021484 0.22513234615325928 0.22597642242908478
vn -0.9483945369720459 -0.23322507739067078 -0.21483460068702698
vn -0.20056010782718658 0.95727849006652832 -0.20831122994422913
vn 0.069122254848480225 0.49308383464813232 0.86723148822784424
vn 0.095510862767696381 -0.066412642598152161 -0.99321049451828003
vn 0.061635933816432953 -0.10557010769844055 -0.99249982833862305
vn 0.40276890993118286 -0.082622811198234558 -0.91156494617462158
vn 0.1929827481508255 0.88149487972259521 0.43095755577087402
vn -0.96413344144821167 -0.1946968138217926 -0.18038792908191681
vn -0.94025611877441406 -0.23031602799892426 -0.25074478983879089
vn 0.21226237714290619 0.87676876783370972 0.43153354525566101
vn -0.36267411708831787 0.0033480378333479166 -0.93191003799438477
vn -0.12170764803886414 0.37678635120391846 -0.91826975345611572
vn 0.22731919586658478 0.85467153787612915 0.46675753593444824
vn 0.18372876942157745 0.79905980825424194 0.57249206304550171
vn 0.27923455834388733 0.93561798334121704 0.21597929298877716
vn 0.92308551073074341 0.28551769256591797 -0.25766801834106445
vn -0.0057357731275260448 -0.93607312440872192 0.35175877809524536
vn -0.038191255182027817 -0.99814927577972412 0.047323089092969894
vn -0.090405300259590149 -0.95785903930664062 -0.27264070510864258
vn -0.036423861980438232 -0.97835874557495117 0.20368474721908569
vn 0.17048799991607666 0.33105233311653137 0.92808306217193604
vn -0.040529876947402954 -0.92616820335388184 -0.37492641806602478
vn -0.025530962273478508 -0.93252283334732056 -0.36020731925964355
vn -0.011765137314796448 -0.9329645037651062 -0.35977610945701599
vn -0.13878889381885529 -0.84978485107421875 -0.50853055715560913
vn -0.36267408728599548 -0.0033480275887995958 -0.93191003799438477
vn -0.57898014783859253 -0.70659822225570679 -0.40681815147399902
vn 0.94845360517501831 -0.25489258766174316 -0.18832305073738098
vn -0.05090148001909256 0.99436694383621216 0.092970035970211029
vn -0.082932375371456146 0.98009574413299561 -0.18037348985671997
vn -0.017787335440516472 0.9959712028503418 0.087892137467861176
vn -0.96288454532623291 -0.00091695092851296067 0.26991197466850281
vn 0.055146358907222748 -0.05775408074259758 0.9968065619468689
vn 0.10714652389287949 0.9816703200340271 0.15761660039424896
vn 0.15697014331817627 0.98354911804199219 0.089395374059677124
vn 0.10698254406452179 0.98165273666381836 0.15783756971359253
vn -0.064704827964305878 0.67997801303863525 0.73037195205688477
vn 0.29259642958641052 0.83286029100418091 0.4698202908039093
vn 0.21535417437553406 0.87716943025588989 0.42918106913566589
vn 0.066820099949836731 0.27569377422332764 -0.95892024040222168
vn 0.96651935577392578 -0.16887295246124268 0.19318979978561401
vn -0.97526341676712036 0.11778759211301804 -0.18704919517040253
vn 0.2715909481048584 0.88285398483276367 -0.38315433263778687
vn -0.34903296828269958 -0.9155694842338562 -0.19977115094661713
vn -0.14177323877811432 -0.98702043294906616 -0.075438983738422394
vn -0.97771310806274414 0.037365734577178955 -0.20659361779689789
vn -0.1352943480014801 -0.04702160507440567 -0.98968905210494995
vn -0.95723152160644531 -0.094164662063121796 0.27357050776481628
vn -0.030169852077960968 -0.81003284454345703 0.58560788631439209
vn -0.017496457323431969 -0.82012957334518433 0.57191026210784912
vn 0.31654050946235657 -0.11132722347974777 -0.94202351570129395
vn 0.28842106461524963 0.31448426842689514 0.90438538789749146
vn 0.50180709362030029 -0.85446751117706299 0.13444314897060394
vn 0.68920421600341797 -0.71049797534942627 0.14209215342998505
vn 0.3873634934425354 -0.92117267847061157 0.037287980318069458
vn 0.0021578720770776272 -0.99299126863479614 -0.11816816776990891
vn -0.45482158660888672 -0.31320548057556152 0.83369040489196777
vn -0.86458808183670044 0.32788407802581787 -0.3807617723941803
vn -0.40377381443977356 -0.74856472015380859 -0.52594441175460815
vn -0.43357369303703308 -0.77556991577148438 -0.45880842208862305
vn 0.96560817956924438 0.17594656348228455 0.19142541289329529
vn 0.016729285940527916 -0.93552225828170776 -0.35287141799926758
vn -0.7560850977897644 -0.030352720990777016 -0.65376907587051392
vn -0.77142810821533203 -0.023776482790708542 -0.63587212562561035
vn 0 1 0
vn 0.099837720394134521 0.98871320486068726 0.11170762777328491
vn -0.72843068838119507 0.58846008777618408 -0.35086101293563843
vn -0.48462590575218201 0.29108506441116333 -0.82486802339553833
vn 0.32970151305198669 0.13000777363777161 -0.93509083986282349
vn 0.95156323909759521 -0.13397377729415894 -0.27672812342643738
vn -0.93719512224197388 0.20203147828578949 0.28433883190155029
vn 0.046570688486099243 0.90439832210540771 0.42414009571075439
vn 0.24165458977222443 0.94150471687316895 0.23488715291023254
vn 0.22041679918766022 0.93789875507354736 0.2678849995136261
vn 0.33379176259040833 0.89408773183822632 0.29864728450775146
vn -0.3670710027217865 0.90528631210327148 -0.21381202340126038
vn -0.31293949484825134 0.8140299916267395 -0.48930972814559937
vn -0.50402289628982544 0.74568343162536621 -0.43579486012458801
vn -0.48257309198379517 0.61627566814422607 -0.62235641479492188
vn 0.071530267596244812 -0.81761783361434937 0.5713006854057312
vn 0.086121276021003723 -0.71732360124588013 0.69139713048934937
vn 0.027766548097133636 0.94676083326339722 -0.32073807716369629
vn -0.24596750736236572 0.0013007806846871972 -0.96927720308303833
vn -0.25673589110374451 -0.0013840404571965337 -0.96648061275482178
vn -0.28764328360557556 -0.014381458982825279 -0.95762962102890015
vn 0.007586231455206871 0.47696417570114136 -0.87888997793197632
vn -0.31243011355400085 0.04051845520734787 -0.94907623529434204
vn -0.16507722437381744 0.98625743389129639 0.0067692934535443783
vn 0.86638069152832031 0.49843037128448486 -0.030849220231175423
vn 0.79211634397506714 0.60034275054931641 -0.1101827397942543
vn 0.82805848121643066 0.55632013082504272 0.069477088749408722
vn 0.72693538665771484 0.65838736295700073 -0.19516925513744354
vn 0.76133936643600464 0.63062596321105957 -0.15057666599750519
vn 0.43324720859527588 -0.42794111371040344 -0.7931981086730957
vn -0.025089111179113388 -0.91628897190093994 0.39973121881484985
vn -0.42813238501548767 0.41547685861587524 0.80254697799682617
vn 0.0051441001705825329 -0.93503093719482422 0.35452878475189209
vn -0.063764795660972595 -0.94430607557296753 0.32283136248588562
vn 0.01537734642624855 -0.93797922134399414 0.34635037183761597
vn -0.84184163808822632 -0.45802080631256104 -0.28551629185676575
vn -0.99309909343719482 0.05127706378698349 0.10547447949647903
vn -0.57580971717834473 -0.71915274858474731 0.38892480731010437
vn -0.61091321706771851 -0.60962027311325073 0.50512188673019409
vn -0.72000652551651001 -0.66472595930099487 0.19932380318641663
vn -0.42135164141654968 -0.79674047231674194 0.43320593237876892
vn -0.41905590891838074 -0.67856454849243164 0.60327631235122681
vn -0.27858796715736389 -0.37117421627044678 -0.88578689098358154
vn -0.22513397037982941 -0.3273158073425293 -0.91770315170288086
vn -0.94571340084075928 -0.045717120170593262 -0.32177028059959412
vn 0.96128338575363159 -0.00044310427620075643 -0.27556130290031433
vn -0.1487477719783783 0.033638108521699905 0.98830288648605347
vn 0.91814446449279785 0.090282194316387177 0.3858235776424408
vn 0.83340907096862793 0.032384380698204041 0.55170696973800659
vn -0.10303815454244614 -0.7820783257484436 -0.61460280418395996
vn 0.038938414305448532 -0.66736143827438354 -0.74371534585952759
vn 0.094125337898731232 -0.50703543424606323 -0.85677039623260498
vn 0.61106723546981812 0.57408344745635986 0.54500007629394531
vn 0.39570352435112 0.78885167837142944 0.47024646401405334
vn 0.39302027225494385 0.84170550107955933 0.37022551894187927
vn 0.14525571465492249 0.57189607620239258 0.80736339092254639
vn -0.10998713970184326 0.23458768427371979 -0.96585267782211304
vn -0.41104152798652649 -0.83329659700393677 -0.36967775225639343
vn -0.62460458278656006 -0.52339965105056763 -0.57958769798278809
vn -0.63252335786819458 -0.50187689065933228 -0.58994388580322266
vn -0.41194620728492737 -0.83088123798370361 -0.3740810751914978
vn -0.23290872573852539 -0.94051235914230347 -0.24736620485782623
vn 0.088942974805831909 0.86446362733840942 -0.49476432800292969
vn 0.1471574455499649 0.88759517669677734 -0.43648535013198853
vn -0.29140105843544006 -0.9091641902923584 -0.29749944806098938
vn 0.074675381183624268 -0.61923164129257202 -0.78164935111999512
vn 0.47817841172218323 0.36832323670387268 -0.79729753732681274
vn 0.053703669458627701 -0.26662099361419678 -0.96230411529541016
vn 0.16636723279953003 -0.5615728497505188 -0.81052935123443604
vn 0.69459682703018188 -0.71939736604690552 -0.001627678400836885
vn -0.08050411194562912 0.92890620231628418 0.36145865917205811
vn -0.044022094458341599 0.91932684183120728 0.39102455973625183
vn 0.10440310835838318 -0.17727962136268616 -0.97860711812973022
vn -0.077415004372596741 -0.72276949882507324 -0.68673950433731079
vn 0.82246410846710205 -0.44010040163993835 -0.3603670597076416
vn 0.82023429870605469 -0.44949522614479065 -0.35379338264465332
vn 0.84387636184692383 -0.39095598459243774 -0.36745896935462952
vn -0.4130670428276062 0.62932020425796509 0.65827929973602295
vn -0.29177901148796082 0.83657580614089966 0.46368736028671265
vn -0.28838741779327393 0.85119926929473877 0.43851169943809509
vn 0.058898832648992538 -0.93425536155700684 -0.35170701146125793
vn 0.019357519224286079 -0.9353974461555481 -0.3530677855014801
vn 0.75694721937179565 0.62426900863647461 -0.19318167865276337
vn -0.17147219181060791 -0.83078843355178833 -0.52951657772064209
vn -0.8805687427520752 0.46170410513877869 0.1069016233086586
vn -0.93953311443328857 0.28207382559776306 0.19419556856155396
vn -0.73475569486618042 0.55101865530014038 0.3956165611743927
vn -0.76484596729278564 0.51241832971572876 0.39043328166007996
vn -0.78347790241241455 0.62141835689544678 0.001263853395357728
vn -0.26115399599075317 -0.0072235297411680222 -0.96527010202407837
vn -0.68181335926055908 0.056664425879716873 -0.7293282151222229
vn 0.28581145405769348 -0.0025884881615638733 0.95828235149383545
vn 0.29937571287155151 -0.77796882390975952 0.55239361524581909
vn 0.39961478114128113 -0.5876690149307251 0.70352911949157715
vn 0.24526070058345795 -0.71093255281448364 -0.6591070294380188
vn -0.0041032275184988976 -0.30807369947433472 -0.95135366916656494
vn 0.48879021406173706 -0.39823749661445618 -0.7762029767036438
vn 0.43780836462974548 -0.19680866599082947 -0.87726289033889771
vn -0.26978805661201477 0.1294277161359787 -0.95418179035186768
vn 0.052465766668319702 0.84971022605895996 0.52463304996490479
vn -0.3253401517868042 0.77101796865463257 0.54743504524230957
vn -0.46115872263908386 0.75765055418014526 0.46184220910072327
vn -0.35496699810028076 0.10002018511295319 -0.92951297760009766
vn -0.026683371514081955 -0.39908194541931152 0.9165269136428833
vn 0.18831241130828857 -0.82387298345565796 0.53457623720169067
vn 0.18094806373119354 -0.83485233783721924 0.51988399028778076
vn 0.72652250528335571 -0.26174265146255493 0.63533914089202881
vn 0.14841464161872864 -0.91066640615463257 -0.3855641782283783
vn 0.25604191422462463 -0.91745847463607788 -0.30448731780052185
vn 0.11032821983098984 -0.82898199558258057 -0.54828506708145142
vn -0.038531579077243805 0.27302002906799316 -0.96123635768890381
vn 0.056031398475170135 0.45297721028327942 -0.8897596001625061
vn 0.22567121684551239 0.26009806990623474 -0.93884050846099854
vn -0.3246498703956604 -0.93270528316497803 -0.15704560279846191
vn 0.44080537557601929 0.88601213693618774 0.14378133416175842
vn 0.056666474789381027 0.61652648448944092 -0.78529226779937744
vn 0.44938269257545471 0.85395079851150513 -0.26234176754951477
vn 0.30085277557373047 0.85478889942169189 -0.42287537455558777
vn -0.0076871835626661777 -0.9275779128074646 0.37355062365531921
vn 0.034259412437677383 -0.93000292778015137 0.36595192551612854
vn 0.039520774036645889 -0.926780104637146 0.37351945042610168
vn 0.024568267166614532 -0.9368363618850708 0.3489040732383728
vn -0.0067683388479053974 -0.73849326372146606 -0.67422688007354736
vn 0.17111337184906006 0.018637266010046005 -0.98507505655288696
vn 0.046511553227901459 0.23206701874732971 -0.97158712148666382
vn 0.0685611292719841 0.98551487922668457 -0.15511225163936615
vn 0.062773913145065308 0.98642760515213013 -0.15172329545021057
vn 0.10353156924247742 0.98215603828430176 -0.15700545907020569
vn 1 0 0
vn -0.40497115254402161 -0.63704228401184082 0.65587764978408813
vn -0.69981634616851807 0.047221086919307709 0.712760329246521
vn 0.33385598659515381 -0.67711925506591797 0.65578174591064453
vn -0.099558845162391663 -0.073062017560005188 -0.99234569072723389
vn 0.97152525186538696 -0.23675906658172607 -0.0091572143137454987
vn -0.54719638824462891 -0.59933674335479736 0.58427011966705322
vn -0.65267258882522583 -0.70365250110626221 0.28087657690048218
vn 0.97435027360916138 -0.10675811767578125 0.19810162484645844
vn -0.33075425028800964 -0.90469259023666382 -0.26857584714889526
vn -0.290088951587677 0.82052284479141235 -0.49253490567207336
vn -0.40083229541778564 0.89964228868484497 -0.17313915491104126
vn -0.40076017379760742 0.86437368392944336 -0.30372589826583862
vn -0.78084677457809448 -0.62472259998321533 -1.2860720062235487E-06
vn -0.78084850311279297 -0.62472045421600342 1.4182795666783932E-06
vn -0.78085333108901978 -0.6247144341468811 2.4407613636867609E-06
vn -0.19015587866306305 -0.81961655616760254 -0.54043447971343994
vn -0.3333967924118042 0.0020765820518136024 -0.94278430938720703
vn -0.76324540376663208 -0.045170266181230545 -0.6445278525352478
vn 0.13809938728809357 0.0105902049690485 0.99036175012588501
vn 0.52988648414611816 0.14160540699958801 0.83616280555725098
vn 0.26553785800933838 0.01208192203193903 0.96402472257614136
vn 0.30462384223937988 0.76753658056259155 0.56399637460708618
vn 0.20825424790382385 0.82730376720428467 0.52172654867172241
vn 0.9982074499130249 0.0046945102512836456 -0.059664446860551834
vn 0 -1 0
vn 0.1239316388964653 0.88873648643493652 -0.44134840369224548
vn 0.82517313957214355 0.4818091094493866 -0.29487159848213196
vn 0.63062983751296997 0.71928024291992188 -0.29144808650016785
vn 0.7218976616859436 0.6524544358253479 -0.23057977855205536
vn -0.27072480320930481 -0.39092758297920227 -0.87970662117004395
vn 0.44717502593994141 0.47838184237480164 -0.75576800107955933
vn -0.56808465719223022 -0.16461554169654846 -0.80633836984634399
vn -0.905079185962677 -0.0016518568154424429 -0.42523986101150513
vn -0.85680598020553589 -0.43070819973945618 -0.28350308537483215
vn -0.077264122664928436 -0.91896498203277588 -0.38669580221176147
vn -0.061715748161077499 -0.92475801706314087 -0.37551802396774292
vn -0.082671768963336945 -0.93489301204681396 -0.34516727924346924
vn 0.037079837173223495 -0.88286823034286499 0.4681546688079834
vn -0.035676639527082443 -0.93114620447158813 -0.36289665102958679
vn -0.054201897233724594 -0.91239804029464722 -0.40569940209388733
vn -0.12273866683244705 -0.89576560258865356 -0.42724612355232239
vn -0.025530284270644188 -0.93224841356277466 -0.36091703176498413
vn 0.62217676639556885 0.5507889986038208 0.55635195970535278
vn 0.88124948740005493 0.25811925530433655 -0.39594674110412598
vn -0.45876020193099976 -0.85245692729949951 0.25071150064468384
vn 0.33738109469413757 -0.89105850458145142 0.30362591147422791
vn 0.046472605317831039 -0.92118024826049805 0.38635122776031494
vn -0.061830513179302216 -0.84510910511016846 0.53100615739822388
vn -0.059206720441579819 -0.95938390493392944 -0.27582073211669922
vn -0.17218069732189178 -0.83513087034225464 -0.52240806818008423
vn -0.097229346632957458 -0.90223878622055054 -0.42013287544250488
vn 0.2497573047876358 0.89911133050918579 0.35947200655937195
vn 0.20416557788848877 0.92100656032562256 0.33175799250602722
vn 0.30052480101585388 0.89785116910934448 0.32178893685340881
vn 0.65653365850448608 0.5746992826461792 0.48855328559875488
vn 0.10198245942592621 0.71390050649642944 0.69278109073638916
vn 0.042150929570198059 0.92413091659545898 0.37974384427070618
vn 0.144158735871315 0.89003598690032959 -0.43249768018722534
vn 0.22455619275569916 -0.97445416450500488 0.0036923920270055532
vn 0.4643307626247406 -0.86540937423706055 -0.18831755220890045
vn 0.45207270979881287 -0.80042809247970581 -0.3936307430267334
vn -0.16460107266902924 -0.9863361120223999 0.0068940641358494759
vn -0.74975693225860596 -0.66168689727783203 -0.0059130252338945866
vn -0.7274201512336731 -0.68619239330291748 -1.3280607163324021E-05
vn -0.95297282934188843 0.30302006006240845 -0.0046526831574738026
vn 0.37407433986663818 -0.84290498495101929 0.38675516843795776
vn -0.31568551063537598 -0.38820019364356995 -0.86581945419311523
vn -0.1718757152557373 -0.54272329807281494 -0.82213753461837769
vn -0.43521285057067871 -0.38785621523857117 0.81250065565109253
vn -0.43571972846984863 -0.38314715027809143 0.8144608736038208
vn 0.40377774834632874 -0.082258470356464386 -0.91115152835845947
vn 0.8547823429107666 -0.51898115873336792 -0.0023912976030260324
vn 0.54855328798294067 -0.83607149124145508 -0.0085889985784888268
vn 0.9788244366645813 -0.20448146760463715 -0.0094872796908020973
vn 0.96116793155670166 -0.097256183624267578 0.25825837254524231
vn 0.9974285364151001 0.019240790978074074 0.069036826491355896
vn 0.98095047473907471 -0.10615656524896622 0.16268673539161682
vn 0.078414462506771088 -0.05682016909122467 -0.99530029296875
vn 0.16463960707187653 -0.87836867570877075 -0.44873404502868652
vn -0.092494100332260132 0.55438601970672607 0.82710397243499756
vn 0.24225178360939026 0.057759083807468414 0.96849262714385986
vn -0.85008668899536133 -0.23538391292095184 -0.47111248970031738
vn -0.91163349151611328 0.017681360244750977 -0.41062363982200623
vn -0.90154355764389038 0.43166640400886536 -0.029721498489379883
vn 0.43308055400848389 0.90130317211151123 -0.0096885440871119499
vn -0.30580362677574158 0.93822604417800903 -0.16191349923610687
vn -0.58964651823043823 -0.52924805879592896 -0.61009299755096436
vn -0.40247297286987305 0.748066246509552 -0.52764797210693359
vn -0.23569293320178986 -0.96178287267684937 -0.13936460018157959
vn -0.44555655121803284 0.85756784677505493 -0.2570151686668396
vn -0.018340246751904488 0.93225610256195068 -0.36133384704589844
vn -0.081096172332763672 0.80949002504348755 0.58150613307952881
vn 0.045841213315725327 0.92179161310195923 0.38496604561805725
vn 0 1 0
vn -0.15006242692470551 0.8894728422164917 0.43164724111557007
vn -0.9999890923500061 -0.0037925571668893099 0.0027347912546247244
vn -0.018459923565387726 0.58904653787612915 -0.8078882098197937
vn 0.043248459696769714 -0.93208909034729004 0.35963797569274902
vn 1 -1.4255737701418525E-09 -6.7567401629275992E-07
vn 0.27010327577590942 -0.32037585973739624 -0.90796667337417603
vn 0.24727457761764526 0.8690718412399292 -0.42844998836517334
vn -0.074254356324672699 4.9877402489073575E-05 -0.99723935127258301
vn -0.78085124492645264 -0.62471699714660645 -8.1812714824991417E-07
vn -0.29437059164047241 -0.022940672934055328 -0.95541596412658691
vn 0.096864946186542511 0.86529511213302612 -0.49181452393531799
vn 0.68974024057388306 0.62396067380905151 -0.36733022332191467
vn 0.96566003561019897 0.014375343918800354 -0.25941091775894165
vn 0.91238921880722046 0.33794006705284119 -0.23095971345901489
vn 0.17372892796993256 0.86252546310424805 -0.4752558171749115
vn 0.14809918403625488 0.92274016141891479 -0.35583314299583435
vn 0 -1 0
vn 0 -1 0
vn 0.031074989587068558 0.94490468502044678 0.32586732506752014
vn 0.76501935720443726 -0.63112556934356689 -0.12816378474235535
vn -0.2373884916305542 0.34866240620613098 -0.90668696165084839
vn -0.22764541208744049 0.97249144315719604 -0.049376066774129868
vn -0.12117255479097366 0.92081069946289062 0.37070861458778381
vn -0.16435609757900238 0.91072869300842285 0.37889349460601807
vn -0.24012450873851776 0.87980872392654419 0.41021561622619629
vn -0.074240647256374359 -5.1955498747702222E-06 -0.99724036455154419
vn -0.07424907386302948 -3.0094988687778823E-05 -0.99723970890045166
vn -0.07422453910112381 0 -0.9972415566444397
vn -0.10394645482301712 0.92581468820571899 0.36340376734733582
vn 0.32025450468063354 -0.90921592712402344 0.26601395010948181
vn -0.63745778799057007 0.62804388999938965 -0.44632771611213684
vn -0.56976896524429321 -0.7933233380317688 0.21447937190532684
vn 0.1188235878944397 -0.92943626642227173 -0.34932669997215271
vn 0.033645074814558029 -0.85858505964279175 -0.51156598329544067
vn -0.37113261222839355 0.90350204706192017 -0.21434694528579712
vn -0.24006167054176331 0.82906317710876465 -0.50499963760375977
vn 0.3285406231880188 -0.0072018909268081188 0.9444623589515686
vn -0.098769344389438629 0.80619174242019653 -0.58335191011428833
vn 0.5135798454284668 -0.00035131725599057972 0.85804176330566406
vn 0.43231719732284546 1.2201223398733418E-05 0.90172159671783447
vn 0.5372505784034729 0.00030284989043138921 0.84342259168624878
vn -0.66543090343475342 0.47801879048347473 -0.57332342863082886
vn -0.70948058366775513 0.33968731760978699 -0.61745434999465942
vn -0.58513385057449341 0.63537323474884033 -0.50390398502349854
vn 0.081941559910774231 -0.84990620613098145 0.52052384614944458
vn 0.15556627511978149 -0.86082935333251953 0.48453271389007568
vn 0.055238321423530579 -0.90474593639373779 0.42235478758811951
vn 0.65685522556304932 0.75270253419876099 -0.04449869692325592
vn -0.01287478394806385 0.0013619712553918362 -0.9999161958694458
vn 0.68367761373519897 0.70685011148452759 0.18151545524597168
vn 0.45112010836601257 0.56445395946502686 -0.69129037857055664
vn -0.010250354185700417 0.99203205108642578 -0.12556828558444977
vn 0.097245022654533386 0.24103118479251862 -0.96563315391540527
vn 0.18780449032783508 0.82953166961669922 -0.52593404054641724
vn 0.19082821905612946 0.82612162828445435 -0.53019583225250244
vn 0.28639435768127441 0.66973274946212769 -0.68515419960021973
vn -0.25433573126792908 -0.96679794788360596 -0.024800499901175499
vn 0.87940883636474609 0.30980852246284485 -0.36146759986877441
vn 0.89765685796737671 0.24656873941421509 -0.36526158452033997
vn 0.86493116617202759 0.34836146235466003 -0.36130094528198242
vn -0.93604803085327148 -0.060749124735593796 -0.34658855199813843
vn -0.87414807081222534 0.028420649468898773 -0.48482716083526611
vn 0.22957015037536621 0.7509111762046814 -0.61921721696853638
vn -0.19023436307907104 -0.92632418870925903 0.3251681923866272
vn 0.83789026737213135 0.50037211179733276 -0.21810004115104675
vn 0.95164346694946289 0.28818792104721069 -0.10640681535005569
vn -0.17591066658496857 -0.45645782351493835 -0.87218213081359863
vn -0.20900806784629822 -0.36585047841072083 -0.90690082311630249
vn -0.16719706356525421 -0.34531837701797485 -0.92347192764282227
vn 0.054603144526481628 -0.8478386402130127 0.52743542194366455
vn -0.08357594907283783 -0.32064440846443176 -0.94350528717041016
vn -0.078413024544715881 -0.26591712236404419 -0.96080148220062256
vn 0.43231874704360962 -1.2179659279354382E-05 0.90172088146209717
vn 0.5134352445602417 0.00035354765714146197 0.85812824964523315
vn 0.53479182720184326 -0.00027063762536272407 0.84498381614685059
vn -0.097137324512004852 -0.93595981597900391 -0.33844280242919922
vn 0.41930904984474182 -0.63363093137741089 -0.65014749765396118
vn 0.43945389986038208 0.040849585086107254 -0.89733582735061646
vn -0.31346645951271057 -0.72068202495574951 -0.61834961175918579
vn -0.28780308365821838 -0.70936483144760132 -0.6434057354927063
vn -0.48922756314277649 -0.77911347150802612 -0.39196762442588806
vn 0.37974897027015686 0.0042044222354888916 -0.92508000135421753
vn 0.20634613931179047 -0.96008813381195068 -0.18881738185882568
vn 0.18106177449226379 -0.97035658359527588 -0.16007740795612335
vn 0.26291468739509583 -0.94136816263198853 -0.21142815053462982
vn -0.5882222056388855 0.5254397988319397 0.61474192142486572
vn 0.89958566427230835 -0.0028330984059721231 0.43673521280288696
vn -0.84117382764816284 -0.5219954252243042 -0.14123499393463135
vn -0.010284753516316414 -0.93657910823822021 -0.35030531883239746
vn -0.53927338123321533 0.83761477470397949 -0.087095633149147034
vn -0.18486914038658142 -0.84654653072357178 -0.49918174743652344
vn -0.78085529804229736 0.62471199035644531 -1.0187343377765501E-06
vn -1 0 0
vn 0.28641238808631897 0.013661516830325127 0.95800900459289551
vn 0.53088289499282837 -0.81604850292205811 -0.22853483259677887
vn -0.0553755983710289 0.92799395322799683 -0.36845722794532776
vn 0.36132189631462097 0.93244117498397827 -4.3999165200148127E-07
vn -0.67925500869750977 0.56976276636123657 -0.46258297562599182
vn 0.1095770001411438 -0.91024923324584961 0.39929845929145813
vn 0.031314942985773087 -0.95169734954833984 0.30543658137321472
vn -0.21221429109573364 0.0026728217490017414 -0.97721952199935913
vn 0 1 0
vn -0.00022336315305437893 -0.00018242612713947892 -0.99999994039535522
vn -0.36792954802513123 -0.0012666546972468495 -0.92985278367996216
vn 0.13954247534275055 0.91651809215545654 -0.37486326694488525
vn 0.70142614841461182 0.69254297018051147 0.16848035156726837
vn -0.44750562310218811 0.80864441394805908 -0.38188073039054871
vn 0.10520885139703751 0.98173117637634277 -0.15854021906852722
vn -0.45061153173446655 -0.88792777061462402 -0.092377148568630219
vn -0.31358826160430908 -0.9486396312713623 -0.041776541620492935
vn -0.45136618614196777 -0.12117762118577957 0.88407272100448608
vn -0.34773284196853638 -0.39836445450782776 0.84875655174255371
vn 0.098876595497131348 -0.020874215289950371 0.99488073587417603
vn -0.25363588333129883 -0.87882477045059204 0.40414831042289734
vn -0.36470499634742737 -0.70861238241195679 0.60403537750244141
vn -0.32908210158348083 -0.61654794216156006 0.71524375677108765
vn -0.86180967092514038 -0.45470491051673889 0.22478319704532623
vn -0.87669855356216431 -0.46911764144897461 0.10643456131219864
vn -8.9399136413703673E-06 -1.1709600585163571E-05 1
vn -0.18535678088665009 -0.32711085677146912 -0.92662900686264038
vn -0.69314092397689819 0.024078771471977234 -0.72039979696273804
vn -0.093297563493251801 -0.92904990911483765 -0.35799703001976013
vn 0.73236465454101562 0.13780759274959564 0.66682159900665283
vn 0.079243578016757965 0.90258461236953735 0.42315655946731567
vn 0 -1 0
vn -0.99999046325683594 0.0035292096436023712 0.0025738561525940895
vn 0.27573353052139282 -0.6244245171546936 -0.73079752922058105
vn 0.99480479955673218 -0.10179639607667923 0.00097056309459730983
vn -0.18039233982563019 -0.98358428478240967 -0.0045305476523935795
vn 0.9782140851020813 0.20759382843971252 0.0014160475693643093
vn -0.27516591548919678 0.88980090618133545 -0.36405777931213379
vn 0.11313679814338684 -0.98111772537231445 -0.15686966478824615
vn -0.087296657264232635 0.92827779054641724 0.36149632930755615
vn -0.25903108716011047 0.71120238304138184 0.65352433919906616
vn -0.79717499017715454 0.49516454339027405 0.34543323516845703
vn -0.8105546236038208 0.45877918601036072 0.36403694748878479
vn -0.83781278133392334 0.41837003827095032 0.35076525807380676
vn -0.87496304512023926 0.47569993138313293 -0.090273246169090271
vn -0.11660145968198776 -0.92292577028274536 0.36689522862434387
vn -0.16694580018520355 -0.90952217578887939 0.38065531849861145
vn -0.002525942400097847 0.93817448616027832 -0.34615349769592285
vn 0.10547439008951187 -0.83507812023162842 0.53992557525634766
vn 0.86344951391220093 0.48596468567848206 -0.13525250554084778
vn -0.2588382363319397 0 -0.96592068672180176
vn 0.7254367470741272 -2.3494854758610018E-05 -0.68828886747360229
vn -0.68828272819519043 1.6077091657962228E-08 -0.72544258832931519
vn -0.72539758682250977 6.9430657276825514E-06 0.68833011388778687
vn -0.72539746761322021 -6.9359734879981261E-06 0.68833023309707642
vn -0.71568924188613892 0.1525338888168335 -0.68155872821807861
vn 0.72598862648010254 -0.0036091485526412725 0.68769723176956177
vn 0.36859181523323059 -0.021585039794445038 0.92934072017669678
vn 0.95481204986572266 -0.092263631522655487 -0.28252685070037842
vn 0.1826925128698349 0.0015132683329284191 0.98316895961761475
vn 0.54750198125839233 -0.8062252402305603 -0.22414837777614594
vn -0.073119230568408966 0.92572849988937378 -0.37105304002761841
vn -0.47729659080505371 0.72045713663101196 -0.50311976671218872
vn -0.064930304884910583 0.90620678663253784 -0.41781970858573914
vn 0.34285721182823181 -0.281434565782547 0.89623856544494629
vn 0.68199449777603149 -7.6627105727311573E-07 0.73135727643966675
vn 0.32408419251441956 0.94424647092819214 0.05803520604968071
vn 0.42161092162132263 -0.83864527940750122 0.34484538435935974
vn 0.074881009757518768 -0.9313359260559082 0.35637935996055603
vn -0.62337368726730347 0.0035154614597558975 -0.78191614151000977
vn 0.85923385620117188 0.51109218597412109 0.022405693307518959
vn 0.040242709219455719 -0.95267540216445923 0.30131402611732483
vn -0.55607503652572632 -0.81518453359603882 0.16203323006629944
vn 0.21839357912540436 -0.63228648900985718 0.74331557750701904
vn 0.9312397837638855 -0.0081371171399950981 -0.3643161952495575
vn 0.93968701362609863 0 -0.34203553199768066
vn -0.93969255685806274 0 0.34202033281326294
vn -0.41046813130378723 0.0067979544401168823 0.91184961795806885
vn -0.71867889165878296 -0.14328299462795258 -0.6804194450378418
vn 0.323476642370224 8.966222230810672E-05 0.94623613357543945
vn 0.27102446556091309 0.92901092767715454 0.25196120142936707
vn 0.084596782922744751 0.0023457547649741173 0.99641251564025879
vn -0.47727558016777039 -0.7204972505569458 -0.50308221578598022
vn -0.70216566324234009 -0.18452313542366028 -0.68768787384033203
vn -0.13316859304904938 0.5791277289390564 0.80428677797317505
vn -0.054722532629966736 -0.28431335091590881 0.95716840028762817
vn 0.20982876420021057 0.8681790828704834 0.44970768690109253
vn 0.68199795484542847 -9.6374762392770208E-08 0.73135411739349365
vn 0.34151574969291687 -0.93777561187744141 0.062800012528896332
vn 0.37975162267684937 0.84559106826782227 0.37518590688705444
vn 0.22567097842693329 0.90475338697433472 0.36123949289321899
vn -0.029773429036140442 0.61073410511016846 0.79127579927444458
vn 0.43399456143379211 -0.82376378774642944 -0.36477652192115784
vn 0.94858372211456299 -0.26366913318634033 0.1751214861869812
vn 0.89957588911056519 -0.42997109889984131 0.076733581721782684
vn -0.44618174433708191 -0.051587004214525223 0.89345431327819824
vn 0.37593767046928406 0.6983686089515686 0.60905838012695312
vn 0.038642682135105133 -0.99917608499526978 0.012404590845108032
vn -0.11557266116142273 0.60765808820724487 -0.78574466705322266
vn 0.41088870167732239 0.88086408376693726 -0.23505091667175293
vn 0.52127718925476074 0.78018796443939209 -0.34579882025718689
f 32//32 33//33 34//34
f 35//35 36//36 37//37
f 38//38 39//39 40//40
f 41//41 42//42 39//39
f 42//42 40//40 39//39
f 43//43 44//44 45//45
f 46//46 47//47 48//48
f 49//49 48//48 47//47
f 51//51 2585//2585 52//52 50//50
f 53//53 54//54 55//55
f 56//56 53//53 55//55
f 56//56 57//57 53//53
f 58//58 59//59 60//60
f 61//61 62//62 63//63
f 64//64 65//65 66//66
f 67//67 68//68 69//69
f 70//70 71//71 72//72
f 73//73 71//71 70//70
f 74//74 75//75 71//71
f 74//74 67//67 69//69
f 75//75 74//74 76//76
f 71//71 75//75 77//77
f 77//77 72//72 71//71
f 77//77 78//78 79//79
f 80//80 81//81 82//82
f 83//83 80//80 82//82
f 84//84 85//85 86//86
f 87//87 84//84 86//86
f 88//88 89//89 87//87
f 90//90 91//91 92//92
f 93//93 94//94 95//95
f 96//96 97//97 98//98
f 96//96 99//99 100//100
f 101//101 102//102 96//96
f 96//96 98//98 99//99
f 103//103 104//104 105//105
f 106//106 107//107 108//108
f 109//109 110//110 111//111
f 112//112 113//113 114//114
f 110//110 115//115 111//111
f 114//114 121//121 111//111 115//115
f 114//114 113//113 116//116
f 117//117 118//118 119//119
f 116//116 120//120 114//114
f 119//119 120//120 117//117
f 119//119 114//114 120//120
f 114//114 119//119 122//122
f 114//114 122//122 123//123
f 121//121 114//114 123//123
f 124//124 125//125 126//126
f 124//124 126//126 127//127
f 127//127 128//128 124//124
f 129//129 130//130 131//131
f 132//132 133//133 134//134
f 135//135 132//132 134//134
f 136//136 132//132 135//135
f 136//136 137//137 138//138
f 139//139 140//140 141//141
f 138//138 139//139 141//141
f 144//144 3082//3082 142//142 143//143
f 145//145 146//146 147//147
f 145//145 148//148 146//146
f 149//149 148//148 150//150
f 149//149 151//151 146//146
f 146//146 148//148 149//149
f 153//153 2974//2974 154//154 152//152
f 155//155 156//156 157//157
f 156//156 155//155 158//158
f 159//159 160//160 161//161
f 158//158 160//160 159//159
f 163//163 153//153 152//152 162//162
f 164//164 162//162 152//152
f 165//165 164//164 157//157
f 156//156 166//166 165//165
f 159//159 167//167 168//168
f 159//159 168//168 169//169
f 170//170 171//171 172//172
f 173//173 174//174 175//175
f 176//176 173//173 175//175
f 175//175 172//172 177//177
f 178//178 179//179 180//180
f 181//181 180//180 182//182
f 183//183 184//184 185//185
f 186//186 187//187 188//188
f 188//188 187//187 190//190 189//189
f 189//189 191//191 188//188
f 192//192 193//193 188//188
f 196//196 198//198 194//194 195//195
f 197//197 198//198 199//199
f 197//197 199//199 200//200
f 201//201 197//197 202//202
f 205//205 3083//3083 203//203 204//204
f 204//204 206//206 205//205
f 202//202 197//197 206//206
f 202//202 207//207 201//201
f 207//207 202//202 208//208
f 209//209 210//210 211//211
f 209//209 207//207 208//208
f 212//212 211//211 213//213
f 212//212 214//214 215//215
f 214//214 212//212 213//213
f 210//210 209//209 208//208
f 216//216 217//217 214//214
f 214//214 213//213 216//216
f 218//218 213//213 211//211
f 221//221 3084//3084 219//219 220//220
f 224//224 3085//3085 222//222 223//223
f 225//225 223//223 222//222
f 226//226 223//223 225//225
f 225//225 227//227 226//226
f 228//228 225//225 229//229
f 230//230 231//231 227//227
f 233//233 3086//3086 232//232 231//231
f 233//233 231//231 230//230
f 230//230 234//234 235//235
f 225//225 230//230 227//227
f 230//230 225//225 234//234
f 236//236 234//234 228//228
f 237//237 238//238 236//236
f 238//238 239//239 236//236
f 237//237 236//236 240//240
f 239//239 241//241 234//234
f 234//234 241//241 242//242
f 242//242 243//243 234//234
f 239//239 234//234 236//236
f 225//225 228//228 234//234
f 244//244 245//245 246//246
f 245//245 244//244 247//247
f 248//248 249//249 250//250
f 250//250 3087//3087 251//251 248//248
f 252//252 253//253 254//254
f 255//255 253//253 256//256
f 256//256 257//257 255//255
f 258//258 259//259 260//260
f 260//260 261//261 258//258
f 262//262 263//263 264//264
f 264//264 263//263 265//265
f 265//265 266//266 264//264
f 267//267 268//268 269//269
f 270//270 267//267 269//269
f 273//273 3088//3088 271//271 272//272
f 274//274 275//275 276//276
f 275//275 274//274 277//277
f 278//278 279//279 280//280
f 279//279 281//281 282//282
f 282//282 283//283 279//279
f 279//279 284//284 285//285
f 286//286 287//287 288//288
f 289//289 290//290 291//291
f 290//290 289//289 292//292
f 293//293 289//289 291//291
f 294//294 295//295 296//296
f 297//297 298//298 299//299
f 297//297 299//299 300//300
f 302//302 299//299 298//298 301//301
f 303//303 3091//3091 301//301 298//298
f 298//298 297//297 304//304 303//303
f 300//300 305//305 306//306
f 307//307 304//304 297//297
f 308//308 309//309 310//310
f 311//311 312//312 313//313
f 313//313 310//310 309//309 314//314
f 315//315 313//313 314//314
f 318//318 2808//2808 316//316 317//317
f 318//318 317//317 319//319
f 308//308 318//318 320//320
f 321//321 322//322 309//309
f 320//320 321//321 308//308
f 310//310 313//313 323//323
f 314//314 324//324 315//315
f 324//324 325//325 315//315
f 326//326 318//318 319//319
f 320//320 318//318 326//326
f 327//327 328//328 329//329
f 328//328 327//327 330//330
f 331//331 328//328 330//330
f 333//333 336//336 334//334 332//332
f 333//333 341//341 335//335 336//336
f 337//337 338//338 339//339
f 340//340 341//341 338//338
f 342//342 343//343 344//344
f 345//345 346//346 347//347
f 344//344 345//345 347//347
f 350//350 351//351 348//348 349//349
f 353//353 348//348 351//351 352//352
f 354//354 355//355 356//356
f 357//357 358//358 359//359
f 360//360 359//359 358//358
f 360//360 358//358 361//361
f 362//362 359//359 363//363
f 364//364 365//365 366//366
f 364//364 367//367 368//368
f 367//367 369//369 370//370
f 371//371 372//372 373//373
f 376//376 378//378 374//374 375//375
f 377//377 378//378 379//379
f 380//380 374//374 378//378
f 381//381 379//379 375//375
f 378//378 382//382 380//380
f 379//379 383//383 377//377
f 384//384 385//385 386//386
f 387//387 388//388 389//389
f 390//390 389//389 391//391
f 392//392 389//389 388//388
f 393//393 391//391 394//394
f 395//395 396//396 397//397
f 391//391 398//398 390//390
f 399//399 388//388 400//400
f 401//401 399//399 400//400
f 390//390 387//387 389//389
f 402//402 388//388 387//387
f 403//403 404//404 405//405
f 404//404 406//406 405//405
f 407//407 406//406 404//404
f 405//405 406//406 408//408
f 411//411 3094//3094 409//409 410//410
f 412//412 413//413 414//414
f 413//413 412//412 415//415
f 416//416 417//417 418//418
f 417//417 416//416 419//419
f 420//420 421//421 422//422
f 424//424 3034//3034 425//425 423//423
f 427//427 2935//2935 426//426 425//425
f 428//428 429//429 430//430
f 431//431 432//432 433//433
f 431//431 434//434 435//435
f 436//436 437//437 438//438
f 437//437 439//439 438//438
f 437//437 436//436 440//440
f 441//441 442//442 443//443
f 444//444 445//445 446//446
f 447//447 448//448 449//449
f 450//450 451//451 452//452
f 452//452 453//453 450//450
f 454//454 455//455 456//456
f 455//455 450//450 453//453
f 457//457 450//450 458//458
f 450//450 455//455 458//458
f 459//459 460//460 461//461
f 462//462 461//461 460//460
f 463//463 464//464 465//465
f 466//466 465//465 464//464
f 464//464 463//463 467//467
f 468//468 469//469 470//470
f 471//471 468//468 470//470
f 473//473 477//477 474//474 472//472
f 472//472 474//474 475//475
f 476//476 477//477 478//478
f 481//481 483//483 479//479 480//480
f 481//481 484//484 482//482 483//483
f 486//486 2819//2819 487//487 485//485
f 487//487 2819//2819 488//488 489//489
f 492//492 495//495 490//490 491//491
f 494//494 490//490 495//495 493//493
f 496//496 497//497 498//498
f 499//499 498//498 500//500
f 499//499 3096//3096 496//496 498//498
f 501//501 502//502 503//503
f 504//504 505//505 506//506
f 509//509 2599//2599 507//507 508//508
f 510//510 509//509 508//508
f 512//512 2600//2600 507//507 511//511
f 513//513 514//514 510//510
f 515//515 513//513 516//516
f 514//514 513//513 515//515
f 515//515 517//517 514//514
f 517//517 509//509 514//514
f 518//518 519//519 520//520
f 521//521 522//522 523//523
f 520//520 524//524 525//525
f 519//519 526//526 520//520
f 527//527 519//519 518//518
f 528//528 529//529 530//530
f 531//531 532//532 533//533
f 535//535 3097//3097 536//536 534//534
f 537//537 538//538 539//539
f 540//540 541//541 542//542
f 543//543 542//542 539//539
f 544//544 545//545 546//546
f 547//547 548//548 549//549
f 550//550 551//551 552//552
f 553//553 554//554 555//555
f 556//556 557//557 555//555
f 556//556 558//558 557//557
f 553//553 559//559 554//554
f 560//560 550//550 561//561
f 558//558 562//562 557//557
f 553//553 557//557 559//559
f 564//564 3035//3035 565//565 563//563
f 563//563 566//566 567//567
f 568//568 569//569 570//570
f 570//570 571//571 568//568
f 572//572 573//573 574//574
f 575//575 576//576 577//577
f 578//578 583//583 576//576 575//575
f 579//579 580//580 581//581
f 582//582 583//583 579//579
f 584//584 582//582 585//585
f 586//586 584//584 585//585
f 578//578 580//580 579//579
f 587//587 588//588 589//589
f 587//587 589//589 590//590
f 587//587 590//590 591//591
f 593//593 2547//2547 594//594 592//592
f 594//594 595//595 592//592
f 597//597 2547//2547 593//593 596//596
f 594//594 598//598 595//595
f 599//599 600//600 601//601
f 602//602 601//601 600//600
f 603//603 604//604 605//605
f 606//606 607//607 608//608
f 609//609 610//610 611//611
f 611//611 612//612 613//613
f 611//611 613//613 609//609
f 616//616 618//618 614//614 615//615
f 616//616 617//617 618//618
f 619//619 620//620 621//621
f 620//620 619//619 622//622
f 623//623 620//620 624//624
f 625//625 626//626 627//627
f 628//628 629//629 626//626
f 630//630 631//631 632//632
f 631//631 633//633 634//634
f 631//631 634//634 632//632
f 635//635 636//636 637//637
f 638//638 636//636 635//635
f 639//639 640//640 641//641
f 642//642 641//641 640//640
f 643//643 640//640 639//639
f 644//644 645//645 646//646
f 647//647 648//648 649//649
f 650//650 651//651 652//652
f 655//655 3100//3100 653//653 654//654
f 656//656 657//657 658//658
f 659//659 660//660 661//661
f 660//660 659//659 662//662
f 663//663 664//664 665//665
f 667//667 3039//3039 664//664 666//666
f 666//666 3101//3101 668//668 667//667
f 669//669 670//670 671//671
f 672//672 673//673 670//670
f 671//671 670//670 673//673
f 674//674 671//671 675//675
f 676//676 677//677 678//678
f 679//679 680//680 681//681
f 682//682 679//679 681//681
f 683//683 684//684 685//685
f 686//686 687//687 688//688
f 687//687 686//686 689//689 690//690
f 691//691 692//692 693//693
f 694//694 695//695 691//691
f 696//696 695//695 694//694
f 691//691 693//693 694//694
f 698//698 3042//3042 699//699 697//697
f 700//700 701//701 702//702
f 700//700 703//703 701//701
f 704//704 705//705 706//706
f 707//707 708//708 709//709
f 710//710 711//711 712//712
f 713//713 707//707 714//714
f 707//707 709//709 710//710 714//714
f 714//714 710//710 712//712
f 715//715 716//716 717//717
f 718//718 715//715 719//719
f 717//717 720//720 719//719
f 721//721 717//717 716//716
f 722//722 719//719 723//723
f 724//724 725//725 715//715
f 715//715 726//726 724//724
f 727//727 728//728 729//729
f 726//726 718//718 728//728
f 726//726 715//715 718//718
f 730//730 731//731 732//732
f 733//733 734//734 735//735
f 736//736 737//737 738//738
f 739//739 740//740 741//741
f 742//742 741//741 740//740 743//743
f 744//744 745//745 746//746
f 746//746 745//745 747//747
f 748//748 749//749 750//750
f 750//750 751//751 748//748
f 751//751 752//752 748//748
f 753//753 754//754 755//755
f 756//756 753//753 755//755
f 757//757 758//758 759//759
f 759//759 760//760 757//757
f 761//761 762//762 763//763
f 764//764 762//762 761//761
f 765//765 766//766 767//767
f 765//765 768//768 769//769
f 770//770 771//771 772//772
f 773//773 770//770 772//772
f 774//774 775//775 776//776
f 776//776 775//775 777//777
f 778//778 779//779 780//780
f 778//778 780//780 781//781
f 779//779 782//782 780//780
f 783//783 784//784 785//785
f 786//786 787//787 788//788
f 789//789 790//790 791//791
f 792//792 793//793 794//794
f 794//794 795//795 792//792
f 796//796 797//797 798//798
f 799//799 800//800 801//801
f 802//802 803//803 804//804
f 803//803 805//805 804//804
f 806//806 803//803 802//802
f 807//807 803//803 806//806
f 808//808 809//809 810//810
f 811//811 812//812 813//813
f 814//814 815//815 816//816
f 815//815 814//814 817//817
f 818//818 819//819 820//820
f 821//821 822//822 823//823
f 824//824 825//825 826//826
f 827//827 828//828 829//829
f 830//830 831//831 832//832
f 833//833 834//834 835//835
f 836//836 837//837 838//838
f 837//837 839//839 838//838
f 840//840 841//841 842//842
f 843//843 844//844 845//845
f 846//846 847//847 848//848
f 849//849 850//850 851//851
f 852//852 853//853 850//850
f 854//854 855//855 856//856
f 857//857 3102//3102 855//855 854//854
f 858//858 859//859 860//860
f 860//860 861//861 862//862
f 862//862 858//858 860//860
f 860//860 863//863 861//861
f 864//864 861//861 863//863
f 864//864 863//863 865//865
f 866//866 867//867 865//865
f 868//868 864//864 867//867
f 869//869 868//868 870//870
f 868//868 867//867 870//870
f 871//871 872//872 873//873
f 874//874 872//872 871//871
f 874//874 871//871 875//875
f 876//876 877//877 871//871
f 877//877 875//875 871//871
f 878//878 879//879 880//880
f 881//881 882//882 883//883
f 884//884 882//882 885//885
f 886//886 882//882 884//884
f 887//887 888//888 889//889
f 890//890 889//889 888//888
f 888//888 891//891 890//890
f 892//892 893//893 894//894
f 895//895 896//896 897//897
f 895//895 897//897 898//898
f 895//895 899//899 900//900
f 901//901 902//902 903//903
f 904//904 905//905 906//906
f 904//904 906//906 907//907
f 908//908 909//909 910//910
f 910//910 911//911 912//912
f 913//913 914//914 915//915
f 913//913 915//915 916//916
f 917//917 918//918 919//919
f 920//920 921//921 922//922
f 920//920 923//923 921//921
f 924//924 925//925 926//926
f 928//928 3103//3103 929//929 927//927
f 930//930 931//931 932//932
f 930//930 933//933 931//931
f 934//934 931//931 933//933
f 935//935 936//936 937//937
f 935//935 938//938 939//939
f 940//940 941//941 942//942
f 943//943 941//941 944//944
f 945//945 946//946 947//947
f 948//948 949//949 950//950
f 951//951 952//952 953//953
f 951//951 954//954 955//955
f 951//951 953//953 956//956
f 957//957 954//954 956//956
f 958//958 959//959 960//960
f 961//961 962//962 963//963
f 964//964 965//965 961//961
f 963//963 962//962 966//966
f 967//967 963//963 966//966
f 968//968 965//965 964//964
f 969//969 970//970 971//971
f 972//972 3104//3104 971//971 970//970
f 973//973 974//974 975//975
f 976//976 977//977 978//978
f 980//980 983//983 981//981 979//979
f 979//979 982//982 980//980
f 983//983 984//984 985//985
f 987//987 991//991 988//988 986//986
f 989//989 990//990 991//991
f 988//988 992//992 986//986
f 993//993 994//994 995//995
f 996//996 997//997 998//998
f 999//999 1000//1000 1001//1001
f 1002//1002 999//999 1003//1003
f 1004//1004 1005//1005 1000//1000
f 1006//1006 1007//1007 1008//1008
f 1008//1008 1009//1009 1006//1006
f 1008//1008 1007//1007 1010//1010
f 1011//1011 1010//1010 1007//1007
f 1012//1012 1003//1003 1011//1011
f 1013//1013 1004//1004 1002//1002
f 1014//1014 1015//1015 1016//1016
f 1017//1017 1020//1020 1018//1018 1019//1019
f 1021//1021 1022//1022 1023//1023
f 1022//1022 1021//1021 1024//1024
f 1025//1025 1026//1026 1027//1027
f 1028//1028 1029//1029 1030//1030
f 1031//1031 1032//1032 1033//1033
f 1034//1034 1035//1035 1036//1036
f 1036//1036 1037//1037 1034//1034
f 1037//1037 1038//1038 1039//1039
f 1040//1040 1041//1041 1042//1042
f 1042//1042 1043//1043 1040//1040
f 1044//1044 1042//1042 1045//1045
f 1046//1046 1047//1047 1048//1048
f 1049//1049 1050//1050 1051//1051
f 1052//1052 1053//1053 1050//1050
f 1054//1054 1055//1055 1051//1051
f 1056//1056 1057//1057 1058//1058
f 1059//1059 1057//1057 1056//1056
f 1060//1060 1061//1061 1062//1062
f 1063//1063 1062//1062 1064//1064
f 1065//1065 1066//1066 1067//1067
f 1066//1066 1068//1068 1069//1069
f 1070//1070 1071//1071 1068//1068
f 1066//1066 1072//1072 1070//1070
f 1073//1073 1067//1067 1069//1069
f 1065//1065 1072//1072 1066//1066
f 1074//1074 1075//1075 1076//1076
f 1067//1067 1075//1075 1077//1077 1065//1065
f 1078//1078 1079//1079 1080//1080
f 1081//1081 1078//1078 1082//1082
f 1083//1083 1084//1084 1085//1085
f 1086//1086 1087//1087 1088//1088
f 1089//1089 1088//1088 1087//1087
f 1086//1086 1090//1090 1087//1087
f 1087//1087 1090//1090 1091//1091
f 1092//1092 1088//1088 1089//1089
f 1092//1092 1093//1093 1094//1094
f 1095//1095 1094//1094 1093//1093
f 1089//1089 1093//1093 1092//1092
f 1096//1096 1097//1097 1098//1098
f 1099//1099 1096//1096 1098//1098
f 1098//1098 1100//1100 1099//1099
f 1097//1097 1096//1096 1101//1101
f 1102//1102 1103//1103 1104//1104
f 1104//1104 1105//1105 1106//1106
f 1104//1104 1103//1103 1105//1105
f 1107//1107 1104//1104 1108//1108
f 1106//1106 1108//1108 1104//1104
f 1108//1108 1106//1106 1109//1109
f 1110//1110 1108//1108 1109//1109
f 1107//1107 1111//1111 1112//1112
f 1108//1108 1113//1113 1107//1107
f 1107//1107 1113//1113 1114//1114
f 1115//1115 1116//1116 1117//1117
f 1115//1115 1118//1118 1119//1119
f 1118//1118 1120//1120 1119//1119
f 1121//1121 1117//1117 1116//1116
f 1119//1119 1116//1116 1115//1115
f 1122//1122 1123//1123 1124//1124
f 1125//1125 1126//1126 1127//1127
f 1128//1128 1129//1129 1130//1130
f 1131//1131 1129//1129 1128//1128
f 1132//1132 1125//1125 1127//1127
f 1132//1132 1127//1127 1133//1133
f 1131//1131 1134//1134 1129//1129
f 1133//1133 1134//1134 1131//1131
f 1133//1133 1131//1131 1132//1132
f 1137//1137 3107//3107 1135//1135 1136//1136
f 1138//1138 1139//1139 1140//1140
f 1141//1141 1142//1142 1143//1143
f 1143//1143 1144//1144 1141//1141
f 1143//1143 1145//1145 1144//1144
f 1146//1146 1147//1147 1148//1148
f 1149//1149 1150//1150 1151//1151
f 1150//1150 1149//1149 1152//1152
f 1154//1154 1156//1156 1155//1155 1153//1153
f 1159//1159 3108//3108 1157//1157 1158//1158
f 1160//1160 1161//1161 1162//1162
f 1160//1160 1162//1162 1163//1163
f 1164//1164 1161//1161 1165//1165
f 1160//1160 1165//1165 1161//1161
f 1165//1165 1166//1166 1164//1164
f 1160//1160 1163//1163 1167//1167
f 1168//1168 1169//1169 1170//1170
f 1171//1171 1168//1168 1172//1172
f 1171//1171 1172//1172 1173//1173
f 1172//1172 1168//1168 1170//1170
f 1174//1174 1175//1175 1176//1176
f 1176//1176 1177//1177 1174//1174
f 1178//1178 1179//1179 1180//1180
f 1181//1181 1179//1179 1178//1178
f 1182//1182 1183//1183 1184//1184
f 1182//1182 1184//1184 1185//1185
f 1178//1178 1180//1180 1184//1184
f 1180//1180 1185//1185 1184//1184
f 1186//1186 1187//1187 1188//1188
f 1186//1186 1189//1189 1187//1187
f 1190//1190 1187//1187 1189//1189
f 1191//1191 1192//1192 1193//1193
f 1194//1194 1195//1195 1196//1196
f 1195//1195 1197//1197 1196//1196
f 1198//1198 1196//1196 1197//1197
f 1197//1197 1199//1199 1198//1198
f 1200//1200 1201//1201 1197//1197
f 1202//1202 1203//1203 1204//1204
f 1205//1205 1202//1202 1204//1204
f 1206//1206 1205//1205 1207//1207
f 1208//1208 1209//1209 1210//1210
f 1211//1211 1209//1209 1208//1208
f 1212//1212 1213//1213 1211//1211
f 1214//1214 1215//1215 1216//1216
f 1217//1217 1218//1218 1219//1219
f 1219//1219 1218//1218 1220//1220
f 1221//1221 1222//1222 1223//1223
f 1224//1224 1225//1225 1226//1226
f 1227//1227 1228//1228 1229//1229
f 1230//1230 1228//1228 1227//1227
f 1231//1231 1229//1229 1228//1228
f 1232//1232 1233//1233 1234//1234
f 1234//1234 1233//1233 1235//1235
f 1232//1232 1234//1234 1236//1236
f 1237//1237 1238//1238 1236//1236
f 1239//1239 1240//1240 1241//1241
f 1242//1242 1243//1243 1244//1244
f 1245//1245 1243//1243 1240//1240
f 1246//1246 1247//1247 1248//1248
f 1249//1249 1246//1246 1248//1248
f 1250//1250 1251//1251 1252//1252
f 1248//1248 1251//1251 1249//1249
f 1249//1249 1251//1251 1250//1250
f 1253//1253 1254//1254 1255//1255
f 1256//1256 1257//1257 1258//1258
f 1259//1259 1260//1260 1261//1261
f 1262//1262 1263//1263 1264//1264
f 1265//1265 1266//1266 1267//1267
f 1268//1268 1266//1266 1269//1269
f 1269//1269 1266//1266 1265//1265
f 1270//1270 1271//1271 1272//1272
f 1273//1273 1274//1274 1275//1275
f 1276//1276 1277//1277 1278//1278
f 1277//1277 1279//1279 1280//1280
f 1281//1281 1282//1282 1283//1283
f 1284//1284 1282//1282 1285//1285
f 1286//1286 1287//1287 1283//1283
f 1281//1281 1283//1283 1288//1288
f 1289//1289 1290//1290 1291//1291
f 1292//1292 1293//1293 1291//1291
f 1291//1291 1293//1293 1289//1289
f 1294//1294 1290//1290 1295//1295
f 1296//1296 1293//1293 1292//1292
f 1299//1299 3078//3078 1297//1297 1298//1298
f 1299//1299 1298//1298 1300//1300
f 1301//1301 1302//1302 1303//1303
f 1304//1304 1305//1305 1306//1306
f 1305//1305 1304//1304 1303//1303
f 1305//1305 1303//1303 1307//1307
f 1303//1303 1304//1304 1301//1301
f 1308//1308 2618//2618 1303//1303 1302//1302
f 1309//1309 1310//1310 1311//1311
f 1312//1312 1311//1311 1310//1310
f 1311//1311 1312//1312 1313//1313
f 1311//1311 1313//1313 1314//1314
f 1316//1316 1321//1321 1317//1317 1315//1315
f 1318//1318 1319//1319 1320//1320
f 1316//1316 1320//1320 1321//1321
f 1322//1322 1320//1320 1319//1319
f 1323//1323 1324//1324 1325//1325
f 1326//1326 1327//1327 1328//1328
f 1329//1329 1330//1330 1331//1331
f 1332//1332 1333//1333 1334//1334
f 1335//1335 1336//1336 1337//1337
f 1340//1340 3053//3053 1338//1338 1339//1339
f 1341//1341 1342//1342 1343//1343
f 1344//1344 1345//1345 1346//1346
f 1347//1347 1348//1348 1345//1345
f 1346//1346 1345//1345 1348//1348
f 1349//1349 1350//1350 1351//1351
f 1352//1352 1353//1353 1354//1354
f 1355//1355 1356//1356 1357//1357
f 1355//1355 1357//1357 1358//1358
f 1359//1359 1360//1360 1361//1361
f 1362//1362 1360//1360 1359//1359
f 1361//1361 1363//1363 1359//1359
f 1364//1364 1365//1365 1366//1366
f 1367//1367 1368//1368 1369//1369
f 1370//1370 1371//1371 1372//1372
f 1373//1373 1374//1374 1375//1375
f 1373//1373 1375//1375 1376//1376
f 1377//1377 1378//1378 1379//1379
f 1380//1380 1377//1377 1379//1379
f 1381//1381 1380//1380 1379//1379
f 1382//1382 1383//1383 1384//1384
f 1385//1385 1382//1382 1384//1384
f 1384//1384 1386//1386 1385//1385
f 1385//1385 1386//1386 1387//1387
f 1388//1388 1391//1391 1389//1389 1390//1390
f 1390//1390 1389//1389 1392//1392
f 1393//1393 1394//1394 1395//1395
f 1395//1395 1394//1394 1396//1396
f 1397//1397 1398//1398 1399//1399
f 1400//1400 1401//1401 1402//1402
f 1403//1403 1404//1404 1405//1405
f 1406//1406 1407//1407 1408//1408
f 1409//1409 1410//1410 1411//1411
f 1410//1410 1412//1412 1411//1411
f 1413//1413 1414//1414 1415//1415
f 1414//1414 1413//1413 1416//1416
f 1417//1417 1418//1418 1419//1419
f 1417//1417 1419//1419 1420//1420
f 1421//1421 1422//1422 1423//1423
f 1424//1424 1425//1425 1426//1426
f 1425//1425 1424//1424 1427//1427
f 1428//1428 1427//1427 1424//1424
f 1429//1429 1430//1430 1431//1431
f 1432//1432 1433//1433 1434//1434
f 1435//1435 1433//1433 1432//1432
f 1436//1436 1437//1437 1438//1438
f 1439//1439 1437//1437 1436//1436
f 1439//1439 1436//1436 1440//1440
f 1441//1441 1442//1442 1440//1440
f 1443//1443 1444//1444 1445//1445
f 1441//1441 1444//1444 1443//1443
f 1448//1448 1454//1454 1446//1446 1447//1447
f 1449//1449 1450//1450 1451//1451
f 1452//1452 1449//1449 1453//1453
f 1446//1446 1454//1454 1456//1456 1455//1455
f 1451//1451 1455//1455 1457//1457
f 1458//1458 1446//1446 1459//1459
f 1450//1450 1459//1459 1455//1455
f 1452//1452 1460//1460 1461//1461
f 1462//1462 1456//1456 1454//1454
f 1451//1451 1463//1463 1453//1453
f 1453//1453 1464//1464 1460//1460
f 1465//1465 1466//1466 1467//1467
f 1467//1467 1468//1468 1465//1465
f 1469//1469 1467//1467 1470//1470
f 1471//1471 1472//1472 1473//1473
f 1474//1474 1475//1475 1476//1476
f 1475//1475 1477//1477 1478//1478
f 1479//1479 1478//1478 1480//1480
f 1481//1481 1482//1482 1483//1483
f 1484//1484 1485//1485 1486//1486
f 1486//1486 3110//3110 1487//1487 1484//1484
f 1488//1488 1489//1489 1490//1490
f 1491//1491 1492//1492 1493//1493
f 1494//1494 1495//1495 1496//1496
f 1496//1496 1495//1495 1497//1497
f 1498//1498 1499//1499 1500//1500
f 1501//1501 1504//1504 1502//1502 1503//1503
f 1505//1505 1506//1506 1507//1507
f 1508//1508 1509//1509 1510//1510
f 1509//1509 1511//1511 1510//1510
f 1514//1514 3111//3111 1512//1512 1513//1513
f 1511//1511 1513//1513 1510//1510
f 1512//1512 1515//1515 1516//1516
f 1510//1510 1512//1512 1517//1517
f 1518//1518 1519//1519 1520//1520
f 1521//1521 1522//1522 1523//1523
f 1524//1524 1525//1525 1526//1526
f 1524//1524 2672//2672 1528//1528 1527//1527
f 1526//1526 1529//1529 1530//1530
f 1527//1527 1528//1528 1531//1531
f 1533//1533 2866//2866 1534//1534 1532//1532
f 1535//1535 1536//1536 1537//1537
f 1537//1537 1538//1538 1539//1539
f 1532//1532 1540//1540 1541//1541
f 1542//1542 1543//1543 1534//1534
f 1542//1542 1536//1536 1543//1543
f 1535//1535 1544//1544 1545//1545
f 1535//1535 1545//1545 1546//1546
f 1547//1547 1548//1548 1534//1534
f 1532//1532 1548//1548 1540//1540
f 1539//1539 1549//1549 1544//1544
f 1550//1550 1551//1551 1552//1552
f 1553//1553 1554//1554 1555//1555
f 1553//1553 1555//1555 1556//1556
f 1557//1557 1558//1558 1559//1559
f 1560//1560 1561//1561 1562//1562
f 1563//1563 1564//1564 1565//1565
f 1567//1567 3113//3113 1568//1568 1566//1566
f 1567//1567 1566//1566 1569//1569 1570//1570
f 1571//1571 1572//1572 1573//1573
f 1574//1574 1575//1575 1576//1576
f 1575//1575 1574//1574 1577//1577
f 1578//1578 1577//1577 1574//1574
f 1577//1577 1578//1578 1579//1579
f 1577//1577 1579//1579 1580//1580
f 1581//1581 1582//1582 1583//1583
f 1584//1584 1585//1585 1586//1586
f 1588//1588 1584//1584 1589//1589 1587//1587
f 1584//1584 1588//1588 1590//1590
f 1584//1584 1586//1586 1589//1589
f 1591//1591 1586//1586 1592//1592
f 1593//1593 1588//1588 1587//1587
f 1594//1594 1595//1595 1596//1596
f 1597//1597 1595//1595 1594//1594
f 1597//1597 1598//1598 1599//1599
f 1600//1600 1601//1601 1594//1594
f 1600//1600 1594//1594 1596//1596
f 1602//1602 1603//1603 1596//1596
f 1597//1597 1604//1604 1595//1595
f 1605//1605 1606//1606 1607//1607
f 1608//1608 1609//1609 1610//1610
f 1611//1611 1612//1612 1610//1610
f 1612//1612 1608//1608 1610//1610
f 1615//1615 3114//3114 1613//1613 1614//1614
f 1616//1616 1617//1617 1618//1618
f 1619//1619 1618//1618 1617//1617
f 1620//1620 1621//1621 1622//1622
f 1623//1623 1621//1621 1624//1624
f 1625//1625 1626//1626 1627//1627
f 1626//1626 1628//1628 1627//1627
f 1629//1629 1630//1630 1631//1631
f 1632//1632 1630//1630 1629//1629
f 1630//1630 1633//1633 1631//1631
f 1634//1634 1635//1635 1636//1636
f 1637//1637 1638//1638 1634//1634
f 1639//1639 1640//1640 1641//1641
f 1639//1639 1642//1642 1640//1640
f 1643//1643 1644//1644 1645//1645
f 1646//1646 1647//1647 1648//1648
f 1646//1646 1649//1649 1647//1647
f 1650//1650 1649//1649 1651//1651
f 1652//1652 1649//1649 1646//1646
f 1651//1651 1653//1653 1654//1654
f 1655//1655 1656//1656 1657//1657
f 1658//1658 1659//1659 1660//1660
f 1663//1663 1665//1665 1661//1661 1662//1662
f 1664//1664 1661//1661 1665//1665
f 1668//1668 1671//1671 1666//1666 1667//1667
f 1669//1669 1670//1670 1671//1671
f 1672//1672 1673//1673 1674//1674
f 1675//1675 1676//1676 1677//1677
f 1678//1678 1679//1679 1680//1680
f 1681//1681 1678//1678 1680//1680
f 1682//1682 1683//1683 1681//1681
f 1684//1684 1685//1685 1686//1686
f 1687//1687 1688//1688 1689//1689
f 1690//1690 1691//1691 1692//1692
f 1692//1692 1693//1693 1690//1690
f 1691//1691 1690//1690 1694//1694
f 1690//1690 1695//1695 1696//1696
f 1697//1697 1698//1698 1699//1699
f 1692//1692 1697//1697 1699//1699
f 1693//1693 1695//1695 1690//1690
f 1690//1690 1696//1696 1694//1694
f 1700//1700 1701//1701 1702//1702
f 1704//1704 3117//3117 1705//1705 1703//1703
f 1706//1706 1707//1707 1708//1708
f 1709//1709 1710//1710 1711//1711
f 1712//1712 1713//1713 1714//1714
f 1715//1715 1716//1716 1717//1717
f 1718//1718 1719//1719 1709//1709
f 1710//1710 1720//1720 1711//1711
f 1721//1721 1720//1720 1710//1710
f 1712//1712 1714//1714 1717//1717
f 1723//1723 1725//1725 1724//1724 1722//1722
f 1725//1725 1726//1726 1724//1724
f 1722//1722 1724//1724 1727//1727
f 1728//1728 1722//1722 1729//1729
f 1723//1723 1722//1722 1728//1728
f 1725//1725 1732//1732 1730//1730 1726//1726
f 1732//1732 1725//1725 1723//1723 1731//1731
f 1731//1731 1723//1723 1728//1728
f 1733//1733 1734//1734 1735//1735
f 1736//1736 1733//1733 1737//1737
f 1738//1738 1739//1739 1740//1740
f 1742//1742 3119//3119 1743//1743 1741//1741
f 1744//1744 1745//1745 1746//1746
f 1747//1747 1748//1748 1744//1744
f 1747//1747 1749//1749 1748//1748
f 1746//1746 1747//1747 1744//1744
f 1750//1750 1751//1751 1752//1752
f 1753//1753 1754//1754 1755//1755
f 1756//1756 1757//1757 1758//1758
f 1754//1754 1753//1753 1759//1759
f 1760//1760 1754//1754 1759//1759
f 1761//1761 1762//1762 1763//1763
f 1764//1764 1765//1765 1766//1766
f 1764//1764 1767//1767 1765//1765
f 1767//1767 1762//1762 1765//1765
f 1768//1768 1769//1769 1761//1761
f 1770//1770 1769//1769 1768//1768
f 1764//1764 1771//1771 1767//1767
f 1772//1772 1771//1771 1764//1764
f 1773//1773 1774//1774 1761//1761
f 1768//1768 1761//1761 1774//1774
f 1763//1763 1773//1773 1761//1761
f 1776//1776 2634//2634 1777//1777 1775//1775
f 1778//1778 1779//1779 1780//1780
f 1778//1778 1780//1780 1781//1781
f 1782//1782 1783//1783 1784//1784
f 1784//1784 1785//1785 1786//1786
f 1786//1786 1787//1787 1788//1788
f 1789//1789 1787//1787 1786//1786
f 1790//1790 1787//1787 1789//1789
f 1791//1791 1792//1792 1789//1789
f 1792//1792 1793//1793 1790//1790
f 1788//1788 1787//1787 1794//1794
f 1795//1795 1796//1796 1797//1797
f 1796//1796 1798//1798 1797//1797
f 1797//1797 1799//1799 1795//1795
f 1800//1800 1801//1801 1802//1802
f 1803//1803 1804//1804 1805//1805
f 1806//1806 1805//1805 1807//1807
f 1808//1808 1809//1809 1807//1807
f 1805//1805 1804//1804 1810//1810
f 1807//1807 1809//1809 1811//1811
f 1812//1812 1813//1813 1814//1814
f 1815//1815 1816//1816 1817//1817
f 1816//1816 1815//1815 1818//1818
f 1819//1819 1820//1820 1821//1821
f 1822//1822 1823//1823 1824//1824
f 1825//1825 1826//1826 1827//1827
f 1828//1828 1829//1829 1830//1830
f 1830//1830 1831//1831 1832//1832
f 1833//1833 1834//1834 1835//1835
f 1834//1834 1836//1836 1835//1835
f 1836//1836 1837//1837 1835//1835
f 1838//1838 1839//1839 1840//1840
f 1841//1841 1839//1839 1838//1838
f 1842//1842 1843//1843 1844//1844
f 1845//1845 1846//1846 1844//1844
f 1847//1847 1848//1848 1849//1849
f 1848//1848 1850//1850 1849//1849
f 1851//1851 1852//1852 1853//1853
f 1854//1854 1855//1855 1851//1851
f 1856//1856 1857//1857 1858//1858
f 1859//1859 1860//1860 1861//1861
f 1862//1862 1863//1863 1864//1864
f 1865//1865 1866//1866 1867//1867
f 1867//1867 1866//1866 1868//1868
f 1869//1869 1870//1870 1871//1871
f 1872//1872 1873//1873 1874//1874
f 1875//1875 1873//1873 1876//1876
f 1877//1877 1880//1880 1873//1873 1872//1872
f 1880//1880 1877//1877 1878//1878 1879//1879
f 1881//1881 1882//1882 1883//1883
f 1884//1884 1885//1885 1886//1886
f 1883//1883 1887//1887 1886//1886
f 1885//1885 1888//1888 1886//1886
f 1889//1889 1890//1890 1891//1891
f 1892//1892 1893//1893 1894//1894
f 1894//1894 1895//1895 1892//1892
f 1893//1893 1892//1892 1896//1896
f 1894//1894 1897//1897 1895//1895
f 1897//1897 1896//1896 1895//1895
f 1892//1892 1895//1895 1896//1896
f 1898//1898 1899//1899 1900//1900
f 1901//1901 1902//1902 1903//1903
f 1904//1904 1901//1901 1903//1903
f 1905//1905 1902//1902 1901//1901
f 1901//1901 1906//1906 1905//1905
f 1904//1904 1907//1907 1906//1906
f 1906//1906 1901//1901 1904//1904
f 1908//1908 1909//1909 1910//1910
f 1908//1908 1911//1911 1909//1909
f 1911//1911 1912//1912 1913//1913
f 1914//1914 1915//1915 1916//1916
f 1917//1917 1918//1918 1919//1919
f 1920//1920 1921//1921 1922//1922
f 1923//1923 1924//1924 1925//1925
f 1926//1926 1927//1927 1928//1928
f 1929//1929 1930//1930 1931//1931
f 1932//1932 1933//1933 1934//1934
f 1935//1935 1936//1936 1934//1934
f 1936//1936 1935//1935 1937//1937
f 1938//1938 1932//1932 1934//1934
f 1939//1939 1940//1940 1941//1941
f 1942//1942 1940//1940 1943//1943
f 1944//1944 1945//1945 1946//1946
f 1944//1944 1941//1941 1945//1945
f 1947//1947 1948//1948 1949//1949
f 1945//1945 1941//1941 1949//1949
f 1950//1950 1941//1941 1951//1951
f 1942//1942 1952//1952 1940//1940
f 1946//1946 1953//1953 1944//1944
f 1941//1941 1954//1954 1939//1939
f 1939//1939 1955//1955 1943//1943
f 1958//1958 1960//1960 1956//1956 1957//1957
f 1959//1959 1960//1960 1961//1961
f 1962//1962 1963//1963 1964//1964
f 1963//1963 1965//1965 1964//1964
f 1966//1966 1967//1967 1968//1968
f 1969//1969 1970//1970 1971//1971
f 1972//1972 1973//1973 1974//1974
f 1973//1973 1975//1975 1974//1974
f 1976//1976 1977//1977 1978//1978
f 1979//1979 1980//1980 1981//1981
f 1982//1982 1983//1983 1984//1984
f 1983//1983 1982//1982 1985//1985
f 1987//1987 3123//3123 1988//1988 1986//1986
f 1989//1989 1990//1990 1991//1991
f 1992//1992 1993//1993 1989//1989
f 1994//1994 1995//1995 1996//1996
f 1997//1997 1994//1994 1996//1996
f 1998//1998 1999//1999 2000//2000
f 2001//2001 2002//2002 2003//2003
f 2004//2004 2005//2005 2002//2002
f 2005//2005 2004//2004 2006//2006
f 2007//2007 2008//2008 2009//2009
f 2008//2008 2010//2010 2011//2011
f 2008//2008 2011//2011 2009//2009
f 2009//2009 2012//2012 2007//2007
f 2013//2013 2014//2014 2015//2015
f 2014//2014 2013//2013 2016//2016
f 2017//2017 2018//2018 2019//2019
f 2020//2020 2021//2021 2022//2022
f 2022//2022 2023//2023 2024//2024
f 2025//2025 2021//2021 2026//2026
f 2025//2025 2027//2027 2021//2021
f 2028//2028 2029//2029 2030//2030
f 2031//2031 2029//2029 2032//2032
f 2033//2033 2034//2034 2035//2035
f 2036//2036 2037//2037 2038//2038
f 2039//2039 2036//2036 2038//2038
f 2040//2040 2041//2041 2042//2042
f 2043//2043 2044//2044 2045//2045
f 2043//2043 2046//2046 2047//2047
f 2048//2048 2044//2044 2043//2043
f 2049//2049 2050//2050 2051//2051
f 2052//2052 2053//2053 2054//2054
f 2055//2055 2056//2056 2057//2057
f 2058//2058 2059//2059 2060//2060
f 2061//2061 2062//2062 2063//2063
f 2064//2064 2065//2065 2066//2066
f 2067//2067 2068//2068 2069//2069
f 2070//2070 2071//2071 2072//2072
f 2073//2073 2074//2074 2075//2075
f 2076//2076 2077//2077 2078//2078
f 2079//2079 2080//2080 2081//2081
f 2082//2082 2079//2079 2081//2081
f 2083//2083 2084//2084 2085//2085
f 2086//2086 2087//2087 2088//2088
f 2089//2089 2088//2088 2090//2090
f 2089//2089 2091//2091 2088//2088
f 2091//2091 2092//2092 2088//2088
f 2094//2094 3124//3124 2095//2095 2093//2093
f 2096//2096 2097//2097 2094//2094
f 2093//2093 2098//2098 2099//2099
f 2100//2100 2101//2101 2102//2102
f 2103//2103 2100//2100 2102//2102
f 2104//2104 2105//2105 2106//2106
f 2104//2104 2107//2107 2105//2105
f 2108//2108 2109//2109 2106//2106
f 2106//2106 2105//2105 2108//2108
f 2110//2110 2111//2111 2112//2112
f 2112//2112 2113//2113 2114//2114
f 2112//2112 2115//2115 2113//2113
f 2116//2116 2117//2117 2114//2114
f 2110//2110 2114//2114 2117//2117
f 2118//2118 2119//2119 2120//2120
f 2121//2121 2119//2119 2118//2118
f 2122//2122 2123//2123 2124//2124
f 2124//2124 2125//2125 2122//2122
f 2126//2126 2127//2127 2128//2128
f 2129//2129 2130//2130 2126//2126
f 2128//2128 2129//2129 2126//2126
f 2131//2131 2132//2132 2133//2133
f 2134//2134 2135//2135 2136//2136
f 2137//2137 2136//2136 2135//2135
f 2138//2138 2139//2139 2140//2140
f 2139//2139 2138//2138 2141//2141
f 2142//2142 2141//2141 2143//2143
f 2142//2142 2144//2144 2145//2145
f 2146//2146 2147//2147 2148//2148
f 2149//2149 2150//2150 2151//2151
f 2151//2151 2152//2152 2153//2153
f 2153//2153 2152//2152 2154//2154
f 2155//2155 2156//2156 2157//2157
f 2158//2158 2159//2159 2160//2160
f 2161//2161 2160//2160 2159//2159
f 2159//2159 2162//2162 2161//2161
f 2162//2162 2159//2159 2163//2163
f 2164//2164 2165//2165 2166//2166
f 2167//2167 2166//2166 2165//2165
f 2168//2168 2169//2169 2170//2170
f 2168//2168 2170//2170 2171//2171
f 2172//2172 2173//2173 2174//2174
f 2175//2175 2172//2172 2176//2176
f 2177//2177 2178//2178 2179//2179
f 2180//2180 2181//2181 2182//2182
f 2183//2183 2182//2182 2184//2184
f 2184//2184 2182//2182 2181//2181
f 2185//2185 2186//2186 2187//2187
f 2188//2188 2189//2189 2190//2190
f 2189//2189 2191//2191 2192//2192
f 2189//2189 2192//2192 2193//2193
f 2193//2193 2192//2192 2194//2194
f 2195//2195 2196//2196 2197//2197
f 2198//2198 2195//2195 2197//2197
f 2196//2196 2195//2195 2199//2199
f 2200//2200 2201//2201 2202//2202
f 2203//2203 2204//2204 2205//2205
f 2206//2206 2207//2207 2208//2208
f 2209//2209 2210//2210 2211//2211
f 2212//2212 2209//2209 2211//2211
f 2213//2213 2214//2214 2215//2215
f 2216//2216 2215//2215 2217//2217
f 2215//2215 2214//2214 2218//2218
f 2217//2217 2215//2215 2218//2218
f 2219//2219 2223//2223 2220//2220 2221//2221
f 2221//2221 2220//2220 2222//2222
f 2224//2224 2225//2225 2226//2226
f 2227//2227 2228//2228 2229//2229
f 2227//2227 2229//2229 2230//2230
f 2229//2229 2231//2231 2232//2232
f 2233//2233 2234//2234 2227//2227
f 2234//2234 2235//2235 2228//2228
f 2236//2236 2233//2233 2227//2227
f 2237//2237 2231//2231 2229//2229
f 2238//2238 2239//2239 2232//2232
f 2240//2240 2241//2241 2242//2242
f 2242//2242 2243//2243 2240//2240
f 2246//2246 2247//2247 2244//2244 2245//2245
f 2248//2248 2249//2249 2250//2250
f 2250//2250 2251//2251 2248//2248
f 2252//2252 2253//2253 2254//2254
f 2254//2254 2255//2255 2252//2252
f 2256//2256 2257//2257 2258//2258
f 2259//2259 2260//2260 2261//2261
f 2262//2262 2263//2263 2259//2259
f 2264//2264 2265//2265 2266//2266
f 2267//2267 2265//2265 2264//2264
f 2268//2268 2269//2269 2270//2270
f 2269//2269 2268//2268 2271//2271
f 2272//2272 2273//2273 2274//2274
f 2272//2272 2275//2275 2273//2273
f 2275//2275 2276//2276 2273//2273
f 2277//2277 2278//2278 2279//2279
f 2280//2280 2279//2279 2278//2278
f 2279//2279 2281//2281 2277//2277
f 2282//2282 2277//2277 2281//2281
f 2281//2281 2283//2283 2282//2282
f 2284//2284 2285//2285 2286//2286
f 2287//2287 2285//2285 2284//2284
f 2288//2288 2289//2289 2290//2290
f 2289//2289 2288//2288 2291//2291
f 2290//2290 2289//2289 2292//2292
f 2288//2288 2293//2293 2291//2291
f 2295//2295 2298//2298 2296//2296 2294//2294
f 2297//2297 2298//2298 2295//2295
f 2299//2299 2298//2298 2297//2297
f 2300//2300 2301//2301 2296//2296
f 2302//2302 2297//2297 2303//2303
f 2304//2304 2297//2297 2302//2302
f 2305//2305 2306//2306 2307//2307
f 2308//2308 2307//2307 2304//2304
f 2309//2309 2310//2310 2311//2311
f 2312//2312 2313//2313 2309//2309
f 2314//2314 2313//2313 2312//2312
f 2315//2315 2316//2316 2317//2317
f 2318//2318 2316//2316 2315//2315
f 2316//2316 2319//2319 2317//2317
f 2318//2318 2315//2315 2320//2320
f 2315//2315 2321//2321 2320//2320
f 2319//2319 2322//2322 2317//2317
f 2319//2319 2323//2323 2324//2324
f 2324//2324 2325//2325 2322//2322
f 2326//2326 2327//2327 2328//2328
f 2329//2329 2330//2330 2331//2331
f 2331//2331 2332//2332 2333//2333
f 2334//2334 2333//2333 2332//2332
f 2335//2335 2333//2333 2334//2334
f 2336//2336 2337//2337 2338//2338
f 2337//2337 2339//2339 2340//2340
f 2340//2340 2339//2339 2341//2341
f 2342//2342 2340//2340 2341//2341
f 2336//2336 2343//2343 2337//2337
f 2339//2339 2337//2337 2343//2343
f 2344//2344 2345//2345 2346//2346
f 2347//2347 2348//2348 2344//2344
f 2346//2346 2347//2347 2344//2344
f 2349//2349 2350//2350 2351//2351
f 2352//2352 2350//2350 2349//2349
f 2352//2352 2353//2353 2354//2354
f 2353//2353 2352//2352 2355//2355
f 2352//2352 2349//2349 2355//2355
f 2356//2356 2357//2357 2358//2358
f 2359//2359 2356//2356 2360//2360
f 2360//2360 2356//2356 2361//2361
f 2362//2362 2363//2363 2364//2364
f 2365//2365 2362//2362 2366//2366
f 2367//2367 2365//2365 2366//2366
f 2367//2367 2368//2368 2365//2365
f 2365//2365 2363//2363 2362//2362
f 2364//2364 2363//2363 2369//2369
f 2370//2370 2371//2371 2372//2372
f 2373//2373 2374//2374 2375//2375
f 2376//2376 2372//2372 2373//2373
f 2376//2376 2377//2377 2372//2372
f 2370//2370 2372//2372 2377//2377
f 2371//2371 2374//2374 2372//2372
f 2378//2378 2379//2379 2380//2380
f 2381//2381 2380//2380 2382//2382
f 2381//2381 2382//2382 2383//2383
f 2384//2384 2385//2385 2386//2386
f 2384//2384 2386//2386 2387//2387
f 2385//2385 2384//2384 2388//2388
f 2389//2389 2390//2390 2391//2391
f 2391//2391 2390//2390 2393//2393 2392//2392
f 2394//2394 2395//2395 2396//2396
f 2395//2395 2394//2394 2397//2397
f 2398//2398 2395//2395 2397//2397
f 2396//2396 2399//2399 2400//2400
f 2401//2401 2402//2402 2403//2403
f 2404//2404 2401//2401 2403//2403
f 2402//2402 2405//2405 2406//2406
f 2407//2407 2403//2403 2408//2408
f 2407//2407 2404//2404 2403//2403
f 2402//2402 2401//2401 2405//2405
f 2409//2409 2410//2410 2411//2411
f 2412//2412 2413//2413 2410//2410
f 2414//2414 2415//2415 2416//2416
f 2414//2414 2417//2417 2415//2415
f 2417//2417 2414//2414 2418//2418
f 2419//2419 2420//2420 2421//2421
f 2422//2422 2423//2423 2419//2419
f 2424//2424 2425//2425 2426//2426
f 2426//2426 2427//2427 2424//2424
f 2425//2425 2428//2428 2426//2426
f 2429//2429 2430//2430 2431//2431
f 2432//2432 2433//2433 2434//2434
f 2435//2435 2436//2436 2437//2437
f 2435//2435 2437//2437 2438//2438
f 2439//2439 2440//2440 2441//2441
f 2443//2443 3072//3072 2444//2444 2442//2442
f 2444//2444 2445//2445 2442//2442
f 2446//2446 2447//2447 2448//2448
f 2449//2449 2450//2450 2451//2451
f 2452//2452 2451//2451 2453//2453
f 2449//2449 2454//2454 2450//2450
f 2454//2454 2449//2449 2455//2455
f 2456//2456 2457//2457 2458//2458
f 2459//2459 2458//2458 2460//2460
f 2461//2461 2462//2462 2457//2457
f 2461//2461 2457//2457 2456//2456
f 2463//2463 2462//2462 2461//2461
f 2458//2458 2459//2459 2456//2456
f 2466//2466 2963//2963 2464//2464 2465//2465
f 2467//2467 2468//2468 2469//2469
f 2469//2469 2477//2477 2470//2470 2471//2471
f 2472//2472 2475//2475 2473//2473 2474//2474
f 2476//2476 2473//2473 2475//2475
f 2473//2473 2469//2469 2468//2468 2474//2474
f 2473//2473 2476//2476 2477//2477
f 2478//2478 2479//2479 2480//2480
f 2481//2481 2482//2482 2483//2483
f 2484//2484 2485//2485 2481//2481
f 2484//2484 2481//2481 2486//2486
f 2483//2483 2482//2482 2487//2487
f 2488//2488 2489//2489 2490//2490
f 2491//2491 2492//2492 2493//2493
f 2493//2493 2494//2494 2495//2495
f 2496//2496 2497//2497 2498//2498
f 2499//2499 2500//2500 2501//2501
f 2501//2501 2502//2502 2499//2499
f 2503//2503 2504//2504 2505//2505
f 2506//2506 2507//2507 2505//2505
f 2508//2508 2509//2509 2510//2510
f 2511//2511 2512//2512 2513//2513
f 2514//2514 2515//2515 2516//2516
f 2517//2517 2518//2518 2519//2519
f 2517//2517 2520//2520 2518//2518
f 2521//2521 2522//2522 2523//2523
f 2524//2524 2525//2525 2526//2526
f 2527//2527 2528//2528 2529//2529
f 2530//2530 2527//2527 2529//2529
f 2532//2532 3129//3129 2533//2533 2531//2531
f 2534//2534 2535//2535 2536//2536
f 2537//2537 2536//2536 2538//2538
f 280//280 279//279 283//283
f 375//375 379//379 376//376
f 389//389 394//394 391//391
f 2539//2539 2540//2540 2541//2541
f 521//521 518//518 525//525
f 545//545 2542//2542 546//546
f 2543//2543 2544//2544 2545//2545
f 583//583 2546//2546 576//576
f 585//585 582//582 581//581
f 601//601 2548//2548 599//599
f 2549//2549 2550//2550 2551//2551
f 718//718 719//719 722//722
f 775//775 2552//2552 777//777
f 834//834 2553//2553 835//835
f 951//951 955//955 2554//2554 952//952
f 987//987 989//989 991//991
f 2555//2555 1061//1061 1060//1060
f 1066//1066 1069//1069 1067//1067
f 1174//1174 2556//2556 1175//1175
f 2557//2557 1282//1282 1281//1281
f 2558//2558 2559//2559 2560//2560
f 1366//1366 2561//2561 2562//2562
f 2563//2563 2564//2564 2565//2565
f 1480//1480 1478//1478 1477//1477
f 1510//1510 1513//1513 1512//1512
f 2567//2567 3004//3004 2568//2568 2566//2566
f 1751//1751 2569//2569 1752//1752
f 1790//1790 1789//1789 1792//1792
f 1803//1803 1805//1805 1806//1806
f 2570//2570 2571//2571 2572//2572
f 2004//2004 2002//2002 2001//2001
f 2074//2074 2573//2573 2075//2075
f 2574//2574 2575//2575 2576//2576
f 2239//2239 2230//2230 2232//2232
f 2304//2304 2299//2299 2297//2297
f 2412//2412 2410//2410 2409//2409
f 2577//2577 2578//2578 2579//2579
f 2449//2449 2451//2451 2452//2452
f 2471//2471 2467//2467 2469//2469
f 2508//2508 2510//2510 2580//2580
f 2581//2581 2529//2529 2582//2582
f 2583//2583 2536//2536 2584//2584
f 88//88 2586//2586 89//89
f 97//97 2587//2587 98//98
f 107//107 2588//2588 108//108
f 191//191 189//189 2589//2589
f 206//206 200//200 205//205
f 246//246 245//245 2590//2590
f 2591//2591 2592//2592 2593//2593
f 388//388 399//399 392//392
f 417//417 2594//2594 418//418
f 2595//2595 2596//2596 2597//2597
f 444//444 446//446 2598//2598
f 508//508 2600//2600 2601//2601
f 511//511 507//507 2599//2599
f 554//554 550//550 552//552
f 557//557 553//553 555//555
f 581//581 586//586 585//585
f 579//579 581//581 582//582
f 598//598 2602//2602 595//595
f 618//618 617//617 2603//2603
f 620//620 623//623 2604//2604
f 654//654 652//652 651//651 655//655
f 659//659 661//661 2605//2605
f 809//809 2606//2606 810//810
f 872//872 2607//2607 2608//2608
f 2609//2609 2610//2610 2611//2611
f 892//892 2612//2612 893//893
f 981//981 985//985 2613//2613
f 1016//1016 2614//2614 2615//2615
f 2616//2616 1274//1274 1273//1273
f 1282//1282 2557//2557 1285//1285
f 1283//1283 1287//1287 1288//1288
f 1307//1307 1303//1303 2618//2618 2617//2617
f 1320//1320 1316//1316 1318//1318
f 2619//2619 2620//2620 2561//2561
f 1425//1425 2621//2621 1426//1426
f 1430//1430 2622//2622 1431//1431
f 1467//1467 2623//2623 1468//1468
f 2624//2624 1482//1482 1481//1481
f 1597//1597 1601//1601 1598//1598
f 1621//1621 1623//1623 1622//1622
f 2625//2625 2626//2626 2627//2627
f 2628//2628 2629//2629 2630//2630
f 2631//2631 1656//1656 1655//1655
f 1709//1709 1711//1711 1713//1713
f 2632//2632 1713//1713 1711//1711
f 1763//1763 1762//1762 1767//1767
f 2633//2633 2634//2634 2635//2635
f 1794//1794 1787//1787 1790//1790
f 2636//2636 2637//2637 2638//2638
f 1922//1922 1917//1917 1919//1919
f 1950//1950 1949//1949 1941//1941
f 1954//1954 1941//1941 1944//1944
f 2639//2639 2640//2640 1986//1986
f 2641//2641 2642//2642 2643//2643
f 2043//2043 2045//2045 2046//2046
f 2050//2050 2644//2644 2051//2051
f 2645//2645 2575//2575 2574//2574
f 2111//2111 2110//2110 2646//2646
f 2142//2142 2143//2143 2144//2144
f 2647//2647 2648//2648 2649//2649
f 2189//2189 2193//2193 2190//2190
f 2650//2650 2212//2212 2211//2211
f 2224//2224 2220//2220 2223//2223
f 2378//2378 2651//2651 2379//2379
f 2652//2652 2392//2392 2393//2393
f 2452//2452 2453//2453 2653//2653
f 2454//2454 2654//2654 2450//2450
f 2655//2655 2656//2656 2657//2657
f 2509//2509 2658//2658 2510//2510
f 2659//2659 2660//2660 2513//2513
f 2512//2512 2659//2659 2513//2513
f 347//347 342//342 344//344
f 441//441 2661//2661 442//442
f 517//517 2599//2599 509//509
f 559//559 561//561 554//554
f 562//562 559//559 557//557
f 697//697 2662//2662 698//698
f 721//721 2663//2663 717//717
f 2664//2664 2665//2665 722//722
f 2666//2666 790//790 789//789
f 886//886 883//883 882//882
f 1005//1005 2667//2667 1000//1000
f 2668//2668 2555//2555 1060//1060
f 2669//2669 2670//2670 2671//2671
f 1510//1510 1517//1517 1508//1508
f 2673//2673 2674//2674 2675//2675
f 1713//1713 2632//2632 1714//1714
f 1767//1767 1771//1771 1763//1763
f 2676//2676 1812//1812 1814//1814
f 1914//1914 2677//2677 1915//1915
f 1948//1948 1945//1945 1949//1949
f 2646//2646 2678//2678 2111//2111
f 2114//2114 2679//2679 2116//2116
f 2309//2309 2311//2311 2312//2312
f 2680//2680 2681//2681 2682//2682
f 100//100 101//101 96//96
f 185//185 184//184 181//181
f 294//294 296//296 2683//2683
f 2684//2684 489//489 488//488
f 2685//2685 2686//2686 2687//2687
f 778//778 781//781 2688//2688
f 2689//2689 2690//2690 874//874
f 944//944 941//941 940//940
f 976//976 2691//2691 977//977
f 1341//1341 1343//1343 2692//2692
f 1350//1350 1349//1349 2693//2693
f 1356//1356 1355//1355 2694//2694
f 2695//2695 1423//1423 2696//2696
f 1472//1472 1471//1471 2697//2697
f 1489//1489 1488//1488 2698//2698
f 2699//2699 1522//1522 1521//1521
f 2700//2700 1565//1565 2701//2701
f 2702//2702 1646//1646 1648//1648
f 1694//1694 2703//2703 1691//1691
f 1711//1711 1720//1720 2632//2632
f 2704//2704 2705//2705 2706//2706
f 1959//1959 1956//1956 1960//1960
f 2137//2137 2135//2135 2707//2707
f 2178//2178 2708//2708 2179//2179
f 2202//2202 2198//2198 2197//2197
f 2709//2709 2358//2358 2357//2357
f 2431//2431 2710//2710 2711//2711
f 2503//2503 2505//2505 2712//2712
f 2538//2538 2536//2536 2535//2535
f 1801//1801 2713//2713 1802//1802
f 182//182 185//185 181//181
f 2714//2714 2715//2715 261//261
f 354//354 356//356 2716//2716
f 394//394 389//389 392//392
f 2717//2717 2718//2718 2719//2719
f 457//457 2720//2720 450//450
f 2721//2721 501//501 503//503
f 2722//2722 505//505 504//504
f 523//523 527//527 521//521
f 2723//2723 2724//2724 2725//2725
f 2726//2726 2725//2725 2724//2724
f 2543//2543 2545//2545 2727//2727
f 2728//2728 2729//2729 2730//2730
f 2731//2731 647//647 2732//2732
f 722//722 2665//2665 729//729
f 733//733 2733//2733 734//734
f 797//797 2734//2734 2735//2735
f 797//797 796//796 2734//2734
f 2736//2736 2737//2737 2738//2738
f 800//800 799//799 2739//2739
f 2740//2740 2741//2741 2742//2742
f 2741//2741 847//847 2742//2742
f 2743//2743 849//849 2744//2744
f 876//876 871//871 873//873
f 908//908 910//910 912//912
f 2745//2745 932//932 931//931
f 937//937 2746//2746 935//935
f 941//941 943//943 2747//2747
f 2748//2748 2749//2749 2750//2750
f 954//954 951//951 956//956
f 2751//2751 970//970 969//969
f 1003//1003 1010//1010 1011//1011
f 1081//1081 1079//1079 1078//1078
f 1082//1082 1083//1083 1085//1085
f 1280//1280 2752//2752 1277//1277
f 2753//2753 2754//2754 2755//2755
f 2756//2756 2757//2757 2753//2753
f 1466//1466 2758//2758 2759//2759
f 2697//2697 2760//2760 1472//1472
f 1518//1518 1520//1520 2761//2761
f 2762//2762 2763//2763 2764//2764
f 1626//1626 2765//2765 1628//1628
f 1646//1646 2702//2702 2766//2766
f 1673//1673 2767//2767 1674//1674
f 2768//2768 2769//2769 2770//2770
f 1713//1713 2771//2771 1709//1709
f 2772//2772 1753//1753 1755//1755
f 2773//2773 2774//2774 2775//2775
f 2776//2776 2773//2773 2777//2777
f 1869//1869 1871//1871 2778//2778
f 2778//2778 2779//2779 1869//1869
f 1977//1977 1976//1976 2780//2780
f 1979//1979 1981//1981 2781//2781
f 1990//1990 1989//1989 1993//1993
f 1999//1999 1998//1998 2782//2782
f 2032//2032 2029//2029 2028//2028
f 2783//2783 2078//2078 2784//2784
f 2785//2785 2090//2090 2088//2088
f 2786//2786 2787//2787 2173//2173
f 2207//2207 2788//2788 2208//2208
f 2789//2789 2311//2311 2310//2310
f 2790//2790 2791//2791 2792//2792
f 2793//2793 2494//2494 2492//2492
f 2794//2794 2795//2795 2500//2500
f 2584//2584 2536//2536 2537//2537
f 2713//2713 2796//2796 2797//2797
f 2798//2798 2741//2741 2740//2740
f 1660//1660 2799//2799 1658//1658
f 2330//2330 2332//2332 2331//2331
f 57//57 56//56 2800//2800
f 2801//2801 2802//2802 2803//2803
f 64//64 66//66 2804//2804
f 86//86 88//88 87//87
f 164//164 152//152 157//157
f 165//165 157//157 156//156
f 171//171 170//170 2805//2805
f 198//198 196//196 199//199
f 200//200 206//206 197//197
f 247//247 2806//2806 245//245
f 253//253 252//252 256//256
f 261//261 260//260 2714//2714
f 281//281 279//279 285//285 2807//2807
f 2808//2808 318//318 2809//2809
f 378//378 377//377 382//382
f 391//391 393//393 396//396
f 391//391 396//396 398//398
f 2810//2810 2811//2811 2812//2812
f 2813//2813 2811//2811 2814//2814
f 433//433 434//434 431//431
f 443//443 442//442 2815//2815
f 2720//2720 451//451 450//450
f 456//456 2816//2816 454//454
f 455//455 453//453 456//456
f 455//455 454//454 2817//2817
f 469//469 2818//2818 470//470
f 497//497 2820//2820 2821//2821
f 2540//2540 2822//2822 2541//2541
f 2823//2823 2824//2824 2825//2825
f 583//583 578//578 579//579
f 2826//2826 2827//2827 2828//2828
f 671//671 674//674 2829//2829
f 2830//2830 709//709 708//708
f 719//719 720//720 723//723
f 754//754 2831//2831 755//755
f 850//850 849//849 2743//2743
f 2832//2832 849//849 851//851
f 885//885 879//879 884//884
f 891//891 2833//2833 890//890
f 895//895 898//898 899//899
f 2746//2746 938//938 935//935
f 2834//2834 937//937 936//936
f 2835//2835 2748//2748 2750//2750
f 2836//2836 2835//2835 2837//2837
f 952//952 2838//2838 953//953
f 2839//2839 973//973 975//975
f 976//976 2840//2840 2691//2691
f 988//988 991//991 990//990
f 1008//1008 999//999 1001//1001
f 1010//1010 1003//1003 999//999
f 1000//1000 1002//1002 1004//1004
f 1008//1008 1001//1001 1009//1009
f 1015//1015 2614//2614 1016//1016
f 2841//2841 2842//2842 2843//2843
f 1034//1034 1037//1037 1039//1039
f 1042//1042 1044//1044 1043//1043
f 1146//1146 1148//1148 2844//2844
f 1186//1186 1191//1191 1189//1189
f 2845//2845 1189//1189 1193//1193
f 1205//1205 1204//1204 1207//1207
f 1206//1206 1207//1207 2846//2846
f 1224//1224 2847//2847 1225//1225
f 1239//1239 1241//1241 2848//2848
f 1243//1243 1245//1245 1244//1244
f 1279//1279 1277//1277 1276//1276
f 1329//1329 1331//1331 2849//2849
f 2850//2850 2754//2754 2753//2753
f 2755//2755 2851//2851 2753//2753
f 2692//2692 2852//2852 1341//1341
f 2558//2558 2560//2560 2853//2853
f 2561//2561 1366//1366 2619//2619
f 2854//2854 2855//2855 2856//2856
f 1421//1421 1423//1423 2695//2695
f 2857//2857 2858//2858 2859//2859
f 1452//1452 1453//1453 1460//1460
f 1446//1446 1458//1458 1447//1447
f 2860//2860 1447//1447 1458//1458
f 1455//1455 1459//1459 1446//1446
f 1462//1462 1454//1454 1448//1448
f 1457//1457 1455//1455 1456//1456
f 2861//2861 1482//1482 2624//2624
f 1491//1491 1493//1493 2862//2862
f 2863//2863 1499//1499 1498//1498
f 1505//1505 2864//2864 1506//1506
f 1525//1525 2865//2865 1529//1529
f 1541//1541 1533//1533 1532//1532
f 2866//2866 1533//1533 2867//2867
f 1548//1548 1532//1532 1534//1534
f 2568//2568 2868//2868 2566//2566
f 1572//1572 2869//2869 1573//1573
f 1581//1581 1583//1583 2870//2870
f 2871//2871 2872//2872 2873//2873
f 1602//1602 1596//1596 1595//1595
f 1599//1599 2874//2874 1604//1604
f 1606//1606 1605//1605 2875//2875
f 1606//1606 2876//2876 1607//1607
f 2877//2877 2878//2878 2876//2876
f 2879//2879 2880//2880 2881//2881
f 2882//2882 3008//3008 1641//1641 1640//1640
f 1643//1643 1645//1645 2883//2883
f 2884//2884 2885//2885 2886//2886
f 1652//1652 1653//1653 1651//1651
f 1681//1681 1683//1683 1678//1678
f 2887//2887 1684//1684 1686//1686
f 1700//1700 1702//1702 2888//2888
f 2889//2889 1706//1706 1708//1708
f 1712//1712 1716//1716 2771//2771
f 1740//1740 2890//2890 1738//1738
f 1740//1740 1739//1739 2891//2891
f 1739//1739 2892//2892 2891//2891
f 1761//1761 1769//1769 1762//1762
f 2893//2893 2894//2894 2895//2895
f 2773//2773 2776//2776 2774//2774
f 2896//2896 2897//2897 2898//2898
f 1827//1827 2899//2899 1825//1825
f 1855//1855 1854//1854 2900//2900
f 2901//2901 1860//1860 1864//1864
f 2779//2779 2778//2778 2902//2902
f 1884//1884 1886//1886 1887//1887
f 2903//2903 2904//2904 1936//1936
f 1936//1936 2904//2904 1934//1934
f 2905//2905 1934//1934 2904//2904
f 1941//1941 1940//1940 1951//1951
f 1952//1952 1951//1951 1940//1940
f 2040//2040 2042//2042 2906//2906
f 2907//2907 2908//2908 2909//2909
f 2910//2910 2055//2055 2057//2057
f 2096//2096 2094//2094 2093//2093
f 2912//2912 2106//2106 2109//2109 2911//2911
f 2110//2110 2112//2112 2114//2114
f 2172//2172 2174//2174 2176//2176
f 2178//2178 2913//2913 2708//2708
f 2178//2178 2914//2914 2913//2913
f 2202//2202 2201//2201 2198//2198
f 2214//2214 2213//2213 2915//2915
f 2224//2224 2222//2222 2220//2220
f 2916//2916 2917//2917 2918//2918
f 2919//2919 2920//2920 2921//2921
f 2228//2228 2227//2227 2234//2234
f 2227//2227 2230//2230 2922//2922
f 2229//2229 2232//2232 2230//2230
f 2241//2241 2240//2240 2923//2923
f 2271//2271 2268//2268 2924//2924
f 2319//2319 2324//2324 2322//2322
f 2379//2379 2382//2382 2380//2380
f 2386//2386 2925//2925 2387//2387
f 2391//2391 2926//2926 2389//2389
f 2422//2422 2419//2419 2421//2421
f 2927//2927 2447//2447 2446//2446
f 2928//2928 2481//2481 2485//2485
f 2486//2486 2481//2481 2483//2483
f 2488//2488 2490//2490 2929//2929
f 2491//2491 2493//2493 2498//2498
f 2500//2500 2499//2499 2794//2794
f 2507//2507 2712//2712 2505//2505
f 2522//2522 2521//2521 2930//2930
f 2582//2582 2529//2529 2528//2528
f 396//396 395//395 398//398
f 872//872 2608//2608 873//873
f 2713//2713 2797//2797 1802//1802
f 1948//1948 1946//1946 1945//1945
f 2110//2110 2931//2931 2646//2646
f 2227//2227 2922//2922 2236//2236
f 1562//1562 1558//1558 1557//1557
f 2932//2932 1254//1254 1253//1253
f 2695//2695 2696//2696 2933//2933
f 94//94 2934//2934 95//95
f 167//167 159//159 161//161
f 174//174 172//172 175//175
f 179//179 182//182 180//180
f 368//368 365//365 364//364
f 2600//2600 508//508 507//507
f 2936//2936 2723//2723 2937//2937
f 537//537 2938//2938 538//538
f 561//561 550//550 554//554
f 645//645 2939//2939 646//646
f 705//705 2940//2940 706//706
f 722//722 729//729 718//718
f 725//725 716//716 715//715
f 909//909 2941//2941 910//910
f 2750//2750 2942//2942 2835//2835
f 965//965 962//962 961//961
f 997//997 2943//2943 998//998
f 999//999 1008//1008 1010//1010
f 999//999 1002//1002 1000//1000
f 1032//1032 2944//2944 1033//1033
f 1189//1189 1191//1191 1193//1193
f 1238//1238 1232//1232 1236//1236
f 1239//1239 1245//1245 1240//1240
f 1260//1260 2945//2945 1261//1261
f 1290//1290 1289//1289 1295//1295
f 1327//1327 2946//2946 1328//1328
f 2947//2947 2858//2858 2857//2857
f 2759//2759 1470//1470 1466//1466
f 1478//1478 2948//2948 1476//1476
f 1512//1512 1516//1516 1517//1517
f 2870//2870 1583//1583 2949//2949
f 2950//2950 2951//2951 2952//2952
f 1649//1649 1652//1652 1651//1651
f 2953//2953 1735//1735 2954//2954
f 1745//1745 2955//2955 2956//2956
f 1788//1788 1782//1782 1784//1784 1786//1786
f 2957//2957 1852//1852 1851//1851
f 1939//1939 1943//1943 1940//1940
f 2097//2097 2096//2096 2958//2958
f 2283//2283 2959//2959 2282//2282
f 2298//2298 2960//2960 2300//2300
f 2962//2962 2465//2465 2464//2464 2961//2961
f 2964//2964 2965//2965 2966//2966
f 2967//2967 2962//2962 2961//2961
f 2626//2626 2968//2968 2627//2627
f 873//873 2608//2608 2969//2969
f 1420//1420 2970//2970 1417//1417
f 2131//2131 2133//2133 2971//2971
f 672//672 670//670 2972//2972
f 2096//2096 2093//2093 2099//2099
f 90//90 92//92 2973//2973
f 136//136 135//135 137//137
f 136//136 138//138 141//141
f 152//152 154//154 157//157
f 155//155 160//160 158//158
f 166//166 156//156 158//158
f 158//158 169//169 166//166
f 281//281 2975//2975 282//282
f 300//300 306//306 307//307 297//297
f 2809//2809 318//318 308//308
f 323//323 2809//2809 310//310
f 335//335 341//341 340//340
f 369//369 367//367 364//364
f 2812//2812 2811//2811 2813//2813
f 430//430 429//429 2976//2976
f 522//522 521//521 525//525
f 530//530 2824//2824 528//528
f 542//542 543//543 540//540
f 2977//2977 2978//2978 2979//2979
f 2980//2980 2981//2981 2982//2982
f 2983//2983 3080//3080 2984//2984 2985//2985
f 709//709 2986//2986 710//710
f 2986//2986 711//711 710//710
f 796//796 798//798 2987//2987
f 855//855 2988//2988 856//856
f 887//887 889//889 2989//2989
f 904//904 907//907 2990//2990
f 974//974 2991//2991 975//975
f 2992//2992 2993//2993 2994//2994
f 2995//2995 3048//3048 1068//1068 1071//1071
f 2996//2996 2997//2997 2998//2998
f 2999//2999 3000//3000 1175//1175
f 1221//1221 1223//1223 1226//1226
f 1250//1250 1252//1252 3001//3001
f 1364//1364 1366//1366 2562//2562
f 1418//1418 3002//3002 1419//1419
f 1439//1439 1440//1440 1442//1442
f 1441//1441 1440//1440 1444//1444
f 1450//1450 1455//1455 1451//1451
f 1449//1449 1451//1451 1453//1453
f 1451//1451 1457//1457 1463//1463
f 1469//1469 2623//2623 1467//1467
f 1524//1524 1527//1527 1525//1525
f 1543//1543 1536//1536 1535//1535
f 1535//1535 1537//1537 1544//1544
f 1544//1544 1537//1537 1539//1539
f 1534//1534 2866//2866 1542//1542
f 1543//1543 1546//1546 1547//1547
f 1535//1535 1546//1546 1543//1543
f 1547//1547 1534//1534 1543//1543
f 3003//3003 3004//3004 2567//2567
f 3005//3005 1599//1599 1598//1598
f 3006//3006 3005//3005 3007//3007
f 2879//2879 2630//2630 2629//2629 2880//2880
f 3009//3009 2767//2767 3010//3010
f 3011//3011 3012//3012 3013//3013
f 1933//1933 1935//1935 1934//1934
f 1969//1969 1971//1971 3014//3014
f 2020//2020 2022//2022 2024//2024
f 2118//2118 2120//2120 3015//3015
f 2215//2215 2216//2216 2213//2213
f 2214//2214 2915//2915 3016//3016
f 2922//2922 2230//2230 2239//2239
f 3017//3017 3018//3018 3019//3019
f 2394//2394 2396//2396 2400//2400
f 2427//2427 3020//3020 2424//2424
f 3021//3021 3022//3022 3023//3023
f 2494//2494 2493//2493 2492//2492
f 2492//2492 2491//2491 3024//3024
f 2524//2524 2526//2526 3025//3025
f 2562//2562 2561//2561 3026//3026
f 2356//2356 2359//2359 2357//2357
f 2666//2666 789//789 794//794
f 1644//1644 1643//1643 3027//3027
f 2581//2581 2582//2582 3028//3028
f 1585//1585 1584//1584 3029//3029
f 104//104 3030//3030 105//105
f 129//129 131//131 3031//3031
f 158//158 159//159 169//169
f 210//210 218//218 211//211
f 2806//2806 2590//2590 245//245
f 2807//2807 3032//3032 281//281
f 278//278 284//284 279//279
f 308//308 310//310 2809//2809
f 313//313 312//312 323//323
f 332//332 334//334 3033//3033
f 425//425 3034//3034 427//427
f 514//514 509//509 510//510
f 607//607 3036//3036 608//608
f 3037//3037 3038//3038 2985//2985
f 664//664 3039//3039 665//665
f 684//684 3040//3040 685//685
f 3041//3041 689//689 686//686
f 717//717 719//719 715//715
f 728//728 718//718 729//729
f 730//730 732//732 3043//3043
f 847//847 3044//3044 2742//2742
f 873//873 3045//3045 876//876
f 925//925 921//921 923//923
f 981//981 983//983 985//985
f 3046//3046 2841//2841 2843//2843
f 1055//1055 1049//1049 1051//1051
f 3047//3047 3048//3048 2995//2995
f 1122//1122 1124//1124 2997//2997
f 2997//2997 2996//2996 1122//1122
f 1190//1190 1189//1189 2845//2845
f 1191//1191 1186//1186 3049//3049
f 1211//1211 1213//1213 1209//1209
f 1217//1217 3050//3050 1214//1214
f 1214//1214 1216//1216 1217//1217
f 1222//1222 3051//3051 1223//1223
f 1298//1298 3052//3052 1300//1300
f 2753//2753 2757//2757 2850//2850
f 1338//1338 3053//3053 3054//3054
f 3055//3055 3056//3056 1393//1393
f 1424//1424 3057//3057 1428//1428
f 2759//2759 3058//3058 1470//1470
f 2948//2948 1478//1478 1479//1479
f 3059//3059 1483//1483 1482//1482
f 1585//1585 1592//1592 1586//1586
f 1586//1586 3060//3060 1589//1589
f 1584//1584 1590//1590 3029//3029
f 2767//2767 3009//3009 1674//1674
f 3061//3061 1685//1685 1684//1684
f 1712//1712 2771//2771 1713//1713
f 1864//1864 1860//1860 1859//1859 3062//3062
f 1873//1873 1875//1875 1874//1874
f 1899//1899 3063//3063 1900//1900
f 1930//1930 3064//3064 1931//1931
f 1938//1938 1934//1934 2905//2905
f 1954//1954 1955//1955 1939//1939
f 1980//1980 1979//1979 3065//3065
f 3066//3066 3067//3067 3068//3068
f 2087//2087 2785//2785 2088//2088
f 2098//2098 2093//2093 2095//2095
f 2141//2141 2138//2138 2143//2143
f 2153//2153 2149//2149 2151//2151
f 2192//2192 3069//3069 2194//2194
f 2251//2251 3070//3070 2248//2248
f 2290//2290 2292//2292 3071//3071
f 2298//2298 2300//2300 2296//2296
f 2374//2374 2373//2373 2372//2372
f 2431//2431 2430//2430 2710//2710
f 2477//2477 2469//2469 2473//2473
f 3073//3073 3074//3074 3075//3075
f 2530//2530 2529//2529 3076//3076
f 2556//2556 2999//2999 1175//1175
f 3077//3077 1297//1297 3078//3078
f 1599//1599 3005//3005 3006//3006
f 444//444 2598//2598 3079//3079
f 1634//1634 1638//1638 1635//1635
f 2637//2637 2796//2796 2638//2638
f 1607//1607 2876//2876 2878//2878
f 2194//2194 2190//2190 2193//2193
f 3055//3055 1393//1393 1395//1395
f 2299//2299 2960//2960 2298//2298
f 851//851 850//850 853//853
f 3003//3003 3081//3081 3004//3004
f 155//155 157//157 154//154
f 170//170 172//172 174//174
f 193//193 186//186 188//188
f 191//191 192//192 188//188
f 274//274 3089//3089 277//277
f 287//287 3090//3090 288//288
f 311//311 313//313 315//315
f 321//321 309//309 308//308
f 357//357 359//359 362//362
f 367//367 370//370 3092//3092
f 378//378 376//376 379//379
f 375//375 374//374 3093//3093
f 428//428 430//430 3095//3095
f 538//538 543//543 539//539
f 554//554 552//552 555//555
f 576//576 3098//3098 577//577
f 620//620 622//622 3099//3099
f 2985//2985 2984//2984 3037//3037
f 765//765 769//769 766//766
f 864//864 865//865 867//867
f 925//925 923//923 926//926
f 1028//1028 1030//1030 3105//3105
f 1062//1062 1061//1061 1064//1064
f 1070//1070 1068//1068 1066//1066
f 1107//1107 1114//1114 1111//1111
f 1123//1123 3106//3106 1124//1124
f 3109//3109 3049//3049 1188//1188
f 1186//1186 1188//1188 3049//3049
f 1201//1201 1199//1199 1197//1197
f 1217//1217 1219//1219 3050//3050
f 1225//1225 1221//1221 1226//1226
f 1466//1466 1470//1470 1467//1467
f 1475//1475 1478//1478 1476//1476
f 1540//1540 3112//3112 1541//1541
f 3003//3003 1556//1556 3081//3081
f 1597//1597 1594//1594 1601//1601
f 1599//1599 3006//3006 2874//2874
f 1668//1668 1667//1667 3115//3115
f 3116//3116 1680//1680 1679//1679
f 1716//1716 1712//1712 1717//1717
f 1731//1731 3118//3118 1732//1732
f 1745//1745 2956//2956 1746//1746
f 1783//1783 3120//3120 1784//1784
f 3121//3121 1827//1827 3122//3122
f 1851//1851 1853//1853 1854//1854
f 1862//1862 1864//1864 3062//3062
f 1882//1882 1887//1887 1883//1883
f 1911//1911 1913//1913 1909//1909
f 3125//3125 2101//2101 3126//3126
f 2113//2113 2679//2679 2114//2114
f 2173//2173 2787//2787 2174//2174
f 2259//2259 2261//2261 2262//2262
f 2297//2297 2295//2295 2303//2303
f 2356//2356 2358//2358 2361//2361
f 2374//2374 3127//3127 2375//2375
f 3128//3128 2407//2407 2408//2408
f 340//340 338//338 337//337
f 518//518 520//520 525//525
f 1597//1597 1599//1599 1604//1604
f 2614//2614 3130//3130 2615//2615
f 2224//2224 2223//2223 2225//2225
f 527//527 518//518 521//521
f 2723//2723 2725//2725 2937//2937
f 2796//2796 2637//2637 2797//2797
f 1525//1525 1529//1529 1526//1526
f 3131//3131 3132//3132 1582//1582
f 3000//3000 1176//1176 1175//1175
vn 0.13154499232769012 -0.68659991025924683 0.71503597497940063
vn 0.032525736838579178 0.018281994387507439 0.99930369853973389
vn 0.162053182721138 -0.68865197896957397 0.70675116777420044
vn -0.023099547252058983 0.73673754930496216 0.67578417062759399
vn -0.0065235043875873089 0.41123703122138977 0.91150510311126709
vn 0.021896183490753174 0.38506621122360229 0.92262917757034302
vn 0.040093742311000824 -0.64263063669204712 0.76512640714645386
vn 0.06265026330947876 -0.59499269723892212 0.80128562450408936
vn 0.061962712556123734 0.38289341330528259 0.92171216011047363
vn 0.035998404026031494 -0.43811330199241638 0.89819866418838501
vn 0.037580329924821854 -0.40845894813537598 0.91200274229049683
vn 0.035538673400878906 -0.54647082090377808 0.83672374486923218
vn 0.04743754118680954 0.50079643726348877 0.86426419019699097
vn 0.036441367119550705 0.47209939360618591 0.88079178333282471
vn 0.035337600857019424 -0.49287045001983643 0.86938482522964478
vn 0.4079376757144928 -0.88344037532806396 0.23047757148742676
vn 0.36925894021987915 -0.82210397720336914 0.43335071206092834
vn 0.044970162212848663 0.05054132267832756 0.99770897626876831
vn 0.29738703370094299 -0.83063691854476929 0.47074753046035767
vn 0.246108278632164 -0.73010796308517456 0.63747400045394897
vn 0.098856367170810699 -0.034339755773544312 0.99450904130935669
vn 0.53333020210266113 -0.65023255348205566 0.54106980562210083
vn 0.48881399631500244 -0.67713302373886108 0.55004703998565674
vn 0.72501075267791748 0.00026020666700787842 0.68873751163482666
vn 0.62733757495880127 -0.029448250308632851 0.77819043397903442
vn 0.35141238570213318 0.0025783360470086336 0.93621724843978882
vn 0.039779633283615112 0.2897927463054657 0.95626240968704224
vn -0.038076836615800858 -0.47051140666007996 0.88157200813293457
vn -0.058306004852056503 -0.48688426613807678 0.87151825428009033
vn -0.014045658521354198 -0.42009621858596802 0.90737086534500122
vn 0.050344634801149368 0.37419956922531128 0.92598062753677368
vn 0.053083781152963638 0.44258368015289307 0.89515465497970581
vn -0.092467322945594788 -0.60784637928009033 0.78865242004394531
vn 0.010666327551007271 0.12083759903907776 0.9926149845123291
vn 0.0529610775411129 0.52052408456802368 0.8522028923034668
vn -0.0042847665026783943 -0.45132729411125183 0.89234822988510132
vn 0.015082045458257198 0.23559102416038513 0.97173523902893066
vn -0.13254481554031372 -0.57530266046524048 0.80712991952896118
vn -0.25376546382904053 -0.59903049468994141 0.75945085287094116
vn -0.079202666878700256 0.23339945077896118 0.96914994716644287
vn -0.051474932581186295 0.18557529151439667 0.9812808632850647
vn -0.32288113236427307 -0.53376483917236328 0.78156435489654541
vn 0.17943002283573151 -0.026028133928775787 0.98342633247375488
vn 0.069072060286998749 0.62284988164901733 0.77928626537322998
vn 0.088428869843482971 0.5086551308631897 0.85641711950302124
vn 0.085831739008426666 0.49487796425819397 0.86471307277679443
vn 0.38555502891540527 -0.45975905656814575 0.79998058080673218
vn 0.38522985577583313 -0.41061905026435852 0.82643204927444458
vn 0.17441053688526154 0.29275014996528625 0.94014805555343628
vn -0.86615198850631714 -0.028089415282011032 0.4989907443523407
vn -0.34435757994651794 0.012789676897227764 0.9387514591217041
vn -0.8192935585975647 -0.089913927018642426 0.56628048419952393
vn -0.95149660110473633 -0.00011345925304340199 0.3076593279838562
vn -0.68909913301467896 0.0072409175336360931 0.72463089227676392
vn 0.34147661924362183 -0.25907391309738159 0.90347903966903687
vn 0.13477000594139099 0.3894609808921814 0.91112959384918213
vn 0.10625462234020233 0.48101741075515747 0.87024837732315063
vn 0.33277958631515503 -0.75592756271362305 0.56376522779464722
vn 0.22793994843959808 -0.18698491156101227 0.95555222034454346
vn 0.065937444567680359 0.28742796182632446 0.95552992820739746
vn 0.077273666858673096 -0.69082313776016235 0.71888256072998047
vn 0.026440348476171494 -0.42623752355575562 0.90422481298446655
vn 0.1764945387840271 -0.70210236310958862 0.68985646963119507
vn -0.54950779676437378 -0.53632646799087524 0.6406208872795105
vn -0.443989098072052 -0.18983377516269684 0.87569218873977661
vn -0.3949737548828125 -0.17018216848373413 0.90279221534729004
vn 0.05047895759344101 -0.20020991563796997 0.97845178842544556
vn 0.086181469261646271 0.044554490596055984 0.99528270959854126
vn 0.066303402185440063 0.48933348059654236 0.86957263946533203
vn 0.015099087730050087 0.56796771287918091 0.82291233539581299
vn 0.38365557789802551 -0.60366874933242798 0.69885081052780151
vn 0.21509625017642975 -0.18023580312728882 0.95981699228286743
vn 0.11573285609483719 0.055835172533988953 0.99170982837677002
vn -0.55227774381637573 -0.042884714901447296 0.83255642652511597
vn -0.84060794115066528 -0.13123141229152679 0.52550601959228516
vn -0.57850390672683716 -0.037632491439580917 0.81481105089187622
vn -0.60667157173156738 -0.7378574013710022 0.29583123326301575
vn -0.62679922580718994 -0.6958853006362915 0.35052302479743958
vn -0.68585532903671265 -0.63727903366088867 0.3513941764831543
vn -0.69630032777786255 -0.66149461269378662 0.27855110168457031
vn -0.76136976480484009 -0.55124163627624512 0.34124583005905151
vn -0.90369337797164917 -0.29219597578048706 0.31298533082008362
vn -0.93553990125656128 -0.19160120189189911 0.2967391312122345
vn -0.93017911911010742 -0.28908121585845947 0.22627164423465729
vn -0.96435517072677612 -0.15925039350986481 0.21132536232471466
vn -0.80154168605804443 -0.53596276044845581 0.26509407162666321
vn -0.85492527484893799 -0.40862765908241272 0.31957191228866577
vn -0.86504590511322021 -0.43284514546394348 0.25365471839904785
vn -0.98115402460098267 -0.040299598127603531 0.18897821009159088
vn -0.95626294612884521 -0.096447855234146118 0.27615037560462952
vn -0.98332047462463379 0.011804066598415375 0.18149800598621368
vn -0.96316444873809814 -0.027866462245583534 0.26746523380279541
vn -0.2246665358543396 -0.89600640535354614 0.3830111026763916
vn -0.17474380135536194 -0.90148568153381348 0.39596489071846008
vn -0.13790258765220642 -0.88858169317245483 0.43749910593032837
vn -0.29578176140785217 -0.89690428972244263 0.32874897122383118
vn -0.32980012893676758 -0.87966442108154297 0.34266948699951172
vn -0.45286893844604492 -0.83197754621505737 0.32050439715385437
vn -0.55961388349533081 -0.75670367479324341 0.33798196911811829
vn -0.50363558530807495 -0.81202739477157593 0.29489442706108093
vn -0.55478936433792114 -0.77640259265899658 0.29901126027107239
vn -0.40662577748298645 -0.86463642120361328 0.29505819082260132
vn 0.60115599632263184 0.15641434490680695 -0.78367471694946289
vn 0.57166427373886108 0.17462778091430664 -0.80168890953063965
vn 0.76370221376419067 0.58572465181350708 -0.27145075798034668
vn 0.84830003976821899 0.42705848813056946 -0.31306245923042297
vn 0.61704772710800171 0.036967560648918152 -0.78605693578720093
vn 0.65125638246536255 0.13000598549842834 -0.74763864278793335
vn 0.23408509790897369 0.88369107246398926 0.40533226728439331
vn 0.4056192934513092 0.89534783363342285 -0.18391656875610352
vn 0.31526562571525574 0.9437524676322937 -0.099693708121776581
vn 0.36310335993766785 0.83396834135055542 0.41551503539085388
vn 0.42083340883255005 0.89982450008392334 0.11495721340179443
vn 0.071457624435424805 0.64814263582229614 0.75815892219543457
vn 0.076783664524555206 0.65920442342758179 0.74803328514099121
vn 0.21963098645210266 0.95975327491760254 0.17503096163272858
vn 0.055414512753486633 0.70145231485366821 0.71055889129638672
vn 0.052393712103366852 0.60731273889541626 0.79273331165313721
vn -0.046474248170852661 0.43506893515586853 0.89919698238372803
vn 0.78461736440658569 0.048869211226701736 -0.61805129051208496
vn 0.96302580833435059 0.22619269788265228 -0.14634950459003448
vn 0.98139488697052002 0.17491491138935089 -0.079175986349582672
vn 0.96151113510131836 0.04083830863237381 -0.27171403169631958
vn -0.12752096354961395 0.24379158020019531 -0.9614073634147644
vn -0.13522709906101227 0.74956119060516357 -0.64797502756118774
vn -0.058807134628295898 0.24200339615345001 -0.96849167346954346
vn -0.19629447162151337 0.18155628442764282 -0.96359002590179443
vn -0.25170162320137024 0.76086270809173584 -0.59810888767242432
vn 0.23140564560890198 0.82289952039718628 -0.51892942190170288
vn 0.25198686122894287 0.32602995634078979 -0.91115701198577881
vn 0.084301084280014038 0.77157098054885864 -0.63053274154663086
vn 0.045565534383058548 0.77093315124511719 -0.63528412580490112
vn 0.088463753461837769 0.87568020820617676 -0.47471925616264343
vn 0.1098829060792923 0.75613009929656982 -0.6451302170753479
vn -0.0049165915697813034 0.67905277013778687 -0.7340729832649231
vn 0.014792729169130325 0.83255362510681152 -0.55374687910079956
vn 0.030637502670288086 0.21582840383052826 -0.97595053911209106
vn 0.054382365196943283 0.20589375495910645 -0.97706210613250732
vn 0.0078413523733615875 0.1851288229227066 -0.98268300294876099
vn -0.017444947734475136 0.19417271018028259 -0.98081225156784058
vn -0.029648115858435631 0.75075674057006836 -0.65991312265396118
vn -0.041896939277648926 0.13473905622959137 -0.98999494314193726
vn 0.13323745131492615 0.78372752666473389 -0.60664570331573486
vn 0.070676900446414948 0.2080586701631546 -0.9755595326423645
vn 0.092226237058639526 0.87814813852310181 0.46941468119621277
vn 0.082871653139591217 0.97526580095291138 -0.20491202175617218
vn 0.045751798897981644 0.99698173999786377 -0.062722824513912201
vn 0.060607068240642548 0.81132924556732178 0.58143925666809082
vn -0.081961400806903839 0.34895035624504089 -0.93355017900466919
vn -0.10833438485860825 0.19555354118347168 -0.97469097375869751
vn -0.1777324378490448 0.35697552561759949 -0.91704940795898438
vn -0.078059844672679901 0.9301416277885437 -0.35880810022354126
vn -0.16695757210254669 0.93984246253967285 -0.29802900552749634
vn -0.29816055297851562 0.097685791552066803 -0.94950395822525024
vn -0.42142477631568909 0.64715516567230225 -0.63528841733932495
vn -0.23254561424255371 0.2494845986366272 -0.94004255533218384
vn 0.41963896155357361 0.25129568576812744 -0.87221193313598633
vn 0.43228596448898315 0.79876399040222168 -0.41845536231994629
vn 0.51912635564804077 0.7310326099395752 -0.44283083081245422
vn 0.29234752058982849 0.1955936998128891 -0.93609619140625
vn 0.36698850989341736 0.735709547996521 -0.56925469636917114
vn 0.47126662731170654 0.83981120586395264 0.26949000358581543
vn 0.058015037328004837 0.54654717445373535 0.83541631698608398
vn 0.48346221446990967 0.76331782341003418 0.42849758267402649
vn 0.17152790725231171 0.45754197239875793 0.87248700857162476
vn 0.61776244640350342 0.72324842214584351 0.30867663025856018
vn 0.038071446120738983 0.43681445717811584 0.89874559640884399
vn 0.1063682958483696 0.28190949559211731 0.95352649688720703
vn 0.55709511041641235 0.58626580238342285 0.58816444873809814
vn 0.59475302696228027 0.46913695335388184 0.65282416343688965
vn 0.75141996145248413 0.52895641326904297 0.39442756772041321
vn -0.067228756844997406 0.98953467607498169 0.12767700850963593
vn -0.047067102044820786 0.74306154251098633 -0.66756588220596313
vn 0.030555877834558487 0.87088239192962646 -0.49054074287414551
vn 0.006153622642159462 0.98008185625076294 0.19849862158298492
vn 0.03114018589258194 0.98055827617645264 0.19374147057533264
vn 0.57764846086502075 0.18744280934333801 -0.79447305202484131
vn 0.73840117454528809 0.64673781394958496 -0.19103391468524933
vn 0.70353889465332031 0.18817897140979767 -0.68528950214385986
vn 0.85639309883117676 0.5077815055847168 0.093534931540489197
vn 0.81456470489501953 0.57988297939300537 0.014833373948931694
vn 0.125931516289711 0.94031244516372681 -0.31615462899208069
vn 0.16307984292507172 0.87286555767059326 -0.45990291237831116
vn 0.15782994031906128 0.91761386394500732 -0.3647938072681427
vn 0.071441575884819031 0.97356057167053223 0.21696983277797699
vn 0.095482133328914642 0.98615717887878418 0.13556230068206787
vn -0.81764447689056396 -9.1474896180443466E-05 -0.57572346925735474
vn -0.8235899806022644 -0.00021656978060491383 -0.56718558073043823
vn -0.84128302335739136 0.00073081580922007561 -0.54059445858001709
vn -0.76087445020675659 -0.00020753845456056297 -0.64889907836914062
vn -0.75045031309127808 -6.381897401297465E-05 -0.66092687845230103
vn -0.086658403277397156 0.8826485276222229 0.46197608113288879
vn -0.26254501938819885 0.94969421625137329 -0.1707366406917572
vn -0.14268761873245239 0.87771397829055786 0.45744767785072327
vn -0.31888154149055481 0.94774341583251953 0.0098454346880316734
vn -0.11666196584701538 0.7978513240814209 0.59145855903625488
vn -0.24453794956207275 0.87334269285202026 -0.4212762713432312
vn -0.18661999702453613 0.15181384980678558 -0.97063153982162476
vn -0.058042101562023163 0.31244701147079468 -0.94816029071807861
vn -0.35696876049041748 0.87090122699737549 -0.33779332041740417
vn -0.33950796723365784 0.23185713589191437 -0.9115791916847229
vn -0.30159381031990051 0.31256404519081116 -0.90074682235717773
vn 0.44201195240020752 0.28662854433059692 -0.84998208284378052
vn 0.4932209849357605 0.83301788568496704 -0.25062766671180725
vn 0.53709560632705688 0.26086056232452393 -0.80217206478118896
vn 0.57085907459259033 0.77102917432785034 -0.2821948230266571
vn 0.63926875591278076 0.74598002433776855 -0.18667948246002197
vn 0.5832478404045105 0.22424852848052979 -0.78072690963745117
vn -0.24779511988162994 0.35426455736160278 -0.90171736478805542
vn -0.25444447994232178 0.15060751140117645 -0.9552881121635437
vn -0.35528367757797241 0.32763770222663879 -0.87545818090438843
vn -0.44345605373382568 0.7361641526222229 -0.51128178834915161
vn -0.43986648321151733 0.82967901229858398 -0.34372985363006592
vn -0.3639160692691803 0.20212729275226593 -0.90923577547073364
vn -0.27787762880325317 0.92569512128829956 -0.25665643811225891
vn -0.22013984620571136 0.4022897481918335 -0.88865143060684204
vn -0.031275436282157898 0.93680191040039062 -0.34845954179763794
vn -0.038487434387207031 0.28897619247436523 -0.956562340259552
vn -0.065031737089157104 0.90522271394729614 -0.41993182897567749
vn 0.018872920423746109 0.94930630922317505 -0.31378543376922607
vn -0.016645321622490883 0.32339000701904297 -0.94611936807632446
vn 0.075096763670444489 0.94579207897186279 -0.31597116589546204
vn 0.023536747321486473 0.33914649486541748 -0.94043910503387451
vn 0.12175536155700684 0.94318008422851562 -0.30917137861251831
vn 0.081563420593738556 0.31697633862495422 -0.94491976499557495
vn 0.067113235592842102 0.35934659838676453 -0.93078774213790894
vn -0.052193652838468552 0.26193138957023621 -0.96367412805557251
vn 0.13835923373699188 0.90381890535354614 -0.40492981672286987
vn 0.37266123294830322 0.1106724813580513 -0.92134422063827515
vn 0.3085777759552002 0.44908449053764343 -0.83851230144500732
vn 0.19824479520320892 0.29397642612457275 -0.93502771854400635
vn 0.4132310152053833 0.45005050301551819 -0.7916405200958252
vn 0.47414830327033997 0.4502510130405426 -0.75660914182662964
vn 0.041259948164224625 0.99233728647232056 -0.11646584421396255
vn 0.13142074644565582 0.9843822717666626 0.11713287234306335
vn 0.13077861070632935 0.95736479759216309 -0.2575840950012207
vn 0.22123397886753082 0.90016496181488037 -0.37517809867858887
vn 0.22849054634571075 0.26988530158996582 -0.93538975715637207
vn 0.18314394354820251 0.34703028202056885 -0.91979795694351196
vn 0.27347454428672791 0.3635944128036499 -0.89051151275634766
vn 0.28478845953941345 0.9391101598739624 -0.19226975739002228
vn 0.18693777918815613 0.28601190447807312 -0.93981456756591797
vn 0.20314127206802368 0.84944742918014526 -0.48700380325317383
vn 0.27717995643615723 0.7633100152015686 -0.58354866504669189
vn 0.26030397415161133 0.18309979140758514 -0.94800651073455811
vn 0.14726772904396057 0.7472420334815979 -0.64802896976470947
vn 0.081863723695278168 0.13850677013397217 -0.98697221279144287
vn -0.93939059972763062 -0.00052148092072457075 0.34284842014312744
vn -0.92620313167572021 0.016541346907615662 0.37666186690330505
vn -0.9523044228553772 0.053182803094387054 0.3004794716835022
vn -0.94993793964385986 0.1407448798418045 0.27894234657287598
vn -0.93614065647125244 0.099872149527072906 0.33714425563812256
vn -0.93152272701263428 0.21577709913253784 0.29275521636009216
vn -0.96604126691818237 0.087423615157604218 0.24314895272254944
vn -0.95832228660583496 0.0062460354529321194 0.28562113642692566
vn -0.87950462102890015 0.45126423239707947 0.15110322833061218
vn -0.82586991786956787 0.55716460943222046 0.086639769375324249
vn -0.9018593430519104 0.40749439597129822 0.1435200423002243
vn -0.9240308403968811 -0.0021042474545538425 0.38231220841407776
vn -0.9206576943397522 0.33012080192565918 0.20834974944591522
vn -0.88982629776000977 0.40582650899887085 0.20860001444816589
vn -0.10223141312599182 0.90897649526596069 0.40411695837974548
vn -0.25915592908859253 0.88337022066116333 -0.39050644636154175
vn -0.15469194948673248 0.95582455396652222 -0.24993973970413208
vn -0.31730851531028748 0.91439241170883179 -0.25139978528022766
vn -0.43707895278930664 0.65346032381057739 -0.61802232265472412
vn -0.35396811366081238 0.91337192058563232 -0.20114243030548096
vn -0.41248190402984619 0.71796655654907227 -0.56069844961166382
vn -0.44090411067008972 0.74372273683547974 -0.50247395038604736
vn -0.36064866185188293 0.2291170209646225 -0.90412276983261108
vn 0.0023614291567355394 0.91457349061965942 0.40441280603408813
vn -0.1387074887752533 0.94873416423797607 -0.28401356935501099
vn -0.091564223170280457 0.91537415981292725 0.39205372333526611
vn 0.35606896877288818 0.22696323692798615 0.90647810697555542
vn 0.79177838563919067 0.36124682426452637 0.49253195524215698
vn 0.68484383821487427 0.44606518745422363 0.57620722055435181
vn 0.30505353212356567 0.10372807830572128 0.94666934013366699
vn 0.77378875017166138 0.15980346500873566 0.61295503377914429
vn 0.85482221841812134 0.070695929229259491 0.51408272981643677
vn 0.25836008787155151 0.0057128532789647579 0.96603178977966309
vn 0.41734564304351807 0.85735809803009033 -0.30126357078552246
vn 0.44083839654922485 0.305357426404953 -0.84404879808425903
vn 0.32808077335357666 0.33225229382514954 -0.88429147005081177
vn 0.39608857035636902 0.15047845244407654 -0.90579801797866821
vn 0.3932117223739624 0.6955636739730835 -0.60131168365478516
vn 0.50733155012130737 0.48451566696166992 -0.71264243125915527
vn 0.27516299486160278 0.34982556104660034 -0.89549285173416138
vn 0.27921733260154724 0.80717945098876953 -0.52009522914886475
vn 0.95643526315689087 0.26729562878608704 -0.11740817874670029
vn 0.65726852416992188 0.001760446815751493 -0.75365442037582397
vn 0.72144860029220581 0.1011015996336937 -0.6850476861000061
vn -0.37228149175643921 0.85338050127029419 -0.36489474773406982
vn -0.41419515013694763 0.8386957049369812 -0.35359853506088257
vn -0.32992467284202576 0.83266174793243408 -0.44477418065071106
vn -0.17389926314353943 0.82033991813659668 -0.54479491710662842
vn -0.26996639370918274 0.85475021600723267 -0.44330602884292603
vn -0.2361663430929184 0.81637603044509888 -0.52702528238296509
vn -0.061282120645046234 0.70798397064208984 -0.70356464385986328
vn 0.043149314820766449 0.69843542575836182 -0.71437114477157593
vn -0.053143039345741272 0.76031827926635742 -0.64737308025360107
vn 0.11651912331581116 0.61874663829803467 -0.7769014835357666
vn 0.13845902681350708 0.68728381395339966 -0.71307086944580078
vn 0.25992590188980103 0.68679410219192505 -0.67878741025924683
vn 0.19245629012584686 0.76527249813079834 -0.61426258087158203
vn 0.19212841987609863 0.67652451992034912 -0.71091574430465698
vn 0.15207526087760925 0.76749414205551147 -0.62275665998458862
vn 0.38620448112487793 0.61887258291244507 -0.68399035930633545
vn 0.34461423754692078 0.70665526390075684 -0.61796385049819946
vn 0.26730474829673767 0.76528286933898926 -0.58556836843490601
vn -0.26711234450340271 0.78758901357650757 -0.55529677867889404
vn -0.35540375113487244 0.82534760236740112 -0.43873625993728638
vn -0.17129507660865784 0.78120017051696777 -0.60032016038894653
vn -0.1061113253235817 0.69936883449554443 -0.7068406343460083
vn -0.33482789993286133 0.87048953771591187 -0.36074686050415039
vn 0.22688195109367371 0.56768101453781128 -0.79136770963668823
vn 0.20675183832645416 0.52890729904174805 -0.82311040163040161
vn 0.30555716156959534 0.51137763261795044 -0.80319845676422119
vn 0.11493448913097382 0.71863055229187012 -0.68582808971405029
vn 0.12627688050270081 0.93280231952667236 -0.33754104375839233
vn 0.046000700443983078 0.25319045782089233 -0.96632218360900879
vn 0.027031851932406425 0.86581319570541382 -0.49963667988777161
vn -0.75392007827758789 0.65424102544784546 0.059776518493890762
vn -0.80916029214859009 0.57625925540924072 0.11482551693916321
vn -0.69827061891555786 0.71390527486801147 0.052511062473058701
vn -0.45604506134986877 0.88388991355895996 -0.10373765230178833
vn -0.45030340552330017 0.88755917549133301 -0.097291223704814911
vn -0.35375872254371643 0.92293930053710938 -0.15178194642066956
vn -0.80649536848068237 0.58654254674911499 0.074384063482284546
vn -0.30904737114906311 0.93462705612182617 -0.17596006393432617
vn -0.26642575860023499 0.94416546821594238 -0.19382688403129578
vn -0.30754140019416809 0.93570888042449951 -0.17282125353813171
vn -0.59172517061233521 0.80579757690429688 -0.023485224694013596
vn -0.57641428709030151 0.81690090894699097 -0.02048112079501152
vn -0.66162198781967163 0.74882614612579346 0.038933549076318741
vn -0.74471068382263184 0.66035473346710205 0.096631377935409546
vn -0.49865922331809998 0.86369216442108154 -0.07331354171037674
vn -0.12958802282810211 0.95719844102859497 -0.2588011622428894
vn -0.18596746027469635 0.95584100484848022 -0.22756111621856689
vn -0.1527063250541687 0.95622199773788452 -0.24964024126529694
vn -0.24578787386417389 0.94902026653289795 -0.1973545104265213
vn 0.37028405070304871 -1.4734258911630604E-05 -0.92891860008239746
vn 0.39545154571533203 -3.5153101634932682E-05 -0.9184868335723877
vn 0.40303784608840942 -8.0798898125067353E-05 -0.91518330574035645
vn 0.57492303848266602 -0.00014699237362947315 -0.8182075023651123
vn 0.53821688890457153 -0.00017486652359366417 -0.84280633926391602
vn 0.57504129409790039 -4.0466838981956244E-05 -0.81812441349029541
vn 0.63501185178756714 -0.00013502566434908658 -0.77250242233276367
vn 0.61616939306259155 -0.00023961682745721191 -0.7876136302947998
vn 0.65212929248809814 0.0011101881973445415 -0.75810694694519043
vn 0.36200779676437378 -8.2361359091009945E-05 -0.93217504024505615
vn 0.19194966554641724 0.90832358598709106 -0.37162292003631592
vn 0.1561112105846405 0.92915582656860352 -0.33511006832122803
vn 0.24369882047176361 0.86514490842819214 -0.43833231925964355
vn 0.036343488842248917 0.94437527656555176 -0.32685542106628418
vn 0.052049551159143448 0.95739847421646118 -0.28404051065444946
vn 0.10432760417461395 0.94060009717941284 -0.32309004664421082
vn 0.148890420794487 0.91314184665679932 -0.37947803735733032
vn 0.22498363256454468 0.87777680158615112 -0.42295414209365845
vn 0.26165604591369629 0.86979645490646362 -0.41831836104393005
vn 0.27340012788772583 0.80731165409088135 -0.5229724645614624
vn 0.130904421210289 0.87416636943817139 -0.4676506519317627
vn 0.33789056539535522 0.75851917266845703 -0.55720603466033936
vn 0.29885071516036987 0.83018702268600464 -0.47061419486999512
vn 0.38347211480140686 0.76923322677612305 -0.51110601425170898
vn 0.4404338002204895 0.69991344213485718 -0.56226259469985962
vn 0.49046531319618225 0.63038110733032227 -0.60171705484390259
vn 0.38048741221427917 0.79448145627975464 -0.47331658005714417
vn 0.077080942690372467 0.91502690315246582 -0.39595997333526611
vn 0.99158668518066406 0.068705178797245026 0.10970594733953476
vn 0.98353344202041626 0.14483931660652161 0.10809037089347839
vn 0.99360299110412598 0.017259074375033379 0.11160304397344589
vn 0.88932615518569946 0.44830730557441711 0.090108714997768402
vn 0.94715213775634766 0.30464547872543335 0.10046879202127457
vn 0.93944442272186279 0.32793939113616943 0.09949839860200882
vn 0.97391748428344727 0.20115290582180023 0.10498674213886261
vn 0.35024884343147278 0.93652522563934326 0.015692168846726418
vn 0.41335573792457581 0.91024672985076904 0.024246428161859512
vn 0.40671548247337341 0.91324996948242188 0.023600462824106216
vn 0.50296300649642944 0.86355495452880859 0.036070097237825394
vn 0.475676029920578 0.87901973724365234 0.032505489885807037
vn -0.14943128824234009 0.9886329174041748 0.016590891405940056
vn -0.17654915153980255 0.98415666818618774 0.016309477388858795
vn -0.092049278318881989 0.99569660425186157 0.010732932016253471
vn -0.24027267098426819 0.97068566083908081 0.0061915423721075058
vn -0.37958830595016479 0.92515444755554199 -0.0014201895100995898
vn -0.35287272930145264 0.9356377124786377 -0.0079285698011517525
vn -0.37046912312507629 0.92884474992752075 -8.9017041318584234E-05
vn -0.31248143315315247 0.94992107152938843 -0.0022957429755479097
vn -0.29393255710601807 0.95580369234085083 -0.0065516275353729725
vn -0.35904273390769958 0.93332111835479736 0.00020070001482963562
vn 0.046897184103727341 0.99889969825744629 -0.00011519481631694362
vn 0.23384416103363037 0.97227084636688232 0.0025176010094583035
vn 0.09517969936132431 0.99546009302139282 -0.0001925142714753747
vn -0.067928820848464966 0.99768954515457153 -0.0010917459148913622
vn -0.071665056049823761 0.99742871522903442 0.000249812554102391
vn -0.034505926072597504 0.99940431118011475 0.000633902323897928
vn -0.02428562194108963 0.99970495700836182 0.0005137475673109293
vn -0.00010262097930535674 0.99999940395355225 0.0010830016108229756
vn -0.0012558128219097853 0.99999904632568359 0.00053002760978415608
vn 0.010375767014920712 0.99994617700576782 0.00011381341028027236
vn 0.012379675172269344 0.99992293119430542 0.00090981397079303861
vn 0.20697715878486633 0.97824949026107788 -0.013726755976676941
vn 0.32708737254142761 0.94499176740646362 -0.002093795221298933
vn 0.22881680727005005 0.97344237565994263 -0.0072710691019892693
vn 0.038028612732887268 0.99908328056335449 -0.01965709961950779
vn 0.11024458706378937 0.99381369352340698 -0.013436164706945419
vn -0.010305589996278286 0.99984651803970337 -0.014166343957185745
vn -0.10171283036470413 0.99471479654312134 -0.014035038650035858
vn -0.2051062136888504 0.9786980152130127 -0.0090332189574837685
vn -0.13977733254432678 0.99009686708450317 -0.01305541954934597
vn 0.027408210560679436 -8.4062856331001967E-05 -0.99962431192398071
vn 0.031219705939292908 9.6890886197797954E-05 -0.99951255321502686
vn 0.040396440774202347 0.00064285175176337361 -0.9991835355758667
vn -0.0071674780920147896 -0.00026726769283413887 -0.99997425079345703
vn -0.021823639050126076 4.4807173253502697E-05 -0.99976181983947754
vn -0.017844978719949722 0.00026549521135166287 -0.99984073638916016
vn -0.25843563675880432 -0.00050663785077631474 -0.96602833271026611
vn -0.15567320585250854 -0.0067819906398653984 -0.98778533935546875
vn -0.17888300120830536 0.0074241082184016705 -0.98384231328964233
vn -0.08820074051618576 -0.00086472474504262209 -0.99610233306884766
vn -0.039263390004634857 -0.0006114956340752542 -0.99922871589660645
vn -0.042980588972568512 -0.0023220041766762733 -0.99907320737838745
vn -0.43763887882232666 0.85406845808029175 -0.28113919496536255
vn -0.41403904557228088 0.87595653533935547 -0.24753142893314362
vn -0.39901295304298401 0.87135505676269531 -0.28553295135498047
vn -0.21569329500198364 0.88813191652297974 -0.40583020448684692
vn -0.2689368724822998 0.8719443678855896 -0.40912836790084839
vn -0.27512082457542419 0.8927496075630188 -0.35680052638053894
vn -0.27617427706718445 0.89935493469238281 -0.33895194530487061
vn -0.37155246734619141 0.88874971866607666 -0.26846355199813843
vn -0.36344733834266663 0.86550569534301758 -0.34468239545822144
vn -0.4284331202507019 0.85180646181106567 -0.30144783854484558
vn -0.14406669139862061 0.89956045150756836 -0.41235390305519104
vn -0.042664244771003723 0.89001089334487915 -0.45393872261047363
vn -0.058517273515462875 0.88477021455764771 -0.46233907341957092
vn 0.008704175241291523 0.89434158802032471 -0.44730007648468018
vn -0.14786361157894135 0.8738362193107605 -0.46319177746772766
vn -0.12539826333522797 0.88127517700195312 -0.45566359162330627
vn -0.060648854821920395 0.87634634971618652 -0.47784802317619324
vn -0.033240098506212234 0.88435131311416626 -0.46563699841499329
vn 0.59338390827178955 0.21171599626541138 -0.77657705545425415
vn 0.63751959800720215 0.71242952346801758 -0.29327961802482605
vn 0.70918440818786621 0.68711334466934204 -0.15790089964866638
vn 0.49410802125930786 0.19388550519943237 -0.84750556945800781
vn 0.56556087732315063 0.72497040033340454 -0.39313966035842896
vn 0.52307915687561035 0.73437684774398804 -0.43252605199813843
vn 0.42723628878593445 0.15090453624725342 -0.89145779609680176
vn 0.14814010262489319 -8.3108527178410441E-05 -0.98896640539169312
vn 0.080848895013332367 -8.8920030975714326E-05 -0.996726393699646
vn 0.18148741126060486 1.6581469026277773E-05 -0.98339325189590454
vn -0.11185222119092941 1.2299256013648119E-05 -0.99372482299804688
vn -0.12613241374492645 -7.1049878897611052E-05 -0.99201339483261108
vn -0.15792599320411682 -9.7381009254604578E-05 -0.98745095729827881
vn -0.24869745969772339 -2.634251541167032E-05 -0.96858119964599609
vn -0.2090432345867157 3.1836459584155818E-06 -0.97790640592575073
vn -0.25593060255050659 -5.9682766732294112E-05 -0.96669512987136841
vn -0.28722754120826721 -7.0680995122529566E-05 -0.95786237716674805
vn -0.29625669121742249 4.1609360778238624E-05 -0.95510834455490112
vn -0.2889692485332489 -3.7370664358604699E-05 -0.95733839273452759
vn -0.30051305890083313 0.00012112399417674169 -0.95377767086029053
vn 0.39575165510177612 0.00012352892372291535 -0.91835755109786987
vn 0.39575165510177612 0.00012352892372291535 -0.91835755109786987
vn 0.39575165510177612 0.00012352892372291535 -0.91835755109786987
vn 0.19822971522808075 6.4384388679172844E-05 -0.9801555871963501
vn 0.17750895023345947 -2.8068117899238132E-05 -0.98411917686462402
vn 0.23277963697910309 -5.0235692469868809E-05 -0.97252953052520752
vn 0.36125940084457397 -1.7427255443180911E-05 -0.93246537446975708
vn 0.31226125359535217 -7.8257718996610492E-05 -0.94999629259109497
vn 0.30336079001426697 -5.1817896746797487E-05 -0.95287579298019409
vn 0.12358883768320084 3.2443574582430301E-06 -0.99233353137969971
vn 0.15416355431079865 -5.4394327889895067E-05 -0.988045334815979
vn 0.24801711738109589 1.4250756066758186E-05 -0.96875566244125366
vn 0.89932334423065186 0.43720060586929321 0.0085555994883179665
vn 0.88133907318115234 0.41428953409194946 0.22716878354549408
vn 0.97303056716918945 0.21016658842563629 -0.095086760818958282
vn 0.93265014886856079 0.16985037922859192 0.31829941272735596
vn 0.87883460521697998 0.022017888724803925 -0.47661828994750977
vn 0.75839805603027344 0.11330938339233398 -0.64186710119247437
vn 0.62864035367965698 0.11103237420320511 -0.76972925662994385
vn 0.73441523313522339 0.034883484244346619 -0.67780333757400513
vn -0.089492790400981903 0.89550924301147461 0.43595215678215027
vn -0.091079622507095337 0.90596139430999756 0.41344702243804932
vn -0.12482962012290955 0.85557007789611816 0.5024116039276123
vn -0.050532478839159012 0.92188441753387451 0.38415560126304626
vn -0.092351019382476807 0.8708910346031189 0.48272156715393066
vn -0.041762243956327438 0.90008443593978882 0.43370950222015381
vn -0.000283240427961573 0.91991758346557617 0.39211171865463257
vn -0.0015842095017433167 0.95555990934371948 0.29479268193244934
vn -0.024354720488190651 0.93429923057556152 0.35565677285194397
vn -0.15256814658641815 0.8490530252456665 0.50579828023910522
vn -0.17701666057109833 0.80170977115631104 0.57089978456497192
vn -0.0062429029494524002 0.89010798931121826 0.4557068943977356
vn -0.07021661102771759 0.88150125741958618 0.46693167090415955
vn -0.040222294628620148 0.89000427722930908 0.45417460799217224
vn -0.054404493421316147 0.92701250314712524 0.37106326222419739
vn -0.030073864385485649 0.93954461812973022 0.34110337495803833
vn -0.16119660437107086 0.83131444454193115 0.53191345930099487
vn -0.1021505668759346 0.86671912670135498 0.48822450637817383
vn -0.019329877570271492 0.90429764986038208 0.42646470665931702
vn 0.0029579545371234417 0.89067637920379639 0.45462828874588013
vn 0.43205863237380981 0.83771789073944092 -0.33399710059165955
vn 0.35797193646430969 0.28797018527984619 -0.88821691274642944
vn 0.42306464910507202 0.22617824375629425 -0.87741649150848389
vn 0.28284269571304321 0.90244466066360474 -0.32495167851448059
vn 0.24290458858013153 0.26870822906494141 -0.93209081888198853
vn 0.14405298233032227 0.32578197121620178 -0.93440616130828857
vn 0.081213399767875671 0.93964838981628418 -0.33236321806907654
vn -0.022321010008454323 0.8776671290397644 -0.47875067591667175
vn -0.10207328945398331 0.30420935153961182 0.94712072610855103
vn -0.081304870545864105 0.28823471069335938 0.9541018009185791
vn -0.10641439259052277 0.3091626763343811 0.94503670930862427
vn -0.11685863882303238 0.32747495174407959 0.93760555982589722
vn -0.054447438567876816 0.26512500643730164 0.96267557144165039
vn 0.0022869452368468046 0.17397302389144897 0.98474776744842529
vn -0.025624928995966911 0.23275372385978699 0.97219806909561157
vn 0.0094963591545820236 0.1471734344959259 0.98906511068344116
vn -0.12110698968172073 0.33807685971260071 0.93329370021820068
vn -0.1030028760433197 0.35995393991470337 0.92726671695709229
vn 0.014958844520151615 0.0099582849070429802 0.99983853101730347
vn 0.018282897770404816 0.071239955723285675 0.99729162454605103
vn 0.014647317118942738 0.015246646478772163 0.99977648258209229
vn 0.0058180815540254116 -0.01541929692029953 0.99986416101455688
vn 0.21672378480434418 -0.0015674930764362216 -0.97623169422149658
vn 0.067912481725215912 3.3900028938660398E-05 -0.99769127368927002
vn 0.068774454295635223 0.00034341163700446486 -0.99763214588165283
vn 0.18679404258728027 -0.0024715194012969732 -0.98239600658416748
vn 0.32721659541130066 -0.0019205173011869192 -0.94494742155075073
vn 0.57234865427017212 0.00024894037051126361 -0.82001036405563354
vn 0.54352462291717529 0.00049447012133896351 -0.83939307928085327
vn 0.5868995189666748 0.00011646824714262038 -0.80965977907180786
vn 0.46147507429122925 0.00019145020633004606 -0.88715314865112305
vn 0.46293509006500244 0.00024008491891436279 -0.88639217615127563
vn 0.52401036024093628 0.00057908101007342339 -0.8517116904258728
vn 0.42831096053123474 0.00037294748472049832 -0.90363132953643799
vn 0.4002271294593811 -0.00019260472618043423 -0.9164159893989563
vn 0.41702046990394592 0.00024566255160607398 -0.9088970422744751
vn 0.37971916794776917 0.00028427701909095049 -0.92510175704956055
vn -0.22757209837436676 0.7710796594619751 0.59468233585357666
vn -0.1793670654296875 0.8212745189666748 0.54160463809967041
vn -0.18953037261962891 0.79667460918426514 0.57392317056655884
vn -0.28519350290298462 0.70369207859039307 0.65075504779815674
vn -0.24415622651576996 0.7365182638168335 0.63081580400466919
vn -0.27295586466789246 0.69505083560943604 0.6651310920715332
vn -0.30945548415184021 0.62794005870819092 0.71409285068511963
vn -0.26746517419815063 0.74513089656829834 0.61093562841415405
vn -0.22368888556957245 0.77934372425079346 0.58530902862548828
vn -0.32754155993461609 0.47436213493347168 0.81712734699249268
vn -0.29750841856002808 0.51575607061386108 0.80342042446136475
vn -0.33998918533325195 0.4052259624004364 0.84864556789398193
vn -0.28408005833625793 0.44376295804977417 0.84992527961730957
vn -0.31805038452148438 0.30246338248252869 0.89853203296661377
vn -0.31555446982383728 0.54124629497528076 0.77940863370895386
vn -0.33769184350967407 0.55558216571807861 0.75979775190353394
vn -0.30287656188011169 0.66732645034790039 0.68039780855178833
vn -0.39222145080566406 0.48906329274177551 0.77908885478973389
vn -0.39254409074783325 0.36629486083984375 0.84364521503448486
vn -0.35653549432754517 0.5999642014503479 0.71618813276290894
vn -0.302325040102005 0.23896819353103638 0.92276418209075928
vn -0.36066800355911255 0.21952646970748901 0.90649145841598511
vn -0.30949342250823975 0.60463696718215942 0.73391276597976685
vn 0.19520057737827301 0.98075789213180542 0.0032640499994158745
vn 0.15744726359844208 0.98752731084823608 0.00043972610728815198
vn 0.21393987536430359 0.97683650255203247 0.0044955788180232048
vn 0.26088935136795044 0.96534043550491333 0.0073885945603251457
vn 0.3407975435256958 0.94000393152236938 0.015801632776856422
vn 0.3339197039604187 0.94247335195541382 0.015542013570666313
vn 0.27307042479515076 0.96195203065872192 0.0089926635846495628
vn 0.33725324273109436 0.89580446481704712 -0.28947299718856812
vn 0.33274394273757935 0.905464768409729 -0.26346734166145325
vn 0.40997156500816345 0.88360345363616943 -0.2262040376663208
vn 0.4879794716835022 0.85754185914993286 -0.1627822071313858
vn 0.47602993249893188 0.85775047540664673 -0.1940608024597168
vn 0.26465857028961182 0.91550785303115845 -0.30298712849617004
vn 0.21094606816768646 0.92739981412887573 -0.30891957879066467
vn 0.20330332219600677 0.9227796196937561 -0.32733085751533508
vn 0.159422367811203 0.92702579498291016 -0.3394225537776947
vn 0.26457193493843079 0.91265273094177246 -0.31155526638031006
vn 0.15083597600460052 0.93423271179199219 -0.32319930195808411
vn 0.16472357511520386 0.93259322643280029 -0.32114791870117188
vn 0.40802636742591858 0.87685716152191162 -0.25423607230186462
vn 0.078737519681453705 0.95391988754272461 0.28954663872718811
vn 0.064630761742591858 0.92809426784515381 0.36669325828552246
vn 0.060508318245410919 0.95807760953903198 0.2800464928150177
vn 0.10818421840667725 0.92888671159744263 -0.35421130061149597
vn 0.13991865515708923 0.93193954229354858 -0.33453172445297241
vn 0.091388687491416931 0.92461800575256348 -0.36976975202560425
vn 0.034916482865810394 0.90652251243591309 -0.42071101069450378
vn 0.016324184834957123 0.90609866380691528 -0.42275139689445496
vn 0.00078382244100794196 0.90025287866592407 -0.43536669015884399
vn 0.054603993892669678 0.91568118333816528 -0.39817884564399719
vn 0.05317268893122673 0.91648405790328979 -0.3965219259262085
vn 0.076898142695426941 0.9218670129776001 -0.37979981303215027
vn 0.12254688143730164 0.92769408226013184 -0.35265550017356873
vn 0.14632017910480499 0.92874974012374878 -0.34060868620872498
vn -0.02798166498541832 0.88843673467636108 -0.4581453800201416
vn 0.0054931780323386192 0.89413368701934814 -0.44776639342308044
vn 0.40793889760971069 0.36731520295143127 -0.83586204051971436
vn 0.43061614036560059 0.17641142010688782 -0.88512641191482544
vn 0.40746501088142395 0.15390636026859283 -0.9001583456993103
vn 0.02226332388818264 0.99975186586380005 -0.00070528301876038313
vn 0.058317054063081741 0.99829810857772827 8.3830280345864594E-05
vn 0.073812790215015411 0.9972720742225647 0.00024882148136384785
vn -0.023101655766367912 0.9997330904006958 0.00033126486232504249
vn -0.023847309872508049 0.99971550703048706 -0.00041176489321514964
vn -0.061640560626983643 0.99809825420379639 0.00053316378034651279
vn 0.11802758276462555 0.99301028251647949 -0.00011685645586112514
vn 0.10483183711767197 0.99448984861373901 0.00051417411305010319
vn 0.14240063726902008 0.98980897665023804 0.00050847511738538742
vn -0.79584479331970215 0.00020436391059774905 -0.60550063848495483
vn -0.72781473398208618 0.00071508972905576229 -0.68577343225479126
vn -0.72262734174728394 -7.067646220093593E-05 -0.69123786687850952
vn -0.82587593793869019 0.00057264440692961216 -0.56385159492492676
vn -0.83739614486694336 -0.00019675759540405124 -0.5465964674949646
vn -0.90332108736038208 -0.00078012660378590226 -0.42896434664726257
vn -0.65361040830612183 -0.0030460329726338387 -0.7568250298500061
vn -0.8877716064453125 -0.0004806084034498781 -0.46028393507003784
vn -0.87242263555526733 5.0468202971387655E-05 -0.48875227570533752
vn 0.39638006687164307 0.9180864691734314 -0.00025169833679683506
vn 0.39638006687164307 0.9180864691734314 -0.00025169833679683506
vn 0.39638006687164307 0.9180864691734314 -0.00025169833679683506
vn 0.046602293848991394 0.72047585248947144 0.69191241264343262
vn 0.059033412486314774 0.74811017513275146 0.66094344854354858
vn 0.065331146121025085 0.7060312032699585 0.70516079664230347
vn 0.072946518659591675 0.66891437768936157 0.73975157737731934
vn 0.055263951420783997 0.69116395711898804 0.72058194875717163
vn 0.062298335134983063 0.63226610422134399 0.77224248647689819
vn 0.076921641826629639 0.60893416404724121 0.78948229551315308
vn 0.064581617712974548 0.57148087024688721 0.8180701732635498
vn 0.084403000771999359 0.55093544721603394 0.83026880025863647
vn 0.5109943151473999 0.8479120135307312 -0.14117388427257538
vn 0.48468732833862305 0.85619395971298218 -0.17891368269920349
vn 0.53795921802520752 0.83749222755432129 -0.095951259136199951
vn 0.71992558240890503 0.67629283666610718 0.15599721670150757
vn 0.76763564348220825 0.61878728866577148 0.16684684157371521
vn 0.6708940863609314 0.73918229341506958 0.059251274913549423
vn 0.79186904430389404 0.53332245349884033 0.29750734567642212
vn 0.83264321088790894 0.49287337064743042 0.25254920125007629
vn 0.84654718637466431 0.36754453182220459 0.38505694270133972
vn 0.86398166418075562 0.26844689249992371 0.42599529027938843
vn 0.89851230382919312 0.27955788373947144 0.3384125828742981
vn 0.88569110631942749 0.067759275436401367 0.45930373668670654
vn 0.92279517650604248 0.084123782813549042 0.37599495053291321
vn 0.91079455614089966 0.17408314347267151 0.37436383962631226
vn 0.92110073566436768 0.0087404800578951836 0.38922622799873352
vn 0.85870206356048584 0.42596745491027832 0.28492540121078491
vn 0.81980729103088379 0.45778951048851013 0.34401270747184753
vn 0.87781316041946411 0.16238293051719666 0.45063933730125427
vn 0.58142781257629395 0.81228506565093994 -0.046202931553125381
vn 0.60887658596038818 0.79325538873672485 0.0038962110411375761
vn 0.49658980965614319 0.85273444652557373 -0.1619952917098999
vn 0.56784147024154663 0.82179635763168335 -0.046976637095212936
vn 0.63355505466461182 0.77122634649276733 0.061789624392986298
vn 0.68174475431442261 0.71959084272384644 0.13195855915546417
vn 0.74591904878616333 0.62188088893890381 0.23847213387489319
vn 0.88287341594696045 -0.026612469926476479 0.46885636448860168
vn -0.015529594384133816 -7.8855875472072512E-05 -0.99987941980361938
vn -0.027359593659639359 -2.6497266389924334E-06 -0.99962568283081055
vn -0.028449403122067451 -0.00018372344493400306 -0.99959522485733032
vn 0.030739776790142059 -0.00011978420661762357 -0.99952739477157593
vn 0.030602999031543732 -8.8154542027041316E-05 -0.99953162670135498
vn 0.038898967206478119 -4.1088402213063091E-05 -0.99924314022064209
vn 0.018692241981625557 -9.8964635981246829E-05 -0.99982529878616333
vn 0.010597138665616512 -8.7222433649003506E-05 -0.99994385242462158
vn 0.0067238081246614456 -4.857573367189616E-05 -0.99997740983963013
vn -0.0051849000155925751 -7.9244404332712293E-05 -0.99998652935028076
vn 0.0039369622245430946 -8.4195220551919192E-05 -0.9999922513961792
vn -0.032146722078323364 -0.00015458247798960656 -0.99948316812515259
vn -0.039078500121831894 0.00030676202732138336 -0.99923610687255859
vn -0.27031853795051575 0.034159362316131592 0.96216475963592529
vn -0.2112744003534317 0.012084290385246277 0.9773520827293396
vn -0.231059730052948 0.081097707152366638 0.96955376863479614
vn -0.27365773916244507 0.24826769530773163 0.92923331260681152
vn -0.25235116481781006 0.1977391391992569 0.9472159743309021
vn -0.28438648581504822 0.33637511730194092 0.89776170253753662
vn -0.21078008413314819 0.010267979465425014 0.97747957706451416
vn -0.21317236125469208 0.057408601045608521 0.97532647848129272
vn -0.32503938674926758 0.13850770890712738 0.93550252914428711
vn -0.35811764001846313 0.19202171266078949 0.91371732950210571
vn -0.28378614783287048 0.22032766044139862 0.93323153257369995
vn -0.26287847757339478 0.16161401569843292 0.95119702816009521
vn -0.21145875751972198 -0.0027914380189031363 0.97738295793533325
vn -0.25139921903610229 0.0042668944224715233 0.96787405014038086
vn -0.25367957353591919 0.035202730447053909 0.96664750576019287
vn -0.27326148748397827 0.072593837976455688 0.95919668674468994
vn -0.23443424701690674 0.10306387394666672 0.96665322780609131
vn 0.026909276843070984 -1.1790894859586842E-05 -0.9996379017829895
vn 0.025986263528466225 -6.7158009642298566E-07 -0.99966228008270264
vn 0.0094852466136217117 -0.00013333097740542144 -0.99995499849319458
vn -0.0038098485674709082 -0.00012410407362040132 -0.9999927282333374
vn -0.017065364867448807 -4.4600178625842091E-06 -0.99985438585281372
vn -0.024044446647167206 -0.00019814456754829735 -0.99971085786819458
vn -0.030917039141058922 -8.8510842033429071E-07 -0.99952197074890137
vn 0.3564077615737915 0.0059486022219061852 -0.93431156873703003
vn 0.27092668414115906 0.011534562334418297 -0.96253085136413574
vn 0.34747028350830078 0.0077601196244359016 -0.93765890598297119
vn 0.23694576323032379 0.009130425751209259 -0.97147995233535767
vn 0.14917653799057007 0.0020001523662358522 -0.98880857229232788
vn 0.00061232253210619092 -4.2882540583377704E-05 -0.99999982118606567
vn 0.014587319456040859 -4.4099953811382875E-05 -0.99989360570907593
vn 0.0089230854064226151 -5.5816872190916911E-05 -0.99996018409729004
vn 0.0042105731554329395 0.90430688858032227 0.4268622100353241
vn 0.033774383366107941 0.89918774366378784 0.43625760078430176
vn 0.001220760983414948 0.94239789247512817 0.33449172973632812
vn 0.024798015132546425 0.92808282375335693 0.37154728174209595
vn -0.00032944680424407125 0.9564012885093689 0.29205551743507385
vn 0.030992733314633369 0.95367705821990967 0.29923158884048462
vn 0.075067594647407532 0.92023426294326782 0.38410121202468872
vn 0.0088594704866409302 0.88975334167480469 0.45635569095611572
vn 0.033013664186000824 0.88664847612380981 0.46126410365104675
vn 0.048090863972902298 0.89913821220397949 0.43501466512680054
vn 0.026145167648792267 0.93802392482757568 0.34558293223381042
vn 0.049279794096946716 0.95771145820617676 0.28347891569137573
vn 0.048378258943557739 0.90914249420166016 0.41366583108901978
vn 0.018995201215147972 0.82057100534439087 0.57122886180877686
vn -0.0040952963754534721 0.84120023250579834 0.54070824384689331
vn 0.010727819986641407 0.89560502767562866 0.44472077488899231
vn -0.026351667940616608 0.79329866170883179 0.60826218128204346
vn 0.055995989590883255 0.93041300773620605 0.36221006512641907
vn 0.060766946524381638 0.85317552089691162 0.51807230710983276
vn 0.050961025059223175 0.90804833173751831 0.41575372219085693
vn 0.060084789991378784 0.88170796632766724 0.46795397996902466
vn 0.040121641010046005 0.79113763570785522 0.6103208065032959
vn 0.48980674147605896 0.78110396862030029 -0.38725438714027405
vn 0.51112109422683716 0.47504439949989319 -0.71630162000656128
vn 0.37893462181091309 0.92517387866973877 0.021491825580596924
vn -0.00064437364926561713 0.47515356540679932 0.87990266084671021
vn 0.045548249036073685 0.47677838802337646 0.87784266471862793
vn -0.0096255689859390259 0.4251997172832489 0.90504837036132812
vn 0.073108948767185211 0.53641444444656372 0.84078216552734375
vn 0.042684558779001236 0.51727139949798584 0.85475629568099976
vn -0.13815906643867493 0.34410560131072998 0.92871063947677612
vn -0.070475339889526367 0.41437184810638428 0.90737491846084595
vn -0.079491972923278809 0.37173816561698914 0.92492794990539551
vn -0.82702946662902832 0.33831074833869934 0.44896334409713745
vn -0.84166038036346436 0.15838043391704559 0.51625907421112061
vn -0.83662045001983643 0.26097223162651062 0.48162195086479187
vn -0.81664156913757324 0.39173918962478638 0.42383602261543274
vn -0.7948949933052063 0.45762345194816589 0.39840024709701538
vn -0.77797043323516846 0.53195393085479736 0.33434560894966125
vn -0.84238052368164062 0.032691065222024918 0.53789061307907104
vn -0.84025907516479492 -0.01633802056312561 0.5419389009475708
vn -0.84184122085571289 0.053235400468111038 0.5370934009552002
vn -0.84157741069793701 0.15452034771442413 0.51756244897842407
vn -0.16467230021953583 0.0012696707854047418 -0.986347496509552
vn -0.070188142359256744 0.00037666020216420293 -0.99753367900848389
vn -0.062795095145702362 0.0024923696182668209 -0.99802333116531372
vn 0.32850340008735657 -0.00028732290957123041 -0.94450277090072632
vn 0.35926869511604309 0.0066513861529529095 -0.93321049213409424
vn 0.19716483354568481 0.0018585195066407323 -0.98036861419677734
vn -0.25023627281188965 9.1580070147756487E-05 -0.96818476915359497
vn -0.19484078884124756 0.0014167950721457601 -0.98083388805389404
vn 0.088604822754859924 0.00031167804263532162 -0.99606680870056152
vn 0.21705077588558197 -3.0895786039764062E-05 -0.97616028785705566
vn 0.095536395907402039 0.0010709177004173398 -0.99542534351348877
vn 0.3903481662273407 0.00046516666770912707 -0.92066723108291626
vn -0.27947333455085754 0.74034696817398071 -0.61137634515762329
vn -0.37537181377410889 0.73774111270904541 -0.56110072135925293
vn -0.23252758383750916 0.23938065767288208 -0.94267058372497559
vn -0.07790084183216095 0.19809776544570923 -0.97708171606063843
vn 0.088551886379718781 0.14841216802597046 -0.98495298624038696
vn 0.0072763743810355663 0.56642138957977295 -0.82408368587493896
vn 0.31782671809196472 0.73987382650375366 -0.59293580055236816
vn 0.39575767517089844 0.65366286039352417 -0.64505869150161743
vn 0.50422626733779907 0.56390845775604248 -0.65403598546981812
vn 0.18385595083236694 0.84676414728164673 -0.49918684363365173
vn 0.115172378718853 0.77743232250213623 -0.61833184957504272
vn 0.17747600376605988 0.78579598665237427 -0.5924752950668335
vn -0.15210452675819397 -0.001266373903490603 -0.98836362361907959
vn -0.10347001254558563 -3.8846508687129244E-05 -0.99463260173797607
vn -0.21460968255996704 -0.0001041535651893355 -0.97669988870620728
vn -0.081362836062908173 0.00055274576880037785 -0.99668437242507935
vn -0.046614754945039749 2.98499726341106E-05 -0.99891293048858643
vn -0.33617705106735229 0.00039260773337446153 -0.94179874658584595
vn -0.34112799167633057 -0.0026754727587103844 -0.94001305103302002
vn -0.042104143649339676 -0.00038053773459978402 -0.99911314249038696
vn -0.47799855470657349 -0.001450367970392108 -0.87835943698883057
vn -0.62446492910385132 0.00046982907224446535 -0.78105270862579346
vn -0.62396955490112305 0.0008587265620008111 -0.78144818544387817
vn -0.48037755489349365 -0.0020306971855461597 -0.8770594596862793
vn -0.70538860559463501 -0.0025905724614858627 -0.7088160514831543
vn -0.12410860508680344 0.35690385103225708 -0.92585998773574829
vn -0.14502213895320892 0.15262311697006226 -0.97758620977401733
vn -0.29803517460823059 0.46458616852760315 -0.83386731147766113
vn -0.12503825128078461 0.89416921138763428 -0.4299149215221405
vn -0.070725880563259125 0.27352938055992126 -0.95925986766815186
vn -0.20190900564193726 0.94999885559082031 -0.2381909191608429
vn -0.34926623106002808 0.89501744508743286 -0.27741104364395142
vn -0.065380141139030457 0.76278358697891235 0.64334022998809814
vn -0.0019685991574078798 0.76447737216949463 0.64464753866195679
vn -0.037452314049005508 0.76368796825408936 0.64449822902679443
vn 0.012664537876844406 0.75661814212799072 0.65373432636260986
vn -0.068603575229644775 0.7657238245010376 0.63950026035308838
vn -0.078497007489204407 0.76933234930038452 0.63400787115097046
vn -0.070556640625 0.75895583629608154 0.6473081111907959
vn -0.018392078578472137 0.81233322620391846 -0.58290350437164307
vn 0.011077155359089375 0.25678518414497375 -0.96640503406524658
vn -0.032422114163637161 0.29733869433403015 -0.95422142744064331
vn -0.078149840235710144 0.87195104360580444 -0.48331564664840698
vn -0.039008051156997681 0.94916236400604248 -0.31236064434051514
vn 0.014245887286961079 0.82629263401031494 -0.56306087970733643
vn 0.024902114644646645 0.78484874963760376 -0.61918681859970093
vn -0.093375973403453827 0.80643481016159058 -0.583903968334198
vn -0.21981698274612427 0.92459285259246826 0.31114071607589722
vn -0.31427747011184692 0.94769257307052612 -0.055753882974386215
vn -0.37076860666275024 0.9222567081451416 0.10942221432924271
vn -0.25514394044876099 0.72525495290756226 0.63945823907852173
vn -0.42824214696884155 0.89361274242401123 0.13440567255020142
vn -0.35079666972160339 0.72570514678955078 0.59185618162155151
vn -0.16469499468803406 0.97766619920730591 -0.13055406510829926
vn -0.13783705234527588 0.90810114145278931 0.39541536569595337
vn -0.30307018756866455 0.00042971220682375133 -0.95296812057495117
vn -0.30324196815490723 7.122204260667786E-05 -0.95291358232498169
vn -0.30126309394836426 -0.00029799129697494209 -0.95354104042053223
vn -0.29443123936653137 0.0007752808160148561 -0.95567232370376587
vn -0.020707353949546814 0.98070818185806274 0.19437757134437561
vn -0.036226216703653336 0.98283827304840088 -0.18087738752365112
vn -0.05650779977440834 0.9828374981880188 0.17560568451881409
vn 0.0053966986015439034 0.99519795179367065 0.097733601927757263
vn -0.0020455904304981232 0.99092203378677368 -0.13442245125770569
vn -0.17032177746295929 0.90753686428070068 0.3838844895362854
vn -0.14028047025203705 0.75579833984375 0.63960164785385132
vn -0.12972858548164368 0.93935215473175049 0.31747126579284668
vn -0.01727188378572464 0.89428555965423584 0.44716331362724304
vn -0.080774351954460144 3.4012704418273643E-05 -0.99673241376876831
vn -0.019004674628376961 3.0996612622402608E-05 -0.99981939792633057
vn -0.015920819714665413 4.8340552893932909E-05 -0.99987328052520752
vn -0.21913793683052063 0.00011878446093760431 -0.97569388151168823
vn -0.22843091189861298 0.00010965977708110586 -0.97356009483337402
vn -0.27807220816612244 4.1893435991369188E-05 -0.960560142993927
vn -0.15332889556884766 3.9106900658225641E-05 -0.98817521333694458
vn -0.16221742331981659 4.7457167966058478E-05 -0.98675501346588135
vn -0.27427807450294495 8.6692911281716079E-05 -0.96165043115615845
vn 0.050883620977401733 5.2435407269513234E-05 -0.99870461225509644
vn 0.13934968411922455 5.9642981796059757E-05 -0.99024325609207153
vn 0.14916872978210449 6.4586834923829883E-05 -0.98881173133850098
vn 0.068744823336601257 5.5656350014032796E-05 -0.99763429164886475
vn 0.20956218242645264 6.0189020587131381E-05 -0.9777953028678894
vn 0.22718606889247894 2.916026278398931E-05 -0.97385138273239136
vn 0.27747216820716858 4.1178274841513485E-05 -0.96073365211486816
vn -0.27727150917053223 8.1080448580905795E-05 -0.96079158782958984
vn -0.10259366035461426 6.0673664847854525E-05 -0.99472332000732422
vn 0.34188744425773621 7.6618525781668723E-05 -0.93974089622497559
vn 0.36459934711456299 3.4783766750479117E-05 -0.93116450309753418
vn 0.31877031922340393 0.00012560551112983376 -0.94783198833465576
vn -0.76941263675689697 0.18836888670921326 -0.61034524440765381
vn -0.84499949216842651 0.5295184850692749 -0.074739769101142883
vn -0.60728210210800171 0.19173397123813629 -0.7710036039352417
vn -0.6203300952911377 0.71288329362869263 -0.32709011435508728
vn -0.73252570629119873 0.65701109170913696 -0.1781642884016037
vn -0.44313386082649231 0.37031996250152588 -0.81639176607131958
vn -0.47620409727096558 0.24133367836475372 -0.84556949138641357
vn -0.4991716742515564 0.8482356071472168 -0.17698575556278229
vn -0.96568167209625244 0.15989486873149872 -0.20467674732208252
vn -0.92026060819625854 0.3856564462184906 0.066253557801246643
vn -0.86822420358657837 0.16862022876739502 -0.46664109826087952
vn -0.86139029264450073 0.50505185127258301 -0.054123517125844955
vn -0.81490802764892578 0.20590288937091827 -0.54178309440612793
vn -0.67987328767776489 0.67725658416748047 0.2812398374080658
vn -0.73358601331710815 0.58001977205276489 0.35415902733802795
vn -0.41697791218757629 0.567435622215271 0.71003252267837524
vn -0.54322409629821777 0.81996595859527588 0.18045343458652496
vn -0.63139283657073975 0.75612533092498779 0.17209756374359131
vn -0.41425958275794983 0.68066656589508057 0.60422021150588989
vn -0.45552390813827515 0.26287129521369934 0.85052728652954102
vn -0.84494608640670776 0.2311089038848877 0.48234304785728455
vn -0.34529078006744385 0.1688358336687088 0.92318403720855713
vn -0.85166251659393311 0.29667481780052185 0.43203586339950562
vn -0.4929802417755127 0.38109484314918518 0.78213632106781006
vn -0.83521175384521484 0.42611217498779297 0.34763446450233459
vn -0.84737187623977661 0.31571096181869507 0.42695143818855286
vn -0.40741965174674988 0.27080237865447998 0.87216699123382568
vn -0.73390573263168335 0.547637939453125 0.40183967351913452
vn -0.3693491518497467 0.4577256441116333 0.80874496698379517
vn -0.45002749562263489 0.550650954246521 0.70303541421890259
vn -0.22857502102851868 0.97346526384353638 0.010900702327489853
vn -0.12580731511116028 0.99205416440963745 -0.001043173368088901
vn -0.18644881248474121 0.98245710134506226 0.0038646517787128687
vn -0.36041957139968872 0.93185877799987793 0.041676551103591919
vn -0.30710268020629883 0.95117813348770142 0.030790423974394798
vn -0.078584596514701843 0.99690723419189453 0.00068429723614826798
vn -0.1197350025177002 0.99280554056167603 -0.00080364372115582228
vn -0.087951354682445526 0.99612456560134888 -0.00061048433417454362
vn -0.47906506061553955 0.87411808967590332 0.080088742077350616
vn -0.44581249356269836 0.8910599946975708 0.085224874317646027
vn -0.74735087156295776 0.58054262399673462 0.3231671154499054
vn -0.76859676837921143 0.5631374716758728 0.30353787541389465
vn -0.71021819114685059 0.66537773609161377 0.22991864383220673
vn -0.75353628396987915 0.65725380182266235 0.014159002341330051
vn -0.66135722398757935 0.21933653950691223 -0.71728521585464478
vn -0.79036647081375122 0.18499599397182465 -0.58403539657592773
vn -0.64789485931396484 0.74030184745788574 -0.17940293252468109
vn -0.50598436594009399 0.84761488437652588 -0.15977737307548523
vn -0.56551128625869751 0.31304404139518738 -0.76302057504653931
vn -0.36703458428382874 0.81615328788757324 -0.44629523158073425
vn -0.21562080085277557 0.20785340666770935 -0.95409888029098511
vn -0.39464041590690613 0.33596992492675781 -0.85520941019058228
vn -0.1583455353975296 0.37173166871070862 -0.91473615169525146
vn -0.11415503919124603 0.95536339282989502 -0.27248752117156982
vn -0.12563638389110565 0.95377177000045776 -0.27301079034805298
vn -0.077275954186916351 0.94916892051696777 -0.305134117603302
vn -0.073335908353328705 0.95123302936553955 -0.2996290922164917
vn -0.034685652703046799 0.95599460601806641 -0.29132667183876038
vn -0.026116624474525452 0.95106065273284912 -0.30789852142333984
vn -0.0081003196537494659 0.93635672330856323 -0.35095652937889099
vn 0.0043726740404963493 0.94779926538467407 -0.31883770227432251
vn 0.010401248931884766 0.92470079660415649 -0.38055253028869629
vn -0.0020023076795041561 0.95762503147125244 -0.28801098465919495
vn -0.022240830585360527 0.93581390380859375 -0.3517920970916748
vn -0.039944760501384735 0.93911111354827881 -0.34128391742706299
vn 0.014354782178997993 0.96226203441619873 -0.27174577116966248
vn 0.012778094969689846 0.94563847780227661 -0.32496851682662964
vn 0.01761060394346714 0.92130327224731445 -0.38844582438468933
vn -0.093736544251441956 0.95504379272460938 -0.28125584125518799
vn -0.00078798615140840411 0.13053144514560699 -0.99144387245178223
vn -0.041944921016693115 0.31797453761100769 -0.94717097282409668
vn -0.022679761052131653 0.47272863984107971 -0.88091617822647095
vn 0.016325673088431358 0.33830299973487854 -0.94089561700820923
vn -0.022657889872789383 0.91534966230392456 -0.40202191472053528
vn -0.070547603070735931 0.95840084552764893 -0.27656978368759155
vn 0.025189680978655815 0.2875954806804657 -0.95742064714431763
vn 0.021448567509651184 0.91830116510391235 -0.39530104398727417
vn -0.1039544865489006 0.89714246988296509 -0.4293353259563446
vn -0.00046383583685383201 0.98696142435073853 -0.16095612943172455
vn -0.88649404048919678 0.41629421710968018 0.20205804705619812
vn -0.88523030281066895 0.10757236927747726 -0.45254340767860413
vn -0.94885063171386719 0.27691212296485901 0.15166449546813965
vn -0.83877813816070557 0.52784305810928345 0.13354001939296722
vn -0.85539442300796509 0.17209473252296448 -0.4885527491569519
vn -0.77914875745773315 -0.032733988016843796 -0.62598377466201782
vn -0.83667546510696411 0.23035113513469696 -0.49690288305282593
vn -0.17495325207710266 0.0022449844982475042 -0.98457419872283936
vn -0.24887272715568542 0.0028051964472979307 -0.96853214502334595
vn -0.13189296424388885 0.0014155732933431864 -0.99126297235488892
vn -0.066507346928119659 0.0005702721537090838 -0.99778574705123901
vn -0.1098238080739975 0.0015619354089722037 -0.99394983053207397
vn -0.18651287257671356 0.0038567851297557354 -0.98244494199752808
vn -0.27769303321838379 0.0047581079415977001 -0.96065807342529297
vn -0.19261457026004791 0.0033925056923180819 -0.98126864433288574
vn -0.34347918629646301 0.0046713356859982014 -0.9391486644744873
vn -0.41021144390106201 0.0040785367600619793 -0.91198134422302246
vn -0.39061278104782104 0.0024412721395492554 -0.9205518364906311
vn -0.51531577110290527 0.0020555770024657249 -0.85699790716171265
vn -0.29927158355712891 0.0033639976754784584 -0.95416206121444702
vn -0.47624692320823669 0.0017427213024348021 -0.87930989265441895
vn -0.63943493366241455 -0.00014411116717383265 -0.76884520053863525
vn -0.54751485586166382 0.00097258854657411575 -0.8367953896522522
vn -0.56977391242980957 -0.00043289700988680124 -0.82180136442184448
vn -0.93480253219604492 0.15093085169792175 0.32150283455848694
vn -0.93880873918533325 0.25795796513557434 0.22824500501155853
vn -0.93276506662368774 0.045516539365053177 -0.35759967565536499
vn -0.97760218381881714 -0.033733047544956207 -0.20774023234844208
vn -0.94332534074783325 0.035668723285198212 0.32994711399078369
vn -0.10274453461170197 -0.8594663143157959 0.50076061487197876
vn -0.0911579430103302 -0.85414677858352661 0.51197999715805054
vn -0.11776187270879745 -0.87868338823318481 0.46265286207199097
vn -0.028065474703907967 -0.84721606969833374 0.53050661087036133
vn -0.02600252628326416 -0.8239096999168396 0.56612420082092285
vn -0.05402161180973053 -0.82942557334899902 0.55599898099899292
vn 0.25691643357276917 -0.94012868404388428 0.22394643723964691
vn 0.27111217379570007 -0.94200563430786133 0.19779686629772186
vn 0.17813065648078918 -0.9334900975227356 0.31123262643814087
vn 0.35522297024726868 -0.91861683130264282 0.17308896780014038
vn 0.37684723734855652 -0.91804540157318115 0.12320216745138168
vn 0.42329365015029907 -0.89202189445495605 0.15849114954471588
vn 0.48884761333465576 -0.85396188497543335 0.17826150357723236
vn 0.41208559274673462 -0.89168804883956909 0.18729077279567719
vn 0.37484484910964966 -0.90477806329727173 0.20215843617916107
vn 0.37229606509208679 -0.88007503747940063 0.29472628235816956
vn 0.049381878226995468 -0.60934293270111084 0.79136753082275391
vn -0.034453365951776505 -0.66790616512298584 0.74344760179519653
vn -0.011459956876933575 -0.55779504776000977 0.82989960908889771
vn 0.19643329083919525 -0.73562747240066528 0.64827942848205566
vn 0.12586061656475067 -0.65102744102478027 0.74854683876037598
vn 0.26402613520622253 -0.75114423036575317 0.60503929853439331
vn 0.33093160390853882 -0.84674668312072754 0.41653850674629211
vn 0.33710199594497681 -0.80478155612945557 0.48855799436569214
vn 0.40645644068717957 -0.85885524749755859 0.31170633435249329
vn -0.03468376025557518 -0.70746803283691406 0.70589375495910645
vn -0.0054627517238259315 -0.76231551170349121 0.64718246459960938
vn -0.013553597033023834 -0.71389055252075195 0.70012611150741577
vn 0.034721452742815018 -0.67865270376205444 0.73363810777664185
vn 0.13634946942329407 -0.72381126880645752 0.67639195919036865
vn 0.0036412002518773079 -0.79454362392425537 0.6071961522102356
vn 0.0046482584439218044 -0.80148768424987793 0.59799325466156006
vn 0.65970134735107422 -0.72242200374603271 0.20712444186210632
vn 0.54793792963027954 -0.82801461219787598 0.11897828429937363
vn 0.53602564334869385 -0.83793586492538452 0.10266439616680145
vn 0.72303617000579834 -0.62740325927734375 0.28910869359970093
vn 0.67776232957839966 -0.65596926212310791 0.33217844367027283
vn 0.76131290197372437 -0.47856190800666809 0.43747130036354065
vn 0.7066190242767334 -0.49002560973167419 0.51045513153076172
vn 0.78628426790237427 -0.58839565515518188 0.18854086101055145
vn 0.64202332496643066 -0.75159198045730591 0.15137888491153717
vn 0.84590864181518555 -0.099291034042835236 0.52400368452072144
vn 0.87758547067642212 -0.16830416023731232 0.44890692830085754
vn 0.86919641494750977 -0.047286286950111389 0.4922008216381073
vn 0.85097211599349976 -0.17946596443653107 0.49359747767448425
vn 0.87252604961395264 -0.39273318648338318 0.29061824083328247
vn 0.851493239402771 -0.2887427806854248 0.43770638108253479
vn 0.81204819679260254 -0.50507521629333496 0.29236400127410889
vn 0.84918951988220215 -0.034653313457965851 0.52695000171661377
vn 0.82722389698028564 -0.036407474428415298 0.56069165468215942
vn 0.75683820247650146 -0.3228926956653595 0.56827479600906372
vn 0.78618490695953369 -0.45122557878494263 0.42226624488830566
vn 0.79941052198410034 -0.18546432256698608 0.57144182920455933
vn 0.88319766521453857 -0.29913076758384705 0.36122381687164307
vn 0.79036784172058105 -0.57606613636016846 0.20848619937896729
vn 0.76455569267272949 -0.57948148250579834 0.28223353624343872
vn 0.057058088481426239 -0.93051910400390625 0.36177143454551697
vn 0.017151055857539177 -0.87809896469116211 0.47817158699035645
vn 0.066516079008579254 -0.94669324159622192 0.31519442796707153
vn 0.21049211919307709 -0.97019177675247192 0.12008727341890335
vn 0.12282397598028183 -0.96529334783554077 0.23048423230648041
vn 0.21080464124679565 -0.97107148170471191 0.11216786503791809
vn 0.31766307353973389 -0.94560432434082031 0.070161633193492889
vn 0.39332035183906555 -0.91719669103622437 0.063634306192398071
vn 0.32128316164016724 -0.94685345888137817 0.015672529116272926
vn 0.10079551488161087 0.62979501485824585 0.77019381523132324
vn -0.0064582298509776592 -0.3929288387298584 0.91954618692398071
vn 0.068723879754543304 0.62268948554992676 0.77944523096084595
vn 0.029430771246552467 -0.14175213873386383 0.98946458101272583
vn -0.023832701146602631 -0.74114751815795898 0.67091900110244751
vn 0.0033058307599276304 -0.76766973733901978 0.64083719253540039
vn 0.047034580260515213 0.61237472295761108 0.78916728496551514
vn 0.039877552539110184 0.45113417506217957 0.89156478643417358
vn 0.030710486695170403 -0.63357079029083252 0.77307498455047607
vn 0.047328181564807892 -0.48130089044570923 0.87527680397033691
vn 0.03829135000705719 0.47636541724205017 0.87841320037841797
vn -0.009994208812713623 -0.20653606951236725 0.97838795185089111
vn -0.0014197569107636809 -0.21421563625335693 0.97678536176681519
vn 0.2452133446931839 0.73050731420516968 0.63736134767532349
vn 0.29042676091194153 0.79239094257354736 0.53644090890884399
vn -0.040673710405826569 -0.16501554846763611 0.98545193672180176
vn 0.39422059059143066 0.74564087390899658 0.5372241735458374
vn 0.50081127882003784 0.70433890819549561 0.50308519601821899
vn 0.5335080623626709 0.65008938312530518 0.54106646776199341
vn 0.5032120943069458 0.59722071886062622 0.62458384037017822
vn 0.58297848701477051 0.62338793277740479 0.52107924222946167
vn 0.63378691673278809 0.52636003494262695 0.56679737567901611
vn 0.041258141398429871 -0.10026565194129944 0.99410492181777954
vn 0.53503215312957764 0.387483149766922 0.75073122978210449
vn 0.59718310832977295 0.31970307230949402 0.73563730716705322
vn -0.077466912567615509 -0.11078280955553055 0.99082088470458984
vn 0.074469849467277527 0.0073009105399250984 0.99719655513763428
vn 0.10225173830986023 0.013241359032690525 0.99467045068740845
vn 0.58900529146194458 0.13597866892814636 0.79660689830780029
vn 0.12901397049427032 0.0016297349939122796 0.99164146184921265
vn 0.68363773822784424 0.071028336882591248 0.72635692358016968
vn -0.16165070235729218 -0.12107811868190765 0.97939223051071167
vn -0.3002132773399353 0.011615823954343796 0.95380139350891113
vn -0.49397507309913635 0.62582194805145264 0.60360211133956909
vn -0.40825328230857849 0.59884083271026611 0.68899846076965332
vn -0.32739982008934021 0.59597033262252808 0.73323172330856323
vn -0.11812285333871841 -0.066666916012763977 0.99075853824615479
vn 0.043527223169803619 -0.30178657174110413 0.95238137245178223
vn 0.02981477789580822 -0.26390475034713745 0.9640878438949585
vn -0.052166737616062164 0.49248689413070679 0.868755042552948
vn -0.015840735286474228 0.43521302938461304 0.900188148021698
vn 0.050383798778057098 -0.40383017063140869 0.91344547271728516
vn -0.0067635658197104931 0.48382729291915894 0.8751373291015625
vn 0.027896389365196228 -0.038607660681009293 0.99886494874954224
vn 0.057016488164663315 -0.5955272912979126 0.80130916833877563
vn -0.040659651160240173 -0.24372568726539612 0.96899151802062988
vn -0.29411938786506653 0.5663788914680481 0.76987576484680176
vn -0.22455874085426331 0.61551088094711304 0.75545990467071533
vn 0.029630441218614578 -0.22441850602626801 0.97404229640960693
vn 0.17783209681510925 0.07877088338136673 0.98090308904647827
vn 0.13596348464488983 0.34440657496452332 0.92892307043075562
vn 0.085623100399971008 -0.5264471173286438 0.84588539600372314
vn 0.072198331356048584 -0.61523473262786865 0.78503096103668213
vn 0.40012145042419434 0.73359972238540649 0.54930341243743896
vn 0.41594609618186951 0.78835582733154297 0.45330339670181274
vn 0.29076826572418213 0.93964296579360962 -0.18034665286540985
vn 0.090467415750026703 -0.48014345765113831 0.87251240015029907
vn 0.39618200063705444 0.47809100151062012 0.78388059139251709
vn 0.3453032374382019 0.26642045378684998 0.89988100528717041
vn -0.8817102313041687 0.046203363686800003 0.46952345967292786
vn -0.78917288780212402 0.080776423215866089 0.60883605480194092
vn -0.080741830170154572 -0.054116137325763702 0.99526488780975342
vn 0.027066284790635109 0.43570378422737122 0.89968305826187134
vn 0.084465079009532928 -0.21196712553501129 0.97361981868743896
vn 0.043637178838253021 -0.51195740699768066 0.85790175199508667
vn -0.57280004024505615 0.46318808197975159 0.67628169059753418
vn -0.54772055149078369 0.52930402755737305 0.64795017242431641
vn -0.28416863083839417 -0.080043114721775055 0.95542728900909424
vn -0.30350762605667114 -0.093083322048187256 0.94827139377593994
vn -0.35061919689178467 0.068533614277839661 0.93400710821151733
vn 0.054039429873228073 0.16429507732391357 0.98492985963821411
vn 0.021450981497764587 0.43017756938934326 0.90248942375183105
vn 0.063299424946308136 -0.54913055896759033 0.83333593606948853
vn 0.060233931988477707 -0.59897810220718384 0.7984967827796936
vn 0.062862925231456757 -0.71870386600494385 0.69246876239776611
vn 0.083897791802883148 -0.064639851450920105 0.99437558650970459
vn 0.06831098347902298 -0.58616417646408081 0.80730736255645752
vn 0.37141114473342896 0.5929253101348877 0.71448820829391479
vn 0.11904096603393555 -0.23767046630382538 0.9640238881111145
vn 0.2886345386505127 0.78164130449295044 0.55292582511901855
vn 0.20299609005451202 -0.39343145489692688 0.89666283130645752
vn 0.076629377901554108 -0.47276562452316284 0.8778499960899353
vn 0.10756227374076843 -0.13325111567974091 0.98522812128067017
vn 0.2101602703332901 0.69097477197647095 0.69165492057800293
vn -0.73261022567749023 0.091834269464015961 0.67442470788955688
vn -0.80898725986480713 0.12219351530075073 0.57498550415039062
vn -0.53547829389572144 0.037444710731506348 0.84371846914291382
vn -0.71619910001754761 0.49500212073326111 0.49196723103523254
vn -0.40322664380073547 0.055358629673719406 0.91342419385910034
vn -0.70155197381973267 0.35368490219116211 0.61865323781967163
vn -0.61503440141677856 0.72945380210876465 0.29938244819641113
vn -0.69818073511123657 0.65793180465698242 0.28225767612457275
vn -0.68549370765686035 0.63760268688201904 0.35151270031929016
vn -0.76136910915374756 0.55124151706695557 0.34124746918678284
vn -0.85492783784866333 0.40863153338432312 0.31956011056900024
vn -0.80146259069442749 0.5361555814743042 0.26494330167770386
vn -0.85120928287506104 0.46047273278236389 0.25180864334106445
vn -0.98120969533920288 0.037726558744907379 0.18922021985054016
vn -0.96202093362808228 0.044361747801303864 0.26934689283370972
vn -0.96798241138458252 0.086313724517822266 0.2357117235660553
vn -0.15470929443836212 0.89888066053390503 0.40997391939163208
vn -0.23911073803901672 0.89578157663345337 0.37470176815986633
vn -0.1381809264421463 0.88806796073913574 0.43845334649085999
vn -0.35443326830863953 0.88301670551300049 0.30766621232032776
vn -0.33993607759475708 0.87652331590652466 0.3408084511756897
vn -0.5091245174407959 0.80783790349960327 0.2969682514667511
vn -0.451377272605896 0.83315211534500122 0.31955602765083313
vn -0.43193584680557251 0.85268706083297729 0.29386427998542786
vn 0.62748026847839355 -0.096576660871505737 -0.77261984348297119
vn 0.79045623540878296 -0.55817997455596924 -0.25221812725067139
vn 0.59819114208221436 -0.14924877882003784 -0.78733229637145996
vn 0.68546289205551147 -0.66409581899642944 -0.29852530360221863
vn 0.57489579916000366 -0.15076152980327606 -0.80421751737594604
vn 0.11839886009693146 -0.87865233421325684 0.46254923939704895
vn 0.16637527942657471 -0.98090475797653198 -0.10072282701730728
vn 0.19955730438232422 -0.97395151853561401 0.10768141597509384
vn 0.26709204912185669 -0.9483029842376709 0.17141565680503845
vn 0.064600430428981781 -0.66159164905548096 0.74707651138305664
vn 0.019984269514679909 -0.56785309314727783 0.82288730144500732
vn 0.27821540832519531 -0.86512696743011475 0.41731467843055725
vn 0.41154876351356506 -0.88555645942687988 -0.21544702351093292
vn 0.0011562509462237358 -0.54863643646240234 0.83606022596359253
vn 0.33944183588027954 -0.79992973804473877 0.49486532807350159
vn 0.47071203589439392 -0.88207763433456421 -0.019214676693081856
vn 0.026479888707399368 -0.53316062688827515 0.84559953212738037
vn 0.47472479939460754 -0.36939981579780579 -0.7988618016242981
vn 0.47550058364868164 -0.70700830221176147 -0.52348679304122925
vn 0.49614748358726501 -0.45636388659477234 -0.73862689733505249
vn 0.87819737195968628 0.02728908509016037 -0.47751933336257935
vn 0.99136161804199219 -0.040068432688713074 -0.12488643825054169
vn 0.75980347394943237 -0.031065439805388451 -0.64941024780273438
vn -0.10896278917789459 -0.25261729955673218 -0.9614112377166748
vn -0.048214737325906754 -0.25152489542961121 -0.96664911508560181
vn -0.13299503922462463 -0.73929601907730103 -0.66011643409729004
vn -0.19871053099632263 -0.19634437561035156 -0.96018904447555542
vn -0.24971887469291687 -0.7541273832321167 -0.60739803314208984
vn 0.27201050519943237 -0.67342889308929443 -0.68738913536071777
vn 0.14214831590652466 -0.79051613807678223 -0.59571641683578491
vn 0.1747802346944809 -0.26317417621612549 -0.94878405332565308
vn 0.02980557456612587 -0.20914925634860992 -0.97742938995361328
vn 0.055240843445062637 -0.21011918783187866 -0.97611391544342041
vn 0.097860924899578094 -0.76941996812820435 -0.63120216131210327
vn 0.0053584971465170383 -0.11787242442369461 -0.99301427602767944
vn 0.038202125579118729 -0.70480519533157349 -0.70837152004241943
vn -0.017212938517332077 -0.18249897658824921 -0.98305535316467285
vn 0.0045999465510249138 -0.69638526439666748 -0.71765339374542236
vn -0.030793268233537674 -0.73320949077606201 -0.67930519580841064
vn 0.10164466500282288 -0.4538503885269165 -0.8852616548538208
vn 0.14648360013961792 -0.84254246950149536 -0.51832878589630127
vn 0.12389417737722397 -0.86850392818450928 -0.47994914650917053
vn 0.07566564530134201 -0.83914601802825928 0.53861731290817261
vn 0.047777324914932251 -0.83078646659851074 0.55453693866729736
vn 0.075944975018501282 -0.99353057146072388 -0.084435813128948212
vn 0.10701997578144073 -0.98759633302688599 -0.11489237099885941
vn 0.11206041276454926 -0.93486738204956055 0.33684632182121277
vn 0.14672303199768066 -0.96949905157089233 -0.19632607698440552
vn 0.028818694874644279 -0.96069401502609253 0.27610951662063599
vn 0.016585467383265495 -0.95962148904800415 -0.28080505132675171
vn 0.037703387439250946 -0.98767966032028198 -0.15187922120094299
vn 0.15615421533584595 -0.9767756462097168 -0.1467147171497345
vn -0.1670864075422287 -0.93990784883499146 -0.29775044322013855
vn -0.30271551012992859 -0.87967842817306519 -0.36678221821784973
vn -0.18988880515098572 -0.35403630137443542 -0.91575133800506592
vn -0.069888502359390259 -0.34106186032295227 -0.93743926286697388
vn -0.11275511980056763 -0.18759933114051819 -0.97575241327285767
vn -0.074169568717479706 -0.9330640435218811 -0.35198065638542175
vn -0.33797308802604675 -0.19588156044483185 -0.92054581642150879
vn -0.23542740941047668 -0.2675144374370575 -0.93435001373291016
vn -0.41756963729858398 -0.72418683767318726 -0.54880696535110474
vn 0.4193548858165741 -0.2512037456035614 -0.8723750114440918
vn 0.51916563510894775 -0.73082762956619263 -0.44312301278114319
vn 0.43228566646575928 -0.79877394437789917 -0.41843673586845398
vn 0.29234600067138672 -0.19559557735919952 -0.93609625101089478
vn 0.36698627471923828 -0.73602521419525146 -0.56884795427322388
vn 0.42947855591773987 -0.82123273611068726 0.37566602230072021
vn 0.59729260206222534 -0.77385735511779785 0.21068072319030762
vn 0.13240335881710052 -0.53381085395812988 0.8351738452911377
vn 0.60532993078231812 -0.71202915906906128 0.35579505562782288
vn 0.15702448785305023 -0.43286594748497009 0.88767695426940918
vn 0.065580755472183228 -0.26927050948143005 0.96082907915115356
vn 0.63490325212478638 -0.52428048849105835 0.56747496128082275
vn 0.091461002826690674 -0.94941627979278564 -0.30040577054023743
vn 0.14312662184238434 -0.88706713914871216 -0.43889254331588745
vn 0.13497364521026611 -0.82256925106048584 -0.55241459608078003
vn 0.016077432781457901 -0.98646676540374756 -0.16317133605480194
vn 0.06116224080324173 -0.74710041284561157 -0.66189134120941162
vn -0.058005888015031815 -0.99563366174697876 -0.073136523365974426
vn -0.021857555955648422 -0.80746400356292725 -0.58951181173324585
vn -0.021741509437561035 -0.91149657964706421 0.4107326865196228
vn 0.023722168058156967 -0.97331446409225464 0.22824592888355255
vn 0.17935237288475037 -0.72174268960952759 -0.66852092742919922
vn -0.10665782541036606 -0.96603959798812866 -0.23535414040088654
vn 0.57730436325073242 -0.18724964559078217 -0.79476869106292725
vn 0.69766086339950562 -0.18128183484077454 -0.69311338663101196
vn 0.73716980218887329 -0.64704501628875732 -0.19471372663974762
vn 0.85682052373886108 -0.50734519958496094 0.091975189745426178
vn 0.7988898754119873 -0.59899616241455078 0.054576285183429718
vn 0.071370229125022888 -0.9744795560836792 0.21282830834388733
vn 0.095447331666946411 -0.98612737655639648 0.13580355048179626
vn 0.14672216773033142 -0.91082799434661865 -0.38583031296730042
vn 0.15882112085819244 -0.91451424360275269 -0.37207463383674622
vn 0.19054402410984039 -0.81955236196517944 -0.54039514064788818
vn -0.6800873875617981 -1.0399417078588158E-05 -0.7331310510635376
vn -0.75296467542648315 9.8396034445613623E-05 -0.65806096792221069
vn -0.71508502960205078 4.9222187954001129E-05 -0.69903749227523804
vn -0.14249122142791748 -0.87757211923599243 0.45778095722198486
vn -0.13562522828578949 -0.82067185640335083 0.55507075786590576
vn -0.32090243697166443 -0.94708085060119629 0.0077152554877102375
vn -0.086406491696834564 -0.88223659992218018 0.46280932426452637
vn -0.26276636123657227 -0.94951832294464111 -0.17137327790260315
vn -0.17060180008411407 -0.98313599824905396 -0.065868645906448364
vn -0.17249588668346405 -0.33908292651176453 -0.92480695247650146
vn -0.054352819919586182 -0.88041520118713379 -0.47107833623886108
vn -0.057166393846273422 -0.22108712792396545 -0.97357714176177979
vn -0.18612687289714813 -0.12659731507301331 -0.97433561086654663
vn -0.30858981609344482 -0.36794352531433105 -0.87714874744415283
vn -0.38690286874771118 -0.88036757707595825 -0.27433398365974426
vn -0.25107058882713318 -0.90728777647018433 -0.33733144402503967
vn -0.35930240154266357 -0.31230741739273071 -0.87941223382949829
vn 0.53410589694976807 -0.27710741758346558 -0.79871296882629395
vn 0.45728659629821777 -0.31392943859100342 -0.83206808567047119
vn 0.45190241932868958 -0.15284498035907745 -0.87887579202651978
vn 0.53399455547332764 -0.79954624176025391 -0.27491012215614319
vn 0.6512225866317749 -0.73623687028884888 -0.18402278423309326
vn 0.43735602498054504 -0.86243528127670288 -0.25480404496192932
vn 0.43849149346351624 -0.89237517118453979 -0.10673223435878754
vn -0.41507360339164734 -0.8657454252243042 -0.27964049577713013
vn -0.43110671639442444 -0.86900633573532104 -0.24284763634204865
vn -0.44356513023376465 -0.42318058013916016 -0.7900431752204895
vn -0.35101398825645447 -0.31877020001411438 -0.88044005632400513
vn -0.34171637892723083 -0.16782081127166748 -0.92469781637191772
vn -0.22491995990276337 -0.248555988073349 -0.94214165210723877
vn -0.25303903222084045 -0.15630771219730377 -0.9547455906867981
vn -0.32025629281997681 -0.86281001567840576 -0.39114552736282349
vn -0.22987788915634155 -0.41096282005310059 -0.88219368457794189
vn -0.0310682263225317 -0.92738443613052368 -0.37281748652458191
vn -0.063975624740123749 -0.91125011444091797 -0.40685424208641052
vn -0.035884696990251541 -0.27019742131233215 -0.96213597059249878
vn 0.018826020881533623 -0.94616127014160156 -0.32314768433570862
vn -0.0081389909610152245 -0.3174738883972168 -0.94823205471038818
vn 0.075102604925632477 -0.94595181941986084 -0.31549128890037537
vn 0.017251299694180489 -0.32434910535812378 -0.94578015804290771
vn 0.13187268376350403 -0.92736834287643433 -0.35013929009437561
vn 0.049939725548028946 -0.34193992614746094 -0.93839389085769653
vn 0.078683435916900635 -0.2731853723526001 -0.95873802900314331
vn 0.035776417702436447 -0.044973738491535187 -0.99834734201431274
vn 0.098508477210998535 -0.9804307222366333 0.17044539749622345
vn 0.12698587775230408 -0.97278255224227905 -0.19382643699645996
vn 0.16274437308311462 -0.93756800889968872 -0.30737677216529846
vn 0.21262365579605103 -0.73950344324111938 -0.6386907696723938
vn 0.12405148893594742 -0.31928765773773193 -0.93950337171554565
vn 0.12613275647163391 -0.94552057981491089 -0.30013552308082581
vn 0.096174389123916626 -0.34819909930229187 -0.93247407674789429
vn 0.22234974801540375 -0.89289844036102295 -0.39152643084526062
vn 0.18286444246768951 -0.20397979021072388 -0.96174466609954834
vn 0.12860189378261566 -0.091769903898239136 -0.98744106292724609
vn 0.1865660697221756 -0.28227189183235168 -0.94101840257644653
vn 0.26029446721076965 -0.18309502303600311 -0.94801002740859985
vn 0.27664351463317871 -0.76201766729354858 -0.58548909425735474
vn 0.18021367490291595 -0.84935855865478516 -0.49609783291816711
vn -0.94720500707626343 -0.039146047085523605 0.31822985410690308
vn -0.96256667375564575 -0.053799822926521301 0.26565200090408325
vn -0.95679318904876709 -0.094016678631305695 0.27515020966529846
vn -0.95859122276306152 -0.0044155996292829514 0.28475147485733032
vn -0.9354935884475708 -0.10641872882843018 0.33693742752075195
vn -0.9284319281578064 -0.023823235183954239 0.37073791027069092
vn -0.93133288621902466 -0.29437017440795898 0.21439497172832489
vn -0.94663876295089722 -0.18735826015472412 0.26224404573440552
vn -0.95925498008728027 -0.17834819853305817 0.21913875639438629
vn -0.90628814697265625 -0.37698554992675781 0.19111186265945435
vn -0.93438410758972168 -0.30756235122680664 0.17981016635894775
vn -0.86280381679534912 -0.48500174283981323 0.14262849092483521
vn -0.88313555717468262 -0.45097845792770386 0.12919002771377563
vn -0.82502079010009766 -0.55178582668304443 0.12195520848035812
vn -0.92230218648910522 -0.28903773427009583 0.2565460205078125
vn -0.93414026498794556 -0.20584751665592194 0.29156270623207092
vn -0.82504117488861084 -0.54507160186767578 0.1490100771188736
vn -0.77963900566101074 -0.61324107646942139 0.12687969207763672
vn -0.072594083845615387 -0.88725221157073975 0.45553657412528992
vn -0.036401335150003433 -0.93920218944549561 0.34142971038818359
vn -0.19039268791675568 -0.95664244890213013 -0.22042205929756165
vn -0.13677848875522614 -0.86950671672821045 0.47460481524467468
vn -0.28169319033622742 -0.95003199577331543 -0.13449227809906006
vn -0.1183764785528183 -0.77415388822555542 -0.62183022499084473
vn -0.087525144219398499 -0.96890157461166382 -0.23145003616809845
vn -0.39324361085891724 -0.27950426936149597 -0.87592059373855591
vn -0.4582163393497467 -0.79081320762634277 -0.40577366948127747
vn -0.43414917588233948 -0.72097796201705933 -0.54009747505187988
vn -0.3655724823474884 -0.24084188044071198 -0.89908397197723389
vn 0.0075196498073637486 -0.91436111927032471 0.40482988953590393
vn -0.091520167887210846 -0.91558825969696045 0.3915637731552124
vn -0.13903868198394775 -0.94918090105056763 -0.28235414624214172
vn 0.16094875335693359 -0.30953651666641235 0.93716734647750854
vn 0.69714498519897461 -0.43852028250694275 0.56717616319656372
vn 0.25353431701660156 -0.20732416212558746 0.94484764337539673
vn 0.18782331049442291 -0.085548095405101776 0.97847020626068115
vn 0.75056236982345581 -0.12569910287857056 0.64873403310775757
vn 0.77119433879852295 -0.036112915724515915 0.63557469844818115
vn 0.31370255351066589 -0.89401513338088989 -0.31988698244094849
vn 0.38211509585380554 -0.29678595066070557 -0.87516063451766968
vn 0.41437658667564392 -0.86406534910202026 -0.28580263257026672
vn 0.45154103636741638 -0.30978584289550781 -0.8367457389831543
vn 0.30355685949325562 -0.67201870679855347 -0.67545843124389648
vn 0.29438024759292603 -0.15881381928920746 -0.94240033626556396
vn 0.42681300640106201 -0.53403681516647339 -0.72981870174407959
vn 0.22147236764431 -0.2621644139289856 -0.93926554918289185
vn -0.094255119562149048 -0.73029106855392456 -0.67660248279571533
vn -0.090750828385353088 -0.68822550773620605 -0.71979856491088867
vn -0.22902002930641174 -0.76854521036148071 -0.59740114212036133
vn 0.31003883481025696 -0.50453734397888184 -0.80580270290374756
vn 0.2039763331413269 -0.58038264513015747 -0.78838419914245605
vn 0.31278762221336365 -0.5679512619972229 -0.76131153106689453
vn 0.4045734703540802 -0.63570636510848999 -0.65741747617721558
vn 0.43129965662956238 -0.53409957885742188 -0.72713017463684082
vn -0.42020145058631897 -0.84004354476928711 -0.34315824508666992
vn -0.40873217582702637 -0.85166436433792114 -0.32803323864936829
vn -0.32797813415527344 -0.8432992696762085 -0.42576602101325989
vn -0.35298344492912292 -0.82183903455734253 -0.44719487428665161
vn -0.38998550176620483 -0.83249557018280029 -0.39352568984031677
vn -0.27157941460609436 -0.8320191502571106 -0.48372384905815125
vn 0.16506563127040863 -0.68471443653106689 -0.70987284183502197
vn 0.12138794362545013 -0.62954390048980713 -0.76742392778396606
vn 0.23457258939743042 -0.69434058666229248 -0.68034321069717407
vn -0.34977823495864868 -0.86244899034500122 -0.36583724617958069
vn -0.11577656120061874 -0.79024553298950195 -0.60175395011901855
vn -0.020153837278485298 -0.74547433853149414 -0.66622954607009888
vn -0.21925652027130127 -0.78465712070465088 -0.57986187934875488
vn -0.005845596082508564 -0.67899346351623535 -0.73412108421325684
vn 0.069847792387008667 -0.70999419689178467 -0.70073497295379639
vn 0.09629812091588974 -0.69531357288360596 -0.71222591400146484
vn 0.14634957909584045 -0.75112408399581909 -0.64373475313186646
vn 0.18662567436695099 -0.76319342851638794 -0.61863291263580322
vn 0.097337119281291962 -0.57418727874755859 -0.81291723251342773
vn -0.3260740339756012 -0.8713308572769165 -0.36668550968170166
vn -0.39657321572303772 -0.86684370040893555 -0.30217814445495605
vn 0.17441049218177795 -0.72598946094512939 -0.6652219295501709
vn 0.12491839379072189 -0.93905961513519287 -0.3202536404132843
vn 0.027101412415504456 -0.8698195219039917 -0.49262511730194092
vn 0.035343252122402191 -0.25611352920532227 -0.96600037813186646
vn 0.085722260177135468 -0.077505983412265778 -0.99329978227615356
vn 0.18175642192363739 -0.32515615224838257 -0.92802911996841431
vn 0.28736355900764465 -0.31091934442520142 -0.90595328807830811
vn -0.2950107753276825 -0.93905633687973022 -0.17647048830986023
vn -0.32538148760795593 -0.93070584535598755 -0.16707327961921692
vn -0.39760613441467285 -0.90851503610610962 -0.12849023938179016
vn -0.46927249431610107 -0.87840443849563599 -0.090492799878120422
vn -0.35205715894699097 -0.92357629537582397 -0.15186353027820587
vn -0.49481701850891113 -0.86614006757736206 -0.070409394800662994
vn -0.60138356685638428 -0.79894906282424927 -0.00426830118522048
vn -0.23490720987319946 -0.94845271110534668 -0.212734654545784
vn -0.19490793347358704 -0.95510661602020264 -0.22311945259571075
vn -0.53924238681793213 -0.84034383296966553 -0.055135376751422882
vn -0.55647873878479004 -0.82899641990661621 -0.0556446872651577
vn -0.43830776214599609 -0.89176034927368164 -0.11247116327285767
vn -0.66040056943893433 -0.74983131885528564 0.040299732238054276
vn -0.75225937366485596 -0.65153175592422485 0.098041579127311707
vn -0.68483990430831909 -0.7280890941619873 0.02967444434762001
vn -0.74813193082809448 -0.6620781421661377 0.044171709567308426
vn -0.63699787855148315 -0.77076476812362671 -0.012466374784708023
vn -0.75305694341659546 -0.65436643362045288 0.06862795352935791
vn -0.80811023712158203 -0.57928997278213501 0.1066819503903389
vn -0.80870622396469116 -0.58270132541656494 0.080333106219768524
vn 0.47371920943260193 0.00010150621528737247 -0.88067591190338135
vn 0.46229565143585205 5.3221639973344281E-05 -0.88672584295272827
vn 0.43494066596031189 4.6509285311913118E-05 -0.90045911073684692
vn 0.50173389911651611 0.00011781175271607935 -0.86502200365066528
vn 0.49591293931007385 6.43895473331213E-05 -0.86837226152420044
vn 0.53182172775268555 8.8624728959985077E-05 -0.84685635566711426
vn 0.53312313556671143 3.9088972698664293E-05 -0.84603762626647949
vn 0.15246793627738953 -0.92899280786514282 -0.33723276853561401
vn 0.095017120242118835 -0.93922877311706543 -0.32988032698631287
vn 0.23805944621562958 -0.88231515884399414 -0.40601432323455811
vn 0.2910994291305542 -0.85332006216049194 -0.43255749344825745
vn 0.38759148120880127 -0.75732791423797607 -0.52557331323623657
vn 0.28918609023094177 -0.83416146039962769 -0.46962332725524902
vn 0.32006949186325073 -0.77656853199005127 -0.54267561435699463
vn 0.052007943391799927 -0.95738774538040161 -0.28408429026603699
vn 0.44728121161460876 -0.89392876625061035 0.028825312852859497
vn 0.58086562156677246 -0.81271594762802124 0.045694120228290558
vn 0.50464135408401489 -0.86256891489028931 0.036221377551555634
vn 0.72444570064544678 -0.68612575531005859 0.066407017409801483
vn 0.63101089000701904 -0.77400583028793335 0.052346661686897278
vn 0.39327967166900635 -0.91916006803512573 0.021815814077854156
vn 0.41172116994857788 -0.91098898649215698 0.024182301014661789
vn 0.35164669156074524 -0.93600231409072876 0.015628911554813385
vn 0.89843559265136719 -0.42946577072143555 0.09150204062461853
vn 0.93042683601379395 -0.35320255160331726 0.097743645310401917
vn 0.94899290800094604 -0.29872244596481323 0.10088261961936951
vn 0.83298647403717041 -0.54738456010818481 0.080645628273487091
vn 0.992900550365448 -0.04506852850317955 0.11007893830537796
vn 0.99283885955810547 0.033176727592945099 0.11476210504770279
vn 0.99363446235656738 0.0023124788422137499 0.11262878030538559
vn 0.97776585817337036 -0.18070235848426819 0.10639845579862595
vn 0.77712851762771606 -0.62519007921218872 0.072171278297901154
vn -0.14952471852302551 -0.98861867189407349 0.016597827896475792
vn -0.064984291791915894 -0.99788427352905273 0.0020035437773913145
vn -0.097946926951408386 -0.99512302875518799 0.011684359051287174
vn -0.17654819786548615 -0.98415684700012207 0.0163114033639431
vn -0.29645270109176636 -0.95503979921340942 -0.0038494744803756475
vn -0.27134031057357788 -0.96248334646224976 0.00053493364248424768
vn -0.33685719966888428 -0.9415556788444519 -0.00038734517875127494
vn -0.34754076600074768 -0.93766486644744873 6.3648367358837277E-05
vn -0.306610107421875 -0.95181882381439209 -0.0055813207291066647
vn -0.38893207907676697 -0.92125815153121948 -0.0039138328284025192
vn 0.36239638924598694 -0.93202179670333862 0.0020676364656537771
vn 0.43366706371307373 -0.90107238292694092 -0.0011902108089998364
vn 0.38864344358444214 -0.92138808965682983 0.00053219270193949342
vn 0.23751427233219147 -0.97138065099716187 0.0025592702440917492
vn 0.25055459141731262 -0.96809667348861694 0.0033495521638542414
vn -0.084894038736820221 -0.99636667966842651 -0.0068111433647572994
vn -0.046790815889835358 -0.99890464544296265 0.00027344527188688517
vn -0.062324892729520798 -0.99801981449127197 -0.0084855677559971809
vn -0.01856594905257225 -0.99982684850692749 0.0012382206041365862
vn -0.0083356890827417374 -0.99996519088745117 0.00042547815246507525
vn 0.0054573165252804756 -0.99998444318771362 0.0011509740725159645
vn 0.010530263185501099 -0.99994456768035889 0.00013051024870947003
vn 0.012369469739496708 -0.99992311000823975 0.00090007245307788253
vn 0.22881364822387695 -0.97344309091567993 -0.0072710160166025162
vn 0.32062840461730957 -0.94720065593719482 -0.0028922604396939278
vn 0.19925303757190704 -0.97984939813613892 -0.013907348737120628
vn -0.28676688671112061 -0.95799535512924194 -0.0031135960016399622
vn -0.23431706428527832 -0.97213661670684814 -0.0067727896384894848
vn -0.21667885780334473 -0.9762120246887207 -0.0077724894508719444
vn 0.039497651159763336 -0.00059024733491241932 -0.99921947717666626
vn 0.031417205929756165 -0.00010244451550533995 -0.99950635433197021
vn 0.040388811379671097 -0.00064364989520981908 -0.99918383359909058
vn 0.015246259048581123 -8.8167689682450145E-05 -0.99988377094268799
vn 0.027408519759774208 8.3917046140413731E-05 -0.99962431192398071
vn 0.0091176088899374008 3.5833345464197919E-05 -0.99995845556259155
vn -0.0010883022332563996 -4.6307071897899732E-05 -0.99999940395355225
vn -0.0071702306158840656 0.0002678793971426785 -0.99997425079345703
vn -0.017435662448406219 -0.00027069574571214616 -0.99984794855117798
vn -0.021894069388508797 -6.2155333580449224E-05 -0.99976027011871338
vn -0.032884381711483002 0.00036585194175131619 -0.99945908784866333
vn -0.42598068714141846 -0.86286079883575439 -0.27205097675323486
vn -0.42158758640289307 -0.85262292623519897 -0.30870380997657776
vn -0.39548525214195251 -0.8758089542388916 -0.27667692303657532
vn -0.12534968554973602 -0.88128066062927246 -0.45566633343696594
vn -0.14374682307243347 -0.89953154325485229 -0.41252860426902771
vn -0.21569454669952393 -0.88812947273254395 -0.40583479404449463
vn -0.058393396437168121 -0.88481432199478149 -0.46227025985717773
vn -0.35313171148300171 -0.86677980422973633 -0.3521232008934021
vn -0.27512267231941223 -0.89274972677230835 -0.35679891705513
vn -0.34052544832229614 -0.8808019757270813 -0.32898369431495667
vn -0.26720443367958069 -0.87203550338745117 -0.41006818413734436
vn -0.37302276492118835 -0.88852488994598389 -0.26716580986976624
vn -0.41412931680679321 -0.87510067224502563 -0.25039121508598328
vn -0.27638375759124756 -0.89934325218200684 -0.33881217241287231
vn -0.04004891961812973 -0.88977706432342529 -0.45463484525680542
vn 0.0085787875577807426 -0.89432674646377563 -0.44733220338821411
vn -0.44756430387496948 -0.84119057655334473 -0.30345451831817627
vn -0.44744986295700073 -0.84699910879135132 -0.28702118992805481
vn -0.14907254278659821 -0.87383037805557251 -0.46281510591506958
vn -0.062256388366222382 -0.87652045488357544 -0.47732168436050415
vn -0.033007271587848663 -0.88435983657836914 -0.46563738584518433
vn 0.5934411883354187 -0.21232709288597107 -0.77636635303497314
vn 0.70753997564315796 -0.6882706880569458 -0.16022056341171265
vn 0.6320764422416687 -0.73044204711914062 -0.25871565937995911
vn 0.49603772163391113 -0.20007644593715668 -0.84493547677993774
vn 0.52310484647750854 -0.73418694734573364 -0.43281728029251099
vn 0.42699414491653442 -0.1502959281206131 -0.89167660474777222
vn 0.35527339577674866 6.8057415774092078E-05 -0.93476241827011108
vn 0.3787936270236969 0.0002137981791747734 -0.92548114061355591
vn 0.36599287390708923 3.7014648114563897E-05 -0.93061763048171997
vn 0.31109869480133057 2.3002763555268757E-05 -0.95037758350372314
vn 0.30405175685882568 9.2381807917263359E-05 -0.95265549421310425
vn 0.2443377822637558 9.3075599579606205E-05 -0.96969020366668701
vn 0.23578895628452301 1.7303202184848487E-05 -0.97180426120758057
vn 0.18293410539627075 0.00011276867735432461 -0.98312515020370483
vn 0.15000680088996887 6.1820883274776861E-06 -0.98868495225906372
vn -0.042563125491142273 8.8495966338086873E-05 -0.99909377098083496
vn -0.045724093914031982 7.125837782950839E-06 -0.99895411729812622
vn -0.053698211908340454 4.7893896407913417E-05 -0.99855720996856689
vn -0.082270361483097076 1.7584055967745371E-05 -0.99661004543304443
vn -0.10817797482013702 5.7893226767191663E-05 -0.99413156509399414
vn -0.21360541880130768 4.6365737944142893E-05 -0.97692000865936279
vn -0.17313395440578461 2.1210516933933832E-05 -0.98489826917648315
vn -0.20440094172954559 1.8035467292065732E-05 -0.97888725996017456
vn -0.25025680661201477 1.6609936210443266E-05 -0.96817946434020996
vn 0.39510539174079895 -0.00068600091617554426 -0.91863554716110229
vn 0.39622905850410461 8.2673068391159177E-05 -0.91815167665481567
vn 0.39609867334365845 -6.5658005041768774E-06 -0.91820794343948364
vn 0.083628758788108826 3.3291078580077738E-05 -0.99649697542190552
vn 0.073031961917877197 2.8129745714977616E-06 -0.99732959270477295
vn 0.044042643159627914 7.018608448561281E-05 -0.99902963638305664
vn 0.18819855153560638 7.6223288488108665E-05 -0.98213100433349609
vn 0.14640970528125763 -1.8111475583282299E-05 -0.98922401666641235
vn 0.19303169846534729 4.5383865654002875E-05 -0.98119252920150757
vn 0.12473083287477493 -8.3150480350013822E-05 -0.99219059944152832
vn 0.10472498089075089 6.5176485804840922E-05 -0.99450123310089111
vn 0.97384250164031982 -0.010361231863498688 0.22698782384395599
vn 0.98476278781890869 -0.074301518499851227 0.15723076462745667
vn 0.72677767276763916 0.047715786844491959 -0.68521344661712646
vn 0.79954814910888672 -0.02186540886759758 -0.60020387172698975
vn 0.98715108633041382 -0.15337668359279633 -0.044814642518758774
vn 0.97218579053878784 -0.23154529929161072 -0.035235118120908737
vn 0.74186801910400391 -0.036671008914709091 -0.66954249143600464
vn 0.89914417266845703 -0.43756559491157532 0.008721780963242054
vn 0.88243961334228516 -0.41446119546890259 0.22253592312335968
vn -0.13598756492137909 -0.85475897789001465 0.50089371204376221
vn -0.091224730014801025 -0.88144493103027344 0.46339276432991028
vn -0.1657634824514389 -0.81811279058456421 0.55064868927001953
vn -0.041922837495803833 -0.88873553276062012 0.45649924874305725
vn -0.083779409527778625 -0.87573045492172241 0.47547575831413269
vn -0.049116618931293488 -0.90281683206558228 0.42721113562583923
vn -0.00026383320800960064 -0.91977459192276001 0.39244699478149414
vn -0.0058066509664058685 -0.8914833664894104 0.45301628112792969
vn -0.020688444375991821 -0.93324041366577148 0.35865622758865356
vn -0.15685148537158966 -0.86164456605911255 0.48266574740409851
vn -0.11195281147956848 -0.89788824319839478 0.42575019598007202
vn -0.073413841426372528 -0.88192135095596313 0.46564492583274841
vn -0.15194264054298401 -0.83356857299804688 0.53110909461975098
vn -0.025304194539785385 -0.93758141994476318 0.34684407711029053
vn -0.029798971489071846 -0.94028943777084351 0.33906903862953186
vn -0.019332423806190491 -0.90429818630218506 0.42646336555480957
vn 0.31843602657318115 -0.30750414729118347 -0.89668262004852295
vn 0.43000850081443787 -0.83885389566421509 -0.33379161357879639
vn 0.39416411519050598 -0.1736886203289032 -0.90247821807861328
vn 0.1362268328666687 -0.30242839455604553 -0.94338715076446533
vn 0.26297295093536377 -0.9240494966506958 -0.2774486243724823
vn 0.22837260365486145 -0.25049486756324768 -0.9407966136932373
vn 0.085976548492908478 -0.94351589679718018 -0.31997779011726379
vn -0.0087603451684117317 -0.88137686252593994 -0.47233259677886963
vn -0.074559628963470459 -0.28222060203552246 0.9564477801322937
vn -0.1006799042224884 -0.30302855372428894 0.94764828681945801
vn -0.11217276751995087 -0.31339377164840698 0.94297486543655396
vn -0.11722160130739212 -0.33129328489303589 0.93621784448623657
vn -0.11738726496696472 -0.34828954935073853 0.93000787496566772
vn -0.042849641293287277 -0.25204896926879883 0.96676534414291382
vn -0.026364224031567574 -0.23292817175388336 0.97213649749755859
vn 0.010651731863617897 -0.1464000940322876 0.98916810750961304
vn 0.017454912886023521 -0.063726224005222321 0.99781477451324463
vn 0.017961028963327408 -0.0572652667760849 0.99819743633270264
vn 0.0026404424570500851 -0.17358231544494629 0.98481583595275879
vn 0.34466144442558289 0.0012468911008909345 -0.93872624635696411
vn 0.25065428018569946 0.0027632748242467642 -0.96807271242141724
vn 0.22076970338821411 0.0015844455920159817 -0.97532469034194946
vn 0.64071512222290039 0.00042315054452046752 -0.76777857542037964
vn 0.64032608270645142 0.00092344998847693205 -0.76810264587402344
vn 0.61167103052139282 -0.0019090392161160707 -0.79110991954803467
vn 0.61142343282699585 -6.0356804169714451E-05 -0.79130357503890991
vn 0.58786392211914062 -0.00011361775250406936 -0.80895984172821045
vn 0.59380394220352173 -0.00017050637688953429 -0.80460971593856812
vn 0.57377630472183228 -0.00022327082115225494 -0.81901204586029053
vn 0.52352464199066162 -0.00059074955061078072 -0.85201036930084229
vn 0.54688197374343872 -0.00049351400230079889 -0.83720958232879639
vn 0.46049287915229797 -0.00016934963059611619 -0.88766336441040039
vn 0.50382709503173828 -0.0006565579678863287 -0.86380428075790405
vn 0.46274447441101074 -0.000244955561356619 -0.88649165630340576
vn 0.41712474822998047 -0.00024786757421679795 -0.90884923934936523
vn 0.42897146940231323 -0.00037451795651577413 -0.90331798791885376
vn 0.40002825856208801 0.00019527951371856034 -0.91650277376174927
vn 0.37969982624053955 -0.00028933663270436227 -0.92510968446731567
vn -0.22280004620552063 -0.75911718606948853 0.61163812875747681
vn -0.28536519408226013 -0.70021992921829224 0.65441477298736572
vn -0.29912784695625305 -0.6536220908164978 0.69519829750061035
vn -0.18184967339038849 -0.81684046983718872 0.5474507212638855
vn -0.23595580458641052 -0.79347717761993408 0.56099808216094971
vn -0.27215197682380676 -0.73392051458358765 0.6223294734954834
vn -0.30873000621795654 -0.61404877901077271 0.72638136148452759
vn -0.30518531799316406 -0.66423708200454712 0.68238627910614014
vn -0.32264235615730286 -0.53577423095703125 0.78028702735900879
vn -0.36250224709510803 -0.44315502047538757 0.81988155841827393
vn -0.32331904768943787 -0.39600318670272827 0.85944533348083496
vn -0.29519551992416382 -0.38084930181503296 0.87624961137771606
vn -0.29908251762390137 -0.51695960760116577 0.80206131935119629
vn -0.33029335737228394 -0.26629474759101868 0.90553486347198486
vn -0.21919459104537964 -0.77737927436828613 0.58960592746734619
vn -0.17616669833660126 -0.84524339437484741 0.50450855493545532
vn -0.38002905249595642 -0.30449795722961426 0.87341797351837158
vn -0.32930436730384827 -0.57220613956451416 0.75109171867370605
vn -0.36773020029067993 -0.51562899351119995 0.77388709783554077
vn 0.2139391303062439 -0.9768366813659668 0.0044940998777747154
vn 0.15745739638805389 -0.98752570152282715 0.00043811215437017381
vn 0.19563381373882294 -0.9806714653968811 0.0032979073002934456
vn 0.26339340209960938 -0.96465837955474854 0.0076248766854405403
vn 0.33448049426078796 -0.94227999448776245 0.015206191688776016
vn 0.27311006188392639 -0.9619407057762146 0.0089972242712974548
vn 0.26472905278205872 -0.91548103094100952 -0.30300652980804443
vn 0.22762434184551239 -0.92519241571426392 -0.30365470051765442
vn 0.1842358261346817 -0.92511814832687378 -0.33198422193527222
vn 0.33160752058029175 -0.90604788064956665 -0.26289483904838562
vn 0.40980201959609985 -0.88361740112304688 -0.22645653784275055
vn 0.33727541565895081 -0.89579814672470093 -0.28946679830551147
vn 0.2640969455242157 -0.9127349853515625 -0.31171730160713196
vn 0.40801852941513062 -0.87685978412628174 -0.25423961877822876
vn 0.4760306179523468 -0.85774868726730347 -0.19406713545322418
vn 0.064494669437408447 -0.92789328098297119 0.36722543835639954
vn 0.078740619122982025 -0.95390784740447998 0.28958550095558167
vn 0.059843800961971283 -0.95839637517929077 0.27909696102142334
vn 0.081273734569549561 -0.92239135503768921 -0.37760928273200989
vn 0.1045774444937706 -0.92871516942977905 -0.35574102401733398
vn 0.069068528711795807 -0.91966849565505981 -0.38657400012016296
vn 0.030555274337530136 -0.90491527318954468 -0.4244934618473053
vn 0.0054116658866405487 -0.89411085844039917 -0.44781297445297241
vn 0.01210411824285984 -0.90477770566940308 -0.42571207880973816
vn 0.054603099822998047 -0.91568124294281006 -0.39817887544631958
vn 0.15542705357074738 -0.92904716730117798 -0.33572873473167419
vn 0.14323285222053528 -0.93208473920822144 -0.33271968364715576
vn 0.12612459063529968 -0.92811435461044312 -0.35028040409088135
vn 0.40772715210914612 -0.3257271945476532 -0.85303008556365967
vn 0.31827753782272339 -0.90305256843566895 -0.28843620419502258
vn 0.30299484729766846 -0.34606164693832397 -0.88793891668319702
vn 0.39465376734733582 -0.071676537394523621 -0.91602993011474609
vn 0.44750425219535828 -0.20102822780609131 -0.87139403820037842
vn -0.055784069001674652 -0.99844282865524292 0.00030578134465031326
vn -0.021844342350959778 -0.99976134300231934 -0.00025165296392515302
vn -0.023845069110393524 -0.99971550703048706 0.00053448101971298456
vn 0.022509418427944183 -0.99974620342254639 -0.00095475546550005674
vn 0.073839075863361359 -0.99727016687393188 0.0002499826077837497
vn 0.0583605095744133 -0.99829554557800293 9.2041525931563228E-05
vn -0.89234030246734619 0.00021372659830376506 -0.45136317610740662
vn -0.88039189577102661 8.1949801824521273E-05 -0.47424691915512085
vn -0.8497660756111145 0.0002434699417790398 -0.52715986967086792
vn -0.87923496961593628 -0.00017172205843962729 -0.47638830542564392
vn -0.68884539604187012 -0.000934779760427773 -0.72490769624710083
vn -0.78938227891921997 -0.00065804918995127082 -0.61390161514282227
vn -0.7000124454498291 0.00010048566036857665 -0.71413064002990723
vn -0.78236740827560425 -0.00018062087474390864 -0.62281715869903564
vn 0.062784597277641296 -0.70193123817443848 0.70947206020355225
vn 0.055200792849063873 -0.72126418352127075 0.69045698642730713
vn 0.064646720886230469 -0.66217643022537231 0.74655419588088989
vn 0.63671910762786865 -0.76846396923065186 0.063654370605945587
vn 0.6088373064994812 -0.79328411817550659 0.004182854201644659
vn 0.68465840816497803 -0.71544605493545532 0.13921132683753967
vn 0.75976091623306274 -0.62891823053359985 0.16500051319599152
vn 0.66980963945388794 -0.74043816328048706 0.055734738707542419
vn 0.85852479934692383 -0.42648190259933472 0.28468996286392212
vn 0.82299178838729858 -0.44875389337539673 0.34828782081604004
vn 0.83260488510131836 -0.4930042028427124 0.25242018699645996
vn 0.89762741327285767 -0.14971889555454254 0.41454705595970154
vn 0.90932220220565796 -0.1993904709815979 0.36520758271217346
vn 0.92393457889556885 -0.078450493514537811 0.37442004680633545
vn 0.57235819101333618 -0.81903737783432007 -0.039798811078071594
vn 0.58061182498931885 -0.81281477212905884 -0.047138966619968414
vn 0.74995511770248413 -0.61846131086349487 0.23467621207237244
vn 0.89861893653869629 -0.28235134482383728 0.3358001708984375
vn 0.8668714165687561 -0.24160629510879517 0.43607380986213684
vn 0.87820905447006226 -0.12990416586399078 0.46029743552207947
vn -0.027524193748831749 0.00016274087829515338 -0.99962115287780762
vn -0.037545442581176758 0.00036240537883713841 -0.99929487705230713
vn -0.031416919082403183 -0.00012050111399730667 -0.99950635433197021
vn -0.016316218301653862 9.2545691586565226E-05 -0.99986690282821655
vn -0.01153256930410862 5.8406458265380934E-05 -0.99993348121643066
vn -0.0055388770997524261 7.7861295721959323E-05 -0.99998468160629272
vn 0.0042336108162999153 5.5214750318555161E-05 -0.99999105930328369
vn 0.019584890455007553 9.7265154181513935E-05 -0.99980819225311279
vn 0.031019935384392738 0.00010009079414885491 -0.9995187520980835
vn 0.010597138665616512 8.722244092496112E-05 -0.99994385242462158
vn 0.032763402909040451 -0.0001848460960900411 -0.99946314096450806
vn 0.040918115526437759 0.0001779259619070217 -0.99916249513626099
vn 0.020344087854027748 0.00010574780026217923 -0.99979305267333984
vn -0.25199958682060242 -0.015012107789516449 0.96761089563369751
vn -0.21167880296707153 -0.014520003460347652 0.97723144292831421
vn -0.26862862706184387 -0.066340871155261993 0.96095657348632812
vn -0.22754243016242981 -0.12587589025497437 0.96559810638427734
vn -0.21529623866081238 -0.062760099768638611 0.97452998161315918
vn -0.2490830272436142 -0.080086946487426758 0.96516513824462891
vn -0.32422095537185669 -0.14694604277610779 0.93449860811233521
vn -0.26026138663291931 -0.18811222910881042 0.94703632593154907
vn -0.22560471296310425 -0.016405999660491943 0.97408080101013184
vn -0.29985451698303223 -0.0024562592152506113 0.95398175716400146
vn -0.26937851309776306 -0.0099304495379328728 0.96298319101333618
vn -0.29106873273849487 -0.35972464084625244 0.8864971399307251
vn -0.29800280928611755 -0.44859203696250916 0.84259092807769775
vn -0.27516567707061768 -0.31515088677406311 0.90827518701553345
vn -0.27242499589920044 -0.26063519716262817 0.92620402574539185
vn -0.32737895846366882 -0.25561249256134033 0.90966218709945679
vn -0.29229068756103516 -0.37892761826515198 0.87805467844009399
vn -0.37890037894248962 -0.20557029545307159 0.90231668949127197
vn -0.021947072818875313 0.00021674619347322732 -0.99975913763046265
vn -0.0043730116449296474 0.00012677394261118025 -0.99999040365219116
vn -0.01933852955698967 -1.4217729585652705E-05 -0.9998130202293396
vn 0.015564325265586376 7.1485817898064852E-05 -0.99987888336181641
vn 0.024709189310669899 0.00011007612192770466 -0.99969470500946045
vn 0.0023529757745563984 0.00017217353160958737 -0.99999719858169556
vn -0.030830373987555504 -1.5555648133158684E-05 -0.99952465295791626
vn 0.14910677075386047 -0.0019919925834983587 -0.98881912231445312
vn 0.27022331953048706 -0.011503732763230801 -0.96272891759872437
vn 0.23694410920143127 -0.0091305337846279144 -0.97148036956787109
vn -0.024783851578831673 5.6858571042539552E-05 -0.99969285726547241
vn -0.030799262225627899 1.5394662113976665E-05 -0.99952560663223267
vn -0.027672989293932915 -9.775901708053425E-05 -0.99961704015731812
vn -0.022867411375045776 5.1713857828872278E-05 -0.99973851442337036
vn -0.010555248707532883 4.1484538087388501E-05 -0.99994426965713501
vn -0.01312769390642643 7.0638503530062735E-05 -0.99991381168365479
vn -0.0016626459546387196 4.1056911868508905E-05 -0.99999862909317017
vn 0.02290613204240799 0.00016133072494994849 -0.99973762035369873
vn 0.014910191297531128 -5.2124887588433921E-05 -0.9998888373374939
vn 0.021626802161335945 -5.0675724196480587E-05 -0.99976611137390137
vn 0.0089230854064226151 5.5816872190916911E-05 -0.99996018409729004
vn 0.01110716350376606 3.2057465432444587E-05 -0.99993830919265747
vn 0.0016097098123282194 -0.93507999181747437 0.35443317890167236
vn 0.038734126836061478 -0.93352800607681274 0.35640576481819153
vn 0.005539910402148962 -0.896811842918396 0.4423774778842926
vn 0.0093045299872756004 -0.88929218053817749 0.45724484324455261
vn 0.02760695107281208 -0.88448125123977661 0.46575832366943359
vn 0.088301442563533783 -0.96072769165039062 0.26306873559951782
vn 0.063058726489543915 -0.91718488931655884 0.39344048500061035
vn -0.00042620772728696465 -0.95651358366012573 0.2916874885559082
vn 0.034173909574747086 -0.90288889408111572 0.42851343750953674
vn 0.045482173562049866 -0.8939860463142395 0.44578054547309875
vn 0.055977847427129745 -0.93020898103713989 0.36273646354675293
vn 0.049274154007434845 -0.95772725343704224 0.28342649340629578
vn 0.048565872013568878 -0.91048014163970947 0.41069126129150391
vn 0.024825677275657654 -0.93339687585830688 0.35798594355583191
vn 0.060614541172981262 -0.88245093822479248 0.46648281812667847
vn 0.0043179076164960861 -0.84985905885696411 0.52699238061904907
vn 0.020566470921039581 -0.81900113821029663 0.57342320680618286
vn 0.028743207454681396 -0.89018517732620239 0.45469135046005249
vn -0.018873099237680435 -0.78293216228485107 0.62182074785232544
vn -0.019915234297513962 -0.79550999402999878 0.605613112449646
vn -0.062268488109111786 -0.7791975736618042 0.62367761135101318
vn 0.0005221674800850451 -0.75569659471511841 0.65492165088653564
vn 0.050703458487987518 -0.90685439109802246 0.4183829128742218
vn 0.039327278733253479 -0.79053258895874023 0.61115598678588867
vn 0.060320358723402023 -0.8544953465461731 0.5159449577331543
vn 0.37176075577735901 -8.8234301074407995E-05 -0.92832857370376587
vn 0.37221461534500122 -6.3176041294354945E-05 -0.92814666032791138
vn 0.37389308214187622 2.9530465326388367E-05 -0.9274718165397644
vn 0.42266270518302917 -0.16895027458667755 -0.89039993286132812
vn 0.48813349008560181 -0.78641778230667114 -0.37851390242576599
vn 0.50249415636062622 -0.46368536353111267 -0.72972291707992554
vn 0.38809707760810852 -0.92159521579742432 -0.0065501052886247635
vn 0.50665968656539917 -0.43948227167129517 -0.74172186851501465
vn 0.041675567626953125 -0.51304012537002563 0.85735231637954712
vn 0.041204798966646194 -0.47040471434593201 0.88148826360702515
vn 0.076640471816062927 -0.55691355466842651 0.82702690362930298
vn -0.03061726875603199 -0.44744947552680969 0.89378494024276733
vn -0.12885189056396484 -0.34895005822181702 0.92824083566665649
vn -0.11079117655754089 -0.33781513571739197 0.93466907739639282
vn -0.086862519383430481 -0.36778661608695984 0.92584443092346191
vn -0.84098541736602783 -0.19420422613620758 0.50500315427780151
vn -0.83828884363174438 -0.23103410005569458 0.49385732412338257
vn -0.84214842319488525 -0.10506201535463333 0.52891212701797485
vn -0.28040230274200439 -0.00084098108345642686 -0.95988219976425171
vn -0.20169053971767426 -0.0030479840934276581 -0.97944456338882446
vn -0.27776134014129639 0.00085542839951813221 -0.96064972877502441
vn -0.051584284752607346 -0.0021583898924291134 -0.99866628646850586
vn -0.067692585289478302 -0.00036317433114163578 -0.99770617485046387
vn -0.18583740293979645 -0.0017997333779931068 -0.98257887363433838
vn 0.11363349109888077 -0.00046463013859465718 -0.99352264404296875
vn 0.28678607940673828 -4.0464452467858791E-05 -0.95799463987350464
vn 0.18436779081821442 -0.00052762607811018825 -0.98285716772079468
vn 0.39313820004463196 -0.0020908608566969633 -0.91947698593139648
vn 0.31221675872802734 0.00074445590144023299 -0.95001059770584106
vn -0.32866173982620239 -0.18945994973182678 -0.92524933815002441
vn -0.40278846025466919 -0.70153504610061646 -0.58788609504699707
vn -0.36428236961364746 -0.74641120433807373 -0.55692791938781738
vn -0.24071913957595825 -0.25647628307342529 -0.93609517812728882
vn -0.062469277530908585 -0.22299408912658691 -0.9728161096572876
vn -0.238009974360466 -0.66056877374649048 -0.71203941106796265
vn 0.37533679604530334 -0.76573926210403442 -0.52226972579956055
vn 0.46138584613800049 -0.63527894020080566 -0.61930906772613525
vn 0.32120582461357117 -0.73151403665542603 -0.60142666101455688
vn 0.21185700595378876 -0.87471747398376465 -0.43587371706962585
vn 0.23826876282691956 -0.79979777336120605 -0.55095511674880981
vn 0.1668114960193634 -0.83021402359008789 -0.53190094232559204
vn 0.15545780956745148 -0.7980581521987915 -0.58218216896057129
vn -0.35406717658042908 0.0029647983610630035 -0.9352152943611145
vn -0.52881926298141479 -0.00060483597917482257 -0.84873425960540771
vn -0.46682122349739075 0.0017897165380418301 -0.88434988260269165
vn -0.68607711791992188 0.00067731051240116358 -0.72752851247787476
vn -0.61238020658493042 -0.00081558746751397848 -0.79056298732757568
vn -0.68160456418991089 9.2951515398453921E-05 -0.73172074556350708
vn -0.14836007356643677 0.00061170593835413456 -0.98893320560455322
vn -0.063782498240470886 -0.00044173383503220975 -0.99796372652053833
vn -0.090953722596168518 -0.00039464700967073441 -0.99585503339767456
vn -0.044765088707208633 7.1691836637910455E-05 -0.99899750947952271
vn -0.042765475809574127 0.0003477531427051872 -0.99908506870269775
vn -0.33494150638580322 -0.00049609498819336295 -0.94223880767822266
vn -0.24769359827041626 0.00018766468565445393 -0.9688383936882019
vn -0.53771013021469116 -0.78572571277618408 -0.3057824969291687
vn -0.32246273756027222 -0.39191639423370361 -0.86163759231567383
vn -0.36425879597663879 -0.91548776626586914 -0.17087341845035553
vn -0.25225448608398438 -0.90610408782958984 -0.33962193131446838
vn -0.13825039565563202 -0.2853318452835083 -0.94840526580810547
vn -0.18246990442276001 -0.12734253704547882 -0.9749300479888916
vn -0.084604054689407349 -0.39309230446815491 -0.91559851169586182
vn -0.14437812566757202 -0.96024942398071289 -0.23890580236911774
vn -0.096180811524391174 -0.96159487962722778 -0.25706911087036133
vn -0.98868829011917114 -0.11042600125074387 -0.10149688273668289
vn -0.99171733856201172 -0.046659398823976517 0.11966484785079956
vn -0.9544718861579895 -0.020530471578240395 -0.29759356379508972
vn -0.078523106873035431 -0.76962721347808838 0.63364666700363159
vn -0.076070554554462433 -0.76086050271987915 0.64444124698638916
vn -0.070730037987232208 -0.75901281833648682 0.64722234010696411
vn 0.024330787360668182 -0.76064664125442505 0.64871007204055786
vn 0.017756283283233643 -0.75650465488433838 0.65374720096588135
vn 0.061943218111991882 -0.73682296276092529 0.67324215173721313
vn -0.039582185447216034 -0.80069172382354736 -0.59776753187179565
vn -0.10258178412914276 -0.84578245878219604 -0.52357327938079834
vn -0.036748800426721573 -0.28254732489585876 -0.95854920148849487
vn -0.012782812118530273 -0.79689496755599976 -0.60398262739181519
vn 0.0024713519960641861 -0.23745869100093842 -0.97139447927474976
vn 0.011044454760849476 -0.86478608846664429 -0.50201892852783203
vn 0.026593828573822975 -0.7683684229850769 -0.63945502042770386
vn 0.025604670867323875 -0.20174245536327362 -0.97910386323928833
vn -0.25482207536697388 -0.70156878232955933 0.66548252105712891
vn -0.3526233434677124 -0.7259107232093811 0.59051704406738281
vn -0.46111977100372314 -0.87273037433624268 0.16034421324729919
vn -0.26264622807502747 -0.87235176563262939 0.41233402490615845
vn -0.37733611464500427 -0.92235016822814941 0.082991532981395721
vn -0.32519015669822693 -0.94534313678741455 -0.024036763235926628
vn -0.19087822735309601 -0.92296129465103149 0.33422732353210449
vn -0.23650671541690826 -0.96783530712127686 -0.085786692798137665
vn -0.16788193583488464 -0.97946041822433472 -0.11168234050273895
vn -0.13020522892475128 -0.92058730125427246 0.36819231510162354
vn -0.2996174693107605 0.00030144606716930866 -0.95405936241149902
vn -0.30258393287658691 6.6695647547021508E-05 -0.95312273502349854
vn -0.30340459942817688 -0.00041917461203411222 -0.9528617262840271
vn -0.064405240118503571 -0.99675637483596802 -0.048256829380989075
vn -0.059707745909690857 -0.97491329908370972 0.21442730724811554
vn -0.10119510442018509 -0.96833831071853638 -0.22821155190467834
vn -0.020510779693722725 -0.98057115077972412 0.19508855044841766
vn -0.036321986466646194 -0.98286885023117065 -0.18069197237491608
vn 0.0057895579375326633 -0.99607014656066895 0.088378287851810455
vn -0.0010154277551919222 -0.9930957555770874 -0.11730223894119263
vn -0.16266359388828278 -0.00026015777257271111 -0.98668158054351807
vn -0.1178644523024559 -8.4355684521142393E-05 -0.99302971363067627
vn -0.22350385785102844 -5.647479702020064E-05 -0.97470301389694214
vn -0.28622609376907349 0.0001565255515743047 -0.95816206932067871
vn -0.23565970361232758 -0.00057878420921042562 -0.9718354344367981
vn -0.26658087968826294 -0.00027309232973493636 -0.96381253004074097
vn 0.32374662160873413 -0.00034937544842250645 -0.9461437463760376
vn 0.28693047165870667 -6.6998101829085499E-05 -0.95795142650604248
vn 0.35081747174263 -6.5765336330514401E-05 -0.93644386529922485
vn -0.84660327434539795 -0.53050094842910767 -0.042797714471817017
vn -0.82116919755935669 -0.1590149849653244 -0.54808336496353149
vn -0.69081497192382812 -0.23782454431056976 -0.68279880285263062
vn -0.79466265439987183 -0.58201920986175537 -0.17252512276172638
vn -0.67952615022659302 -0.70810085535049438 -0.19193072617053986
vn -0.58894920349121094 -0.74961256980895996 -0.30202612280845642
vn -0.4852965772151947 -0.22866223752498627 -0.84391993284225464
vn -0.92547899484634399 -0.37511259317398071 -0.052718415856361389
vn -0.965290367603302 -0.25994479656219482 0.025362273678183556
vn -0.88325387239456177 -0.077437877655029297 -0.46245646476745605
vn -0.9720916748046875 -0.11497028917074203 -0.20449844002723694
vn -0.40406420826911926 -0.55802458524703979 0.7248038649559021
vn -0.73540067672729492 -0.58553516864776611 0.34107837080955505
vn -0.71040469408035278 -0.66608339548110962 0.22728422284126282
vn -0.52553534507751465 -0.74095135927200317 0.41809526085853577
vn -0.32179626822471619 -0.71328210830688477 0.62263619899749756
vn -0.55776309967041016 -0.80852097272872925 0.18760104477405548
vn -0.47075968980789185 -0.84504711627960205 0.25353643298149109
vn -0.85776692628860474 -0.29647719860076904 0.41992524266242981
vn -0.4280712902545929 -0.19848501682281494 0.8816794753074646
vn -0.8648674488067627 -0.21748405694961548 0.45244339108467102
vn -0.41243302822113037 -0.2708318829536438 0.86979830265045166
vn -0.53774803876876831 -0.42254158854484558 0.72957909107208252
vn -0.35551095008850098 -0.27619445323944092 0.89293259382247925
vn -0.84852439165115356 -0.31234005093574524 0.42714175581932068
vn -0.84631621837615967 -0.44187667965888977 0.29747912287712097
vn -0.22454327344894409 -0.97441178560256958 0.010101794265210629
vn -0.1359805166721344 -0.99071043729782104 -0.0014635599218308926
vn -0.20423015952110291 -0.97890132665634155 0.0064944061450660229
vn -0.32768541574478149 -0.94395434856414795 0.039654884487390518
vn -0.32527399063110352 -0.94512766599655151 0.030505342409014702
vn -0.6155623197555542 -0.76650965213775635 0.18315581977367401
vn -0.45540541410446167 -0.88510978221893311 0.095846541225910187
vn -0.57314503192901611 -0.81009632349014282 0.12348569929599762
vn -0.67584186792373657 -0.70978784561157227 0.19859254360198975
vn -0.70160454511642456 -0.6603473424911499 0.26775440573692322
vn -0.46029427647590637 -0.88468652963638306 0.073884554207324982
vn -0.72375375032424927 -0.6661188006401062 -0.18018394708633423
vn -0.83242285251617432 -0.54136413335800171 -0.11830894649028778
vn -0.61938238143920898 -0.17716239392757416 -0.76483917236328125
vn -0.55699259042739868 -0.77558261156082153 -0.29703682661056519
vn -0.49290379881858826 -0.27719831466674805 -0.82474660873413086
vn -0.37159359455108643 -0.80745387077331543 -0.45818823575973511
vn -0.38863968849182129 -0.3312695324420929 -0.85977888107299805
vn -0.21703316271305084 -0.21694403886795044 -0.95175200700759888
vn -0.16497038304805756 -0.33716842532157898 -0.92687767744064331
vn -0.29999935626983643 -0.88760960102081299 -0.34949904680252075
vn -0.12346407771110535 -0.86275321245193481 -0.49031975865364075
vn -0.1803741455078125 -0.81653451919555664 -0.54839450120925903
vn -0.066982097923755646 -0.23536741733551025 -0.96959555149078369
vn -0.11373873800039291 -0.95519167184829712 -0.27326241135597229
vn -0.076216459274291992 -0.94901895523071289 -0.3058660626411438
vn -0.12564556300640106 -0.95377320051193237 -0.27300158143043518
vn -0.044433616101741791 -0.94081389904022217 -0.33599826693534851
vn -0.081017114222049713 -0.95143216848373413 -0.29700684547424316
vn -0.016859320923686028 -0.93437981605529785 -0.35587942600250244
vn 0.0083539858460426331 -0.92750674486160278 -0.37371301651000977
vn -0.012443691492080688 -0.93920189142227173 -0.34313994646072388
vn -0.034779135137796402 -0.95598465204238892 -0.29134824872016907
vn -0.065359421074390411 -0.95549732446670532 -0.28766816854476929
vn -0.042984362691640854 -0.94763576984405518 -0.31644710898399353
vn 0.014052062295377254 -0.93470418453216553 -0.3551487922668457
vn -0.0029759407043457031 -0.95062649250030518 -0.31032299995422363
vn 0.0071485741063952446 -0.93136537075042725 -0.36401575803756714
vn 0.00014730349357705563 -0.95768678188323975 -0.28781241178512573
vn 0.01298284437507391 -0.9541161060333252 -0.29915523529052734
vn -0.0096335830166935921 -0.94026947021484375 -0.34029483795166016
vn -0.020036421716213226 -0.306435227394104 -0.95168060064315796
vn 0.011469078250229359 -0.30957192182540894 -0.95080685615539551
vn 0.021230362355709076 -0.9231874942779541 -0.38376307487487793
vn 0.023905279114842415 -0.29489940404891968 -0.95522922277450562
vn -0.08868803083896637 -0.94011247158050537 -0.32912459969520569
vn -0.058188863098621368 -0.27180549502372742 -0.96059137582778931
vn -0.044637266546487808 -0.33420878648757935 -0.94144147634506226
vn -0.88681948184967041 -0.10582103580236435 -0.44983679056167603
vn -0.81382358074188232 -0.16976061463356018 -0.55576294660568237
vn -0.93587934970855713 -0.30986928939819336 0.16766288876533508
vn -0.94151461124420166 -0.10579463839530945 -0.31993389129638672
vn -0.89672559499740601 -0.44043052196502686 0.043637234717607498
vn -0.85913389921188354 -0.50962138175964355 -0.046637307852506638
vn -0.065810106694698334 0.0016734171658754349 -0.99783074855804443
vn -0.039846200495958328 -0.00017526924784760922 -0.9992058277130127
vn -0.08607560396194458 -0.0010374264093115926 -0.99628806114196777
vn -0.14080746471881866 -0.0015698025235906243 -0.9900357723236084
vn -0.2126232385635376 -0.0045199343003332615 -0.97712379693984985
vn -0.36339268088340759 -0.0047112158499658108 -0.93162417411804199
vn -0.33499085903167725 -0.0026654896792024374 -0.94221758842468262
vn -0.23337952792644501 -0.0024826298467814922 -0.97238254547119141
vn -0.12560316920280457 0.00077100127236917615 -0.99208027124404907
vn -0.17277759313583374 0.00024062214652076364 -0.98496085405349731
vn -0.29544669389724731 0.00086660601664334536 -0.95535880327224731
vn -0.24603445827960968 0.00086304487194865942 -0.96926069259643555
vn -0.45365563035011292 -0.0023803652729839087 -0.89117389917373657
vn -0.50443720817565918 -0.0022525254171341658 -0.8634454607963562
vn -0.59841060638427734 -0.00010434127761982381 -0.8011896014213562
vn -0.66450709104537964 -0.0019082963699474931 -0.74727952480316162
vn -0.56789785623550415 -0.00071611639577895403 -0.82309871912002563
vn -0.65736067295074463 0.003854785580188036 -0.7535662055015564
vn -0.048884604126214981 0.81842678785324097 0.57252764701843262
vn -0.026006156578660011 0.82390743494033813 0.56612735986709595
vn -0.054040424525737762 0.82938456535339355 0.55605834722518921
vn -0.089670583605766296 0.84531992673873901 0.52668154239654541
vn -0.069744549691677094 0.82869940996170044 0.55533140897750854
vn -0.091158390045166016 0.85414379835128784 0.51198488473892212
vn -0.027501558884978294 0.8474738597869873 0.5301242470741272
vn -0.1420980840921402 0.89880019426345825 0.41468828916549683
vn 0.064616955816745758 0.8871573805809021 0.45692059397697449
vn 0.063589736819267273 0.89457899332046509 0.44236272573471069
vn -0.020131446421146393 0.8265499472618103 0.56250321865081787
vn 0.17812466621398926 0.93348884582519531 0.3112398087978363
vn 0.16418533027172089 0.93426519632339478 0.3165307343006134
vn 0.33826205134391785 0.9244111180305481 0.17618979513645172
vn 0.25677430629730225 0.94012868404388428 0.22410950064659119
vn 0.27112463116645813 0.94199252128601074 0.19784225523471832
vn 0.37813964486122131 0.9176410436630249 0.12225126475095749
vn 0.4984765350818634 0.84775501489639282 0.18119768798351288
vn 0.39498934149742126 0.90192252397537231 0.17469729483127594
vn -0.0095356591045856476 0.70559293031692505 0.7085532546043396
vn -0.026853334158658981 0.71943873167037964 0.69403666257858276
vn 0.0093752313405275345 0.80101692676544189 0.59856826066970825
vn -0.033894095569849014 0.6321837306022644 0.77407681941986084
vn 0.12650668621063232 0.64416474103927612 0.7543526291847229
vn 0.019230065867304802 0.61754131317138672 0.78630334138870239
vn 0.034688413143157959 0.67904633283615112 0.73327541351318359
vn 0.13629819452762604 0.72151643037796021 0.67884963750839233
vn 0.18759831786155701 0.7229495644569397 0.66494423151016235
vn -0.0099783372133970261 0.56000208854675293 0.82843112945556641
vn 0.32383418083190918 0.79582446813583374 0.51165890693664551
vn 0.22729435563087463 0.7817961573600769 0.58063071966171265
vn 0.33409523963928223 0.8501020073890686 0.40707120299339294
vn 0.39810451865196228 0.853282630443573 0.33678114414215088
vn -0.010379515588283539 0.76775956153869629 0.64065402746200562
vn -0.0036454640794545412 0.77003943920135498 0.63798588514328003
vn 0.69106459617614746 0.61401081085205078 0.3813403844833374
vn 0.7066236138343811 0.49002033472061157 0.51045382022857666
vn 0.74609977006912231 0.58517652750015259 0.31765317916870117
vn 0.65964281558990479 0.7224808931350708 0.20710554718971252
vn 0.60824072360992432 0.77290773391723633 0.18071207404136658
vn 0.54689639806747437 0.83027040958404541 0.10749583691358566
vn 0.76186203956604004 0.62185817956924438 0.18126948177814484
vn 0.82578736543655396 0.080707959830760956 0.55817687511444092
vn 0.82662546634674072 0.019606154412031174 0.56241077184677124
vn 0.84614658355712891 0.05871288850903511 0.52970629930496216
vn 0.78796476125717163 0.22314262390136719 0.57386314868927002
vn 0.80440115928649902 0.13613951206207275 0.57827746868133545
vn 0.85627204179763794 0.29843905568122864 0.42158305644989014
vn 0.80818337202072144 0.36538329720497131 0.46188169717788696
vn 0.74614465236663818 0.37305855751037598 0.5514485239982605
vn 0.84586840867996216 0.46674764156341553 0.25817301869392395
vn 0.86795932054519653 0.087698973715305328 0.48883071541786194
vn 0.86966204643249512 0.017447840422391891 0.49333915114402771
vn 0.84672844409942627 0.11301998794078827 0.51988214254379272
vn 0.87845826148986816 0.18974873423576355 0.4385276734828949
vn 0.84987443685531616 -0.009344310499727726 0.52690243721008301
vn 0.8623272180557251 0.20232082903385162 0.46417459845542908
vn 0.87978404760360718 0.31401810050010681 0.35689300298690796
vn 0.77843695878982544 0.55546706914901733 0.29239058494567871
vn 0.77448779344558716 0.60295349359512329 0.19135259091854095
vn 0.091058343648910522 0.95236051082611084 0.29106324911117554
vn 0.13566489517688751 0.97242987155914307 0.18967136740684509
vn 0.045490209013223648 0.91887801885604858 0.39191055297851562
vn 0.0049379714764654636 0.82954263687133789 0.5584215521812439
vn -0.0017973192734643817 0.83053940534591675 0.556956946849823
vn 0.0178863275796175 0.88056713342666626 0.47358372807502747
vn -0.0080971540883183479 0.78379809856414795 0.62096297740936279
vn 0.044240314513444901 0.9244542121887207 0.37871783971786499
vn 0.08580605685710907 0.95815908908843994 0.27307236194610596
vn -7.6707641710527241E-05 0.78165888786315918 0.6237061619758606
vn 0.021061275154352188 0.88246363401412964 0.46990886330604553
vn 0.0075647351332008839 0.80276644229888916 0.59624558687210083
vn 0.39653423428535461 -0.078553617000579834 0.91465288400650024
vn 0.094305314123630524 -0.0025714137591421604 0.99554002285003662
vn 0.011287353932857513 0.00069525826256722212 0.99993604421615601
vn -0.37282377481460571 -0.57513976097106934 0.72815978527069092
vn -0.49618631601333618 -0.65091365575790405 0.57455247640609741
vn -0.30454656481742859 -0.051161415874958038 0.9511224627494812
vn -0.53056502342224121 -0.52558475732803345 0.66502737998962402
vn 0.1338784396648407 -0.36260268092155457 0.92227756977081299
vn -0.38660174608230591 0.0058163716457784176 0.92222839593887329
vn 0.036500174552202225 0.39419117569923401 0.91830337047576904
vn 0.063828550279140472 0.68023085594177246 0.73021358251571655
vn 0.052535675466060638 0.38110145926475525 0.92303937673568726
vn 0.029493033885955811 -0.44463548064231873 0.89522594213485718
vn 0.068261131644248962 0.6843152642250061 0.72598421573638916
vn 0.2896767258644104 -0.77705985307693481 0.5588071346282959
vn 0.21015943586826324 -0.69100886583328247 0.69162106513977051
vn -0.7922511100769043 -0.31878826022148132 0.52030009031295776
vn -0.38297531008720398 0.03069986030459404 0.923248291015625
vn -0.7070191502571106 -0.3551582396030426 0.61154437065124512
vn -0.6036345362663269 -0.34179159998893738 0.72028034925460815
vn -0.70259994268417358 -0.15262392163276672 0.69502460956573486
vn 0.20931392908096313 0.9566379189491272 -0.20256243646144867
vn 0.16628472506999969 0.98424160480499268 -0.06014811247587204
vn -0.068588815629482269 0.73711735010147095 -0.6722748875617981
vn 0.11122197657823563 0.96582180261611938 -0.23413234949111938
vn 0.14240384101867676 0.9775957465171814 -0.15500883758068085
vn 0.10064111649990082 0.78509408235549927 0.61114537715911865
vn 0.15610893070697784 0.9834904670715332 -0.091523319482803345
vn 0.016760837286710739 0.96119308471679688 -0.27536687254905701
vn 0.027823662385344505 0.9571460485458374 0.28826606273651123
vn 0.047028906643390656 0.83051556348800659 0.55500650405883789
vn -0.35721036791801453 0.75735998153686523 -0.54663211107254028
vn -0.26898255944252014 0.76420217752456665 -0.58621108531951904
vn -0.14236895740032196 0.94475549459457397 -0.29524257779121399
vn 0.099101655185222626 0.88589060306549072 -0.45318502187728882
vn 0.066738620400428772 0.98298758268356323 0.17111784219741821
vn -0.36752539873123169 0.92617422342300415 -0.084418259561061859
vn -0.17080414295196533 0.98310935497283936 -0.065741389989852905
vn -0.10510426014661789 0.17526242136955261 -0.97889536619186401
vn 0.038562335073947906 0.1985379159450531 -0.97933429479598999
vn -0.08515535295009613 0.92004692554473877 -0.38244244456291199
vn 0.44328892230987549 0.12704497575759888 -0.88732999563217163
vn 0.73168379068374634 0.6328396201133728 -0.25328415632247925
vn -0.38070559501647949 0.88934123516082764 -0.25324973464012146
vn -0.37632644176483154 0.28924337029457092 -0.88017994165420532
vn 0.032325286418199539 0.15202696621417999 -0.98784762620925903
vn 0.056332476437091827 0.56024813652038574 -0.82640707492828369
vn 0.10179530829191208 0.16145361959934235 -0.98161625862121582
vn 0.16221770644187927 0.93907690048217773 -0.30301821231842041
vn 0.040197998285293579 0.97525519132614136 0.21739695966243744
vn 0.15598934888839722 0.93331974744796753 -0.32339078187942505
vn 0.33010312914848328 0.8065534234046936 -0.49041154980659485
vn -0.091285265982151031 0.99557185173034668 0.022442981600761414
vn -0.31839630007743835 0.94627022743225098 -0.056537579745054245
vn -0.11324666440486908 0.83819723129272461 0.53347975015640259
vn -0.46008902788162231 0.727619469165802 -0.50881040096282959
vn -0.36609703302383423 0.18190848827362061 -0.9126238226890564
vn -0.043864145874977112 0.96236729621887207 -0.26818850636482239
vn 0.0084176063537597656 0.97293871641159058 -0.23090986907482147
vn 0.81025278568267822 0.26148256659507751 0.52451628446578979
vn 0.3476158082485199 0.14352479577064514 -0.92658722400665283
vn 0.44243317842483521 0.88102990388870239 -0.16744913160800934
vn 0.47257599234580994 0.2780957818031311 -0.83626234531402588
vn -0.26556426286697388 0.96408230066299438 -0.0045720743946731091
vn -0.29658028483390808 0.95500701665878296 -0.0013271658681333065
vn 0.070406116545200348 0.16838331520557404 -0.9832039475440979
vn -0.11300285905599594 0.58658427000045776 -0.80196589231491089
vn -0.41160890460014343 0.36445754766464233 -0.83531361818313599
vn -0.45669183135032654 0.1735195517539978 -0.87253856658935547
vn -0.49224156141281128 0.85033947229385376 -0.18606726825237274
vn -0.96158432960510254 0.15957535803318024 -0.22336351871490479
vn -0.98884546756744385 0.030109917744994164 -0.1458698958158493
vn -0.97970855236053467 0.16831117868423462 0.10882322490215302
vn -0.99974632263183594 0.0080492692068219185 0.021035345271229744
vn -0.9179796576499939 -0.0057326476089656353 -0.39658597111701965
vn -0.04903300479054451 0.1982414722442627 -0.97892600297927856
vn -0.23198069632053375 0.96753102540969849 -0.10034256428480148
vn -0.5205722451210022 0.82836288213729858 0.20692859590053558
vn -0.088129647076129913 0.97491264343261719 -0.20439782738685608
vn -0.15422119200229645 0.97971898317337036 -0.12793175876140594
vn -0.097515024244785309 0.96812194585800171 0.23071776330471039
vn -0.82939475774765015 0.54583686590194702 0.11902312189340591
vn -0.069486431777477264 0.25432723760604858 -0.9646187424659729
vn -0.10542307049036026 0.82286906242370605 -0.55836588144302368
vn -0.47598862648010254 0.8305586576461792 -0.28914907574653625
vn -0.046422757208347321 0.13179241120815277 -0.99018973112106323
vn -0.33629927039146423 -0.001199561869725585 -0.94175440073013306
vn -0.46682214736938477 -0.00084449711721390486 -0.88435083627700806
vn -0.048883549869060516 -0.81842482089996338 0.57253056764602661
vn -0.069741696119308472 -0.82869631052017212 0.55533641576766968
vn -0.080792628228664398 -0.83882236480712891 0.53837686777114868
vn 0.68250668048858643 0.0155720179900527 0.73071348667144775
vn -0.53062808513641357 0.52399557828903198 0.66623002290725708
vn -0.083772018551826477 0.54488283395767212 0.83431708812713623
vn -0.11819802224636078 0.60745352506637573 0.78551220893859863
vn 0.33574515581130981 0.46532368659973145 0.8189927339553833
vn 0.23846834897994995 0.35810837149620056 0.90271329879760742
vn 0.15335077047348022 -0.32077735662460327 0.93465793132781982
vn 0.13258954882621765 -0.40110069513320923 0.90638744831085205
vn 0.077426955103874207 0.69124144315719604 0.71846389770507812
vn 0.17649286985397339 0.70211112499237061 0.68984800577163696
vn 0.021242726594209671 0.42003849148750305 0.90725761651992798
vn 0.48605471849441528 -0.41638579964637756 -0.76835781335830688
vn 0.43665403127670288 -0.14637938141822815 -0.88764089345932007
vn -0.06635206937789917 -0.79741150140762329 -0.59977692365646362
vn -0.044576376676559448 -0.76383125782012939 -0.64387482404708862
vn 0.076953031122684479 -0.68108755350112915 0.72814697027206421
vn 0.139691561460495 -0.92709416151046753 0.34782558679580688
vn -0.26692816615104675 -0.75805264711380005 -0.59506767988204956
vn -0.34777706861495972 -0.75555533170700073 -0.55514615774154663
vn 0.68901699781417847 -0.61562204360961914 0.38244614005088806
vn 0.066591359674930573 -0.98408091068267822 0.16477365791797638
vn 0.015528267249464989 -0.8726469874382019 0.48810464143753052
vn -0.10097115486860275 -0.76955682039260864 -0.63054507970809937
vn -0.36023819446563721 -0.93127733469009399 -0.05432332307100296
vn 0.047258362174034119 -0.21993410587310791 -0.9743693470954895
vn 0.091953031718730927 -0.37258052825927734 -0.92343294620513916
vn -0.050612997263669968 -0.27074366807937622 -0.96132004261016846
vn 0.050193242728710175 -0.97012734413146973 0.23734696209430695
vn 0.042255282402038574 -0.99175697565078735 -0.12096524983644485
vn 0.2438977062702179 -0.30601948499679565 -0.9202532172203064
vn 0.29680418968200684 -0.91071516275405884 -0.28723707795143127
vn 0.33008581399917603 -0.80687350034713745 -0.48989641666412354
vn 0.11404962837696075 -0.37882688641548157 -0.91841322183609009
vn -0.43543893098831177 -0.79758179187774658 -0.41744008660316467
vn -0.042380589991807938 -0.95196771621704102 -0.30325138568878174
vn 0.0079882377758622169 -0.97122478485107422 -0.23803058266639709
vn 0.78575354814529419 -0.3444964587688446 0.5137251615524292
vn 0.76814687252044678 -0.23395034670829773 0.59600138664245605
vn 0.69170981645584106 -0.4796813428401947 0.53985494375228882
vn 0.29175949096679688 -0.23398426175117493 -0.92743074893951416
vn 0.28445199131965637 -0.35729148983955383 -0.88962340354919434
vn -0.36559739708900452 -0.93075239658355713 -0.0062094749882817268
vn -0.36564958095550537 -0.93073105812072754 -0.0063287541270256042
vn 0.75123578310012817 0.024014422670006752 0.65959692001342773
vn -0.19291287660598755 -0.82092225551605225 0.53746747970581055
vn -0.16725911200046539 -0.81307816505432129 0.55760937929153442
vn -0.097155869007110596 -0.64165604114532471 -0.76081418991088867
vn 0.082006514072418213 -0.28498229384422302 -0.95501834154129028
vn -0.4700600802898407 -0.2412821352481842 -0.8490149974822998
vn -0.35583192110061646 -0.17917683720588684 -0.91721278429031372
vn -0.99948173761367798 -0.0099459085613489151 0.030616682022809982
vn -0.073034316301345825 -0.90393197536468506 -0.42139407992362976
vn -0.047507088631391525 -0.1905723363161087 -0.98052293062210083
vn -0.12215659022331238 -0.9570997953414917 0.26275038719177246
vn -0.15528199076652527 -0.98014956712722778 -0.12326512485742569
vn -0.44853416085243225 -0.39635995030403137 -0.80107170343399048
vn -0.48996123671531677 -0.84843367338180542 -0.20024567842483521
vn -0.82147133350372314 -0.17492185533046722 -0.54275882244110107
vn -0.73977535963058472 -0.18901188671588898 -0.64576077461242676
vn -0.46047651767730713 -0.82569319009780884 -0.32587128877639771
vn -0.046950619667768478 0.65543258190155029 0.75379294157028198
vn -0.0764012411236763 0.65477913618087769 0.75194889307022095
vn -0.036713764071464539 0.39080846309661865 0.91973954439163208
vn -0.081505529582500458 0.34881255030632019 0.93364161252975464
vn 0.29289591312408447 -0.53580576181411743 0.79191172122955322
vn -0.0084515996277332306 0.23220857977867126 0.97262930870056152
vn -0.026197053492069244 0.14995132386684418 0.98834627866744995
vn 0.58400982618331909 -0.62492799758911133 0.51807099580764771
vn -0.035982973873615265 0.081055723130702972 0.9960598349571228
vn 0.69442212581634521 -0.57215076684951782 0.43637305498123169
vn 0.55526220798492432 -0.37452727556228638 0.74257206916809082
vn -0.013978666625916958 0.069152556359767914 0.99750816822052002
vn 0.49890995025634766 -0.19703906774520874 0.84395760297775269
vn 0.2097468227148056 -0.12461034208536148 0.96978271007537842
vn -0.048415876924991608 0.087083913385868073 0.99502378702163696
vn 0.29402104020118713 0.92761045694351196 -0.23041373491287231
vn 0.86033511161804199 0.39289674162864685 -0.32473939657211304
vn 0.90603107213973999 0.39464768767356873 -0.15284262597560883
vn 0.015495524741709232 8.8997876446228474E-05 -0.99987995624542236
vn 0.009099290706217289 -3.0170240279403515E-05 -0.9999585747718811
vn -0.44984275102615356 0.83991020917892456 -0.30363187193870544
vn 0.016863703727722168 0.079313918948173523 0.99670702219009399
vn 0.63188248872756958 -0.00054388539865612984 -0.77506405115127563
vn 0.59668952226638794 0.00019984190294053406 -0.80247217416763306
vn 0.64263159036636353 -0.00045762353693135083 -0.76617521047592163
vn 0.42796248197555542 0.17975571751594543 -0.88574033975601196
vn 0.50758552551269531 0.49910324811935425 -0.7023196816444397
vn 0.061425752937793732 0.56812596321105957 0.82064592838287354
vn 0.02674994058907032 0.19490127265453339 -0.98045802116394043
vn -0.44590747356414795 0.031266205012798309 0.89453279972076416
vn -0.87556952238082886 0.01606341265141964 0.48282504081726074
vn -0.52668023109436035 -0.0011832744348794222 0.85006266832351685
vn -0.012925483286380768 0.066890329122543335 -0.99767661094665527
vn -0.044010300189256668 3.1643572583561763E-05 -0.99903106689453125
vn -0.041726633906364441 1.740861262078397E-05 -0.99912905693054199
vn 0.16418655216693878 -0.93426573276519775 0.3165285587310791
vn 0.064621888101100922 -0.88716220855712891 0.45691052079200745
vn 0.06361757218837738 -0.89459335803985596 0.44232961535453796
vn 0.87143963575363159 0.0051869195885956287 0.4904753565788269
vn -0.024807233363389969 -0.3656877875328064 0.93040692806243896
vn 0.12250350415706635 0.63110554218292236 0.76596260070800781
vn -0.057899009436368942 -0.50753635168075562 0.85968279838562012
vn -0.064468733966350555 -0.29705619812011719 0.95268118381500244
vn 0.30848696827888489 0.59357428550720215 0.74330705404281616
vn 0.048976987600326538 -0.015724049881100655 0.9986761212348938
vn 0.65960210561752319 0.27353709936141968 0.70007318258285522
vn 0.72081685066223145 0.26553946733474731 0.64024358987808228
vn 0.15164922177791595 0.039021849632263184 0.98766380548477173
vn 0.98509037494659424 -0.15495522320270538 -0.074738271534442902
vn 0.94545912742614746 -0.21706002950668335 -0.24288271367549896
vn -0.93937331438064575 0.004419232252985239 0.34286761283874512
vn 0.87832105159759521 -0.4071662425994873 -0.25053495168685913
vn 0.68674612045288086 -0.077817171812057495 -0.72272002696990967
vn 0.94201046228408813 -0.26120999455451965 -0.21067886054515839
vn 0.41966497898101807 -0.76370704174041748 -0.49054339528083801
vn 0.45909631252288818 -0.67621839046478271 -0.57615906000137329
vn 0.99221265316009521 -0.057388238608837128 0.1105472519993782
vn 0.97967970371246338 -0.16978497803211212 0.10677409172058105
vn 0.43149575591087341 -0.90211397409439087 -0.0013445722870528698
vn -0.13341246545314789 -0.99096810817718506 -0.013538481667637825
vn -0.15446895360946655 0.0067195459268987179 -0.98797482252120972
vn -0.15682259202003479 -0.0073504289612174034 -0.98759943246841431
vn -0.099690079689025879 -0.017084220424294472 -0.99487185478210449
vn -0.15977668762207031 6.9411289587151259E-05 -0.98715317249298096
vn -0.12174230813980103 2.3135489755077288E-05 -0.99256175756454468
vn 0.34725326299667358 -0.0077984179370105267 -0.93773895502090454
vn 0.35463938117027283 -0.0061756018549203873 -0.9349827766418457
vn -0.77200376987457275 -0.52570849657058716 0.35726851224899292
vn -0.69496440887451172 -0.66500121355056763 0.27349197864532471
vn -0.7530483603477478 -0.59112048149108887 0.28895455598831177
vn 0.047084204852581024 -0.001213870826177299 -0.99889016151428223
vn -0.87897086143493652 -0.018187560141086578 0.47652852535247803
vn -0.53042399883270264 -0.01438088808208704 0.84761053323745728
vn -0.86664122343063354 0.0016570602310821414 0.49892914295196533
vn -0.74947166442871094 -0.59686470031738281 0.2864345908164978
vn -0.049139503389596939 -0.95075231790542603 -0.30603164434432983
vn -0.089990101754665375 -0.0010173146147280931 -0.99594211578369141
vn -0.14653436839580536 -0.0026036347262561321 -0.98920214176177979
vn -0.70611041784286499 -9.9342825706116855E-05 -0.70810174942016602
vn -0.65819233655929565 5.316228634910658E-05 -0.75284981727600098
vn -0.68379062414169312 -8.6497544543817639E-05 -0.72967827320098877
vn 0.13853192329406738 0.29374995827674866 -0.94579058885574341
vn 0.29133409261703491 0.3070245087146759 -0.90601348876953125
vn 0.43156841397285461 -3.0728693673154339E-05 -0.90208017826080322
vn 0.43271788954734802 -8.3856532000936568E-05 -0.90152937173843384
vn 0.78026944398880005 0.62123644351959229 0.072421453893184662
vn 0.88052672147750854 0.46564605832099915 0.088580161333084106
vn -0.16513329744338989 0.84134888648986816 0.51464849710464478
vn -0.19793447852134705 0.82785803079605103 0.52485525608062744
vn 0.051167033612728119 0.90237647294998169 0.42790022492408752
vn 0.050817865878343582 0.90640747547149658 0.41933643817901611
vn 0.05550224706530571 0.91079485416412354 0.40911146998405457
vn 0.36652272939682007 0.87530434131622314 -0.31544151902198792
vn 0.30891051888465881 0.35192862153053284 -0.88358390331268311
vn -0.24596154689788818 0.88790130615234375 -0.38875976204872131
vn -0.1766446977853775 0.93423330783843994 -0.309846431016922
vn 0.3471071720123291 0.754902184009552 0.55645245313644409
vn -0.76593154668807983 8.1533558841329068E-05 -0.64292210340499878
vn 0.57582581043243408 -0.21390524506568909 -0.78909391164779663
vn 0.56292480230331421 0.048279024660587311 -0.82509684562683105
vn -0.12206150591373444 -0.95726519823074341 -0.26219138503074646
vn 0.42985925078392029 3.1878924346528947E-05 -0.90289592742919922
vn 0.39665433764457703 3.8831025449326262E-05 -0.9179680347442627
vn 0.39886981248855591 4.8030211473815143E-05 -0.91700756549835205
vn 0.42922681570053101 2.2500064005726017E-05 -0.90319675207138062
vn 0.62747484445571899 5.074607179267332E-05 -0.77863681316375732
vn 0.57444572448730469 -1.0738775017671287E-05 -0.81854265928268433
vn 0.58112412691116333 0.00026007980341091752 -0.81381487846374512
vn 0.56554478406906128 -0.72496533393859863 -0.39317223429679871
vn 0.76225930452346802 -0.11527042090892792 -0.63692504167556763
vn 0.3510490357875824 0.00056725303875282407 -0.93635690212249756
vn 0.43227511644363403 -1.7034402844728902E-05 -0.90174180269241333
vn 0.055966172367334366 -0.91059690713882446 0.40948885679244995
vn 0.051021330058574677 -0.90631139278411865 0.41951939463615417
vn 0.051027782261371613 -0.90214055776596069 0.42841395735740662
vn 0.44067242741584778 -0.85976618528366089 -0.25808894634246826
vn -0.90397793054580688 0.00061138404998928308 -0.42757868766784668
vn -0.028967395424842834 -0.40633288025856018 0.91326582431793213
vn -0.74150460958480835 -0.56648010015487671 0.35954314470291138
vn -0.41705039143562317 -0.53595650196075439 0.73404330015182495
vn -0.4703294038772583 -0.51137560606002808 0.71922540664672852
vn 0.12807455658912659 0.88413238525390625 -0.44934046268463135
vn -0.066053688526153564 0.29082518815994263 0.95449340343475342
vn 0.086226820945739746 0.23440283536911011 -0.96830791234970093
vn 0.010415157303214073 0.99962121248245239 0.02547464519739151
vn 0.40351295471191406 0.54253113269805908 -0.73677492141723633
vn 0.29954639077186584 0.58535033464431763 -0.75341683626174927
vn 0.2060273140668869 0.15357376635074615 -0.96642011404037476
vn -0.33832615613937378 0.94099342823028564 -0.0081736836582422256
vn -0.2606683075428009 0.96542239189147949 0.0034078529570251703
vn -0.36676576733589172 0.93031299114227295 -0.0007645623991265893
vn 0.30874645709991455 0.95113897323608398 0.0032025857362896204
vn 0.38630068302154541 0.92237263917922974 0.00071584666147828102
vn 0.43539565801620483 0.9002382755279541 -0.0013023262144997716
vn -0.33866956830024719 0.88173723220825195 -0.3283936083316803
vn 0.015218472108244896 -8.9012246462516487E-05 -0.99988418817520142
vn 0.0029024314135313034 0.75834923982620239 0.65184199810028076
vn 0.406707763671875 -0.0037982088979333639 -0.91355043649673462
vn -0.31472688913345337 0.71003091335296631 0.62992310523986816
vn -0.80969005823135376 0.10227640718221664 0.57787680625915527
vn -0.00083690800238400698 -0.85895514488220215 0.51205015182495117
vn -0.020123561844229698 -0.82655590772628784 0.56249475479125977
vn 0.39544796943664551 -0.91708827018737793 0.050694704055786133
vn 0.020788621157407761 -0.64623868465423584 0.76285213232040405
vn 0.046933885663747787 0.49319577217102051 0.86865133047103882
vn -0.26241916418075562 -0.258003830909729 0.92982268333435059
vn -0.55991631746292114 0.11408403515815735 0.82065737247467041
vn 0.86075770854949951 -0.43619710206985474 -0.26235136389732361
vn 0.6092149019241333 -0.035505436360836029 -0.7922099232673645
vn 0.039406083524227142 -0.21614323556423187 -0.97556614875793457
vn 0.057160641998052597 -0.75455367565155029 -0.65374410152435303
vn 0.0097227832302451134 -0.99950146675109863 0.030037244781851768
vn 0.24619683623313904 0.0093410518020391464 0.96917486190795898
vn 0.048713028430938721 -0.91763347387313843 -0.39443102478981018
vn 0.12380689382553101 -0.90822070837020874 -0.39975863695144653
vn 0.0234861820936203 -0.93361496925354004 -0.35750731825828552
vn -0.10665875673294067 -0.98862165212631226 0.10607117414474487
vn 0.62608939409255981 -0.11239978671073914 -0.77160763740539551
vn -0.16392725706100464 -0.8285212516784668 0.53542542457580566
vn -0.33201935887336731 -0.62842392921447754 0.70345330238342285
vn 0.10483604669570923 -0.99448937177658081 0.00051292189164087176
vn 0.12869648635387421 -0.99168401956558228 1.0046192073787097E-06
vn 0.071237258613109589 -0.6437944769859314 0.76187527179718018
vn 0.070344917476177216 -0.5935051441192627 0.80175012350082397
vn -0.030296344310045242 -4.0823659219313413E-05 -0.99954098463058472
vn -0.29590463638305664 0.00043195587932132185 -0.95521736145019531
vn -0.85009849071502686 -0.10906399786472321 0.51520633697509766
vn -0.26596829295158386 -0.079718731343746185 0.96067988872528076
vn 0.40099737048149109 0.91320991516113281 0.072448447346687317
vn 0.44840162992477417 0.89148402214050293 0.064746879041194916
vn -0.55596286058425903 0.81892836093902588 0.14234349131584167
vn -0.58849042654037476 0.79754829406738281 0.1326490044593811
vn 0.028290268033742905 0.47522878646850586 0.87940734624862671
vn -0.56042271852493286 -0.75190085172653198 0.34723407030105591
vn -0.56925469636917114 -0.76692670583724976 0.29626426100730896
vn -0.0034309516195207834 0.16226767003536224 -0.9867408275604248
vn 0.74144995212554932 -0.03362768143415451 0.67016506195068359
vn 0.47256031632423401 0.59133541584014893 -0.65345937013626099
vn -0.16140094399452209 0.95441150665283203 -0.25109440088272095
vn -0.13613715767860413 0.95449620485305786 -0.26533684134483337
vn -0.2317710667848587 0.9488714337348938 -0.21430167555809021
vn 0.015493707731366158 0.9622189998626709 -0.27183541655540466
vn 0.020523443818092346 0.99978923797607422 -0.00056743511231616139
vn 0.00053401227341964841 5.3391653636936098E-05 -0.99999988079071045
vn -0.036405675113201141 -0.00035989022580906749 -0.99933701753616333
vn -0.035953491926193237 -0.00029498117510229349 -0.99935340881347656
vn 0.10958737879991531 -2.3365299057331868E-05 -0.99397718906402588
vn 0.043114211410284042 -1.7127284081652761E-05 -0.99907016754150391
vn 0.38346865773200989 0.00075563933933153749 -0.92355358600616455
vn -0.37975922226905823 0.26833683252334595 0.88531249761581421
vn 0.26767620444297791 0.91868680715560913 -0.29045486450195312
vn 0.016883209347724915 0.99985730648040771 0.00055998197058215737
vn 0.34601470828056335 -0.87441915273666382 0.34009554982185364
vn 0.23240931332111359 -0.78547471761703491 0.57359862327575684
vn 0.055884893983602524 -0.61989951133728027 0.78268861770629883
vn -0.61951321363449097 0.38282841444015503 0.6853070855140686
vn -0.62675362825393677 0.69592314958572388 0.35052937269210815
vn -0.56948912143707275 0.76677179336547852 0.29621464014053345
vn 0.076394625008106232 -0.59363722801208496 0.80109846591949463
vn 0.25108456611633301 -0.78637546300888062 -0.56442022323608398
vn 0.41885107755661011 -0.63607311248779297 -0.64805459976196289
vn 0.15491904318332672 -0.91095536947250366 -0.38230922818183899
vn 0.023604657500982285 -0.95276731252670288 -0.3027825653553009
vn 0.01688121072947979 -0.96204715967178345 -0.27236056327819824
vn 0.045523487031459808 -0.99896323680877686 -0.0001762968604452908
vn 0.020459489896893501 -0.99979054927825928 -0.00056491338182240725
vn 0.097062595188617706 -0.99527829885482788 -0.00013445621880237013
vn -0.24191424250602722 -0.0072024790570139885 -0.97027087211608887
vn 0.079805545508861542 -4.4343646550260019E-06 -0.9968104362487793
vn 0.034611571580171585 4.0675899072084576E-05 -0.99940085411071777
vn 0.040673874318599701 7.6551754318643361E-05 -0.99917244911193848
vn 0.30941429734230042 3.2060732337413356E-05 -0.95092731714248657
vn 0.36304798722267151 7.4267860327381641E-05 -0.9317704439163208
vn 0.37311580777168274 -4.2608644434949383E-06 -0.92778480052947998
vn 0.0028745403978973627 -0.89140814542770386 0.45319229364395142
vn 0.015797164291143417 0.0069286655634641647 0.99985122680664062
vn 0.38317418098449707 -0.00078132975613698363 -0.9236757755279541
vn 0.12896354496479034 -0.99164861440658569 -0.0011871712049469352
vn 0.16463600099086761 -0.9323466420173645 -0.32190793752670288
vn 0.10716090351343155 -0.92660874128341675 -0.36043420433998108
vn 0.04959072545170784 -0.91556239128112793 -0.39910688996315002
vn 0.017015604302287102 -0.99985510110855103 0.0005201425519771874
vn 0.055090717971324921 -0.7335018515586853 0.67745113372802734
vn 0.071182727813720703 -0.56304490566253662 0.82335495948791504
vn 0.49830830097198486 -0.85227000713348389 -0.15913723409175873
vn 0.48469635844230652 -0.85619127750396729 -0.17890189588069916
vn 0.53796035051345825 -0.83749061822891235 -0.095959104597568512
vn 0.12382220476865768 0.0012112834956496954 -0.99230366945266724
vn 0.054961074143648148 0.0023512803018093109 -0.9984857439994812
vn 0.0545988529920578 0.0031596843618899584 -0.99850338697433472
vn -0.84315884113311768 -0.053901102393865585 0.53495597839355469
vn -0.84216338396072388 -0.028585102409124374 0.5384642481803894
vn -0.84000229835510254 0.012014983221888542 0.54244983196258545
vn -0.15146423876285553 0.0011940638069063425 -0.98846203088760376
vn -0.24579250812530518 0.00068106601247563958 -0.96932220458984375
vn -0.46068602800369263 -0.88227725028991699 0.096722245216369629
vn -0.17996171116828918 -0.0025956577155739069 -0.98367017507553101
vn -0.2787453830242157 -0.0047321747988462448 -0.96035337448120117
vn -0.37821245193481445 -0.92571038007736206 0.0039534959942102432
vn -0.26727241277694702 0.91291129589080811 -0.30847766995429993
vn 0.087619267404079437 0.38651016354560852 -0.91811370849609375
vn 0.10244137048721313 0.13409143686294556 -0.98565977811813354
vn -0.94518840312957764 0.22987176477909088 0.23190054297447205
vn -0.91875439882278442 0.296357661485672 0.26088780164718628
vn -0.94008642435073853 0.28674161434173584 0.18443641066551208
vn -0.83515733480453491 0.52655476331710815 0.15890978276729584
vn 0.15554070472717285 0.31153389811515808 0.93741863965988159
vn 0.041327178478240967 0.65517330169677734 -0.75434744358062744
vn 0.018067004159092903 0.63372039794921875 -0.77335119247436523
vn 0.036460906267166138 0.72580587863922119 -0.68693262338638306
vn -0.39221200346946716 0.91047310829162598 -0.13118106126785278
vn -0.58322179317474365 0.81123924255371094 -0.041751567274332047
vn -0.68286406993865967 0.7305261492729187 0.0053127314895391464
vn 0.52777040004730225 -3.8809077523183078E-05 -0.84938710927963257
vn 0.15090389549732208 0.88249331712722778 -0.44545882940292358
vn -0.068289376795291901 0.99766188859939575 0.0027068546041846275
vn -0.052150368690490723 -3.3295418688794598E-05 -0.99863922595977783
vn -0.040277458727359772 -8.8511704234406352E-05 -0.99918854236602783
vn -0.078832849860191345 -1.7596787074580789E-05 -0.99688786268234253
vn 0.15173648297786713 0.98842090368270874 0.00034348518238402903
vn 0.13463887572288513 0.99089449644088745 0.00069942139089107513
vn -0.016314631327986717 -0.00034756248351186514 -0.99986684322357178
vn 0.049402955919504166 0.74805796146392822 0.66179198026657104
vn 0.17871837317943573 -0.9795234203338623 0.092701740562915802
vn 0.32429909706115723 -0.9459526538848877 -0.0019075042800977826
vn 0.37402734160423279 -0.92603844404220581 0.050560638308525085
vn 0.020740855485200882 -0.88463258743286133 0.46582719683647156
vn -0.0069726328365504742 -0.80557483434677124 0.5924530029296875
vn 0.0098189972341060638 -0.81622856855392456 0.57764571905136108
vn -0.93103361129760742 0.2867560088634491 0.22571530938148499
vn -0.9038735032081604 0.29174840450286865 0.31288272142410278
vn -0.94303858280181885 0.1610628068447113 0.29109615087509155
vn -0.96524333953857422 0.1593669205904007 0.20714113116264343
vn 0.0932001993060112 -0.70601922273635864 0.70203316211700439
vn -0.31292626261711121 -0.94934910535812378 -0.028520483523607254
vn -0.23511919379234314 -0.84554797410964966 -0.4793408215045929
vn -0.16368584334850311 -0.95377057790756226 -0.25204893946647644
vn -0.13616922497749329 -0.95449149608612061 -0.26533740758895874
vn -0.32888081669807434 -0.94437128305435181 0.0005642315954901278
vn -0.037057645618915558 0.00062439427711069584 -0.99931293725967407
vn -0.073726996779441833 0.0025512790307402611 -0.99727517366409302
vn -0.057079609483480453 -0.92779433727264404 0.36869987845420837
vn -0.00073978927684947848 -0.95493894815444946 0.29680144786834717
vn -0.39004403352737427 -0.4089030921459198 0.8250235915184021
vn 0.49107307195663452 -0.8561699390411377 -0.16068699955940247
vn 0.21715392172336578 -0.8989899754524231 -0.38034352660179138
vn 0.1424146294593811 -0.98980695009231567 0.0005086928722448647
vn 0.85021603107452393 -0.35097867250442505 0.39236041903495789
vn 0.88272976875305176 -0.03673187643289566 0.46844306588172913
vn 0.076750800013542175 -0.585868239402771 0.80676370859146118
vn 0.281017005443573 -0.8292839527130127 -0.48302951455116272
vn 0.31683725118637085 -0.73425173759460449 -0.60040700435638428
vn -0.050948344171047211 -0.76532655954360962 0.64162260293960571
vn -0.068721778690814972 -0.76573449373245239 0.63947480916976929
vn -0.037404276430606842 -0.76368677616119385 0.64450246095657349
vn -0.0097423838451504707 -0.76499944925308228 0.64395725727081299
vn -0.30290496349334717 -0.00089896656572818756 -0.95302033424377441
vn -0.1172359436750412 -0.99310213327407837 -0.0019859899766743183
vn -0.086479023098945618 -0.9962536096572876 -0.00041955211781896651
vn -0.1072927787899971 -0.95535212755203247 -0.27530094981193542
vn 0.01460263691842556 -0.96205419301986694 -0.27246743440628052
vn -0.0029258078429847956 -0.068247020244598389 -0.99766415357589722
vn -0.76539462804794312 -0.15604798495769501 -0.6243557333946228
vn 0.38973358273506165 0.89708632230758667 0.20819197595119476
vn 0.42176339030265808 0.86237525939941406 0.28004378080368042
vn 0.3729226291179657 0.87782865762710571 0.30057540535926819
vn 0.26402300596237183 0.75114303827285767 0.60504215955734253
vn 0.14652499556541443 0.9687921404838562 0.19993053376674652
vn 0.24743035435676575 0.96531575918197632 0.083328582346439362
vn 0.20984916388988495 0.97176092863082886 0.1079077422618866
vn 0.21726140379905701 0.89298504590988159 -0.39417654275894165
vn -0.84676188230514526 -0.53053462505340576 0.03908117488026619
vn -0.31507194042205811 -0.0018605646910145879 -0.94906598329544067
vn -0.25544074177742004 0.0031780274584889412 -0.96681946516036987
vn -0.098911747336387634 0.017600368708372116 -0.99494051933288574
vn -0.081678144633769989 -0.40434744954109192 0.91095101833343506
vn 0.061396017670631409 0.72784066200256348 0.68299227952957153
vn -0.079347565770149231 -0.99673676490783691 -0.014824907295405865
vn -0.010255094617605209 -0.99984699487686157 -0.014170526526868343
vn 0.10460612922906876 -0.78104889392852783 0.6156461238861084
vn 0.039769411087036133 0.00060605170438066125 -0.99920868873596191
vn 0.070857137441635132 6.8618501245509833E-06 -0.99748647212982178
vn 0.040870390832424164 -0.00012165042426204309 -0.99916446208953857
vn 0.04727693647146225 -4.8564728786004707E-05 -0.99888181686401367
vn 0.61134451627731323 0.0021470943465828896 -0.79136168956756592
vn -0.34560826420783997 0.22511868178844452 -0.91097557544708252
vn -0.15631102025508881 0.95512831211090088 -0.25158852338790894
vn 0.14067171514034271 -0.9714655876159668 0.19096100330352783
vn 0.080055303871631622 -0.87522369623184204 -0.47704780101776123
vn -0.043003786355257034 -0.18209779262542725 -0.98233956098556519
vn 0.36887261271476746 -0.072077199816703796 -0.92668110132217407
vn 0.6816021203994751 0.00095272366888821125 -0.73172241449356079
vn -0.2988528311252594 -0.46919575333595276 0.83098876476287842
vn -0.020603476092219353 -0.93337714672088623 0.35830515623092651
vn -0.15387396514415741 -9.3897433544043452E-05 -0.98809045553207397
vn -0.15905356407165527 -0.95502477884292603 -0.25025910139083862
vn 0.019604835659265518 -0.92090940475463867 -0.38928332924842834
vn 0.0021911002695560455 0.86082339286804199 0.5088990330696106
vn 0.35427406430244446 0.87415879964828491 0.33216899633407593
vn -0.038322273641824722 0.7521393895149231 0.65788888931274414
vn 0.73350989818572998 -0.34390267729759216 0.5862542986869812
vn 0.74621695280075073 0.50341796875 0.43558076024055481
vn 0.72791266441345215 0.38872730731964111 0.56483113765716553
vn -0.95677906274795532 0.19044692814350128 0.21978127956390381
vn 0.35779601335525513 0.93367880582809448 0.015030637383460999
vn 0.34784054756164551 0.937549889087677 -0.0026716131251305342
vn 0.50513899326324463 0.00065954669844359159 -0.86303776502609253
vn -0.23186339437961578 -0.0065345200709998608 0.97272640466690063
vn 0.054590050131082535 -0.0031590270809829235 -0.99850386381149292
vn 0.056942615658044815 -0.0023931008763611317 -0.9983745813369751
vn 0.12375057488679886 -0.0012172189308330417 -0.99231261014938354
vn -0.75088846683502197 0.57734817266464233 0.3206799328327179
vn -0.24942079186439514 -0.00068189244484528899 -0.968394935131073
vn -0.67162179946899414 0.70444458723068237 0.22952559590339661
vn -0.14875249564647675 -0.90478020906448364 0.39905577898025513
vn 0.8205299973487854 -0.099603362381458282 0.56285852193832397
vn -0.96081006526947021 -0.0069678854197263718 0.27711990475654602
vn 0.36026087403297424 -0.93272632360458374 0.015288956463336945
vn 0.34567543864250183 -0.93834912776947021 -0.0030731931328773499
vn 0.11080923676490784 -0.99375557899475098 -0.01308196596801281
vn 0.042280636727809906 -0.9989122748374939 -0.019661817699670792
vn -0.26070883870124817 0.0017292026896029711 -0.96541595458984375
vn -0.81837469339370728 -0.3754669725894928 0.43507176637649536
vn -0.82300353050231934 -0.36230787634849548 0.43749073147773743
vn -0.79568648338317871 -0.47771507501602173 0.37238594889640808
vn 0.64183229207992554 0.75177276134490967 0.15129116177558899
vn 0.82436442375183105 -0.0081212110817432404 0.56600117683410645
vn 0.26043328642845154 0.96322011947631836 0.066193327307701111
vn 0.33986026048660278 0.94018310308456421 0.023468775674700737
vn 0.32513076066970825 0.94369703531265259 0.061040014028549194
vn 0.76537239551544189 0.47068044543266296 0.43893620371818542
vn -0.053607799112796783 -4.4184085709275678E-05 -0.9985620379447937
vn 0.060306016355752945 0.57179921865463257 0.81817406415939331
vn -0.40482103824615479 0.85994535684585571 -0.31082773208618164
vn 0.63419640064239502 0.77136373519897461 0.052848052233457565
vn 0.57162994146347046 0.81930136680603027 0.044547870755195618
vn 0.69607657194137573 0.71525329351425171 0.062370531260967255
vn -0.017493210732936859 0.88911247253417969 -0.45735439658164978
vn 0.98962247371673584 0.070191130042076111 0.12538145482540131
vn -0.11791048943996429 0.89346194267272949 0.43338537216186523
vn -0.21675518155097961 0.32106223702430725 0.92191988229751587
vn -0.29988467693328857 0.30096042156219482 0.90525799989700317
vn -0.27981778979301453 -0.020827200263738632 0.95982718467712402
vn -0.41484934091567993 0.85834157466888428 -0.3019101619720459
vn -0.41689839959144592 0.83958321809768677 -0.34827539324760437
vn -0.40098008513450623 0.85078531503677368 -0.33967524766921997
vn -0.38802346587181091 0.11084393411874771 -0.91495978832244873
vn 0.41694536805152893 -0.86823749542236328 0.26892420649528503
vn -0.55901992321014404 0.75782716274261475 0.33644422888755798
vn -0.55492520332336426 0.77630472183227539 0.2990134060382843
vn -0.88189852237701416 -0.42788979411125183 0.19790233671665192
vn 0.22794400155544281 -0.86643517017364502 -0.44422021508216858
vn -0.047407694160938263 0.0024439790286123753 -0.99887263774871826
vn -0.03075016662478447 -0.0012834821827709675 -0.9995262622833252
vn -0.017071766778826714 -0.88915145397186279 -0.45729449391365051
vn -0.07915467768907547 4.8850513849174604E-05 -0.99686235189437866
vn 0.06741071492433548 -8.0362107837572694E-05 -0.99772530794143677
vn 0.12919327616691589 0.00076262681977823377 -0.99161911010742188
vn 0.042023420333862305 -6.618360202992335E-05 -0.99911659955978394
vn -0.14536339044570923 -0.85651624202728271 0.49522659182548523
vn 0.14729654788970947 -0.9341389536857605 -0.32509717345237732
vn -0.062349550426006317 -0.99805432558059692 0.00033885310404002666
vn 0.78906822204589844 -0.53762209415435791 0.29721006751060486
vn -0.26613423228263855 -0.18137376010417938 0.94671863317489624
vn 0.025385411456227303 0.00022968921985011548 -0.99967771768569946
vn 0.055721431970596313 -0.72257536649703979 0.68904274702072144
vn 0.32406499981880188 0.94494748115539551 0.04534505307674408
vn 0.40413370728492737 0.9120599627494812 0.069444961845874786
vn 0.3348715603351593 -0.71515333652496338 -0.61352813243865967
vn 0.51098054647445679 -0.84791678190231323 -0.14119480550289154
vn -0.8140227198600769 0.5687604546546936 0.11780725419521332
vn 0.25467732548713684 0.77956283092498779 -0.57220733165740967
vn -0.054093267768621445 0.70144659280776978 -0.71066629886627197
vn 0.81291013956069946 0.57716357707977295 0.077841989696025848
vn 0.98554748296737671 0.013253527693450451 0.16888006031513214
vn -0.056994158774614334 0.99837440252304077 0.00042793937609530985
vn 0.095688425004482269 0.95858746767044067 0.26824197173118591
vn -0.28326451778411865 0.0020648823119699955 -0.95903962850570679
vn 0.41426107287406921 0.68800252676010132 -0.59585261344909668
vn -0.26634204387664795 0.90152287483215332 0.34105482697486877
vn -0.8182254433631897 -0.56890225410461426 0.082808881998062134
vn -0.38709434866905212 -0.87661880254745483 -0.28582754731178284
vn 0.33972170948982239 -0.94039452075958252 0.015724409371614456
vn -0.027862712740898132 -0.88853240013122559 -0.45796704292297363
vn -0.0023221597075462341 7.0316811616066843E-05 -0.99999731779098511
vn 0.04181496798992157 -0.95417386293411255 0.29631692171096802
vn -0.040251623839139938 -0.75279885530471802 0.65701878070831299
vn 0.386029452085495 -0.01135978102684021 -0.92241650819778442
vn -0.11743928492069244 0.87835854291915894 0.46335110068321228
vn 0.15887446701526642 0.64816182851791382 0.74474501609802246
vn -0.55829977989196777 0.75364017486572266 0.34688302874565125
vn -0.82413208484649658 0.54468363523483276 0.15532569587230682
vn -0.06289605051279068 0.77804642915725708 0.62505024671554565
vn 0.34807798266410828 -0.00044982921099290252 -0.93746548891067505
vn 0.39380168914794922 -0.65718638896942139 -0.64267122745513916
usemtl vc_000000__Personalizza
f 3133//3133 3134//3134 3135//3135
f 3136//3136 3137//3137 3138//3138
f 3139//3139 3138//3138 3140//3140
f 3141//3141 3142//3142 3143//3143
f 3144//3144 3145//3145 3146//3146
f 3144//3144 3147//3147 3145//3145
f 3148//3148 3149//3149 3150//3150
f 3151//3151 3152//3152 3150//3150
f 3155//3155 5304//5304 3153//3153 3154//3154
f 3156//3156 3157//3157 3158//3158
f 3159//3159 3160//3160 3161//3161
f 3162//3162 3163//3163 3164//3164
f 3165//3165 3166//3166 3159//3159
f 3167//3167 3168//3168 3164//3164
f 3169//3169 3170//3170 3171//3171
f 3172//3172 3173//3173 3174//3174
f 3175//3175 3176//3176 3177//3177
f 3178//3178 3179//3179 3180//3180
f 3180//3180 3181//3181 3178//3178
f 3182//3182 3183//3183 3184//3184
f 3186//3186 5155//5155 3182//3182 3185//3185
f 3187//3187 3188//3188 3189//3189
f 3190//3190 3187//3187 3191//3191
f 3192//3192 3193//3193 3194//3194
f 3192//3192 3195//3195 3193//3193
f 3196//3196 3197//3197 3198//3198
f 3199//3199 3200//3200 3201//3201
f 3202//3202 3203//3203 3204//3204
f 3204//3204 3205//3205 3202//3202
f 3206//3206 3207//3207 3208//3208
f 3211//3211 3212//3212 3209//3209 3210//3210
f 3212//3212 3211//3211 3213//3213
f 3215//3215 3217//3217 3216//3216 3214//3214
f 3218//3218 3219//3219 3220//3220
f 3219//3219 3214//3214 3216//3216 3220//3220
f 3221//3221 3217//3217 3222//3222
f 3223//3223 3221//3221 3224//3224
f 3225//3225 3226//3226 3227//3227
f 3228//3228 3225//3225 3229//3229
f 3230//3230 3231//3231 3232//3232
f 3233//3233 3232//3232 3231//3231
f 3232//3232 3234//3234 3230//3230
f 3235//3235 3236//3236 3237//3237
f 3238//3238 3239//3239 3240//3240
f 3241//3241 3242//3242 3243//3243
f 3244//3244 3245//3245 3246//3246
f 3246//3246 3245//3245 3241//3241
f 3247//3247 3248//3248 3249//3249
f 3241//3241 3248//3248 3250//3250
f 3251//3251 3244//3244 3246//3246
f 3252//3252 3253//3253 3254//3254
f 3254//3254 3255//3255 3252//3252
f 3256//3256 3257//3257 3258//3258
f 3259//3259 3260//3260 3256//3256
f 3261//3261 3262//3262 3263//3263
f 3264//3264 3265//3265 3266//3266
f 3267//3267 3268//3268 3264//3264
f 3269//3269 3266//3266 3270//3270
f 3271//3271 3264//3264 3269//3269
f 3272//3272 3273//3273 3267//3267
f 3272//3272 3274//3274 3273//3273
f 3272//3272 3267//3267 3271//3271
f 3270//3270 3266//3266 3275//3275
f 3275//3275 3276//3276 3270//3270
f 3277//3277 3278//3278 3279//3279
f 3277//3277 3279//3279 3280//3280
f 3281//3281 3282//3282 3283//3283
f 3284//3284 3281//3281 3285//3285
f 3286//3286 3287//3287 3288//3288
f 3289//3289 3290//3290 3291//3291
f 3292//3292 3293//3293 3289//3289
f 3294//3294 3295//3295 3296//3296
f 3297//3297 3298//3298 3296//3296
f 3295//3295 3299//3299 3296//3296
f 3300//3300 3301//3301 3297//3297
f 3302//3302 3303//3303 3301//3301
f 3304//3304 3305//3305 3306//3306
f 3307//3307 3306//3306 3308//3308
f 3309//3309 3310//3310 3311//3311
f 3312//3312 3311//3311 3313//3313
f 3314//3314 3315//3315 3316//3316
f 3317//3317 3314//3314 3318//3318
f 3319//3319 3320//3320 3321//3321
f 3320//3320 3319//3319 3322//3322
f 3322//3322 3319//3319 3323//3323
f 3324//3324 3325//3325 3326//3326
f 3326//3326 3327//3327 3328//3328
f 3329//3329 3330//3330 3331//3331
f 3332//3332 3333//3333 3334//3334
f 3335//3335 3336//3336 3337//3337
f 3337//3337 3338//3338 3339//3339
f 3337//3337 3339//3339 3340//3340
f 3341//3341 3342//3342 3343//3343
f 3344//3344 3345//3345 3346//3346
f 3341//3341 3347//3347 3348//3348
f 3349//3349 3350//3350 3351//3351
f 3352//3352 3353//3353 3349//3349
f 3354//3354 3355//3355 3352//3352
f 3356//3356 3357//3357 3358//3358
f 3350//3350 3359//3359 3351//3351
f 3356//3356 3360//3360 3357//3357
f 3361//3361 3362//3362 3363//3363
f 3364//3364 3361//3361 3365//3365
f 3366//3366 3367//3367 3368//3368
f 3369//3369 3370//3370 3371//3371
f 3372//3372 3370//3370 3373//3373
f 3374//3374 3375//3375 3376//3376
f 3374//3374 3376//3376 3377//3377
f 3378//3378 3374//3374 3379//3379
f 3380//3380 3381//3381 3382//3382
f 3385//3385 5540//5540 3383//3383 3384//3384
f 3386//3386 3387//3387 3382//3382
f 3380//3380 3382//3382 3387//3387
f 3383//3383 5641//5641 3386//3386 3382//3382
f 3388//3388 5708//5708 3389//3389 3390//3390
f 3391//3391 3381//3381 3380//3380
f 3388//3388 3392//3392 3393//3393
f 3394//3394 3395//3395 3396//3396
f 3397//3397 3395//3395 3394//3394
f 3398//3398 3397//3397 3399//3399
f 3400//3400 3401//3401 3402//3402
f 3403//3403 3404//3404 3405//3405
f 3406//3406 3407//3407 3408//3408
f 3409//3409 3410//3410 3406//3406
f 3411//3411 3410//3410 3409//3409
f 3409//3409 3412//3412 3411//3411
f 3413//3413 3414//3414 3415//3415
f 3416//3416 3417//3417 3418//3418
f 3419//3419 3420//3420 3417//3417
f 3421//3421 3422//3422 3423//3423
f 3424//3424 3425//3425 3426//3426
f 3427//3427 3428//3428 3429//3429
f 3430//3430 3431//3431 3432//3432
f 3431//3431 5545//5545 3433//3433 3434//3434
f 3435//3435 3436//3436 3437//3437
f 3437//3437 3436//3436 3438//3438
f 3435//3435 5424//5424 3439//3439 3440//3440
f 3435//3435 3441//3441 3436//3436
f 3440//3440 3441//3441 3435//3435
f 3442//3442 3429//3429 3443//3443
f 3444//3444 3442//3442 3445//3445
f 3446//3446 3424//3424 3428//3428
f 3432//3432 3427//3427 3444//3444
f 3449//3449 5424//5424 3447//3447 3448//3448
f 3437//3437 3438//3438 3434//3434
f 3450//3450 3431//3431 3434//3434
f 3451//3451 3452//3452 3453//3453
f 3454//3454 3455//3455 3456//3456
f 3457//3457 3468//3468 3458//3458 3459//3459
f 3455//3455 3454//3454 3460//3460
f 3461//3461 3462//3462 3463//3463
f 3464//3464 3456//3456 3465//3465
f 3466//3466 3456//3456 3467//3467
f 3458//3458 3468//3468 3465//3465
f 3469//3469 3470//3470 3471//3471
f 3470//3470 3472//3472 3463//3463 3462//3462
f 3459//3459 3463//3463 3472//3472
f 3468//3468 3457//3457 3464//3464
f 3473//3473 3474//3474 3475//3475
f 3476//3476 3477//3477 3478//3478
f 3479//3479 3480//3480 3481//3481
f 3474//3474 3473//3473 3482//3482
f 3483//3483 3484//3484 3485//3485
f 3486//3486 3487//3487 3488//3488
f 3486//3486 3488//3488 3489//3489
f 3490//3490 3489//3489 3491//3491
f 3492//3492 3485//3485 3493//3493
f 3492//3492 3494//3494 3495//3495
f 3496//3496 3494//3494 3497//3497
f 3497//3497 3498//3498 3499//3499
f 3489//3489 3490//3490 3500//3500
f 3501//3501 3502//3502 3503//3503
f 3506//3506 5384//5384 3504//3504 3505//3505
f 3506//3506 3505//3505 3507//3507
f 3508//3508 3509//3509 3510//3510
f 3511//3511 3512//3512 3509//3509
f 3513//3513 3514//3514 3515//3515
f 3513//3513 3516//3516 3514//3514
f 3517//3517 3518//3518 3519//3519
f 3520//3520 3521//3521 3522//3522
f 3523//3523 3524//3524 3525//3525
f 3526//3526 3527//3527 3528//3528
f 3529//3529 3530//3530 3531//3531
f 3531//3531 3530//3530 3532//3532
f 3532//3532 3530//3530 3533//3533
f 3534//3534 3535//3535 3536//3536
f 3537//3537 3538//3538 3539//3539
f 3539//3539 3540//3540 3537//3537
f 3541//3541 3540//3540 3542//3542
f 3543//3543 3544//3544 3545//3545
f 3546//3546 3547//3547 3548//3548
f 3549//3549 3550//3550 3551//3551
f 3552//3552 3553//3553 3554//3554
f 3557//3557 3564//3564 3555//3555 3556//3556
f 3559//3559 5432//5432 3560//3560 3558//3558
f 3560//3560 5432//5432 3562//3562 3561//3561
f 3563//3563 3564//3564 3557//3557
f 3565//3565 3566//3566 3567//3567
f 3566//3566 3568//3568 3567//3567
f 3569//3569 3558//3558 3570//3570
f 3571//3571 3569//3569 3570//3570
f 3572//3572 3571//3571 3567//3567
f 3573//3573 3574//3574 3575//3575
f 3574//3574 3576//3576 3577//3577
f 3577//3577 3576//3576 3578//3578
f 3576//3576 3574//3574 3573//3573
f 3576//3576 3579//3579 3578//3578
f 3580//3580 3581//3581 3582//3582
f 3583//3583 3584//3584 3585//3585
f 3586//3586 3587//3587 3588//3588
f 3586//3586 3588//3588 3589//3589
f 3590//3590 3589//3589 3591//3591
f 3589//3589 3590//3590 3592//3592
f 3593//3593 3594//3594 3595//3595
f 3596//3596 3597//3597 3598//3598
f 3599//3599 3600//3600 3601//3601
f 3602//3602 3597//3597 3603//3603
f 3601//3601 3600//3600 3604//3604
f 3598//3598 3597//3597 3604//3604
f 3605//3605 3606//3606 3607//3607
f 3607//3607 3608//3608 3609//3609
f 3605//3605 3607//3607 3610//3610
f 3605//3605 3610//3610 3611//3611
f 3612//3612 3610//3610 3607//3607
f 3613//3613 3614//3614 3615//3615
f 3617//3617 3625//3625 3618//3618 3616//3616
f 3619//3619 3620//3620 3621//3621
f 3615//3615 5677//5677 3622//3622 3623//3623
f 3615//3615 3629//3629 3617//3617 3613//3613
f 3624//3624 3619//3619 3621//3621
f 3625//3625 3626//3626 3618//3618
f 3613//3613 3627//3627 3614//3614
f 3628//3628 3627//3627 3616//3616
f 3629//3629 3630//3630 3617//3617
f 3631//3631 3626//3626 3624//3624
f 3632//3632 3619//3619 3624//3624
f 3633//3633 3634//3634 3635//3635
f 3636//3636 3637//3637 3634//3634
f 3638//3638 3637//3637 3639//3639
f 3636//3636 3634//3634 3633//3633
f 3638//3638 3639//3639 3640//3640
f 3641//3641 3642//3642 3643//3643
f 3641//3641 3643//3643 3644//3644
f 3641//3641 3645//3645 3642//3642
f 3645//3645 3646//3646 3647//3647
f 3648//3648 3647//3647 3646//3646
f 3649//3649 3650//3650 3644//3644
f 3651//3651 3652//3652 3653//3653
f 3654//3654 3651//3651 3653//3653
f 3657//3657 3658//3658 3655//3655 3656//3656
f 3658//3658 3659//3659 3655//3655
f 3660//3660 3661//3661 3662//3662
f 3663//3663 3664//3664 3665//3665
f 3666//3666 3667//3667 3668//3668
f 3663//3663 3666//3666 3668//3668 3664//3664
f 3669//3669 3668//3668 3667//3667
f 3670//3670 3671//3671 3672//3672
f 3672//3672 3674//3674 3673//3673 3670//3670
f 3675//3675 3676//3676 3674//3674
f 3677//3677 3675//3675 3678//3678
f 3679//3679 3680//3680 3681//3681
f 3681//3681 3682//3682 3683//3683
f 3685//3685 3676//3676 3686//3686 3684//3684
f 3675//3675 3677//3677 3686//3686 3676//3676
f 3687//3687 3681//3681 3688//3688
f 3687//3687 3689//3689 3681//3681
f 3690//3690 3691//3691 3683//3683
f 3692//3692 3684//3684 3686//3686
f 3693//3693 3694//3694 3695//3695
f 3696//3696 3693//3693 3695//3695
f 3697//3697 3698//3698 3699//3699
f 3702//3702 3712//3712 3700//3700 3701//3701
f 3704//3704 3712//3712 3702//3702 3703//3703
f 3701//3701 3700//3700 3705//3705
f 3708//3708 3711//3711 3706//3706 3707//3707
f 3705//3705 3709//3709 3707//3707
f 3708//3708 3710//3710 3711//3711
f 3713//3713 3714//3714 3715//3715
f 3717//3717 3725//3725 3718//3718 3716//3716
f 3719//3719 3722//3722 3720//3720 3721//3721
f 3723//3723 3722//3722 3724//3724
f 3725//3725 3717//3717 3726//3726
f 3719//3719 3724//3724 3722//3722
f 3728//3728 3719//3719 3721//3721 3727//3727
f 3729//3729 3730//3730 3731//3731
f 3732//3732 3733//3733 3734//3734
f 3735//3735 3732//3732 3736//3736
f 3737//3737 3735//3735 3736//3736
f 3738//3738 3739//3739 3740//3740
f 3741//3741 3742//3742 3743//3743
f 3742//3742 3741//3741 3744//3744
f 3745//3745 3746//3746 3744//3744
f 3745//3745 3744//3744 3741//3741
f 3747//3747 3743//3743 3742//3742
f 3748//3748 3746//3746 3749//3749
f 3749//3749 3746//3746 3745//3745
f 3750//3750 3751//3751 3752//3752
f 3753//3753 3754//3754 3755//3755
f 3755//3755 3756//3756 3757//3757
f 3758//3758 3759//3759 3760//3760
f 3761//3761 3760//3760 3759//3759
f 3759//3759 3758//3758 3756//3756
f 3762//3762 3763//3763 3764//3764
f 3765//3765 3766//3766 3767//3767
f 3766//3766 3768//3768 3769//3769
f 3772//3772 3777//3777 3770//3770 3771//3771
f 3775//3775 3779//3779 3773//3773 3774//3774
f 3776//3776 3774//3774 3773//3773
f 3777//3777 3769//3769 3778//3778
f 3775//3775 3772//3772 3771//3771 3779//3779
f 3780//3780 3781//3781 3767//3767
f 3782//3782 3783//3783 3764//3764
f 3783//3783 3784//3784 3781//3781
f 3767//3767 3781//3781 3785//3785
f 3786//3786 3765//3765 3785//3785
f 3773//3773 3787//3787 3776//3776
f 3788//3788 3789//3789 3790//3790
f 3791//3791 3792//3792 3793//3793
f 3794//3794 3795//3795 3796//3796
f 3797//3797 3796//3796 3798//3798
f 3799//3799 3800//3800 3790//3790
f 3801//3801 3802//3802 3803//3803
f 3804//3804 3805//3805 3806//3806
f 3808//3808 3803//3803 3802//3802 3807//3807
f 3809//3809 3810//3810 3811//3811
f 3812//3812 3801//3801 3803//3803
f 3807//3807 3813//3813 3814//3814
f 3807//3807 3814//3814 3815//3815
f 3817//3817 3808//3808 3815//3815 3816//3816
f 3817//3817 3816//3816 3809//3809
f 3818//3818 3819//3819 3820//3820
f 3821//3821 3822//3822 3820//3820
f 3821//3821 3823//3823 3822//3822
f 3824//3824 3822//3822 3823//3823
f 3825//3825 3826//3826 3827//3827
f 3828//3828 3827//3827 3826//3826
f 3828//3828 3826//3826 3829//3829
f 3830//3830 3831//3831 3832//3832
f 3834//3834 3836//3836 3835//3835 3833//3833
f 3836//3836 3838//3838 3837//3837 3835//3835
f 3839//3839 5714//5714 3838//3838 3834//3834
f 3834//3834 3833//3833 3840//3840 3841//3841
f 3834//3834 3841//3841 3842//3842 3839//3839
f 3843//3843 3844//3844 3845//3845
f 3846//3846 3847//3847 3848//3848
f 3849//3849 3847//3847 3846//3846
f 3850//3850 3845//3845 3844//3844
f 3846//3846 3848//3848 3851//3851
f 3845//3845 3852//3852 3853//3853
f 3851//3851 3854//3854 3846//3846
f 3855//3855 3856//3856 3857//3857
f 3858//3858 3859//3859 3860//3860
f 3861//3861 3859//3859 3862//3862
f 3863//3863 3864//3864 3865//3865
f 3866//3866 3867//3867 3868//3868
f 3868//3868 3869//3869 3866//3866
f 3870//3870 3866//3866 3869//3869
f 3869//3869 3871//3871 3870//3870
f 3872//3872 3873//3873 3874//3874
f 3874//3874 3867//3867 3872//3872
f 3874//3874 3875//3875 3867//3867
f 3878//3878 3883//3883 3876//3876 3877//3877
f 3881//3881 3885//3885 3879//3879 3880//3880
f 3882//3882 3876//3876 3883//3883
f 3885//3885 3881//3881 3886//3886 3884//3884
f 3880//3880 3879//3879 3887//3887
f 3888//3888 3889//3889 3890//3890
f 3891//3891 3888//3888 3890//3890
f 3892//3892 3893//3893 3891//3891
f 3896//3896 5716//5716 3894//3894 3895//3895
f 3897//3897 3898//3898 3899//3899
f 3900//3900 3901//3901 3902//3902
f 3903//3903 3904//3904 3901//3901
f 3906//3906 5650//5650 3902//3902 3905//3905
f 3904//3904 3903//3903 3907//3907
f 3908//3908 3909//3909 3910//3910
f 3910//3910 3911//3911 3908//3908
f 3912//3912 3910//3910 3909//3909
f 3905//3905 3908//3908 3911//3911
f 3913//3913 3914//3914 3915//3915
f 3916//3916 3917//3917 3913//3913
f 3918//3918 3913//3913 3915//3915
f 3919//3919 3918//3918 3915//3915
f 3920//3920 3921//3921 3922//3922
f 3921//3921 3923//3923 3922//3922
f 3924//3924 3925//3925 3920//3920
f 3925//3925 3926//3926 3920//3920
f 3927//3927 3928//3928 3929//3929
f 3927//3927 3929//3929 3930//3930
f 3931//3931 3927//3927 3930//3930
f 3928//3928 3932//3932 3933//3933
f 3929//3929 3934//3934 3930//3930
f 3935//3935 3936//3936 3937//3937
f 3938//3938 3939//3939 3940//3940
f 3941//3941 3935//3935 3942//3942
f 3943//3943 3944//3944 3945//3945
f 3944//3944 3946//3946 3945//3945
f 3947//3947 3948//3948 3949//3949
f 3950//3950 3951//3951 3947//3947
f 3952//3952 3953//3953 3954//3954
f 3947//3947 3955//3955 3950//3950
f 3956//3956 3957//3957 3958//3958
f 3959//3959 3960//3960 3961//3961
f 3962//3962 3963//3963 3956//3956
f 3964//3964 3959//3959 3961//3961
f 3958//3958 3957//3957 3965//3965
f 3967//3967 3965//3965 3968//3968 3966//3966
f 3966//3966 3969//3969 3967//3967
f 3969//3969 3970//3970 3967//3967
f 3969//3969 3971//3971 3970//3970
f 3961//3961 3972//3972 3964//3964
f 3960//3960 3959//3959 3962//3962
f 3963//3963 3962//3962 3959//3959
f 3973//3973 3957//3957 3956//3956
f 3974//3974 3975//3975 3976//3976
f 3977//3977 3978//3978 3979//3979
f 3980//3980 3979//3979 3981//3981
f 3980//3980 3984//3984 3982//3982 3983//3983
f 3985//3985 3986//3986 3987//3987
f 3988//3988 3987//3987 3986//3986
f 3988//3988 3989//3989 3987//3987
f 3990//3990 3991//3991 3992//3992
f 3993//3993 3994//3994 3995//3995
f 3995//3995 3990//3990 3992//3992
f 3996//3996 3997//3997 3998//3998
f 3999//3999 3997//3997 3996//3996
f 4000//4000 4001//4001 4002//4002
f 4002//4002 4003//4003 4000//4000
f 4004//4004 4005//4005 4006//4006
f 4007//4007 4008//4008 4009//4009
f 4010//4010 4007//4007 4011//4011
f 4012//4012 4013//4013 4014//4014
f 4015//4015 4010//4010 4016//4016
f 4017//4017 4018//4018 4019//4019
f 4020//4020 4021//4021 4022//4022
f 4023//4023 4021//4021 4020//4020
f 4024//4024 4025//4025 4023//4023
f 4026//4026 4027//4027 4028//4028
f 4029//4029 4027//4027 4026//4026
f 4030//4030 4031//4031 4032//4032
f 4033//4033 4034//4034 4035//4035
f 4036//4036 4037//4037 4038//4038
f 4036//4036 4035//4035 4039//4039 4037//4037
f 4041//4041 4035//4035 4036//4036 4040//4040
f 4036//4036 4038//4038 4040//4040
f 4037//4037 4042//4042 4043//4043
f 4038//4038 4037//4037 4043//4043 4044//4044
f 4033//4033 4045//4045 4034//4034
f 4039//4039 4035//4035 4034//4034
f 4046//4046 4047//4047 4048//4048
f 4049//4049 4046//4046 4048//4048
f 4049//4049 4048//4048 4050//4050
f 4048//4048 4047//4047 4051//4051
f 4052//4052 4049//4049 4053//4053
f 4047//4047 4054//4054 4051//4051
f 4053//4053 4049//4049 4050//4050
f 4053//4053 4050//4050 4055//4055
f 4056//4056 4057//4057 4058//4058
f 4056//4056 4059//4059 4060//4060
f 4061//4061 4058//4058 4057//4057
f 4060//4060 4059//4059 4062//4062
f 4063//4063 4064//4064 4065//4065
f 4066//4066 4065//4065 4067//4067
f 4067//4067 4065//4065 4068//4068
f 4069//4069 4070//4070 4071//4071
f 4072//4072 4073//4073 4074//4074
f 4073//4073 4072//4072 4071//4071 4075//4075
f 4073//4073 4076//4076 4074//4074
f 4074//4074 4076//4076 4077//4077
f 4077//4077 4078//4078 4079//4079
f 4080//4080 4081//4081 4082//4082
f 4082//4082 4083//4083 4084//4084
f 4080//4080 4082//4082 4084//4084
f 4085//4085 4086//4086 4087//4087
f 4089//4089 5235//5235 4090//4090 4088//4088
f 4091//4091 4092//4092 4093//4093
f 4094//4094 4095//4095 4092//4092
f 4095//4095 4096//4096 4097//4097
f 4098//4098 4099//4099 4100//4100
f 4101//4101 4102//4102 4103//4103
f 4104//4104 4105//4105 4106//4106
f 4107//4107 4108//4108 4109//4109
f 4110//4110 4102//4102 4111//4111
f 4104//4104 4106//4106 4108//4108
f 4112//4112 4101//4101 4113//4113
f 4114//4114 4113//4113 4101//4101
f 4115//4115 4110//4110 4116//4116
f 4117//4117 4121//4121 4118//4118 4119//4119
f 4117//4117 4120//4120 4121//4121
f 4122//4122 4123//4123 4120//4120
f 4124//4124 4120//4120 4125//4125
f 4126//4126 4127//4127 4128//4128
f 4127//4127 4126//4126 4129//4129
f 4130//4130 4131//4131 4132//4132
f 4134//4134 5653//5653 4126//4126 4133//4133
f 4131//4131 4135//4135 4136//4136
f 4135//4135 4131//4131 4137//4137
f 4138//4138 4127//4127 4129//4129
f 4130//4130 4132//4132 4139//4139
f 4132//4132 4140//4140 4139//4139
f 4132//4132 4136//4136 4140//4140
f 4141//4141 4142//4142 4143//4143
f 4144//4144 4145//4145 4146//4146
f 4147//4147 4148//4148 4149//4149
f 4150//4150 4151//4151 4152//4152
f 4153//4153 4154//4154 4155//4155
f 4156//4156 4152//4152 4153//4153
f 4157//4157 4158//4158 4159//4159
f 4159//4159 4160//4160 4157//4157
f 4161//4161 4162//4162 4163//4163
f 4163//4163 4164//4164 4161//4161
f 4165//4165 4166//4166 4167//4167
f 4167//4167 4168//4168 4169//4169
f 4170//4170 4171//4171 4172//4172
f 4173//4173 4174//4174 4175//4175
f 4176//4176 4177//4177 4178//4178
f 4179//4179 4176//4176 4180//4180
f 4181//4181 4182//4182 4183//4183
f 4183//4183 4184//4184 4181//4181
f 4185//4185 4181//4181 4184//4184
f 4181//4181 4185//4185 4186//4186
f 4187//4187 4188//4188 4189//4189
f 4190//4190 4187//4187 4189//4189
f 4191//4191 4190//4190 4192//4192
f 4193//4193 4194//4194 4191//4191
f 4195//4195 4196//4196 4197//4197
f 4198//4198 4195//4195 4197//4197
f 4199//4199 4200//4200 4201//4201
f 4202//4202 4199//4199 4201//4201
f 4203//4203 4204//4204 4205//4205
f 4206//4206 4207//4207 4208//4208
f 4209//4209 4210//4210 4211//4211
f 4212//4212 4213//4213 4214//4214
f 4215//4215 4216//4216 4217//4217
f 4218//4218 4215//4215 4217//4217
f 4219//4219 4217//4217 4216//4216
f 4220//4220 4221//4221 4222//4222
f 4223//4223 4222//4222 4221//4221
f 4224//4224 4225//4225 4226//4226
f 4227//4227 4228//4228 4229//4229
f 4227//4227 4230//4230 4231//4231
f 4232//4232 4233//4233 4228//4228
f 4234//4234 4235//4235 4236//4236
f 4237//4237 4238//4238 4239//4239
f 4242//4242 5494//5494 4240//4240 4241//4241
f 4243//4243 4242//4242 4241//4241
f 4244//4244 4243//4243 4245//4245
f 4246//4246 4244//4244 4245//4245
f 4247//4247 4248//4248 4249//4249
f 4250//4250 4251//4251 4252//4252
f 4251//4251 5717//5717 4253//4253 4254//4254
f 4255//4255 4256//4256 4257//4257
f 4256//4256 4254//4254 4253//4253 4257//4257
f 4258//4258 4259//4259 4260//4260
f 4261//4261 4262//4262 4260//4260
f 4263//4263 4264//4264 4265//4265
f 4265//4265 4266//4266 4267//4267
f 4268//4268 4267//4267 4266//4266
f 4269//4269 4266//4266 4270//4270
f 4271//4271 4268//4268 4269//4269
f 4272//4272 4269//4269 4273//4273
f 4274//4274 4269//4269 4272//4272
f 4275//4275 4276//4276 4277//4277
f 4278//4278 4279//4279 4280//4280
f 4281//4281 4282//4282 4283//4283
f 4284//4284 4281//4281 4285//4285
f 4286//4286 4287//4287 4288//4288
f 4289//4289 4290//4290 4291//4291
f 4292//4292 4289//4289 4293//4293
f 4294//4294 4292//4292 4295//4295
f 4294//4294 4295//4295 4296//4296
f 4297//4297 4298//4298 4299//4299
f 4297//4297 4291//4291 4290//4290
f 4300//4300 4301//4301 4302//4302
f 4300//4300 4302//4302 4303//4303
f 4304//4304 4300//4300 4303//4303
f 4304//4304 4303//4303 4305//4305
f 4306//4306 4307//4307 4308//4308
f 4305//4305 4309//4309 4304//4304
f 4310//4310 4311//4311 4312//4312
f 4313//4313 4312//4312 4314//4314
f 4315//4315 4310//4310 4313//4313
f 4316//4316 4317//4317 4318//4318
f 4319//4319 4320//4320 4321//4321
f 4322//4322 4319//4319 4323//4323
f 4324//4324 4325//4325 4326//4326
f 4325//4325 4327//4327 4326//4326
f 4328//4328 4326//4326 4327//4327
f 4329//4329 4328//4328 4330//4330
f 4331//4331 4332//4332 4333//4333
f 4334//4334 4331//4331 4335//4335
f 4336//4336 4334//4334 4337//4337
f 4338//4338 4339//4339 4334//4334
f 4340//4340 4333//4333 4332//4332
f 4338//4338 4336//4336 4341//4341
f 4342//4342 4343//4343 4344//4344
f 4343//4343 4345//4345 4346//4346
f 4347//4347 4348//4348 4349//4349
f 4349//4349 4350//4350 4351//4351
f 4352//4352 4353//4353 4354//4354
f 4355//4355 4356//4356 4357//4357
f 4358//4358 4355//4355 4359//4359
f 4358//4358 4359//4359 4360//4360
f 4361//4361 4362//4362 4363//4363
f 4364//4364 4365//4365 4361//4361
f 4366//4366 4367//4367 4365//4365
f 4368//4368 4366//4366 4365//4365
f 4369//4369 4370//4370 4371//4371
f 4372//4372 4370//4370 4369//4369
f 4372//4372 4369//4369 4373//4373
f 4370//4370 4372//4372 4374//4374
f 4374//4374 4372//4372 4375//4375
f 4376//4376 4377//4377 4378//4378
f 4379//4379 4378//4378 4380//4380
f 4381//4381 4379//4379 4382//4382
f 4383//4383 4379//4379 4381//4381
f 4383//4383 4381//4381 4384//4384
f 4385//4385 4386//4386 4387//4387
f 4388//4388 4385//4385 4389//4389
f 4390//4390 4388//4388 4391//4391
f 4392//4392 4390//4390 4393//4393
f 4394//4394 4393//4393 4395//4395
f 4396//4396 4397//4397 4398//4398
f 4398//4398 4397//4397 4399//4399
f 4400//4400 4401//4401 4402//4402
f 4403//4403 4401//4401 4400//4400
f 4404//4404 4400//4400 4405//4405
f 4406//4406 4407//4407 4408//4408
f 4406//4406 4408//4408 4409//4409
f 4410//4410 4411//4411 4412//4412
f 4410//4410 5348//5348 4413//4413 4411//4411
f 4410//4410 4412//4412 4414//4414 4415//4415
f 4418//4418 4420//4420 4416//4416 4417//4417
f 4419//4419 4416//4416 4420//4420
f 4422//4422 5718//5718 4423//4423 4421//4421
f 4425//4425 4417//4417 4416//4416 4424//4424
f 4419//4419 5688//5688 4424//4424 4416//4416
f 4426//4426 5688//5688 4421//4421 4423//4423
f 4427//4427 4426//4426 4423//4423
f 4428//4428 4429//4429 4430//4430
f 4431//4431 4428//4428 4432//4432
f 4433//4433 4430//4430 4434//4434
f 4435//4435 4436//4436 4437//4437
f 4437//4437 4438//4438 4435//4435
f 4439//4439 4440//4440 4441//4441
f 4442//4442 4443//4443 4444//4444
f 4445//4445 4444//4444 4446//4446
f 4445//4445 4446//4446 4447//4447
f 4448//4448 4449//4449 4450//4450
f 4450//4450 4449//4449 4451//4451
f 4452//4452 4453//4453 4454//4454
f 4453//4453 4452//4452 4455//4455
f 4456//4456 4457//4457 4458//4458
f 4459//4459 4460//4460 4461//4461
f 4462//4462 4463//4463 4461//4461
f 4466//4466 4468//4468 4464//4464 4465//4465
f 4467//4467 4468//4468 4469//4469
f 4470//4470 4460//4460 4471//4471
f 4461//4461 4460//4460 4470//4470 4472//4472
f 4466//4466 4465//4465 4473//4473
f 4474//4474 4475//4475 4476//4476
f 4477//4477 4456//4456 4478//4478
f 4477//4477 4478//4478 4479//4479
f 4481//4481 4472//4472 4470//4470 4480//4480
f 4460//4460 4459//4459 4482//4482
f 4484//4484 5719//5719 4483//4483 4473//4473
f 4478//4478 4485//4485 4479//4479
f 4486//4486 4487//4487 4488//4488
f 4488//4488 4489//4489 4490//4490
f 4491//4491 4486//4486 4490//4490
f 4492//4492 4493//4493 4494//4494
f 4494//4494 4495//4495 4496//4496
f 4498//4498 4501//4501 4495//4495 4497//4497
f 4492//4492 4500//4500 4499//4499 4493//4493
f 4495//4495 4494//4494 4497//4497
f 4503//4503 4495//4495 4501//4501 4502//4502
f 4504//4504 4505//4505 4506//4506
f 4506//4506 4509//4509 4507//4507 4508//4508
f 4511//4511 4507//4507 4509//4509 4510//4510
f 4512//4512 4513//4513 4514//4514
f 4515//4515 4516//4516 4512//4512
f 4513//4513 4512//4512 4516//4516
f 4517//4517 4516//4516 4515//4515
f 4516//4516 4517//4517 4518//4518
f 4519//4519 4520//4520 4521//4521
f 4522//4522 4523//4523 4524//4524
f 4525//4525 4524//4524 4523//4523
f 4519//4519 4526//4526 4520//4520
f 4527//4527 4528//4528 4529//4529
f 4528//4528 4530//4530 4531//4531
f 4531//4531 4529//4529 4528//4528
f 4532//4532 4533//4533 4534//4534
f 4535//4535 4536//4536 4537//4537
f 4536//4536 4535//4535 4538//4538
f 4539//4539 4540//4540 4541//4541
f 4536//4536 5355//5355 4542//4542 4537//4537
f 4538//4538 4543//4543 4530//4530
f 4544//4544 4545//4545 4546//4546
f 4547//4547 4548//4548 4549//4549
f 4550//4550 4551//4551 4552//4552
f 4550//4550 4553//4553 4551//4551
f 4554//4554 4555//4555 4556//4556
f 4557//4557 4558//4558 4554//4554
f 4559//4559 4560//4560 4561//4561
f 4562//4562 4561//4561 4560//4560
f 4562//4562 4563//4563 4564//4564
f 4564//4564 4565//4565 4566//4566
f 4563//4563 4565//4565 4564//4564
f 4567//4567 4568//4568 4569//4569
f 4570//4570 4571//4571 4572//4572
f 4573//4573 4574//4574 4575//4575
f 4576//4576 4577//4577 4574//4574
f 4578//4578 4579//4579 4580//4580
f 4581//4581 4582//4582 4580//4580
f 4581//4581 4583//4583 4582//4582
f 4584//4584 4585//4585 4586//4586
f 4588//4588 4597//4597 4589//4589 4587//4587
f 4587//4587 4590//4590 4588//4588
f 4585//4585 4591//4591 4586//4586
f 4594//4594 4589//4589 4592//4592 4593//4593
f 4586//4586 4595//4595 4596//4596
f 4586//4586 4593//4593 4595//4595
f 4595//4595 4593//4593 4592//4592 4597//4597
f 4598//4598 4590//4590 4599//4599
f 4600//4600 4585//4585 4601//4601
f 4589//4589 4594//4594 4602//4602
f 4590//4590 4603//4603 4604//4604
f 4605//4605 4606//4606 4607//4607
f 4608//4608 4605//4605 4607//4607
f 4609//4609 4610//4610 4608//4608
f 4611//4611 4612//4612 4613//4613
f 4614//4614 4611//4611 4613//4613
f 4611//4611 4614//4614 4615//4615
f 4614//4614 4616//4616 4615//4615
f 4617//4617 4618//4618 4616//4616
f 4614//4614 4617//4617 4616//4616
f 4618//4618 4617//4617 4619//4619
f 4620//4620 4621//4621 4622//4622
f 4623//4623 4624//4624 4622//4622
f 4625//4625 4626//4626 4627//4627
f 4627//4627 4628//4628 4625//4625
f 4629//4629 4630//4630 4631//4631
f 4632//4632 4633//4633 4634//4634
f 4635//4635 4636//4636 4637//4637
f 4638//4638 4639//4639 4632//4632
f 4640//4640 4641//4641 4642//4642
f 4643//4643 4641//4641 4644//4644
f 4645//4645 4646//4646 4644//4644
f 4647//4647 4645//4645 4648//4648
f 4649//4649 4650//4650 4651//4651
f 4652//4652 4653//4653 4654//4654
f 4655//4655 4656//4656 4657//4657
f 4658//4658 4659//4659 4649//4649
f 4660//4660 4653//4653 4661//4661 4650//4650
f 4662//4662 4654//4654 4663//4663
f 4656//4656 4652//4652 4664//4664
f 4665//4665 4666//4666 4667//4667
f 4668//4668 4669//4669 4670//4670
f 4671//4671 4668//4668 4672//4672
f 4673//4673 4674//4674 4675//4675
f 4674//4674 4676//4676 4675//4675
f 4677//4677 4675//4675 4676//4676
f 4678//4678 4673//4673 4679//4679
f 4680//4680 4681//4681 4682//4682
f 4679//4679 4683//4683 4678//4678
f 4686//4686 5408//5408 4684//4684 4685//4685
f 4687//4687 4688//4688 4689//4689
f 4688//4688 4687//4687 4690//4690
f 4691//4691 4692//4692 4687//4687
f 4692//4692 4691//4691 4693//4693
f 4693//4693 4694//4694 4695//4695
f 4696//4696 4697//4697 4694//4694
f 4698//4698 4699//4699 4700//4700
f 4701//4701 4699//4699 4702//4702
f 4703//4703 4704//4704 4705//4705
f 4706//4706 4703//4703 4707//4707
f 4708//4708 4707//4707 4703//4703 4705//4705
f 4709//4709 4710//4710 4711//4711
f 4711//4711 4712//4712 4713//4713
f 4713//4713 4714//4714 4715//4715
f 4714//4714 4713//4713 4716//4716
f 4703//4703 4717//4717 4704//4704
f 4707//4707 4718//4718 4706//4706
f 4719//4719 4716//4716 4713//4713 4712//4712
f 4712//4712 4720//4720 4721//4721
f 4711//4711 4715//4715 4709//4709
f 4722//4722 4723//4723 4724//4724
f 4725//4725 4722//4722 4724//4724
f 4725//4725 4726//4726 4727//4727
f 4728//4728 4729//4729 4730//4730
f 4731//4731 4729//4729 4728//4728
f 4731//4731 4728//4728 4733//4733 4732//4732
f 4730//4730 4734//4734 4728//4728
f 4736//4736 5582//5582 4732//4732 4735//4735
f 4737//4737 4738//4738 4739//4739
f 4742//4742 5518//5518 4740//4740 4741//4741
f 4744//4744 5721//5721 4745//4745 4743//4743
f 4743//4743 4745//4745 4746//4746
f 4747//4747 4748//4748 4749//4749
f 4750//4750 4751//4751 4752//4752
f 4750//4750 4753//4753 4754//4754
f 4755//4755 4756//4756 4757//4757
f 4758//4758 5519//5519 4757//4757 4756//4756
f 4758//4758 4759//4759 4760//4760
f 4761//4761 4762//4762 4763//4763
f 4764//4764 4761//4761 4763//4763
f 4765//4765 4766//4766 4767//4767
f 4766//4766 4764//4764 4763//4763
f 4766//4766 4763//4763 4768//4768
f 4769//4769 4770//4770 4771//4771
f 4772//4772 4773//4773 4774//4774
f 4775//4775 4774//4774 4776//4776
f 4777//4777 4778//4778 4779//4779
f 4780//4780 4781//4781 4782//4782
f 4783//4783 5524//5524 4784//4784 4773//4773
f 4785//4785 4774//4774 4775//4775
f 4781//4781 4780//4780 4787//4787 4786//4786
f 4780//4780 4788//4788 4787//4787
f 4789//4789 4790//4790 4791//4791
f 4792//4792 4793//4793 4789//4789
f 4794//4794 4795//4795 4793//4793
f 4796//4796 4797//4797 4798//4798
f 4799//4799 4800//4800 4797//4797
f 4798//4798 4801//4801 4795//4795
f 4803//4803 4806//4806 4804//4804 4802//4802
f 4806//4806 4810//4810 4807//4807 4805//4805
f 4804//4804 4805//4805 4809//4809 4808//4808
f 4810//4810 4811//4811 4812//4812
f 4807//4807 4810//4810 4812//4812
f 4813//4813 4814//4814 4815//4815
f 4813//4813 4815//4815 4816//4816
f 4809//4809 4815//4815 4817//4817
f 4817//4817 4815//4815 4818//4818
f 4819//4819 4808//4808 4817//4817
f 4820//4820 4821//4821 4822//4822
f 4823//4823 4824//4824 4825//4825
f 4820//4820 4822//4822 4826//4826
f 4827//4827 4828//4828 4829//4829
f 4830//4830 4831//4831 4832//4832
f 4831//4831 4830//4830 4833//4833
f 4830//4830 4835//4835 4834//4834 4833//4833
f 4834//4834 4835//4835 4836//4836
f 4837//4837 4841//4841 4838//4838 4839//4839
f 4836//4836 4835//4835 4840//4840
f 4840//4840 4838//4838 4841//4841
f 4843//4843 4850//4850 4844//4844 4842//4842
f 4845//4845 4844//4844 4846//4846
f 4847//4847 4848//4848 4843//4843
f 4849//4849 5723//5723 4843//4843 4842//4842
f 4851//4851 4846//4846 4850//4850 4848//4848
f 4852//4852 4853//4853 4854//4854
f 4854//4854 4853//4853 4855//4855
f 4854//4854 4855//4855 4856//4856
f 4857//4857 4858//4858 4859//4859
f 4860//4860 4858//4858 4857//4857
f 4861//4861 4862//4862 4863//4863
f 4854//4854 4856//4856 4864//4864
f 4858//4858 4861//4861 4863//4863 4865//4865
f 4865//4865 4866//4866 4858//4858
f 4867//4867 4868//4868 4869//4869
f 4870//4870 4871//4871 4872//4872
f 4871//4871 4873//4873 4874//4874
f 4875//4875 4876//4876 4877//4877
f 4875//4875 4878//4878 4876//4876
f 4879//4879 4880//4880 4881//4881
f 4882//4882 4883//4883 4884//4884
f 4886//4886 4890//4890 4887//4887 4885//4885
f 4890//4890 4886//4886 4888//4888 4889//4889
f 4891//4891 4892//4892 4893//4893
f 4892//4892 5725//5725 4894//4894 4895//4895
f 4896//4896 4897//4897 4898//4898
f 4899//4899 4896//4896 4898//4898
f 4900//4900 4899//4899 4901//4901
f 4903//4903 5732//5732 4904//4904 4902//4902
f 4905//4905 4906//4906 4907//4907
f 4906//4906 4908//4908 4907//4907
f 4909//4909 4910//4910 4911//4911
f 4912//4912 4913//4913 4914//4914
f 4910//4910 4913//4913 4911//4911
f 4915//4915 4916//4916 4917//4917
f 4916//4916 4918//4918 4919//4919
f 4921//4921 5532//5532 4909//4909 4920//4920
f 4922//4922 4923//4923 4924//4924
f 4924//4924 4923//4923 4925//4925
f 4926//4926 4923//4923 4927//4927
f 4925//4925 4923//4923 4926//4926
f 4928//4928 4929//4929 4926//4926
f 4929//4929 4928//4928 4930//4930
f 4931//4931 4932//4932 4933//4933
f 4934//4934 4935//4935 4936//4936
f 4937//4937 4938//4938 4939//4939
f 4940//4940 4941//4941 4942//4942
f 4943//4943 4940//4940 4944//4944
f 4945//4945 4943//4943 4946//4946
f 4944//4944 4947//4947 4946//4946
f 4948//4948 4949//4949 4950//4950
f 4951//4951 4948//4948 4952//4952
f 4951//4951 4952//4952 4953//4953
f 4954//4954 4951//4951 4955//4955
f 4954//4954 4956//4956 4957//4957
f 4958//4958 4959//4959 4960//4960
f 4961//4961 4962//4962 4963//4963
f 4964//4964 4962//4962 4961//4961 4965//4965
f 4966//4966 4964//4964 4967//4967
f 4969//4969 5632//5632 4970//4970 4968//4968
f 4971//4971 4972//4972 4973//4973
f 4974//4974 4975//4975 4976//4976
f 4977//4977 4978//4978 4979//4979
f 4980//4980 4977//4977 4979//4979
f 4981//4981 4980//4980 4979//4979
f 4982//4982 4981//4981 4983//4983
f 4984//4984 4985//4985 4986//4986
f 4986//4986 4985//4985 4987//4987
f 4988//4988 4989//4989 4990//4990
f 4988//4988 4990//4990 4991//4991
f 4992//4992 4993//4993 4994//4994
f 4995//4995 4996//4996 4997//4997
f 4996//4996 4995//4995 4998//4998
f 4999//4999 5000//5000 5001//5001
f 4999//4999 5001//5001 5002//5002
f 5003//5003 5004//5004 5005//5005
f 5006//5006 5003//5003 5007//5007
f 5008//5008 5009//5009 5010//5010
f 5008//5008 5010//5010 5011//5011
f 5011//5011 5012//5012 5008//5008
f 5009//5009 5013//5013 5010//5010
f 5014//5014 5015//5015 5016//5016
f 5017//5017 5014//5014 5018//5018
f 5019//5019 5020//5020 5021//5021
f 5022//5022 5019//5019 5021//5021
f 5023//5023 5019//5019 5022//5022
f 5024//5024 5025//5025 5026//5026
f 5027//5027 5028//5028 5029//5029
f 5028//5028 5030//5030 5031//5031
f 5032//5032 5033//5033 5034//5034
f 5035//5035 5036//5036 5037//5037
f 5031//5031 5037//5037 5036//5036
f 5038//5038 5042//5042 5039//5039 5040//5040
f 5041//5041 5035//5035 5039//5039
f 5043//5043 5044//5044 5045//5045
f 5046//5046 5043//5043 5045//5045
f 5046//5046 5045//5045 5047//5047
f 5048//5048 5049//5049 5050//5050
f 5051//5051 5052//5052 5053//5053
f 5054//5054 5051//5051 5053//5053
f 5055//5055 5052//5052 5056//5056
f 5057//5057 5058//5058 5059//5059
f 5060//5060 5059//5059 5061//5061
f 5062//5062 5063//5063 5064//5064
f 5059//5059 5065//5065 5057//5057
f 5065//5065 5059//5059 5060//5060
f 5060//5060 5066//5066 5065//5065
f 5064//5064 5066//5066 5060//5060
f 5064//5064 5063//5063 5066//5066
f 5067//5067 5068//5068 5063//5063
f 5069//5069 5063//5063 5070//5070
f 5070//5070 5071//5071 5069//5069
f 5071//5071 5072//5072 5073//5073
f 5074//5074 5073//5073 5072//5072
f 5076//5076 5081//5081 5077//5077 5075//5075
f 5077//5077 5078//5078 5079//5079
f 5079//5079 5078//5078 5080//5080
f 5078//5078 5082//5082 5080//5080
f 5083//5083 5084//5084 5085//5085
f 5086//5086 5087//5087 5083//5083
f 5088//5088 5089//5089 5090//5090
f 5090//5090 5091//5091 5088//5088
f 5091//5091 5092//5092 5093//5093
f 5094//5094 5095//5095 5096//5096
f 5095//5095 5094//5094 5097//5097
f 5098//5098 5099//5099 5100//5100
f 5101//5101 5102//5102 5100//5100
f 5098//5098 5103//5103 5099//5099
f 5104//5104 5102//5102 5105//5105
f 5106//5106 5104//5104 5105//5105
f 5106//5106 5107//5107 5104//5104
f 5095//5095 5108//5108 5109//5109
f 5110//5110 5111//5111 5112//5112
f 5110//5110 5112//5112 5113//5113
f 5114//5114 5110//5110 5113//5113
f 5115//5115 5114//5114 5113//5113
f 5116//5116 5663//5663 5113//5113 5112//5112
f 5117//5117 5118//5118 5119//5119
f 5121//5121 5131//5131 5122//5122 5120//5120
f 5120//5120 5122//5122 5123//5123
f 5123//5123 5124//5124 5120//5120
f 5123//5123 5122//5122 5125//5125
f 5126//5126 5119//5119 5127//5127
f 5119//5119 5126//5126 5128//5128 5117//5117
f 5126//5126 5129//5129 5128//5128
f 5127//5127 5119//5119 5118//5118 5130//5130
f 5122//5122 5131//5131 5132//5132
f 5132//5132 5125//5125 5122//5122
f 5133//5133 5125//5125 5134//5134
f 5135//5135 5136//5136 5137//5137
f 5138//5138 5139//5139 5140//5140
f 5139//5139 5138//5138 5141//5141
f 5142//5142 5140//5140 5137//5137
f 5142//5142 5137//5137 5143//5143
f 5141//5141 5138//5138 5144//5144
f 5145//5145 5138//5138 5140//5140
f 5142//5142 5145//5145 5140//5140
f 5138//5138 5146//5146 5144//5144
f 3138//3138 3137//3137 3140//3140
f 5147//5147 5148//5148 3157//3157
f 5149//5149 3157//3157 5148//5148
f 5150//5150 5151//5151 5152//5152
f 5153//5153 5152//5152 5151//5151
f 3162//3162 3160//3160 3163//3163
f 3165//3165 3159//3159 3161//3161
f 3168//3168 3162//3162 3164//3164
f 3169//3169 3171//3171 3173//3173
f 3175//3175 3177//3177 5154//5154
f 5155//5155 3183//3183 3182//3182
f 3187//3187 3189//3189 3191//3191
f 3192//3192 3194//3194 5156//5156
f 3201//3201 5157//5157 5158//5158
f 3199//3199 3201//3201 5158//5158
f 3199//3199 5158//5158 5159//5159
f 3200//3200 5160//5160 3201//3201
f 3203//3203 5161//5161 3204//3204
f 5162//5162 3204//3204 5161//5161
f 5162//5162 3205//3205 3204//3204
f 5163//5163 5164//5164 5165//5165
f 5165//5165 5164//5164 5166//5166
f 5167//5167 5164//5164 5163//5163
f 3248//3248 5168//5168 5169//5169
f 3241//3241 3243//3243 3248//3248
f 3248//3248 5169//5169 3249//3249
f 3250//3250 3248//3248 3247//3247
f 3257//3257 5170//5170 3258//3258
f 3260//3260 3257//3257 3256//3256
f 3264//3264 3266//3266 3269//3269
f 3267//3267 3264//3264 3271//3271
f 5171//5171 3278//3278 3277//3277
f 5172//5172 5171//5171 3277//3277
f 5173//5173 5174//5174 3277//3277
f 3279//3279 5175//5175 5176//5176
f 5176//5176 5177//5177 3279//3279
f 3281//3281 3283//3283 3285//3285
f 5178//5178 5179//5179 3288//3288
f 3287//3287 5178//5178 3288//3288
f 3293//3293 3290//3290 3289//3289
f 3301//3301 3298//3298 3297//3297
f 3297//3297 3296//3296 3299//3299
f 5180//5180 3305//3305 3304//3304
f 3306//3306 5181//5181 3308//3308
f 3304//3304 3306//3306 3307//3307
f 3308//3308 5181//5181 5182//5182
f 3310//3310 3313//3313 3311//3311
f 3314//3314 3316//3316 3318//3318
f 3325//3325 3327//3327 3326//3326
f 3327//3327 5183//5183 3328//3328
f 5184//5184 3325//3325 3324//3324
f 3330//3330 5185//5185 3331//3331
f 3331//3331 5186//5186 5187//5187
f 3329//3329 3331//3331 5187//5187
f 3332//3332 3334//3334 3329//3329
f 3337//3337 5188//5188 3335//3335
f 5189//5189 3340//3340 3339//3339
f 3341//3341 3343//3343 5190//5190
f 3343//3343 5191//5191 3345//3345
f 3343//3343 3345//3345 5190//5190
f 3358//3358 5192//5192 3355//3355
f 3353//3353 3350//3350 3349//3349
f 3355//3355 3353//3353 3352//3352
f 3358//3358 3355//3355 3354//3354
f 3356//3356 3358//3358 3354//3354
f 3364//3364 3362//3362 3361//3361
f 3363//3363 5193//5193 5194//5194
f 5195//5195 3368//3368 3367//3367
f 3367//3367 3366//3366 5196//5196
f 3369//3369 3371//3371 5197//5197
f 3378//3378 3375//3375 3374//3374
f 3376//3376 5198//5198 3377//3377
f 3394//3394 3396//3396 5199//5199
f 5200//5200 3397//3397 3394//3394
f 5200//5200 3394//3394 5201//5201
f 3401//3401 5202//5202 3402//3402
f 5203//5203 3402//3402 5202//5202
f 5204//5204 3404//3404 3403//3403
f 5205//5205 5204//5204 3403//3403
f 5206//5206 3407//3407 3406//3406
f 3410//3410 5206//5206 3406//3406
f 3414//3414 5207//5207 3415//3415
f 3413//3413 5208//5208 3414//3414
f 3419//3419 3417//3417 3416//3416
f 3416//3416 3418//3418 5209//5209
f 3541//3541 5210//5210 5211//5211
f 3638//3638 3640//3640 5212//5212
f 5213//5213 3888//3888 3891//3891
f 3893//3893 5213//5213 3891//3891
f 3915//3915 5214//5214 3919//3919
f 5214//5214 5215//5215 5216//5216
f 5217//5217 5218//5218 5219//5219
f 5220//5220 5218//5218 5221//5221
f 3929//3929 5222//5222 3934//3934
f 5223//5223 3936//3936 3935//3935
f 3941//3941 5223//5223 3935//3935
f 3939//3939 5224//5224 3940//3940
f 3937//3937 3939//3939 3938//3938
f 3935//3935 3937//3937 3938//3938
f 5225//5225 5226//5226 5227//5227
f 3948//3948 5225//5225 3949//3949
f 5227//5227 5226//5226 3954//3954
f 3949//3949 5225//5225 5227//5227
f 3951//3951 3948//3948 3947//3947
f 3983//3983 3979//3979 3980//3980
f 4025//4025 4021//4021 4023//4023
f 5228//5228 4020//4020 4022//4022
f 5229//5229 4029//4029 5230//5230
f 4026//4026 4028//4028 5231//5231
f 4047//4047 5232//5232 4054//4054
f 4060//4060 4057//4057 4056//4056
f 4073//4073 5233//5233 5234//5234
f 5234//5234 4078//4078 4076//4076
f 4090//4090 5235//5235 5236//5236
f 5236//5236 4086//4086 4085//4085 5237//5237
f 4102//4102 4110//4110 4103//4103
f 4152//4152 4151//4151 4153//4153
f 4176//4176 4178//4178 4180//4180
f 4179//4179 4180//4180 5238//5238
f 5239//5239 4183//4183 4182//4182
f 5240//5240 4189//4189 4188//4188
f 4191//4191 4192//4192 4193//4193
f 4198//4198 4197//4197 5241//5241
f 4207//4207 4203//4203 4208//4208
f 5242//5242 5243//5243 5244//5244
f 5242//5242 5244//5244 5245//5245
f 4213//4213 4212//4212 5246//5246
f 4213//4213 5246//5246 5247//5247
f 4220//4220 4222//4222 4226//4226
f 5248//5248 4221//4221 4220//4220
f 4225//4225 4220//4220 4226//4226
f 4231//4231 4228//4228 4227//4227
f 4233//4233 4229//4229 4228//4228
f 4269//4269 4270//4270 4273//4273
f 4271//4271 4269//4269 4274//4274
f 4275//4275 5249//5249 5250//5250
f 4282//4282 5251//5251 4283//4283
f 4281//4281 4283//4283 4285//4285
f 5252//5252 5251//5251 4282//4282
f 4289//4289 4291//4291 4293//4293
f 4292//4292 4293//4293 4295//4295
f 4297//4297 4299//4299 4291//4291
f 4301//4301 4308//4308 4302//4302
f 5253//5253 4304//4304 5254//5254
f 4306//4306 4308//4308 4301//4301
f 4310//4310 4312//4312 4313//4313
f 4317//4317 5255//5255 5256//5256
f 4317//4317 5256//5256 4318//4318
f 4319//4319 4321//4321 4323//4323
f 4328//4328 4327//4327 5257//5257
f 4328//4328 5257//5257 4330//4330
f 5258//5258 4331//4331 4339//4339
f 4331//4331 4333//4333 4335//4335
f 4339//4339 4331//4331 4334//4334
f 4334//4334 4335//4335 4337//4337
f 5259//5259 4339//4339 4338//4338
f 4336//4336 4337//4337 5260//5260
f 4338//4338 4334//4334 4336//4336
f 4343//4343 4346//4346 4344//4344
f 4348//4348 4350//4350 4349//4349
f 4356//4356 5261//5261 4357//4357
f 4355//4355 4357//4357 4359//4359
f 4362//4362 5262//5262 4363//4363
f 4367//4367 4362//4362 4361//4361
f 4367//4367 4361//4361 4365//4365
f 5263//5263 5262//5262 4362//4362
f 4376//4376 4378//4378 4379//4379
f 4385//4385 4387//4387 4389//4389
f 4388//4388 4389//4389 4391//4391
f 4390//4390 4391//4391 4393//4393
f 4392//4392 4393//4393 4394//4394
f 4387//4387 4386//4386 5264//5264
f 5265//5265 5266//5266 4397//4397
f 5265//5265 4397//4397 4396//4396
f 4403//4403 4400//4400 5267//5267
f 4403//4403 5267//5267 5268//5268
f 4407//4407 5269//5269 4408//4408
f 4406//4406 4409//4409 5270//5270
f 4428//4428 4430//4430 4432//4432
f 4436//4436 5271//5271 4437//4437
f 4439//4439 4441//4441 5272//5272
f 4439//4439 5272//5272 5273//5273
f 4444//4444 4443//4443 5274//5274
f 4444//4444 5275//5275 4446//4446
f 5276//5276 4443//4443 4442//4442
f 4448//4448 5277//5277 4449//4449
f 5278//5278 5277//5277 4448//4448
f 5279//5279 5280//5280 4548//4548
f 5281//5281 4641//4641 4640//4640
f 4669//4669 4666//4666 4665//4665
f 4669//4669 4665//4665 4670//4670
f 4671//4671 4669//4669 4668//4668
f 5282//5282 4717//4717 5283//5283
f 4899//4899 4898//4898 4901//4901
f 4900//4900 4901//4901 5284//5284
f 4900//4900 5284//5284 5285//5285
f 5286//5286 5287//5287 4923//4923
f 4922//4922 5286//5286 4923//4923
f 4933//4933 4932//4932 5288//5288
f 5289//5289 4941//4941 4940//4940
f 4940//4940 4942//4942 4944//4944
f 4942//4942 4941//4941 5290//5290
f 4948//4948 4950//4950 4952//4952
f 4951//4951 4953//4953 4955//4955
f 4954//4954 4955//4955 4956//4956
f 5291//5291 5292//5292 4963//4963
f 4964//4964 4965//4965 4967//4967
f 4981//4981 4979//4979 4983//4983
f 5293//5293 4982//4982 4983//4983
f 4982//4982 5293//5293 5294//5294
f 4984//4984 4986//4986 5295//5295
f 5015//5015 5296//5296 5016//5016
f 5014//5014 5016//5016 5018//5018
f 5297//5297 5020//5020 5019//5019
f 5079//5079 5075//5075 5077//5077
f 5103//5103 5298//5298 5097//5097
f 5299//5299 5300//5300 3134//3134
f 3135//3135 3134//3134 5300//5300
f 3150//3150 5301//5301 5302//5302
f 3150//3150 3152//3152 5303//5303
f 3148//3148 3150//3150 5302//5302
f 5305//5305 5306//5306 5307//5307
f 5308//5308 5309//5309 5310//5310
f 5311//5311 5312//5312 5308//5308
f 3158//3158 3157//3157 5149//5149
f 3415//3415 5313//5313 3413//3413
f 3423//3423 5314//5314 5315//5315
f 5316//5316 3543//3543 5317//5317
f 3564//3564 5318//5318 3555//3555
f 3588//3588 3591//3591 3589//3589
f 3609//3609 3612//3612 3607//3607
f 5319//5319 3652//3652 3648//3648
f 5320//5320 5321//5321 5322//5322
f 5321//5321 3660//3660 5322//5322
f 3790//3790 3789//3789 3799//3799
f 3855//3855 5323//5323 5324//5324
f 3862//3862 5325//5325 3861//3861
f 3884//3884 3886//3886 3878//3878 3877//3877
f 3928//3928 3933//3933 5326//5326
f 3994//3994 3990//3990 3995//3995
f 5327//5327 5328//5328 5329//5329
f 5330//5330 4047//4047 4046//4046
f 4048//4048 4051//4051 4050//4050
f 5331//5331 4066//4066 5332//5332
f 5237//5237 4090//4090 5236//5236
f 5333//5333 5334//5334 5335//5335
f 4104//4104 4114//4114 4101//4101
f 5336//5336 4133//4133 4128//4128
f 5337//5337 5338//5338 5339//5339
f 5340//5340 4161//4161 5341//5341
f 4167//4167 4169//4169 4165//4165
f 5342//5342 4165//4165 4169//4169
f 4177//4177 5343//5343 5344//5344
f 5343//5343 4177//4177 5345//5345
f 4280//4280 5346//5346 5347//5347
f 4415//4415 5348//5348 4410//4410
f 5349//5349 5350//5350 5351//5351
f 5352//5352 5353//5353 4523//4523
f 5354//5354 4542//4542 5355//5355
f 4555//4555 5356//5356 4556//4556
f 4571//4571 5357//5357 4572//4572
f 4577//4577 4576//4576 4578//4578
f 5358//5358 5359//5359 5360//5360
f 5361//5361 4626//4626 5362//5362
f 4626//4626 5361//5361 4627//4627
f 4639//4639 4633//4633 4632//4632
f 4642//4642 4641//4641 4643//4643
f 4690//4690 4687//4687 4692//4692
f 5363//5363 4828//4828 5364//5364
f 5365//5365 5366//5366 5367//5367
f 4888//4888 4891//4891 5368//5368 4889//4889
f 4972//4972 4968//4968 4973//4973
f 5369//5369 5370//5370 5371//5371
f 5012//5012 5011//5011 5372//5372
f 5373//5373 5044//5044 5043//5043
f 5374//5374 5375//5375 5059//5059
f 5376//5376 5377//5377 5378//5378
f 3329//3329 3334//3334 3330//3330
f 5379//5379 3452//3452 3451//3451
f 3451//3451 5380//5380 5379//5379
f 5381//5381 5382//5382 3474//3474
f 3480//3480 3479//3479 3478//3478
f 5384//5384 5711//5711 5383//5383 3504//3504
f 5385//5385 5386//5386 3678//3678
f 5387//5387 5388//5388 5389//5389
f 5390//5390 3729//3729 5391//5391
f 3864//3864 3858//3858 3860//3860
f 3957//3957 3968//3968 3965//3965
f 4029//4029 4026//4026 5392//5392
f 4029//4029 5392//5392 5230//5230
f 5393//5393 5230//5230 5392//5392
f 4065//4065 4070//4070 4068//4068
f 4161//4161 5394//5394 5341//5341
f 4268//4268 4266//4266 4269//4269
f 4332//4332 4331//4331 5258//5258
f 4353//4353 5395//5395 4354//4354
f 4369//4369 5396//5396 4373//4373
f 4419//4419 4420//4420 4422//4422 4421//4421
f 5351//5351 5350//5350 5397//5397
f 4486//4486 4488//4488 4490//4490
f 4500//4500 5398//5398 4499//4499
f 5399//5399 5400//5400 5401//5401
f 4513//4513 5402//5402 4514//4514
f 5403//5403 5404//5404 5405//5405
f 4608//4608 5406//5406 4609//4609
f 4639//4639 4638//4638 4636//4636
f 4645//4645 4647//4647 5407//5407
f 5408//5408 5409//5409 4684//4684
f 5410//5410 5411//5411 5412//5412
f 5413//5413 4751//4751 4750//4750
f 4762//4762 4761//4761 5414//5414
f 4878//4878 5415//5415 4876//4876
f 4946//4946 4943//4943 4944//4944
f 5416//5416 5417//5417 5418//5418
f 5022//5022 5025//5025 5023//5023
f 5022//5022 5026//5026 5025//5025
f 5094//5094 5100//5100 5099//5099
f 5182//5182 5181//5181 5419//5419
f 3150//3150 3149//3149 3151//3151
f 5152//5152 5420//5420 5150//5150
f 3240//3240 3237//3237 3238//3238
f 3262//3262 5421//5421 3263//3263
f 5172//5172 3277//3277 5174//5174
f 3366//3366 5422//5422 5196//5196
f 3423//3423 5315//5315 3421//3421
f 3449//3449 5423//5423 5424//5424
f 5379//5379 5380//5380 5425//5425
f 3494//3494 3496//3496 3495//3495
f 5426//5426 3518//3518 5427//5427
f 3520//3520 3522//3522 5428//5428
f 5429//5429 5430//5430 5431//5431
f 3529//3529 3528//3528 3530//3530
f 3557//3557 3562//3562 5432//5432
f 3685//3685 3689//3689 3676//3676
f 3734//3734 3739//3739 3738//3738
f 3803//3803 3808//3808 3817//3817
f 3820//3820 5433//5433 3821//3821
f 3846//3846 3854//3854 5434//5434 3849//3849
f 3887//3887 5435//5435 3880//3880
f 3993//3993 3995//3995 5436//5436
f 5328//5328 5327//5327 5437//5437
f 4004//4004 4001//4001 4000//4000 4005//4005
f 4013//4013 4009//4009 4008//4008
f 5438//5438 5335//5335 5439//5439
f 4118//4118 5440//5440 4119//4119
f 4153//4153 4155//4155 5441//5441
f 4153//4153 5441//5441 5442//5442
f 5394//5394 4161//4161 4164//4164
f 4173//4173 4175//4175 5443//5443
f 5344//5344 4178//4178 4177//4177
f 5444//5444 4239//4239 4238//4238
f 4261//4261 4260//4260 4259//4259
f 4259//4259 4258//4258 5445//5445
f 5445//5445 4258//4258 5446//5446
f 4280//4280 4279//4279 5346//5346
f 4287//4287 5447//5447 4288//4288
f 4287//4287 5448//5448 5447//5447
f 5449//5449 5266//5266 5265//5265
f 4425//4425 4414//4414 4417//4417
f 4445//4445 4447//4447 5450//5450
f 4471//4471 4460//4460 4482//4482
f 5452//5452 5499//5499 5453//5453 5451//5451
f 4529//4529 4533//4533 4527//4527
f 4559//4559 4561//4561 5454//5454
f 4563//4563 4562//4562 4560//4560
f 4587//4587 4602//4602 4603//4603
f 4647//4647 5455//5455 5407//5407
f 4657//4657 4664//4664 4662//4662
f 4649//4649 4651//4651 5456//5456
f 4674//4674 4673//4673 4678//4678
f 4691//4691 4694//4694 4693//4693
f 4720//4720 5457//5457 4721//4721
f 5458//5458 4759//4759 5459//5459
f 5460//5460 4771//4771 5461//5461
f 4806//4806 4805//4805 4804//4804
f 4821//4821 4825//4825 4822//4822
f 4823//4823 4825//4825 4821//4821
f 4820//4820 4826//4826 5462//5462
f 4959//4959 4958//4958 5463//5463
f 4991//4991 4993//4993 4992//4992
f 5369//5369 5464//5464 5370//5370
f 5464//5464 5465//5465 5370//5370
f 5464//5464 4996//4996 5465//5465
f 5048//5048 5050//5050 5373//5373
f 5050//5050 5044//5044 5373//5373
f 5115//5115 5466//5466 5467//5467
f 3665//3665 3662//3662 3661//3661
f 5468//5468 5469//5469 4015//4015
f 3139//3139 5470//5470 3138//3138
f 5471//5471 3210//3210 5472//5472
f 3219//3219 3218//3218 3213//3213
f 3241//3241 3245//3245 3242//3242
f 5473//5473 3353//3353 3355//3355
f 3412//3412 5474//5474 3411//3411
f 3444//3444 3429//3429 3442//3442
f 3445//3445 3430//3430 3444//3444
f 5423//5423 5475//5475 3439//3439
f 5477//5477 3471//3471 5478//5478 5476//5476
f 3456//3456 3464//3464 3454//3454
f 3492//3492 3495//3495 3485//3485
f 3487//3487 3486//3486 5479//5479
f 3491//3491 3499//3499 3490//3490
f 3514//3514 3516//3516 5427//5427
f 3518//3518 5426//5426 3519//3519
f 3525//3525 5480//5480 3523//3523
f 3543//3543 5316//5316 3544//3544
f 3546//3546 3548//3548 5481//5481
f 5482//5482 5483//5483 3547//3547
f 3562//3562 3557//3557 3556//3556
f 5484//5484 3581//3581 5485//5485
f 3604//3604 3600//3600 3598//3598
f 3669//3669 3667//3667 5486//5486
f 3679//3679 3681//3681 3689//3689
f 3691//3691 5487//5487 3683//3683
f 3688//3688 3681//3681 5487//5487
f 3696//3696 3695//3695 3699//3699
f 3706//3706 5488//5488 3705//3705
f 3733//3733 3732//3732 5489//5489
f 5489//5489 3732//3732 3735//3735
f 3734//3734 3733//3733 3739//3739
f 3762//3762 3764//3764 3780//3780
f 3805//3805 3804//3804 3812//3812
f 3805//3805 3817//3817 3809//3809 3811//3811
f 3919//3919 5214//5214 5216//5216
f 3997//3997 5437//5437 3998//3998
f 4064//4064 4075//4075 4071//4071
f 4109//4109 5490//5490 4107//4107
f 4114//4114 4104//4104 5491//5491
f 5442//5442 4156//4156 4153//4153
f 4160//4160 4159//4159 5492//5492
f 4218//4218 5493//5493 4215//4215
f 4240//4240 5494//5494 5495//5495
f 5253//5253 4300//4300 4304//4304
f 4326//4326 5496//5496 4324//4324
f 4468//4468 4466//4466 4469//4469
f 4472//4472 4481//4481 5497//5497
f 4462//4462 5498//5498 4463//4463
f 4461//4461 4463//4463 4459//4459
f 4505//4505 4509//4509 4506//4506
f 5499//5499 4521//4521 4520//4520
f 5500//5500 4526//4526 5501//5501
f 4549//4549 4544//4544 4547//4547
f 5502//5502 5503//5503 5504//5504
f 4581//4581 4580//4580 4579//4579
f 5359//5359 5358//5358 5505//5505
f 4585//4585 4584//4584 4601//4601
f 4587//4587 4589//4589 4602//4602
f 5506//5506 5507//5507 5508//5508
f 5509//5509 5510//5510 5511//5511
f 4646//4646 4643//4643 4644//4644
f 4652//4652 4654//4654 4662//4662 4664//4664
f 5512//5512 4656//4656 4655//4655
f 5513//5513 4682//4682 4681//4681
f 4701//4701 4702//4702 5514//5514
f 4723//4723 5515//5515 4724//4724
f 4722//4722 4725//4725 4727//4727
f 4730//4730 4729//4729 5516//5516
f 5517//5517 4748//4748 4741//4741 4740//4740
f 4743//4743 4746//4746 4742//4742
f 4758//4758 4760//4760 5519//5519
f 4760//4760 4759//4759 5458//5458
f 4770//4770 4769//4769 5520//5520
f 4771//4771 5460//5460 4769//4769
f 5460//5460 5461//5461 5521//5521
f 5522//5522 5523//5523 5524//5524
f 4809//4809 4805//4805 4816//4816
f 5525//5525 5526//5526 5527//5527
f 4848//4848 4850//4850 4843//4843
f 4859//4859 4858//4858 4866//4866
f 5528//5528 5529//5529 5530//5530
f 5532//5532 4921//4921 4915//4915 5531//5531
f 5418//5418 5002//5002 5416//5416
f 5533//5533 5006//5006 5007//5007 5013//5013
f 5030//5030 5032//5032 5037//5037
f 5061//5061 5534//5534 5060//5060
f 5534//5534 5061//5061 5535//5535
f 5102//5102 5101//5101 5105//5105
f 5145//5145 5146//5146 5138//5138
f 3390//3390 5542//5542 3392//3392 3388//3388
f 5536//5536 5280//5280 5279//5279
f 3250//3250 3246//3246 3241//3241
f 4068//4068 4070//4070 4069//4069
f 5426//5426 5427//5427 3516//3516
f 5308//5308 5312//5312 5309//5309
f 3159//3159 3163//3163 3160//3160
f 3215//3215 3222//3222 3217//3217
f 3234//3234 3229//3229 3230//3230
f 3237//3237 3240//3240 3235//3235
f 5177//5177 3280//3280 3279//3279
f 5537//5537 3285//3285 3283//3283
f 5538//5538 3371//3371 5539//5539
f 3382//3382 3381//3381 3384//3384 3383//3383
f 5541//5541 3392//3392 5540//5540 3385//3385
f 5542//5542 5540//5540 3392//3392
f 5543//5543 5708//5708 3388//3388 3393//3393
f 3408//3408 5544//5544 3406//3406
f 3444//3444 3427//3427 3429//3429
f 3430//3430 3445//3445 5545//5545
f 5546//5546 3433//3433 5545//5545
f 3433//3433 5546//5546 3448//3448
f 3431//3431 3450//3450 5547//5547
f 5548//5548 3463//3463 3459//3459
f 3461//3461 5478//5478 3462//3462
f 3467//3467 3456//3456 3455//3455
f 3470//3470 3462//3462 3471//3471
f 5549//5549 5550//5550 3464//3464
f 3477//3477 5551//5551 3478//3478
f 3483//3483 3495//3495 3491//3491
f 3491//3491 3496//3496 3499//3499
f 3489//3489 3500//3500 3486//3486
f 3485//3485 5552//5552 3493//3493
f 3513//3513 3515//3515 5553//5553
f 3526//3526 3528//3528 3529//3529
f 3542//3542 3540//3540 3539//3539
f 3541//3541 3542//3542 5210//5210
f 5554//5554 5555//5555 5556//5556
f 3630//3630 3625//3625 3617//3617
f 3648//3648 3646//3646 5319//5319
f 3680//3680 3679//3679 3684//3684
f 3694//3694 3693//3693 5557//5557
f 3718//3718 3723//3723 3724//3724 3716//3716
f 3738//3738 3740//3740 5558//5558
f 3753//3753 3755//3755 3757//3757
f 3756//3756 3758//3758 3757//3757
f 3807//3807 3815//3815 3808//3808
f 3802//3802 5645//5645 3813//3813 3807//3807
f 3845//3845 3853//3853 3843//3843
f 3860//3860 3865//3865 3864//3864
f 3859//3859 3858//3858 3862//3862
f 3867//3867 3875//3875 3868//3868
f 3904//3904 3907//3907 5559//5559
f 3923//3923 3921//3921 5560//5560
f 3928//3928 3927//3927 3932//3932
f 4007//4007 4009//4009 4011//4011
f 4037//4037 4039//4039 4042//4042
f 4076//4076 4078//4078 4077//4077
f 4116//4116 4111//4111 4112//4112
f 5561//5561 5562//5562 5563//5563
f 5564//5564 5565//5565 5566//5566
f 4187//4187 4190//4190 4191//4191
f 4244//4244 4246//4246 5567//5567 5568//5568
f 5567//5567 5570//5570 5569//5569 5568//5568
f 4249//4249 4248//4248 5569//5569
f 4249//4249 5570//5570 4247//4247
f 5254//5254 5571//5571 5253//5253
f 4404//4404 5267//5267 4400//4400
f 4432//4432 5572//5572 4431//4431
f 4470//4470 4479//4479 4485//4485
f 4458//4458 4467//4467 4476//4476
f 4477//4477 4482//4482 4457//4457
f 4473//4473 4483//4483 5573//5573
f 5574//5574 4499//4499 5398//5398 5575//5575
f 4501//4501 4498//4498 4508//4508
f 5499//5499 4522//4522 4521//4521
f 5352//5352 4523//4523 4522//4522
f 4544//4544 4546//4546 4547//4547
f 4570//4570 4572//4572 5576//5576
f 4583//4583 5577//5577 4582//4582
f 5360//5360 5578//5578 5358//5358
f 4588//4588 4590//4590 4598//4598
f 4622//4622 4621//4621 4623//4623
f 5362//5362 4624//4624 4623//4623
f 4659//4659 5579//5579 4650//4650
f 4654//4654 4660//4660 5579//5579
f 4655//4655 4657//4657 5580//5580
f 4680//4680 4682//4682 4683//4683
f 4705//4705 4710//4710 4708//4708
f 5581//5581 4712//4712 4721//4721
f 4719//4719 4712//4712 5581//5581
f 4751//4751 5583//5583 4752//4752
f 5459//5459 5584//5584 5458//5458
f 4777//4777 4786//4786 5585//5585
f 5586//5586 4788//4788 4782//4782
f 4875//4875 4877//4877 5587//5587
f 5588//5588 5589//5589 4906//4906
f 5590//5590 5591//5591 5592//5592
f 5592//5592 5593//5593 5590//5590
f 4938//4938 4937//4937 5593//5593
f 5593//5593 5592//5592 4938//4938
f 4959//4959 5594//5594 4960//4960
f 4970//4970 4973//4973 4968//4968
f 5595//5595 5004//5004 5596//5596
f 5007//5007 5003//5003 5005//5005
f 5597//5597 5633//5633 5029//5029 5031//5031
f 5037//5037 5032//5032 5034//5034
f 5598//5598 5041//5041 5039//5039
f 5045//5045 5044//5044 5599//5599
f 5052//5052 5600//5600 5056//5056
f 5060//5060 5534//5534 5064//5064
f 5071//5071 5073//5073 5069//5069
f 5087//5087 5084//5084 5083//5083
f 5086//5086 5089//5089 5087//5087
f 5601//5601 5602//5602 5603//5603
f 5095//5095 5097//5097 5298//5298
f 5102//5102 5604//5604 5098//5098
f 5102//5102 5104//5104 5604//5604
f 5605//5605 5606//5606 5607//5607
f 3302//3302 3301//3301 3300//3300
f 5391//5391 5608//5608 5390//5390
f 4473//4473 4465//4465 4484//4484
f 4703//4703 4706//4706 5283//5283
f 5609//5609 4984//4984 5295//5295
f 5610//5610 3549//3549 5611//5611
f 3552//3552 5612//5612 3550//3550
f 5354//5354 5355//5355 4539//4539
f 4657//4657 4662//4662 5580//5580
f 4879//4879 4881//4881 5613//5613
f 5374//5374 5059//5059 5058//5058
f 5560//5560 5614//5614 3923//3923
f 5333//5333 4093//4093 5334//5334
f 4091//4091 4093//4093 5333//5333
f 5615//5615 5357//5357 5616//5616
f 3137//3137 5617//5617 3140//3140
f 3336//3336 3338//3338 3337//3337
f 3370//3370 3369//3369 3373//3373
f 3430//3430 3432//3432 3444//3444
f 3544//3544 5618//5618 3545//3545
f 5481//5481 5317//5317 3546//3546
f 3558//3558 3561//3561 3565//3565 3570//3570
f 5619//5619 5620//5620 5621//5621
f 3631//3631 3621//3621 3618//3618 3626//3626
f 3637//3637 3636//3636 3639//3639
f 5320//5320 5322//5322 5622//5622
f 3848//3848 3853//3853 3851//3851
f 3889//3889 5623//5623 3890//3890
f 5437//5437 5327//5327 3998//3998
f 4032//4032 4031//4031 4033//4033
f 4045//4045 4033//4033 4031//4031 5624//5624
f 5234//5234 4076//4076 4073//4073
f 5234//5234 4079//4079 4078//4078
f 4094//4094 4096//4096 4095//4095
f 4112//4112 4102//4102 4101//4101
f 4130//4130 4138//4138 4131//4131
f 5625//5625 4145//4145 4143//4143
f 4151//4151 4154//4154 4153//4153
f 4291//4291 5626//5626 4293//4293
f 4296//4296 5627//5627 4294//4294
f 4454//4454 4453//4453 5628//5628
f 4456//4456 4458//4458 4476//4476
f 4456//4456 4477//4477 4457//4457
f 4467//4467 4469//4469 4476//4476
f 4574//4574 4577//4577 4575//4575
f 4608//4608 4607//4607 5406//5406
f 5407//5407 4646//4646 4645//4645
f 4688//4688 5629//5629 4689//4689
f 4714//4714 5630//5630 4715//4715
f 4866//4866 4856//4856 4859//4859
f 4962//4962 5291//5291 4963//4963
f 5631//5631 4964//4964 4966//4966
f 5464//5464 4997//4997 4996//4996
f 5040//5040 5033//5033 5634//5634
f 5084//5084 5635//5635 5085//5085
f 5636//5636 5107//5107 5106//5106
f 5190//5190 3347//3347 3341//3341
f 5280//5280 4549//4549 4548//4548
f 3849//3849 5434//5434 5637//5637
f 5335//5335 5334//5334 5439//5439
f 5418//5418 4999//4999 5002//5002
f 3468//3468 3464//3464 3465//3465
f 5638//5638 4123//4123 4122//4122
f 4508//4508 4498//4498 4504//4504 4506//4506
f 4505//4505 4510//4510 4509//4509
f 5639//5639 5111//5111 5640//5640
f 3226//3226 3225//3225 3228//3228
f 3228//3228 3229//3229 3234//3234
f 5641//5641 5540//5540 5542//5542
f 5641//5641 3383//3383 5540//5540
f 3488//3488 3483//3483 3491//3491 3489//3489
f 3496//3496 3491//3491 3495//3495
f 3499//3499 3496//3496 3497//3497
f 3508//3508 3510//3510 5642//5642
f 3524//3524 5429//5429 3525//3525
f 5429//5429 3524//3524 5430//5430
f 3534//3534 3536//3536 3538//3538
f 3538//3538 3537//3537 3534//3534
f 5643//5643 3535//3535 3534//3534
f 5317//5317 5481//5481 5316//5316
f 3548//3548 3547//3547 5483//5483
f 3549//3549 3551//3551 5611//5611
f 3560//3560 3561//3561 3558//3558
f 3645//3645 3647//3647 3642//3642
f 3663//3663 3665//3665 5644//5644
f 3673//3673 3676//3676 3689//3689
f 3678//3678 3674//3674 5385//5385
f 3685//3685 3684//3684 3679//3679
f 3765//3765 3767//3767 3785//3785
f 3777//3777 3778//3778 3770//3770
f 3796//3796 3795//3795 3798//3798
f 3794//3794 3792//3792 3791//3791
f 3802//3802 3801//3801 5645//5645
f 5646//5646 5647//5647 5648//5648
f 3871//3871 5649//5649 3870//3870
f 3903//3903 3901//3901 3900//3900
f 3905//3905 3911//3911 3906//3906
f 3920//3920 3922//3922 3924//3924
f 3970//3970 3971//3971 3976//3976
f 5651//5651 4019//4019 5469//5469
f 4019//4019 5651//5651 4017//4017
f 4085//4085 4087//4087 5652//5652
f 4108//4108 5491//5491 4104//4104
f 4129//4129 4126//4126 5653//5653
f 4138//4138 4129//4129 4131//4131
f 5570//5570 4249//4249 5569//5569
f 4248//4248 4247//4247 5654//5654
f 4417//4417 4414//4414 4412//4412
f 4474//4474 4476//4476 4469//4469
f 4471//4471 4479//4479 4470//4470
f 4473//4473 5573//5573 4469//4469 4466//4466
f 4492//4492 4494//4494 4496//4496
f 4522//4522 5499//5499 5452//5452
f 4530//4530 4543//4543 4531//4531
f 4527//4527 4533//4533 4532//4532
f 4532//4532 4534//4534 5655//5655
f 4539//4539 4541//4541 5354//5354
f 4557//4557 4554//4554 4556//4556
f 4558//4558 4557//4557 5504//5504
f 5502//5502 5504//5504 4557//4557
f 4568//4568 5656//5656 4569//4569
f 4567//4567 4569//4569 5657//5657
f 5658//5658 5657//5657 4569//4569
f 5658//5658 5616//5616 5657//5657
f 5616//5616 5658//5658 5615//5615
f 4579//4579 4578//4578 4576//4576
f 5659//5659 5505//5505 5358//5358
f 4594//4594 4593//4593 4591//4591
f 4680//4680 4683//4683 4679//4679
f 4696//4696 4694//4694 4698//4698
f 4704//4704 5457//5457 4705//4705
f 4746//4746 5518//5518 4742//4742
f 5522//5522 5524//5524 4783//4783
f 4776//4776 4774//4774 4773//4773
f 4778//4778 4777//4777 5585//5585
f 4786//4786 4787//4787 5585//5585
f 4793//4793 4792//4792 4794//4794
f 4815//4815 4814//4814 4818//4818
f 4883//4883 5660//5660 5661//5661
f 5365//5365 5662//5662 5660//5660
f 5660//5660 4883//4883 4882//4882
f 4906//4906 4905//4905 5588//5588
f 4914//4914 4913//4913 4910//4910
f 5591//5591 4935//4935 4934//4934
f 5037//5037 5034//5034 5039//5039 5035//5035
f 5039//5039 5034//5034 5040//5040
f 5038//5038 5040//5040 5634//5634
f 5103//5103 5097//5097 5099//5099
f 5117//5117 5128//5128 5121//5121
f 5130//5130 5118//5118 5664//5664
f 3563//3563 3557//3557 5432//5432 3559//3559
f 3558//3558 3569//3569 3559//3559
f 4597//4597 4592//4592 4589//4589
f 5661//5661 5660//5660 5662//5662
f 5591//5591 5590//5590 4935//4935
f 5665//5665 5467//5467 5666//5666
f 5667//5667 5607//5607 5606//5606
f 3433//3433 3447//3447 3437//3437 3434//3434
f 3484//3484 3488//3488 3487//3487
f 5469//5469 5468//5468 5651//5651
f 5123//5123 5133//5133 5668//5668
f 5644//5644 3665//3665 3661//3661
f 3679//3679 3689//3689 3685//3685
f 3706//3706 3705//3705 3707//3707
f 5555//5555 5669//5669 5556//5556
f 3680//3680 3684//3684 3692//3692
f 4694//4694 4697//4697 4695//4695
f 5094//5094 5099//5099 5097//5097
f 3147//3147 5670//5670 3145//3145
f 3345//3345 5191//5191 3346//3346
f 3392//3392 5541//5541 3393//3393
f 3425//3425 3443//3443 3426//3426
f 3424//3424 3426//3426 3428//3428
f 3431//3431 5547//5547 3432//3432
f 5545//5545 3431//3431 3430//3430
f 3448//3448 3447//3447 3433//3433
f 5424//5424 3435//3435 3437//3437 3447//3447
f 3429//3429 3426//3426 3443//3443
f 5671//5671 3424//3424 3446//3446
f 3458//3458 5548//5548 3459//3459
f 3461//3461 3463//3463 5548//5548
f 3457//3457 5549//5549 3464//3464
f 3484//3484 5552//5552 3485//3485
f 3483//3483 3485//3485 3495//3495
f 3483//3483 3488//3488 3484//3484
f 5672//5672 5673//5673 3511//3511
f 3512//3512 3511//3511 5673//5673
f 5672//5672 5674//5674 5673//5673
f 3512//3512 3510//3510 3509//3509
f 3552//3552 3554//3554 5612//5612
f 3568//3568 5675//5675 3567//3567
f 3608//3608 5676//5676 3609//3609
f 3614//3614 5677//5677 3615//3615
f 3618//3618 3621//3621 3628//3628
f 3627//3627 3613//3613 3617//3617 3616//3616
f 3676//3676 3673//3673 3674//3674
f 3675//3675 3674//3674 3678//3678
f 3680//3680 3682//3682 3681//3681
f 3682//3682 5678//5678 3683//3683
f 3677//3677 3678//3678 5386//5386
f 3701//3701 3705//3705 5488//5488
f 3705//3705 3700//3700 3709//3709
f 3763//3763 3782//3782 3764//3764
f 3766//3766 3765//3765 3786//3786 3768//3768
f 3811//3811 5679//5679 3806//3806
f 3813//3813 5680//5680 3814//3814
f 3819//3819 5433//5433 3820//3820
f 3828//3828 3829//3829 5648//5648
f 5681//5681 5682//5682 5683//5683
f 3902//3902 5650//5650 3900//3900
f 5684//5684 5215//5215 5214//5214
f 3978//3978 3981//3981 3979//3979
f 4010//4010 4011//4011 4016//4016
f 4013//4013 4008//4008 4014//4014
f 4041//4041 4032//4032 4033//4033
f 4091//4091 4094//4094 4092//4092
f 4100//4100 5685//5685 4098//4098
f 4117//4117 4119//4119 4125//4125
f 5563//5563 5440//5440 4118//4118
f 4123//4123 4121//4121 4120//4120
f 4141//4141 4143//4143 4145//4145
f 4145//4145 5625//5625 4146//4146
f 4243//4243 4241//4241 4245//4245
f 5686//5686 4256//4256 4255//4255
f 4255//4255 5687//5687 5686//5686
f 4383//4383 4376//4376 4379//4379
f 4418//4418 4412//4412 4411//4411
f 5688//5688 4419//4419 4421//4421
f 4482//4482 4477//4477 4471//4471
f 4475//4475 4456//4456 4476//4476
f 4456//4456 4475//4475 4478//4478
f 5689//5689 4521//4521 4524//4524
f 4522//4522 4524//4524 4521//4521
f 5453//5453 5499//5499 4520//4520 5500//5500
f 5690//5690 5691//5691 5578//5578
f 5690//5690 5578//5578 5360//5360
f 4584//4584 4586//4586 4596//4596
f 4590//4590 5692//5692 4599//4599
f 4624//4624 5693//5693 4622//4622
f 4653//4653 4660//4660 4654//4654
f 4656//4656 4664//4664 4657//4657
f 4654//4654 5579//5579 4663//4663
f 5694//5694 4686//4686 5695//5695
f 5694//5694 5695//5695 5696//5696
f 4686//4686 4685//4685 5695//5695
f 4718//4718 5697//5697 4706//4706
f 4712//4712 4711//4711 4720//4720
f 4713//4713 4715//4715 4711//4711
f 4705//4705 5457//5457 4720//4720
f 5698//5698 4730//4730 5516//5516
f 4733//4733 4728//4728 4734//4734
f 4745//4745 5518//5518 4746//4746
f 4755//4755 4757//4757 5699//5699
f 4766//4766 4768//4768 4767//4767
f 5700//5700 4785//4785 4775//4775 4779//4779
f 4797//4797 4801//4801 4798//4798
f 4805//4805 4807//4807 5701//5701
f 4815//4815 4809//4809 4816//4816
f 4824//4824 4823//4823 5702//5702
f 4827//4827 4829//4829 5525//5525
f 4840//4840 4841//4841 4836//4836
f 4855//4855 4859//4859 4856//4856
f 5613//5613 5415//5415 4878//4878
f 5415//5415 5613//5613 4881//4881
f 4909//4909 4911//4911 4920//4920
f 4915//4915 4917//4917 5531//5531
f 4916//4916 4919//4919 4917//4917
f 4938//4938 5703//5703 4939//4939
f 5030//5030 5037//5037 5031//5031
f 5033//5033 5040//5040 5034//5034
f 5039//5039 5042//5042 5598//5598
f 5089//5089 5086//5086 5090//5090
f 5093//5093 5088//5088 5091//5091
f 5102//5102 5098//5098 5100//5100
f 5111//5111 5639//5639 5112//5112
f 5115//5115 5113//5113 5663//5663
f 5123//5123 5125//5125 5133//5133
f 5136//5136 5143//5143 5137//5137
f 5667//5667 5704//5704 5705//5705
f 3371//3371 5538//5538 5197//5197
f 4717//4717 4703//4703 5283//5283
f 5115//5115 5467//5467 5114//5114
f 3551//3551 3550//3550 5612//5612
f 3913//3913 3918//3918 3916//3916
f 4104//4104 4101//4101 4105//4105
f 4144//4144 4146//4146 4147//4147
f 4829//4829 4828//4828 5363//5363
f 5365//5365 5367//5367 5662//5662
f 3454//3454 5550//5550 3460//3460
f 4543//4543 4538//4538 4535//4535
f 5423//5423 3439//3439 5424//5424
f 3817//3817 3805//3805 3812//3812 3803//3803
f 5468//5468 4015//4015 4016//4016
f 3224//3224 3221//3221 3222//3222
f 3681//3681 3683//3683 5487//5487
f 3722//3722 3723//3723 3720//3720
f 4462//4462 4461//4461 5706//5706
f 5523//5523 5707//5707 5524//5524
f 3445//3445 5546//5546 5545//5545
f 3462//3462 5478//5478 3471//3471
f 3853//3853 3848//3848 3843//3843
f 3897//3897 3899//3899 5709//5709
f 4660//4660 4650//4650 5579//5579
f 4710//4710 4705//4705 4720//4720
f 5121//5121 5128//5128 5131//5131
f 5607//5607 5136//5136 5135//5135
f 3834//3834 3838//3838 3836//3836
f 3173//3173 3171//3171 3174//3174
f 3212//3212 3213//3213 3218//3218
f 3274//3274 5710//5710 3273//3273
f 3428//3428 3426//3426 3429//3429
f 3438//3438 3450//3450 3434//3434
f 3456//3456 3466//3466 3465//3465
f 3469//3469 3471//3471 5477//5477
f 5674//5674 5672//5672 5383//5383
f 5383//5383 5711//5711 5674//5674
f 3507//3507 3502//3502 3501//3501
f 3505//3505 3502//3502 3507//3507
f 3571//3571 3570//3570 3567//3567
f 3581//3581 5484//5484 3582//3582
f 5676//5676 5712//5712 3609//3609
f 3616//3616 3618//3618 3628//3628
f 3624//3624 3621//3621 3631//3631
f 3643//3643 3649//3649 3644//3644
f 3652//3652 5319//5319 3653//3653
f 3698//3698 3696//3696 3699//3699
f 3737//3737 3736//3736 5713//5713
f 3769//3769 3768//3768 3778//3778
f 3783//3783 3781//3781 3780//3780 3764//3764
f 3781//3781 3784//3784 3785//3785
f 3805//3805 3811//3811 3806//3806
f 3882//3882 3883//3883 5715//5715
f 3963//3963 3973//3973 3956//3956
f 4033//4033 4035//4035 4041//4041
f 4064//4064 4070//4070 4065//4065
f 4070//4070 4064//4064 4071//4071
f 4073//4073 4075//4075 5233//5233
f 4102//4102 4112//4112 4111//4111
f 4110//4110 4111//4111 4116//4116
f 4120//4120 4117//4117 4125//4125
f 4126//4126 4128//4128 4133//4133
f 4131//4131 4136//4136 4132//4132
f 5564//5564 4142//4142 5565//5565
f 4142//4142 5564//5564 4143//4143
f 5717//5717 4251//4251 4250//4250
f 4418//4418 4417//4417 4412//4412
f 5274//5274 5275//5275 4444//4444
f 4472//4472 5706//5706 4461//4461
f 4477//4477 4479//4479 4471//4471
f 4474//4474 4469//4469 5573//5573
f 4495//4495 4503//4503 4496//4496
f 4508//4508 4502//4502 4501//4501
f 4519//4519 4521//4521 5689//5689
f 5500//5500 4520//4520 4526//4526
f 4591//4591 4593//4593 4586//4586
f 4650//4650 4661//4661 4651//4651
f 4698//4698 4700//4700 4696//4696
f 4700//4700 4699//4699 4701//4701
f 4710//4710 4720//4720 4711//4711
f 4726//4726 5720//5720 4727//4727
f 4732//4732 4733//4733 4735//4735
f 5707//5707 4784//4784 5524//5524
f 4778//4778 5700//5700 4779//4779
f 4783//4783 4773//4773 4772//4772
f 4808//4808 4809//4809 4817//4817
f 4835//4835 5722//5722 4840//4840
f 4844//4844 4850//4850 4846//4846
f 4847//4847 4843//4843 5723//5723
f 4862//4862 5724//5724 4863//4863
f 4882//4882 4884//4884 5528//5528
f 5528//5528 4884//4884 5529//5529
f 4892//4892 4895//4895 4893//4893
f 4929//4929 4925//4925 4926//4926
f 5004//5004 5595//5595 5005//5005
f 5031//5031 5036//5036 5597//5597
f 5052//5052 5055//5055 5053//5053
f 5059//5059 5375//5375 5061//5061
f 5062//5062 5064//5064 5535//5535
f 5063//5063 5068//5068 5066//5066
f 5063//5063 5062//5062 5070//5070
f 5082//5082 5726//5726 5080//5080
f 5129//5129 5131//5131 5128//5128
f 5131//5131 5129//5129 5132//5132
f 5123//5123 5668//5668 5124//5124
f 3660//3660 3662//3662 5322//5322
f 5338//5338 5727//5727 5339//5339
f 4572//4572 5357//5357 5615//5615
f 4587//4587 4603//4603 4590//4590
f 5368//5368 4891//4891 4893//4893
f 3210//3210 3209//3209 5472//5472
f 3464//3464 5550//5550 3454//3454
f 4103//4103 4105//4105 4101//4101
f 4108//4108 4107//4107 5491//5491
f 5494//5494 5728//5728 5495//5495
f 4472//4472 5497//5497 5706//5706
f 4805//4805 5701//5701 4816//4816
f 5525//5525 5527//5527 4827//4827
f 5534//5534 5535//5535 5064//5064
f 3467//3467 3455//3455 5729//5729
f 3570//3570 3565//3565 3567//3567
f 4659//4659 4650//4650 4649//4649
f 4788//4788 4780//4780 4782//4782
f 4810//4810 4806//4806 4803//4803
f 5029//5029 5028//5028 5031//5031
f 5096//5096 5095//5095 5109//5109
f 5605//5605 5607//5607 5135//5135
f 3615//3615 3623//3623 3629//3629
f 4129//4129 4137//4137 4131//4131
f 3849//3849 5637//5637 5730//5730
f 3659//3659 5731//5731 3655//3655
f 3674//3674 3672//3672 5385//5385
f 5646//5646 5648//5648 3829//3829
f 4129//4129 5653//5653 4137//4137
f 5517//5517 4749//4749 4748//4748
f 4776//4776 4773//4773 4784//4784
